id,name,type,category,city,description,heat_score,rating_score,tag_json,cover_url,status,created_at,lng_lat
10,北京环球度假区,scenic,主题乐园,北京市,北京环球度假区是一个广受欢迎的主题公园旅游目的地，以全新精选景区为主打，网罗全世界环球主题公园人气最高的娱乐设施和景点。,10,4.5,主题公园|亲子互动|休闲度假|住宿|侏罗纪|功夫熊猫|变形金刚|哈利波特|好莱坞|娱乐休闲|小黄人|度假村|度假胜地|未来水世界|沉浸式体验|游乐设施|电影IP|网红打卡,https://r1.visitbeijing.com.cn/vbj-s/2023/1214/3360bad8f05d14b393ffe512f4eb994f.jpg,1,,
11,齐白石旧居纪念馆,scenic,纪念馆/名人故居,北京市,齐白石旧居纪念馆位于北京市东城区雨儿胡同13号院，是一座建于清代中期的四合院建筑，为北京市东城区文物保护单位。,3.5,4.5,名人故居|纪念馆|艺术文化,https://r1.visitbeijing.com.cn/vbj-s/2020/0509/20200509031009711.jpg,1,,
12,北京天桥艺术中心,scenic,演艺剧场,北京市,天桥艺术中心是一个现代化的剧场群，包括一个1600座的综合性大剧场，一个1000座的中剧场，一个400座的小剧场和一个300座的多功能剧场。,3.3,4.6,演艺剧场|文化体验|艺术展览|音乐剧|话剧|舞剧|现代化剧场群|中轴线文化|国际艺术交流,https://r1.visitbeijing.com.cn/vbj-s/2020/0507/20200507031717658.jpg,1,,
13,北京世园公园,scenic,城市公园,北京市,北京世园公园以“永不落幕的世园会”为目标，重点打造国家级生态文明示范基地、生态旅游和休闲度假目的地、冬奥服务保障基地和园艺产业创新展示基地，开展研学、文化、教育、音乐等一系列活动。,1.5,4.7,休闲娱乐|城市公园,https://r1.visitbeijing.com.cn/vbj-s/2020/0617/20200617022958628.jpg,1,,
14,奥林匹克森林公园,scenic,城市公园,北京市,奥林匹克森林公园正在以浓浓的绿意和醉人的花香向社会各界人士展露“芳容”。,5,4.7,体育场馆|地标建筑|奥运遗产|森林公园|自然生态|运动健身,https://r1.visitbeijing.com.cn/vbj-s/2020/0508/20200508041700898.jpg,1,,
15,富国海底世界,scenic,博物馆/展览馆,北京市,富国海底世界是寓教于乐的海底主题乐园。这里有8000吨水体，6000多尾珍奇海洋生物，10几种体型巨大而凶猛的鲨鱼，120米的超长全景观海底隧道，带您展开一场非凡的海底之旅！,5.3,4,五星水族馆|亲子互动|人鲨共舞|水下芭蕾|水族馆|海底隧道|海洋生物|海洋科普|海洋馆|海狮表演|科普教育|美人鱼表演|鲨鱼,https://r1.visitbeijing.com.cn/vbj-s/2017/1117/20171117112744413.jpg,1,,
16,古北水镇,scenic,历史古迹,北京市,古北水镇位于北京市密云区古北口镇，背靠中国最美、最险的司马台长城，坐拥鸳鸯湖水库，是京郊罕见的山水城结合的自然古村落。,6.9,4.7,国际旅游度假区|北方水镇|休闲度假|司马台长城|夜景|温泉|民宿|文化体验|5A景区|世界遗产,https://r1.visitbeijing.com.cn/vbj-s/2018/0710/20180710103648310.jpg,1,,
17,西白莲峪段长城,scenic,历史古迹,北京市,西白莲峪村位于冯家峪境内，紧邻独秀峰，风光秀丽，生态使然。,8.1,3.9,世界遗产|摄影打卡|登山徒步|长城段,https://r1.visitbeijing.com.cn/vbj-s/2017/0605/20170605032556473.jpg,1,,
18,挂甲峪旅游度假村,scenic,度假休闲,北京市,挂甲峪旅游度假村被评为”北京市最美丽的乡村”。,1.7,4.4,休闲度假|住宿|度假村,https://r1.visitbeijing.com.cn/vbj-s/2017/0606/20170606034604326.jpg,1,,
19,法国邮政局旧址,scenic,历史古迹,北京市,法国邮政局旧址，北京市级文物保护单位。位于东城区东交民巷路北侧。,1.8,4.4,东交民巷|中西合璧|使馆区|免费景点|历史建筑|摄影打卡|民国风|西洋建筑|遗产古迹,https://r1.visitbeijing.com.cn/vbj-s/2018/0108/20180108054204462.jpg,1,,
20,皇极殿,scenic,历史古迹,北京市,皇极殿是宁寿宫区的主体建筑，始建于清康熙二十八年(1689年)，初名宁寿宫。,1.6,4.7,中轴线遗产|故宫组成部分|明清历史|皇家建筑|遗产古迹,https://r1.visitbeijing.com.cn/vbj-s/2017/0921/20170921044411869.jpg,1,,
21,神武门,scenic,历史古迹,北京市,神武门是紫禁城的北门，也是故宫的出口。,3.8,4.8,中轴线遗产|故宫组成部分|明清历史|皇家建筑|遗产古迹,https://r1.visitbeijing.com.cn/vbj-s/2017/0921/20170921043039917.jpg,1,,
22,乾清门,scenic,历史古迹,北京市,乾清门为紫禁城内廷的正宫门。建于明永乐十八年（1420年），清顺治十二年（1655年）重修。,2.7,4.7,中轴线遗产|故宫组成部分|明清历史|皇家建筑|遗产古迹,https://r1.visitbeijing.com.cn/vbj-s/2017/0920/20170920065234465.jpg,1,,
23,午门,scenic,历史古迹,北京市,午门是紫禁城的正门，位于紫禁城南北轴线。,5.2,4.9,中轴线遗产|故宫组成部分|明清历史|皇家建筑|遗产古迹,https://r1.visitbeijing.com.cn/vbj-s/2017/0920/20170920043920593.jpg,1,,
24,西打磨厂街,scenic,历史文化街区,北京市,西打磨厂街是一条坐落于前门东区的老街，全长1145米，宽5到8米。,4.2,4,Citywalk|东交民巷片区|中西合璧|临汾会馆|会馆文化|免费景点|历史文化街区|民国建筑|老北京风情|胡同/四合院,https://r1.visitbeijing.com.cn/vbj-s/2017/0919/20170919041557646.jpg,1,,
25,正阳美术馆,scenic,文化艺术空间,北京市,正阳美术馆位于北京市正阳门外的前门大街上。,1.2,4.2,文创园区|美术馆/艺术馆|艺术展览,https://r1.visitbeijing.com.cn/vbj-s/2017/0825/20170825052237710.jpg,1,,
26,红星源升号博物馆,scenic,博物馆/展览馆,北京市,红星源升号博物馆坐落于北京市前门大街99号（原粮食店街40号）。,1.2,4.5,博物馆|酒文化|二锅头|老字号|工业遗产,https://r1.visitbeijing.com.cn/vbj-s/2017/0824/20170824032746374.jpg,1,,
27,御花园,scenic,历史古迹,北京市,御花园位于北京紫禁城中轴线上，坤宁宫后方，明代称为宫后苑，清代称御花园。,4.5,4.8,中轴线遗产|故宫组成部分|明清历史|皇家建筑|遗产古迹,https://r1.visitbeijing.com.cn/vbj-s/2017/0821/20170821042151859.jpg,1,,
28,坤宁宫,scenic,历史古迹,北京市,坤宁宫为中国古代宫殿建筑之精华。属于北京故宫内廷后三宫之一，位于交泰殿后面。,3.5,4.5,中轴线遗产|故宫组成部分|明清历史|皇家建筑|遗产古迹,https://r1.visitbeijing.com.cn/vbj-s/2017/0821/20170821035417422.jpg,1,,
29,保和殿,scenic,历史古迹,北京市,保和殿是中国传统宫殿建筑之精华，属于北京故宫中的一座殿宇式建筑。,4.4,4.7,中轴线遗产|故宫组成部分|明清历史|皇家建筑|遗产古迹,https://r1.visitbeijing.com.cn/vbj-s/2017/0821/20170821033109142.jpg,1,,
30,中和殿,scenic,历史古迹,北京市,中和殿是北京故宫外朝三大殿之一，属于中国传统宫殿建筑之精华。,3.5,4.7,中轴线遗产|故宫组成部分|明清历史|皇家建筑|遗产古迹,https://r1.visitbeijing.com.cn/vbj-s/2017/0821/20170821031350544.jpg,1,,
31,交泰殿,scenic,历史古迹,北京市,交泰殿是一处历史悠久的汉族宫殿建筑，属于北京故宫内廷后三宫之一，位于乾清宫和坤宁宫之间。,3.3,4.5,中轴线遗产|故宫组成部分|明清历史|皇家建筑|遗产古迹,https://r1.visitbeijing.com.cn/vbj-s/2017/0818/20170818053628779.jpg,1,,
32,养心殿,scenic,历史古迹,北京市,养心殿是历史悠久的汉族宫殿建筑，始建于明代嘉靖年间，位于内廷乾清宫西侧。清代有八位皇帝先后居住在养心殿。,3.6,4.8,中轴线遗产|故宫组成部分|明清历史|皇家建筑|遗产古迹,https://r1.visitbeijing.com.cn/vbj-s/2017/0818/20170818045621545.jpg,1,,
33,太和殿,scenic,历史古迹,北京市,太和殿俗称金銮殿，为中国古代宫殿建筑之精华，东方三大殿之一。,5.6,4.9,中轴线遗产|故宫组成部分|明清历史|皇家建筑|遗产古迹,https://r1.visitbeijing.com.cn/vbj-s/2017/0818/20170818041313207.jpg,1,,
34,乾清宫,scenic,历史古迹,北京市,乾清宫是内廷正殿，即民间所谓“后三宫（乾清宫、交泰殿、坤宁宫）中的第一座宫殿。,4.1,4.8,中轴线遗产|故宫组成部分|明清历史|皇家建筑|遗产古迹,https://r1.visitbeijing.com.cn/vbj-s/2017/0818/20170818035252160.jpg,1,,
35,明皇城东安门遗址,scenic,历史古迹,北京市,东皇城墙始建于明永乐十八年（1420年）墙为南北走向，正对紫禁城东华门设东安门。,1.2,4.5,下沉式展示|免费景点|历史文化|明清历史|皇城遗址|皇恩桥|考古|考古遗址|遗址|遗址公园,https://r1.visitbeijing.com.cn/vbj-s/2017/0817/20170817061246535.jpg,1,,
36,袁崇焕祠墓,scenic,纪念馆/名人故居,北京市,袁崇焕祠墓是为纪念明末清初抗清将领袁崇焕所修建，包括墓碑、祠堂、庙宇等一系列纪念建筑。,2.2,4.7,名人故居|纪念馆|爱国主义教育|遗产古迹,https://r1.visitbeijing.com.cn/vbj-s/2017/0816/20170816054948910.jpg,1,,
37,北锣鼓巷,scenic,历史文化街区,北京市,北锣鼓巷，安定门内大街西侧，呈南北走向。北起安定门西大街，南止鼓楼。,4,4.6,Citywalk|免费景点|南锣鼓巷对面|安静休闲|文艺小店|老北京风情|胡同/四合院|黄瓦财神庙,https://r1.visitbeijing.com.cn/vbj-s/2017/0816/20170816051223201.jpg,1,,
38,齐白石故居,scenic,纪念馆/名人故居,北京市,齐白石故居位于辟才胡同内跨车胡同13号。,2.9,4.7,名人故居,https://r1.visitbeijing.com.cn/vbj-s/2017/0922/20170922032128388.jpg,1,,
39,漪澜堂,scenic,历史古迹,北京市,漪澜堂位于北海公园内，在碧照楼之南，为该处建筑群中的主殿，其西侧为“道宁斋”这组建筑，是乾隆三十六年(1771)，仿照镇江金山寺建造的。,1.7,4,古典园林|湖光山色|皇家园林,https://r1.visitbeijing.com.cn/vbj-s/2017/0914/20170914051555796.jpg,1,,
40,北海白塔,scenic,历史古迹,北京市,北海白塔，位于北京北海公园的琼华岛上，始建于清初顺治八年，属于藏式喇嘛塔。,2.5,4.3,历史遗迹|古典园林|文化遗产|湖光山色|皇家园林|石刻艺术,https://r1.visitbeijing.com.cn/vbj-s/2017/0912/20170912050022416.jpg,1,,
41,西单商业文化博物馆,scenic,博物馆/展览馆,北京市,西单商业文化博物馆位于西单商场南五层，建筑面积500余平方米。,2.4,4.3,博物馆|历史文化|商业街区|网红打卡|购物美食,https://r1.visitbeijing.com.cn/vbj-s/2017/0911/20170911044606762.jpg,1,,
42,北京京报馆旧址,scenic,博物馆/展览馆,北京市,北京京报馆位于西城区骡马市大街魏染胡同30号，是邵飘萍1916年后在北京的住所。,2.5,4.8,中西合璧建筑|京报|免费景点|博物馆|名人故居|新闻史|爱国主义教育|红色旅游|邵飘萍,https://r1.visitbeijing.com.cn/vbj-s/2017/0825/20170825044612462.jpg,1,,
43,林白水故居,scenic,纪念馆/名人故居,北京市,林白水故居为北京原宣武区区级文物保护单位。位于原宣武区棉花头条（见棉花胡同）。,4,4.5,名人故居,https://r1.visitbeijing.com.cn/vbj-s/2017/0825/20170825034315564.jpg,1,,
44,谭嗣同故居,scenic,纪念馆/名人故居,北京市,原湖南浏阳会馆，是谭嗣同1898年在京时的住所。,1.9,4.4,名人故居,https://r1.visitbeijing.com.cn/vbj-s/2017/0825/20170825033154709.jpg,1,,
45,绮望楼,scenic,历史古迹,北京市,绮望楼位于景山公园南门内，原址明代时称“山前殿”。,2,4.5,历史建筑|古建筑|观景建筑,https://r1.visitbeijing.com.cn/vbj-s/2017/0824/20170824052224619.jpg,1,,
46,火德真君庙,scenic,宗教场所,北京市,火德真君庙，在北京市西城区地安门外大街77号。,3.3,4.6,宗教建筑|道教,https://r1.visitbeijing.com.cn/vbj-s/2017/0823/20170823044156807.jpg,1,,
47,潭西胜境景区,scenic,自然景区,北京市,潭西胜境景区位于北京市西城区德胜门西侧的积水潭。,1.7,4.9,亲水|休闲|城市公园|水域风光|水景,https://r1.visitbeijing.com.cn/vbj-s/2017/0815/20170815095330403.jpg,1,,
48,克勤郡王府,scenic,历史古迹,北京市,克勤郡王府国家重点文物保护单位，为清代现存规模较好的一座王府，此府是顺治年间所建。,2.3,4.7,北京市文物保护单位|历史建筑|清代建筑|王府|礼亲王代善|铁帽子王,https://r1.visitbeijing.com.cn/vbj-s/2017/0814/20170814022855869.jpg,1,,
49,礼王府,scenic,历史古迹,北京市,礼王府位于西黄城根南街7号、9号。明代是崇祯皇帝的外戚周奎的私宅。,2,4.3,代善|历史建筑|清代建筑|清代第一王|王府|礼亲王|铁帽子王,https://r1.visitbeijing.com.cn/vbj-s/2017/0814/20170814025128598.jpg,1,,
50,北京庆王府,scenic,历史古迹,北京市,庆王府西城区定阜街3号。为清末再封庆亲王奕劻的王邸，庆王府当是在光绪十年(1884)晋封庆郡王后按王府规制改建，始称王府。,1.9,3.8,历史建筑|奕劻|庆亲王|清代建筑|王府|铁帽子王,https://r1.visitbeijing.com.cn/vbj-s/2017/0814/20170814041530146.jpg,1,,
51,郑王府,scenic,历史古迹,北京市,郑王府是北京市重点保护文物，为清代规模较大的一座王府，曾作为钟郡王奕诒的宅邸。,2.2,4.9,历史建筑|惠园|济尔哈朗|清代建筑|王府|郑亲王|铁帽子王,https://r1.visitbeijing.com.cn/vbj-s/2017/0814/20170814044722547.jpg,1,,
52,大观楼影城,scenic,演艺剧场,北京市,大观楼影城，1905年，原“大亨轩茶楼”改名为“大观楼影戏园”，是南城最早的固定放映电影场所之一。,2.2,3.6,演艺剧场|电影文化,https://r1.visitbeijing.com.cn/vbj-s/2017/0412/20170412070735857.jpg,1,,
53,恩佑寺,scenic,宗教场所,北京市,恩佑寺与恩慕寺毗邻而建，位于清代三山五园之一的畅春园内，是畅春园尚存的遗迹之一，现在位于北京大学西门颐和园路西边。,9.2,4.8,佛教|宗教建筑,https://r1.visitbeijing.com.cn/vbj-s/2017/1222/20171222032517527.jpg,1,,
54,孙中山纪念堂,scenic,纪念馆/名人故居,北京市,北京孙中山纪念堂位于香山公园碧云寺第五进院落内，原为普明妙觉殿。,1.9,4.5,名人故居|纪念馆|革命历史|民国历史,https://r1.visitbeijing.com.cn/vbj-s/2017/1222/20171222030903824.jpg,1,,
55,中国农业大学昆虫标本馆,scenic,博物馆/展览馆,北京市,中国农业大学昆虫标本馆位于中国农业大学档案史馆二层内，是一家小型昆虫标本展览馆。,2.5,5,教育文化|高校校园,https://r1.visitbeijing.com.cn/vbj-s/2017/1221/20171221053728920.jpg,1,,
56,中国饲料博物馆,scenic,博物馆/展览馆,北京市,中国饲料博物馆总占地面积3280平方，是由政府倡导、中国农业大学批准成立、农业部饲料工业中心负责筹建的永久性公益博物馆。,5.1,4,博物馆|农业|畜牧业|科技,https://r1.visitbeijing.com.cn/vbj-s/2017/1222/20171222032658267.jpg,1,,
57,首都滑冰馆,scenic,体育场馆,北京市,首都滑冰馆位于中关村南大街54号维也纳酒店东，是中国冰上运动场地之一。,1.9,3,体育场馆|运动健身,https://r1.visitbeijing.com.cn/vbj-s/2017/1017/20171017032840372.jpg,1,,
58,齐物潭公园,scenic,城市公园,北京市,齐物潭公园地址位于海淀区地锦路15号。,6.8,4.2,休闲娱乐|城市公园,https://r1.visitbeijing.com.cn/vbj-s/2017/1012/20171012044104333.jpeg,1,,
59,五棵松奥林匹克文化公园,scenic,城市公园,北京市,五棵松奥林匹克文化公园位于西四环五棵松桥东北角。,2.6,4.7,休闲娱乐|体育场馆|地标建筑|城市公园|奥运遗产|运动健身,https://r1.visitbeijing.com.cn/vbj-s/2017/1011/20171011053331640.jpg,1,,
60,佛香阁,scenic,历史古迹,北京市,佛香阁是北京市颐和园的主体建筑，建筑在万寿山前山高20米的方形台基上。,4.2,4.8,世界遗产|古典园林|湖光山色|皇家园林,https://r1.visitbeijing.com.cn/vbj-s/2017/0928/20170928052507590.jpg,1,,
61,中关村森林公园,scenic,森林/湿地公园,北京市,中关村森林公园位于北京市海淀区唐家岭，总体规划面积为5100，相当于圆明园大小。,2.4,4.9,森林公园|自然生态,https://r1.visitbeijing.com.cn/vbj-s/2017/0927/20170927071706764.jpg,1,,
62,梁启超墓,scenic,历史古迹,北京市,梁启超墓其实是梁启超家族墓园，梁启超、他的两位夫人、弟弟梁启雄还有三位儿子均葬于此地。,5.2,4.6,北京市文物保护单位|名人墓园|家族墓园|思想家|戊戌变法|无字碑|梁启超|梁思成设计|植物园,https://r1.visitbeijing.com.cn/vbj-s/2017/0918/20170918051422653.jpg,1,,
63,苏州街,scenic,历史古迹,北京市,苏州街位于北京的西北郊，是后湖两岸仿江南水镇而建的买卖街，乾隆时仿江南水乡的风貌而建，是专供清代帝后逛市游览的的一条水街。,3.4,3.6,世界遗产|古典园林|湖光山色|皇家园林,https://r1.visitbeijing.com.cn/vbj-s/2017/0913/20170913044519531.jpg,1,,
64,东岳娘娘庙,scenic,宗教场所,北京市,城子山娘娘庙，也称东岳娘娘庙，建于明代，清朝重修。,1.3,3.6,宗教建筑|道教,https://r1.visitbeijing.com.cn/vbj-s/2017/0913/20170913034834553.jpg,1,,
65,北京植物园樱桃沟,scenic,自然景区,北京市,樱桃沟位于卧佛寺西北，又名“退谷”“周家花园”，因富于野趣而著称。,1.1,3.9,一二九运动纪念地|元宝石|喷雾景观|曹雪芹传说|植物园|水杉林|水源头|石上松|秋季赏叶|红色旅游|避暑胜地,https://r1.visitbeijing.com.cn/vbj-s/2017/0912/20170912043958940.jpg,1,,
66,清华学堂,campus,校园教育,北京市,德国古典风格的清华学堂青砖红瓦、坡顶陡起，是清华大学标志性建筑之一。,2.7,4,名校|教育文化|网红打卡|高校校园,https://r1.visitbeijing.com.cn/vbj-s/2017/0911/20170911050817153.jpg,1,,
67,慈寿寺塔,scenic,宗教场所,北京市,慈寿寺塔坐落在北京海淀区八里庄慈寿寺内，原名永安万寿塔，又名永安万寿塔、八里庄塔、玲珑宝塔，仿天宁寺塔而建。,1.3,4.7,佛教|历史遗迹|宗教建筑|文化遗产|石刻艺术,https://r1.visitbeijing.com.cn/vbj-s/2017/0829/20170829043537520.jpg,1,,
68,昆明湖,scenic,历史古迹,北京市,昆明湖位于北京的颐和园内，颐和园景区门票30元起，昆明湖是其中著名的景点之一，不另收费，面积约为颐和园总体面积的四分之三。,9.2,3.7,世界遗产|休闲垂钓|古典园林|水域风光|湖光山色|皇家园林|自然景观,https://r1.visitbeijing.com.cn/vbj-s/2017/0824/20170824043424404.jpg,1,,
69,十七孔桥,scenic,历史古迹,北京市,十七孔桥是古代桥梁建筑的杰作。位于北京市西郊颐和园内，颐和园门票30元起，十七孔桥不另收费，是连接昆明湖东岸与南湖岛的一座长桥。,8.3,4,世界遗产|交通建筑|古典园林|桥梁建筑|湖光山色|皇家园林,https://r1.visitbeijing.com.cn/vbj-s/2017/0824/20170824041040983.jpg,1,,
70,鉴园遗址,scenic,历史古迹,北京市,鉴园遗址，位于圆明园长春园东南部，如园东北，长春园东门（也叫大东门）以南，西临长湖，东倚园墙。占地6000平方米，建筑面积1900平方米。,9.3,4.2,历史文化|考古|遗址,https://r1.visitbeijing.com.cn/vbj-s/2017/0824/20170824035222733.jpg,1,,
71,元土城遗址公园,scenic,历史古迹,北京市,元世祖在元四年（1267年）至十三年（1276年）建。现存遗迹为当时之北城墙东段。,3.7,4.5,历史文化|考古|遗址|遗址公园,https://r1.visitbeijing.com.cn/vbj-s/2017/0815/20170815044725839.jpg,1,,
72,九眼楼长城,scenic,历史古迹,北京市,九眼楼长城位于北京市延庆县四海镇。,8.1,3.9,世界遗产|摄影打卡|登山徒步|长城段,https://r1.visitbeijing.com.cn/vbj-s/2017/0913/20170913041816103.jpg,1,,
73,白河堡水库,scenic,自然景区,北京市,白河堡水库位于延庆县香营乡北部，得名于明代要塞靖安堡，因靖安堡扼守白河峡谷，俗名白河堡。,2.4,4.7,休闲垂钓|水域风光|自然景观,https://r1.visitbeijing.com.cn/vbj-s/2017/0815/20170815031131989.jpg,1,,
74,北京莲花山森林公园,scenic,森林/湿地公园,北京市,它不仅因传说“莲花”美女及汉钟离、吕洞宾曾在此山修炼成仙而闻名，更因山奇、水美、林茂、谷幽而引来八方游客。,4.6,4.4,森林公园|自然生态,https://r1.visitbeijing.com.cn/vbj-s/2015/0721/20150721105133401.jpg,1,,
75,十三陵·定陵,scenic,历史古迹,北京市,定陵地下宫殿是中国著名地下建筑之一，明代神宗皇帝朱翊钧（1573～1620年）的陵墓。,3.8,4.1,世界遗产|明清历史|皇家陵寝|遗产古迹,https://r1.visitbeijing.com.cn/vbj-s/2017/0915/20170915035621169.jpg,1,,
76,英雄大道,scenic,纪念馆/名人故居,北京市,英雄大道雕塑区是连接空军英雄历史与胜利未来的精神主线，全长180米、宽24米，中间是以"中国航空之父"冯如为开端的11组铸铜雕塑。,2.5,4.2,历史文化|红色旅游|纪念,https://r1.visitbeijing.com.cn/vbj-s/2017/0824/20170824045325204.jpg,1,,
77,顶秀美泉小镇,scenic,度假休闲,北京市,顶秀美泉小镇位于，紧临美丽的雁栖河畔。,3.2,4.7,亲水|休闲|古镇古村|度假|欧式小镇|民俗风情|水域风光,https://r1.visitbeijing.com.cn/vbj-s/2017/0823/20170823042328356.jpg,1,,
78,北京塞隆国际文化创意园,scenic,文化艺术空间,北京市,北京塞隆国际文化创意园，由首农集团与中国电力传媒集团共同出资打造，东临双桥东路，南抵即将开通的广渠路延长线，园区交通位置优越，占地面积72亩，建筑面积2.4万平方米。,2.4,4.8,创意产业|文创园区|艺术空间,https://r1.visitbeijing.com.cn/vbj-s/2017/1204/20171204045803606.jpg,1,,
79,奥林匹克森林公园四季滑雪场,scenic,体育场馆,北京市,奥森四季滑雪场位于北京市标杆性全民健身场所奥林匹克森林公园南园内。,2.2,3.6,体育场馆|冬季运动|地标建筑|奥运遗产|森林公园|滑雪|自然生态|运动健身,https://r1.visitbeijing.com.cn/vbj-s/2017/0914/20170914050323511.jpg,1,,
80,中国国学中心,scenic,博物馆/展览馆,北京市,中国国学中心系奥林匹克公园内首个国家级博物馆，外形似”鼎“设16个展厅。,1.6,4.5,文化场馆|博物馆,https://r1.visitbeijing.com.cn/vbj-s/2017/0913/20170913032315614.jpg,1,,
81,廉洁奥运主题文化园,scenic,城市公园,北京市,廉洁奥运主题文化园位于北京市奥林匹克森林公园南园。,2.1,4,文化公园|主题公园|奥运遗产|廉政文化,https://r1.visitbeijing.com.cn/vbj-s/2017/0911/20170911042821232.jpg,1,,
82,北京奥林匹克公园观光塔,scenic,城市公园,北京市,北京观光塔最高处为246.8米，为国内第6高。该观光塔位于奥林匹克森林公园南门外，被网友称为”大钉子”。,7.1,4.8,休闲娱乐|体育场馆|地标建筑|城市公园|奥运遗产|文化遗产|运动健身|观光塔,https://r1.visitbeijing.com.cn/vbj-s/2017/0817/20170817050724758.jpg,1,,
83,常营天街购物中心,scenic,商业街区,北京市,北京龙湖长楹天街购物中心，坐落于朝阳区朝阳北路常营段，无缝连接地铁六号线常营站。,4,4.4,商业街区|网红打卡|购物美食,https://r1.visitbeijing.com.cn/vbj-s/2017/0816/20170816053056159.jpg,1,,
84,北京国香馆,scenic,文化艺术空间,北京市,北京国香馆，是一个陈年名酒珍藏馆。,3.1,3.8,展览|文化场馆,https://r1.visitbeijing.com.cn/vbj-s/2017/0816/20170816045246471.jpg,1,,
85,北京提香高尔夫俱乐部,scenic,体育场馆,北京市,北京提香高尔夫俱乐部位于北京市房山区，是一所球道全长3550码，标准杆36杆的俱乐部，由球场刘军设计。,2.2,4.1,体育场馆|体育运动|运动健身|高尔夫|高端休闲,https://r1.visitbeijing.com.cn/vbj-s/2016/1116/20161116035846189.jpg,1,,
86,墙子路长城,scenic,历史古迹,北京市,墙子路长城位于北京密云县城东约40公里。周围群山环绕，地势险峻，是明朝长城上的一座重要城池，是北京东部的要隘之一，为兵家必争之地。,9.9,4.6,世界遗产|摄影打卡|登山徒步|长城段,https://r1.visitbeijing.com.cn/vbj-s/2017/0918/20170918040616950.jpg,1,,
87,独秀峰,scenic,自然景区,北京市,位于冯家峪村北两公里的白马关河畔，占地3000亩，景色秀美。,3,3.7,山地风光|摄影|登山|自然景观,https://r1.visitbeijing.com.cn/vbj-s/2017/0823/20170823054159617.jpg,1,,
88,将军石,scenic,自然景区,北京市,将军石位于冯家峪镇番子牌村大平台村的南山。,5.7,3.9,山地风光|摄影|登山|自然景观,https://r1.visitbeijing.com.cn/vbj-s/2017/0823/20170823052843743.jpg,1,,
89,番字石刻,scenic,历史古迹,北京市,番字石刻，位于北京市密云县番字牌乡番字牌村北小孤山上，为北京市文物保护单位。,3.2,3.7,历史遗迹|文化遗产|石刻艺术,https://r1.visitbeijing.com.cn/vbj-s/2017/0823/20170823051102589.jpg,1,,
90,古北口保卫战纪念碑,scenic,纪念馆/名人故居,北京市,古北口保卫战纪念碑位于密云县古北口镇东山坡上，于1986年落成。,5.1,4.5,摄影打卡|爱国主义教育|登山徒步|红色旅游,https://r1.visitbeijing.com.cn/vbj-s/2017/0816/20170816034116228.jpg,1,,
91,卢沟桥历史博物馆,scenic,博物馆/展览馆,北京市,卢沟桥历史博物馆位于永定河河畔的卢沟桥东的桥头广场，是一座全面展示卢沟桥历史文化的专题性博物馆。博物馆经过全面提升改造、重新布展，以全新的面貌展示卢沟桥800多年的历史。2023年9月15日对游客开放。,2,3.9,交通建筑|博物馆|历史文化|桥梁建筑,https://r1.visitbeijing.com.cn/vbj-s/2024/0614/c98a909c678da2af53be9f6f797de2ea.png,1,,
92,石景山古建筑群,scenic,历史古迹,北京市,石景山主要古建群有：石景山唐代金阁寺遗址碧霞元君庙、元君殿、天空寺、古井等。,1.9,4.6,历史遗迹|古建筑|文化遗产,https://r1.visitbeijing.com.cn/vbj-s/2017/0915/20170915042201469.jpg,1,,
93,狼窝港密檐塔,scenic,历史古迹,北京市,狼窝港密檐塔位于斋堂镇西斋堂村，原有三座，呈品字形排列，建于明代顺年间（1459）五月。,4.6,3.6,历史遗迹|文化遗产|石刻艺术,https://r1.visitbeijing.com.cn/vbj-s/2017/0914/20170914053526902.jpg,1,,
94,北京七彩蝶园,scenic,主题乐园,北京市,在这里，您可以与蝴蝶共舞；轻松玩转蝴蝶科普世界；亲手制作蝶翅画，体验无限乐趣；领略千年蝴蝶文化，感受蝴蝶历史魅力。,5.9,3.6,亲子互动|动物园|昆虫|科普教育,https://r1.visitbeijing.com.cn/vbj-s/2013/0308/20130308035215922.jpg,1,,
95,北京乡村高尔夫俱乐部,scenic,体育场馆,北京市,这里的高大树木和茵茵绿草会带给你不一样的心情和愉悦。当然了，还有这里的纯朴的乡村风情会让你找到回家的感觉。,2.1,4.5,体育场馆|体育运动|运动健身|高尔夫|高端休闲,https://r1.visitbeijing.com.cn/vbj-s/2015/0513/20150513050422847.jpg,1,,
96,什院木艺工坊,scenic,文化艺术空间,北京市,“什院”坐落于北京宋庄镇丁各庄村丁个庄路37号，是由几名志同道合的朋友共同打造的木作空间，希望通过自己的努力让木作这件事变得简单、有趣，让更多的人可以参与进来，以木会友，感受木作的快乐。线下活动包括初级和中级的系统培训、定期的主题木作同城旅游活动，包括承接团建活动等；线上有淘宝、微店两个木工艺术品牌“什良”网店，做工精良、简约。,4.3,4.1,手工艺|文化体验|非遗体验,https://r1.visitbeijing.com.cn/vbj-s/2018/0606/20180606040949866.jpg,1,,
97,通州运河文化广场,scenic,城市公园,北京市,通州运河文化广场位于通州区东关大桥北侧，南临通胡路，西倚运河东岸，为百里长安街东起点、京杭大运河北起点。,2.5,4.6,公共活动空间|城市广场,https://r1.visitbeijing.com.cn/vbj-s/2017/0816/20170816042744743.jpg,1,,
98,验粮楼,scenic,历史古迹,北京市,验粮楼原名大光楼，又称坝楼，始建于明嘉靖七年（1528），同治十一年（1872）重修，南北添建平台各三间。,2.4,4.2,历史建筑|古建筑|观景建筑,https://r1.visitbeijing.com.cn/vbj-s/2017/0816/20170816032330708.jpg,1,,
99,高君宇烈士墓,scenic,纪念馆/名人故居,北京市,高君宇墓位于宣武区陶然亭公园石桥南锦秋墩的北坡前，其身旁还有一位他生前的女友石评梅女士之墓。,4.4,3.9,爱国主义教育|红色旅游,https://r1.visitbeijing.com.cn/vbj-s/2017/0719/20170719062656366.jpg,1,,
100,国子监街,scenic,历史文化街区,北京市,国子监街，在北京市东城区安定门内，是一条东西向的胡同。,7.3,4.1,历史文化街区|孔庙|国子监|胡同,https://r1.visitbeijing.com.cn/vbj-s/2017/0719/20170719042705486.jpg,1,,
101,长城大庄科段,scenic,历史古迹,北京市,大庄科段长城，与八达岭段长城同属“内长城”，其起点位于大庄科乡龙泉峪村东1.4公里处，同怀柔的水峪村长城相接,8.2,3.8,世界遗产|摄影打卡|登山徒步|长城段,https://r1.visitbeijing.com.cn/vbj-s/2017/0717/20170717051157467.jpg,1,,
102,喇叭沟原始森林,scenic,森林/湿地公园,北京市,喇叭沟门原始次生林生态景区，在怀柔区最北端的喇叭沟门满族乡孙栅子村，距北京市区约160公里，有原始次生林7万亩，海拔1700多米高的南猴岭是怀柔区的最高峰。,3.2,3.8,原始森林|山地风光|徒步|森林公园|自然保护区|自然景观|自然生态|避暑,https://r1.visitbeijing.com.cn/vbj-s/2017/0720/20170720051835990.jpg,1,,
103,北京马骏烈士墓,scenic,纪念馆/名人故居,北京市,马骏烈士墓于1984和1987年分别被朝阳区和北京市政府列为重点烈士名墓及文物保护单位。,1.1,4.3,爱国主义教育|红色旅游,https://r1.visitbeijing.com.cn/vbj-s/2017/0719/20170719052123496.jpg,1,,
104,常营清真寺,scenic,宗教场所,北京市,常营清真寺位于北京市朝阳区常营地区常营民族新村。1986年，朝阳区人民政府将“常营清真寺”公布为“北京市朝阳区文物保护单位”。,1.9,4.6,伊斯兰教|宗教建筑,https://r1.visitbeijing.com.cn/vbj-s/2017/0717/20170717043811440.jpg,1,,
105,棺材山,scenic,自然景区,北京市,顾名思义，棺材山外形怪异，远观真如一口巨棺横卧于群峰之间。,1.2,4.4,山地风光|摄影|登山|自然景观,https://r1.visitbeijing.com.cn/vbj-s/2017/0719/20170719034705588.jpg,1,,
106,望京亭,scenic,历史古迹,北京市,据说可以看见整个北京城的亭子。,1.1,4.7,历史建筑|古建筑|观景建筑,https://r1.visitbeijing.com.cn/vbj-s/2017/0719/20170719061412408.jpg,1,,
107,斋堂城遗址,scenic,历史古迹,北京市,斋堂城遗址 位于北京市门头沟区斋堂镇斋堂村，是东通京师、西达河北省至蒙古高原的大道，明代建城于此，扼守古道通途。,2.9,4.5,历史文化|考古|遗址,https://r1.visitbeijing.com.cn/vbj-s/2017/0718/20170718053636853.jpg,1,,
108,北京静逸清采摘园,scenic,农业观光,北京市,静逸清采摘园，是祥居集团的主要成员和对外宣传的重要窗口。她坐落在“中国西瓜之乡”、美丽富饶的京南重镇-庞各庄。,4.4,3.6,亲子互动|农业观光|采摘体验,https://r1.visitbeijing.com.cn/vbj-s/2017/0615/20170615014028832.jpg,1,,
109,东华门大街,scenic,历史文化街区,北京市,东华门大街西起故宫东华门，东至王府井大街，路面宽敞，长不过一站路。,8.8,4.1,历史文化街区|故宫周边|中轴线|商业,https://r1.visitbeijing.com.cn/vbj-s/2017/0720/20170720045734526.jpg,1,,
110,老北京风情街,scenic,商业街区,北京市,老北京风情街位于中国北京市东城区王府井地区，是集中展示老北京民俗文化的商业中心。,5.3,4.8,商业街区|老北京风情|购物美食,https://r1.visitbeijing.com.cn/vbj-s/2017/0720/20170720043447317.jpg,1,,
111,慈禧水道,scenic,自然景区,北京市,"""慈禧水道""具有悠久的历史和丰富的文化内涵，始于乾隆，盛于光绪。",1.4,3.9,亲水|历史水道|水域风光|游船|皇家,https://r1.visitbeijing.com.cn/vbj-s/2017/0718/20170718050842540.jpg,1,,
112,艺术8,scenic,文化艺术空间,北京市,艺术8坐落于北京东城区皇城根北街甲20号，建于1920年的原中法大学。,4.5,3.7,展览|文创|艺术空间,https://r1.visitbeijing.com.cn/vbj-s/2018/0105/20180105032711962.jpg,1,,
113,静心斋,scenic,历史古迹,北京市,静心斋原名镜清斋。在北海北岸，西邻天王殿。,2.8,3.9,古典园林|湖光山色|皇家园林,https://r1.visitbeijing.com.cn/vbj-s/2017/0829/20170829051302418.jpg,1,,
114,京师女子师范学堂旧址,scenic,历史古迹,北京市,京师女子师范学堂旧址位于西城区新文化街45号，现为北京市鲁迅中学。,1.9,4.1,历史建筑|教育史|旧址,https://r1.visitbeijing.com.cn/vbj-s/2017/0829/20170829033908964.jpg,1,,
115,快雪堂,scenic,历史古迹,北京市,快雪堂位于北海公园波光潋滟的太液池北岸，紧邻九龙壁，规制宏敞的阐福寺东侧。,5.1,3.6,古典园林|湖光山色|皇家园林,https://r1.visitbeijing.com.cn/vbj-s/2017/0828/20170828041206267.jpg,1,,
116,荀慧生故居,scenic,纪念馆/名人故居,北京市,荀慧生故居为区级文物保护单位。位于北京市宣武区山西街。故居坐西朝东，四合院格局。,7.7,4.8,名人故居,https://r1.visitbeijing.com.cn/vbj-s/2017/0828/20170828093524353.jpg,1,,
117,西苑美食街,scenic,商业街区,北京市,西苑美食街地处北京西苑地铁站，是海淀区小有名气的集购物与美食于一体的景区,5.7,3.7,商业街区|网红打卡|购物美食,https://r1.visitbeijing.com.cn/vbj-s/2017/0712/20170712052629376.jpg,1,,
118,祾恩殿,scenic,历史古迹,北京市,站在祾恩门内向北望，一座气势非凡的大殿矗立在庭院的中央，它就是十三陵中唯一保存下来的祾恩殿。,2.4,4,十三陵|古建筑|皇家建筑,https://r1.visitbeijing.com.cn/vbj-s/2017/0829/20170829045629835.jpg,1,,
119,汤河口白河湾湿地公园,scenic,森林/湿地公园,北京市,怀柔白河湾湿地公园位于怀柔区汤河口镇和琉璃庙镇境内，沿汤河而下，北至汤河口镇政府、沿后安岭村向南至琉璃庙镇政府附近。,1.4,4.8,湿地公园|观鸟,https://r1.visitbeijing.com.cn/vbj-s/2017/0714/20170714033138619.jpg,1,,
120,北京大柳树鬼市,scenic,商业街区,北京市,北京只在周三晚上凌晨三点开始的杂货市场，是京城探险寻球刺激的好去处,3.6,4.1,夜市|特色集市|跳蚤市场,https://r1.visitbeijing.com.cn/vbj-s/2017/0714/20170714030231546.jpg,1,,
121,罗红摄影艺术馆,scenic,文化艺术空间,北京市,罗红摄影艺术馆展出的是从罗红先生20年拍摄的几十万张作品中精选出来的第一批150张照片，含自然风光、野生动物、神秘的纳纯湖三大部分，每一部分都让人身临其境地感受大自然磅礴的力量和罕见的美，激发人对自然最本能的渴望与向往。,3.9,4.8,文创园区|美术馆/艺术馆|艺术展览,https://r1.visitbeijing.com.cn/vbj-s/2018/0702/20180702024050187.jpg,1,,
122,松美术馆,scenic,文化艺术空间,北京市,松美术馆是一座具有国际视角、国际标准的艺术空间，坐落于北京市顺义区温榆河畔。由华谊兄弟创始人、董事长，当代艺术家，收藏家王中军先生创办，于2017年9月正式开馆。,3.4,3.7,文创园区|美术馆/艺术馆|艺术展览,https://r1.visitbeijing.com.cn/vbj-s/2018/0626/20180626072609857.png,1,,
123,北务香逸葡萄大观园,scenic,农业观光,北京市,北务香逸葡萄大观园坐落于京郊瓜菜名镇——北务，几年来在北京市园林绿化局、北京市农林科学院、顺义区人民政府的鼎力支持，北务香逸葡萄大观园选用香味浓郁，色泽鲜艳，按早、中、晚熟搭配的60余个鲜食香味葡萄。,3.9,4.3,农业观光|采摘体验,https://r1.visitbeijing.com.cn/vbj-s/2017/0713/20170713033811486.jpg,1,,
124,国礼大桃采摘园,scenic,农业观光,北京市,桃养人”，并将其唤作“寿桃”，是因为桃的益处众人皆知：桃具有补中益气、养阴生津、润肠通便的功效，尤其适用于气血两亏、面黄肌瘦、心悸气短、便秘、闭经、淤血肿痛等症状的人多食。,3.5,3.6,亲子互动|农业观光|采摘体验,https://r1.visitbeijing.com.cn/vbj-s/2017/0718/20170718062154407.jpg,1,,
125,宋庆龄青少年科技文化交流中心,scenic,博物馆/展览馆,北京市,宋庆龄青少年科技文化交流中心面向青少年、儿童，构建科技、艺术、文化、运动、自然教育、社会交往等六大体系的体验教育平台。,3,4.6,科技馆|教育文化|亲子互动,https://r1.visitbeijing.com.cn/vbj-s/2018/0703/20180703103239598.jpg,1,,
126,紫竹院公园,scenic,城市公园,北京市,紫竹院公园位于北京西三环内，海淀区白石桥附近，北京首都体育馆西侧。紫竹院公园始建于  1953年，因园内西北部有明清时期庙宇，“福荫紫竹院”而得名，有蜀南竹海的竹园别致，又有兔耳岭的灵石草甸景观。,2,3.6,公园|游船|竹林|赏花|皇家园林,https://r1.visitbeijing.com.cn/vbj-s/2018/0605/20180605030158763.jpg,1,,
127,模式口古街,scenic,历史文化街区,北京市,,1.6,4.4,历史文化街区|古镇古村|驼铃古道,https://r1.visitbeijing.com.cn/vbj-s/2017/0629/20170629095548243.jpg,1,,
128,龙潭公园龙吟阁,scenic,城市公园,北京市,龙潭公园的龙吟阁景区，位于公园西南部。,1.1,4.7,休闲娱乐|城市公园,https://r1.visitbeijing.com.cn/vbj-s/2017/0816/20170816060045235.jpg,1,,
129,玉峰塔,scenic,历史古迹,北京市,玉峰塔也称“大塔”或“定光塔”，位于北京西北的玉泉山主峰上香积寺内。,1.6,4.3,历史遗迹|文化遗产|石刻艺术,https://r1.visitbeijing.com.cn/vbj-s/2017/0831/20170831043846363.jpg,1,,
130,岔道口村,scenic,度假休闲,北京市,延庆八达岭镇的“岔道口”村。“岔道口”村建于明代，已有450年历史，历经沧桑，古城处处可见明、清遗迹，并且已于2000年被市文物部门列为市级文物保护单位。今天的岔道口村，已经发展成为旅游民俗村。,3.2,4.2,古村落|古镇古村|延庆|民俗|民俗风情,https://r1.visitbeijing.com.cn/vbj-s/2017/0809/20170809052654959.jpg,1,,
131,王承恩墓,scenic,历史古迹,北京市,北京昌平区明十三陵陵区内、思陵前方有一座陪葬墓，普遍认为该墓是明朝末年明崇祯皇帝朱由检的心腹太监王承恩的墓葬，通常称为王承恩墓。,4.4,4.4,历史墓葬|太监墓|明十三陵,https://r1.visitbeijing.com.cn/vbj-s/2017/0828/20170828045001918.jpg,1,,
132,十三陵·昭陵,scenic,历史古迹,北京市,明昭陵位于北京市昌平区，是明十三陵中的一座陵墓，在大峪山东麓，是明朝第十二位皇帝穆宗朱载垕及其三位皇后的合葬陵寝。,1.4,4.4,世界遗产|明清历史|皇家陵寝|遗产古迹,https://r1.visitbeijing.com.cn/vbj-s/2017/0810/20170810041028635.jpg,1,,
133,十三陵·康陵,scenic,历史古迹,北京市,明十三陵的康陵，是明朝第十位皇帝武宗朱厚照和皇后夏氏的合葬陵墓。,2.6,4.5,世界遗产|明清历史|皇家陵寝|遗产古迹,https://r1.visitbeijing.com.cn/vbj-s/2017/0810/20170810034829625.jpg,1,,
134,十三陵·裕陵,scenic,历史古迹,北京市,明裕陵，位于明十三陵天寿山西峰石门山南麓，是明朝第六位皇帝明英宗朱祁镇和皇后钱氏、周氏的合葬陵寝。裕陵经多年风雨已残破不全，于2001年进行了彻底的修缮。,1.5,4.8,世界遗产|明清历史|皇家陵寝|遗产古迹,https://r1.visitbeijing.com.cn/vbj-s/2017/0811/20170811100747438.jpg,1,,
135,十三陵·泰陵,scenic,历史古迹,北京市,明泰陵，位于笔架山东南麓，这里又称“施家台”，或“史家山”，是明朝第九帝孝宗敬皇帝朱祐樘（年号弘治）及皇后张氏的合葬陵寝。,6.1,3.8,世界遗产|明清历史|皇家陵寝|遗产古迹,https://r1.visitbeijing.com.cn/vbj-s/2017/0726/20170726052647522.jpg,1,,
136,十三陵·庆陵,scenic,历史古迹,北京市,庆陵，位于十三陵中的长陵西北1.5公里，献陵西北约0.5公里，北京昌平天寿山陵内黄山寺二岭南麓，是明朝第十四位皇帝——明光宗朱常洛和皇后郭氏、王氏、刘氏的合葬陵寝。,3.9,4.6,世界遗产|明清历史|皇家陵寝|遗产古迹,https://r1.visitbeijing.com.cn/vbj-s/2017/0726/20170726050930174.jpg,1,,
137,十三陵·景陵,scenic,历史古迹,北京市,明景陵是指明朝第五位皇帝宣宗朱瞻基与皇后孙氏的合葬陵寝，位于天寿山东峰（又名黑山）之下，建造动用10万余人，在1463年3月19日完工。,4.7,3.7,世界遗产|明清历史|皇家陵寝|遗产古迹,https://r1.visitbeijing.com.cn/vbj-s/2017/0726/20170726043521238.jpg,1,,
138,十三陵·永陵,scenic,历史古迹,北京市,明永陵位于北京市昌平区天寿山阳翠岭南麓，是明朝第十一位皇帝世宗朱厚熜及陈氏、方氏、杜氏三位皇后的合葬陵寝。,5.4,4.3,世界遗产|明清历史|皇家陵寝|遗产古迹,https://r1.visitbeijing.com.cn/vbj-s/2017/0726/20170726040703681.jpg,1,,
139,十三陵·茂陵,scenic,历史古迹,北京市,明茂陵，位于明十三陵明裕陵右侧的聚宝山下，是明朝第八位皇帝明宪宗朱见深和王氏、纪氏、邵氏三位皇后的合葬陵寝。,7.3,3.5,世界遗产|明清历史|皇家陵寝|遗产古迹,https://r1.visitbeijing.com.cn/vbj-s/2017/0721/20170721032036474.jpg,1,,
140,十三陵·石牌坊,scenic,历史古迹,北京市,立在北京市昌平区天寿山明十三陵前的陵门是全国现存最大的石牌坊，这是一座六柱五间十一楼的彩绘超大石坊，高五十尺（合16米），宽一百零四尺（合35米），其上巨大的汉白玉石构件和精美的石雕工艺堪称一绝。,4.6,4.4,世界遗产|明清历史|皇家陵寝|遗产古迹,https://r1.visitbeijing.com.cn/vbj-s/2017/0721/20170721014733310.jpg,1,,
141,十三陵·献陵,scenic,历史古迹,北京市,明献陵是中国明朝第四位皇帝明仁宗朱高炽和皇后张氏的陵墓，坐落在北京西北郊昌平区境内的燕山山麓的天寿山，是明十三陵之一。,4.3,3.7,世界遗产|明清历史|皇家陵寝|遗产古迹,https://r1.visitbeijing.com.cn/vbj-s/2017/0721/20170721012958505.jpg,1,,
142,白河湾薰衣草庄园,scenic,度假休闲,北京市,怀柔白河湾薰衣草庄园，体验欧式风情，好山好水醉风景。,1.6,3.9,观光庄园|薰衣草|花海|亲子互动|休闲度假,https://r1.visitbeijing.com.cn/vbj-s/2018/0627/20180627025857776.jpg,1,,
143,冯玉祥将军陈列室,scenic,纪念馆/名人故居,北京市,慈善寺院后面名为“灵境”的东跨院就是冯玉祥将军故居，北房5间和厢房已修缮一新，现被辟为爱国主义教育基地“冯玉祥将军事迹陈列室”。,3.4,3.8,纪念馆|将军|民国历史|军事,https://r1.visitbeijing.com.cn/vbj-s/2017/0828/20170828043509509.jpg,1,,
144,芦潭古道,scenic,自然景区,北京市,芦潭古道是京易御道的支线，当时也得到了整修，拓宽展平，部分路段铺砌了条石或石块。,2.5,4.1,亲水|历史遗迹|古道|徒步|水域风光,https://r1.visitbeijing.com.cn/vbj-s/2017/0830/20170830050906310.jpg,1,,
145,亮马河国际风情水岸,scenic,自然景区,北京市,亮马河国际风情水岸，可一站式打卡游船、光影码头、文化空间、商业矩阵、户外休闲运动等综合文商旅+科技项目。既是Citywalk的首选地，也是放松身心的新选择。,5.7,3.6,亲水|休闲|国际风情|夜景|水域风光|水岸,https://r1.visitbeijing.com.cn/vbj-s/2023/1212/9967be3b17a2112fe03d7030bb041b29.jpg,1,,
146,北京丫髻山道教文化名胜区,scenic,宗教场所,北京市,丫髻山风景区位于北京市平谷区刘店乡(距北京91公里)，因山巅两块巨石状若古代女孩头上的丫髻，因此得名丫髻山。四方百姓又称丫髻山为"东大山"。距东直门70公里，距金海湖45公里。,2.6,3.5,宗教建筑|山地风光|登山|祈福|自然景观|道教,https://r1.visitbeijing.com.cn/vbj-s/2017/0522/20170522035757891.jpg,1,,
147,故宫九龙壁,scenic,历史古迹,北京市,九龙壁位于紫禁城宁寿宫区皇极门外。,9.3,3.8,世界遗产|中轴线遗产|明清历史|皇家建筑|遗产古迹|琉璃影壁,https://r1.visitbeijing.com.cn/vbj-s/2017/0831/20170831051550261.jpg,1,,
148,北京松堂斋民间雕刻博物馆,scenic,博物馆/展览馆,北京市,北京松堂斋民间雕刻博物馆坐落于国子监街3号，是全国首家以民间雕刻为主题的民办博物馆。,5.1,4.1,博物馆|民间雕刻|石刻艺术|文化遗产,https://r1.visitbeijing.com.cn/vbj-s/2017/0522/20170522034429703.jpg,1,,
149,北京睦明唐古瓷标本博物馆,scenic,博物馆/展览馆,北京市,北京睦明唐古瓷标本博物馆是一座集中国传统茶艺表演、欣赏，中国古代陶瓷标本研习、触摸为一体的，参观与休闲相结合的民间性质的特色博物馆。,1.1,4.6,博物馆,https://r1.visitbeijing.com.cn/vbj-s/2017/0522/20170522034943710.jpg,1,,
150,北京人文艺术中心,scenic,文化艺术空间,北京市,北京人文艺术中心（BCAC) 位于五道营胡同3号院，由日本建筑师藤本壮介主持改造。以国际创新视野的艺术展览、公众项目、文化体验为起点，分享创意带来的美好生活，同时推进中国经典传统文化的研究与推广。,5.1,4.6,美术馆/艺术馆|艺术展览|文化体验|当代艺术|建筑艺术|四合院改造|悬浮森林|国际艺术交流,https://r1.visitbeijing.com.cn/vbj-s/2017/0413/20170413083923713.jpg,1,,
151,东宫影剧场,scenic,演艺剧场,北京市,东宫影剧院(东四工人文化宫)位于东城区隆福寺大街47号，始建于1954年，隶属东城区工会，毗邻中国美术馆、北京人民艺术剧院、三联书店、中国书店，是隆福寺街区标志性建筑之一。,2.3,3.7,文化体验|演艺剧场,https://r1.visitbeijing.com.cn/vbj-s/2017/0413/20170413075407234.jpg,1,,
152,史家胡同博物馆,scenic,博物馆/展览馆,北京市,史家胡同博物馆位于北京市东城区，是北京首家胡同博物馆。这是一个精致的院子，为两进院落，占地面积一千余平方米。院内参天的老柿子树荫遮蔽着灰砖落地的瓦房，小连廊上挂着两个鸟笼，让人仿佛进入了电视剧里清末民初某个大户人家。,3.8,4.5,Citywalk|博物馆|老北京风情|胡同/四合院,https://r1.visitbeijing.com.cn/vbj-s/2017/0413/20170413072400352.jpg,1,,
153,北京中山公园音乐堂,scenic,演艺剧场,北京市,中山公园音乐堂东临故宫、南接天安门广场。音乐堂所在的中山公园原名社稷坛，是世界上最大、最完整的古代宫殿建筑群——紫禁城的一部分，因此音乐堂被海内外音乐人士誉为"中国皇家园林中的音乐明珠"。优越的地理位置与人文环境赋予这座音乐殿堂独一无二的韵味与魅力。,9.8,3.8,休闲娱乐|城市公园,https://r1.visitbeijing.com.cn/vbj-s/2017/0413/20170413070612722.jpg,1,,
154,正乙祠戏楼,scenic,历史古迹,北京市,正乙祠戏楼属于北京金钊钰辰文化传播有限公司旗下线上平台。正乙祠戏楼建于清康熙二十七年（1688年）。戏楼建于佛教寺庙的原址上。戏楼具有悠久的历史，京剧大师梅兰芳曾在这里演出。,1.1,4.5,文化体验|演艺剧场|会馆|京剧|古建筑,https://r1.visitbeijing.com.cn/vbj-s/2017/0413/20170413024708403.jpg,1,,
155,中国儿童艺术剧院,scenic,演艺剧场,北京市,中国儿童艺术剧院位于东城区东安门大街64号，地处王府井商业街繁华地带，是唯一的文化部直属国家级儿童剧场。,4.8,4.3,文化体验|演艺剧场,https://r1.visitbeijing.com.cn/vbj-s/2017/0412/20170412084856441.jpg,1,,
156,蓬蒿剧场,scenic,演艺剧场,北京市,蓬蒿剧场咖啡馆是北京第一个四合院小剧场，地处北京城市中心，位于东城区交道口南大街东棉花胡同。,1.9,4.6,文化体验|演艺剧场,https://r1.visitbeijing.com.cn/vbj-s/2017/0412/20170412081548595.jpg,1,,
157,雷剧场,scenic,演艺剧场,北京市,“雷剧场”是京城著名喜剧团队“雷子乐笑工厂”2009年12月成立两周年时提出的在全国发展自有连锁剧场的战略步骤，目标城市初期定在北京、上海、广州。所有剧场全部以“地域名+雷剧场”命名，全年上演“雷子乐笑工厂”出品的“原创减压百姓喜剧”。,7.6,4.6,文化体验|演艺剧场,https://r1.visitbeijing.com.cn/vbj-s/2017/0412/20170412074853561.jpg,1,,
158,北京人民艺术剧院,scenic,演艺剧场,北京市,北京人民艺术剧院是一个具有独特表演风格的中外闻名的专业话剧院。,1.7,3.9,文化体验|演艺剧场,https://r1.visitbeijing.com.cn/vbj-s/2017/0412/20170412043558241.jpg,1,,
159,蜂巢剧场,scenic,演艺剧场,北京市,蜂巢剧场为2008年孟京辉为《恋爱的犀牛》开辟的新剧场，之所以叫做“蜂巢”，暗喻像蜜蜂一样辛勤的工作。,5.6,4.6,文化体验|演艺剧场,https://r1.visitbeijing.com.cn/vbj-s/2017/0412/20170412021536562.jpg,1,,
160,国话先锋剧院,scenic,演艺剧场,北京市,国话先锋剧院位于东方广场东侧，隶属于中国国家话剧院。,4.5,4.5,文化体验|演艺剧场,https://r1.visitbeijing.com.cn/vbj-s/2017/0411/20170411050030311.jpg,1,,
161,北京金龙建国温泉,scenic,度假休闲,北京市,,1.9,4.6,休闲度假|温泉康养,https://r1.visitbeijing.com.cn/vbj-s/2016/1220/20161220035208502.jpg,1,,
162,燕墩公园,scenic,城市公园,北京市,,1.8,4.1,休闲娱乐|城市公园,https://r1.visitbeijing.com.cn/vbj-s/2016/1205/20161205105359411.jpg,1,,
163,太庙,scenic,历史古迹,北京市,太庙是中国古代皇帝的宗庙。太庙在夏朝时称为“世室”，殷商时称为“重屋”，周称为“明堂”，秦汉时起称为“太庙”。,3.6,3.8,祭坛/礼制建筑,https://r1.visitbeijing.com.cn/vbj-s/2019/0712/20190712014001951.jpg,1,,
164,北京孔庙,scenic,历史古迹,北京市,北京孔庙位于北京东城区国子监街，为中国元、明、清三朝祭祀孔子的场所，与南京夫子庙、吉林孔庙和曲阜文庙并称为中国四大文庙，是仅次于曲阜的全国第二大孔庙。,1.2,3.9,祭坛/礼制建筑,https://r1.visitbeijing.com.cn/vbj-s/2019/0807/20190807045523707.jpg,1,,
165,人口文化园,scenic,城市公园,北京市,近年来，东城区人口计生委积极实施以“倡导婚育文明、构建和谐家庭”为主题的人口文化体系建设,5.9,3.9,创意产业|文创园区|艺术空间,https://r1.visitbeijing.com.cn/vbj-s/2016/0928/20160928032731739.png,1,,
166,护城河休闲公园,scenic,城市公园,北京市,又称东南二环护城河城市休闲公园，东起东便门桥，西至玉蜓桥，紧邻龙潭体育产业园，位于京津城际铁路可视范围内。,2.8,4.8,休闲娱乐|城市公园,https://r1.visitbeijing.com.cn/vbj-s/2016/0919/20160919032149213.png,1,,
167,广安门外城市休闲公园,scenic,城市公园,北京市,广安门外城市休闲森林公园位于宣武区广外大街北侧，总面积2.8公顷，建设内容包括新植乔灌木，花卉，地被。,3.9,3.6,休闲娱乐|城市公园,https://r1.visitbeijing.com.cn/vbj-s/2016/0918/20160918090723498.jpg,1,,
168,王府井百货,scenic,商业街区,北京市,北京王府井百货(集团)股份有限公司前身是享誉中外的新中国第一店——北京市百货大楼，创立于1955年。,6.4,4.8,商业街区|网红打卡|购物美食,https://r1.visitbeijing.com.cn/vbj-s/2016/0901/20160901034348716.jpg,1,,
169,王府井小吃街,scenic,商业街区,北京市,王府井小吃街是北京及各地名优风味小吃的荟萃之苑，位于王府井大街好友世界商场的南侧，街内有店铺、摊位百余个，是一家专门经营北京及各地风味小吃、旅游纪念品、民间工艺品的市场。,2.2,4.1,商业街区|网红打卡|购物美食,https://r1.visitbeijing.com.cn/vbj-s/2016/0831/20160831040805956.jpg,1,,
170,北京国际友谊博物馆,scenic,博物馆/展览馆,北京市,北京国际友谊博物馆，专门收藏、保护、研究、展示和宣传新中国对外交往中党和国家领导人受赠的外交礼品的专题博物馆。,4.6,4.3,博物馆,https://r1.visitbeijing.com.cn/vbj-s/2016/0831/20160831115219975.jpg,1,,
171,中国海关博物馆,scenic,博物馆/展览馆,北京市,中国海关博物馆是中华人民共和国海关总署直属的国家级行业博物馆，位于北京市东城区建国门内大街六号，东接古观象台、西依海关总署机关大楼、北邻东长安街、南近柳罐胡同，为古典园林式建筑。,2.8,4.2,博物馆,https://r1.visitbeijing.com.cn/vbj-s/2016/0831/20160831114251866.jpg,1,,
172,皮影▪剪纸馆,scenic,文化艺术空间,北京市,看皮影，学剪纸，后台体验皮影戏，看皮影戏获赠剪纸精美小礼品，许多家长带孩子来到店里动手DIY。,3.4,3.5,手工艺|文化体验|非遗,https://r1.visitbeijing.com.cn/vbj-s/2016/0804/20160804123517556.jpg,1,,
173,北京天坛温泉康乐城,scenic,度假休闲,北京市,天坛温泉水含有近40种对人体有益的化学物质，特别是水中氟元素含量较高于其它元素，故可命名为“氟化泉”。,9.1,4.4,温泉康养|休闲度假|健康养生,https://r1.visitbeijing.com.cn/vbj-s/2016/0803/20160803114714235.jpg,1,,
174,吴东魁艺术馆,scenic,文化艺术空间,北京市,吴东魁艺术馆坐落于北京崇文区花市大街，总面积6000多平方米，艺术共三层，每层为一个展区。艺术馆总投资上亿元。,5.3,4,文创园区|美术馆/艺术馆|艺术展览,https://r1.visitbeijing.com.cn/vbj-s/2016/0707/20160707054319782.jpg,1,,
175,奇思妙想魔相馆3D,scenic,主题乐园,北京市,由极具创造性和互动性的3D立体墙画和地画组成，利用错视技术，让看似平面的绘画完美呈现三维效果。,1.7,3.9,3D艺术|摄影|网红打卡,https://r1.visitbeijing.com.cn/vbj-s/2015/1130/20151130022744288.jpg,1,,
176,北京柏林寺,scenic,宗教场所,北京市,明清之际，寺为北京八大寺庙之一，建于元至正七年(公元1347年)，寺内保存的《龙藏》经版，是中国释藏中现存的唯一木刻经版。,3.7,4.4,佛教|宗教建筑,https://r1.visitbeijing.com.cn/vbj-s/2015/1120/20151120043549106.jpg,1,,
177,Art Once自助画室,scenic,文化艺术空间,北京市,Art Once是一个画室，也是一个聚会场所，来画室的顾客不需要绘画技巧，只要带着你愿意尝试的心就能绘画出属于自己的作品。,2.6,4,DIY|绘画|艺术体验,https://r1.visitbeijing.com.cn/vbj-s/2015/0911/20150911015343955.jpg,1,,
178,红剧场,scenic,演艺剧场,北京市,《功夫传奇》专为旅游者量身定制，爱尔兰副大使曾赞叹：“这是一出比大河之舞更振奋人心的演出”。,2.6,3.7,文化体验|演艺剧场,https://r1.visitbeijing.com.cn/vbj-s/2015/0824/20150824040902684.jpg,1,,
179,长安大戏院,scenic,演艺剧场,北京市,长安大戏院承载着弘扬民族传统文化的责任，牵动着中外新老戏迷的心。,3.9,4.4,文化体验|演艺剧场,https://r1.visitbeijing.com.cn/vbj-s/2015/0820/20150820034034827.jpg,1,,
180,天地剧场,scenic,演艺剧场,北京市,天地剧场被市文化局定为旅游杂技剧场，每晚7:10-8:30对外接待中外旅游团观看演出杂技。,5.2,3.9,文化体验|演艺剧场,https://r1.visitbeijing.com.cn/vbj-s/2015/0820/20150820024451431.jpg,1,,
181,北京杜莎夫人蜡像馆,scenic,主题乐园,北京市,杜莎夫人蜡像馆是全世界水平最高的蜡像馆之一，有众多世界名人的蜡像，其中恐怖屋最为出名。,2,3.9,博物馆|蜡像馆|名人文化|娱乐体验,https://r1.visitbeijing.com.cn/vbj-s/2015/0722/20150722101001290.jpg,1,,
182,北京乾鼎老酒博物馆,scenic,博物馆/展览馆,北京市,北京乾鼎老酒博物馆是以历史与收藏并重，展览、挖掘、传承、文化交流于一体的综合性老酒博物馆。,3.2,4.4,博物馆,https://r1.visitbeijing.com.cn/vbj-s/2013/1126/20131126022122498.jpg,1,,
183,天安门城楼,scenic,历史古迹,北京市,天安门城楼是中国古代最壮丽的城楼之一，以杰出的建筑艺术和特殊的政治地位为世人所瞩目。,8.9,3.8,中轴线遗产|地标建筑|明清历史|皇家建筑|政治地标|遗产古迹,https://r1.visitbeijing.com.cn/vbj-s/2013/0922/20130922050219630.jpg,1,,
184,永定门公园,scenic,城市公园,北京市,永定门公园是北京“十字景观轴”重要组成部分，被尊称为“龙脉”“天街”。北起南纬路，南至永定门，东至天坛坛墙，西与永定门公园相接。,9.8,4.5,休闲娱乐|城市公园,https://r1.visitbeijing.com.cn/vbj-s/2013/0503/20130503095951614.jpg,1,,
185,龙潭西湖公园,scenic,城市公园,北京市,公园三季有花，四季常青的园林景观，环境幽雅，景色宜人，绿柳成荫，为当地百姓创造了一处温馨舒适的休闲娱乐环境。,1.1,4.2,休闲垂钓|休闲娱乐|城市公园|水域风光|自然景观,https://r1.visitbeijing.com.cn/vbj-s/2013/0428/20130428051729493.jpg,1,,
186,玉蜓公园,scenic,城市公园,北京市,公园建设成了一个集休闲、娱乐、健身于一体的大型文化活动广场及绿地公园，营造了良好的“进京第一印象”。,2.7,4.6,休闲娱乐|城市公园,https://r1.visitbeijing.com.cn/vbj-s/2013/0428/20130428033731190.jpg,1,,
187,北二环城市公园,scenic,城市公园,北京市,北二环城市公园在设计建设中最大限度地突出了绿色生态和植物造景，减少了人工雕琢的痕迹，尽力追求自然和谐的效果。,5.3,3.8,休闲娱乐|城市公园,https://r1.visitbeijing.com.cn/vbj-s/2013/0426/20130426055313636.jpg,1,,
188,奥林匹克社区花园,scenic,城市公园,北京市,公园里大规格的乔灌木和富于季相变化的植物搭配来营造自然、生动的绿色空间，一系列以奥运为主题的雕塑，使人处处感受朝气蓬勃的奥运精神。,1,3.8,城市公园|社区公园|奥运遗产|休闲娱乐,https://r1.visitbeijing.com.cn/vbj-s/2013/0426/20130426011136139.jpg,1,,
189,北京皇城艺术馆,scenic,文化艺术空间,北京市,北京市政府的重点项目和明清北京皇城保护工作的重要组成部,3.7,3.6,文创园区|美术馆/艺术馆|艺术展览,https://r1.visitbeijing.com.cn/vbj-s/2013/0407/20130407053724374.jpg,1,,
190,北京新文化运动纪念馆,scenic,纪念馆/名人故居,北京市,全面展示五四新文化运动历史的综合性博物馆,3.3,3.8,纪念馆|新文化运动|五四运动|近代历史|思想启蒙,https://r1.visitbeijing.com.cn/vbj-s/2013/0407/20130407021239603.jpg,1,,
191,中国铁道博物馆正阳门展馆,scenic,博物馆/展览馆,北京市,主要任务是负责铁路文物、科研成果等展品的收藏、保管、陈列、展示及编辑研究工作。同时作为进行爱国主义宣传教育和科学普及教育的基地。,3,3.8,中轴线遗产|博物馆|铁路|交通|历史建筑,https://r1.visitbeijing.com.cn/vbj-s/2015/0803/20150803041232878.jpg,1,,
192,北京王府井古人类文化遗址博物馆,scenic,博物馆/展览馆,北京市,返朴归真的陈列气氛，古人类生活、狩猎的大型图画，将观众带到2万年前祖先的家园，体会祖先的生活环境、生活方式。,2,4.5,博物馆|历史文化|商业街区|网红打卡|考古|购物美食|遗址,https://r1.visitbeijing.com.cn/vbj-s/2013/0401/20130401112130167.jpg,1,,
193,保利艺术博物馆,scenic,博物馆/展览馆,北京市,馆藏以100余件青铜器为主另有石刻、书画等不乏有举世罕见的艺术珍品。以弘扬中华民族优秀传统文化艺术，抢救保护流散在海外的中国珍贵文物,4.2,4.1,博物馆|艺术展览,https://r1.visitbeijing.com.cn/vbj-s/2015/1120/20151120040601817.jpg,1,,
194,中国医史博物馆,scenic,博物馆/展览馆,北京市,中国医史博物馆展出有丰富的祖国医药文物珍品：著名的医学图书、御制稿本、书画拓片、陶瓷玉器等藏品3000多件。,2,4.2,博物馆,https://r1.visitbeijing.com.cn/vbj-s/2013/0328/20130328033528812.jpg,1,,
195,北京市钟鼓楼文物保管所,scenic,历史古迹,北京市,北京城内的钟楼和鼓楼位于京城中轴线北部终点，由于其类似城楼的建筑形式，飞檐翼角的独特形态，因此具有很高的艺术价值和审美情趣。,1.2,4.6,中轴线遗产|博物馆|文物保管|历史建筑|明清历史,https://r1.visitbeijing.com.cn/vbj-s/2013/0328/20130328111304451.jpg,1,,
196,文天祥祠,scenic,纪念馆/名人故居,北京市,文天祥祠坐北朝南，由大门，过厅，正堂组成。在过厅和正堂内设有文天祥生平事迹展及塑像。院内一棵歪脖枣树相传为文天祥亲手所植。,3.6,4.4,名人故居|遗产古迹,https://r1.visitbeijing.com.cn/vbj-s/2013/0328/20130328101932311.jpg,1,,
197,北京市东南城角角楼文物保管所,scenic,历史古迹,北京市,矗立着一座雄伟的建筑物，俯视着乘火车进出北京的旅客，形成象征北京的明显标志，它即是建在北京明、清城垣东南角上的角楼。,7.2,4.7,历史建筑|城垣建筑|明清历史|遗产古迹,https://r1.visitbeijing.com.cn/vbj-s/2013/0327/20130327044023781.jpg,1,,
198,北京正阳门,scenic,历史古迹,北京市,前门大街是北京著名的商业街之一，位于北京的中轴线上，北起正阳门箭楼，南至天桥路口，当年曾是皇帝出城去往天坛、山川坛的御路。,9.2,4.4,中轴线遗产|地标建筑|明清历史|城门|历史建筑|遗产古迹,https://r1.visitbeijing.com.cn/vbj-s/2013/0327/20130327033630569.jpg,1,,
199,北京文博交流馆,scenic,博物馆/展览馆,北京市,以明代建筑、非物质文化遗产—京音乐而著称，举办文化交流活动、文博信息交流的综合性博物馆,3.7,4.2,博物馆|文化交流|文物,https://r1.visitbeijing.com.cn/vbj-s/2013/0327/20130327024059254.jpg,1,,
200,北京警察博物馆,scenic,博物馆/展览馆,北京市,博物馆采取编年史与重大专题相结合的展陈方式，向社会全方位、多角度的公开展示首都公安所走过的艰辛历程,5.5,4.1,博物馆,https://r1.visitbeijing.com.cn/vbj-s/2013/0322/20130322014502715.jpg,1,,
201,盛锡福中国帽文化博物馆,scenic,博物馆/展览馆,北京市,盛锡福传承发展了独特精湛的中华制帽技艺，积淀形成了盛锡福的传奇帽业历史文化特色。,2.5,4.3,博物馆|历史文化,https://r1.visitbeijing.com.cn/vbj-s/2013/0307/20130307050623417.jpg,1,,
202,北京古观象台,scenic,博物馆/展览馆,北京市,古观象台，亦称明清观象台，它是一座展示我国古代天文仪器以及古代天文学的自然科学类专题遗址博物馆。,5,4.3,科技馆|天文科普,https://r1.visitbeijing.com.cn/vbj-s/2013/0305/20130305054038757.jpg,1,,
203,国家自然博物馆,scenic,博物馆/展览馆,北京市,是新中国依靠自己的力量筹建的第一座大型自然历史博物馆，主要从事古生物、动物、植物和人类学等领域的标本收藏、科学研究和科学普及工作。,2.2,3.9,博物馆|科技馆|科普教育,https://r1.visitbeijing.com.cn/vbj-s/2025/1107/9809911d58b2ecb6825a2829e87dde83.jpg,1,,
204,北京自来水博物馆,scenic,博物馆/展览馆,北京市,一代代供水人不畏艰辛，无私奉献。多少年来，水给京城人带来幸福和欢乐，也给京城建设带来勃勃生机。,2.6,4.2,博物馆,https://r1.visitbeijing.com.cn/vbj-s/2013/0301/20130301042854693.jpg,1,,
205,龙潭庙会,scenic,文化艺术空间,北京市,春节龙潭庙会，自1984年开始举办，成为北京市春节期间一项传统性的大型群众文化活动，也是东城区引以为荣的文化品牌。,1.2,4.4,民俗活动|节庆活动,https://r1.visitbeijing.com.cn/vbj-s/2013/0116/20130116055638324.jpg,1,,
206,地坛庙会,scenic,文化艺术空间,北京市,地坛春节文化庙会是京城恢复最早的庙会，以地道民俗、传统民间、多彩民族特色闻名于京城。,2.1,4,民俗活动|节庆活动,https://r1.visitbeijing.com.cn/vbj-s/2013/0116/20130116103236100.jpg,1,,
207,北京珠市口教堂,scenic,宗教场所,北京市,珠市口教堂是美以美会（卫理公会）在北京创设的一座基督教堂，也是北京目前仍在使用中的几座基督教堂之一,2.8,3.8,基督教|宗教建筑,https://r1.visitbeijing.com.cn/vbj-s/2013/0107/20130107053158369.jpg,1,,
208,中国妇女儿童博物馆,scenic,博物馆/展览馆,北京市,以妇女儿童为主题 促妇女儿童事业发展 为妇女儿童服务,3.8,4.3,博物馆|妇女|儿童|社会历史|文化,https://r1.visitbeijing.com.cn/vbj-s/2013/0106/20130106045619411.jpg,1,,
209,明瑞府（寿恩固伦公主府）（六公主府）,scenic,历史古迹,北京市,带你走进被遗忘的时间与空间 品味历史遗留给北京的四合院落,3.7,4.5,公主府|历史建筑|王府,https://r1.visitbeijing.com.cn/vbj-s/2013/0106/20130106110125738.jpg,1,,
210,台湾会馆,scenic,历史古迹,北京市,了解台湾文化 品味台湾之情 从这里开始,2,4,两岸交流|会馆|历史建筑,https://r1.visitbeijing.com.cn/vbj-s/2013/0105/20130105011806579.jpg,1,,
211,北京成贤街,scenic,历史文化街区,北京市,寻觅繁华都市那一抹淡淡的“返古幽香”,5.7,4.7,历史文化街区|孔庙|国子监|胡同,https://r1.visitbeijing.com.cn/vbj-s/2013/0105/20130105111714579.jpg,1,,
212,北京人民艺术剧院戏剧博物馆,scenic,博物馆/展览馆,北京市,中国舞台戏剧先锋 引领戏剧文化风潮,3.5,4.2,博物馆|文化体验|演艺剧场|艺术展览,https://r1.visitbeijing.com.cn/vbj-s/2013/0104/20130104014933929.jpg,1,,
213,正乙祠,scenic,历史古迹,北京市,坐落在北京市宣武区前门西河沿220号，它东与天安门广场相邻，南与琉璃厂文化街相连，是一座具有三百多年历史的纯木质结构的古戏楼。,8.4,3.8,会馆|历史建筑|戏楼|京剧|文化遗产|银号会馆,https://r1.visitbeijing.com.cn/vbj-s/2012/1229/20121229034531353.jpg,1,,
214,中国国家博物馆,scenic,博物馆/展览馆,北京市,中国国家博物馆是代表国家收藏、研究、展示、阐释中华文化代表性物证的最高历史文化艺术殿堂，负有留存民族集体记忆、传承国家文化基因、促进文明交流互鉴的重要使命，也是国家文化客厅。,6.1,3.9,博物馆,https://r1.visitbeijing.com.cn/vbj-s/2023/1213/306951f1a9590f79e531fcde8387de62.jpg,1,,
215,北京市规划展览馆,scenic,博物馆/展览馆,北京市,北京市规划展览馆是北京市爱国主义教育基地。展示北京城的悠久历史、奥运场馆规划、以及未来北京在绿化美化、改善交通状况等方面的规划蓝图。,2.8,3.7,博物馆|城市规划|展览,https://r1.visitbeijing.com.cn/vbj-s/2012/1204/20121204032624337.jpg,1,,
216,花市清真寺,scenic,宗教场所,北京市,“宏敞壮丽，极一时之盛”， 重修后藻井虽不金碧辉粕，却益显古色古香，朴实雅致，美观不减当初。,2.3,4.3,伊斯兰教|宗教建筑,https://r1.visitbeijing.com.cn/vbj-s/2012/1206/20121206011243799.jpg,1,,
217,法华寺,scenic,宗教场所,北京市,这座曾为京师第一大寺，如今破败没落倒有些“旧时王谢堂前燕，飞入寻常百姓家”的感慨了。,1.4,4.2,佛教|宗教建筑,https://r1.visitbeijing.com.cn/vbj-s/2012/1205/20121205090602873.jpg,1,,
218,阳平会馆戏楼,scenic,历史古迹,北京市,现在的我们几乎要遗忘了，老北京曾是一座戏剧之城。清乾隆帝六下江南促成了徽班进京，看戏成了当时最时尚的娱乐方式。,1.6,3.7,文化体验|演艺剧场,https://r1.visitbeijing.com.cn/vbj-s/2012/1208/20121208035001289.jpg,1,,
219,菊儿胡同,scenic,历史文化街区,北京市,与繁华相邻有着浓重的历史书似的味道。,2.1,4,Citywalk|老北京风情|胡同/四合院,https://r1.visitbeijing.com.cn/vbj-s/2012/1208/20121208121613296.jpg,1,,
220,簋街,scenic,商业街区,北京市,簋街——夜食者的天堂。以吃闻名天下，以“麻小儿”红遍京城。,1.3,4.5,商业街区|网红打卡|购物美食,https://r1.visitbeijing.com.cn/vbj-s/2012/1207/20121207015313334.jpg,1,,
221,东单公园,scenic,城市公园,北京市,东单公园是以山石、荷池、花木、亭台为主要造景结构的街头公园。,3.5,4.6,休闲娱乐|城市公园,https://r1.visitbeijing.com.cn/vbj-s/2012/1207/20121207025732853.jpg,1,,
222,人民大会堂,scenic,历史古迹,北京市,走进人民大会堂，感受这里的庄重，感受这里的历史，感受这里的文化气息。,2.2,3.5,会议|建筑|政治地标,https://r1.visitbeijing.com.cn/vbj-s/2012/1207/20121207024350228.jpg,1,,
223,皇城根遗址公园,scenic,历史古迹,北京市,不论是春夏秋冬，这里总会有老年人锻炼身体、夏季这里的小广场上还有舞会、秋天这里别有秋韵、春天这里百花齐放。,4,4,历史文化|考古|遗址|遗址公园,https://r1.visitbeijing.com.cn/vbj-s/2012/1207/20121207022524820.jpg,1,,
224,菖蒲河公园,scenic,城市公园,北京市,菖蒲河，又名外金水河，因河中生长菖蒲而得名。菖蒲如画 古韵新风。,3.6,4.3,休闲娱乐|城市公园,https://r1.visitbeijing.com.cn/vbj-s/2012/1207/20121207104052534.jpg,1,,
225,中国邮政邮票博物馆,scenic,博物馆/展览馆,北京市,行业龙头博物馆，藏有近万件邮政文物和数亿枚中外邮资票品。,5.9,3.8,博物馆,https://r1.visitbeijing.com.cn/vbj-s/2012/1206/20121206053828783.jpg,1,,
226,文昌帝君庙,scenic,宗教场所,北京市,文昌帝君庙又称梓橦庙，即祭祀梓橦帝君或文昌司禄宏仁帝君之庙，旧时士人多祀之，以求保佑功名,1.2,3.7,宗教建筑|道教,https://r1.visitbeijing.com.cn/vbj-s/2012/1209/20121209101512838.jpg,1,,
227,北京文博交流馆（北京市智化寺管理处）,scenic,博物馆/展览馆,北京市,明初司礼监太监王振于正统八年仿唐宋“伽蓝七堂”规制而建，初为家庙，后赐名“报恩智化寺”。,3.1,3.8,佛教|宗教建筑,https://r1.visitbeijing.com.cn/vbj-s/2012/1227/20121227110006910.jpg,1,,
228,总理衙门,scenic,历史古迹,北京市,总理各国事务衙门简称“总理衙门”、“总署”、“译署”，为清政府为办洋务及外交事务而特设的中央机构。,3.5,3.7,历史建筑|外交史|清代,https://r1.visitbeijing.com.cn/vbj-s/2012/1227/20121227110428398.jpg,1,,
229,紫禁城角楼,scenic,历史古迹,北京市,檐角秀丽，造型玲珑别致，成为紫禁城的标志，使人惊奇，赞叹与敬仰。,3.5,3.6,世界遗产|中轴线遗产|博物馆|明清历史|皇家建筑|遗产古迹,https://r1.visitbeijing.com.cn/vbj-s/2012/1227/20121227101202237.jpg,1,,
230,中国美术馆,scenic,文化艺术空间,北京市,中国美术馆是以收藏、研究、展示中国近现代艺术家作品为重点的国家造型艺术博物馆。,5.9,3.6,文创园区|美术馆/艺术馆|艺术展览,https://r1.visitbeijing.com.cn/vbj-s/2012/1208/20121208060240604.jpg,1,,
231,循郡王府,scenic,历史古迹,北京市,循郡王名永璋，是乾隆皇帝第三子，死后追封循郡王爵，府邸十分别致。,1.3,4.4,历史建筑|王府,https://r1.visitbeijing.com.cn/vbj-s/2012/1227/20121227110710510.jpg,1,,
232,王府井大街,scenic,商业街区,北京市,是北京最有名的商业区，吸引人的是它经久不息的文化气息。,6.8,4.4,商业街区|网红打卡|购物美食,https://r1.visitbeijing.com.cn/vbj-s/2012/1208/20121208054810311.jpg,1,,
233,南馆公园,scenic,城市公园,北京市,明代这里是一座铜厂，如今这是一座现代园林。,1.7,4.3,休闲娱乐|城市公园,https://r1.visitbeijing.com.cn/vbj-s/2015/0812/20150812044242693.jpg,1,,
234,毛主席纪念堂,scenic,纪念馆/名人故居,北京市,是为纪念领袖毛泽东而建造的是天安门广场中最受重视的建筑物之一，那里躺着一位老人。,9.5,4.6,爱国主义教育|红色旅游,https://r1.visitbeijing.com.cn/vbj-s/2015/0814/20150814045710543.jpg,1,,
235,柳荫公园,scenic,城市公园,北京市,是北京市内唯一具有田园风光的山村野趣公园。,2.2,4.8,休闲娱乐|城市公园,https://r1.visitbeijing.com.cn/vbj-s/2012/1208/20121208024306972.jpg,1,,
236,李鸿章祠堂,scenic,纪念馆/名人故居,北京市,李鸿章一代总督，一代大臣，好坏各有其说，祠堂的点滴揭示给我们的事毋庸置疑的威严和缜密。,4.7,4.1,名人故居|历史建筑|遗产古迹,https://r1.visitbeijing.com.cn/vbj-s/2012/1208/20121208023410795.jpg,1,,
237,老舍纪念馆,scenic,纪念馆/名人故居,北京市,原为老舍故居，即我们儿时熟知的“丹柿小院”。,3,3.9,名人故居|爱国主义教育|红色旅游|纪念馆,https://r1.visitbeijing.com.cn/vbj-s/2012/1208/20121208022456691.jpg,1,,
238,黄寺,scenic,宗教场所,北京市,清高宗指定把五世达赖曾经住过的西黄寺作为他的安禅之所。,5.6,3.6,佛教|宗教建筑,https://r1.visitbeijing.com.cn/vbj-s/2012/1208/20121208021602942.jpg,1,,
239,皇史宬,scenic,历史古迹,北京市,是我国明清两代的皇家档案馆，又称表章库。森严的气氛让你看到了多年之前的辉煌。,7.3,4.6,历史|古建筑|档案,https://r1.visitbeijing.com.cn/vbj-s/2012/1208/20121208020642124.jpg,1,,
240,和敬公主府,scenic,历史古迹,北京市,是清乾隆皇帝第三女固伦和敬公主下嫁后的赐第，古代高位之上的公主也有不为人知的秘密。,2.9,4.5,公主府|历史建筑|清代建筑|王府,https://r1.visitbeijing.com.cn/vbj-s/2012/1208/20121208015412134.jpg,1,,
241,翰林院遗址,scenic,历史古迹,北京市,翰林院遗为明初鸿胪寺旧址。如今这里还弥漫着阵阵墨香，仿佛诉说着一段故事。,6.5,4.6,历史文化|考古|遗址,https://r1.visitbeijing.com.cn/vbj-s/2012/1208/20121208014226429.jpg,1,,
242,贡院,scenic,历史古迹,北京市,贡院，是古代乡试、会试的考场，即开科取士的地方。,3,4.1,历史建筑|古代考场|科举,https://r1.visitbeijing.com.cn/vbj-s/2012/1210/20121210044025875.jpg,1,,
243,孚郡王府,scenic,历史古迹,北京市,"孚郡王府孚王府,也被称为孚郡王府，该府是世袭递降郡王府。",4.5,4.6,历史建筑|王府|铁帽子王,https://r1.visitbeijing.com.cn/vbj-s/2012/1210/20121210035935826.jpg,1,,
244,段祺瑞执政府旧址,scenic,历史古迹,北京市,民国初期，这里先后为总统府、国务院、总理府，以及段祺瑞执政府所在地。,4.2,4.6,历史建筑|政治史|民国,https://r1.visitbeijing.com.cn/vbj-s/2012/1210/20121210032016971.jpg,1,,
245,段祺瑞宅,scenic,纪念馆/名人故居,北京市,段祺瑞宅原为清代康熙皇帝第二十二子允祜府，北洋政府时期，该府被段祺瑞所得。,1.5,4.3,名人故居|民国,https://r1.visitbeijing.com.cn/vbj-s/2012/1210/20121210030129965.jpg,1,,
246,东交民巷,scenic,历史文化街区,北京市,老北京使馆区，颇有历史遗存。,2.1,4.6,历史文化街区|使馆区|西洋建筑,https://r1.visitbeijing.com.cn/vbj-s/2012/1210/20121210105352607.jpg,1,,
247,东方广场,scenic,商业街区,北京市,东方广场是目前亚洲最大的商业建筑群之一，时尚感、包容性、多样化是它能带个人的最大体验。,1.2,4.5,公共活动空间|城市广场,https://r1.visitbeijing.com.cn/vbj-s/2015/0813/20150813014055391.jpg,1,,
248,大公主府,scenic,历史古迹,北京市,同治年间为荣安固伦公主府，俗称“大公主府”。,3.8,4.4,公主府|历史建筑|清代建筑|王府,https://r1.visitbeijing.com.cn/vbj-s/2012/1210/20121210093900931.jpg,1,,
249,鼓楼,scenic,历史古迹,北京市,鼓楼位于鼓楼东大街与地安门外大街交会处。与钟楼一起，元、明、清时为北京全城报时中心。,2,4.7,中轴线|古建筑|地标,https://r1.visitbeijing.com.cn/vbj-s/2016/1123/20161123040837425.jpg,1,,
250,北京钟楼,scenic,历史古迹,北京市,在北京钟楼顶上，悬挂着一口巨大的铜钟。钟声浑厚有力，方圆数里都能听到，堪称“古钟之王”。,1.7,4.1,中轴线|古建筑|地标,https://r1.visitbeijing.com.cn/vbj-s/2012/1207/20121207022031552.jpg,1,,
251,天安门广场,scenic,历史古迹,北京市,这里曾是明清封建帝王统治时代东、西、南三面用围墙围成的一片普通百姓的禁地。在近现代史上成为了无数历史事件的见证。,9.4,4.3,中轴线遗产|公共活动空间|城市广场,https://r1.visitbeijing.com.cn/vbj-s/2023/0331/fefbd719e6fb76b91c9be1363febd63d.jpg,1,,
252,纪晓岚故居,scenic,纪念馆/名人故居,北京市,因为一部铁齿铜牙纪晓岚而爆红的阅微草堂，相比和珅的恭王府虽然很小，但是确多了一份文人的风雅。,7.6,3.6,名人故居,https://r1.visitbeijing.com.cn/vbj-s/2012/1206/20121206105451916.jpg,1,,
253,文丞相祠,scenic,纪念馆/名人故居,北京市,“人生自古谁无死，留取丹心照汗青”这首脍炙人口的古诗作者正是在此处被囚禁并慷慨就义的。,1.7,3.9,名人故居|遗产古迹,https://r1.visitbeijing.com.cn/vbj-s/2015/0812/20150812012938623.jpg,1,,
254,南锣鼓巷,scenic,历史文化街区,北京市,近几年红得发紫的胡同，文艺青年的聚集地，特色店铺也很多，只是因为商业气息越来越浓可能已经失去了最初的韵味。,2.9,4.2,商业街区|网红打卡|购物美食,https://r1.visitbeijing.com.cn/vbj-s/2020/0509/20200509042230914.jpg,1,,
255,东南角楼,scenic,历史古迹,北京市,见证了500年来京城的变迁，城楼上留下了八国联军侵略者刻下的名字也因为近代的修复而焕然一新。,9.5,3.9,中轴线遗产|故宫组成部分|明清历史|皇家建筑|遗产古迹,https://r1.visitbeijing.com.cn/vbj-s/2015/0811/20150811044207732.jpg,1,,
256,烟袋斜街,scenic,历史文化街区,北京市,其由来正是因为这条斜街曾经都是烟袋铺而得名，而它现在的兴起完全是因为后海与鼓楼地区的繁华有极大关系。,2.5,3.8,历史文化街区|老北京风情|胡同|特色商业,https://r1.visitbeijing.com.cn/vbj-s/2020/0616/20200616022205213.jpg,1,,
257,东棉花胡同,scenic,历史文化街区,北京市,胡同名称的由来已经无从考证，这里最吸引人的可能就是中国戏剧的最高学府之一中戏的所在地，今日在这里与你擦肩而过的有可能就是明日之星。,1.2,3.7,Citywalk|老北京风情|胡同/四合院,https://r1.visitbeijing.com.cn/vbj-s/2015/0811/20150811031719814.jpg,1,,
258,帽儿胡同,scenic,历史文化街区,北京市,帽儿胡同是当今北京城十大胡同之一，排行第四。虽然排名这个事儿比较玄乎，但是确实值得一看。,3.5,3.7,Citywalk|老北京风情|胡同/四合院,https://r1.visitbeijing.com.cn/vbj-s/2015/0811/20150811025735759.jpg,1,,
259,圣米厄尔教堂,scenic,宗教场所,北京市,北京最小的一个天主教堂也是北京修建的最后一个天主教堂，这两个之最一定就足够吸引您去一探究竟。,1.5,4.4,基督教|宗教建筑,https://r1.visitbeijing.com.cn/vbj-s/2012/1207/20121207095708552.jpg,1,,
260,荣禄故宅,scenic,纪念馆/名人故居,北京市,荣禄故居的主人是清朝大臣荣禄，慈禧的宠臣，这年头但凡和清宫沾边的事儿都会很有市场，他的故居也不例外。,7,3.9,名人故居,https://r1.visitbeijing.com.cn/vbj-s/2012/1206/20121206040821245.jpg,1,,
261,人民英雄纪念碑,scenic,纪念馆/名人故居,北京市,人民英雄纪念碑是为了纪念在人民解放战争和革命中牺牲的人民英雄而建立的，这里充满了肃穆与对人民英雄的崇敬。,1.2,3.8,爱国主义教育|红色旅游,https://r1.visitbeijing.com.cn/vbj-s/2015/0810/20150810032655397.jpg,1,,
262,茅盾故居,scenic,纪念馆/名人故居,北京市,茅盾故居共有两处，其文学上极高的造诣为这一座故居添加了不可磨灭的意义。,1,4.2,名人故居,https://r1.visitbeijing.com.cn/vbj-s/2015/0810/20150810023801816.jpg,1,,
263,北京烤鸭博物馆,scenic,博物馆/展览馆,北京市,北京烤鸭博物馆主要展示北京烤鸭的历史。,3.9,4.2,博物馆|饮食文化|烤鸭|老字号|非遗,https://r1.visitbeijing.com.cn/vbj-s/2017/0522/20170522024317374.jpg,1,,
264,北京市古代钱币展览馆,scenic,博物馆/展览馆,北京市,北京市古代钱币展览馆的前身是德胜门箭楼文物保管所。,2.3,4.6,博物馆|钱币|金融|历史|收藏,https://r1.visitbeijing.com.cn/vbj-s/2021/0719/20210719142933593.jpg,1,,
265,93号院博物馆,scenic,博物馆/展览馆,北京市,93号院博物馆（No.93 Courtyard Museum）处于北京市文化气息最浓厚的西城区琉璃厂大栅栏区域，是进行非遗和民间艺术传播和体验的基地，博物馆借助大栅栏-琉璃厂历史文化街区的传统民居为受众打造了一个中国传统文化艺术体验、展示和交流的场所。,3.7,4.2,博物馆,https://r1.visitbeijing.com.cn/vbj-s/2017/0523/20170523101804758.jpg,1,,
266,大千画廊美术馆,scenic,文化艺术空间,北京市,始于1988年，由北京市大千画廊创立，既是画廊，也是收藏机构。由中国知名收藏家、鉴定专家高洪地创办。,2.9,3.7,文创园区|美术馆/艺术馆|艺术展览,https://r1.visitbeijing.com.cn/vbj-s/2017/0523/20170523014144921.jpg,1,,
267,北京鲁迅博物馆,scenic,博物馆/展览馆,北京市,北京鲁迅博物馆（北京新文化运动纪念馆）是由原北京鲁迅博物馆和北京新文化运动纪念馆合并组建而成，现包括鲁迅博物馆馆区和新文化运动纪念馆馆区。,1.9,4.1,博物馆|名人故居|新文化运动|五四运动,https://r1.visitbeijing.com.cn/vbj-s/2017/0421/20170421051904262.jpg,1,,
268,中国儿童中心老牛儿童探索馆,scenic,博物馆/展览馆,北京市,中国儿童中心老牛儿童探索馆（简称探索馆）坐落在中国儿童中心园内，是中国儿童中心、老牛基金会、北京师范大学中国公益研究院三方合作在中国建立的第一家融合国际先进儿童博物馆教育理念和运作模式的公益性儿童探索馆。,4.8,3.6,亲子互动|科普教育|儿童乐园,https://r1.visitbeijing.com.cn/vbj-s/2017/0525/20170525062949162.jpg,1,,
269,砖塔胡同,scenic,历史文化街区,北京市,砖塔胡同因胡同东口（通西四南大街）的砖塔而得名。是北京市历史最悠久的胡同之一，也是目前北京遭到破坏较少，风貌保存较好的胡同之一（它非常的古老），元朝就有了。,2.1,3.7,Citywalk|历史遗迹|文化遗产|石刻艺术|老北京风情|胡同/四合院,https://r1.visitbeijing.com.cn/vbj-s/2017/0417/20170417061300730.jpg,1,,
270,民族文化宫博物馆,scenic,博物馆/展览馆,北京市,北京民族文化宫地处北京西长安街北侧，东临西单繁华商业区，北靠北京金融街，是新中国成立十周年首都十大建筑之一。曾被英国出版的《世界建筑史》列为新中国一宫，1999年被国际建筑师协会第二届大会选为"当代中国建筑艺术精品之一"。,2.6,4.8,博物馆|历史文化|文化场馆,https://r1.visitbeijing.com.cn/vbj-s/2017/0417/20170417043807125.jpg,1,,
271,北京国际展览中心,scenic,博物馆/展览馆,北京市,北京国际展览中心隶属于中国国际贸易促进委员会北京市分会(中国国际商会北京商会)(简称"北京市贸促会")，原机构名称为北京市贸促会展览部。为便于开展对外交流，1985年起在保留北京市贸促会展览部名称和职能的基础上，对外称为北京国际展览中心。,1.8,4.3,会展中心|会展|商务,https://r1.visitbeijing.com.cn/vbj-s/2017/0417/20170417035923987.jpg,1,,
272,北京地质礼堂,scenic,演艺剧场,北京市,北京地质礼堂，位于北京市西城区，总建筑面积为5000平方米，是一座多功能、综合性的文化娱乐场所。礼堂观众坐席达1280位，平均每天放映场次为24场以上。,4.5,4.2,剧场|演出|礼堂,https://r1.visitbeijing.com.cn/vbj-s/2017/0413/20170413082206320.jpg,1,,
273,星夜相声会馆,scenic,演艺剧场,北京市,北京“星夜相声会馆”成立于2010年10月，是一个专业的相声艺术团体。会馆以“发展中国传统艺术、发扬中国曲艺文化”为主旨，以“继承传统精髓、弘扬传统经典”为原则，其运营的理念和艺术造诣深受业界和大众的认可与肯定。由李菁领衔主演并率领：崔琦、王文林、康松广、靳佩良、王玥波、徐德亮、应宁、王磊、郭天翼、张天雷、张硕、郭阳、郭亮、刘星等老中青实力派相声演员。,2.9,4.6,文化体验|演艺剧场,https://r1.visitbeijing.com.cn/vbj-s/2017/0413/20170413073505460.jpg,1,,
274,中国国家话剧院小剧场,scenic,演艺剧场,北京市,国话小剧场(中国国家话剧院小剧场)是中国国家话剧院直属剧场。,6.6,4.3,文化体验|演艺剧场,https://r1.visitbeijing.com.cn/vbj-s/2017/0413/20170413071942388.jpg,1,,
275,北京梅兰芳大剧院,scenic,演艺剧场,北京市,北京梅兰芳大剧院 坐落在北京西城官园桥东南角的黄金地段，这是一座以中国京剧艺术大师梅兰芳先生命名，集传统与现代艺术完美结合的现代化表演场所。大剧院隶属于中国国家京剧院，面积13000余平米，地上五层，地下两层，有观众席位980座，具有演出、展览、会议、声像录制等多种功能，也是品味高雅、陶冶情趣、聚会社交的首选之地。,3.5,4.7,文化体验|演艺剧场|京剧|现代建筑|艺术表演,https://r1.visitbeijing.com.cn/vbj-s/2017/0413/20170413071359276.jpg,1,,
276,旧鼓楼社区公益小剧场,scenic,演艺剧场,北京市,推广宣传社区文化活动理念，旧鼓楼社区公益小剧场为更多民间独立艺术创造者提供展示平台，促进中国民间独立艺术者更好的完善、精进和创造作品。,1.2,4.4,文化体验|演艺剧场,https://r1.visitbeijing.com.cn/vbj-s/2017/0413/20170413070605788.jpg,1,,
277,民族文化宫大剧院,scenic,演艺剧场,北京市,民族文化宫大剧院地处北京西长安街北侧，东临西单繁华商业区，北靠北京金融街，是新中国成立十周年首都十大建筑之一，曾被英国出版的《世界建筑史》列为新中国一宫。,1.2,3.6,文化体验|演艺剧场|文化场馆,https://r1.visitbeijing.com.cn/vbj-s/2017/0413/20170413065022856.jpg,1,,
278,西区小剧场,scenic,演艺剧场,北京市,北京西区剧场位于二环里熙熙攘攘的旅游景区，是一个多元艺术的开放空间，曾在2014、2015年蝉联 “全国音乐剧小型场馆最具活力排行榜前三甲”。,1.5,4.3,文化体验|演艺剧场,https://r1.visitbeijing.com.cn/vbj-s/2017/0413/20170413061637406.jpg,1,,
279,中国国家话剧院,scenic,演艺剧场,北京市,中国国家话剧院(NTCC)，位于北京市西城区广安门外大街277号，是中华人民共和国的国家表演最高级艺术团体，是由两个久负盛名的原国家剧院(中国青年艺术剧院和中央实验话剧院)于2001年12月25日合并组建的国家话剧艺术演出团体。,2.5,4.4,文化体验|演艺剧场,https://r1.visitbeijing.com.cn/vbj-s/2017/0413/20170413055056557.jpg,1,,
280,鼓楼西剧场,scenic,演艺剧场,北京市,鼓楼西剧场因坐落于北京文艺气息浓重的鼓楼地区而得名。,2.9,4.4,文化体验|演艺剧场,https://r1.visitbeijing.com.cn/vbj-s/2017/0412/20170412072209933.jpg,1,,
281,繁星戏剧村,scenic,演艺剧场,北京市,繁星戏剧村传递人文关怀，繁星剧场引领艺术生活。——樊星（繁星戏剧村董事长）,5.6,4.3,小剧场|戏剧|文化体验|演艺剧场,https://r1.visitbeijing.com.cn/vbj-s/2017/0412/20170412063530345.jpg,1,,
282,广茗阁茶楼,scenic,文化艺术空间,北京市,2004年深秋，恰逢太平盛事、国安民乐。京城有喜好传统老北京民俗民间艺术者数人，以什刹海旅游资源为经营依托，以宏扬老北京传统民间文化为目的，自筹资金经社会各界帮助，于什刹海北，鼓楼西大街61号院内兴建京味茶馆取名：“广茗阁”。,7.9,4.1,休闲|传统文化|茶楼,https://r1.visitbeijing.com.cn/vbj-s/2017/0413/20170413083253853.jpg,1,,
283,张一元天桥茶馆,scenic,文化艺术空间,北京市,张一元天桥茶馆坐落于老北京新世界游乐园原址、现东方饭店对面（现西城区万明路18号），地理位置优越，交通便利。整体风格为仿古建筑，占地面积约500平方米，可容纳200余人。内部装潢古香古色，颇具传统文化气息。,3.3,4.7,茶馆|老字号|传统文化,https://r1.visitbeijing.com.cn/vbj-s/2017/0412/20170412044827526.jpg,1,,
284,三庆园剧场,scenic,演艺剧场,北京市,"北京三庆园，又名“三庆戏院”，位于前门外大栅栏街18号，据1842年版《梦华琐簿》记述“今日三庆园,乾隆年间宴乐居也。”四大徽班之一的三庆班将此作为首选的主要场所，（1796）更名为三庆园。 距今已有220年历史。",4.1,3.7,文化体验|演艺剧场,https://r1.visitbeijing.com.cn/vbj-s/2017/0412/20170412031921539.jpg,1,,
285,广德楼戏园,scenic,演艺剧场,北京市,“广德楼戏园”坐落在“中华第一街”——前门大栅栏西口。京城最著名、最古老的戏园老字号“广德楼戏园”，拥有200多个软椅，楼上楼下共有10个豪华包厢，场馆设施高雅气派。它大约兴建于清代（清嘉庆元年），是北京现存最古老的戏园之一。,3.5,4.2,文化体验|演艺剧场,https://r1.visitbeijing.com.cn/vbj-s/2017/0412/20170412021309562.jpg,1,,
286,北京德云社剧场,scenic,演艺剧场,北京市,德云社是中国北京的一个相声社团，全称北京德云社文化传播有限公司，成立于1995年，曾经名为北京相声大会。,2.2,4.4,文化体验|演艺剧场,https://r1.visitbeijing.com.cn/vbj-s/2017/0412/20170412011600674.jpg,1,,
287,长椿苑,scenic,城市公园,北京市,长椿苑公园位于北京市宣武区广安门内大街以北，占地面积1.4公顷。用地北部为明代古刹—长椿寺，是北京市重点文物保护单位。,3.9,4.2,休闲|城市公园,https://r1.visitbeijing.com.cn/vbj-s/2016/1206/20161206095942936.jpg,1,,
288,西便门城墙遗址公园,scenic,历史古迹,北京市,西便门城墙遗址公园位于北京市西城区西便门桥区的三角地，是围绕明北京城城墙遗存而设立的公园，为西城区的区属公园。,2.2,3.6,历史文化|考古|遗址|遗址公园,https://r1.visitbeijing.com.cn/vbj-s/2016/1205/20161205015809600.jpg,1,,
289,翠芳园,scenic,城市公园,北京市,翠芳园位于宣武门西大街南侧，为开放式公园，为附近居民提供了景色优美、环境舒适的健身、休闲场所。,2.6,3.8,休闲|园林,https://r1.visitbeijing.com.cn/vbj-s/2016/1205/20161205120331875.jpg,1,,
290,顺成公园,scenic,城市公园,北京市,绿地以金融为主题，采用现代的设计手法，广场与绿地相结合，以中心广场为景观高潮，利用喷泉、雕塑、坐凳、灯饰及小型水景反映金融的历史，畅想未来金融的发展方向。,2,4.6,休闲娱乐|城市公园,https://r1.visitbeijing.com.cn/vbj-s/2016/1205/20161205112701274.jpg,1,,
291,白云公园,scenic,城市公园,北京市,白云公园依永定河引水渠而建，东起西便门闸口，西至木樨地桥，两岸道路最宽处6米，最窄处仅为4米，原貌交通拥堵,3.9,4.8,休闲娱乐|城市公园,https://r1.visitbeijing.com.cn/vbj-s/2016/1205/20161205110932465.jpg,1,,
292,北京古代建筑博物馆,scenic,博物馆/展览馆,北京市,,2.5,3.6,博物馆,https://r1.visitbeijing.com.cn/vbj-s/2016/1202/20161202105104900.jpg,1,,
293,钓鱼台银杏大道,scenic,城市公园,北京市,,4.9,4.3,秋季赏叶|网红打卡|银杏,https://r1.visitbeijing.com.cn/vbj-s/2016/1123/20161123035732101.jpg,1,,
294,国家京剧院,scenic,演艺剧场,北京市,中国国家京剧院成立于1955年1月，是中华人民共和国文化部直属的国家级剧院。,4.4,4.3,文化体验|演艺剧场,https://r1.visitbeijing.com.cn/vbj-s/2016/1027/20161027035501324.jpg,1,,
295,北京关岳庙,scenic,宗教场所,北京市,全国重点文物保护单位，清代寺庙古建筑。位于北京市西城区鼓楼西大街北侧。,3,3.6,民间信仰|宗教建筑|武庙,https://r1.visitbeijing.com.cn/vbj-s/2016/1027/20161027024552703.jpg,1,,
296,会城门公园,scenic,城市公园,北京市,会城门公园位于北蜂窝中路东段尽头约，始建于五六十年代，经过多次改造，现公园有健身广场、科普廊、竹节亭、观水亭、曹振贤广场等景点。公园内绿树成荫，空气清新，为会城门地区居民提供了一个优雅恬适的休闲空间。,2.7,4.4,休闲娱乐|城市公园,https://r1.visitbeijing.com.cn/vbj-s/2016/0918/20160918094336742.jpg,1,,
297,德胜公园,scenic,城市公园,北京市,德胜公园是西城区在北二环沿线“城中村”改造完成的基础上，新建成的一个公园绿地。,4.7,4.4,休闲娱乐|城市公园,https://r1.visitbeijing.com.cn/vbj-s/2016/0912/20160912031759905.jpg,1,,
298,杨梅竹斜街,scenic,历史文化街区,北京市,杨梅竹斜街长496米，东起煤市街，西到延寿街。明代称“斜街”，因为该街的走向自东北向西南倾斜，故得名。,3.9,4.6,历史文化街区|老北京风情|胡同|文艺,https://r1.visitbeijing.com.cn/vbj-s/2016/0901/20160901032150528.jpg,1,,
299,万寿西宫公园,scenic,城市公园,北京市,万寿公园位于北京市西城区白纸坊东街路北，是北京市第一座老年人公园，也是北京市防灾避险设施最为完善的公园之一。,2.9,3.9,休闲娱乐|城市公园,https://r1.visitbeijing.com.cn/vbj-s/2016/0801/20160801051646758.jpg,1,,
300,广福观,scenic,宗教场所,北京市,广福观是位于北京市西城区什刹海附近的烟袋斜街内的一座道教宫观。,7.9,4,宗教建筑|道教,https://r1.visitbeijing.com.cn/vbj-s/2016/0707/20160707050139601.jpg,1,,
301,万松老人塔,scenic,历史古迹,北京市,万松老人塔的全称为“元万松老人塔”，始建于元代，是北京作为文化古城的早期标志之一，也是北京城区现存唯一一座密檐式砖塔。,4,4.4,历史遗迹|文化遗产|石刻艺术,https://r1.visitbeijing.com.cn/vbj-s/2016/0707/20160707042740530.jpg,1,,
302,北京展览馆,scenic,商业街区,北京市,北京展览馆建成于1954年，是毛泽东主席亲笔题字、周恩来总理主持剪彩的新中国第一家专业展览馆。,2.8,3.7,会展|博物馆|展览馆|建筑,https://r1.visitbeijing.com.cn/vbj-s/2016/0704/20160704013924341.png,1,,
303,官园公园,scenic,城市公园,北京市,官园公园开设科普画廊、雕塑和健身园，是人们休闲娱乐的好去处，更是一处普及科技知识的窗口。,3.5,4.3,休闲娱乐|城市公园,https://r1.visitbeijing.com.cn/vbj-s/2015/0908/20150908054446724.jpg,1,,
304,玫瑰园,scenic,城市公园,北京市,以“国槐侧柏兄弟树，月季菊花姐妹花”为主题的街心公园，种植大量国槐、侧柏及月季、菊花等市树市花，习惯上称为“马甸片林”。,4.4,4.2,浪漫|花园|赏花,https://r1.visitbeijing.com.cn/vbj-s/2015/0908/20150908053121173.jpg,1,,
305,梨园剧场,scenic,演艺剧场,北京市,京剧本来是一种地方性的戏剧表演形式，传遍大江南北，深受群众欢迎，慢慢演变成了代表中国艺术特色的全国性戏剧。,4.9,4.4,文化体验|演艺剧场,https://r1.visitbeijing.com.cn/vbj-s/2015/0820/20150820022144355.jpg,1,,
306,丰宣公园,scenic,城市公园,北京市,丰宣公园位于宣武区西南二环路夹角处南滨河侧，为小河边的一片绿地，为附近居民的一处活动休闲空间。,2,4.3,休闲娱乐|城市公园,https://r1.visitbeijing.com.cn/vbj-s/2013/0503/20130503113124331.jpg,1,,
307,万寿公园,scenic,城市公园,北京市,万寿公园位于北京市宣武区白纸坊东街路北，是北京市第一座老年人公园，也是北京市防灾避险设施最为完善的公园之一。,1.2,4.2,休闲娱乐|城市公园,https://r1.visitbeijing.com.cn/vbj-s/2013/0503/20130503104643215.jpg,1,,
308,南礼士路公园,scenic,城市公园,北京市,公园新栽植树木及应时花卉，增设景观石，进一步提高其景观效果，使“二环”绿色项链上这颗明珠更加璀璨。,2.2,4.8,休闲娱乐|城市公园,https://r1.visitbeijing.com.cn/vbj-s/2013/0428/20130428093702459.jpg,1,,
309,北滨河公园,scenic,城市公园,北京市,景区休闲、绿化为主适当配置群众性健身器材，以方便群众娱乐。,4.9,3.7,休闲娱乐|城市公园,https://r1.visitbeijing.com.cn/vbj-s/2013/0427/20130427044658398.jpg,1,,
310,顺城公园,scenic,城市公园,北京市,顺成公园从南至北主题分别反映了金融的历史、现代、未来。,5,4.4,休闲娱乐|城市公园,https://r1.visitbeijing.com.cn/vbj-s/2013/0427/20130427025159374.jpg,1,,
311,北京通信电信博物馆,scenic,博物馆/展览馆,北京市,丰富的展陈内容，多样的展示手段，为社会各界了解电信事业的发展历程提供了一个形象化的窗口。,2.5,4.6,博物馆,https://r1.visitbeijing.com.cn/vbj-s/2013/0407/20130407105145692.jpg,1,,
312,北京百年世界老电话博物馆,scenic,博物馆/展览馆,北京市,北京百年世界老电话博物馆于2006年投资成立的北京百年世界老电话博物馆是中国唯一的一家电话机专业博物馆。,6.5,4.2,博物馆,https://r1.visitbeijing.com.cn/vbj-s/2013/0409/20130409023112303.jpg,1,,
313,北京戏曲博物馆,scenic,博物馆/展览馆,北京市,京剧大师谭鑫培、余叔岩、梅兰芳等京剧名家都曾在此舞台演出,3.8,4.2,博物馆,https://r1.visitbeijing.com.cn/vbj-s/2015/1119/20151119055853316.jpg,1,,
314,慈悲庵,scenic,宗教场所,北京市,历史上这里是文人墨客荟集赋咏之地，曾留下许多传诵一时的诗篇。庵内的陶然亭又是近代革命志士的秘密集合场所。,5.7,3.9,佛教|宗教建筑,https://r1.visitbeijing.com.cn/vbj-s/2013/0329/20130329104430896.jpg,1,,
315,中国佛教图书文物馆,scenic,博物馆/展览馆,北京市,历代佛造像陈列、清代佛龛艺术展、法源寺古代石刻展。,4.8,4.7,佛教|博物馆|文物,https://r1.visitbeijing.com.cn/vbj-s/2013/0328/20130328093052937.jpg,1,,
316,北京红楼文化艺术博物馆,scenic,博物馆/展览馆,北京市,北京红楼文化艺术博物馆是一座具有古典园林外观、红楼文化内涵、博物馆功能的旅游场所，也是集红学、古建、园林、清史、民俗、文博等各方面专家集体智慧的结晶。,3.6,3.9,博物馆|历史文化|艺术展览,https://r1.visitbeijing.com.cn/vbj-s/2013/0327/20130327012432265.jpg,1,,
317,北京郭守敬纪念馆,scenic,纪念馆/名人故居,北京市,游人至此，既可漫步于曲折小径之上，尽享园林美景，又可睹物思人，追念这位古代伟大的科学家。,3.2,4.8,名人故居|纪念馆|科学家|水利|元代历史,https://r1.visitbeijing.com.cn/vbj-s/2019/1112/20191112030508926.jpg,1,,
318,中国民族博物馆,scenic,博物馆/展览馆,北京市,以全面展示中国民族服饰文化为内容的“多彩中华”项目，被誉为中国民族文化的一支奇葩，在国际社会产生了广泛影响。,2.3,4.2,博物馆,https://r1.visitbeijing.com.cn/vbj-s/2013/0322/20130322100327378.jpg,1,,
319,北京空竹博物馆,scenic,博物馆/展览馆,北京市,是北京首家以空竹为主题的专题博物馆，包括空竹相关的文字介绍、实物陈列、图片和多媒体展示等内容，传承保护空竹文化、普及空竹知识。,3.1,4.2,博物馆,https://r1.visitbeijing.com.cn/vbj-s/2013/0313/20130313040156863.jpg,1,,
320,郭沫若纪念馆,scenic,纪念馆/名人故居,北京市,全国重点文物保护单位、北京市爱国主义教育基地，是一处具有深刻文化内涵的纪念性旅游景点。,2.6,3.7,名人故居|爱国主义教育|红色旅游|纪念馆,https://r1.visitbeijing.com.cn/vbj-s/2013/0308/20130308025859973.jpg,1,,
321,中国消防博物馆,scenic,博物馆/展览馆,北京市,中国消防博物馆建筑面积为20422.5平方米，展陈面积9500平方米，共四层，由序厅、古代消防厅、近现代消防厅、防火防灾体验馆和临时展厅组成。,3.1,3.8,博物馆,https://r1.visitbeijing.com.cn/vbj-s/2013/0304/20130304032000757.jpg,1,,
322,中国古动物馆,scenic,博物馆/展览馆,北京市,它是一座系统介绍脊椎动物起源和系统发育的国家级博物馆，也是目前亚洲最大的古动物博物馆。,4.1,4.5,博物馆|古生物|科普,https://r1.visitbeijing.com.cn/vbj-s/2013/0219/20130219030859130.jpg,1,,
323,厂甸庙会,scenic,文化艺术空间,北京市,在旧京城的众多庙会中，惟有厂甸的庙会，不以庙为名，每年只在春节才有一次，却是规模最大、京味最浓、最闻名遐迩和脍炙人口的。,3.6,4,民俗活动|节庆活动|非遗,https://r1.visitbeijing.com.cn/vbj-s/2013/0116/20130116014239617.jpg,1,,
324,大观园红楼庙会,scenic,文化艺术空间,北京市,红楼庙会用各种创新的形式，让每一个到这里的游人感受红楼文化的魅力。,3.6,4.8,民俗活动|节庆活动|古典园林,https://r1.visitbeijing.com.cn/vbj-s/2013/0115/20130115110010591.jpg,1,,
325,北京报国寺,scenic,宗教场所,北京市,报国寺位于北京市西城区报国寺前街1号，处于北京明城墙遗址公园位于市中心地域。,2.1,4.2,佛教|宗教建筑,https://r1.visitbeijing.com.cn/vbj-s/2013/0108/20130108044413989.jpg,1,,
326,广济寺,scenic,宗教场所,北京市,北京市文物保护单位。北京著名的"内八刹"之一。位于北京城内西城区阜成门内大街25号。,3.7,4.6,佛教|宗教建筑,https://r1.visitbeijing.com.cn/vbj-s/2013/0108/20130108032307156.jpg,1,,
327,北京醇亲王府,scenic,历史古迹,北京市,醇亲王府位于后海北沿。前身是清初大学士明珠的宅第。,3.1,4.1,历史建筑|王府|纳兰明珠,https://r1.visitbeijing.com.cn/vbj-s/2013/0108/20130108010010508.jpg,1,,
328,北京鸦儿胡同,scenic,历史文化街区,北京市,鸦儿胡同属西城区什刹海街道。东南起小石碑胡同，与烟袋斜街相连；西北至甘露胡同。,6.8,4.4,Citywalk|老北京风情|胡同/四合院,https://r1.visitbeijing.com.cn/vbj-s/2013/0108/20130108022629697.jpg,1,,
329,北京陕西巷,scenic,历史文化街区,北京市,陕西巷位于北京市宣武区大栅栏街道社区的南北向胡同。南起珠市口西大街，北至铁树斜街，全长约500米。,1.5,4.8,历史文化街区|胡同|八大胡同,https://r1.visitbeijing.com.cn/vbj-s/2013/0106/20130106023608242.jpg,1,,
330,校场口胡同,scenic,历史文化街区,北京市,校场口胡同位于宣武区西北部。东起宣武门外大街，西至老墙根街。因军队演武、操练得名。,3.4,4.3,Citywalk|老北京风情|胡同/四合院,https://r1.visitbeijing.com.cn/vbj-s/2013/0106/20130106112900932.jpg,1,,
331,北京鲁迅故居,scenic,纪念馆/名人故居,北京市,北京市西城区阜成门内宫门口二条19号 ，是鲁迅1924 年至1926年在北京的住所。,5.7,4.6,名人故居,https://r1.visitbeijing.com.cn/vbj-s/2013/0105/20130105030051138.jpg,1,,
332,北京市少年宫,campus,校园教育,北京市,育人的苗圃，孩子成长的摇篮,2.6,4.4,文化场馆|教育,https://r1.visitbeijing.com.cn/vbj-s/2013/0114/20130114023638269.jpg,1,,
333,广化寺,scenic,宗教场所,北京市,北京广化寺位于北京市西城区什刹海北边，是一座北京著名的大型佛教寺院，也是北京市佛教协会所在地。,7.7,3.5,佛教|宗教建筑,https://r1.visitbeijing.com.cn/vbj-s/2013/0104/20130104052927599.jpg,1,,
334,北京护国寺,scenic,宗教场所,北京市,北京护国寺位于西城西四牌楼之北，护国寺街西口内路北，农历每月逢七、八有庙会。,1.6,4.7,佛教|宗教建筑,https://r1.visitbeijing.com.cn/vbj-s/2013/0104/20130104050358415.jpg,1,,
335,北京辅仁大学,scenic,校园教育,北京市,辅仁大学简称辅大。旧称：辅仁社、北京公教大学、私立北京辅仁大学、私立北平辅仁大学、国立辅仁大学。,7.5,4.1,教育文化|高校校园,https://r1.visitbeijing.com.cn/vbj-s/2013/0104/20130104025029838.jpg,1,,
336,西直门天主堂,scenic,宗教场所,北京市,西直门天主堂又名圣母圣衣堂，俗称西堂，名列北京四大天主堂之一，位于北京市西城区西直门内大街130号。,1.6,4.6,基督教|宗教建筑,https://r1.visitbeijing.com.cn/vbj-s/2013/0104/20130104111300829.jpg,1,,
337,北京市大栅栏商业街区,scenic,历史文化街区,北京市,曾经老字号聚集的一条商业街，现已进行了现代化的改造，用全新的面貌迎来八方四海的宾朋。,3.4,4.7,商业街区|网红打卡|购物美食,https://r1.visitbeijing.com.cn/vbj-s/2015/0512/20150512012647289.jpg,1,,
338,文津街,scenic,历史文化街区,北京市,绿树成荫的街道，古香古色的建筑，很难想象在北京的市中心，隐藏着这样一个幽静雅致的地方。,9.6,3.9,历史文化街区|北海|故宫西华门,https://r1.visitbeijing.com.cn/vbj-s/2012/1207/20121207125827545.jpg,1,,
339,北京古代钱币博物馆,scenic,博物馆/展览馆,北京市,除了了解钱币历史，这里还可以购买、交换钱币，请专家鉴定真伪、品相等。,2.3,4.2,博物馆,https://r1.visitbeijing.com.cn/vbj-s/2015/0508/20150508035555843.jpg,1,,
340,牛街礼拜寺,scenic,宗教场所,北京市,独特的风俗的确别有一番风味。特别是赶上有礼拜活动的时候，里面放着乐曲，感觉很圣洁。,3.6,3.7,伊斯兰教|宗教建筑|清真寺|历史建筑,https://r1.visitbeijing.com.cn/vbj-s/2012/1206/20121206022943279.jpg,1,,
341,白云观,scenic,宗教场所,北京市,白云观是了解中国道教文化与传统习俗的重要窗口，每年春节民俗庙会游人如织，以独特的魅力吸引着香客游人。,1.9,4.3,宗教建筑|道教,https://r1.visitbeijing.com.cn/vbj-s/2012/1206/20121206111545483.jpg,1,,
342,三圣庵,scenic,宗教场所,北京市,闹市中的一抹清静，颇有心灵涤荡的感觉。这里有一棵姻缘树，很多人到这里都是来求姻缘的。,1.9,3.7,佛教|宗教建筑,https://r1.visitbeijing.com.cn/vbj-s/2012/1205/20121205100827401.jpg,1,,
343,徐悲鸿纪念馆,scenic,纪念馆/名人故居,北京市,这里主要展览徐悲鸿先生的油画、国画、素描以及书法等真迹，绝对是感受艺术、缅怀大师的好去处。,2.5,3.8,名人故居|纪念馆|绘画|艺术家|美术,https://r1.visitbeijing.com.cn/vbj-s/2012/1205/20121205095829717.jpg,1,,
344,清真女寺,scenic,宗教场所,北京市,一种特有的宗教建筑，这里要求做到男女隔绝，是专为女性提供礼拜的场所。,1.8,4.7,伊斯兰教|宗教建筑,https://r1.visitbeijing.com.cn/vbj-s/2012/1205/20121205095139626.jpg,1,,
345,德胜门箭楼,scenic,历史古迹,北京市,高大宏伟的德胜门箭楼是目前北京城仅存的两处古箭楼之一，它和前门箭楼几百年来一直见证着北京城的沧桑变迁。,2.3,4.1,历史|古建筑|城门,https://r1.visitbeijing.com.cn/vbj-s/2012/1208/20121208034616947.jpg,1,,
346,什刹海风景区（后海）,scenic,自然景区,北京市,到北京游玩，什刹海是最不可错过的一站，这里，尤其是更受老外们的青睐。游王府，观故居;乘三轮车，坐摇橹船;逛古街，聚酒吧;住四合院，品私家菜……可谓美哉,7.2,4.3,夜景|湖泊|胡同|酒吧,https://r1.visitbeijing.com.cn/vbj-s/2015/1126/20151126054621251.jpg,1,,
347,九门小吃,scenic,商业街区,北京市,北京原汁原味老字号，老北京的吆喝，糖葫芦、爆肚冯、年糕钱、月盛斋、羊头马、炸糕辛、奶酪魏、豆腐脑白等一溜排开。,2.5,4.6,小吃|美食|老北京,https://r1.visitbeijing.com.cn/vbj-s/2012/1208/20121208115808668.jpg,1,,
348,中国古代建筑博物馆,scenic,博物馆/展览馆,北京市,建筑作为人类文明的载体，犹如座座里程碑，镌刻着人类社会在各个领域的发展成就，被视为一个民族对人类文明贡献的标志。,1.4,4.1,博物馆,https://r1.visitbeijing.com.cn/vbj-s/2015/0722/20150722113831280.jpg,1,,
349,古陶文明博物馆,scenic,博物馆/展览馆,北京市,古陶文明博物馆，见证古老艺术，领略中国古陶文明精华。,1.6,4.2,博物馆,https://r1.visitbeijing.com.cn/vbj-s/2015/0722/20150722021009170.jpg,1,,
350,中国钱币博物馆,scenic,博物馆/展览馆,北京市,中国钱币博物馆是国内最大的集钱币收藏、研究、陈列、宣教于一体的专题性博物馆。,6.6,4.8,博物馆,https://r1.visitbeijing.com.cn/vbj-s/2012/1206/20121206012401245.jpg,1,,
351,银锭桥,scenic,历史古迹,北京市,银锭桥是古时“燕京八景”之一的“银锭观山”所在。从前站桥上，可以远望西山落日，现在只见高楼不见山。,2.5,4.2,交通建筑|桥梁建筑,https://r1.visitbeijing.com.cn/vbj-s/2012/1206/20121206114431510.jpg,1,,
352,仪亲王府,scenic,历史古迹,北京市,仪亲王府全貌已不可见，仅存东部二进四合院、一段府邸隔墙和阁楼。,3.5,3.6,历史建筑|王府,https://r1.visitbeijing.com.cn/vbj-s/2012/1206/20121206113737234.jpg,1,,
353,洵贝勒府,scenic,历史古迹,北京市,"洵贝勒府，宅第坐北朝南，府西至今西单北大街,北邻今灵境胡同,东在今府墙。",3,4.7,历史建筑|王府|贝勒府,https://r1.visitbeijing.com.cn/vbj-s/2012/1206/20121206113049820.jpg,1,,
354,西单商业街,scenic,商业街区,北京市,这是北京最热闹、最时尚、最繁华、最适合年轻人逛街休闲的一条街道，在这里你恐怕能看到北京城最活力的一面。,3.6,4.3,商业街区|网红打卡|购物美食,https://r1.visitbeijing.com.cn/vbj-s/2012/1206/20121206110746546.jpg,1,,
355,民国国会议场,scenic,历史古迹,北京市,建于民国初年，时为国会开会和办公的场所。,3.3,4.3,历史建筑|政治史|民国,https://r1.visitbeijing.com.cn/vbj-s/2012/1208/20121208032234819.jpg,1,,
356,民族文化宫,scenic,文化艺术空间,北京市,是一座具有博物馆性质的民族风情展览馆，民族文化宫建筑独特，极具民族情调。,3.4,4.4,文化场馆|展览馆,https://r1.visitbeijing.com.cn/vbj-s/2012/1208/20121208033834374.jpg,1,,
357,梅兰芳纪念馆,scenic,纪念馆/名人故居,北京市,1961年梅兰芳逝世前，曾在这幽静、安适的四合院内，度过了他人生的最后10年。,5.3,4.7,名人故居|纪念馆|京剧|艺术家|传统文化,https://r1.visitbeijing.com.cn/vbj-s/2012/1208/20121208021554393.jpg,1,,
358,吕祖宫,scenic,宗教场所,北京市,吕祖宫建于清代，坐西朝东，山门的石门额上书“古刹火神庙”。,2.6,4.1,宗教建筑,https://r1.visitbeijing.com.cn/vbj-s/2012/1208/20121208015232365.jpg,1,,
359,北京李大钊故居,scenic,纪念馆/名人故居,北京市,李大钊早年去日留学，1916年回国后，6月迁居北京后曾在此居住较长的一段岁月。,3.5,3.6,名人故居,https://r1.visitbeijing.com.cn/vbj-s/2012/1208/20121208011655278.jpg,1,,
360,金融街,scenic,商业街区,北京市,金融街是北京市第一个大规模整体定向开发的金融产业功能区,3.5,3.7,商业街区|金融中心|商务,https://r1.visitbeijing.com.cn/vbj-s/2012/1208/20121208120720666.jpg,1,,
361,会贤堂旧址,scenic,历史古迹,北京市,是北京八大堂之一原是清光绪时礼部侍郎斌儒的私第。,7.1,4.8,什刹海|会馆|历史建筑,https://r1.visitbeijing.com.cn/vbj-s/2012/1208/20121208115141436.jpg,1,,
362,龚自珍故居,scenic,纪念馆/名人故居,北京市,晚清思想家、史学家龚自珍在此住过5年，离开时将这座宅院卖给广东番禺人潘仕成，潘将其赠给番禺在京同乡会，院子被改为广东番禺会馆。,3.8,4.6,名人故居,https://r1.visitbeijing.com.cn/vbj-s/2016/0613/20160613050840311.jpg,1,,
363,定亲王府,scenic,历史古迹,北京市,是世袭递降亲王府，该府原为巽亲王府。,3.6,4.1,历史建筑|王府,https://r1.visitbeijing.com.cn/vbj-s/2012/1209/20121209104153287.jpg,1,,
364,北京图书大厦,scenic,文化艺术空间,北京市,北京图书大厦是全国大型国有零售书店之一。号称“北京最大的书店”。,5.5,3.9,商业街区|网红打卡|购物美食,https://r1.visitbeijing.com.cn/vbj-s/2012/1209/20121209103157485.jpg,1,,
365,团城,scenic,历史古迹,北京市,这里原是太液池中的一个小屿，历史的潮流将它幻作了今天的团城。,2,3.7,古典园林|湖光山色|皇家园林,https://r1.visitbeijing.com.cn/vbj-s/2012/1209/20121209102148845.jpg,1,,
366,白塔寺,scenic,宗教场所,北京市,因寺内有一座白色古塔而名。是元大都保留下来的重要建筑之一，属社科类专题遗址博物馆，1980年正式对外开放。,7.7,4.4,佛教|藏传佛教|宗教建筑|元代建筑|白塔|历史遗迹|文化遗产,https://r1.visitbeijing.com.cn/vbj-s/2012/1207/20121207020919532.jpg,1,,
367,湖南会馆旧址,scenic,历史古迹,北京市,这座坐落于烂缦的胡同的会馆历史可能并不烂漫，毛泽东1920年曾住在会馆里，并在此召开了千人参加的“湖南各界驱逐军阀张敬尧大会”。,7.9,4.5,会馆|历史建筑|文化遗产,https://r1.visitbeijing.com.cn/vbj-s/2012/1206/20121206041131520.jpg,1,,
368,北京湖广会馆,scenic,历史古迹,北京市,湖广会馆有着太多太多的历史，无数历史名人都在这里留下了自己的足迹，绝对值得您一来。,3.6,3.5,会馆|历史建筑|文化遗产|演艺剧场|文化体验,https://r1.visitbeijing.com.cn/vbj-s/2012/1206/20121206043041914.jpg,1,,
369,虹光阁,scenic,文化艺术空间,北京市,该店现以经营金石陶瓷、字画碑贴为主，是北京市旅游发展委员会选定的"定点商店"。,2.9,4.4,古玩|字画|琉璃厂,https://r1.visitbeijing.com.cn/vbj-s/2012/1227/20121227102019802.jpg,1,,
370,观音院过街楼,scenic,宗教场所,北京市,北京唯一残存的过街楼实物，具有很高的历史价值。,3.2,4.6,宗教建筑|历史建筑|佛教|古建筑,https://r1.visitbeijing.com.cn/vbj-s/2012/1206/20121206045017710.jpg,1,,
371,安徽会馆旧址,scenic,历史古迹,北京市,几经风雨几经重建的安徽会馆依旧矗立在北京城市一隅，默默的记录着那些属于他的历史。,4.2,3.8,会馆|历史建筑,https://r1.visitbeijing.com.cn/vbj-s/2012/1206/20121206050500284.jpg,1,,
372,中国书店,scenic,文化艺术空间,北京市,中国书店所经营的古籍善本、碑帖拓片因其货色齐全，独一无二而吸引着每一位前来的顾客。,1.9,4.2,书店|古籍|文化,https://r1.visitbeijing.com.cn/vbj-s/2012/1206/20121206051541924.jpg,1,,
373,荣宝斋,scenic,文化艺术空间,北京市,以文房四宝闻名天下的古玩字画店，曾用精湛的仿制技术让齐白石本人都真假莫辨。,4.4,3.6,书画|文房四宝|老字号,https://r1.visitbeijing.com.cn/vbj-s/2012/1206/20121206053029408.jpg,1,,
374,钱市胡同,scenic,历史文化街区,北京市,北京最窄的胡同，也是中国现存最早、最完整的金融交易所。,5.8,3.9,Citywalk|老北京风情|胡同/四合院,https://r1.visitbeijing.com.cn/vbj-s/2012/1206/20121206054259478.jpg,1,,
375,南海会馆旧址,scenic,历史古迹,北京市,南海会馆即为康有为故居，清朝维新派的重镇，如此历史的积淀使此处变得别具风味。,2.3,4.7,会馆|历史|历史建筑|康有为,https://r1.visitbeijing.com.cn/vbj-s/2012/1206/20121206055803730.jpg,1,,
376,泾县会馆旧址,scenic,历史古迹,北京市,曾经作为李大钊等人创办杂志创办政治周刊《每周评论》的编辑部所在地，为其添加了历史的厚重感。,3,3.6,会馆|历史建筑,https://r1.visitbeijing.com.cn/vbj-s/2012/1206/20121206060752272.jpg,1,,
377,国家大剧院,scenic,演艺剧场,北京市,奇妙的建筑设计，美妙的艺术熏陶，无一不让人流连忘返。,4.3,4.1,文化体验|演艺剧场,https://r1.visitbeijing.com.cn/vbj-s/2016/1123/20161123041016351.jpg,1,,
378,人定湖公园,scenic,城市公园,北京市,据说名字来源于“人定胜天”这一个具有气魄的词，但是里面的建筑风格确实优美的欧式风格，是拍艺术照和婚纱照的好去处。,3.5,4.7,休闲垂钓|休闲娱乐|城市公园|水域风光|自然景观,https://r1.visitbeijing.com.cn/vbj-s/2012/1207/20121207040810509.jpg,1,,
379,庄亲王府,scenic,历史古迹,北京市,清初八大“铁帽子王”承泽亲王的王府所在，如果您对清宫剧情有独钟，那这里将是您探寻清宫秘史的一个好去处。,3.5,3.7,历史建筑|王府|铁帽子王,https://r1.visitbeijing.com.cn/vbj-s/2012/1207/20121207041635963.jpg,1,,
380,琉璃厂,scenic,历史文化街区,北京市,琉璃厂经过几百年的发展，人文积淀深厚，如果您要买文房四宝或者古书古籍这里一定是一个好去处。,2.2,4.1,古玩|字画|文化街|老字号,https://r1.visitbeijing.com.cn/vbj-s/2012/1207/20121207100741593.jpg,1,,
381,北京植物园展览温室,scenic,博物馆/展览馆,北京市,北京植物园展览温室位于香山脚下，建筑面积9800平方米，占地5.5公顷。展览温室在北京植物园内，植物园门票平日5元，展览温室门票50元，套票50元。,3.9,3.5,植物园|温室|科普,https://r1.visitbeijing.com.cn/vbj-s/2017/1226/20171226044850342.jpg,1,,
382,明慧茶院,scenic,文化艺术空间,北京市,明慧茶院位居京西大觉寺内。明慧者，明达，智慧之意也。 创建于1997年的明慧茶院，既有茶之王者、水之极品，又有大觉寺之静谧佳境，无论是端坐于茶室，还是驻足于庭院，都能感受到历史之深邃，文化之幽远，文人学者、高僧硕儒们无不沉醉于山寺的绮丽之景，留连于此，品味清泉香茗。,2.9,4.7,休闲|禅意|茶院,https://r1.visitbeijing.com.cn/vbj-s/2017/0522/20170522030020782.jpg,1,,
383,中央广播电视塔,scenic,城市公园,北京市,中央广播电视塔，现为国家级的4A景点，坐落于北京市海淀区西三环中路西侧，航天桥附近，东临秀美的玉渊潭和著名的钓鱼台，南望公主坟，北瞰阜成路。,4.2,4.4,现代建筑|地标建筑|观光塔|4A景区,https://r1.visitbeijing.com.cn/vbj-s/2017/0522/20170522050306655.jpg,1,,
384,清华大学艺术博物馆,scenic,博物馆/展览馆,北京市,清华大学艺术博物馆凝聚着几代清华人的心愿，承载着清华人传承中华文化艺术使命的梦想。,4,4,博物馆|名校|教育文化|网红打卡|艺术展览|高校校园,https://r1.visitbeijing.com.cn/vbj-s/2017/0420/20170420033609799.jpg,1,,
385,宽和相声茶园,scenic,演艺剧场,北京市,宽和相声茶园汇集中国各类传统艺术，打造京城专业的表演团队，与多家正宗相声团队交流，战略合作，让您在京城欣赏到原汁原味儿的剧场相声，为广大观众朋友提供一处能令您捧腹大笑的消遣场所。,2.4,3.7,文化体验|演艺剧场,https://r1.visitbeijing.com.cn/vbj-s/2017/0419/20170419105201930.jpg,1,,
386,中国数字图书馆,scenic,文化艺术空间,北京市,中国数字图书馆隶属于中国国家图书馆，服务于中国国家图书馆二期工程暨国家数字图书馆工程。,4.9,4.4,图书馆|图书馆/文化中心|数字资源|现代,https://r1.visitbeijing.com.cn/vbj-s/2017/0525/20170525063108469.jpg,1,,
387,王老吉凉茶博物馆（北京馆）,scenic,博物馆/展览馆,北京市,王老吉凉茶博物馆（北京馆）在未来完全有可能成为代表中国传统中医药养生文化的一张“中国名片”，助力提升民族品牌在国际竞争中的软实力。同时，也必将进一步增添首都的中华文化内涵。,3.2,3.5,博物馆,https://r1.visitbeijing.com.cn/vbj-s/2017/0525/20170525062835121.jpg,1,,
388,海淀展览馆,scenic,商业街区,北京市,海淀展览馆是北京唯一的绿色园林式会展中心，坐落在公园北部。展览馆按国际标准展馆设计配置，面积为7900平方米。,4.5,3.7,会展|博物馆|展览馆,https://r1.visitbeijing.com.cn/vbj-s/2017/0417/20170417042613740.jpg,1,,
389,枫蓝国际小剧场,scenic,演艺剧场,北京市,枫蓝国际小剧场是枫蓝国际购物中心新开设的一个小剧场，地处海淀区西直门，是购物者的集中消费中心。,2.1,4.5,文化体验|演艺剧场,https://r1.visitbeijing.com.cn/vbj-s/2017/0413/20170413074130723.jpg,1,,
390,北京袖珍人皮影剧团,scenic,演艺剧场,北京市,北京葫芦娃儿童皮影剧场是北京龙在天文化演艺集团旗下重点演出场地。剧场立足于传承非遗——皮影，以全新的形式，将世界级非物质文化遗产的传承、普及工作与少儿素质培养紧密结合，力求以全新的角度，为孩子打造一个民族文化教育的童话课堂。,1.2,4.6,演出|皮影|非遗,https://r1.visitbeijing.com.cn/vbj-s/2017/0413/20170413060835997.jpg,1,,
391,海淀区文化小剧场,scenic,演艺剧场,北京市,海淀区文化馆始建于1951年。现新馆位于海淀区的中心地带，黄庄十字路口的东北角，中关村大街28-1号的海淀文化艺术大厦内的一层、四层、五层、七层和八层。,2.3,4.7,文化体验|演艺剧场,https://r1.visitbeijing.com.cn/vbj-s/2017/0412/20170412072643519.jpg,1,,
392,开心麻花剧场,scenic,演艺剧场,北京市,作为国内极具舞台剧商业竞争力的民营机构，开心麻花已成功推出《小丑爱美丽》、《须摩提世界》、《夏洛特烦恼》、《乌龙山伯爵》、《那年的梦想》等多部票房、口碑双赢的经典作品。,1.9,3.7,文化体验|演艺剧场,https://r1.visitbeijing.com.cn/vbj-s/2017/0411/20170411051917440.jpg,1,,
393,温泉村果品观光采摘园,scenic,农业观光,北京市,温泉村观光采摘园位于海淀区温泉镇温泉村村南，具有观光、采摘、休闲、娱乐、健身、教育等功能，并能提供观光服务,1.3,3.7,亲子互动|休闲度假|农业观光|温泉康养|采摘体验,https://r1.visitbeijing.com.cn/vbj-s/2016/1221/20161221100725212.jpg,1,,
394,白家疃村果品观光采摘园,scenic,农业观光,北京市,说起温泉白家疃，可是个文化气息浓厚的地方,2.1,3.5,亲子互动|农业观光|采摘体验,https://r1.visitbeijing.com.cn/vbj-s/2016/1220/20161220025114219.jpg,1,,
395,科烨隆农业观光度假村,scenic,农业观光,北京市,,4.5,3.9,农业观光|采摘体验|休闲度假|亲子互动,https://r1.visitbeijing.com.cn/vbj-s/2016/1220/20161220020558148.jpg,1,,
396,西山凤凰岭果树种植园,scenic,农业观光,北京市,北京市海淀区西山凤凰岭果树种植场位于北京市海淀区苏家坨镇，西边依傍凤凰岭自然风景区,1.1,4.5,亲子互动|农业观光|采摘体验,https://r1.visitbeijing.com.cn/vbj-s/2016/1220/20161220015231614.jpg,1,,
397,御香观光采摘园,scenic,农业观光,北京市,御香观光采摘园内种植有樱桃、草莓、大桃等果树和一些时令的蔬菜,3.5,4.1,亲子互动|农业观光|采摘体验,https://r1.visitbeijing.com.cn/vbj-s/2016/1220/20161220104129570.jpg,1,,
398,香山绿色果品观光采摘园,scenic,农业观光,北京市,香山绿色果品观光园位于北京市海淀区四季青镇旱河路西侧，占地广阔，环境优美，空气清新,5,3.6,亲子互动|农业观光|采摘体验,https://r1.visitbeijing.com.cn/vbj-s/2016/1219/20161219043254283.jpg,1,,
399,京香绿谷观光采摘园,scenic,农业观光,北京市,京香绿谷观光采摘园地处北京西山风景区香山脚下，位于玉泉山西侧，紧邻五环路，不仅交通便利，气候适宜,3.9,3.6,亲子互动|农业观光|采摘体验,https://r1.visitbeijing.com.cn/vbj-s/2016/1219/20161219042800131.jpg,1,,
400,上庄翠湖农业观光园景区,scenic,农业观光,北京市,,5.7,4.2,亲子互动|休闲垂钓|农业观光|水域风光|自然景观|采摘体验,https://r1.visitbeijing.com.cn/vbj-s/2016/1219/20161219020116872.jpg,1,,
401,玉泉观光采摘园,scenic,农业观光,北京市,玉泉观光采摘园占有得天独厚的地理位置，东距颐和园西门不足千米;北邻玉泉山天下第一泉;,9.9,3.6,亲子互动|农业观光|采摘体验,https://r1.visitbeijing.com.cn/vbj-s/2016/1219/20161219015515382.jpg,1,,
402,四季青果林所观光园,scenic,农业观光,北京市,四季青果林所观光园位于北京西郊风景区香山脚下，北望玉泉山，东邻四环路，西邻五环路，是北京距市中心最近的一个观光采摘果园。,2.8,4.4,亲子互动|农业观光|采摘体验,https://r1.visitbeijing.com.cn/vbj-s/2016/1219/20161219014944370.jpg,1,,
403,北京都市农夫樱桃采摘园,scenic,农业观光,北京市,毗邻翠湖湿地和上庄水库,3.8,3.6,亲子互动|农业观光|樱桃采摘|采摘体验,https://r1.visitbeijing.com.cn/vbj-s/2016/1219/20161219103556520.jpg,1,,
404,周家巷樱桃采摘园,scenic,农业观光,北京市,,1.6,3.6,亲子互动|农业观光|樱桃采摘|采摘体验,https://r1.visitbeijing.com.cn/vbj-s/2016/1216/20161216041059998.jpg,1,,
405,苏家坨镇管家岭村采摘园,scenic,农业观光,北京市,,3.3,4.2,亲子互动|农业观光|采摘体验,https://r1.visitbeijing.com.cn/vbj-s/2016/1216/20161216024820929.jpg,1,,
406,苏家坨镇台头村采摘园,scenic,农业观光,北京市,,4,4.2,亲子互动|农业观光|采摘体验,https://r1.visitbeijing.com.cn/vbj-s/2016/1216/20161216014846912.jpg,1,,
407,梁家园村采摘园,scenic,农业观光,北京市,,3.2,3.6,亲子互动|农业观光|采摘体验,https://r1.visitbeijing.com.cn/vbj-s/2016/1216/20161216014339446.jpg,1,,
408,狂飙乐园樱桃采摘园,scenic,农业观光,北京市,"狂飚乐园位于海淀区苏家坨风景旅游区,景色优美,交通便利,依附于大西山旅游带,誉有“南山第五景区”之美名",3.7,4.3,亲子互动|农业观光|樱桃采摘|采摘体验,https://r1.visitbeijing.com.cn/vbj-s/2016/1216/20161216114139483.jpg,1,,
409,北京宫岭艺苑种植园,scenic,农业观光,北京市,樱桃“先百果而熟”，自古以来“人多贵之”，有着“春果第一支”的美赞。,5.4,3.8,亲子互动|农业观光|采摘体验,https://r1.visitbeijing.com.cn/vbj-s/2016/1216/20161216105744589.jpg,1,,
410,京艳庆丰果树种植场,scenic,农业观光,北京市,"京艳庆丰百亩果园又名北京京艳庆丰百亩果园，京艳庆丰百亩果园所在地址：北京海淀区苏家坨镇抬头村，消费特色：百亩果园,种类繁多。",2.5,3.9,农业观光|森林公园|自然生态|采摘|采摘体验,https://r1.visitbeijing.com.cn/vbj-s/2016/1215/20161215023011599.jpg,1,,
411,北京庄户人家种植园,scenic,农业观光,北京市,北京庄户人家种植园位于北京市海淀区北部苏家坨镇周家乡村东，具有得天独厚的地理位置以及四通八达的便捷交通，不仅观光旅游、度假采摘，而且还有餐饮、休闲娱乐等一系列丰富的绿色、生态、休闲场所。,2.8,3.6,亲子互动|农业观光|采摘体验,https://r1.visitbeijing.com.cn/vbj-s/2016/1215/20161215105044659.jpg,1,,
412,北京丰盛浩林采摘园,scenic,农业观光,北京市,,3.3,4,亲子互动|农业观光|采摘体验,https://r1.visitbeijing.com.cn/vbj-s/2016/1214/20161214031049612.jpg,1,,
413,八家地郊野公园,scenic,城市公园,北京市,八家地郊野公园位于海淀区东升乡，东至双清路，西至轻轨铁路，南至八家林姓住户，北至北五环路，建设面积1521亩。,1.9,3.6,休闲娱乐|城市公园,https://r1.visitbeijing.com.cn/vbj-s/2016/1206/20161206105057136.jpg,1,,
414,长春健身园,scenic,城市公园,北京市,,4.2,3.6,健身|公园,https://r1.visitbeijing.com.cn/vbj-s/2016/1206/20161206103153693.jpg,1,,
415,铁道兵纪念馆,scenic,纪念馆/名人故居,北京市,,5.6,4.2,纪念馆|军事|铁道兵|红色旅游|现代历史,https://r1.visitbeijing.com.cn/vbj-s/2016/1128/20161128105644403.jpg,1,,
416,北京中鸿绿洲观光采摘园,scenic,农业观光,北京市,,3.1,3.9,亲子互动|农业观光|采摘体验,https://r1.visitbeijing.com.cn/vbj-s/2016/1124/20161124015235557.jpg,1,,
417,树村郊野公园,scenic,城市公园,北京市,树村郊野公园位于海淀乡，其东起北大未名生物工程集团、南起农大南路、西至树村路、北至农大北路，建设面积37.25公顷。,1.4,4.4,休闲娱乐|城市公园,https://r1.visitbeijing.com.cn/vbj-s/2016/0929/20160929025507888.png,1,,
418,曙光防灾教育公园,scenic,城市公园,北京市,曙光防灾教育公园位于海淀区曙光街道辖区内四季青桥东北角,5.7,4.4,休闲娱乐|城市公园,https://r1.visitbeijing.com.cn/vbj-s/2016/0929/20160929014258933.png,1,,
419,上地公园,scenic,城市公园,北京市,地公园是位于海淀区信息路上地3街环岛西南角的一个公园,7.2,4,休闲娱乐|城市公园,https://r1.visitbeijing.com.cn/vbj-s/2016/0928/20160928043251566.png,1,,
420,平庄郊野公园,scenic,城市公园,北京市,平庄郊野公园建设结合本区域的历史地位、自然风貌等现状特征，形成中国古典园林山环水抱的意境。,2.4,4.4,休闲娱乐|城市公园,https://r1.visitbeijing.com.cn/vbj-s/2016/0927/20160927023148438.png,1,,
421,鸣鹤园,scenic,城市公园,北京市,鸣鹤园位于北大西门内北侧，这里就是当年被誉为京西五大邸园之一的鸣鹤园的遗址,1.1,4.6,历史|园林,https://r1.visitbeijing.com.cn/vbj-s/2016/0926/20160926035404581.png,1,,
422,酷酷兔少儿拓展天地,scenic,主题乐园,北京市,酷酷兔少儿拓展天地，于2010年5月开园，是以拓展式游乐设施为主，北京最大的拥有全新游乐理念的儿童拓展式主题乐园。,3.5,4.2,亲子互动|儿童乐园|拓展,https://r1.visitbeijing.com.cn/vbj-s/2016/0922/20160922014512209.png,1,,
423,金源娱乐园,scenic,主题乐园,北京市,金源娱乐园位于昆玉河西岸，东临蓝靛厂北路，西至火器营路，南起老营房路，北至蓝靛厂路，总面积为5.6公顷，是昆玉河水景观走廊五个主题公园之一。,5.7,4.8,休闲|娱乐,https://r1.visitbeijing.com.cn/vbj-s/2016/0921/20160921031628382.png,1,,
424,黑塔公园,scenic,城市公园,北京市,这是一个微型公园，似乎是村级的，却连社区级的都够不上，面积比西城的很小的万寿公园小一倍还多，如果只是走路，我估计快走3~5分钟都用不了便可绕园一周，我慢慢走慢慢拍才共用了10分钟就绕园一周后离开。,5.2,4.3,休闲娱乐|历史遗迹|城市公园|文化遗产|石刻艺术,https://r1.visitbeijing.com.cn/vbj-s/2016/0919/20160919035631677.png,1,,
425,高里掌文化休闲园,scenic,城市公园,北京市,高里掌文化休闲园利用田园景观、自然生态及环境、农村风貌等农业资源，结合农林牧渔生产、农业经营活动、农村农业文化及农家生活，提供人们休闲、观光、体验、传承文化的农业经营形态。,1.9,4.6,休闲|公园|文化,https://r1.visitbeijing.com.cn/vbj-s/2016/0918/20160918091751444.jpg,1,,
426,丹青圃公园,scenic,城市公园,北京市,位于玉泉山西南部，面积69.8公顷，绿化覆盖率92.04%,2.4,4.4,休闲娱乐|城市公园,https://r1.visitbeijing.com.cn/vbj-s/2016/0912/20160912021828253.jpg,1,,
427,稻香湖公园,scenic,城市公园,北京市,稻香湖自然湿地公园位于北京市海淀区西北部，面积11.8平方公里，以自然秀丽的滨水景观、绿色生态的翠湖湿地、清新明快的田园风光和舒适宜人的整体环境为主要资源特色。,2.7,3.5,休闲垂钓|休闲娱乐|城市公园|水域风光|自然景观,https://r1.visitbeijing.com.cn/vbj-s/2016/0912/20160912020536632.jpg,1,,
428,翠湖湿地公园,scenic,森林/湿地公园,北京市,翠湖国家城市湿地公园，位于北京市海淀区上庄镇，是国务院批准的第二批国家级城市湿地公园。,5.1,4,休闲垂钓|水域风光|湿地公园|自然景观|观鸟,https://r1.visitbeijing.com.cn/vbj-s/2016/0909/20160909035237817.jpg,1,,
429,稻香湖景温泉会馆,scenic,度假休闲,北京市,北京稻香湖景酒店位于景色优美的海淀区苏家坨稻香湖路28号，清澈的稻香湖水环绕酒店全境，自然景观与人文建筑完美统一。,1.6,3.5,休闲垂钓|休闲度假|水域风光|温泉康养|自然景观,https://r1.visitbeijing.com.cn/vbj-s/2016/0816/20160816035551483.png,1,,
430,御丰观光采摘园,scenic,农业观光,北京市,园区占地54亩，自然环境得天独厚，植被丰富、空气纯净，玉泉山的泉水成为园区灌溉的主要用水。,4.4,4,亲子互动|农业观光|采摘体验,https://r1.visitbeijing.com.cn/vbj-s/2016/0801/20160801053913967.jpg,1,,
431,金辉滑雪场,scenic,体育场馆,北京市,一座现代规模戏雪乐园的运营，会拉动其他产业形成一个相应独立的经济生活"戏雪实体区域"。,2.7,4.4,体育场馆|冬季运动|滑雪|运动健身,https://r1.visitbeijing.com.cn/vbj-s/2016/0729/20160729030919564.jpg,1,,
432,北京双塔农业采摘园,scenic,农业观光,北京市,双塔果园双塔果园地处中关村科技园区，总面积700多亩。,5.1,3.6,亲子互动|农业观光|采摘体验,https://r1.visitbeijing.com.cn/vbj-s/2016/0721/20160721100048888.png,1,,
433,中关村图书大厦,scenic,文化艺术空间,北京市,"北京中关村图书大厦于2003年10月开业,是由北京市新华书店全额投资购置的大型综合性书城。",1.2,4.3,商业街区|网红打卡|购物美食,https://r1.visitbeijing.com.cn/vbj-s/2016/0721/20160721092714413.png,1,,
434,海淀区图书馆,scenic,文化艺术空间,北京市,海淀区图书馆具有八十八年的发展历程，是区内唯一的一所区级综合性公共图书馆。,2.5,4.4,公共阅读|图书馆|图书馆/文化中心,https://r1.visitbeijing.com.cn/vbj-s/2016/0720/20160720015715715.png,1,,
435,海淀图书城,scenic,文化艺术空间,北京市,走进这条220米长、10米宽的街道，立即使人感受到一种朴素幽雅和浓重的文化气息。,2.9,3.9,书店|图书馆/文化中心|文化市场,https://r1.visitbeijing.com.cn/vbj-s/2016/0720/20160720014823561.png,1,,
436,国家图书馆,scenic,文化艺术空间,北京市,中国国家图书馆位于北京市中关村南大街33号，与海淀区白石桥高粱河、紫竹院公园相邻。,4.2,4.1,国家馆|图书馆|图书馆/文化中心|学术,https://r1.visitbeijing.com.cn/vbj-s/2016/0720/20160720013922464.png,1,,
437,艺海博通高尔夫练习场,scenic,体育场馆,北京市,北京艺海博通高尔夫俱乐部位于海淀区圆明园花园别墅东侧，紧临五环路肖家河大桥东北角，交通便利,9.4,4.1,体育场馆|体育运动|运动健身|高尔夫|高端休闲,https://r1.visitbeijing.com.cn/vbj-s/2016/0720/20160720124559808.png,1,,
438,颐泉高尔夫练习场,scenic,体育场馆,北京市,北京颐泉高尔夫练习场俱乐部坐北朝南、扇形打位的设计，有效的回避了太阳光、西北风对球手打球造成的干扰;夜间，根据球场的特点而设计的灯光照明，甚至比白天更清晰地看到球的飞行方向、准确落点。,2.1,4,体育场馆|体育运动|运动健身|高尔夫|高端休闲,https://r1.visitbeijing.com.cn/vbj-s/2016/0720/20160720123226887.png,1,,
439,海鹏高尔夫练习场,scenic,体育场馆,北京市,海鹏高尔夫练习场位于北五环上地的海鹏高尔夫练习场,2,3.9,体育场馆|体育运动|运动健身|高尔夫|高端休闲,https://r1.visitbeijing.com.cn/vbj-s/2016/0720/20160720122000225.png,1,,
440,直隶会馆,scenic,历史古迹,北京市,直隶会馆的前身为保定会馆，始建于1987年，经过20年的发展，成为遍布保定、石家庄六家大型高端餐饮店的企业集团。,1.1,3.8,会馆|历史建筑,https://r1.visitbeijing.com.cn/vbj-s/2016/0720/20160720115324860.png,1,,
441,七叶香山,scenic,度假休闲,北京市,七叶香山位于玉泉山和香山之间，毗邻颐和园，由德国享有盛誉的设计师Jens Weber先生依照典型的传统欧式建筑园林风格主持设计而成,8,4.5,休闲|山地风光|自然景观|餐厅|香山,https://r1.visitbeijing.com.cn/vbj-s/2016/0719/20160719041613562.png,1,,
442,北京三元农业科技园,scenic,农业观光,北京市,北京三元农业有限公司系隶属北京首农集团旗下的现代都市型农业专业公司，位于北京市海淀区西北部上庄镇境内,1.4,4.4,农业|农业观光|科技|观光|采摘体验,https://r1.visitbeijing.com.cn/vbj-s/2016/0719/20160719121738913.png,1,,
443,王致和腐乳科普馆,scenic,博物馆/展览馆,北京市,对老北京平民百姓来说，一个馒头一块酱豆腐，可能就是一餐美味。,3.7,4.5,博物馆|老字号|腐乳,https://r1.visitbeijing.com.cn/vbj-s/2016/0719/20160719120854103.png,1,,
444,中关村国家自主创新示范区展示中心,scenic,博物馆/展览馆,北京市,中关村国家自主创新示范区是中国高科技产业中心，是中国第一个国家级高新技术产业开发区,1.9,3.6,科技场馆|展览馆,https://r1.visitbeijing.com.cn/vbj-s/2016/0719/20160719115623792.png,1,,
445,辛亥滦州革命先烈纪念园,scenic,纪念馆/名人故居,北京市,辛亥滦州起义纪念园位于海淀区温泉乡，为国家级文物保护单位。,1.9,4.6,爱国主义教育|红色旅游,https://r1.visitbeijing.com.cn/vbj-s/2016/0718/20160718023228689.png,1,,
446,佟麟阁将军纪念馆,scenic,纪念馆/名人故居,北京市,风景如画、驰名中外的香山脚下，曾是我国著名抗日将领佟麟阁将军生活的地方，为国捐躯以后墓地安葬于此,3.1,4.4,纪念馆|将军|抗日|红色旅游|革命历史,https://r1.visitbeijing.com.cn/vbj-s/2016/0718/20160718022227133.png,1,,
447,温泉村樱桃观光采摘园,scenic,农业观光,北京市,温泉村樱桃观光采摘园位于温泉村南部，建于1996年。园区占地250亩。,2.2,3.5,亲子互动|休闲度假|农业观光|樱桃采摘|温泉康养|采摘体验,https://r1.visitbeijing.com.cn/vbj-s/2016/0718/20160718015031983.png,1,,
448,徐各庄民俗旅游村,scenic,度假休闲,北京市,徐各庄民俗旅游村坐落于大西山脚下，紧邻大觉寺，是前往大觉寺旅游的必经之路。,3.6,4.3,乡村旅游|古镇古村|民俗村|民俗风情,https://r1.visitbeijing.com.cn/vbj-s/2016/0718/20160718120712318.png,1,,
449,七王坟民俗旅游村,scenic,度假休闲,北京市,七王坟村位于海淀区西北部，苏家坨镇西侧的妙高峰古香道旁,5.8,3.6,乡村旅游|古镇古村|民俗村|民俗风情,https://r1.visitbeijing.com.cn/vbj-s/2016/0718/20160718113651409.png,1,,
450,乐视体育生态中心,scenic,体育场馆,北京市,北京五棵松体育馆即将更名。昨天，乐视体育与该体育馆物业方——华熙国际签署协议，自2016年1月1日起，未来5年乐视体育将冠名五棵松体育馆为“乐视体育生态中心”(简称“乐视体育中心”)。,4.5,4.3,体育场馆|运动健身,https://r1.visitbeijing.com.cn/vbj-s/2016/0714/20160714071455824.jpg,1,,
451,中国地质大学博物馆,scenic,博物馆/展览馆,北京市,中国地质大学博物馆是一所以地球起源与演化、生命起源与进化为主要内容的自然科学博物馆。,2.8,3.9,博物馆|教育文化|高校校园,https://r1.visitbeijing.com.cn/vbj-s/2016/0714/20160714044720200.png,1,,
452,海淀公共安全馆,scenic,博物馆/展览馆,北京市,海淀公共安全馆位于海淀公园北门，建筑面积达 8000 平方米，于2005 年6 月16 日正式对外开放。整个展馆分为交通、治安、消防、地震、水灾害、安全生产、人防、医疗卫生8 个展区。,2.7,3.7,安全教育|科普,https://r1.visitbeijing.com.cn/vbj-s/2016/0714/20160714043625334.png,1,,
453,中国印钞造币博物馆,scenic,博物馆/展览馆,北京市,中国印钞造币博物馆在造币厂一幢大楼的底层，这幢修建于上世纪20年代的大楼本身就被列为优秀近代保护建筑。馆藏有历史上各个时期的钱币。,2.2,4.2,博物馆,https://r1.visitbeijing.com.cn/vbj-s/2016/0714/20160714035610291.png,1,,
454,北京航空馆,scenic,博物馆/展览馆,北京市,北京航空航天博物馆的前身是北京航空馆，是我国首个航空航天科学技术的综合科技馆。位于北京航空航天大学学院路校区内。,4.7,4.4,博物馆|科普|航空,https://r1.visitbeijing.com.cn/vbj-s/2021/1124/20211124142722835.jpg,1,,
455,中国人民革命军事博物馆,scenic,博物馆/展览馆,北京市,中国人民革命军事博物馆位于北京天安门西面的长安街延长线上，筹建于1959年，是向国庆10周年献礼的首都十大建筑之一。1959年3月12日，经中共中央军事委员会批准，正式定名为中国人民革命军事博物馆。,9.6,3.8,博物馆|爱国主义教育|红色旅游,https://r1.visitbeijing.com.cn/vbj-s/2021/1124/20211124143134721.jpg,1,,
456,北京药用植物园,scenic,城市公园,北京市,北京药用植物园隶属于中国医学科学院药用植物研究所。地处北京市西北郊，距市区10公里。,1.2,4.3,植物园|科普|药用植物,https://r1.visitbeijing.com.cn/vbj-s/2016/0713/20160713024651598.png,1,,
457,静明园,scenic,历史古迹,北京市,"静明园位于北京市海淀区玉泉山小东门外,颐和园昆明湖西。占地75公顷，其中水面13公顷。为""三山五园""之一。",9.3,3.7,历史|玉泉山|皇家园林,https://r1.visitbeijing.com.cn/vbj-s/2016/0712/20160712031955451.jpg,1,,
458,畅春园,scenic,历史古迹,北京市,畅春园，位于北京海淀区，圆明园南，北京大学西。原址是明朝明神宗的外祖父李伟修建的“清华园”。,9,4.5,历史|皇家园林|清代园林|遗址,https://r1.visitbeijing.com.cn/vbj-s/2016/0711/20160711054817573.jpg,1,,
459,北京紫云台香草园,scenic,城市公园,北京市,紫云台香草园位于苏家坨镇浅山区，属于海淀区大西山旅游带。,4.9,4.7,休闲|赏花|香草园,https://r1.visitbeijing.com.cn/vbj-s/2016/0711/20160711051001603.jpg,1,,
460,中央民族大学民族博物馆,scenic,博物馆/展览馆,北京市,位于海淀区白石桥路27号的中央民族大学校内，是一座以校内教学为主民族博物馆的综合性民族学博物馆，1952年成立。中央民族大学是我国优秀少数民族青年学习的圣殿,3.3,4.3,博物馆|教育文化|高校校园,https://r1.visitbeijing.com.cn/vbj-s/2016/0711/20160711025900524.jpg,1,,
461,北大地质博物馆,scenic,博物馆/展览馆,北京市,北京大学地质陈列馆是中国建立最早、历史最长的地质科学博物馆。,5.3,3.7,博物馆|名校|教育文化|网红打卡|高校校园,https://r1.visitbeijing.com.cn/vbj-s/2016/0708/20160708053411728.jpg,1,,
462,北大赛克勒考古与艺术博物馆,scenic,博物馆/展览馆,北京市,北京大学赛克勒考古与艺术博物馆坐落在北京大学校内的鸣鹤园中，是中国高等院校中第一所考古专题博物馆。,1.4,3.9,博物馆|名校|教育文化|网红打卡|艺术展览|高校校园,https://r1.visitbeijing.com.cn/vbj-s/2021/1124/20211124141201413.jpg,1,,
463,中关村创业大街,scenic,商业街区,北京市,中关村创业大街是海淀置业集团按市场化运营管理的创业街区，为打造这一海淀创业地标，海淀置业集团投入超过2亿元，将海淀图书城成功转型升级为时尚创业街区。,2.1,4.2,创业街区|科技|创新|商务,https://r1.visitbeijing.com.cn/vbj-s/2016/0708/20160708043434354.jpg,1,,
464,北京石刻艺术博物馆,scenic,博物馆/展览馆,北京市,北京石刻艺术博物馆 位于海淀区西直门外白石桥五塔寺村24号，是一座陈列北京地区石刻文物的专题性博物馆。,2.9,3.6,博物馆|历史遗迹|文化遗产|石刻艺术|艺术展览,https://r1.visitbeijing.com.cn/vbj-s/2016/0708/20160708042047542.jpg,1,,
465,海淀博物馆,scenic,博物馆/展览馆,北京市,这里所有的事情都是在海淀发生的，古代的、当代的、政治的、经济的、文化的、艺术的、科学的等不同领域和不同方面的,4.2,4.6,博物馆,https://r1.visitbeijing.com.cn/vbj-s/2016/0708/20160708040854806.jpg,1,,
466,昌华森林公园,scenic,森林/湿地公园,北京市,昌华森林公园森林景观秀美，历史古迹亦分布广泛。蜿蜒数千米的古香道，满清健锐营操练的碉楼，顺治帝题字的北法海寺，福慧寺、地藏殿、邀月洞、念佛桥、方昭、圆昭等历史遗迹，构成了独特的西山人文景观。,5.2,4.2,森林公园|自然生态,https://r1.visitbeijing.com.cn/vbj-s/2016/0517/20160517113550815.jpg,1,,
467,五棵松冰世界体育乐园（亚洲最大冰上乐园）,scenic,体育场馆,北京市,独具风格的五棵松冰场，不仅为顾客提供滑冰项目，更有各类文化商演、冰上嘉年华、冰上芭蕾表演,3.1,4.5,体育场馆|运动健身,https://r1.visitbeijing.com.cn/vbj-s/2015/1215/20151215030605160.jpg,1,,
468,东升八家郊野公园,scenic,城市公园,北京市,八家郊野公园主题应“八、家”二字谐音，取“八方安和”、“佳(家)木更新”之意。八方安和"取自圆明园"万方安和"，景观创意中隐含有"八家（佳）"之意,8.9,4.6,休闲娱乐|城市公园,https://r1.visitbeijing.com.cn/vbj-s/2015/0909/20150909050847755.jpg,1,,
469,黑龙潭龙王庙,scenic,宗教场所,北京市,黑龙潭及龙王庙，属市级文保单位，龙王庙坐西朝东，依山势层层向上，黑龙潭在明清两代都是皇帝祈雨的地方。,2.6,4.1,道教|宗教建筑|民间信仰|遗产古迹|明清历史|祈雨文化,https://r1.visitbeijing.com.cn/vbj-s/2015/0909/20150909043920486.jpg,1,,
470,白家疃怡贤王祠,scenic,历史古迹,北京市,1985年，白家疃怡贤王祠被北京市政府确定为市级文物保护单位。大戏台于2004年由区政府出资进行修葺，彩画一新。,1.1,3.6,宗教建筑,https://r1.visitbeijing.com.cn/vbj-s/2015/0909/20150909041901370.jpg,1,,
471,温泉镇太舟坞都市菜园,scenic,农业观光,北京市,拥有日光温室80栋的观光旅游农业基地，该园区所产农产品，均做了无公害认证，达到了无公害标准。,4.7,4.4,休闲度假|温泉康养,https://r1.visitbeijing.com.cn/vbj-s/2015/0909/20150909040239246.jpg,1,,
472,东埠头休闲园,scenic,城市公园,北京市,以小西红柿、水果黄瓜、草莓、小西瓜、蓝莓、苤蓝等营养丰富的水果蔬菜为主打品牌，不存在农残超标等问题，绝对的健康绿色。,2.3,3.8,休闲|公园,https://r1.visitbeijing.com.cn/vbj-s/2015/0909/20150909034508387.jpg,1,,
473,北京温泉公园,scenic,城市公园,北京市,公园以自然和谐为基调，建有泉印、堂池、隐乐谷、藕香泊、草亭、活动广场等景点，是一座风景优美、环境宜人的休闲胜地。,2.9,4.2,休闲娱乐|休闲度假|城市公园|温泉康养,https://r1.visitbeijing.com.cn/vbj-s/2015/0909/20150909033013502.jpg,1,,
474,碧水风荷公园,scenic,城市公园,北京市,碧水风荷公园是一个免费开放的社区公园。公园内树荫浓密，鸟语花香，有小型舞池一座，为周围居民提供了一个平时休闲娱乐的好去处。,1.4,3.9,休闲娱乐|城市公园,https://r1.visitbeijing.com.cn/vbj-s/2015/0909/20150909030441161.jpg,1,,
475,清河燕清体育文化公园,scenic,城市公园,北京市,公园内的“奥运大道”记录着现代奥林匹克运动会每一届的举办时间及地点，公园主要以体育活动为主题，建有篮球场、网球场、门球场、乒乓球场、中心广场等健身娱乐设施,2.7,4.3,休闲娱乐|城市公园,https://r1.visitbeijing.com.cn/vbj-s/2015/0909/20150909023818514.jpg,1,,
476,京城水系皇家御河游,scenic,自然景区,北京市,长河已有700余年的历史，史称皇河，它是京城水系中唯一一条印染皇家色彩的河道。,5.3,3.6,亲水|水域风光|水系|游船|皇家,https://r1.visitbeijing.com.cn/vbj-s/2015/0821/20150821051943921.jpg,1,,
477,北京卡雷拉赛车,scenic,主题乐园,北京市,卡雷拉轨道赛车又名卡雷拉路轨赛车，是来自德国的一种遥控轨道赛车玩具，至今已有半个世纪的历史,1.7,3.9,娱乐|竞技|赛车,https://r1.visitbeijing.com.cn/vbj-s/2015/0818/20150818032221936.jpg,1,,
478,中国科技农业展示园,scenic,农业观光,北京市,园区以展示中国农业科学院以及国内外最新农业科技成果为宗旨，实现农业科技成果的转化与普及推广,3.3,4.7,农业|农业观光|科技|观光|采摘体验,https://r1.visitbeijing.com.cn/vbj-s/2015/0818/20150818021316197.jpg,1,,
479,米蒂跳儿童主题乐园,scenic,主题乐园,北京市,米蒂跳(Mitty Jump)是国内首家儿童主题乐园，新颖的室内主题、靓丽的色彩元素、贴心的现场服务,4.7,4.3,亲子互动|儿童乐园|娱乐,https://r1.visitbeijing.com.cn/vbj-s/2015/0817/20150817021826903.jpg,1,,
480,北京奇域梦相4D艺术馆,scenic,主题乐园,北京市,国内首家以错视艺术为主题的体验型艺术馆，面积超1500平米，共有百余幅作。,1.3,4.8,文创园区|美术馆/艺术馆|艺术展览,https://r1.visitbeijing.com.cn/vbj-s/2015/0723/20150723104746383.jpg,1,,
481,上庄动漫水上乐园,scenic,主题乐园,北京市,在素有“京西水乡”美誉的海淀区上庄，背枕风光旖旎的翠湖(上庄水库)之滨，遥望西山，周围自然环境秀美怡人,2.8,4.3,亲子互动|亲水|娱乐|水上乐园|水域风光,https://r1.visitbeijing.com.cn/vbj-s/2015/0721/20150721021156180.jpg,1,,
482,国家典籍博物馆,scenic,博物馆/展览馆,北京市,国家典籍博物馆是集典籍收藏、展示、研究、保护、公共教育、文化传承、文化休闲于一体的综合性博物馆,4.6,4,博物馆,https://r1.visitbeijing.com.cn/vbj-s/2015/0715/20150715114158325.jpg,1,,
483,翠湖国家城市湿地公园,scenic,森林/湿地公园,北京市,公园内动植物资源丰富，原生、栽植湿地高等植物371种，隶属于90科264属，野生鸟类16目38科178种。,5.6,4.4,休闲垂钓|水域风光|湿地公园|自然景观|观鸟,https://r1.visitbeijing.com.cn/vbj-s/2015/0715/20150715105429581.jpg,1,,
484,上地樱桃观光园,scenic,农业观光,北京市,上地樱桃观光园占地面积150亩，樱桃有红灯、红艳、红蜜、拉宾斯等12个品种,5.5,4.4,亲子互动|农业观光|樱桃采摘|采摘体验,https://r1.visitbeijing.com.cn/vbj-s/2013/0509/20130509013141123.jpg,1,,
485,北京双新观光采摘园,scenic,农业观光,北京市,坐落在风景优美、环境怡人的西山风景旅游区，西临八大处，北临香山，东临五环路，风光秀丽，交通便捷,3.3,4.1,亲子互动|农业观光|采摘体验,https://r1.visitbeijing.com.cn/vbj-s/2013/0508/20130508111735960.jpg,1,,
486,北京四季青果林所观光采摘园,scenic,农业观光,北京市,北望玉泉山，东邻四环路，西邻五环路，是北京距市中心最近的一个观光采摘果园,2.7,3.7,亲子互动|农业观光|采摘体验,https://r1.visitbeijing.com.cn/vbj-s/2013/0508/20130508100015347.jpg,1,,
487,北京海淀温泉村观光采摘园,scenic,农业观光,北京市,园内有红灯、红艳、巨红、红密、雷尼、拉宾斯、萨米托、大紫、那翁等10多个樱桃品种可供采摘,1.9,4.1,亲子互动|休闲度假|农业观光|温泉康养|采摘体验,https://r1.visitbeijing.com.cn/vbj-s/2013/0507/20130507032835663.jpg,1,,
488,阳光星期八公园,scenic,城市公园,北京市,休闲、娱乐、放松的空间在哪里呢?到“阳光星期八”来，良好的环境、优雅的景色、健全的设施，“星期八”为你提供了这一切。,1.1,3.6,休闲娱乐|城市公园,https://r1.visitbeijing.com.cn/vbj-s/2013/0503/20130503053337183.jpg,1,,
489,玲珑公园,scenic,城市公园,北京市,公园南部设计为规则园林，北部则为自然山水，其间设置山亭湖榭、曲径小溪，使之成为京密引水渠畔一道靓丽的风景。,4.2,4.5,休闲娱乐|城市公园,https://r1.visitbeijing.com.cn/vbj-s/2013/0503/20130503042529508.jpg,1,,
490,马甸公园,scenic,城市公园,北京市,马甸公园设计力求以人为本、以绿为主，景观与活动空间结合，保留一处人与自然交融的场所，为周边居民提供运动、消闲、健身的绿色空间。,5.8,3.5,休闲娱乐|城市公园,https://r1.visitbeijing.com.cn/vbj-s/2013/0503/20130503032232157.jpg,1,,
491,百旺公园,scenic,城市公园,北京市,百旺公园“望山、望水、望绿林”、“家旺、体旺、精神旺”，一步一望，步步有景，营造出闲适的郊野氛围。,3.5,3.7,休闲娱乐|城市公园,https://r1.visitbeijing.com.cn/vbj-s/2013/0503/20130503020848385.jpg,1,,
492,双秀公园,scenic,城市公园,北京市,公园由中国式园林和日本式园林两部分组成，是北京市里惟一一座有日本风格的园林建筑。造型古朴，别具韵味。,2.3,4.6,休闲娱乐|城市公园,https://r1.visitbeijing.com.cn/vbj-s/2013/0428/20130428015828518.jpg,1,,
493,香山双清别墅,scenic,自然景区,北京市,这里曾是毛主席住过的地方，曾是中共中央的指挥中心，曾发生过扭转中国命运决定中国前途的大事。,5.6,3.7,山地风光|毛泽东|红色旅游|自然景观|革命旧址,https://r1.visitbeijing.com.cn/vbj-s/2013/0410/20130410052330819.jpg,1,,
494,北京市海淀区三山五园文化艺术中心（北京市海淀区博物馆）,scenic,博物馆/展览馆,北京市,这里所有的事情都是在海淀发生的，古代的、当代的、政治的、经济的、文化的、艺术的、科学的等不同领域和不同方面的,2.8,4.4,博物馆|历史文化|商业街区|文创园区|网红打卡|美术馆/艺术馆|艺术展览|购物美食,https://r1.visitbeijing.com.cn/vbj-s/2013/0402/20130402095912488.jpg,1,,
495,北京上庄纳兰性德史迹陈列馆,scenic,博物馆/展览馆,北京市,建筑风格为砖木结构仿清四合院格局，重檐彩绘，回廊琐窗，具有浓厚的传统园林风格。,1.4,3.9,博物馆,https://r1.visitbeijing.com.cn/vbj-s/2013/0329/20130329015307897.jpg,1,,
496,中国蜜蜂博物馆,scenic,博物馆/展览馆,北京市,“蜜蜂是人类的朋友”科普展览、各种蜜蜂图片及标本、蜂产品生产及展示,4.9,4.2,博物馆,https://r1.visitbeijing.com.cn/vbj-s/2013/0329/20130329095430311.jpg,1,,
497,中国国家画院美术馆,scenic,文化艺术空间,北京市,中国国家画院美术馆将通过 “人材兴馆，学术强馆，服务立馆”的办馆方针，为中国画艺术发展起到一定的推动作用。,3.6,4.1,文创园区|美术馆/艺术馆|艺术展览,https://r1.visitbeijing.com.cn/vbj-s/2013/0328/20130328022600335.jpg,1,,
498,北京大学赛克勒考古与艺术博物馆,scenic,博物馆/展览馆,北京市,弘扬中国传统文化，积极开展文物、考古学和博物馆学领域的国际学术交流，增进世界人民的相互理解和友谊。,4.7,4.7,博物馆|教育文化|艺术展览|高校校园,https://r1.visitbeijing.com.cn/vbj-s/2013/0322/20130322105443385.jpg,1,,
499,中国电信博物馆,scenic,博物馆/展览馆,北京市,中国电信博物馆是中国信息通信产业综合性博物馆，是中国通信文物主要的收藏、宣传教育和科学研究的专门机构。,6.9,3.9,博物馆|电信|通信|科技|工业,https://r1.visitbeijing.com.cn/vbj-s/2013/0314/20130314042221309.jpg,1,,
500,北京航空航天博物馆,scenic,博物馆/展览馆,北京市,北京航空航天博物馆，反映学校学科优势与特色文化，融教学、科研和科普教育在三位一体的现代化、专业性展览场馆。,3.1,4.8,博物馆,https://r1.visitbeijing.com.cn/vbj-s/2013/0312/20130312043056691.jpg,1,,
501,中国革命军事博物馆,scenic,博物馆/展览馆,北京市,军事博物馆是中国唯一的大型综合性军事历史博物馆，是展示中华民族五千年军事历史的重要窗口。,5.6,3.7,博物馆|爱国主义教育|红色旅游,https://r1.visitbeijing.com.cn/vbj-s/2013/0228/20130228053536251.jpg,1,,
502,北京艺术博物馆,scenic,博物馆/展览馆,北京市,北京艺术博物馆坐落于明清宝刹万寿寺内，全馆占地3万平方米，建筑面积1.4万平方米，为全国重点文物保护单位。,3.3,4.6,博物馆|艺术展览,https://r1.visitbeijing.com.cn/vbj-s/2013/0301/20130301051642808.jpg,1,,
503,中国化工博物馆,scenic,博物馆/展览馆,北京市,中国化工博物馆是一个展示中国化学工业发展历程和重要成果，是中国第一个化工专业博物馆。,2.2,4.6,博物馆|化工|工业|科技,https://r1.visitbeijing.com.cn/vbj-s/2013/0226/20130226055225261.jpg,1,,
504,凤凰岭龙泉寺庙会,scenic,文化艺术空间,北京市,凤凰岭龙泉寺庙会以凤凰岭龙泉寺新春吉祥祈福系列活动为主体，包括吉祥祈福、龙泉寺法会、素斋、平安面等。,4.6,4.5,民俗活动|节庆活动,https://r1.visitbeijing.com.cn/vbj-s/2013/0118/20130118052412831.jpg,1,,
505,圆明园庙会,scenic,文化艺术空间,北京市,圆明园皇家庙会以“体验皇家生活”为主题，在传统新春庙会元素的基础上，融入了宫廷生活，打造京城独具一格的皇家风格庙会。,9.8,3.7,历史遗迹|爱国主义教育|皇家园林|遗址公园|民俗活动|节庆活动,https://r1.visitbeijing.com.cn/vbj-s/2013/0116/20130116045802646.jpg,1,,
506,曹雪芹纪念馆,scenic,纪念馆/名人故居,北京市,曹雪芹纪念馆在海淀区四季青乡正白旗村。是我国清代伟大的现实主义作家曹雪芹晚年居住的地方。1983年4月22日开馆。傅杰题写匾额“曹雪芹纪念馆”。,3.9,3.8,名人故居|纪念馆|文学|红楼梦|清代历史,https://r1.visitbeijing.com.cn/vbj-s/2013/0106/20130106112039757.jpg,1,,
507,北京钓鱼台国宾馆,scenic,度假休闲,北京市,自成流派的国宴餐饮、典雅细腻的接待服务、独领风骚的皇家园林和丰富的历史、文化内涵成就了钓鱼台品牌的一流品质。,2.7,3.5,国宾馆|外交|建筑,https://r1.visitbeijing.com.cn/vbj-s/2013/0105/20130105022525470.jpg,1,,
508,大钟寺古钟博物馆,scenic,博物馆/展览馆,北京市,在大钟寺古钟博物馆，您将走入一个钟的王国。,1.5,3.8,博物馆,https://r1.visitbeijing.com.cn/vbj-s/2013/0104/20130104033254833.jpg,1,,
509,北京海淀公园,scenic,城市公园,北京市,海淀公园就建于昔日皇家园林“三山五园”之一的畅春园遗址，她在风格上秉承了畅春园的自然雅淡。,6.7,3.5,休闲娱乐|城市公园,https://r1.visitbeijing.com.cn/vbj-s/2013/0104/20130104014213678.jpg,1,,
510,北京首都体育馆,scenic,体育场馆,北京市,北京最大的现代化体育馆，08奥运期间为排球比赛场所，现多用于举办演唱会。,5.7,4.3,体育场馆|运动健身,https://r1.visitbeijing.com.cn/vbj-s/2012/1207/20121207032342546.jpg,1,,
511,北京电影旅游城,scenic,主题乐园,北京市,院子不是很大，曾经的《宰相刘罗锅》等影视剧在此取景，整体设施陈旧，不建议特别前往。,4.3,3.9,娱乐|旅游|电影,https://r1.visitbeijing.com.cn/vbj-s/2015/0513/20150513115236908.jpg,1,,
512,北京碧云寺,scenic,宗教场所,北京市,碧云寺有中国目前保存最好的五百罗汉，个个有真人那样高，甚至其中有乾隆皇帝的自雕像，独一无二。,5.4,3.7,佛教|宗教建筑,https://r1.visitbeijing.com.cn/vbj-s/2012/1206/20121206021537881.jpg,1,,
513,真觉寺（五塔寺）,scenic,宗教场所,北京市,“佛足”表示佛足遍天下，真觉寺中央小塔的塔座南面正中可以看到，这种“佛足”雕刻在国内已经不多见了。,2.9,3.5,佛教|历史遗迹|宗教建筑|文化遗产|石刻艺术,https://r1.visitbeijing.com.cn/vbj-s/2012/1206/20121206014648154.jpg,1,,
514,北京卧佛寺,scenic,宗教场所,北京市,卧佛寺是植物园中的一个景点，因为卧佛而出名，又因谐音是英语的offer而让学子们供奉。,1.3,4.6,佛教|宗教建筑,https://r1.visitbeijing.com.cn/vbj-s/2012/1206/20121206013158718.jpg,1,,
515,北京龙徽葡萄酒博物馆,scenic,博物馆/展览馆,北京市,龙徽葡萄酒博物馆，是对北京葡萄酒百年发展史的一个记录，是中国葡萄酒产业不断推陈出新精神的见证。,3.5,4.2,博物馆,https://r1.visitbeijing.com.cn/vbj-s/2015/0513/20150513111854136.jpg,1,,
516,上庄水库,scenic,自然景区,北京市,"烧烤最佳地，因为上庄水库还不是景区,所以这里是免费开放的。",1.3,3.9,休闲垂钓|水域风光|自然景观,https://r1.visitbeijing.com.cn/vbj-s/2012/1208/20121208024247167.jpg,1,,
517,万寿寺,scenic,宗教场所,北京市,万寿寺深庭广厦，琼楼玉宇，雕梁画栋，极其宏丽。其间曲栏回廊，御书碑亭，青石假山，苍松翠柏错落有致。,1.4,4.5,佛教|宗教建筑,https://r1.visitbeijing.com.cn/vbj-s/2012/1207/20121207105034256.jpg,1,,
518,李大钊烈士陵园,scenic,纪念馆/名人故居,北京市,一座通体洁白的汉白玉塑像矗立在美人蕉的花圃中间，鲜花绽放，香气四溢，好像在向主人表达崇高的敬意。,2.2,4.7,爱国主义教育|红色旅游,https://r1.visitbeijing.com.cn/vbj-s/2012/1207/20121207085111275.jpg,1,,
519,中华世纪坛,scenic,博物馆/展览馆,北京市,中华世纪坛，是中国人民迎接新千年、新世纪的标志性建筑。北倚风景秀丽的玉渊潭公园，南与西客站相望。,2,4.2,地标|文化|纪念,https://r1.visitbeijing.com.cn/vbj-s/2015/0729/20150729035549580.jpg,1,,
520,万事达中心（北京奥林匹克篮球馆）,scenic,体育场馆,北京市,"北京奥林匹克篮球馆是北京市西部地区最大的奥运场馆,奥运会后可举办各种大型赛事和大型文化演出活动。",1.1,4.1,体育场馆|地标建筑|奥运遗产|运动健身,https://r1.visitbeijing.com.cn/vbj-s/2012/1207/20121207114921856.jpg,1,,
521,清华园,scenic,校园教育,北京市,"清华园曾是皇家园林, 至今仍保存着近春园谴址, 这里有水, 假山. 亭台, 是人们来这里休闲, 游玩的好地方",2.5,4,名校|教育文化|网红打卡|高校校园,https://r1.visitbeijing.com.cn/vbj-s/2012/1207/20121207033949818.jpg,1,,
522,五棵松体育中心棒球场,scenic,体育场馆,北京市,北京奥运会期间承担棒球比赛的场馆，现留出的空地不时招商开展大卖场活动。,2.2,4.8,体育场馆|奥运遗产|运动健身,https://r1.visitbeijing.com.cn/vbj-s/2012/1207/20121207083224112.jpg,1,,
523,长城铁花景区,scenic,文化艺术空间,北京市,长城打铁花是孕育于北京古老长城脚下的特殊民俗文化，非遗文化，是烽火狼烟岁月兵戈之争，文化交融碰撞的产物。经过历史的演变，它已成为古老的祈福文化，也是旧时社会风水术中一种特殊的净场方式。,9.1,4.2,民俗表演|非遗|夜游,https://r1.visitbeijing.com.cn/vbj-s/2018/0411/20180411053856894.jpg,1,,
524,百里山水画廊乌龙峡谷景区,scenic,自然景区,北京市,北京延庆乌龙峡谷景区——原名黑龙潭，是京津冀旅游年票景点。峡谷两侧绝壁陡直、怪石林立，水声轰鸣，浪花飞溅，以青山幽谷、碧水深潭远近闻名。,7.1,4,自然风景区|峡谷|水域风光|自然景观,https://r1.visitbeijing.com.cn/vbj-s/2017/0727/20170727050701137.jpg,1,,
525,上奶山,scenic,自然景区,北京市,上奶山是个风景秀丽的地方。,3.3,4.8,山地风光|自然景观,https://r1.visitbeijing.com.cn/vbj-s/2017/0526/20170526033655750.jpg,1,,
526,神奇野山峡风景区,scenic,自然景区,北京市,延庆野山峡风景区地处于具有“塞外明珠”美称的延庆。由北京驱车只需90分钟，这里群峰竟举，重峦叠粹，植被丰茂，朝禽暮兽，景点众多，各个景点都有一段神奇的故事，所以人们称这里为–“神奇野山峡”。,2,4.5,山地风光|自然景观,https://r1.visitbeijing.com.cn/vbj-s/2017/0524/20170524055435710.jpg,1,,
527,永宁古城,scenic,度假休闲,北京市,永宁为五帝时缙云氏所都，战国为燕地，汉属夷舆县，唐归儒州，辽属缙山县，金为神峰乡。,3.5,4.3,传统建筑|古镇古村|民俗风情,https://r1.visitbeijing.com.cn/vbj-s/2017/0522/20170522114300238.jpg,1,,
528,原乡美利坚小镇,scenic,度假休闲,北京市,原乡美利坚位于古崖居西侧，三面环山，处在山谷之中。,5.5,3.9,度假小镇|美式风情|休闲度假|住宿,https://r1.visitbeijing.com.cn/vbj-s/2017/0417/20170417105704878.jpg,1,,
529,四季花海,scenic,自然景区,北京市,延庆的四季花海位于北京市延庆县的四海镇，青山绿水间，数千亩鲜花铺展开来，姹紫嫣红，农田变花园,1.5,4.6,花海|赏花,https://r1.visitbeijing.com.cn/vbj-s/2016/1118/20161118021246342.jpg,1,,
530,西沟里自然风景区,scenic,自然景区,北京市,西沟里村地处四海镇西沟流域上游，全村总面积9000亩，其中耕地300余亩，森林覆盖率95%以上,1.8,4.1,山地风光|自然景观,https://r1.visitbeijing.com.cn/vbj-s/2016/1118/20161118015207994.jpg,1,,
531,大古城沙漠奇景,scenic,自然景区,北京市,在八达岭高速公路的尽头，延庆八达岭长城北侧，北京与河北交界的官厅水库南岸，有离京城最近的一块沙漠,9.3,4.6,自然景观|沙漠|地质奇观,https://r1.visitbeijing.com.cn/vbj-s/2016/1009/20161009023146359.jpg,1,,
532,北京帐篷公园,scenic,度假休闲,北京市,北京帐篷公园位于延庆区石京龙滑雪场内，是目前全球第一个帐篷主题公园。,1.8,4.1,露营公园|户外休闲|自然体验,https://r1.visitbeijing.com.cn/vbj-s/2016/0902/20160902043444817.jpg,1,,
533,乌龙峡谷,scenic,自然景区,北京市,乌龙峡谷位于园区东北部黑河下游，与滴水壶景区相距2公里，属距今14亿年前的中生代火山熔岩区，全长2公里，是典型的山间河流深切河谷地貌景观。,2.1,3.8,山地风光|自然景观,https://r1.visitbeijing.com.cn/vbj-s/2016/0819/20160819063159368.png,1,,
534,仓米古道旅游区,scenic,自然景区,北京市,延庆县东部山区旅游景区总称。包括燕山天池景区、白河河谷景区、齐仙岭景区、珍珠泉景区、四海景区等。,1.9,4.2,古道|徒步,https://r1.visitbeijing.com.cn/vbj-s/2016/0819/20160819054319530.png,1,,
535,松山森林公园,scenic,森林/湿地公园,北京市,北京市松山自然保护区始建于1985年，并于1986年晋升为国家级森林和野生动物类型自然保护区，从而成为北京市首个国家级自然保护区。,7.1,3.8,森林公园|自然生态,https://r1.visitbeijing.com.cn/vbj-s/2016/0810/20160810015351270.jpg,1,,
536,留香谷香草园,scenic,自然景区,北京市,走进紫色的花海，扑鼻的清香、茵茵的绿草、耳边蜜蜂嗡嗡的采蜜声，将你置身于京北山区普罗旺斯的美景中感受浪漫。,4.4,4,山地风光|自然景观,https://r1.visitbeijing.com.cn/vbj-s/2015/0906/20150906031257333.jpg,1,,
537,金隅八达岭温泉度假村,scenic,度假休闲,北京市,这里的温泉水源自地下2000米深处，出水温度54摄氏度，水质优良，富含人体所需的氟、硫、铁、硅等多种矿物质,5.7,3.9,休闲度假|住宿|度假村|温泉康养,https://r1.visitbeijing.com.cn/vbj-s/2015/0825/20150825020515478.jpg,1,,
538,北京元代谷风景区,scenic,自然景区,北京市,代谷地貌形成于第四 纪冰川时期，经过万年的风雨冲刷形成了现在的特殊地质地貌，保存着原始的自然生态植被。,1.4,4.7,山地风光|自然景观,https://r1.visitbeijing.com.cn/vbj-s/2015/0820/20150820040409490.jpg,1,,
539,北京龙湾国际露营公园,scenic,度假休闲,北京市,龙湾国际露营公园为第80届世界汽车房车露营大会的举办地，公园内坐落着充满异域风情的童话小屋，是全家出游的最佳选择。,5.8,4,露营公园|户外休闲|自然体验|住宿,https://r1.visitbeijing.com.cn/vbj-s/2014/0519/20140519043712312.jpg,1,,
540,妫水公园,scenic,城市公园,北京市,整个公园是以植物、水体为主造景的园林景观，具有丰富的艺术文化内涵。,7,4.1,休闲娱乐|城市公园,https://r1.visitbeijing.com.cn/vbj-s/2013/0418/20130418113303872.jpg,1,,
541,妫川广场,scenic,城市公园,北京市,一座名为“妫川情”的大型现代雕塑作为延庆的标志矗立在广场中心，挺拔壮观，气势恢宏。,5,4.5,公共活动空间|城市广场,https://r1.visitbeijing.com.cn/vbj-s/2013/0416/20130416114440933.jpg,1,,
542,百泉公园,scenic,城市公园,北京市,公园以体现自然生态为理念，合理设置生态景观，配置植物群落。,4.2,4.3,休闲娱乐|城市公园,https://r1.visitbeijing.com.cn/vbj-s/2013/0416/20130416103711764.jpg,1,,
543,延庆迎宾公园,scenic,城市公园,北京市,公园整体布局均采用自然式，为人们提供可观、可游、可赏、环境幽雅、景色秀丽的场所。,5.1,3.9,休闲娱乐|城市公园,https://r1.visitbeijing.com.cn/vbj-s/2013/0416/20130416093412559.jpg,1,,
544,江水泉公园,scenic,城市公园,北京市,"江水泉公园是人与自然情景交融的最佳场所,是现今游人旅游、观光的又一休闲佳处。",1.7,3.9,休闲娱乐|城市公园,https://r1.visitbeijing.com.cn/vbj-s/2013/0415/20130415045149151.jpg,1,,
545,香水苑公园,scenic,城市公园,北京市,香水苑公园成为一处集游乐、休闲、健身于一体的综合性公园。,2.9,4.4,休闲娱乐|城市公园,https://r1.visitbeijing.com.cn/vbj-s/2013/0415/20130415051609191.jpg,1,,
546,三里河湿地公园,scenic,森林/湿地公园,北京市,三里河湿地公园以自然质朴为根本，保持了湿地的原生形态，是游人接近自然、回归自然的好去处。,2.1,4.6,湿地公园|观鸟,https://r1.visitbeijing.com.cn/vbj-s/2013/0415/20130415124815263.jpg,1,,
547,中国马文化博物馆,scenic,博物馆/展览馆,北京市,在所有的动物中，与人最密切最亲近最能沟通交流的是马。 人开始是利用马的速度和力量来弥补自身能力的不足。,4,3.9,博物馆|历史文化,https://r1.visitbeijing.com.cn/vbj-s/2013/0407/20130407044619756.jpg,1,,
548,延庆博物馆,scenic,博物馆/展览馆,北京市,延庆博物馆是目前北京郊区规模最大、功能最全的现代化综合性博物馆，2004年开始筹备，2008年9月30日正式对外开放。,7.9,3.6,博物馆,https://r1.visitbeijing.com.cn/vbj-s/2013/0407/20130407114923425.jpg,1,,
549,山戎文化陈列馆,scenic,博物馆/展览馆,北京市,它以丰富的考古发掘成就，向世人展示了春秋战国时期活跃于燕山地区的强大民族——山戎族的古老文化遗存。,2.7,4.5,博物馆,https://r1.visitbeijing.com.cn/vbj-s/2013/0326/20130326041610422.jpg,1,,
550,辉煌国际会议度假区,scenic,度假休闲,北京市,半山缓坡地势，原始自然植被，景观资源优势明显，交通便利。,3.9,3.7,休闲度假|住宿|度假村,https://r1.visitbeijing.com.cn/vbj-s/2015/0512/20150512045327984.jpg,1,,
551,长城阳光山谷马术俱乐部,scenic,体育场馆,北京市,它背依燕山余脉，雄伟的万里长城蜿蜒其间，林木繁茂，空气清新，视野辽阔。,9.6,3.5,马术俱乐部|体育运动|高端休闲,https://r1.visitbeijing.com.cn/vbj-s/2012/1206/20121206024940901.jpg,1,,
552,妫海远航景区,scenic,自然景区,北京市,乘龙舟远航，赏湖光山色。游客乘坐仿古画舫欣赏两岸秀美风光，看水鸟集翔。,1.8,4,水域风光|游船,https://r1.visitbeijing.com.cn/vbj-s/2015/0513/20150513033936572.jpg,1,,
553,绿富隆观光园,scenic,农业观光,北京市,距市区很近的农业采摘观光园，优质纯绿色水果、蔬菜，亲手采摘、无限乐趣！,3.1,4.3,亲子互动|农业观光|采摘体验,https://r1.visitbeijing.com.cn/vbj-s/2015/0512/20150512052004424.jpg,1,,
554,八达岭残长城,scenic,历史古迹,北京市,这里崇山峻岭、深沟险隘，长城城关相连，墩堡相望，由于保存原始，虽然残缺，雄峰犹存，那断壁残垣，定位在一个“残”字上。,9.9,4,世界遗产|摄影打卡|登山徒步|长城段,https://r1.visitbeijing.com.cn/vbj-s/2021/0928/20210928170359193.jpg,1,,
555,岔道古城民俗旅游度假区,scenic,度假休闲,北京市,城内原铺户、客栈等老式建筑已被部分现代民房所替代，只留下驿站等遗址以及散落在街道 两旁的石碾等。,5.1,4.2,休闲度假|传统建筑|住宿|古镇古村|度假村|民俗风情,https://r1.visitbeijing.com.cn/vbj-s/2015/1208/20151208042200464.jpg,1,,
556,里炮红苹果度假区,scenic,度假休闲,北京市,以种植苹果而闻名的度假区，不断学习进步，现已成为京郊有名的绿色果品科普示范基地。,3.3,3.8,休闲度假|住宿|度假村,https://r1.visitbeijing.com.cn/vbj-s/2015/0513/20150513032753550.jpg,1,,
557,柳沟民俗旅游度假区,scenic,度假休闲,北京市,火盆锅、豆腐宴，农家菜体验当地的民俗风情。,1.7,4.1,休闲度假|住宿|度假村,https://r1.visitbeijing.com.cn/vbj-s/2015/0512/20150512052939930.jpg,1,,
558,松山森林旅游区,scenic,森林/湿地公园,北京市,松山自然保护区内群山叠翠，古松千姿百态，山涧溪水淙淙，谷中山石嶙峋，生物多样性丰富。,3.1,3.8,山地风光|森林公园|自然景观|自然生态,https://r1.visitbeijing.com.cn/vbj-s/2016/0320/20160320042920886.jpg,1,,
559,海坨山,scenic,自然景区,北京市,这里有高山草甸，花花草草们种类繁杂，美不胜收；这里还有湖水青碧的峡谷风情，水上雾霭沉沉，气候凉爽宜人。,2.9,4.8,山地风光|自然景观,https://r1.visitbeijing.com.cn/vbj-s/2012/1208/20121208023108183.jpg,1,,
560,白河湾自然风景区（白河峡谷）,scenic,自然景区,北京市,这一段是北京最美的河谷风光，山水环绕，间或有亭台楼榭，既有壮阔的自然风貌，也有锦绣江南的点滴风韵。,3.8,4.1,亲水|山地风光|水域风光|自然景观,https://r1.visitbeijing.com.cn/vbj-s/2016/0622/20160622100903282.jpg,1,,
561,延庆鸟类湿地自然保护区,scenic,森林/湿地公园,北京市,沿着湿地堤坝走去，可以看到两岸宽阔的水面上栖息着无数的飞鸟，各种鸟叫声不绝于耳，令人赏心悦目。,1.9,4.1,湿地公园|自然生态|观鸟,https://r1.visitbeijing.com.cn/vbj-s/2012/1218/20121218015133904.jpg,1,,
562,中国长城博物馆,scenic,博物馆/展览馆,北京市,其参观线路在设计的宛如长城起伏，处处可见“雄关”、“隘口”，仿佛置身万里长城之上。,8.9,3.6,世界遗产|博物馆|摄影打卡|登山徒步|长城段,https://r1.visitbeijing.com.cn/vbj-s/2021/0928/20210928174513702.jpg,1,,
563,詹天佑纪念馆,scenic,纪念馆/名人故居,北京市,纪念馆由瞻仰厅、序幕厅及3处陈列厅，展现了詹天佑从求学、投身铁路建设到抗清护路、拥护辛亥革命所走过的历程。,3.7,3.9,纪念馆|科学家|铁路|近代历史|工程师,https://r1.visitbeijing.com.cn/vbj-s/2013/1119/20131119105241596.jpg,1,,
564,古木化石群,scenic,森林/湿地公园,北京市,据科学家考证，当地木化石产生于中侏罗纪晚期，距今已经历一亿三千万年的沧桑岁月。,2.1,4.2,森林公园|自然生态,https://r1.visitbeijing.com.cn/vbj-s/2012/1207/20121207034032406.jpg,1,,
565,妫河森林公园,scenic,森林/湿地公园,北京市,乘一叶小舟顺流而下，漂进如诗如画的艺术境界。8公里水路，犹如一条迂回宛约的绿色长廊，4道叠水激流白浪翻滚。,5.7,4.4,森林公园|自然生态,https://r1.visitbeijing.com.cn/vbj-s/2016/0622/20160622094330539.jpg,1,,
566,康西草原,scenic,自然景区,北京市,每到夏季，绿草如茵，红花点点，有蒙古包，有牛、马、羊群，山、水、林、草融为一体，风景秀美，令人心旷神怡，是京郊难得的避暑胜地。,5.3,4.5,自然生态|草原风光,https://r1.visitbeijing.com.cn/vbj-s/2015/0512/20150512050707800.jpg,1,,
567,夏都公园,scenic,城市公园,北京市,夏都公园是延庆县城综合生态保护区的核心，同时也是全国最大的主题雕塑公园，如果您热爱艺术这里值得您到此一游。,2.2,3.8,休闲娱乐|城市公园,https://r1.visitbeijing.com.cn/vbj-s/2012/1208/20121208032852815.jpg,1,,
568,榆林堡,scenic,森林/湿地公园,北京市,榆林堡是北京周边现存规模最大的古驿站遗址，要想体会古代那种关外的感觉可以来这里一试。,1.8,3.5,古镇古村|森林公园|民俗风情|自然生态,https://r1.visitbeijing.com.cn/vbj-s/2012/1208/20121208014805944.jpg,1,,
569,阳坊白虎涧,scenic,自然景区,北京市,白虎涧自然风景区位于昌平区阳坊镇境内，属太行山余脉。总面积460万平方米，最高峰850米，景区山峰错落林立，山体绵延宏伟，有“神岭千峰”之称，为著名的“燕平八景”之一。山峦无际，云海无边，石奇谷幽，万木峥嵘，是景区的奇异景色。,2.7,4.5,山地风光|自然景观,https://r1.visitbeijing.com.cn/vbj-s/2018/0605/20180605061034164.jpg,1,,
570,百川山庄,scenic,度假休闲,北京市,百川山庄坐落于燕山山脉南山脚下，掩映于群山怀抱的浩瀚林海之中，占地500亩。林间长满各种野菜牧草。山庄以天然山林为依托，主要致力于畜禽峰养殖工作。,3.2,3.6,住宿服务|酒店,https://r1.visitbeijing.com.cn/vbj-s/2017/0808/20170808050743105.jpg,1,,
571,云中阁景区,scenic,历史古迹,北京市,云中阁景区位于北京市昌平区西部山区，属流村镇辖域。南距老峪沟1.9公里，东南距禾子涧3公里，与门头沟区、河北怀来县相毗邻，素有京师“西北门户”之称。,4,4.4,历史建筑|古建筑|观景建筑,https://r1.visitbeijing.com.cn/vbj-s/2017/0524/20170524054759238.jpg,1,,
572,昌平区流村镇北流果园,scenic,农业观光,北京市,地处太行山脉西段，位于昌平区西20公里处。果园始建于1964年,3.5,4.6,亲子互动|农业观光|采摘体验,https://r1.visitbeijing.com.cn/vbj-s/2017/0109/20170109021053279.jpg,1,,
573,崔村镇真顺果园,scenic,农业观光,北京市,,2,4.3,亲子互动|农业观光|采摘体验,https://r1.visitbeijing.com.cn/vbj-s/2017/0109/20170109111854924.jpg,1,,
574,崔村镇大辛峰果园,scenic,农业观光,北京市,位于昌平卫星城东10公里，燕山山脉山前暖带的开阔地中，地下水资源丰富，土壤气候特别适宜果品生产,3.4,3.9,亲子互动|农业观光|采摘体验,https://r1.visitbeijing.com.cn/vbj-s/2017/0105/20170105032546381.jpg,1,,
575,蟒山红苹果种植中心,scenic,农业观光,北京市,昌平蟒山红苹果采摘园 位于北京昌平十三陵风景区内,5.6,4.3,农业观光|采摘体验|果园,https://r1.visitbeijing.com.cn/vbj-s/2017/0105/20170105020818343.jpg,1,,
576,真顺红苹果乐园,scenic,农业观光,北京市,"北京真顺红苹果乐园位于北京市昌平区崔村镇真顺村,北依绵绵群山",2,4.1,农业观光|采摘体验,https://r1.visitbeijing.com.cn/vbj-s/2017/0105/20170105113244861.jpg,1,,
577,绿岛观光采摘园,scenic,农业观光,北京市,北京南口昌盛绿岛观光采摘园，位于昌平区西北部，距昌平城区5公里，紧靠八达岭高速公路，交通便利。,4.1,3.7,亲子互动|农业观光|采摘体验,https://r1.visitbeijing.com.cn/vbj-s/2017/0105/20170105112858168.jpg,1,,
578,兴寿镇桃林村果园,scenic,农业观光,北京市,"桃林村果园地处京密引水渠以北,燕山脚下",1.2,3.9,亲子互动|农业观光|采摘体验,https://r1.visitbeijing.com.cn/vbj-s/2017/0105/20170105112411519.jpg,1,,
579,绿园生态种植基地,scenic,农业观光,北京市,,2.7,4.7,农业观光|采摘体验,https://r1.visitbeijing.com.cn/vbj-s/2017/0104/20170104030149792.jpg,1,,
580,御馨园种植中心,scenic,农业观光,北京市,,5.7,3.8,农业观光|采摘体验|果园,https://r1.visitbeijing.com.cn/vbj-s/2017/0104/20170104025716645.jpg,1,,
581,北京昌平香味葡萄园,scenic,农业观光,北京市,,3.1,3.7,农业观光|采摘体验,https://r1.visitbeijing.com.cn/vbj-s/2017/0104/20170104025301370.jpg,1,,
582,昌平龙泽园种植园,scenic,农业观光,北京市,北京龙泽园种植园位于北京市昌平十三陵康陵园本园占地面积100余亩，是纯天然绿色食品，种植水果品种有樱桃,3.1,4.2,亲子互动|农业观光|采摘体验,https://r1.visitbeijing.com.cn/vbj-s/2017/0104/20170104024301858.jpg,1,,
583,昌平区南邵镇何营果园,scenic,农业观光,北京市,,1.9,3.7,亲子互动|农业观光|采摘体验,https://r1.visitbeijing.com.cn/vbj-s/2017/0104/20170104105535514.jpg,1,,
584,十三陵·神路葡萄庄园,scenic,农业观光,北京市,,3.4,4.3,农业观光|采摘体验|葡萄酒|休闲度假|十三陵,https://r1.visitbeijing.com.cn/vbj-s/2017/0103/20170103045359364.jpg,1,,
585,半塔郊野公园,scenic,城市公园,北京市,,5.1,4.6,休闲娱乐|历史遗迹|城市公园|文化遗产|石刻艺术,https://r1.visitbeijing.com.cn/vbj-s/2016/1213/20161213024550574.jpg,1,,
586,龙门店森林公园,scenic,森林/湿地公园,北京市,,1,4.3,森林公园|自然生态,https://r1.visitbeijing.com.cn/vbj-s/2016/1213/20161213112759379.jpg,1,,
587,北京华彬高尔夫俱乐部,scenic,体育场馆,北京市,华彬庄园位于北京市昌平区，占地6400亩，踞长城、临燕山，为京城上风上水之贵地。,9.3,4.5,体育场馆|体育运动|运动健身|高尔夫|高端休闲,https://r1.visitbeijing.com.cn/vbj-s/2016/1111/20161111034023592.jpg,1,,
588,关沟风景区,scenic,自然景区,北京市,关沟风景区是南口到八达岭之间的20公里长的峡谷。,3.3,4.1,山地风光|自然景观,https://r1.visitbeijing.com.cn/vbj-s/2016/1025/20161025111914192.jpg,1,,
589,太平野郊公园,scenic,城市公园,北京市,太平郊野公园，占地1085亩，位于规划中轴路延长线以东，兰太路南侧，单村东侧。周边有太平家园、天通苑等大型社区。,2.6,4.7,休闲娱乐|城市公园,https://r1.visitbeijing.com.cn/vbj-s/2016/1020/20161020041020571.jpg,1,,
590,童话山庄,scenic,度假休闲,北京市,童话山庄，位于昌平区南口镇大石坡旅游度假区内，在华彬庄园的西侧，或八达岭高速第17出口左转过桥右转至第一个红绿灯即到南口。,3.6,4.4,住宿服务|酒店,https://r1.visitbeijing.com.cn/vbj-s/2016/1019/20161019043034963.jpg,1,,
591,桃峪口风景区,scenic,自然景区,北京市,桃峪口水库位于昌平东部与顺义交界的上苑乡，距北京市区40公里。,2.1,3.6,农业观光|山地风光|自然景观|采摘体验,https://r1.visitbeijing.com.cn/vbj-s/2016/1019/20161019042113182.jpg,1,,
592,静之湖森林公园,scenic,森林/湿地公园,北京市,北京静之湖度假酒店位于昌平区兴寿镇桃峪口市级度假区内，距市区仅28公里，沿京承高速路、京昌高速路、立汤快速路均可到达，交通便利。,3,3.8,休闲垂钓|森林公园|水域风光|自然景观|自然生态,https://r1.visitbeijing.com.cn/vbj-s/2016/1018/20161018114616639.jpg,1,,
593,长陵神功圣德碑,scenic,历史古迹,北京市,长陵的神功圣德碑，规制为重檐歇山顶。“神功圣德”指的就是对帝王历史地位的评价。,2.6,4.4,世界遗产|明清历史|皇家陵寝|遗产古迹,https://r1.visitbeijing.com.cn/vbj-s/2016/1017/20161017052724286.jpg,1,,
594,大杨山国家森林公园,scenic,森林/湿地公园,北京市,北京大杨山国家森林公园位于昌平区东北部延寿镇境内，属燕山山脉，总面积达2106.5公顷，景区森林覆盖率90%以上，属北温带季风气候，距安定门40公里，是距市区最近的旅游风景区之一。,5.7,4.8,森林公园|自然生态,https://r1.visitbeijing.com.cn/vbj-s/2016/1017/20161017034529132.jpg,1,,
595,拉斐特城堡公园,scenic,城市公园,北京市,北京拉斐特城堡公园坐落在昌平区北七家镇，位于北京的母亲河--温榆河上游。,1.4,4.2,休闲娱乐|城市公园,https://r1.visitbeijing.com.cn/vbj-s/2016/1009/20161009040624833.jpg,1,,
596,赛场公园,scenic,城市公园,北京市,赛场公园是进入昌平卫星城的第一个大型绿地。,2.9,3.8,休闲娱乐|城市公园,https://r1.visitbeijing.com.cn/vbj-s/2016/0929/20160929023237255.png,1,,
597,宏福公园,scenic,城市公园,北京市,宏福公园位于温都水城东北方向一公里的地方，中心湖水面60余亩，水深1.8米，与7公里长的东、西护城河贯通。,1.1,3.9,休闲娱乐|城市公园,https://r1.visitbeijing.com.cn/vbj-s/2016/0919/20160919034429561.png,1,,
598,回龙园公园,scenic,城市公园,北京市,回龙园公园是回龙观文化居住区的一座配套公园，总面积有9.7万多平方米，是附近丽龙园、云趣园、风雅园等几个小区居民的健身休闲场所。,3.2,3.8,休闲娱乐|城市公园,https://r1.visitbeijing.com.cn/vbj-s/2016/0919/20160919033555346.png,1,,
599,朝宗桥公园,scenic,城市公园,北京市,朝宗桥又名沙河北大桥。位于昌平县城南10公里、沙河镇北0.5公里。朝宗桥为七孔石桥。,4.3,3.9,交通建筑|休闲娱乐|城市公园|桥梁建筑,https://r1.visitbeijing.com.cn/vbj-s/2016/0909/20160909041158282.jpg,1,,
600,沙河闸湿地公园,scenic,森林/湿地公园,北京市,昌平温榆河与沙河水库交汇湿地公园------沙河闸湿地公园位于昌平区温榆河与沙河水库交汇处，以展示湿地水质净化能力和旅游休闲功能为主。,2.6,4.5,湿地公园|观鸟,https://r1.visitbeijing.com.cn/vbj-s/2016/0909/20160909032626381.jpg,1,,
601,白浮泉湿地公园,scenic,森林/湿地公园,北京市,白浮泉湿地公园占地398公顷，几乎是朝阳公园、颐和园的1.5倍，是京北最大的城市公园。,9,4.1,湿地公园|观鸟,https://r1.visitbeijing.com.cn/vbj-s/2016/0908/20160908030824732.jpg,1,,
602,东小口森林公园,scenic,森林/湿地公园,北京市,东小口森林公园位于北京市昌平区，紧挨着清河湾高尔夫练习场和东升文体公园，其南边就是奥林匹克森林公园。,2,4.7,森林公园|自然生态,https://r1.visitbeijing.com.cn/vbj-s/2016/0901/20160901035049972.jpg,1,,
603,太平郊野公园,scenic,城市公园,北京市,太平郊野公园，占地1085亩，位于规划中轴路延长线以东，兰太路南侧，单村东侧。周边有太平家园、天通苑等大型社区。,3.9,3.8,休闲娱乐|城市公园,https://r1.visitbeijing.com.cn/vbj-s/2016/0831/20160831053725810.jpg,1,,
604,昌平新城滨河森林公园,scenic,森林/湿地公园,北京市,万亩滨河森林公园，北起十三陵水库，南至京密引水渠，占地398公顷。,2.1,4.1,森林公园|自然生态,https://r1.visitbeijing.com.cn/vbj-s/2016/0831/20160831052610764.jpg,1,,
605,昌平印象山庄,scenic,度假休闲,北京市,昌平印象山庄(阿尔卑斯小镇)青山绿野，曲径通幽，在蓝天白云的衬托和群山的环绕下，让人仿佛走入了图画中隐蔽的桃花源。,5.3,4.1,住宿服务|酒店,https://r1.visitbeijing.com.cn/vbj-s/2016/0831/20160831051228315.jpg,1,,
606,北京东方硕果采摘园,scenic,农业观光,北京市,定期大量向固定企业提供新鲜蔬菜、为百姓提供田园乐——开心农场出租（代理）、新鲜蔬果采摘、休闲垂钓等等。,3.7,4.1,亲子互动|农业观光|采摘体验,https://r1.visitbeijing.com.cn/vbj-s/2016/0802/20160802025926610.jpg,1,,
607,亲农耕农业体验园,scenic,农业观光,北京市,北农-亲农耕农业体验园创建于2008年，位于北京市昌平区马池口镇亭自庄村西，南接百葛路，西靠温南路，距北京市北六环西端1公里,5.5,4.5,农业观光|采摘体验,https://r1.visitbeijing.com.cn/vbj-s/2016/0719/20160719025634568.jpg,1,,
608,凤山温泉度假村,scenic,度假休闲,北京市,凤山温泉24小时全天开放。其中21000平米温泉乐园拥有72种独具特色的温泉浴池，储存于3800米深的侏罗纪白云岩温泉水，富含对人体有益的钙、镁、铁、钾、钠、氟等各种微量元素及矿物质，具有良好的保健功效。,2.8,4.2,休闲度假|住宿|度假村|温泉康养,https://r1.visitbeijing.com.cn/vbj-s/2016/0714/20160714024954260.jpg,1,,
609,北京奥林狩猎俱乐部,scenic,体育场馆,北京市,奥林狩猎庄园场引进意大利贝雷塔、德国西格绍尔p226、瑞士哈默利手枪;德国瓦尔特、美国鲁格、英国三枪步枪;您可以充分体验速射手枪与超精准步枪给您带来的暴爽感觉。,1.6,3.6,森林公园|自然生态,https://r1.visitbeijing.com.cn/vbj-s/2016/0705/20160705015043926.jpg,1,,
610,香堂文化新村,scenic,度假休闲,北京市,香堂文化新村位于正北方向与天安门、故宫在同一轴线上。 距市中心约50公里。在建设社会主义新农村的历程中， 香堂村经过十几年的艰苦奋斗，发展创新。,9.5,3.9,古镇古村|民俗风情,https://r1.visitbeijing.com.cn/vbj-s/2016/0620/20160620114845254.png,1,,
611,奥林射击场,scenic,体育场馆,北京市,奥林狩猎俱乐部射击庄园，简称奥林射击庄园，归属于北京奥林狩猎俱乐部有限公司射击场，是北京市面积最大、设施最完善、生态保留最为完整的狩猎场。,7.4,3.7,森林公园|自然生态,https://r1.visitbeijing.com.cn/vbj-s/2016/0331/20160331120628421.jpg,1,,
612,桃花仙谷,scenic,自然景区,北京市,在地处燕山腹地的昌平区北部山区延寿镇，一条蜿蜒曲折的盘山公路串起沿途古朴宁静的村落，也是著名的桃花一条沟。,6.8,4.5,农业观光|山地风光|自然景观|采摘体验,https://r1.visitbeijing.com.cn/vbj-s/2016/0320/20160320031154633.jpg,1,,
613,亢山公园,scenic,城市公园,北京市,布局为开阔铺装、大体量的草坪和色带曲线及大规格的树木种植，有音乐旱喷、浮雕、下陷舞池、健身广场等多个景观景点。,3.9,4.5,休闲娱乐|城市公园,https://r1.visitbeijing.com.cn/vbj-s/2015/0911/20150911044701314.jpg,1,,
614,北京红栌温泉山庄,scenic,度假休闲,北京市,,1.5,4.2,休闲度假|住宿服务|温泉康养|酒店,https://r1.visitbeijing.com.cn/vbj-s/2015/0825/20150825040244432.jpg,1,,
615,十三陵·神路,scenic,历史古迹,北京市,十三陵神道，即长陵神道，是长陵陵寝建筑的前导部分，依次建有石牌坊、三空桥、大红门等等。,1.1,3.9,世界遗产|明清历史|皇家陵寝|遗产古迹,https://r1.visitbeijing.com.cn/vbj-s/2016/1122/20161122043547853.jpg,1,,
616,北京军都旅游度假村,scenic,度假休闲,北京市,军都旅游度假村为三星级度假酒店，青山环抱，绿水相依，风景秀丽，空气清新。,2.9,4.3,休闲度假|住宿|度假村,https://r1.visitbeijing.com.cn/vbj-s/2015/0821/20150821043246955.jpg,1,,
617,天翼桃花草莓采摘园,scenic,农业观光,北京市,天翼桃花草莓采摘园园区拥有1600栋日光温室，已经获得绿色认证。,2.7,4.3,亲子互动|农业观光|草莓采摘|采摘体验,https://r1.visitbeijing.com.cn/vbj-s/2015/0819/20150819031555159.jpg,1,,
618,华彬庄园,scenic,度假休闲,北京市,华彬庄园毗邻长城，占地面积约为4.5平方公里，拥有“世纪球王”杰克•尼克劳斯设计的54洞高尔夫球场,10,4.5,住宿服务|酒店,https://r1.visitbeijing.com.cn/vbj-s/2016/1123/20161123041724212.jpg,1,,
619,静之湖滑雪场,scenic,体育场馆,北京市,北京静之湖度假酒店滑雪场坐落于昌平区兴寿镇桃峪口，毗邻桃峪口水库的静之湖度假酒店滑雪场，三面环山。,2.7,4.6,休闲垂钓|体育场馆|冬季运动|水域风光|滑雪|自然景观|运动健身,https://r1.visitbeijing.com.cn/vbj-s/2016/1118/20161118044507710.jpg,1,,
620,苹果主题公园,scenic,农业观光,北京市,公园因地制宜，充分发挥现状优势，通过园林、园艺手段，创造以苹果为主题的，新颖、具有时代感的园林景观。,3.4,3.9,休闲娱乐|城市公园,https://r1.visitbeijing.com.cn/vbj-s/2013/0510/20130510022121320.jpg,1,,
621,天星种植园草莓采摘园,scenic,农业观光,北京市,离亚运村20公里交通方便，北侧是巍巍的燕山支脉，边上京密引水渠流水潺潺，风景秀美，是您周末郊区旅游度假的好去处,4.7,4.4,亲子互动|农业观光|草莓采摘|采摘体验,https://r1.visitbeijing.com.cn/vbj-s/2013/0508/20130508031115777.jpg,1,,
622,昌居园度假村,scenic,度假休闲,北京市,京北40公里著名景区居庸关长城脚下，枕居庸叠翠，踏第一雄关，揽碧绿青山，擎蓝天白云,9.2,4.5,休闲度假|住宿|度假村,https://r1.visitbeijing.com.cn/vbj-s/2013/0507/20130507110804750.jpg,1,,
623,老张头葡萄园,scenic,农业观光,北京市,老张头葡萄园已初具规模，成为以葡萄为主，兼营各类果品与菜蔬的果蔬基地,5.4,3.5,农业观光|采摘体验,https://r1.visitbeijing.com.cn/vbj-s/2013/0503/20130503103809614.jpg,1,,
624,南口观光采摘果园,scenic,农业观光,北京市,在北方竟然也能采摘到南方的热带水果，喜悦之情只能用欣喜来形容了。,3.9,4.5,亲子互动|农业观光|采摘体验,https://r1.visitbeijing.com.cn/vbj-s/2013/0503/20130503091149954.jpg,1,,
625,昌平公园,scenic,城市公园,北京市,园西茂林覆丘，以树取胜，四时成荫，湖东繁卉为圃，以(谷)添美，三季飘香。,5.2,4.4,休闲娱乐|城市公园,https://r1.visitbeijing.com.cn/vbj-s/2013/0418/20130418052546141.jpg,1,,
626,南口公园,scenic,城市公园,北京市,该公园从1989年开始规划，主要景点于1992年开始建设，经过不断的建设和完善，已初具规模，供游人游览欣赏，丰富了广大人民群众的业余生活。,2.3,4.3,休闲娱乐|城市公园,https://r1.visitbeijing.com.cn/vbj-s/2013/0418/20130418042802721.jpg,1,,
627,居庸关长城博物馆,scenic,博物馆/展览馆,北京市,该博物馆是展示长城文化、宗教文化、军事文化和山水文化的一个绝佳窗口,9.7,3.7,世界遗产|博物馆|摄影打卡|登山徒步|长城段,https://r1.visitbeijing.com.cn/vbj-s/2021/0924/20210924175324642.jpg,1,,
628,北京御生堂中医药博物馆,scenic,博物馆/展览馆,北京市,是一个集中国老药铺历史文物、药械药具、医案医书和中药标本收集整理为一体的中医药博物馆。,2.1,4.7,博物馆,https://r1.visitbeijing.com.cn/vbj-s/2013/0410/20130410092236592.jpg,1,,
629,老甲艺术馆,scenic,文化艺术空间,北京市,"走进老甲艺术馆,一片宽阔的草地天然的怪石伴着鸟语花香先向人昭示了这是一片艺术的净土,馆外以及展厅前的大型浮雕更透着浓浓的大写意的味道",1,3.9,文创园区|美术馆/艺术馆|艺术展览,https://r1.visitbeijing.com.cn/vbj-s/2015/1119/20151119050556481.jpg,1,,
630,永安公园,scenic,城市公园,北京市,"昌平区永安公园位于昌平城北街道办事处西关城角村，南至南环路,北至昌平区体育局,东至西环路,西至八达岭高速路东辅路。",1.7,4,休闲娱乐|城市公园,https://r1.visitbeijing.com.cn/vbj-s/2012/1228/20121228023545353.jpg,1,,
631,北京昭陵博物馆,scenic,博物馆/展览馆,北京市,和定陵和长陵相比，昭陵看起来并没有太多的特色，这里最大的特点就是幽静。,5.8,4.6,世界遗产|博物馆|明清历史|皇家陵寝|遗产古迹,https://r1.visitbeijing.com.cn/vbj-s/2012/1207/20121207013304448.jpg,1,,
632,定陵博物馆,scenic,博物馆/展览馆,北京市,作为王陵他气势恢宏，入口神兽两排一一站立，东西虽多，但很多都是仿制品，反而外面的庭院更有观赏性。,4.1,3.7,世界遗产|博物馆|明清历史|皇家陵寝|遗产古迹,https://r1.visitbeijing.com.cn/vbj-s/2012/1206/20121206055239731.jpg,1,,
633,十三陵·长陵,scenic,历史古迹,北京市,长陵为明十三陵之首，风水宝地，修建的也大气，工艺考究、是原建筑保护最完整的一处墓园。,1.3,4.4,世界遗产|明清历史|皇家陵寝|遗产古迹,https://r1.visitbeijing.com.cn/vbj-s/2019/0815/20190815040448638.jpg,1,,
634,双龙山森林公园,scenic,森林/湿地公园,北京市,自然生态环境优越，森林繁茂，瓜果飘香，奇花异草，腾萝伞盖，百米荫棚，峻峰、怪石，又有古边墙遗迹尚存，有着浓郁的“野趣”。,2.6,3.7,森林公园|自然生态,https://r1.visitbeijing.com.cn/vbj-s/2012/1208/20121208111118466.jpg,1,,
635,十三陵·碓臼峪自然风景区,scenic,自然景区,北京市,遍布奇花、异草、峻峰、怪石，有着浓郁的“野趣”，保持着众多的自然景观。,4.7,4,自然风景区|峡谷|地质景观,https://r1.visitbeijing.com.cn/vbj-s/2012/1208/20121208033602525.jpg,1,,
636,北京拉斐特城堡酒店,scenic,度假休闲,北京市,原生态浪漫，巴洛克风情，超五星享受！巴菲特、比尔盖茨的共同选择！世界五十大私人城堡之一，最浪漫家外之家！,5.4,4.3,住宿服务|酒店,https://r1.visitbeijing.com.cn/vbj-s/2012/1208/20121208030446823.jpg,1,,
637,英达生态园温泉度假村,scenic,农业观光,北京市,室内外温泉区共60多个风格各异、功能不同的温泉池。,3.2,3.7,休闲度假|住宿|度假村|温泉康养|亲子互动|农业观光|采摘体验,https://r1.visitbeijing.com.cn/vbj-s/2012/1208/20121208022059884.jpg,1,,
638,温都水城,scenic,度假休闲,北京市,这里有一个关于水的故事，这里有一个关于水的文化，这里是关于水的一个度假胜地！,1.6,3.8,亲水|水域风光,https://r1.visitbeijing.com.cn/vbj-s/2015/1224/20151224052845868.jpg,1,,
639,九华山庄温泉度假村,scenic,度假休闲,北京市,神仙池水，帝王享受！,6.6,3.9,休闲度假|住宿|住宿服务|度假村|温泉康养|酒店,https://r1.visitbeijing.com.cn/vbj-s/2012/1208/20121208021117142.jpg,1,,
640,北京雪世界滑雪场,scenic,体育场馆,北京市,刺激的雪地摩托车道，老少皆宜的雪上飞碟道，风情浪漫的狗、马拉雪撬道，儿童游乐天地戏冰园，戏雪园。,1.7,3.9,体育场馆|冬季运动|滑雪|运动健身,https://r1.visitbeijing.com.cn/vbj-s/2012/1208/20121208014850689.jpg,1,,
641,北京军都山滑雪场,scenic,体育场馆,北京市,优越的地理位置，使自驾车者仅40分钟后，就能转换角色，游走于白天与夜晚的浪漫交替中。,3.9,4.5,体育场馆|冬季运动|滑雪|运动健身,https://r1.visitbeijing.com.cn/vbj-s/2016/1118/20161118042631553.jpg,1,,
642,菩萨山风景区,scenic,自然景区,北京市,古木参天，奇花异草遍野，果树珍品漫山，环境清幽静谧所以人称“北方小桂林”。,2.2,4.4,山地风光|自然景观,https://r1.visitbeijing.com.cn/vbj-s/2012/1207/20121207095242530.jpg,1,,
643,沟崖自然风景区,scenic,自然景区,北京市,沟中有崖、崖下有沟、沟沟相通、崖崖相望，以山高、景美、路险、庙多为特色，同时也是著名的道教圣地。,4,4.6,山地风光|自然景观,https://r1.visitbeijing.com.cn/vbj-s/2012/1207/20121207103121105.jpg,1,,
644,十三陵水库,scenic,自然景区,北京市,毛主席号召建设的水库并由毛主席亲自提词，可以从这个建筑上看出属于那个年代的特色，现在则是郊游的好去处。,7.6,3.9,水利工程|爱国主义教育基地|北京市文物保护单位|红色旅游|水利风景区|自然景观|水域风光,https://r1.visitbeijing.com.cn/vbj-s/2016/1123/20161123051022899.jpg,1,,
645,长峪城,scenic,自然景区,北京市,长峪城麻雀虽小五脏俱全，各色庙宇一应俱全，旧城内有佛殿及娘娘庙，庙内有钟、鼓楼。新城内有关帝庙、菩萨庙各一座。,3.4,4,山地风光|自然景观,https://r1.visitbeijing.com.cn/vbj-s/2012/1208/20121208020124699.jpg,1,,
646,居庸关关城云台,scenic,历史古迹,北京市,居庸关关城云台原是居庸关城的一座过街塔的座子，位于关城中心，因其地势险要，位列三关之首，为历代兵家必争之地。,8.5,4.1,世界遗产|摄影打卡|登山徒步|长城段,https://r1.visitbeijing.com.cn/vbj-s/2012/1208/20121208013248528.jpg,1,,
647,篱苑书屋,scenic,文化艺术空间,北京市,“篱苑书屋”位于位于北京郊区的怀柔小镇接近群山的地方，提供舒适静谧的阅读空间,1.5,4.7,文化设施|公共阅读,https://r1.visitbeijing.com.cn/vbj-s/2017/0518/20170518095051525.jpg,1,,
648,琦峰山国家森林公园,scenic,森林/湿地公园,北京市,,2.3,4.3,森林公园|自然生态,https://r1.visitbeijing.com.cn/vbj-s/2016/1212/20161212023431296.jpg,1,,
649,八旗文化广场,scenic,城市公园,北京市,,2.5,4.4,公共活动空间|城市广场,https://r1.visitbeijing.com.cn/vbj-s/2016/1209/20161209035541991.jpg,1,,
650,板栗公园,scenic,城市公园,北京市,,3.3,3.6,休闲娱乐|城市公园,https://r1.visitbeijing.com.cn/vbj-s/2016/1209/20161209030703194.jpg,1,,
651,小龙山公园,scenic,城市公园,北京市,公园是借助村西小龙山为依托。铺草坪2000平方米。中间有步道、座椅、用石子水泥修300米长的上山下山走道,3.4,3.6,休闲娱乐|城市公园,https://r1.visitbeijing.com.cn/vbj-s/2016/1209/20161209023617619.jpg,1,,
652,梧桐岭风景区,scenic,自然景区,北京市,梧桐岭风景区坐落于京郊怀柔境内，距北京仅70公里。景区内山明水秀，南倚“北京小黄山”云蒙山，斜靠幽谷神潭，北衔龙潭涧、京北第一瀑，在这自成一线的旅行群体中,4,4.2,山地风光|自然景观,https://r1.visitbeijing.com.cn/vbj-s/2016/1130/20161130113430563.jpg,1,,
653,银河谷市级森林公园,scenic,森林/湿地公园,北京市,北京市银河谷市级森林公园位于北京市怀柔区汤河口镇庄户沟流域内,4.8,4.7,森林公园|自然生态,https://r1.visitbeijing.com.cn/vbj-s/2016/1118/20161118024134447.jpg,1,,
654,琉璃庙湿地公园,scenic,森林/湿地公园,北京市,琉璃庙镇成功打造了白河湾沟域经济产业带，并凭借白河、琉璃河沿线丰富的湿地水资源..,5,3.8,湿地公园|自然生态|观鸟|休闲度假,https://r1.visitbeijing.com.cn/vbj-s/2016/1010/20161010112225271.jpg,1,,
655,鹿世界主题园景区,scenic,主题乐园,北京市,主题园的规划设计以“注重自然、突出鹿文化、引导参与、科普教育、养鹿富民”为理念。,6.6,4.3,动物园|亲子互动,https://r1.visitbeijing.com.cn/vbj-s/2016/0922/20160922021911194.png,1,,
656,愉然原始部落游乐园,scenic,主题乐园,北京市,愉然原始部落游乐园位于北京怀柔区三渡河村，距县城12公里。园区占地千余亩，依山傍水，气候宜人。,4.2,4.2,主题乐园|亲子互动,https://r1.visitbeijing.com.cn/vbj-s/2016/0906/20160906113744254.jpg,1,,
657,北京乡间情趣园,scenic,农业观光,北京市,乡间情趣园怀柔位于县城北六千米的雁栖镇范各庄村，占地75公顷。,3.4,4.7,农业观光|休闲娱乐,https://r1.visitbeijing.com.cn/vbj-s/2016/0905/20160905041628954.jpg,1,,
658,大榛峪长城,scenic,历史古迹,北京市,大榛峪位于怀柔渤海镇的北面、响水湖风景区的门口，总面积18平方公里，其中山林面积11500亩，是集长城、古洞、山川、泉潭、飞瀑于一体的天然锦秀谷。,8.4,4.6,世界遗产|摄影打卡|登山徒步|长城段,https://r1.visitbeijing.com.cn/vbj-s/2021/0924/20210924170610181.jpg,1,,
659,东方普罗旺斯薰衣草庄园,scenic,度假休闲,北京市,东方普罗旺斯薰衣草庄园种植大面积薰衣草，再现大片浪漫花海，以达到情感上的共鸣，给游客带来愉悦放松、释放自我、寻找浪漫的感受。,1.9,4.8,观光庄园|薰衣草|花海|摄影打卡,https://r1.visitbeijing.com.cn/vbj-s/2016/0818/20160818103230778.png,1,,
660,中影基地,scenic,文化艺术空间,北京市,中国电影集团公司(简称“中影集团”)是经国务院批准，于1999年由原中国电影公司、北京电影制片厂、中国儿童电影制片厂、中国电影合作制片公司、中国电影器材公司、电影卫星频道节目中心、北京电影洗印录像技术厂、华韵影视光盘有限责任公司等8家单位组成，是以影视产业为依托，多种产业综合发展的国内一流的大型电影集团。,3,4.7,影视基地|文化体验,https://r1.visitbeijing.com.cn/vbj-s/2016/0816/20160816034304702.png,1,,
661,京螺山庄,scenic,度假休闲,北京市,红螺基地京螺山庄山清水秀，坏境优美，是一家集餐饮住宿，娱乐会议，真人CS野战对抗，拓展培训为一体的大型度假村，还有好玩的篝火晚会。,7.9,4.6,住宿服务|酒店,https://r1.visitbeijing.com.cn/vbj-s/2016/0816/20160816032417268.png,1,,
662,北京摩崖石刻自然风景区,scenic,历史古迹,北京市,是集历史仿古、摩崖石刻、山水生态 酒店服务为一体的自然风景区。,1.6,3.6,历史遗迹|文化遗产|石刻艺术,https://r1.visitbeijing.com.cn/vbj-s/2016/0801/20160801052907793.jpg,1,,
663,凯创牡丹园,scenic,城市公园,北京市,凯创牡丹园是北方最大的集牡丹、芍药于一体的观赏园区。,6.6,4.8,花园|赏花|植物观赏,https://r1.visitbeijing.com.cn/vbj-s/2016/0725/20160725113445411.png,1,,
664,皇后镇休闲度假区,scenic,度假休闲,北京市,皇后镇休闲度假社区位于怀柔区雁栖镇北湾村，距下庄路口往北40公里处;社区规划总用地18.42公顷，总建筑面积约为10万㎡。,3,4.7,休闲度假|住宿|度假村,https://r1.visitbeijing.com.cn/vbj-s/2016/0704/20160704102917358.jpg,1,,
665,北京雁栖湖国际会展中心,scenic,博物馆/展览馆,北京市,北京雁栖湖国际会展中心是集会议、展览、餐饮、酒店、综合配套服务于一体的综合型会展场馆。,4.9,3.8,会展中心|会展|商务|休闲度假,https://r1.visitbeijing.com.cn/vbj-s/2016/0418/20160418022002760.jpg,1,,
666,城南公园,scenic,城市公园,北京市,绿化以中国古典园林与欧式造园艺术相结合，铺种大面积草坪和植物色块，配植各种宿根花卉造型，草坪上点缀雕塑小品。,1.2,4.1,休闲娱乐|城市公园,https://r1.visitbeijing.com.cn/vbj-s/2015/0911/20150911043326944.jpg,1,,
667,迎宾环岛公园,scenic,城市公园,北京市,绿化以中国古典园林与欧式造园艺术相结合，铺种大面积草坪和植物色块，配植各种宿根花卉造型，草坪上点缀雕塑小品。,2.4,4.5,休闲娱乐|城市公园,https://r1.visitbeijing.com.cn/vbj-s/2015/0911/20150911041931667.jpg,1,,
668,蓝天牧场,scenic,农业观光,北京市,蓝天牧场富有趣味性、互动性、竞技性和实效性，挑战心灵、回归自然，是团队建设、亲友聚会、家庭周游的好去处。,5.1,4.5,牧场|农业观光|亲子互动,https://r1.visitbeijing.com.cn/vbj-s/2015/0906/20150906024347123.jpg,1,,
669,京北第一漂,scenic,自然景区,北京市,漂流最有名的地段是北京的“雅鲁藏布大峡谷”，这里漂流的感觉，如是著名的三峡之行。,1.9,4.7,观光景点,https://r1.visitbeijing.com.cn/vbj-s/2015/0824/20150824045328184.jpg,1,,
670,灵慧山旅游风景区,scenic,自然景区,北京市,灵慧山旅游风景区，有“寂静山乡、佛门净土，世外仙境、梦幻天堂”之美誉。是您远离城市喧嚣，回归山野田园，寻幽览胜探古，怡情益智，参禅礼佛的首选之地,5,3.6,山地风光|自然景观,https://r1.visitbeijing.com.cn/vbj-s/2016/0320/20160320054503194.jpg,1,,
671,凤山百果园,scenic,农业观光,北京市,既有特色名果尜尜枣，又有受人喜爱的树莓、草莓、北山大扁杏仁和纸皮核桃等干鲜果品,2.4,3.7,亲子互动|农业观光|采摘体验,https://r1.visitbeijing.com.cn/vbj-s/2013/0506/20130506110646690.jpg,1,,
672,第四次世界妇女大会纪念公园,scenic,城市公园,北京市,公园设计坚持“以人为本，以绿为主，以水为线，以史为魂”的指导思想。,2.5,3.8,休闲娱乐|城市公园,https://r1.visitbeijing.com.cn/vbj-s/2013/0418/20130418033002701.jpg,1,,
673,五龙潭原始森林景区,scenic,森林/湿地公园,北京市,因受高海拔和森林气候的影响，夏季气候清凉，北京周边自驾游，逃离了城市的喧嚣和烦躁，充分享受夏季“拥被而眠”的惬意,1.8,4.7,亲水|森林公园|水域风光|自然生态,https://r1.visitbeijing.com.cn/vbj-s/2013/0321/20130321030722598.jpg,1,,
674,北京鳞龙山自然风景区,scenic,自然景区,北京市,鳞龙山峰崖高耸，花岗岩石林挺拔壮观，堪称华北一绝。也是攀岩活动的最佳场所。,3.4,3.5,山地风光|自然景观,https://r1.visitbeijing.com.cn/vbj-s/2013/0321/20130321020058302.jpg,1,,
675,国家中影数字制作基地,scenic,文化艺术空间,北京市,一个以影视前后期制作为核心，将影视拍摄、声音录制、数字制作、动漫、设备租赁、光盘生产等众多种功能融为一体的电影生产工厂。,3.4,3.6,影视基地|文化体验,https://r1.visitbeijing.com.cn/vbj-s/2013/0321/20130321113710665.jpg,1,,
676,星美今晟影视城景区,scenic,主题乐园,北京市,星美今晟影视城紧邻中影基地，据介绍是我国北方最大的影视制作基地，近千余部影视剧曾在这里拍摄,1.3,4,影视基地|文化体验,https://r1.visitbeijing.com.cn/vbj-s/2013/0321/20130321102454388.jpg,1,,
677,北京红螺湖鸟岛,scenic,自然景区,北京市,以各种珍惜鸟类观赏为主要内容；以休闲、环保、科普、康体为主题；以参与、趣味、吃、住、玩为特色的旅游度假休闲场所。,3.8,4.4,休闲垂钓|水域风光|自然景观,https://r1.visitbeijing.com.cn/vbj-s/2013/0320/20130320054718518.jpg,1,,
678,北京老爷车博物馆,scenic,博物馆/展览馆,北京市,北京老爷车博物馆位于扬宋镇的北京老爷车博物馆是一家私人独资汽车博物馆，也是迄今为止全球唯一一家以中国国产品牌汽车为主要藏品的博物馆。,2.2,4.7,博物馆,https://r1.visitbeijing.com.cn/vbj-s/2013/0320/20130320040706747.jpg,1,,
679,湖景水上乐园,scenic,主题乐园,北京市,湖景水上乐园的建筑设计及装修全部以加勒比风格为主线，匠心独具，使整个乐园充满了热带风情。水质优良是乐园的一大特征。,3.2,3.8,休闲垂钓|水域风光|自然景观,https://r1.visitbeijing.com.cn/vbj-s/2013/0320/20130320032022868.jpg,1,,
680,北京紫云山,scenic,自然景区,北京市,泥土与绿草的芬芳带你走进春天的世界，沿途各种各样叫不出名字的野花扑面而来，在雾气蒙蒙的林间隐隐显露出的是一座座秀美的山峰。,1.2,4.5,山地风光|自然景观,https://r1.visitbeijing.com.cn/vbj-s/2013/0320/20130320023202439.jpg,1,,
681,北京怀柔水库,scenic,自然景区,北京市,山清水秀的怀柔水库于1958年建成。坐落在怀柔城西侧，群山环抱，拥有万亩水面，库容9670万立方米。,2.8,4.2,休闲垂钓|水域风光|自然景观,https://r1.visitbeijing.com.cn/vbj-s/2013/0107/20130107092949372.jpg,1,,
682,北京鹅和鸭农庄风景区,scenic,自然景区,北京市,与大自然的零距离接触，呼吸清新的空气，树荫下的康体活动，夜间的篝火、卡拉OK、现场乐队……。,3.1,4.4,亲子互动|农业观光|采摘体验,https://r1.visitbeijing.com.cn/vbj-s/2015/0730/20150730031324124.jpg,1,,
683,崎峰山国家森林公园,scenic,森林/湿地公园,北京市,巍巍山川延续着千年的山是灵气，梦幻般掩映着这多变山川的秀、丽、奇、险，如重彩泼墨，云蒸霞绕。,1.2,4.5,森林公园|自然生态,https://r1.visitbeijing.com.cn/vbj-s/2012/1207/20121207035241736.jpg,1,,
684,飞腾影视城,scenic,主题乐园,北京市,《大宅门》、《铁齿铜牙纪晓岚》等100多部影视剧曾在这里拍摄，影视界明星是这里的常客。,4.2,4.1,影视基地|文化体验,https://r1.visitbeijing.com.cn/vbj-s/2012/1207/20121207055556660.jpg,1,,
685,红螺慧缘谷,scenic,自然景区,北京市,景区适合休闲游，台阶路居多，大人小孩都可以游玩，景区主要以庵和寺为主，是静修的地方，很安静。,2.2,4.2,山地风光|自然景观,https://r1.visitbeijing.com.cn/vbj-s/2012/1207/20121207054336779.jpg,1,,
686,天池峡谷风景区,scenic,自然景区,北京市,天池峡谷三季有花，四季有景。春赏山花浪漫，夏观飞瀑流泉，秋采果实累累，冬觅冰瀑神奇。,1.5,4.2,亲水|山地风光|水域风光|自然景观,https://r1.visitbeijing.com.cn/vbj-s/2016/0526/20160526115137652.jpg,1,,
687,九眼楼自然风景区,scenic,历史古迹,北京市,为万里长城之上建筑规模最大、规格最高的敌楼。现已开发为“九眼楼长城自然风景区”对游人开放。,8.3,3.9,世界遗产|摄影打卡|登山徒步|长城段,https://r1.visitbeijing.com.cn/vbj-s/2015/0512/20150512052326601.jpg,1,,
688,怀北国际汽车营地,scenic,度假休闲,北京市,"“汽车+帐篷”更便捷更时尚的度假方式,音乐、啤酒、阳光、美味一个都不能少，让我们的露营更自由、更奔放！",2.2,3.8,露营公园|户外休闲|自然体验,https://r1.visitbeijing.com.cn/vbj-s/2012/1208/20121208014342195.jpg,1,,
689,北京香草世界薰衣草庄园,scenic,度假休闲,北京市,和亲人、朋友一起走过薰衣草田，同坐花海秋千，或在此与心仪之人邂逅，别有一番浪漫！,2.2,4.2,观光庄园|薰衣草|花海|摄影打卡,https://r1.visitbeijing.com.cn/vbj-s/2012/1208/20121208025634613.jpg,1,,
690,虹鳟鱼一条沟,scenic,自然景区,北京市,既能玩得很high又可以吃得很爽。,4.9,4.2,山地风光|自然景观,https://r1.visitbeijing.com.cn/vbj-s/2012/1208/20121208024920760.jpg,1,,
691,龙潭涧,scenic,自然景区,北京市,"水美、山美、林美,可与三峡之游相媲美。",2.1,4.1,亲水|水域风光,https://r1.visitbeijing.com.cn/vbj-s/2012/1208/20121208023744266.jpg,1,,
692,北京怀北国际滑雪场,scenic,体育场馆,北京市,独具现代建筑风格的综合楼、雪具店与长城遥遥相对；餐厅、咖啡厅、芬兰木屋别墅、更添欧洲滑雪小镇风情。,9.4,4,体育场馆|冬季运动|滑雪|运动健身,https://r1.visitbeijing.com.cn/vbj-s/2016/1118/20161118041150397.jpg,1,,
693,箭扣长城,scenic,历史古迹,北京市,这里长城多修于险峰断崖之上，雄奇峻峭，气势恢宏，走势极富变化和韵律，是长城摄影的热点,9.5,4.3,世界遗产|摄影打卡|登山徒步|长城段,https://r1.visitbeijing.com.cn/vbj-s/2021/0928/20210928172424815.jpg,1,,
694,濂泉响谷自然风景区,scenic,自然景区,北京市,景区以谷取景，以山造势，以水得趣，以人生情。谷中流水飞泻，瀑布从天而降，四季泉水潺潺，回声不绝，故名濂泉响谷。,1.3,3.6,亲水|山地风光|水域风光|自然景观,https://r1.visitbeijing.com.cn/vbj-s/2012/1211/20121211094701979.jpg,1,,
695,乐翻了运动生态园,scenic,主题乐园,北京市,乐翻了运动生态园坐落在北京市朝阳区孙河乡顺黄路77号，离望京中心地带不过二十分钟的车程，拥有充裕的空间资源、便捷的交通条件的双重优势。,7.9,3.6,观光景点|亲子互动|农业观光|采摘体验,https://r1.visitbeijing.com.cn/vbj-s/2018/0110/20180110043222431.png,1,,
696,世纪喷泉广场,scenic,城市公园,北京市,世纪喷泉广场位于礼花广场东北侧，南北长200米，东西宽80米，占地2万平方米，吸收了法国、意大利和美国等国的艺术构思和技术建造而成。,4.1,4,公共活动空间|城市广场,https://r1.visitbeijing.com.cn/vbj-s/2017/0830/20170830045011586.jpg,1,,
697,北京金台艺术馆,scenic,文化艺术空间,北京市,金台艺术馆是由全国政协委员、著名艺术家袁熙坤先生集资创建的，1997年6月30日正式开馆，是创建最早也是迄今国内最大的民间艺术博物馆。金台艺术馆坐落于北京市朝阳公园水碓湖畔，外型呈典雅之五台状，又邻八景之一“金台夕照”，遂定名为“金台”。,5.5,4.8,文创园区|美术馆/艺术馆|艺术展览,https://r1.visitbeijing.com.cn/vbj-s/2017/0516/20170516061751345.jpg,1,,
698,妙有艺术,scenic,文化艺术空间,北京市,妙有艺术MOUart由习却女士创建于2010年，位于北京798创意广场（近歌德学院）。,2.8,4.8,文创园区|美术馆/艺术馆|当代艺术|画廊,https://r1.visitbeijing.com.cn/vbj-s/2017/0516/20170516060942898.jpg,1,,
699,口述历史博物馆,scenic,博物馆/展览馆,北京市,口述历史博物馆，是经过历史老人口述的历史所整理修建的博物馆。,3.7,4.7,博物馆|历史文化,https://r1.visitbeijing.com.cn/vbj-s/2017/0516/20170516060324279.jpg,1,,
700,佛像文化艺术馆,scenic,文化艺术空间,北京市,觉得佛教文化艺术馆2011年在北京国贸郎园Vintage创意文化园区成立，隶属于视袭国际文化投资集团，集团旗下包括视袭影视、视袭国际传播机构、视袭音乐、觉得佛教文化艺术中心四家子公司。,3.4,4.4,文创园区|美术馆/艺术馆|艺术展览,https://r1.visitbeijing.com.cn/vbj-s/2017/0516/20170516055831143.jpg,1,,
701,福海文博园,scenic,文化艺术空间,北京市,福海文博园，2012年5月竣工。建筑面积12000平米，由企业家曹俭斥资兴建，国际化艺术交流平台，传播先进文化，是一个集展示、研讨、交流和教育的综合型文化产业基地。,3.3,4,观光景点,https://r1.visitbeijing.com.cn/vbj-s/2017/0516/20170516055158580.jpg,1,,
702,大韵堂美术馆,scenic,文化艺术空间,北京市,大韵堂美术馆是大韵堂艺术机构重要的学术平台，具有强大的艺术专业力量和学术研究基础，主要关注于国画、油画、版画、雕塑、陶瓷等专业方向,1.5,4.2,文创园区|美术馆/艺术馆|艺术展览,https://r1.visitbeijing.com.cn/vbj-s/2017/0516/20170516053658586.jpg,1,,
703,元典美术馆,scenic,文化艺术空间,北京市,北京“元典美术馆”的前身是2008年8月由谷燕女士创办的“元艺术中心”。2010年3月取得北京市民营非企业机构法人资格后正式更名为元典美术馆。开馆至今已成功举办了《文化之后的文化》、《春分》、《伟大的天上的抽象》、《反刍》等二十余个极具影响力的展览以及各类文化活动。,4.4,3.5,文创园区|美术馆/艺术馆|艺术展览,https://r1.visitbeijing.com.cn/vbj-s/2017/0516/20170516051433424.jpg,1,,
704,艺·凯旋艺术空间,scenic,文化艺术空间,北京市,凯旋艺术机构位于北京798艺术区内，以收藏和展示当代艺术品为主，通过展览、展示，链接当代杰出的艺术家及喜爱当代艺术收藏的海内外藏家及爱好者，致力于系统的收藏、整理、规范当代艺术家的作品，经纪推广优秀的中青年艺术家。,1.3,4.4,文创园区|美术馆/艺术馆|艺术展览,https://r1.visitbeijing.com.cn/vbj-s/2017/0515/20170515065256316.jpg,1,,
705,方圆美术馆,scenic,文化艺术空间,北京市,方圆美术馆成立于2007年，系一家秉承传承高雅艺术，凝聚精华，传递正能量，推广国内外艺术为宗旨及创想理念的专业文化传媒机构。 2014年方圆美术馆入驻北京着名的798艺术区，位于中二街D06区域，占地618平方米，环境优美，格调高雅。,3.1,4.6,文创园区|美术馆/艺术馆|艺术展览,https://r1.visitbeijing.com.cn/vbj-s/2017/0515/20170515064645850.jpg,1,,
706,杨国际艺术中心,scenic,商业街区,北京市,杨国际艺术中心是新加坡和北京两地最具影响力的国际画廊之一，致力于发展最具收藏和投资价值的中国当代艺术。,1.3,3.9,商业街区|文创园区|网红打卡|美术馆/艺术馆|艺术展览|购物美食,https://r1.visitbeijing.com.cn/vbj-s/2017/0515/20170515063641705.jpg,1,,
707,壹梵画廊,scenic,文化艺术空间,北京市,壹梵画廊位于北京798艺术区，以国际标准的专业化画廊管理体系为运作基础，致力于原创版画在中国的传播与普及。我们代理世界上最优秀的艺术家和他们的原创版画作品，几年来已成功地举办了多个个展与联展。,5.5,3.6,文创园区|美术馆/艺术馆|艺术展览,https://r1.visitbeijing.com.cn/vbj-s/2017/0515/20170515062804883.jpg,1,,
708,北京空间画廊,scenic,文化艺术空间,北京市,北京空间画廊成立于2005年8月，空间位于北京草场地艺术区红一号院C4 座，以及北京798艺术区内。画廊的宗旨是经营和推广中国当代艺术，为合作艺术家进行艺术市场的统筹规划。,4.8,4.5,文创园区|美术馆/艺术馆|艺术展览,https://r1.visitbeijing.com.cn/vbj-s/2017/0515/20170515062149435.jpg,1,,
709,兴伟石文化艺术中心,scenic,商业街区,北京市,如果你是收藏发烧友，是艺术珍品的忠实信徒，欢迎你来北京兴伟京都石博园，这里有你想象不到却又梦寐以求的珍奇；如果你厌倦了摩天大楼和汽车尾气，在光电和噪音的夹缝中无法畅快呼吸，你应该来北京兴伟京都石博园，感受这里山的骨骼和水的韵律；如果你在终日的忙碌中日渐盲目与茫然，你一定要来兴伟石博园，在这里，静静的面对石头，或许你可以重新找回自己。,4,3.8,商业街区|文创园区|网红打卡|美术馆/艺术馆|艺术展览|购物美食,https://r1.visitbeijing.com.cn/vbj-s/2017/0515/20170515061439854.jpg,1,,
710,打工文化艺术博物馆,scenic,博物馆/展览馆,北京市,打工文化艺术博物馆是由打工青年艺术团发起，于2007年在中国北京市朝阳区金盏乡皮村创办的一家民间公益性博物馆，以能够真实纪录、反映打工生活的物品，共同纪录打工者自己的文化和历史。,1,4.3,博物馆|历史文化|艺术展览,https://r1.visitbeijing.com.cn/vbj-s/2017/0515/20170515060434788.jpg,1,,
711,朝鲜万寿台创作社,scenic,文化艺术空间,北京市,朝鲜万寿台艺术团是朝鲜全国著名的音乐舞蹈演出团体，其前身是1946年成立的平壤歌舞团，1969年改为现名。,2.1,4.5,观光景点,https://r1.visitbeijing.com.cn/vbj-s/2017/0515/20170515055834985.jpg,1,,
712,中国农业博物馆,scenic,博物馆/展览馆,北京市,中国农业博物馆位于北京市朝阳区东三环北路，1983年7月经国务院批准筹建，1986年9月13日正式对外开放，接待国内外宾客。中国农业博物馆的馆舍是于1959年建成的全国农业展览馆建筑群的一部分。,2.5,3.8,博物馆,https://r1.visitbeijing.com.cn/vbj-s/2017/0515/20170515055332454.jpg,1,,
713,长征空间,scenic,文化艺术空间,北京市,"位于北京798厂大山子艺术区的“长征空间”, 是一个视觉艺术中心，一个综合基地。",4.1,4.2,观光景点,https://r1.visitbeijing.com.cn/vbj-s/2017/0515/20170515054535974.jpg,1,,
714,碧露轩茶艺馆,scenic,文化艺术空间,北京市,碧露轩茶艺坐落于亚运村汇园公园R座首层，营业面积500多平米，经过数年的精心经营，如今已是响誉京城、雅士云集的品茗住处。,3.6,4.5,茶文化|休闲|传统文化,https://r1.visitbeijing.com.cn/vbj-s/2017/0522/20170522031817243.jpg,1,,
715,草场地艺术区,scenic,文化艺术空间,北京市,草场地艺术区位于中国首都北京市区的东北方向，首都机场辅路与五环路交界处。属北京市朝阳区草场地区域。目前艺术区的规模已达 80，000平方米的建筑面积，占地约199，800平方米。,3.2,4.4,文创园区|美术馆/艺术馆|艺术展览,https://r1.visitbeijing.com.cn/vbj-s/2017/0522/20170522032834402.jpg,1,,
716,何扬·吴茜现代绘画馆,scenic,文化艺术空间,北京市,何扬·吴茜现代绘画馆是中国政府批准的首批私人博物馆，是中国第一家私人现代绘画馆，填补了中国美术史和文物史的空白。以国际文化艺术交流为主要贡献而著称。展品有何扬的新主题主义绘画作品，吴茜的新水墨画作品以及他们的传统中国画作品。,2.6,3.7,美术馆/艺术馆|艺术展览,https://r1.visitbeijing.com.cn/vbj-s/2017/0522/20170522033306490.jpg,1,,
717,中国传媒博物馆,scenic,博物馆/展览馆,北京市,中国传媒博物馆现有馆藏15000余件，是一座以广播电视为主体，涵盖印刷、广告、动漫、新媒体以及其它文化产业元素为核心的特色博物馆。,2.4,3.9,博物馆,https://r1.visitbeijing.com.cn/vbj-s/2017/0522/20170522054959180.jpg,1,,
718,独角兽艺术空间,scenic,文化艺术空间,北京市,“UNICORN Art”是一座服务于公众的非盈利性艺术机构，位于北京草场地艺术区，于2015年1月正式开馆。,1.9,4.6,文创园区|美术馆/艺术馆|艺术展览,https://r1.visitbeijing.com.cn/vbj-s/2017/0522/20170522055334324.jpg,1,,
719,北京市方志馆,scenic,博物馆/展览馆,北京市,北京市方志馆位于北京市朝阳区东三环南路88号，作为填补本市文化基础工程空白的重要项目，是集收集、保管、阅览、编纂、研究、咨询、展示、交流于一体，具有开放式、服务性、公众化特征的标志性文化基础设施,5.3,4.1,博物馆|方志|地方志|历史文化|文献,https://r1.visitbeijing.com.cn/vbj-s/2017/0522/20170522060024329.jpg,1,,
720,北京常青画廊,scenic,文化艺术空间,北京市,"北京常青画廊于1990年由 Mario Cristiani, Lorenzo Fiaschi 和 Maurizio Rigillo 创办。",3.9,4.7,文创园区|美术馆/艺术馆|艺术展览,https://r1.visitbeijing.com.cn/vbj-s/2017/0523/20170523093741370.jpg,1,,
721,北京服装学院民族服饰博物馆,scenic,博物馆/展览馆,北京市,北京服装学院民族服饰博物馆成立于2000年，是中国第一家服饰类专业博物馆，也是集收藏 、展示、科研、教学为一体的文化研究机构。,3.6,3.9,博物馆|教育文化|高校校园,https://r1.visitbeijing.com.cn/vbj-s/2017/0523/20170523094142181.jpg,1,,
722,国际金融博物馆,scenic,博物馆/展览馆,北京市,国际金融博物馆位于朝阳区朝阳公园东五门内。国际金融博物馆是由朝阳区委区政府发起成立的公益性金融博物馆，是国内首家以国际金融命名的专业博物馆。,2.3,4,博物馆,https://r1.visitbeijing.com.cn/vbj-s/2017/0523/20170523094537682.jpg,1,,
723,北京工艺美术博物馆,scenic,博物馆/展览馆,北京市,北京工艺美术博物馆创建于1987年，是北京第一家由企业创建的专业性工艺美术博物馆。,4.9,4.6,博物馆|手工艺|文化体验|艺术展览|非遗体验,https://r1.visitbeijing.com.cn/vbj-s/2017/0523/20170523094950642.jpg,1,,
724,北京税务博物馆,scenic,博物馆/展览馆,北京市,北京税务博物馆始建于2005年，是全国第一家省级税务部门筹建的专业性博物馆，2009年，因原址普度寺文物保护需要暂停展览。2013年，经市地税局倡议，市国税局、朝阳区政府和中央财经大学响应，四家单位历时两年完成复建。,3.4,4.5,博物馆,https://r1.visitbeijing.com.cn/vbj-s/2017/0523/20170523095607964.jpg,1,,
725,北京晋商博物馆,scenic,博物馆/展览馆,北京市,北京晋商博物馆位于朝阳区四惠桥东侧。南临通惠河，西面近邻CBD国际商务区及国贸中心。,5.1,4.8,博物馆,https://r1.visitbeijing.com.cn/vbj-s/2017/0523/20170523102316308.jpg,1,,
726,朝阳文化馆,scenic,文化艺术空间,北京市,朝阳区文化馆1996年新馆落成。馆舍现有面积11000㎡，包括主、配楼及附属设施，主楼以演艺活动为主，共6个剧场、3个影厅、3个展室；配楼以培训为主，共30余个教室，附属设施有非遗展厅、会议室等。,2.3,3.8,文化场馆|文化馆|群众文化|艺术培训,https://r1.visitbeijing.com.cn/vbj-s/2017/0523/20170523110411528.jpg,1,,
727,西五艺术中心,scenic,商业街区,北京市,西五艺术中心成立于2005 年，位于北京市三里屯使馆区内，是一家主要致力于年轻艺术家推介的当代艺术画廊。,1.6,4.7,商业街区|文创园区|网红打卡|美术馆/艺术馆|艺术展览|购物美食,https://r1.visitbeijing.com.cn/vbj-s/2017/0523/20170523111241844.jpg,1,,
728,铸造美术馆,scenic,文化艺术空间,北京市,铸造美术馆成立于2008年，位于亚洲当前最大的综合艺术产业园——北京市一号地国际艺术区。,4.2,4.4,文创园区|美术馆/艺术馆|艺术展览,https://r1.visitbeijing.com.cn/vbj-s/2017/0523/20170523111840706.jpg,1,,
729,白盒子艺术馆,scenic,文化艺术空间,北京市,白盒子艺术馆位于北京798艺术中心区，是1952年由前民主德国建筑机构负责建筑设计、施工的包豪斯建筑风格的工厂区。,1.3,4.4,文创园区|美术馆/艺术馆|艺术展览,https://r1.visitbeijing.com.cn/vbj-s/2017/0523/20170523112646633.jpg,1,,
730,悦美术馆,scenic,文化艺术空间,北京市,悦·美术馆位于798 艺术区核心位置797路B06。总面积2600平方米，是798艺术区内最大的艺术空间之一，也是地理位置最佳，配套及设施最全的艺术空间。,3.7,3.7,文创园区|美术馆/艺术馆|艺术展览,https://r1.visitbeijing.com.cn/vbj-s/2017/0523/20170523112944154.jpg,1,,
731,佩斯画廊,scenic,文化艺术空间,北京市,798佩斯北京画廊纽约的Gluckman Mayne建筑事务所正在为曼哈顿的"佩斯威登斯坦画廊"（PaceWildenstein）设计它在中国的一个重要基地--"佩斯北京画廊"（Pace Beijing）。,5.4,4.2,文创园区|美术馆/艺术馆|艺术展览,https://r1.visitbeijing.com.cn/vbj-s/2017/0523/20170523012718951.jpg,1,,
732,北京中医药大学中医药博物馆,scenic,博物馆/展览馆,北京市,北京中医药大学中医药博物馆于1990年9月建成，坐落于中医药大学校内的逸夫科学馆中。它是一座收藏丰富、内容系统的专业性博物馆，馆内分为“医史部”和“中药部”两部分，展出面积共约1500平方米。,3.7,3.9,博物馆|教育文化|高校校园,https://r1.visitbeijing.com.cn/vbj-s/2017/0523/20170523013401525.jpg,1,,
733,鸿坤美术馆,scenic,文化艺术空间,北京市,鸿坤美术馆是由鸿坤集团投资建立的私人美术馆，位于北京朝阳区西大望路42号院，面积800平方米，专门从事现当代艺术展览、收藏研究、推广交流，是鸿坤集团在文化艺术领域的战略延伸项目。,6,4.7,文创园区|美术馆/艺术馆|艺术展览,https://r1.visitbeijing.com.cn/vbj-s/2017/0523/20170523013546258.jpg,1,,
734,梵谷艺术中心,scenic,商业街区,北京市,梵谷艺术中心是梵谷艺象文化艺术发展有限公司旗下运营的，798艺术区，是一个中国语境下的艺术特区，同时也是当代中国贡献给全球社会的一个崭新的国际艺术中心。,6.2,4.8,商业街区|文创园区|网红打卡|美术馆/艺术馆|艺术展览|购物美食,https://r1.visitbeijing.com.cn/vbj-s/2017/0523/20170523013843201.jpg,1,,
735,侨福当代美术馆,scenic,文化艺术空间,北京市,侨福当代美术馆建于2012年8月，坐落于北京市朝阳区东大桥路9号Parkview Green芳草地D座10楼，紧邻北京CBD核心地带。是一家由侨福集团黄建华主席创办的私立非营利性展览馆。,2.5,4.3,文创园区|美术馆/艺术馆|艺术展览,https://r1.visitbeijing.com.cn/vbj-s/2017/0523/20170523020513154.jpg,1,,
736,芳草地画廊,scenic,文化艺术空间,北京市,芳草地画廊隶属于侨福集团艺术文化部，位于北京侨福芳草地D座三层。画廊成立于2013年，是一家致力于展示与推广中国当代艺术，发掘新锐艺术家的综合性连锁画廊。,1.9,4.2,文创园区|美术馆/艺术馆|艺术展览,https://r1.visitbeijing.com.cn/vbj-s/2017/0523/20170523021502947.jpg,1,,
737,芳草地画廊798,scenic,文化艺术空间,北京市,成立于2013年初，由侨福芳草地与原北京新时代画廊吕恒顺先生合作成立，正式改名为“芳草地画廊798”。,4.8,4.2,文创园区|美术馆/艺术馆|艺术展览,https://r1.visitbeijing.com.cn/vbj-s/2017/0523/20170523021544115.jpg,1,,
738,桥舍画廊,scenic,文化艺术空间,北京市,"桥舍画廊创立于2006年6月,是经营和推广中国当代艺术的专业画廊。",2.5,4.2,文创园区|美术馆/艺术馆|艺术展览,https://r1.visitbeijing.com.cn/vbj-s/2017/0523/20170523022638843.jpg,1,,
739,竞园艺术中心,scenic,文化艺术空间,北京市,竞园艺术中心是个以摄影为主题的艺术园区，也是政府扶持的重点文化创意产业聚集区。,2.2,4.8,商业街区|文创园区|网红打卡|美术馆/艺术馆|艺术展览|购物美食,https://r1.visitbeijing.com.cn/vbj-s/2017/0421/20170421050743320.jpg,1,,
740,民生现代美术馆,scenic,文化艺术空间,北京市,北京民生现代美术馆是中国民生银行全额捐资建立的民营专业美术馆。,3.7,4.7,文创园区|美术馆/艺术馆|艺术展览,https://r1.visitbeijing.com.cn/vbj-s/2017/0421/20170421045812680.png,1,,
741,中央美术学院美术馆,scenic,文化艺术空间,北京市,中央美术学院美术馆位于北京市朝阳区花家地南街八号的中央美术学院院内，由中央美术学院美术馆新馆、石膏陈列馆和教学展厅三部分组成。,2.8,4.2,教育文化|文创园区|美术馆/艺术馆|艺术展览|高校校园,https://r1.visitbeijing.com.cn/vbj-s/2017/0421/20170421044902720.jpg,1,,
742,央美术馆,scenic,文化艺术空间,北京市,央美术馆是一家非盈利、综合型当代艺术机构。,1.1,3.8,文创园区|美术馆/艺术馆|艺术展览,https://r1.visitbeijing.com.cn/vbj-s/2017/0421/20170421043534147.png,1,,
743,UCCA尤伦斯当代艺术中心,scenic,商业街区,北京市,尤伦斯当代艺术中心（UCCA）是一家位于北京798艺术区核心地带的国际化艺术机构，每年为观众呈现丰富的展览和教育项目，推介国内外的艺术家，从而促进公众对当代艺术与文化的关注与理解。,5.2,4,商业街区|文创园区|网红打卡|美术馆/艺术馆|艺术展览|购物美食,https://r1.visitbeijing.com.cn/vbj-s/2017/0420/20170420043543242.jpg,1,,
744,观复博物馆,scenic,博物馆/展览馆,北京市,观复博物馆是新中国第一家私立博物馆。1996年10月30日获政府批准成立，马未都先生为创办人。,1.3,4,博物馆,https://r1.visitbeijing.com.cn/vbj-s/2017/0420/20170420042810207.jpg,1,,
745,中国民航博物馆,scenic,博物馆/展览馆,北京市,民航博物馆是中国民用航空局主办的民用航空专题博物馆。,5,4.4,博物馆|民航|航空|科技|交通,https://r1.visitbeijing.com.cn/vbj-s/2017/0420/20170420035347807.jpg,1,,
746,木木美术馆（M WOODS）,scenic,文化艺术空间,北京市,木木美术馆（M WOODS）是由收藏家林瀚、雷宛萤（晚晚）夫妇和黄勖夫共同创立的民营非营利艺术机构。,2.5,4.6,文创园区|美术馆/艺术馆|艺术展览,https://r1.visitbeijing.com.cn/vbj-s/2017/0420/20170420034404731.jpg,1,,
747,中国铁道博物馆（东郊展馆）,scenic,博物馆/展览馆,北京市,中国铁道博物馆是中国铁路系统的专业科技类博物馆，前身是1978年成立的铁道部科学技术馆，由中华人民共和国铁道部主办。  门票价格：20,7.3,4.1,博物馆,https://r1.visitbeijing.com.cn/vbj-s/2017/0420/20170420032447511.jpg,1,,
748,798艺术区,scenic,文化艺术空间,北京市,798艺术区（ArtDist）位于北京朝阳区酒仙桥街道大山子地区，故又称大山子艺术区（英文简称DAD－Dashanzi Art District），原为原国营798厂等电子工业的老厂区所在地。,1.8,3.7,文创园区|美术馆/艺术馆|艺术展览,https://r1.visitbeijing.com.cn/vbj-s/2017/0419/20170419054119434.jpg,1,,
749,红砖美术馆,scenic,文化艺术空间,北京市,红砖美术馆地处北京市朝阳区东北部一号地国际艺术区，园区占地面积约二万平方米，展馆面积近一万平方米，由收藏家闫士杰和曹梅夫妇创立，于2014年5月23日正式开馆。,3,4.7,文创园区|美术馆/艺术馆|艺术展览,https://r1.visitbeijing.com.cn/vbj-s/2017/0419/20170419053817825.jpg,1,,
750,山水艺术大道,scenic,文化艺术空间,北京市,山水艺术大道，为全球资源整合平台公司——山水文园集团倾力打造的世界级文化艺术长廊。大道地处国家级文化产业创新区，占据潘家园与十里河艺术带艺术商圈核心位置。,3.3,3.6,艺术街区|文化街区,https://r1.visitbeijing.com.cn/vbj-s/2017/0419/20170419031829968.jpg,1,,
751,李可染艺术基金会,scenic,文化艺术空间,北京市,李可染艺术基金会于1998年11月18日正式成立，由中国文化部申报，国务院批准，民政部正式注册，是国内为数不多的国家级艺术基金会。,1.8,4.7,文化机构|艺术,https://r1.visitbeijing.com.cn/vbj-s/2017/0419/20170419013514611.jpg,1,,
752,北京市城市街区24小时自助图书馆,scenic,文化艺术空间,北京市,北京市城市街区24小时自助图书馆建设项目，是在北京市文化局的指导下，由首都图书馆牵头各区县图书馆共同实施建设，是北京市文化系统的子工程。,3.5,4,图书馆|公共阅读|文化设施,https://r1.visitbeijing.com.cn/vbj-s/2017/0519/20170519112407353.jpg,1,,
753,中国国际展览中心（静安庄馆）,scenic,博物馆/展览馆,北京市,中国国际展览中心（静安庄馆）位于北京市朝阳区北三环东路静安庄 。北京市建筑设计院设计。占地面积15万平方米，有6万平方米室内展览面积，0.7万平方米室外展览面积。结构体系分别有网架结构、钢筋混凝土结构及钢结构。拥有中国国内面积最大的7个展览馆，其中1号展览馆(主体馆)，建筑总面积达5万平方米以上。,4.5,4.4,会展中心|会展|商务,https://r1.visitbeijing.com.cn/vbj-s/2017/0417/20170417044503101.jpg,1,,
754,北京时代美术馆,scenic,文化艺术空间,北京市,"北京时代美术馆一家民间非营利性美术馆，自2008年5月成立以来，一直密切关注当代中国艺术的发展，努力以立足中国、面向世界的开放态度和独到的艺术视野、独特的艺术发现、独立的艺术支持, 参与建构当代中国艺术的发展实践。",1.5,4,文创园区|美术馆/艺术馆|艺术展览,https://r1.visitbeijing.com.cn/vbj-s/2017/0417/20170417040634629.jpg,1,,
755,柏拉图实验剧场,scenic,演艺剧场,北京市,柏拉图实验剧场是戏逍堂是戏逍堂戏剧工坊国内小剧场戏剧连锁院线的首座剧场，位于CBD核心区东方梅地亚三层。,3.3,4.3,文化体验|演艺剧场,https://r1.visitbeijing.com.cn/vbj-s/2017/0413/20170413085416214.jpg,1,,
756,东方梅地亚中心M剧场,scenic,演艺剧场,北京市,东方梅地亚中心M剧场位于梅地亚中心B座三层，每年演出众多儿童剧演出如:《安德鲁奇遇记》《交响爱丽丝梦游仙境》等。,3,3.5,商业街区|文化体验|演艺剧场|网红打卡|购物美食,https://r1.visitbeijing.com.cn/vbj-s/2017/0413/20170413081108188.jpg,1,,
757,传奇小剧场,scenic,演艺剧场,北京市,传奇小剧场是北京大陆桥文化传媒公司于2011年初建成的专业化民营小剧场。,2,4.2,文化体验|演艺剧场,https://r1.visitbeijing.com.cn/vbj-s/2017/0412/20170412061542169.jpg,1,,
758,朝阳1919小剧场,scenic,演艺剧场,北京市,朝阳1919小剧场坐落的朝阳1919影视传媒创业产业园，被誉为定福庄传媒走廊“最富文化底蕴，最具文化崇拜的大院”，其前身是始建于1919年的北京生物制品研究所－－中国近代生物制品事业的功勋元老。,4,3.5,文化体验|演艺剧场,https://r1.visitbeijing.com.cn/vbj-s/2017/0412/20170412051533168.jpg,1,,
759,朝阳9剧场,scenic,演艺剧场,北京市,“9个剧场”即在一个设施内开设九个可供演出的剧场，也创造了在同一地点举办戏剧节的可能。,5.3,4.5,文化体验|演艺剧场,https://r1.visitbeijing.com.cn/vbj-s/2017/0412/20170412045237895.jpg,1,,
760,北京木马剧场,scenic,演艺剧场,北京市,特洛伊木马是希腊神话的重要象征物，而希腊则是戏剧的发源地，木马剧场选择木马作为象征作为Logo恰好可以表达对戏剧艺术传承与发展的渴求与愿景。,4.2,3.6,文化体验|演艺剧场,https://r1.visitbeijing.com.cn/vbj-s/2017/0413/20170413093543128.jpg,1,,
761,北京剧院,scenic,演艺剧场,北京市,京剧院隶属于北京北辰实业集团有限责任公司，始建于1990年，坐落于亚运村安慧桥东北角，毗邻四环路，属于亚奥商圈核心地带。,1.2,4.2,文化体验|演艺剧场,https://r1.visitbeijing.com.cn/vbj-s/2017/0413/20170413093648152.jpg,1,,
762,德云社三里屯剧场,scenic,演艺剧场,北京市,梦回天桥文化广场立足于弘扬民族文化的基石上，以广场为媒介向大众传播传统文化、民间艺术、让老北京文化回归剧场，它不是一个广场这么简单，而将成为老北京文化的品牌，这足以让“梦回天桥文化场”成为京味文化的聚集地。,4.5,4,商业街区|文化体验|演艺剧场|网红打卡|购物美食,https://r1.visitbeijing.com.cn/vbj-s/2017/0412/20170412021402777.jpg,1,,
763,瀚金佰九号温泉,scenic,度假休闲,北京市,北京瀚金佰国际酒店· 九号温泉公馆位于北京市朝阳区高碑店通惠河畔惠河南街9号，地处繁华地段，交通便利。,2.8,4.2,休闲度假|温泉康养,https://r1.visitbeijing.com.cn/vbj-s/2016/1220/20161220044444126.jpg,1,,
764,中农春雨果品采摘园,scenic,农业观光,北京市,,6.5,4.4,亲子互动|农业观光|采摘体验,https://r1.visitbeijing.com.cn/vbj-s/2016/1214/20161214025005642.jpg,1,,
765,朝阳区王四营枣种质资源观光园,scenic,农业观光,北京市,,5.3,4.6,亲子互动|农业观光|采摘体验,https://r1.visitbeijing.com.cn/vbj-s/2016/1214/20161214020907808.jpg,1,,
766,朝阳区东坝观光果园,scenic,农业观光,北京市,东坝观光果园位于朝阳区东部，南同平房乡千亩梨园相接壤，北部紧靠乡域内的东都乐园，交通便利，自然环境好。,4.2,4,亲子互动|农业观光|采摘体验,https://r1.visitbeijing.com.cn/vbj-s/2016/1214/20161214113235774.jpg,1,,
767,朝阳区绿风碧野农庄,scenic,农业观光,北京市,,2.1,3.5,亲子互动|农业观光|采摘体验,https://r1.visitbeijing.com.cn/vbj-s/2016/1214/20161214110800310.jpg,1,,
768,北京朝阳区美全美樱桃观光园,scenic,农业观光,北京市,全美樱桃生态园将建设成为以“农业科技与休闲体验”为中心,1.5,4.1,亲子互动|农业观光|樱桃采摘|采摘体验,https://r1.visitbeijing.com.cn/vbj-s/2016/1214/20161214103545861.jpg,1,,
769,北京朝阳区孙河乡郎家园枣观光园,scenic,农业观光,北京市,郎家园枣是赫赫有名的北京特产水果。,5.1,4.6,亲子互动|农业观光|采摘体验,https://r1.visitbeijing.com.cn/vbj-s/2016/1213/20161213030556446.jpg,1,,
770,中国广告博物馆,scenic,博物馆/展览馆,北京市,中国广告博物馆由国家广告研究院、中国传媒大学等共同发起，筹建过程历时十年，在数字资源库建设、藏品体系建设、重点学术研究等方面，已经取得一系列成果,1.5,3.6,博物馆,https://r1.visitbeijing.com.cn/vbj-s/2016/1128/20161128012433454.jpg,1,,
771,乐成中心,scenic,商业街区,北京市,,1.9,4.7,商业街区|网红打卡|购物美食,https://r1.visitbeijing.com.cn/vbj-s/2016/1128/20161128111739674.jpg,1,,
772,北京国贸大厦,scenic,商业街区,北京市,北京国贸大厦(China World Towers)位于北京商务中心区最核心地段，由中国大饭店、国贸大厦西楼、国贸商城、中国国际贸易中心第三期组成，总建筑面积十七万六千平方米，可出租面积从64平方米到整层1727平方米。,2.1,3.6,商业街区|网红打卡|购物美食,https://r1.visitbeijing.com.cn/vbj-s/2016/1123/20161123041124307.jpg,1,,
773,望湖公园,scenic,城市公园,北京市,望湖公园，占地21.7公顷的健身休闲公园，位于朝阳区东湖地区，西临京承高速，北临北五环路，东临东湖西外环路，南临利泽西街，无论自驾车还是乘坐公交都非常便利。,5.8,4.2,休闲垂钓|休闲娱乐|城市公园|水域风光|自然景观,https://r1.visitbeijing.com.cn/vbj-s/2016/1020/20161020023502666.jpg,1,,
774,黄草湾野郊公园,scenic,城市公园,北京市,黄草湾郊野公园占地面积585亩，位于北四环与北五环路之间，京承高速路以西，距离2环路中心城区6.5KM。,1.9,3.9,休闲娱乐|城市公园,https://r1.visitbeijing.com.cn/vbj-s/2016/1020/20161020020007601.jpg,1,,
775,仰山公园,scenic,城市公园,北京市,仰山公园位于朝阳区北五环仰山桥的东南角，自驾车可以走西四环，在安慧桥往北拐进入安立路，直行约3.5公里路东即是。,7.2,4.5,休闲娱乐|城市公园,https://r1.visitbeijing.com.cn/vbj-s/2016/1020/20161020014257260.jpg,1,,
776,丽都公园,scenic,城市公园,北京市,坐落在丽都商圈核心地段，由著名设计大师檀馨设计，具有典型欧式园林风格,2.8,3.6,休闲娱乐|城市公园,https://r1.visitbeijing.com.cn/vbj-s/2016/0930/20160930023544526.png,1,,
777,日坛博物馆,scenic,博物馆/展览馆,北京市,日坛是北京著名文物古迹五坛之一，在五坛中面积最小，地处东二环外国贸CBD商圈、毗邻外国驻华使馆区。,1.2,4.6,博物馆,https://r1.visitbeijing.com.cn/vbj-s/2016/0928/20160928034914136.png,1,,
778,梦回天桥文化广场,scenic,文化艺术空间,北京市,梦回天桥文化广场就是按旧时的老天桥打造，，使现代人能重新感受老天桥气息的公司，朝阳区工人体育场东路4号(三里屯SOHO西侧)，对，分上下两层，造型庄重典雅，内部装潢古典，舞台灯光先进，并设有中央空调。,3.8,3.9,文化广场|演艺|民俗文化|天桥文化,https://r1.visitbeijing.com.cn/vbj-s/2016/0923/20160923033404884.png,1,,
779,立水桥公园,scenic,城市公园,北京市,立水桥公园;位于北京市朝阳区来广营乡立水桥安立路两侧;立水桥地铁站南200米。,4.3,4.8,城市公园|休闲娱乐|社区公园,https://r1.visitbeijing.com.cn/vbj-s/2016/0922/20160922015452861.png,1,,
780,快乐猩猩树上探险主题公园（朝阳园区）,scenic,主题乐园,北京市,继顺鑫园区落成后，第二个树上穿越主题公园也于朝阳公园开园。,3,4.8,亲子互动|户外拓展|主题乐园|运动健身,https://r1.visitbeijing.com.cn/vbj-s/2016/0922/20160922013730651.png,1,,
781,金港汽车公园,scenic,体育场馆,北京市,金港汽车公园占地680亩，设施齐全，包括汽车赛车场服务中心、金港汽车俱乐部、汽车公寓、汽车酒店和汽车餐吧,1.4,4.6,休闲娱乐|城市公园,https://r1.visitbeijing.com.cn/vbj-s/2016/0921/20160921030937483.png,1,,
782,景藏健康公园,scenic,城市公园,北京市,北京景藏健康公园商业模式的创建，是根据市场需求和中国旅游产业、文化产业和教育产业的实际情况,3.5,4.7,休闲娱乐|城市公园,https://r1.visitbeijing.com.cn/vbj-s/2016/0921/20160921024749795.png,1,,
783,北京南湖公园,scenic,城市公园,北京市,北京南湖公园位于北京市朝阳区望京地区，兴建时间1996年。南湖公园隶属北京金隅集团有限公司。,3.5,3.5,休闲垂钓|休闲娱乐|城市公园|水域风光|自然景观,https://r1.visitbeijing.com.cn/vbj-s/2016/0920/20160920041839497.png,1,,
784,北京红军公园,scenic,城市公园,北京市,红军公园，为纪念中国工农红军长征胜利70周年，缅怀革命先烈的丰功伟绩，继承和发扬红军的革命传统，在有关部门和老红军的大力支持下，“红军公园”日前正式开工。,4,4.1,休闲娱乐|城市公园,https://r1.visitbeijing.com.cn/vbj-s/2016/0918/20160918093512104.jpg,1,,
785,垡头科普文化公园,scenic,城市公园,北京市,朝阳区垡头科普文化公园，以普及科学技术与利用知识为基础，多层次，多视角开发科普教育领域，建设成集科普教育、趣味休闲、文化娱乐为一体的展示基地。,3.9,4.1,休闲娱乐|城市公园,https://r1.visitbeijing.com.cn/vbj-s/2016/0913/20160913030228558.jpg,1,,
786,东郊森林公园,scenic,森林/湿地公园,北京市,东郊森林公园位于通州、顺义、朝阳三区交界地带，南部紧邻通州新城，北部与首都机场、空港产业基地和顺义现代制造业基地相接,3.3,3.6,森林公园|自然生态,https://r1.visitbeijing.com.cn/vbj-s/2016/0912/20160912023114648.jpg,1,,
787,翠城公园,scenic,城市公园,北京市,翠城公园为开放式公园，现已成为周边居民休闲锻炼的重要场所，园区内林密树高，曲径徊转。,3.6,4.4,休闲娱乐|城市公园,https://r1.visitbeijing.com.cn/vbj-s/2016/0909/20160909035835193.jpg,1,,
788,北辰绿色中央公园,scenic,城市公园,北京市,北辰绿色家园是北京亚运村北大型的综合社区，中央公园位于该社区中部被东西向社区主干道分割成南北两块,1.2,4.4,休闲娱乐|城市公园,https://r1.visitbeijing.com.cn/vbj-s/2016/0908/20160908035443322.jpg,1,,
789,北京八里桥音乐主题公园,scenic,城市公园,北京市,八里桥音乐主题公园自2006年开工建设，在市、区政府的高度重视和大力支持下，公园于2009年正式建成开园，总占地面积355亩(约23.6万平方米)，其中绿化面积18万平方米，水系面积4000平方米。,3.5,3.9,城市公园|音乐主题|休闲娱乐|文化遗产,https://r1.visitbeijing.com.cn/vbj-s/2016/0908/20160908025739348.jpg,1,,
790,松榆里公园,scenic,城市公园,北京市,由于改造前公园景观性、功能性已不能满足不同人群多层次的需求,1,3.9,休闲娱乐|城市公园,https://r1.visitbeijing.com.cn/vbj-s/2016/0907/20160907044012303.jpg,1,,
791,海棠公园,scenic,城市公园,北京市,海棠公园占地496亩，服务人口约20万左右。将于2009年5月建成对市民免费开放。公园用地分属于两个历史文化深厚的村庄，南侧为海户屯，北侧为老君堂村。,2.5,3.7,休闲娱乐|城市公园,https://r1.visitbeijing.com.cn/vbj-s/2016/0907/20160907034120248.jpg,1,,
792,小红门镇海寺公园,scenic,城市公园,北京市,镇海寺郊野公园位于北京市朝阳区南四环十八里店南桥向南约1.5公里处，西邻镇海公园，东邻京津塘高速路，北依南四环路，南邻红纺路，交通十分便利。东南侧是2008年新建的郊野公园环项目--鸿博公园。,1.4,4.2,休闲娱乐|城市公园,https://r1.visitbeijing.com.cn/vbj-s/2016/0907/20160907033229900.jpg,1,,
793,来广营清河营公园,scenic,城市公园,北京市,清河营郊野公园位于北京市朝阳区来广营乡北部，占地面积约865亩。,2.1,4,休闲娱乐|城市公园,https://r1.visitbeijing.com.cn/vbj-s/2016/0906/20160906035429985.jpg,1,,
794,大屯黄草湾公园,scenic,城市公园,北京市,黄草湾郊野公园位于北京市朝阳区大屯地区东北部，新建成的鼎成路从公园东部穿过。,1.6,3.9,休闲娱乐|城市公园,https://r1.visitbeijing.com.cn/vbj-s/2016/0906/20160906034922907.jpg,1,,
795,百花公园,scenic,城市公园,北京市,百花郊野公园位于北京市朝阳区高碑店乡北花园村，周边的郊野公园有兴隆公园、杜仲公园、古塔公园和金田公园，项目总占地约21.53公顷 。,2.6,4,休闲娱乐|城市公园,https://r1.visitbeijing.com.cn/vbj-s/2016/0906/20160906031835845.jpg,1,,
796,金田公园,scenic,城市公园,北京市,金田郊野公园2008年实施建设的一期工程占地1000亩，北至规划广渠东路南至劲松东延路，西至通惠灌渠，东至双桥东路。2009年5月对市民免费开放。,1.9,4.7,休闲娱乐|城市公园,https://r1.visitbeijing.com.cn/vbj-s/2016/0906/20160906031122245.jpg,1,,
797,北京银泰中心,scenic,商业街区,北京市,北京银泰中心(Beijing Yintai Centre)位于建国门外大街2号，地处北京中央商务区(CBD)核心地带，北临长安街，东接三环路，踞国贸桥“金十字”西南角。,7.1,3.7,商业街区|网红打卡|购物美食,https://r1.visitbeijing.com.cn/vbj-s/2016/0901/20160901032825967.jpg,1,,
798,北京CBD国际高尔夫球会,scenic,体育场馆,北京市,北京CBD国际高尔夫球会坐落于北京东部的黄金地段,2.3,3.9,体育场馆|体育运动|运动健身|高尔夫|高端休闲,https://r1.visitbeijing.com.cn/vbj-s/2016/0901/20160901030900609.jpg,1,,
799,北京二十二院街艺术区,scenic,文化艺术空间,北京市,北京二十二院街艺术区，总建筑面积30万平方米，其中涵盖了21层的超五星级酒店式公寓,2.1,4.1,文创园区|艺术空间|文化街区,https://r1.visitbeijing.com.cn/vbj-s/2016/0901/20160901023159192.jpg,1,,
800,北京卡通艺术博物馆,scenic,博物馆/展览馆,北京市,北京卡通艺术博物馆原名北京卡通世界博物馆，现已更名并搬迁至北京市朝阳区北花园6号院12号楼，隶属于北京市文物局，是经北京市政府批准成立的全民所有制事业单位。,3,3.6,博物馆|艺术展览,https://r1.visitbeijing.com.cn/vbj-s/2016/0831/20160831045150618.jpg,1,,
801,望京SOHO,scenic,商业街区,北京市,望京SOHO位于北京市朝阳区望京街与阜安西路交叉路口，由世界著名建筑师扎哈 · 哈迪德(Zaha Hadid)担纲总设计师,2.5,4.3,商业街区|网红打卡|购物美食,https://r1.visitbeijing.com.cn/vbj-s/2016/0831/20160831033048739.jpg,1,,
802,中央电视台总部大楼,scenic,城市公园,北京市,中央电视台总部大楼，位于北京商务中心区，内含央视总部大楼、电视文化中心、服务楼、庆典广场。,2.4,3.6,地标建筑|现代建筑|媒体|建筑奇观,https://r1.visitbeijing.com.cn/vbj-s/2016/0831/20160831031847795.jpg,1,,
803,银河soho,scenic,商业街区,北京市,SOHO中国旗下的银河SOHO位于北京内城罕有的大型地块。,3.9,3.9,商业建筑|地标建筑|现代建筑,https://r1.visitbeijing.com.cn/vbj-s/2016/0831/20160831030925452.jpg,1,,
804,今日美术馆,scenic,文化艺术空间,北京市,今日美术馆位于北京市朝阳区，成立于2002年，于2006年7月，成功转型为真正意义上的非盈利机构。,3.6,3.9,文创园区|美术馆/艺术馆|艺术展览,https://r1.visitbeijing.com.cn/vbj-s/2016/0830/20160830034514790.jpg,1,,
805,侨福芳草地,scenic,商业街区,北京市,侨福芳草地以领先绿色思维，打造汇聚「顶级办公，优雅购物，精品酒店与艺文荟萃」的北京新地标。,3.6,4.6,商业综合体|艺术|购物|餐饮|娱乐|地标建筑|现代建筑|文创,https://r1.visitbeijing.com.cn/vbj-s/2016/0830/20160830032421123.jpg,1,,
806,北京蟹岛水上乐园,scenic,主题乐园,北京市,北京蟹岛水上乐园位于北京市朝阳区机场辅路蟹岛度假村内，是目前为止中国最大的人造海滨浴场。,6.3,3.9,亲水|水域风光,https://r1.visitbeijing.com.cn/vbj-s/2016/0826/20160826101706976.jpg,1,,
807,太阳宫卡酷科技水乐园,scenic,主题乐园,北京市,“太阳宫卡酷科技水乐园”位于太阳宫公园西门草坪广场，占地面积近2万平方米。,4.4,3.9,亲子互动|儿童乐园|水上乐园|娱乐,https://r1.visitbeijing.com.cn/vbj-s/2016/0816/20160816041329498.png,1,,
808,北京嘻哈包袱铺,scenic,演艺剧场,北京市,嘻哈包袱铺”是一个相声团体，由30多人组成，平均年龄24岁，几乎清一色是“80后”男生。,7.9,3.9,文化体验|演艺剧场|相声|传统文化,https://r1.visitbeijing.com.cn/vbj-s/2016/0815/20160815093944147.bmp,1,,
809,团结湖海滨乐园,scenic,城市公园,北京市,团结湖公园内的仿真海滨乐园，环境优美，素有“京城小北戴河”之称，炎炎夏日，足不出城，便可让您享受到夏日海滨的乐趣。,3,4.2,休闲垂钓|水域风光|自然景观,https://r1.visitbeijing.com.cn/vbj-s/2016/0810/20160810050627687.jpg,1,,
810,小蚂蚁儿童农庄,scenic,主题乐园,北京市,这里是孩子动手，动脑，创意无限手工制作平台，小朋友们不但可以参加小蚂蚁俱乐部的户外活动，而且可以走进农庄。,1.4,4.6,亲子互动|农业观光|采摘体验,https://r1.visitbeijing.com.cn/vbj-s/2016/0804/20160804011756121.jpg,1,,
811,北京奥林匹克公园网球场,scenic,体育场馆,北京市,奥林匹克网球中心总建筑面积26514平方米，按照比赛要求，网球中心包括6块练习场和10块比赛场，共设坐席1.74万个。,2.2,4.2,休闲娱乐|体育场馆|地标建筑|城市公园|奥运遗产|运动健身,https://r1.visitbeijing.com.cn/vbj-s/2016/0804/20160804115458349.jpg,1,,
812,北京雪乐山室内滑雪,scenic,体育场馆,北京市,雪乐山室内滑雪在引进荷兰专业滑雪教学、培训、管理方法并加以改进的同时，还聘请了运动与脑发展领域专家协助开发个性化课程与评测体系。,3.1,4.4,体育场馆|冬季运动|滑雪,https://r1.visitbeijing.com.cn/vbj-s/2016/0729/20160729023731330.jpg,1,,
813,朝阳规划艺术馆,scenic,文化艺术空间,北京市,北京市朝阳区规划艺术馆(以下简称规划馆)位于朝阳公园东五门内，紧邻东四环，环境优美,3.9,4.1,文创园区|美术馆/艺术馆|艺术展览,https://r1.visitbeijing.com.cn/vbj-s/2016/0726/20160726100519886.png,1,,
814,摩力圣汇温泉会馆,scenic,度假休闲,北京市,摩力圣汇温泉会馆中心结合温泉中各种有效成分发生不同作用的温度条件，根据不同的温度，让不同体质的宾客都能享受到温泉带来的理疗作用。,2.9,3.9,休闲度假|温泉康养,https://r1.visitbeijing.com.cn/vbj-s/2016/0714/20160714031412381.jpg,1,,
815,全国农业展览馆,scenic,商业街区,北京市,全国农业展览馆(以下简称“农展馆”)始建于1959年，是首都著名的十大建筑之一，地理位置、规模、布局和风格均由周恩来总理亲自审定。,3.6,4.5,展览馆|会展|农业|博物馆,https://r1.visitbeijing.com.cn/vbj-s/2016/0704/20160704032721393.png,1,,
816,蟹岛嘉年华,scenic,主题乐园,北京市,蟹岛嘉年华是成年人合家欢乐的首选地，是孩子们的开心乐园，是年轻人的娱乐先锋地。,3,4.3,主题乐园|娱乐,https://r1.visitbeijing.com.cn/vbj-s/2016/0519/20160519053553507.jpg,1,,
817,蟹岛城市海景水上乐园,scenic,主题乐园,北京市,城市海景(水上乐园)是中国最大的人造海滨浴场。,1.7,4.4,亲水|水域风光,https://r1.visitbeijing.com.cn/vbj-s/2016/0622/20160622105921393.jpg,1,,
818,鸟巢CAIA会展中心,scenic,体育场馆,北京市,鸟巢CAIA会展中心是在奥林匹克景区与鸟巢和水立方相并列的第三大旅游景区...,6.1,4.8,体育场馆|地标建筑|奥运遗产|会展中心,https://r1.visitbeijing.com.cn/vbj-s/2016/0422/20160422044045511.jpg,1,,
819,风度马会国际马术俱乐部,scenic,体育场馆,北京市,俱乐部愿以真诚的热情、周到的服务让每位马术学员享受马术乐趣！,2.8,4.2,马术俱乐部|体育运动|高端休闲,https://r1.visitbeijing.com.cn/vbj-s/2016/0408/20160408055823726.jpg,1,,
820,顺景温泉,scenic,度假休闲,北京市,温泉池相互衔接，清池湖泊、小桥流水、亿年奇石、千年珍木、百年溶洞...充满着神秘色彩，给人以原始丛林的生态之美。,5.4,4.2,休闲度假|温泉康养,https://r1.visitbeijing.com.cn/vbj-s/2016/0104/20160104024825207.jpg,1,,
821,梦想汽车公园,scenic,体育场馆,北京市,通过真车实物将汽车历史、汽车文化相关的发展历程经典再现。,4.7,4.7,休闲娱乐|城市公园,https://r1.visitbeijing.com.cn/vbj-s/2015/1130/20151130034941369.jpg,1,,
822,康心体育乐园,scenic,体育场馆,北京市,康新体育乐园属于乡办公园，分为南动、北净两园，一条小溪由北园穿过中心路流到南园。,3.3,3.6,体育场馆|运动健身,https://r1.visitbeijing.com.cn/vbj-s/2015/0908/20150908035101735.jpg,1,,
823,高碑店古家具街,scenic,商业街区,北京市,在北京，南有古玩城，东有高碑店，是众所周知的古典家具的两大市场，经营具有明清特色的古旧家具及"老木新做"的新概念家具,5.3,4,特色商业|古家具|文化市场,https://r1.visitbeijing.com.cn/vbj-s/2015/0907/20150907050246301.jpg,1,,
824,老君堂公园,scenic,城市公园,北京市,公园建设主要是对原有林地进行改造和提升，增加园林树种和地被植物，建成自然野趣、景色优美的自然生态园林。,2.1,4.8,休闲娱乐|城市公园,https://r1.visitbeijing.com.cn/vbj-s/2015/0907/20150907041109481.jpg,1,,
825,东风公园,scenic,城市公园,北京市,东风公园以植物景观为主题特色，新植近三万株常绿、落叶乔木，四万株花灌木，地被花卉二十余万平方米。,2.8,4.5,休闲娱乐|城市公园,https://r1.visitbeijing.com.cn/vbj-s/2015/0907/20150907035157474.jpg,1,,
826,白鹿郊野公园,scenic,城市公园,北京市,白鹿郊野公园有浓厚白鹿文化，白鹿司地区在明朝时期为皇家饲养白鹿的地方，公园内用形似白鹿的自然山石、白鹿图案石雕、白鹿图案卵石铺装以及白鹿雕塑来体现公园白鹿文化。,6.9,3.5,休闲娱乐|城市公园,https://r1.visitbeijing.com.cn/vbj-s/2015/0907/20150907032052982.jpg,1,,
827,常营公园,scenic,城市公园,北京市,园内有大量的彩叶植物供游人欣赏，有红的枫树，绿的松柏和大片的金黄色的银杏，树林让游人感觉畅游在金色的海洋中。,3,4.2,休闲娱乐|城市公园,https://r1.visitbeijing.com.cn/vbj-s/2015/0907/20150907024502549.jpg,1,,
828,百花郊野公园,scenic,城市公园,北京市,公园大量使用花灌木、野生草本地被，以及观赏草，营造郊野特色显著，繁花似锦的时尚郊野公园。,3.2,4.1,休闲娱乐|城市公园,https://r1.visitbeijing.com.cn/vbj-s/2015/0907/20150907022029553.jpg,1,,
829,金田郊野公园,scenic,城市公园,北京市,月季园、海棠园、樱花园、静心园搭配亭廊组合形成多个小型游人休闲广场，是一处郊游观光、休闲健身的理想场所。,3.5,4.3,休闲娱乐|城市公园,https://r1.visitbeijing.com.cn/vbj-s/2015/0906/20150906044730747.jpg,1,,
830,潘晓婷台球俱乐部,scenic,体育场馆,北京市,潘晓婷台球俱乐部已经是拥有超过13家单店面积超过1000平方米台球俱乐部连锁集团，员工人数也已近300人，网点遍布全国多个大中城市,2.7,3.5,体育场馆|运动健身|台球,https://r1.visitbeijing.com.cn/vbj-s/2015/0906/20150906041233889.jpg,1,,
831,环铁轰趴馆,scenic,主题乐园,北京市,摄影主题的轰趴馆，驻场专业摄影师针对于零基础的摄影爱好者进行免费指导,1.4,4.8,休闲娱乐|聚会,https://r1.visitbeijing.com.cn/vbj-s/2015/0826/20150826025142391.jpg,1,,
832,北京海德温泉酒店,scenic,度假休闲,北京市,每一个项目都具有相当完备的硬件设施和久经历练的服务团队，保证顾客消费的每一个细节都舒心而顺畅。,1.9,3.7,休闲度假|住宿服务|温泉康养|酒店,https://r1.visitbeijing.com.cn/vbj-s/2015/0825/20150825044007248.jpg,1,,
833,活的3D博物馆,scenic,主题乐园,北京市,探客360°3D艺术体验展是融合科技和文化的经典展览，在游玩中提高艺术修养领略艺术之美。,2.9,3.8,博物馆,https://r1.visitbeijing.com.cn/vbj-s/2015/0824/20150824051608491.jpg,1,,
834,北京朝阳剧场,scenic,演艺剧场,北京市,北京朝阳剧场是一家以杂技演出为主要经营的场所，经过二十余年的特色经营，已形成“看杂技到朝阳”的文化品牌。,3,4.1,文化体验|演艺剧场,https://r1.visitbeijing.com.cn/vbj-s/2015/0824/20150824020940895.jpg,1,,
835,北京咏春拳学总会,scenic,体育场馆,北京市,王志鹏师傅自幼习武，是国际影视功夫巨星李小龙的师兄咏春宗师叶问的大弟子黄淳梁师傅,2.6,3.9,武术|传统文化|运动健身,https://r1.visitbeijing.com.cn/vbj-s/2015/0821/20150821040032499.jpg,1,,
836,蓝调庄园温泉,scenic,度假休闲,北京市,繁忙的都市生活是不是已经感到倦怠?想不想让身心得到一次悠闲惬意的放松、回归自然的怀抱?,4.2,4.6,休闲度假|住宿服务|温泉康养|酒店,https://r1.visitbeijing.com.cn/vbj-s/2015/0821/20150821033430947.jpg,1,,
837,奇门密室逃脱,scenic,主题乐园,北京市,,3.4,3.7,密室逃脱|娱乐体验,https://r1.visitbeijing.com.cn/vbj-s/2015/0821/20150821031459748.jpg,1,,
838,上绎锋巢射箭运动俱乐部,scenic,体育场馆,北京市,以射箭运动为核心的休闲娱乐社交平台，提供尊贵的运动享受、释放生活的压力,6.5,3.7,体育场馆|运动健身|射箭,https://r1.visitbeijing.com.cn/vbj-s/2015/0820/20150820042521267.jpg,1,,
839,泡泡秀体验馆,scenic,主题乐园,北京市,集娱乐、健身、益智、交友 为一体的韩国魔幻泡泡秀体验馆 以达到趣味引导探索、自信 促添心智的启智教育目的。,1.6,4.7,儿童乐园|亲子互动|娱乐,https://r1.visitbeijing.com.cn/vbj-s/2015/0819/20150819042916216.jpg,1,,
840,哈比豆儿童乐园,scenic,主题乐园,北京市,哈比豆儿童城专营室内大型儿童游乐场，以各种丰富多彩的主题活动将固定设施注入鲜活的生命力。,1.4,3.7,儿童乐园|亲子互动|娱乐,https://r1.visitbeijing.com.cn/vbj-s/2015/0819/20150819041313343.jpg,1,,
841,小柯剧场,scenic,演艺剧场,北京市,小柯剧场是一个全新形式的剧场，致力于生产高品质的改变以往观演关系的具有强烈感官刺激的小柯形式剧。,2.9,3.5,文化体验|演艺剧场,https://r1.visitbeijing.com.cn/vbj-s/2015/0819/20150819035235398.jpg,1,,
842,北京工体翻斗乐,scenic,主题乐园,北京市,北京工体翻斗乐是一个集娱乐、教育、健康、休闲为一体的大型室内儿童教育娱乐中心。,2.4,4.3,体育场馆|运动健身,https://r1.visitbeijing.com.cn/vbj-s/2015/0819/20150819023724675.jpg,1,,
843,郁金香儿童乐园,scenic,主题乐园,北京市,郁金香儿童乐园坐落在美丽的郁金香花园人工湖畔，乐园环境优美、绿树茵茵,3.4,3.8,儿童乐园|亲子互动|娱乐,https://r1.visitbeijing.com.cn/vbj-s/2015/0817/20150817013406338.jpg,1,,
844,杜仲公园,scenic,城市公园,北京市,园内种有七年生名贵药材杜仲树两万八千余棵，通幽达静，非常适合休闲散步,5.6,3.6,休闲娱乐|城市公园,https://r1.visitbeijing.com.cn/vbj-s/2015/0806/20150806030604871.jpg,1,,
845,北顶娘娘庙,scenic,宗教场所,北京市,这是一座彰显着民族精神和人文奥运魅力的场所,1.9,3.7,道教|宗教建筑|民间信仰|遗产古迹|明清历史,https://r1.visitbeijing.com.cn/vbj-s/2015/0728/20150728020643792.jpg,1,,
846,北京励志堂科举匾额博物馆,scenic,博物馆/展览馆,北京市,八百年间科举最高等级考试：会试、殿试，多数都在北京举行。此间在北京考出了约二百五十名状元,2.9,3.8,博物馆,https://r1.visitbeijing.com.cn/vbj-s/2015/0722/20150722044124639.jpg,1,,
847,喜沙沙创意沙画,scenic,文化艺术空间,北京市,沙画结合现代人的审美观，依托深厚的文化底蕴和文化内涵。采用产自神奇大自然的天然彩沙，经手工精致而成,5.1,4.3,手工艺|文化体验|艺术,https://r1.visitbeijing.com.cn/vbj-s/2015/0721/20150721035122729.jpg,1,,
848,奇乐儿儿童主题公园,scenic,主题乐园,北京市,“奇乐儿”软体游乐场为宝宝们准备了充满刺激、挑战、又让家长放心的健身环境,3.2,4.3,休闲娱乐|城市公园,https://r1.visitbeijing.com.cn/vbj-s/2015/0720/20150720041310180.jpg,1,,
849,蓝天城少儿职业体验乐园,scenic,主题乐园,北京市,中国最好的儿童职业体验中心，以工业制造、商业、传媒、美食、金融、军事、文化七大主题为中心,3.7,4.3,职业体验|亲子互动|教育,https://r1.visitbeijing.com.cn/vbj-s/2015/0720/20150720030341499.jpg,1,,
850,比如世界儿童职业体验馆,scenic,主题乐园,北京市,北京比如世界儿童职业体验馆，是专为3-12岁少年儿童设计的、由少年儿童自主管理的儿童城市,5.4,3.9,职业体验|亲子互动|教育,https://r1.visitbeijing.com.cn/vbj-s/2015/0720/20150720015930793.jpg,1,,
851,水晶树温泉,scenic,度假休闲,北京市,水晶树温泉·SPA会所，没有钟鸣鼎食的歌舞升平，没有车水马龙的繁华闹市，有的只是宁静午后，从围墙中探出的一抹花木疏影,2.2,3.7,休闲度假|温泉康养,https://r1.visitbeijing.com.cn/vbj-s/2015/0720/20150720115437861.jpg,1,,
852,京城槐园,scenic,城市公园,北京市,京城槐园以北京市市树槐树和槐文化为特色，着重渲染“夏木荫荫，槐花飘香”的夏季植物景观,1.3,3.7,城市公园|植物观赏,https://r1.visitbeijing.com.cn/vbj-s/2015/0714/20150714012646374.jpg,1,,
853,摩锐水世界,scenic,主题乐园,北京市,摩锐水世界秉承“北方夏威夷”的伟大构思，是郁金香温泉度假村巨资兴建的北京最大、最丰富的室内水上乐园,3,4,亲水|休闲度假|水域风光|温泉康养,https://r1.visitbeijing.com.cn/vbj-s/2015/0714/20150714105822195.jpg,1,,
854,鸟巢欢乐冰雪季,scenic,主题乐园,北京市,打造北京城内最亮丽的雪上游乐中心，为全国游客和北京市民提供一个冬季参与冰雪活动的全民健身场所，为北京冬季体育文化生活增添亮点。,6.8,3.7,体育场馆|地标建筑|奥运遗产|运动健身,https://r1.visitbeijing.com.cn/vbj-s/2013/1231/20131231110306790.jpg,1,,
855,老北京动起来展馆,scenic,主题乐园,北京市,近8000平方米的“看老北京，爱新北京”活动展分为三个部分：“老北京动起来”多媒体数字艺术展、老北京市井风情展、中国书画探索展。,3.4,4.3,展览馆|文化体验,https://r1.visitbeijing.com.cn/vbj-s/2013/0802/20130802114929967.jpg,1,,
856,国家会议中心,scenic,商业街区,北京市,国家会议中心外形美观大方，总建筑面积53万平方米，会议中心主体建筑面积27万平方米，功能齐全，设施先进。,7.1,4.1,会展中心|会展|商务|奥运遗产,https://r1.visitbeijing.com.cn/vbj-s/2015/0729/20150729024622244.jpg,1,,
857,丽都花园,scenic,城市公园,北京市,丽都公园具有典型欧式园林风格，公园小巧精致，景色优美，交通便利，地处闹市，却有远离城市喧嚣之感。,1.3,4.1,花园|赏花|植物观赏,https://r1.visitbeijing.com.cn/vbj-s/2015/0804/20150804030932435.jpg,1,,
858,黄渠公园,scenic,城市公园,北京市,黄渠公园是较早的村建公园， 各种花木已经成景，达到了三级有花、四季常绿，鸟语花香，游园、健身高峰时可达上千人次。,1.4,3.5,休闲娱乐|城市公园,https://r1.visitbeijing.com.cn/vbj-s/2013/0424/20130424054447810.jpg,1,,
859,镇海寺公园,scenic,城市公园,北京市,盛夏时节，园内绿树成荫、花香鸟鸣，夕阳西下，小桥流水，为居民避暑纳凉、休闲游憩提供了良好场所，镇海寺公园已成为附近居民的后花园。,1.8,4.8,休闲娱乐|城市公园,https://r1.visitbeijing.com.cn/vbj-s/2013/0424/20130424031432541.jpg,1,,
860,朝来农艺园,scenic,农业观光,北京市,朝来农艺园区可以进行观光、采摘、休闲、娱乐活动，园内空气新鲜、绿树成荫、鸟语花香，可以体验到乡情农趣。,3,4.4,农业观光|科普教育,https://r1.visitbeijing.com.cn/vbj-s/2013/0424/20130424015724435.jpg,1,,
861,太阳宫公园,scenic,城市公园,北京市,太阳宫公园是一个免费游览的社区类小公园，位于北四环东路朝阳区太阳宫乡境内，是一区域性综合公园，主要服务于周围居民的日常休闲需要。,3.7,4.1,休闲娱乐|城市公园,https://r1.visitbeijing.com.cn/vbj-s/2015/0804/20150804111649550.jpg,1,,
862,窑洼湖公园,scenic,城市公园,北京市,窑洼湖公园正在创造一个动静结合可持续发展的生态环境，集运动、娱乐、休闲于一体的综合性公园。,1,4.5,休闲垂钓|休闲娱乐|城市公园|水域风光|自然景观,https://r1.visitbeijing.com.cn/vbj-s/2013/0424/20130424093345197.jpg,1,,
863,姚家园公园,scenic,城市公园,北京市,"园内树木已经成景、设施比较完善、吸引了许多附近的居民，在炎热的夏天,村民有了休闲避暑的场所。",2.5,4.2,休闲娱乐|城市公园,https://r1.visitbeijing.com.cn/vbj-s/2013/0423/20130423052627360.jpg,1,,
864,金盏郁金香花园,scenic,城市公园,北京市,金盏乡依傍在温榆河畔，空气清新，环境优美，是北京近郊的一处无污染的净地，在这里兴建的郁金香花园已成为城里市民假期郊游的理想之所。,1.5,4.5,花园|赏花|植物观赏,https://r1.visitbeijing.com.cn/vbj-s/2013/0423/20130423040851139.jpg,1,,
865,北京朝来森林公园,scenic,森林/湿地公园,北京市,公园内植物配置使用苗木品种80种，其中乔灌共计36538株。充分体现了物种多样性的原则，形成一个较为生态合理植物群落。,5.1,3.6,森林公园|自然生态,https://r1.visitbeijing.com.cn/vbj-s/2013/0423/20130423023203987.jpg,1,,
866,北京服装学院服饰博物馆,scenic,博物馆/展览馆,北京市,中国第一家服饰类博物馆，也是一个集收藏、教学、科研为一体的文化研究机构。,1.8,4.6,博物馆|教育文化|高校校园,https://r1.visitbeijing.com.cn/vbj-s/2015/0803/20150803033322195.jpg,1,,
867,中国现代文学馆,scenic,博物馆/展览馆,北京市,"中国现代文学馆是国家级重点文化单位,这里主要展示中国现当代文学发展史以及重要作家、文学流派的文学成就，是现当代文学研究的阵地。",3.6,3.6,博物馆|文学|文化,https://r1.visitbeijing.com.cn/vbj-s/2015/0803/20150803023939753.jpg,1,,
868,炎黄艺术馆,scenic,文化艺术空间,北京市,旨在收藏和展览中华民族优秀文化艺术品，为海内外艺术家、收藏家提供艺术交流的场地。,3.1,4.8,文创园区|美术馆/艺术馆|艺术展览,https://r1.visitbeijing.com.cn/vbj-s/2015/0731/20150731012747218.jpg,1,,
869,中国体育博物馆,scenic,博物馆/展览馆,北京市,通过展品，可以比较全面地了解到具有悠久传统的中国体育历史的发展过程。,1.8,4.5,博物馆,https://r1.visitbeijing.com.cn/vbj-s/2015/0803/20150803113710303.jpg,1,,
870,北京民俗博物馆,scenic,博物馆/展览馆,北京市,北京民俗博物馆是京城唯一一座国办民俗类专题博物馆。馆内常年举办老北京民俗风物系列展。,4,4.1,博物馆,https://r1.visitbeijing.com.cn/vbj-s/2015/0803/20150803014716370.jpg,1,,
871,中国电影博物馆,scenic,博物馆/展览馆,北京市,中国电影博物馆是目前世界上最大的国家级电影专业博物馆，是纪念中国电影诞生100周年的标志性建筑。,3.6,4.1,博物馆,https://r1.visitbeijing.com.cn/vbj-s/2013/0306/20130306042837942.jpg,1,,
872,西藏文化博物馆,scenic,博物馆/展览馆,北京市,爱国主义教育和各民族文化交流活动的基地。,7.6,3.8,博物馆|历史文化,https://r1.visitbeijing.com.cn/vbj-s/2013/0222/20130222045602825.jpg,1,,
873,民航博物馆,scenic,博物馆/展览馆,北京市,中国民航博物馆是人们最快捷、最直接地进入民航的无障碍通道，也是最清晰、最深切地凝视民航的窗口。,5.2,4,博物馆,https://r1.visitbeijing.com.cn/vbj-s/2015/0731/20150731025434540.jpg,1,,
874,国家动物博物馆,scenic,博物馆/展览馆,北京市,这里适合带孩子来，因为标本很多，有很多在动物园是看不到的，可以近距离观看。,3.3,3.7,博物馆,https://r1.visitbeijing.com.cn/vbj-s/2015/0731/20150731020735876.jpg,1,,
875,水立方（国家游泳中心）,scenic,体育场馆,北京市,创意奇特的膜结构，五颜六色的肥皂泡组合，与国家体育场相望于中轴线两侧，成为北京永恒的经典。,6.4,3.8,体育场馆|地标建筑|奥运遗产|游泳|水上运动|网红打卡,https://r1.visitbeijing.com.cn/vbj-s/2015/1124/20151124053439506.jpg,1,,
876,鸟巢（国家体育场）,scenic,体育场馆,北京市,08年北京奥运会主体育场，外形像个鸟巢，如果你晚上开着车在京城里兜风，可以到这儿来看看夜景。,6.7,3.9,体育场馆|地标建筑|奥运遗产|运动健身,https://r1.visitbeijing.com.cn/vbj-s/2015/1124/20151124052152566.jpg,1,,
877,北京奥林匹克公园射箭场,scenic,体育场馆,北京市,“V”字形的场地、高高的看台，黄色的座椅，绿色的草地，令人产生百步穿杨的遐想。,2.6,4.4,休闲娱乐|体育场馆|地标建筑|城市公园|奥运遗产|运动健身,https://r1.visitbeijing.com.cn/vbj-s/2015/0730/20150730104333230.jpg,1,,
878,北京工人体育场,scenic,体育场馆,北京市,北京国安联赛主场地，工体一直是国安的福地，当年的“工体不败”神话至今让人难忘。,2.5,4.6,体育场馆|运动健身,https://r1.visitbeijing.com.cn/vbj-s/2016/1123/20161123040344723.jpg,1,,
879,水立方嬉水乐园,scenic,主题乐园,北京市,水上亲子乐园的天堂，亚洲最大的室内嬉水乐园，全年智能温控系统，为游客提供了人体感觉最舒适的水温。,7.4,3.6,体育场馆|地标建筑|奥运遗产|运动健身,https://r1.visitbeijing.com.cn/vbj-s/2012/1207/20121207042717302.jpg,1,,
880,太古里（原三里屯Village）,scenic,商业街区,北京市,北京最潮，最in，最fashion的聚集地，身为潮人的人怎能错过。,7.6,4.7,商业街区|网红打卡|购物美食,https://r1.visitbeijing.com.cn/vbj-s/2015/0727/20150727111247890.jpg,1,,
881,元大都城垣遗址公园,scenic,历史古迹,北京市,海棠笑迎客 留步看花溪，海棠花节是元大都遗址公园每年一次的踏青赏花节，海棠花花期一般是4月中旬-4月下旬，公园中的七大景区无不体现出历史文化的神韵。,7.7,3.7,历史文化|考古|遗址|遗址公园,https://r1.visitbeijing.com.cn/vbj-s/2015/1201/20151201042940580.jpg,1,,
882,北京中华民族博物院,scenic,主题乐园,北京市,北京中华民族博物院是一座复原、收藏、陈列和研究中国56个民族文化、文物、社会生活的大型人类学博物院，按少数民族风格，真实再现出各个民族的文化遗存。,4.5,4.4,博物馆|民族文化|民族风情|主题公园,https://r1.visitbeijing.com.cn/vbj-s/2015/1201/20151201060630514.jpg,1,,
883,中国科学技术馆,scenic,博物馆/展览馆,北京市,中国科技馆（新馆）是我国唯一的国家综合性科技馆，是周末家长带孩子去玩的好地方，可以让孩子动手动脑亲身体验，加深对科学的理解和感悟。,5.5,4.4,科技馆|科普教育|博物馆|互动体验,https://r1.visitbeijing.com.cn/vbj-s/2015/1130/20151130052302860.jpg,1,,
884,世贸天阶,scenic,商业街区,北京市,美食、娱乐、空间艺术、时尚，以满足看、听、嗅、味、触的全感官之旅的休闲购物场所。,3.2,3.8,商业街区|购物|餐饮|娱乐|地标建筑,https://r1.visitbeijing.com.cn/vbj-s/2015/0730/20150730043127463.jpg,1,,
885,秀水街,scenic,商业街区,北京市,秀水街，来京必逛一景，看外国美女帅哥聚集地。,2.9,4.3,商业街区|购物|外贸服装|网红打卡,https://r1.visitbeijing.com.cn/vbj-s/2015/0730/20150730034826726.jpg,1,,
886,中央电视台,scenic,城市公园,北京市,中央电视台新楼被称“大裤衩”，虽非议重重，但它成为北京市重要的标志性建筑和重要的文化景观。,4.2,4.2,媒体|电视|地标建筑|现代建筑,https://r1.visitbeijing.com.cn/vbj-s/2015/0730/20150730030246651.jpg,1,,
887,蟹岛绿色生态农庄,scenic,农业观光,北京市,“前店后园”的布局别具一格，整个园区分四大块：种植园区、养殖园区、科技园区和旅游度假园区。,3.9,4,亲子互动|农业观光|采摘体验,https://r1.visitbeijing.com.cn/vbj-s/2015/1203/20151203041733215.jpg,1,,
888,观复古典艺术博物馆,scenic,博物馆/展览馆,北京市,观复博物馆是新中国第一家私立博物馆。它被誉为民间的“聚宝盆”。,6.7,3.5,博物馆|艺术展览,https://r1.visitbeijing.com.cn/vbj-s/2012/1206/20121206050905569.jpg,1,,
889,中国工艺美术馆,scenic,博物馆/展览馆,北京市,中国工艺美术源远流长，在历史发展的长河里，放射出璀璨的光芒，是人类文化艺术宝库中的一枝瑰宝。,5.5,4.5,手工艺|文创园区|文化体验|美术馆/艺术馆|艺术展览|非遗体验,https://r1.visitbeijing.com.cn/vbj-s/2025/1114/7dd1705664b729af406c9cce403f48a1.jpg,1,,
890,北京东岳庙,scenic,宗教场所,北京市,东岳庙距今已有六百多年的历史，元末毁于战火，后经多次扩建，有华北第一道观之称。,3.3,4,道教|宗教建筑,https://r1.visitbeijing.com.cn/vbj-s/2012/1207/20121207013925966.jpg,1,,
891,国家体育馆,scenic,体育场馆,北京市,国家体育馆以中国“折扇”为设计灵感，采取由南向北的波浪式造型，屋面轻盈而富于动感。,1.5,3.8,体育场馆|运动健身,https://r1.visitbeijing.com.cn/vbj-s/2015/0729/20150729012324872.jpg,1,,
892,三里屯酒吧街,scenic,商业街区,北京市,北京最热闹的酒吧街，泡吧、喝酒看美女一个都不能少！,2.4,3.8,商业街区|网红打卡|购物美食,https://r1.visitbeijing.com.cn/vbj-s/2012/1206/20121206112135304.jpg,1,,
893,朝阳公园沙滩排球场,scenic,城市公园,北京市,北京奥运会期间承担沙滩排球比赛，现每年夏天会举行沙滩节，想体会性感火辣的沙滩排球？还等什么？,4.7,4.3,休闲娱乐|城市公园,https://r1.visitbeijing.com.cn/vbj-s/2015/0729/20150729093546563.jpg,1,,
894,奥林匹克公园曲棍球场,scenic,体育场馆,北京市,北京奥运会期间承担曲棍球比赛的场馆。,3,3.9,休闲娱乐|体育场馆|地标建筑|城市公园|奥运遗产|运动健身,https://r1.visitbeijing.com.cn/vbj-s/2015/0728/20150728050449848.jpg,1,,
895,国家会议中心击剑馆,scenic,体育场馆,北京市,国家会议中心击剑馆在奥运会期间承担击剑的全部赛事，现已改建成为大会堂。而国家会议中心也是场馆改造极其成功的典范。,2.1,3.6,体育场馆|奥运遗产|运动健身,https://r1.visitbeijing.com.cn/vbj-s/2015/0728/20150728043432913.jpg,1,,
896,英东游泳馆,scenic,体育场馆,北京市,为亚运会兴建的场馆，08年奥运会期间水球和现代五项的场馆，现开放为广大民众服务。,4.9,3.7,体育场馆|运动健身,https://r1.visitbeijing.com.cn/vbj-s/2015/0728/20150728040116813.jpg,1,,
897,北京工人体育馆,scenic,体育场馆,北京市,上世纪50年代的十大建筑之一，现更多的作为演唱会等演出的举办场所继续为大众服务。,4.9,3.5,体育场馆|运动健身,https://r1.visitbeijing.com.cn/vbj-s/2015/0728/20150728023706297.jpg,1,,
898,奥体中心体育场,scenic,体育场馆,北京市,北京奥运会期间承担现代五项等项目比赛的场馆，现已成为广大人民群众强身健体的好去处。,6.4,4.4,体育场馆|地标建筑|运动健身,https://r1.visitbeijing.com.cn/vbj-s/2015/0728/20150728014319954.jpg,1,,
899,奥林匹克公园网球中心,scenic,体育场馆,北京市,北京奥运会期间网球项目的举办场地，显然这一个理由对于网球迷来说就足够了。,1.6,3.7,体育场馆|地标建筑|奥运遗产|运动健身,https://r1.visitbeijing.com.cn/vbj-s/2015/0728/20150728114253352.jpg,1,,
900,潘家园旧货市场,scenic,商业街区,北京市,潘家园旧货市场是全国最大的旧货市场，充斥着真真假假的字画，又有着古玩圈的恩恩怨怨。,4.5,4.4,特色集市|古玩|文化,https://r1.visitbeijing.com.cn/vbj-s/2012/1206/20121206025732761.jpg,1,,
901,金祖山风景区,scenic,自然景区,北京市,金祖山风景区位于北京市房山区周口店镇车厂村，距北京西四环48公里，主峰海拔1080米。,2.7,4.7,山地风光|自然景观,https://r1.visitbeijing.com.cn/vbj-s/2017/1219/20171219050333877.jpg,1,,
902,张坊镇西白岱猕猴桃观光采摘园,scenic,农业观光,北京市,,1.4,3.9,亲子互动|农业观光|采摘体验,https://r1.visitbeijing.com.cn/vbj-s/2016/1226/20161226104247509.jpg,1,,
903,中国磨盘柿第一村,scenic,农业观光,北京市,,2.5,4.4,农业观光|采摘体验|乡村|民俗,https://r1.visitbeijing.com.cn/vbj-s/2016/1223/20161223023812781.jpg,1,,
904,夏场温室葡萄采摘园,scenic,农业观光,北京市,本地特产草莓，葡萄 采摘时间大致是一月至四月可以采摘草莓 五月至十月是葡萄采摘期,2,4.1,亲子互动|农业观光|葡萄采摘|采摘体验,https://r1.visitbeijing.com.cn/vbj-s/2016/1223/20161223023236590.jpg,1,,
905,紫竹园薄壳香核桃观光园,scenic,农业观光,北京市,,1.2,4.4,亲子互动|农业观光|采摘体验,https://r1.visitbeijing.com.cn/vbj-s/2016/1223/20161223021858304.jpg,1,,
906,南窖乡花港桃园,scenic,农业观光,北京市,南窖乡花港桃园位于房山区南窖乡花港村，花港村位于房山区北部深山区，距北京55公里、108国道1公里，距乡政府8公里，区级公路红南路贯穿全村。,1.7,4.6,农业观光|采摘体验,https://r1.visitbeijing.com.cn/vbj-s/2016/1223/20161223110432358.jpg,1,,
907,大石窝镇三岔菱枣采摘园,scenic,农业观光,北京市,观光园受惠于大自然造化和历史传承，山川秀美，人文荟萃，旅游资源云居古刹、世所罕见。,6.8,3.7,亲子互动|农业观光|采摘体验,https://r1.visitbeijing.com.cn/vbj-s/2016/1223/20161223105956642.jpg,1,,
908,北京长阳云海采摘园,scenic,农业观光,北京市,,1.4,4.4,亲子互动|农业观光|采摘体验,https://r1.visitbeijing.com.cn/vbj-s/2016/1223/20161223105313923.jpg,1,,
909,天亦园民族旅游观光园,scenic,农业观光,北京市,,1.3,4.6,亲子互动|农业观光|采摘体验,https://r1.visitbeijing.com.cn/vbj-s/2016/1222/20161222022719415.jpg,1,,
910,龙山森林公园,scenic,森林/湿地公园,北京市,,1.8,4.5,森林公园|自然生态,https://r1.visitbeijing.com.cn/vbj-s/2016/1212/20161212031708801.jpg,1,,
911,南洛村森林公园,scenic,森林/湿地公园,北京市,,2,3.7,森林公园|自然生态,https://r1.visitbeijing.com.cn/vbj-s/2016/1208/20161208021217127.jpg,1,,
912,双泉河公园,scenic,城市公园,北京市,,2,4.3,休闲娱乐|城市公园,https://r1.visitbeijing.com.cn/vbj-s/2016/1208/20161208020158573.jpg,1,,
913,中国版图教育公园,scenic,城市公园,北京市,中国版图教育公园位于北京市房山区窦店镇瓦窑头村，总面积25500平方米，其主体内容为中国地图面积为7031平方米，是目前中国最大的国土疆域版图。,3.4,4.3,休闲娱乐|城市公园,https://r1.visitbeijing.com.cn/vbj-s/2016/1208/20161208112038576.jpg,1,,
914,燕山宏塔公园,scenic,城市公园,北京市,,1.4,4.4,休闲娱乐|历史遗迹|城市公园|文化遗产|石刻艺术,https://r1.visitbeijing.com.cn/vbj-s/2016/1207/20161207043238562.jpg,1,,
915,府前广场,scenic,城市公园,北京市,,4.2,3.6,公共活动空间|城市广场,https://r1.visitbeijing.com.cn/vbj-s/2016/1207/20161207042548198.jpg,1,,
916,北潞园健身公园,scenic,城市公园,北京市,北潞园健身公园始建于2003年，位于北潞园小区西侧，占地64526平方米，绿化面积30526平方米，中心湖面积5000平方米。,5.2,4,休闲娱乐|城市公园,https://r1.visitbeijing.com.cn/vbj-s/2016/1207/20161207042037565.jpg,1,,
917,兰花文化休闲公园,scenic,城市公园,北京市,,6.6,3.7,休闲娱乐|城市公园,https://r1.visitbeijing.com.cn/vbj-s/2016/1129/20161129020850425.jpg,1,,
918,长沟向日葵主题公园,scenic,城市公园,北京市,房山区长沟镇2010年种植了1000亩向日葵，紧邻房易路，成为郊区最大面积连片种植的向日葵花海。,2.2,4.2,休闲娱乐|城市公园,https://r1.visitbeijing.com.cn/vbj-s/2016/1123/20161123040157531.jpg,1,,
919,石花洞鸟语林,scenic,森林/湿地公园,北京市,鸟语林位于石花洞山体北侧，是国内最大的自然放养鸟林，三面环山，一面临水，植物茂密，木种繁多，果树满山，奇花异草让人目不暇接，空气清新，没有污染，素有“天然氧吧”之称。,3.2,4.5,森林公园|自然生态,https://r1.visitbeijing.com.cn/vbj-s/2016/1019/20161019111236401.jpg,1,,
920,房山长阳湿地公园,scenic,森林/湿地公园,北京市,长阳公园位于北京市房山区，也叫房山新城滨水森林公园。,3.7,4.4,湿地公园|观鸟,https://r1.visitbeijing.com.cn/vbj-s/2016/1017/20161017113648558.jpg,1,,
921,青龙湖水上公园,scenic,城市公园,北京市,青龙湖水上公园在北京市的房山，前身是崇青水库，有“北京的小海滨”的美称。,3,4.2,休闲垂钓|休闲娱乐|城市公园|水域风光|自然景观,https://r1.visitbeijing.com.cn/vbj-s/2016/0927/20160927034205667.png,1,,
922,蒲洼乡旅游景区,scenic,度假休闲,北京市,北京市房山区蒲洼乡位于北京西南方向，距市区120公里，东与霞云岭乡红色旅游基地堂山村相邻，南与素有小桂林之称的十渡风景区毗邻，西与国家级野三坡风景区的九龙景区接壤，北与河北省九龙镇南边桥村交界。,4.6,3.6,乡村旅游|古镇古村|民俗风情,https://r1.visitbeijing.com.cn/vbj-s/2016/0819/20160819060321113.png,1,,
923,北京云泽山庄,scenic,度假休闲,北京市,青山野渡，百里画廊”——云泽山庄依托十渡奇山秀水、苗侗笙歌，得享“京西南第一度假村”的美誉。,5.9,4.1,住宿服务|酒店,https://r1.visitbeijing.com.cn/vbj-s/2016/0815/20160815104542480.bmp,1,,
924,凯悦莱温泉,scenic,度假休闲,北京市,"北京凯悦莱温泉会议中心隶属于北京房山区燃气开发中心,是一家集会议、客房、餐饮、休闲度假、健身娱乐、温泉泡池洗浴及商务社交于一体的四星级综合性温泉度 假酒店。",1.5,4.3,休闲度假|温泉康养,https://r1.visitbeijing.com.cn/vbj-s/2016/0815/20160815102008717.bmp,1,,
925,芦子水天璇景区,scenic,自然景区,北京市,“天旋”位于房山蒲洼乡芦子水村西南一条名叫“大游龙沟”的沟内，总深度30余米，上部直径南北40米，东西窄约16米，下部直径10米。,4,4.8,亲水|水域风光,https://r1.visitbeijing.com.cn/vbj-s/2016/0714/20160714043333381.jpg,1,,
926,北京天开寺景区,scenic,宗教场所,北京市,"天开寺位於北京市房山区韩村河镇岳各庄龙门生态园内，它不仅是北京境内现存历史最悠久的古刹之一,距今己近2000年的历史，也是释迦牟尼佛舍利出 土的圣地。",4.3,4.6,佛教|宗教建筑,https://r1.visitbeijing.com.cn/vbj-s/2016/0714/20160714112942388.jpg,1,,
927,龙仙宫旅游景区,scenic,自然景区,北京市,龙仙宫旅游景区位于北京市房山区张坊镇东关村龙泉寺沟、与仙栖洞一岭之隔。洞口海拔高度510米。,2.7,4.4,溶洞|地质奇观|自然景观|山地风光,https://r1.visitbeijing.com.cn/vbj-s/2016/0704/20160704060307238.png,1,,
928,八渡环山漂流,scenic,自然景区,北京市,八渡环山漂流位于北京房山区国家地质公园十渡园区核心位置——八渡麒麟山,5.9,4.5,山地风光|自然景观,https://r1.visitbeijing.com.cn/vbj-s/2016/0602/20160602044722131.jpg,1,,
929,贾河京白梨大家族主题公园,scenic,农业观光,北京市,主题公园的北侧，树立着：“京白梨大家族主题公园”的大牌子，仿生态大门一年四季春意盎然的迎接着游客，走入梨园，枝头上一片银白，枝干苍郁，花朵莹润，素洁中别有一番清丽。,1.1,3.8,休闲娱乐|城市公园,https://r1.visitbeijing.com.cn/vbj-s/2016/0316/20160316034224659.jpg,1,,
930,长阳公园,scenic,城市公园,北京市,长阳公园为市民休闲、游憩、健身提供了理想的场所，该园2013年被北京市园林绿化局评为市级 “精品公园”。,1.1,4.5,休闲娱乐|城市公园,https://r1.visitbeijing.com.cn/vbj-s/2016/0316/20160316014224744.jpg,1,,
931,长沟湿地公园,scenic,森林/湿地公园,北京市,长沟湿地是由长沟地区众多泉水汇集而成，包含有南、北泉水河，龙泉湖，稻田等湿地类型。,3.3,4.2,湿地公园|观鸟,https://r1.visitbeijing.com.cn/vbj-s/2016/0316/20160316010833965.jpg,1,,
932,长阳体育公园,scenic,城市公园,北京市,长阳体育公园坐落于文化古镇长阳镇军留庄村。这里空气清新，风景迷人，院内的民国雕刻石和唐朝石碾等体现了公园浓厚的历史气息。,3.4,3.6,休闲娱乐|城市公园,https://r1.visitbeijing.com.cn/vbj-s/2015/0914/20150914030903760.jpg,1,,
933,房山燕怡园,scenic,自然景区,北京市,全园遵循“生态、景观、文化、运动”的规划原则，既秉承了中国传统园林的造园风格，又体现了燕山的城市现代气息，是一座景观优美、功能完备的开放式公园。,3.2,3.9,山地风光|自然景观,https://r1.visitbeijing.com.cn/vbj-s/2015/0914/20150914025016255.jpg,1,,
934,燕华园,scenic,城市公园,北京市,燕华园是一座具有中国传统风格的古典园林建筑。其内为园中园——玉兰迎客院。,3,3.8,休闲娱乐|城市公园|古典园林|园林建筑,https://r1.visitbeijing.com.cn/vbj-s/2015/0910/20150910043041715.jpg,1,,
935,燕山公园,scenic,城市公园,北京市,燕山公园是燕山地区唯一的大型综合性区域公园，从凌空长廊和巍峨的燕龙亭上，可以鸟瞰燕山卫星城的全貌。,5.1,4,休闲娱乐|城市公园,https://r1.visitbeijing.com.cn/vbj-s/2015/0910/20150910040518721.jpg,1,,
936,韩村河公园,scenic,城市公园,北京市,这里环境优美、景色宜人，大理石雕刻的水光桥、生辉桥如玉砌飞虹，横跨南北。沙滩湖、发水湖烟波浩淼、水域相连。,3.7,4.4,休闲娱乐|城市公园,https://r1.visitbeijing.com.cn/vbj-s/2015/0910/20150910034939660.jpg,1,,
937,朝曦公园,scenic,城市公园,北京市,朝曦公园是房山区城关地区第一座公园，始建于1984年，地处房山区城关东沙河西岸,1.7,4.4,休闲娱乐|城市公园,https://r1.visitbeijing.com.cn/vbj-s/2015/0910/20150910033850796.jpg,1,,
938,十渡天河谷高山滑水,scenic,自然景区,北京市,“天河谷”高山滑水，滑道全长2公里，落差178米，途中大型戏水池4个，急速弯道，激流叠差20余处,4.1,3.6,亲水|山地风光|水域风光|自然景观,https://r1.visitbeijing.com.cn/vbj-s/2015/0824/20150824042804203.jpg,1,,
939,北京草根堂农场,scenic,农业观光,北京市,稻草人青少年户外科普基地隶属于草根堂农场， 在教室里为您和孩子准备了亲子创意手工烘焙课程,2.9,4.3,亲子互动|农业观光|采摘体验,https://r1.visitbeijing.com.cn/vbj-s/2015/0818/20150818015201619.jpg,1,,
940,白水寺森林公园,scenic,森林/湿地公园,北京市,白水寺森林公园巍峨古寺掩映在苍松翠柏之间，蜿蜒曲径盘桓在花丛中，满山红叶与璀璨朝霞交织、鸟雀啼转与铁马长鸣协奏。,3.5,4.5,佛教|宗教建筑|森林公园|自然生态,https://r1.visitbeijing.com.cn/vbj-s/2013/0507/20130507014928267.jpg,1,,
941,圣泉公园,scenic,城市公园,北京市,四周被翠树环抱的圣泉公园，湖中碧波荡漾，水岸花草飘香，河豚、玉带桥、凉亭、四季花园设计精妙，独具匠心，充满着文化气息。,1.7,4.4,休闲娱乐|城市公园,https://r1.visitbeijing.com.cn/vbj-s/2013/0507/20130507102238750.jpg,1,,
942,贾公祠公园,scenic,城市公园,北京市,贾公祠公园祠内重塑了贾岛的塑像，精心创作了贾岛生平的壁画，再现了贾公祠的庄严，是传承中国历史文化的名园圣地。,2,4.2,休闲娱乐|城市公园,https://r1.visitbeijing.com.cn/vbj-s/2013/0507/20130507094317342.jpg,1,,
943,房山区迎宾公园,scenic,城市公园,北京市,迎宾公园绿化率92.4%。共有树木3332株，乔灌草结合种植，并配植宿根花卉，形成公园三季有花、四季常绿的美好园林景观。,5.4,3.7,休闲娱乐|城市公园,https://r1.visitbeijing.com.cn/vbj-s/2013/0506/20130506112542108.jpg,1,,
944,昊天公园,scenic,城市公园,北京市,昊天公园是人们旅游的好去处，不论春夏秋冬来此，或登高怀古，或求运祈福，或休闲娱乐，或曲径寻幽，均可给人平添无穷的欢乐和幸福。,1.8,3.8,休闲娱乐|城市公园,https://r1.visitbeijing.com.cn/vbj-s/2013/0506/20130506101824707.jpg,1,,
945,提香高尔夫俱乐部,scenic,体育场馆,北京市,在高级楼盘和山水之间的中心绿地打高尔夫，给人无比舒服又畅快的感受,5.5,3.5,体育场馆|体育运动|运动健身|高尔夫|高端休闲,https://r1.visitbeijing.com.cn/vbj-s/2015/0511/20150511051126923.jpg,1,,
946,北京鑫湖苑观光园,scenic,农业观光,北京市,生态美食、旅游观光、休闲娱乐样样全，一年四季都可以观赏到亚热带植物，休闲度假好去处。,4.5,3.6,亲子互动|休闲垂钓|农业观光|水域风光|自然景观|采摘体验,https://r1.visitbeijing.com.cn/vbj-s/2012/1205/20121205055359246.jpg,1,,
947,孤山寨自然风景区,scenic,自然景区,北京市,大瀑布、千年古河床、铁索桥、一线天，植被茂盛，绿荫葱葱，怪石嶙峋，是个不错的消暑散心之地。,3.2,3.6,古镇古村|山地风光|民俗风情|自然景观,https://r1.visitbeijing.com.cn/vbj-s/2012/1207/20121207051425682.jpg,1,,
948,东湖港大峡谷风景区,scenic,自然景区,北京市,这里山美、林美、水更美。奇特的“三叠瀑布”自女儿泉急流直下，水雾随风飘落，如银河般挂在峭壁上。,2.7,4.1,休闲垂钓|水域风光|自然景观,https://r1.visitbeijing.com.cn/vbj-s/2015/0804/20150804041845959.jpg,1,,
949,富恒农业观光园,scenic,农业观光,北京市,让我们远离城市的喧闹，到富恒农业观光园认养一份属于自己的土地吧！种出属于自己的真正绿色蔬菜，既锻炼了身体又找到了乐趣。,2.7,3.8,亲子互动|农业观光|采摘体验,https://r1.visitbeijing.com.cn/vbj-s/2015/0511/20150511051415617.jpg,1,,
950,北京铁瓦寺,scenic,宗教场所,北京市,铁瓦寺，顾名思义就是用铁制的瓦片覆盖房屋顶部的寺院建筑，房山这个铁瓦寺是最保护最完好的一个。,1.6,4.4,佛教|宗教建筑,https://r1.visitbeijing.com.cn/vbj-s/2012/1206/20121206025451861.jpg,1,,
951,北京石经山,scenic,自然景区,北京市,这里不仅是房山石经刊刻起源之处，也是佛祖舍利出土之处，4196块隋唐石经为国之重宝。,1.5,3.6,山地风光|自然景观,https://r1.visitbeijing.com.cn/vbj-s/2012/1206/20121206024500138.jpg,1,,
952,北京京辉高尔夫俱乐部,scenic,体育场馆,北京市,球场总体处于平缓的起伏中，在以平坦球场为主的北京独树一帜，让人尽享挥杆乐趣。,4.5,4.1,体育场馆|体育运动|运动健身|高尔夫|高端休闲,https://r1.visitbeijing.com.cn/vbj-s/2015/0511/20150511043438385.jpg,1,,
953,北京云居滑雪场,scenic,体育场馆,北京市,"雪场毗邻千年古刹——云居寺，有种依偎在太行怀抱的感觉,还有云中漫步般的舒适与惬意哟。",2.3,4.7,体育场馆|冬季运动|滑雪|运动健身,https://r1.visitbeijing.com.cn/vbj-s/2012/1208/20121208015349139.jpg,1,,
954,十渡金沙乐园,scenic,自然景区,北京市,"这里山奇水秀、峰林叠翠,河岸绿柳成荫,金沙漫漫,迷人的山野风光让人流连忘返，乐不思归。",5.1,4.7,观光景点,https://r1.visitbeijing.com.cn/vbj-s/2016/0622/20160622112955415.jpg,1,,
955,将军坨风景区,scenic,自然景区,北京市,在河北镇檀木港村北有座山，它像一个将军帽子，故称将军坨。,4.8,3.9,观光景点,https://r1.visitbeijing.com.cn/vbj-s/2012/1218/20121218020441503.jpg,1,,
956,琉璃河商周遗址,scenic,历史古迹,北京市,"遗址东西长3.5公里，南北宽1.5公里。20世纪40年代发现。1962年进一步调查并试掘,1972年开始发掘。",3.4,3.9,历史文化|考古|遗址,https://r1.visitbeijing.com.cn/vbj-s/2012/1210/20121210101604385.jpg,1,,
957,上方山云水洞,scenic,自然景区,北京市,上方山古称六聘山，是大房山的支脉，主峰海拔880米，山势陡峭，古柏苍郁。,1.4,4.2,亲水|山地风光|水域风光|自然景观,https://r1.visitbeijing.com.cn/vbj-s/2012/1208/20121208052732985.jpg,1,,
958,北京市西周燕都遗址博物馆,scenic,博物馆/展览馆,北京市,楼阁式建筑，仿唐风格。馆内有展厅、文物库和二处墓葬处，二处车马坑。,4.4,4.5,博物馆|历史文化|考古|遗址,https://r1.visitbeijing.com.cn/vbj-s/2015/0511/20150511052122294.jpg,1,,
959,一瀑山庄,scenic,度假休闲,北京市,北京一瀑山庄农家乐隶属于北京金瑞华茂商贸有限公司。北京一瀑山庄农家乐位于密云县著名的京都第一瀑自然风景区牌楼内是一家集住宿、餐饮、娱乐为一体综合休闲中心！,7.9,3.6,住宿服务|酒店,https://r1.visitbeijing.com.cn/vbj-s/2017/0808/20170808125042524.jpg,1,,
960,云景山庄,scenic,度假休闲,北京市,北京云景山庄，依山傍水，环境优美，四十亩的水面，六十亩的种植园，瓜果蔬菜一应俱全。四和院式 餐厅格局与众不同，厅内宽敞，洁净，装修简约实用。,2.6,4.6,住宿服务|酒店,https://r1.visitbeijing.com.cn/vbj-s/2017/0808/20170808010333760.jpg,1,,
961,黄梁根金鱼泉,scenic,自然景区,北京市,,3.1,3.5,亲水|水域风光,https://r1.visitbeijing.com.cn/vbj-s/2017/0605/20170605020227473.jpg,1,,
962,番字牌村,scenic,历史古迹,北京市,番字牌村群山环绕、岩石突兀、岩壁陡峭，附近山上的峰火台，孤独耸立，别有古代边塞的风光。,1.6,3.9,古村落|民俗|乡村|石刻,https://r1.visitbeijing.com.cn/vbj-s/2017/0605/20170605014046553.jpg,1,,
963,白马关城堡,scenic,历史古迹,北京市,白马关城堡是密云冯家峪八景之一。,8.9,4.3,长城|军事建筑|历史遗迹|明代建筑,https://r1.visitbeijing.com.cn/vbj-s/2017/0605/20170605113502655.jpg,1,,
964,白马关水关遗址,scenic,历史古迹,北京市,白马关城堡坐落在密云北部山区的白马川之中。,9.5,3.8,历史遗址|长城遗址|考古|登山徒步,https://r1.visitbeijing.com.cn/vbj-s/2017/0526/20170526040402519.jpg,1,,
965,寿仙岛,scenic,自然景区,北京市,不老仙居寿仙岛。,5.5,3.8,岛屿|水域风光|自然景观,https://r1.visitbeijing.com.cn/vbj-s/2017/0526/20170526040130924.jpg,1,,
966,时光公园,scenic,城市公园,北京市,,1.4,3.8,休闲娱乐|城市公园,https://r1.visitbeijing.com.cn/vbj-s/2016/1209/20161209041353103.jpg,1,,
967,白乙化烈士纪念馆,scenic,纪念馆/名人故居,北京市,,3.7,4.6,纪念馆|烈士|抗日|红色旅游|革命历史,https://r1.visitbeijing.com.cn/vbj-s/2016/1130/20161130011908814.jpg,1,,
968,黍谷山风景区,scenic,自然景区,北京市,局部山坳及沟谷内因受山地小气候影响，气温相对偏高，节气略早，是山区较好的农耕区，山以此得名，取黍谷丰收之意。旧有“黍谷回春”之说，为“密云八景”之一。,6,4.4,山地风光|自然景观,https://r1.visitbeijing.com.cn/vbj-s/2016/1122/20161122105839477.jpg,1,,
969,飞鸿世纪公园,scenic,城市公园,北京市,飞鸿世纪园以雕塑为主的广场公园，占地面积3.8公顷。公园整体错落有致，简洁明快，质朴庄重，挺拔坚毅，体现出力量之美、充分明确密云人民进入新世纪，人、自然、时间的主题观念。,5.5,3.6,休闲娱乐|城市公园,https://r1.visitbeijing.com.cn/vbj-s/2016/0930/20160930015346195.png,1,,
970,密云奥林匹克公园,scenic,城市公园,北京市,密云奥林匹克公园是密云占地面积最大的公园，有城市内河--白河穿流其中，夜景照明很漂亮，河岸两边有各种健身器材。,2.5,4.1,休闲娱乐|体育场馆|地标建筑|城市公园|奥运遗产|运动健身,https://r1.visitbeijing.com.cn/vbj-s/2016/0926/20160926033847781.png,1,,
971,白河郊野公园,scenic,城市公园,北京市,白河郊野公园是集会议、旅游、度假、餐饮于一体的自然风景区。,2,4.4,休闲娱乐|城市公园,https://r1.visitbeijing.com.cn/vbj-s/2016/0908/20160908040102733.jpg,1,,
972,蟠龙山长城,scenic,历史古迹,北京市,蟠龙山长城风景区蟠龙山长城风景区位于具有燕京门户之称的密云古北口镇，建于1680年的古御道镇域内长城由卧虎山长城、蟠龙山长城、司马台长城组成。,9.8,4.7,世界遗产|摄影打卡|登山徒步|长城段,https://r1.visitbeijing.com.cn/vbj-s/2021/0924/20210924172128173.jpg,1,,
973,北京奥仪凯源蔬菜种植采摘园,scenic,农业观光,北京市,"北京奥仪凯源蔬菜种植采摘园这里的大棚草莓新鲜、香甜、艳丽,含糖量高,都能赶上沙糖桔的甜度了。",3.4,4,亲子互动|农业观光|采摘体验,https://r1.visitbeijing.com.cn/vbj-s/2016/0802/20160802013701608.jpg,1,,
974,北京首云铁矿公园,scenic,城市公园,北京市,首云国家矿山公园是国家矿山公园，距离北京市区67公里。首云国家矿山公园以矿业旅游为主轴,6.2,3.6,休闲娱乐|城市公园,https://r1.visitbeijing.com.cn/vbj-s/2016/0725/20160725032115760.png,1,,
975,云蒙山森林公园,scenic,森林/湿地公园,北京市,云蒙山国家森林公园，位于北京市密云县西北部，总面积2208公顷，全部为天然次生林区，森林覆盖率95%。,1.8,3.6,森林公园|自然生态,https://r1.visitbeijing.com.cn/vbj-s/2016/0725/20160725022108300.png,1,,
976,雾灵山龙潭景区,scenic,自然景区,北京市,雾灵山龙潭景区位于密云县东北部与河北省兴隆县交界处的雾灵山西麓，延龙潭景区前行可直达雾灵山主峰。,2.9,4.8,亲水|山地风光|水域风光|自然景观,https://r1.visitbeijing.com.cn/vbj-s/2016/0725/20160725123741748.png,1,,
977,康顺达开心农场,scenic,农业观光,北京市,北京康顺达农业科技有限公司是一家民营高科技农业企业，公司成立于2009年7月22日，注册地北京密云县河南寨镇密顺路18号产业基地，规划占地面积2000亩，注册资本金2000万元，计划总投资1.2亿元。,1.3,3.9,亲子互动|农业观光|采摘体验,https://r1.visitbeijing.com.cn/vbj-s/2016/0719/20160719022442684.jpg,1,,
978,密虹公园,scenic,城市公园,北京市,公园新建鼓楼1座，双檐明清石亭一座，双檐木质亭一座，檀州石桥一座，云虹跨河钢桥一座，园内有石羊、石鹿、石虎、凤凰、母子读书、嫦娥奔月等12尊雕像。,5.4,4.5,休闲娱乐|城市公园,https://r1.visitbeijing.com.cn/vbj-s/2015/0911/20150911040157449.jpg,1,,
979,奥林匹克健身公园,scenic,城市公园,北京市,公园以全民健身为主要内容，设有雕塑、广场、甬路，配备多种健身器材，建有老年门球场、篮球场、网球场等。,2.5,3.6,休闲娱乐|体育场馆|地标建筑|城市公园|奥运遗产|运动健身,https://r1.visitbeijing.com.cn/vbj-s/2015/0911/20150911035129732.jpg,1,,
980,法制公园（原宾阳公园）,scenic,城市公园,北京市,法制公园把一部纵观历史、横通中外的法制百科全书融于97蹲雕塑之中，是迄今为止全国唯一一座以法制建设为主题的公园。,1.8,4.3,休闲娱乐|城市公园,https://r1.visitbeijing.com.cn/vbj-s/2015/0911/20150911031647961.jpg,1,,
981,白河公园,scenic,城市公园,北京市,公园以碧波荡漾、亭台掩映、花木繁茂、环境清幽为特色。白河公园的主体建筑为望潮亭、留云亭、邀月亭。,1.2,4.1,休闲娱乐|城市公园,https://r1.visitbeijing.com.cn/vbj-s/2015/0911/20150911025213272.jpg,1,,
982,太扬公园,scenic,城市公园,北京市,太扬公园占地面积1.26公顷，绿化覆盖率为72%。公园以植物造景为主，春有花，夏有荫，秋有果，冬有绿;以建筑景观园林建筑,3.1,4.8,休闲娱乐|城市公园,https://r1.visitbeijing.com.cn/vbj-s/2015/0911/20150911023859877.jpg,1,,
983,吾优吾绿生态农庄,scenic,农业观光,北京市,生态农庄所有蔬菜均获绿色食品认证，风味好不好，舌尖自知道!,1.3,3.8,亲子互动|农业观光|采摘体验,https://r1.visitbeijing.com.cn/vbj-s/2015/0818/20150818034615685.jpg,1,,
984,密云人间花海,scenic,自然景区,北京市,一花的海洋，四季薰衣草、马鞭草、香水草、硫华菊等20余种鲜花，构成不同颜色的方阵，争相怒放。,1.2,4.4,花海|赏花,https://r1.visitbeijing.com.cn/vbj-s/2016/0624/20160624105511734.jpg,1,,
985,北京金地庄园,scenic,度假休闲,北京市,东临千年古迹冶仙塔，西临长城公园，北临云佛山，是三面环山，一面向水的绝佳休闲之地,9.4,3.6,住宿服务|酒店,https://r1.visitbeijing.com.cn/vbj-s/2013/0510/20130510100958189.jpg,1,,
986,奥擂国际野外运动俱乐部,scenic,体育场馆,北京市,我们的宗旨是让您在回归自然中享受温情，释放工作中带来的压力，在硝烟对抗中塑造自信，寻找自我！,4.7,3.6,户外运动|探险|运动健身,https://r1.visitbeijing.com.cn/vbj-s/2013/0325/20130325014637519.jpg,1,,
987,九龙十八潭风景区,scenic,自然景区,北京市,分布着大量洞穴，有古洞悬阳、池泉洞、仙药洞、卧虎洞等。三个天然盆地，位于高山之颠，实为罕见。,1.4,4.2,亲水|水域风光,https://r1.visitbeijing.com.cn/vbj-s/2013/0325/20130325114041144.jpg,1,,
988,雾雨飞虹谷风景区,scenic,自然景区,北京市,景区以河涧、溪谷、彩虹、明长城为代表的旅游景区，以石林文化长廊、长城遗址、千亩采摘园为代表的生态文化旅游景区,8.5,4.8,山地风光|自然景观,https://r1.visitbeijing.com.cn/vbj-s/2013/0325/20130325104646223.jpg,1,,
989,龙云山风景区,scenic,自然景区,北京市,河千里蜿蜒，奔流直泻，似巨龙开山，蟠曲东飞。龙云山风景区即坐落在白河北岸，可谓山环水抱，钟灵敏秀。,1.4,4.1,山地风光|自然景观,https://r1.visitbeijing.com.cn/vbj-s/2013/0322/20130322051546511.jpg,1,,
990,东极仙谷风景区,scenic,自然景区,北京市,东极仙谷自然风景区内景色优美，四季分明，春季红花满山，万物复苏，鸟语花香，花红柳绿，蜂蝶缠绕,4.5,4.1,山地风光|自然景观,https://r1.visitbeijing.com.cn/vbj-s/2013/0322/20130322031105949.jpg,1,,
991,司马台水库（鸳鸯湖）,scenic,自然景区,北京市,司马台水库是一座调洪灌溉的小II型水库，库区河道上游有温泉，北侧为金山岭长城。,8.3,3.5,世界遗产|休闲垂钓|摄影打卡|水域风光|登山徒步|自然景观|长城段,https://r1.visitbeijing.com.cn/vbj-s/2013/0108/20130108021137652.jpg,1,,
992,北京金鼎湖（沙厂水库）,scenic,自然景区,北京市,金鼎湖在雾灵山南麓，依山而建，总面积达40多公顷。水源来自潮河支流红门川河，水面达151万平方米，是水上娱乐、休闲度假的理想场所,6,3.7,休闲垂钓|水域风光|自然景观,https://r1.visitbeijing.com.cn/vbj-s/2013/0107/20130107023308628.jpg,1,,
993,雾灵湖（遥桥峪水库）,scenic,自然景区,北京市,湖水很深，呈现出美丽的蓝绿色;由于周围都是群山湖面出奇的宁静，就如同镶嵌在群山之中的宝石,4.7,4.3,水库|水域风光|自然景观|休闲垂钓,https://r1.visitbeijing.com.cn/vbj-s/2015/1103/20151103020716766.jpg,1,,
994,黄峪口风景区,scenic,自然景区,北京市,黄峪口风景区 位于密云县城以北石城乡，因森林葱郁、山谷奇峻、植物丰富、空气清新,3.2,3.8,山地风光|自然景观,https://r1.visitbeijing.com.cn/vbj-s/2013/0106/20130106021219556.jpg,1,,
995,白河老岩场,scenic,自然景区,北京市,密云白河峡谷是攀岩爱好者心中最向往的地方，它与昆明西山、桂林阳朔两处著名攀岩胜地被并称为"中国三大天然攀岩场"。,4,3.6,亲水|水域风光,https://r1.visitbeijing.com.cn/vbj-s/2013/0106/20130106092835987.jpg,1,,
996,不老湖风景区（半城子水库）,scenic,自然景区,北京市,这里远离闹市，环境幽雅，山环水绕，水天一色，景色宜人，是度假休闲的好去处，而且整个景区没有丝毫人工雕刻的痕迹,4.9,3.7,休闲垂钓|水域风光|自然景观,https://r1.visitbeijing.com.cn/vbj-s/2013/0105/20130105020004442.jpg,1,,
997,九道湾大峡谷,scenic,自然景区,北京市,九道湾位于北京市密云县石城乡北石城村西的大峡谷中。风景区内，北有双石控山，南有斑马山，两山耸持九湾河蜿蜒其间。,5.7,3.9,山地风光|自然景观,https://r1.visitbeijing.com.cn/vbj-s/2013/0105/20130105104551985.jpg,1,,
998,精灵谷自然风景区,scenic,自然景区,北京市,精灵谷是大山深处的天然幽谷，众多的山泉流成溪，终年不断。谷壁悬崖耸立，谷底潺潺流水，“灵泉”，其水清凉甘甜，倍受青睐,1.5,3.7,山地风光|自然景观,https://r1.visitbeijing.com.cn/vbj-s/2013/0104/20130104052831898.jpg,1,,
999,御龙东方红酒庄园,scenic,度假休闲,北京市,出密云县城东去8公里，在一片连绵起伏的山坳中，浮现出一座童话般美丽的城堡——密云红酒庄园。,3.6,4,住宿服务|酒店,https://r1.visitbeijing.com.cn/vbj-s/2013/0104/20130104015209954.jpg,1,,
1000,雾灵山风景区,scenic,自然景区,北京市,雾灵山国家级自然保护区地属燕山山脉，是燕山山脉的中段，其主峰歪桃峰即坐落在核心区的中央。被誉为“京东之首”。,1.7,3.7,山地风光|自然景观,https://r1.visitbeijing.com.cn/vbj-s/2013/0104/20130104105647949.jpg,1,,
1001,云蒙峡风景区,scenic,自然景区,北京市,云雾朦胧，变化莫测；花木芬芳，香溢百里  。游者处之，无不令人一饱眼福。,1.2,3.9,山地风光|自然景观,https://r1.visitbeijing.com.cn/vbj-s/2012/1229/20121229041248190.jpg,1,,
1002,北京云佛山滑雪场,scenic,体育场馆,北京市,多种滑雪项目应有尽有，畅快的驰骋在各个滑道，享受飞一样的感觉，让您找回最单纯的快乐！,4.1,4.3,体育场馆|冬季运动|滑雪|运动健身,https://r1.visitbeijing.com.cn/vbj-s/2013/1202/20131202101059374.jpg,1,,
1003,卧虎山长城景区,scenic,历史古迹,北京市,没有被人工修过的野长城，非常具有沧桑感，而残破的城墙和弹眼更是让人仿佛处身在那战火纷飞的年代。,8.6,4,世界遗产|摄影打卡|登山徒步|长城段,https://r1.visitbeijing.com.cn/vbj-s/2021/0929/20210929163133788.png,1,,
1004,捧河湾（白云峡）,scenic,自然景区,北京市,“水因山活，山因水动”， 捧河湾林幽水静，千尺白云瀑陡然跌落绝壁之中，构成了一幅灵动的山水景画。,2.1,3.9,亲水|山地风光|水域风光|自然景观,https://r1.visitbeijing.com.cn/vbj-s/2012/1206/20121206052536415.jpg,1,,
1005,北京八达岭国家森林公园,scenic,森林/湿地公园,北京市,是首都春天离开最晚、夏日最清凉、秋彩来临最早且最艳、冬雪最富意境的地方。,8.4,4.7,国家森林公园|自然生态|红叶观赏|森林体验|科普教育|3A景区|登山徒步|摄影打卡|毗邻长城,https://r1.visitbeijing.com.cn/vbj-s/2016/0320/20160320040230354.jpg,1,,
1006,古北口文化文物旅游区,scenic,历史古迹,北京市,镇域内长城由卧虎山长城、蟠龙山长城、司马台长城组成。其间的蟠龙山长城，尤以保持历史原貌而著称。,9.3,4.5,世界遗产|摄影打卡|登山徒步|长城段,https://r1.visitbeijing.com.cn/vbj-s/2015/0511/20150511014707715.jpg,1,,
1007,首云铁矿公园,scenic,城市公园,北京市,游客可体验空中翻书、幻影成像、磁悬浮地球模型、动感影院等高科技手段，学习铁矿与矿石的科普知识。,6,4.5,休闲娱乐|城市公园,https://r1.visitbeijing.com.cn/vbj-s/2012/1208/20121208042309402.jpg,1,,
1008,青菁顶景区,scenic,自然景区,北京市,幽深的峡谷、高悬的瀑布、碧绿的深潭、繁茂的林木，直到顶峰，那是京郊绝无仅有的景观.，你会由衷的感叹青菁顶自然风景区—太美了!,3.1,4.1,观光景点,https://r1.visitbeijing.com.cn/vbj-s/2015/0511/20150511014508871.jpg,1,,
1009,云蒙三峪自然风景区,scenic,自然景区,北京市,"北京密云县云蒙三峪，消费特色：阳光高山,溪水清潭,河石足道。",5,4,山地风光|自然景观,https://r1.visitbeijing.com.cn/vbj-s/2015/0724/20150724095148379.jpg,1,,
1010,北京紫海香堤香草艺术庄园,scenic,度假休闲,北京市,婚纱摄影、赏花、拍照香草体验之旅。,1.3,3.8,观光庄园|薰衣草|花海|艺术庄园,https://r1.visitbeijing.com.cn/vbj-s/2015/0511/20150511015734400.jpg,1,,
1011,五座楼森林公园,scenic,森林/湿地公园,北京市,这里向来以山岳高峻，峡谷幽深，森林茂密，溪流飞潭，森林植物种类繁多而著称。,5.6,3.6,森林公园|自然生态,https://r1.visitbeijing.com.cn/vbj-s/2012/1210/20121210105753616.jpg,1,,
1012,密云水库,scenic,自然景区,北京市,密云水库是亚洲最大的人工湖，有“燕山明珠”之称，是一处避暑胜地。,7.1,4.5,休闲垂钓|水域风光|自然景观,https://r1.visitbeijing.com.cn/vbj-s/2015/0804/20150804051358168.jpg,1,,
1013,古北口长城,scenic,历史古迹,北京市,古北口为历代兵家必争之地。从古至今就是内地通向松辽平原和内蒙古的咽喉要地，有"京师锁钥"之称。,9.9,3.6,世界遗产|摄影打卡|登山徒步|长城段,https://r1.visitbeijing.com.cn/vbj-s/2021/0928/20210928173738413.png,1,,
1014,南山滑雪场,scenic,体育场馆,北京市,南山滑雪率先在国内开辟了后山高级“猫跳”滑雪道又新增了前山中级“猫跳”练习区.,2.5,4.6,体育场馆|冬季运动|滑雪|运动健身,https://r1.visitbeijing.com.cn/vbj-s/2016/1118/20161118041514517.jpg,1,,
1015,卢沟桥景区,scenic,历史古迹,北京市,卢沟桥亦作芦沟桥，在北京市西南约15千米处丰台区永定河上，因横跨卢沟河即永定河而得名。,4.1,4.8,交通建筑|桥梁建筑,https://r1.visitbeijing.com.cn/vbj-s/2017/0526/20170526041459555.jpg,1,,
1016,马家堡街道西区文化中心,scenic,文化艺术空间,北京市,马家堡街道西区文化中心是北京市第一家街道京剧团。,1.8,4.5,文化场馆|社区服务|公共文化,https://r1.visitbeijing.com.cn/vbj-s/2017/0412/20170412075932384.jpg,1,,
1017,洛平设施果品精品园,scenic,农业观光,北京市,,3.7,4.6,观光景点,https://r1.visitbeijing.com.cn/vbj-s/2016/1221/20161221020207935.jpg,1,,
1018,中华名枣博览园,scenic,农业观光,北京市,中华名枣博览园里面种植了来自北京、山东、河南、河北、山西等名优大枣多达上百个品种，占地面积500亩。,1.6,4.5,农业观光|采摘体验,https://r1.visitbeijing.com.cn/vbj-s/2016/1221/20161221014232703.jpg,1,,
1019,南岗洼果园,scenic,农业观光,北京市,,3.8,3.5,亲子互动|农业观光|采摘体验,https://r1.visitbeijing.com.cn/vbj-s/2016/1221/20161221013721877.jpg,1,,
1020,张家坟村果园,scenic,农业观光,北京市,张家坟村果园位于丰台区张家坟。张家坟村位于北京市密云县石城镇西北部，距密云县城35公里，美丽的白河环村而过。,3.9,4.2,亲子互动|农业观光|采摘体验,https://r1.visitbeijing.com.cn/vbj-s/2016/1221/20161221114858364.jpg,1,,
1021,太子峪果蔬园,scenic,自然景区,北京市,,2.4,4.8,山地风光|自然景观,https://r1.visitbeijing.com.cn/vbj-s/2016/1221/20161221114207842.jpg,1,,
1022,和义郊野公园,scenic,城市公园,北京市,总面积27公顷。公园依托现状自然林地景观，突出公园自身特色，满足周边功能需求，丰富植物景观层次，营造良好的四季景观。,5,3.9,休闲娱乐|城市公园,https://r1.visitbeijing.com.cn/vbj-s/2016/1213/20161213020100956.jpg,1,,
1023,御康公园,scenic,城市公园,北京市,,2.2,3.8,休闲娱乐|城市公园,https://r1.visitbeijing.com.cn/vbj-s/2016/1206/20161206031204364.jpg,1,,
1024,万丰公园,scenic,城市公园,北京市,以乡村回忆为主题，延续历史文脉，打造乡土气息浓郁的休闲公园。,1.5,3.5,休闲娱乐|城市公园,https://r1.visitbeijing.com.cn/vbj-s/2016/1206/20161206022812198.jpg,1,,
1025,丰台园区公园,scenic,城市公园,北京市,丰台园区公园建于1997年，位于总部基地旁科星路一号，总占地面积是71392.6平方米。,4.4,3.7,休闲娱乐|城市公园,https://r1.visitbeijing.com.cn/vbj-s/2016/1206/20161206112434324.jpg,1,,
1026,榆树庄公园,scenic,城市公园,北京市,,3.8,4.6,休闲娱乐|城市公园,https://r1.visitbeijing.com.cn/vbj-s/2016/1202/20161202020031444.jpg,1,,
1027,晓月公园,scenic,城市公园,北京市,,2,4.3,休闲娱乐|城市公园,https://r1.visitbeijing.com.cn/vbj-s/2016/1202/20161202013732105.jpg,1,,
1028,桃苑郊野公园,scenic,城市公园,北京市,,5.5,4.6,休闲娱乐|城市公园,https://r1.visitbeijing.com.cn/vbj-s/2016/1202/20161202012144608.jpg,1,,
1029,嘉河公园,scenic,城市公园,北京市,,5.9,4,休闲娱乐|城市公园,https://r1.visitbeijing.com.cn/vbj-s/2016/1202/20161202113956366.jpg,1,,
1030,小屯公园,scenic,城市公园,北京市,小屯公园位于小屯西路和小屯路之间，南侧是假日风景小区，北侧是美域家园小区,4.8,3.6,休闲娱乐|城市公园,https://r1.visitbeijing.com.cn/vbj-s/2016/1128/20161128102212227.jpg,1,,
1031,庄怡公园,scenic,城市公园,北京市,,2.3,3.7,休闲娱乐|城市公园,https://r1.visitbeijing.com.cn/vbj-s/2016/1128/20161128095846730.jpg,1,,
1032,北京考古遗址博物馆,scenic,博物馆/展览馆,北京市,由原北京市西周燕都遗址博物馆、原北京市大葆台西汉墓博物馆和原北京辽金城垣博物馆三家遗址类博物馆组建而成,5.6,4.7,博物馆|历史文化|考古|遗址,https://r1.visitbeijing.com.cn/vbj-s/2025/1113/2815c5e7ed8c41ca5defcea161142f91.jpg,1,,
1033,法海寺森林公园,scenic,森林/湿地公园,北京市,位于石景山区模式口村北，翠微山南麓的法海寺，始建于明正统四年(1439年),2.3,4.8,佛教|宗教建筑|森林公园|自然生态,https://r1.visitbeijing.com.cn/vbj-s/2016/0930/20160930020929694.png,1,,
1034,石榴庄公园,scenic,城市公园,北京市,石榴庄公园占地19公顷，是南苑乡石榴庄村办公园，建于1993年,3.9,4.5,休闲娱乐|城市公园,https://r1.visitbeijing.com.cn/vbj-s/2016/0928/20160928040631273.png,1,,
1035,南宫露营运动乐园,scenic,城市公园,北京市,南宫体育公园位于北京市丰台区王佐镇国家AAAA级南宫旅游景区内，占地面积500亩，毗邻京石高速王佐南宫出口，交通便利。是一处以体育健身为主的综合性、多功能大型主题公园。,1.6,3.7,亲子互动|露营|休闲娱乐|公园,https://r1.visitbeijing.com.cn/vbj-s/2016/0926/20160926045252219.png,1,,
1036,南苑公园,scenic,城市公园,北京市,南苑是南湖东面的一块小陆地，市民俗称为南湖公园，遥对飞鹅岭,3.4,3.7,休闲娱乐|城市公园,https://r1.visitbeijing.com.cn/vbj-s/2016/0926/20160926044515851.png,1,,
1037,老山城市休闲公园,scenic,城市公园,北京市,老山城市休闲公园又叫老山郊野公园，位于北京市石景山区老山南路与上庄大街交叉口西，这里最具特色的便是2008年奥运会后留下来的山地自行车比赛赛道。,5.9,4.7,休闲娱乐|城市公园,https://r1.visitbeijing.com.cn/vbj-s/2016/0923/20160923025350664.png,1,,
1038,绿堤公园,scenic,城市公园,北京市,绿堤公园位于丰台区永定河畔，紧邻西五环，占地面积约105公顷，总投资6808万元，是目前北京市郊野公园中面积最大、投资最多的公园。,4,4.8,休闲娱乐|城市公园,https://r1.visitbeijing.com.cn/vbj-s/2016/0923/20160923024620448.png,1,,
1039,看丹公园,scenic,城市公园,北京市,看丹公园位于北京市的西南部，丰台区花乡看丹村内，位于西南四环和五环之间，距四环科丰桥1.5公里。,1.6,4.7,休闲娱乐|城市公园,https://r1.visitbeijing.com.cn/vbj-s/2016/0921/20160921032756625.png,1,,
1040,经仪郊野公园,scenic,城市公园,北京市,经仪郊野公园占地32公顷，公园位于丰台区卢沟桥乡西部，地属张仪、大瓦窑两个行政村。,6.4,4.2,休闲娱乐|城市公园,https://r1.visitbeijing.com.cn/vbj-s/2016/0920/20160920042440903.png,1,,
1041,和义公园,scenic,城市公园,北京市,和义郊野公园依托现状自然林地景观，突出公园自身特色，满足周边功能需求,4.3,4.5,休闲娱乐|城市公园,https://r1.visitbeijing.com.cn/vbj-s/2016/0920/20160920040910367.png,1,,
1042,槐新公园,scenic,城市公园,北京市,位于北京丰台区南四环中路南侧的槐新郊野公园占地90公顷，对于附近城南嘉园、草桥小区、马家堡小区的20多万居民来说，这是他们身边的一个天然大氧吧。,2,3.7,休闲娱乐|城市公园,https://r1.visitbeijing.com.cn/vbj-s/2016/0919/20160919033019499.png,1,,
1043,高鑫公园,scenic,城市公园,北京市,高鑫公园位于北京市的西南部，丰台区花乡高立庄村，介于西南四环和五环之间，北临京山铁路，东至老樊羊路，公园 面积36.9公顷 。,4.2,4.4,休闲娱乐|城市公园,https://r1.visitbeijing.com.cn/vbj-s/2016/0918/20160918085526755.jpg,1,,
1044,丰台科技园生态主题公园,scenic,城市公园,北京市,春天来了，万物复苏，人们终于可以脱下厚重的棉服到户外走一走了，踏青就成为了我们跃跃欲试的活动了。,3.8,4.1,休闲娱乐|城市公园,https://r1.visitbeijing.com.cn/vbj-s/2016/0913/20160913031306611.jpg,1,,
1045,福海公园,scenic,城市公园,北京市,在南三环木樨园的南面，有个面积不足3公顷的小公园，福海公园。开园十多年了，很少为人所知。,2.5,3.6,休闲娱乐|城市公园,https://r1.visitbeijing.com.cn/vbj-s/2016/0913/20160913024458876.jpg,1,,
1046,方庄体育公园,scenic,城市公园,北京市,方庄体育公园位于方庄住宅中心地带，占地面积7.8公顷，其中绿地占3.7公顷。,2.2,3.5,休闲娱乐|城市公园,https://r1.visitbeijing.com.cn/vbj-s/2016/0913/20160913023735391.jpg,1,,
1047,北京国际露营公园,scenic,度假休闲,北京市,北京国际汽车露营公园位于丰台区南苑村，团河路东侧，公园坐落在600亩的天然林地中，园区建成后将设有300辆可移动性露营房车，并可同时容纳150顶露营帐篷，提供1000人同时露营休闲。,3.5,4.8,露营公园|户外休闲|自然体验|住宿,https://r1.visitbeijing.com.cn/vbj-s/2016/0907/20160907042624493.jpg,1,,
1048,天弓高尔夫俱乐部,scenic,体育场馆,北京市,大井村的天弓高尔夫俱乐部位于西四环与京石高速交汇点，占地面积120亩，设有100多个打位，其中有38间豪华VIP包间，并配有两层一千多平方米的综合服务楼,5,4,体育场馆|体育运动|运动健身|高尔夫|高端休闲,https://r1.visitbeijing.com.cn/vbj-s/2016/0906/20160906030246792.jpg,1,,
1049,天元公园,scenic,城市公园,北京市,北京天元公园丰台区卢沟桥乡境内，公园北临梅市口路，东至青塔西路，南临双林南路，西至双林东路，为北京市城市绿化隔离地区“郊野公园环”建设项目之一。,2.2,4.1,休闲娱乐|城市公园,https://r1.visitbeijing.com.cn/vbj-s/2016/0906/20160906025349439.jpg,1,,
1050,槐树岭公园,scenic,城市公园,北京市,北京槐树庄郊野公园一个目前还鲜为人知、2013年新建完工的村建公园，位于北京丰台区中心西两公里。,5.3,4.4,休闲娱乐|城市公园,https://r1.visitbeijing.com.cn/vbj-s/2016/0822/20160822041356816.jpg,1,,
1051,金潍多草莓采摘基地,scenic,农业观光,北京市,北京金潍多科技有限公司所属的北京金潍多无公害草莓示范基地位于北京市丰台区长辛店镇李家峪，园区占地2万平米。,1.1,4.6,亲子互动|农业观光|草莓采摘|采摘体验,https://r1.visitbeijing.com.cn/vbj-s/2016/0816/20160816030131769.png,1,,
1052,大红门国际会展中心,scenic,博物馆/展览馆,北京市,北京大红门国际会展中心位于北京市丰台区南中轴路东侧，居于北京市“八大商业圈之一”——木樨园及大红门商业圈之中，紧邻木樨园长途汽车东站，大红门商贸城，具有良好的商业位置和交通便利条件。,2.6,4.7,会展中心|会展|商务,https://r1.visitbeijing.com.cn/vbj-s/2016/0810/20160810035500166.jpg,1,,
1053,北京欢乐水魔方水上乐园,scenic,主题乐园,北京市,北京欢乐水魔方嬉水乐园位于北京市丰台区小屯路,1.2,4,亲水|水域风光,https://r1.visitbeijing.com.cn/vbj-s/2024/0819/e8a36d1f9e52458d052a34dc740b19c0.png,1,,
1054,中华小吃博物馆,scenic,博物馆/展览馆,北京市,中华小吃博物馆也叫万丰小吃城，全国56个民族各地3000多种小吃的万丰小吃城，位于丰台区万丰路306号。,5.1,4.7,博物馆,https://r1.visitbeijing.com.cn/vbj-s/2016/0721/20160721114049387.png,1,,
1055,北京国际汽车露营公园,scenic,度假休闲,北京市,坐落在600 亩天然林内，分为房车停靠区、帐篷露营区、运动娱乐区和养生休闲区。,1.6,4.3,休闲娱乐|城市公园,https://r1.visitbeijing.com.cn/vbj-s/2016/0721/20160721103600271.png,1,,
1056,北京迷你世界青少年职业体验馆,scenic,主题乐园,北京市,迷你世界是完全按照真实社会建造的微缩版城市，专为青少年提供职业体验的素质教育基地。,2.1,4.7,职业体验|亲子互动|教育,https://r1.visitbeijing.com.cn/vbj-s/2015/1126/20151126033536397.jpg,1,,
1057,南宫世界地热博览园,scenic,主题乐园,北京市,整个园区占地800亩，主要景点包括：地热科普展览中心、温泉特种水产养殖中心、温泉垂钓中心和温泉种植采摘基地。,1.9,3.7,科普教育,https://r1.visitbeijing.com.cn/vbj-s/2024/0822/d30f83d81388da05eb0c584ee2f50887.png,1,,
1058,南宫温泉水世界,scenic,度假休闲,北京市,素有“京西夏威夷”之称，是理想的室内温泉戏水乐园，动漫客房深受小朋友们的喜爱。,1.2,3.7,休闲度假|温泉康养,https://r1.visitbeijing.com.cn/vbj-s/2024/0819/26929704b8c1704fefbc2a90b6edab3c.jpg,1,,
1059,北京园博会,scenic,城市公园,北京市,中国园博园历史文化氛围浓郁，地形多变，山水相依，颇具特色。,3.4,4.4,园林展览|会展|文化,https://r1.visitbeijing.com.cn/vbj-s/2013/0730/20130730021311343.jpg,1,,
1060,紫谷伊甸园,scenic,自然景区,北京市,紫谷伊甸园以薰衣草观赏为主题和特色，每年的5月至10月，园内几十种花卉与薰衣草竞相开放、争奇斗艳。,2.6,3.8,山地风光|自然景观,https://r1.visitbeijing.com.cn/vbj-s/2015/0721/20150721051841831.jpg,1,,
1061,洛平精品有机采摘,scenic,农业观光,北京市,"以进行樱桃采摘,梨采摘,柿子采摘,欢迎广大朋友前来采摘。",1.6,4.6,亲子互动|农业观光|采摘体验,https://r1.visitbeijing.com.cn/vbj-s/2013/0502/20130502053301651.png,1,,
1062,长辛店公园,scenic,城市公园,北京市,公园内各处绿树成荫繁花似锦，三季有花，四季常青，油松，白皮松高大挺拔，山杏，连翘喜迎春风。,1.4,4.1,休闲娱乐|城市公园,https://r1.visitbeijing.com.cn/vbj-s/2013/0423/20130423101235974.jpg,1,,
1063,鹰山森林公园,scenic,森林/湿地公园,北京市,鹰山森林公园春天，满园苍翠欲滴，鲜花满目;炎夏，林中小风习习，清凉怡人，是极佳的避暑胜地;深秋，满坡红叶似火,3.3,4.3,森林公园|自然生态,https://r1.visitbeijing.com.cn/vbj-s/2013/0422/20130422041739985.jpg,1,,
1064,胡同张老北京民间艺术馆,scenic,文化艺术空间,北京市,老北京吃、喝、玩、乐浓缩到一个馆中，全方位再现老北京生活的创意。,1,3.7,Citywalk|文创园区|美术馆/艺术馆|老北京风情|胡同/四合院|艺术展览,https://r1.visitbeijing.com.cn/vbj-s/2013/0408/20130408101125171.jpg,1,,
1065,北京长辛店二·七纪念馆,scenic,纪念馆/名人故居,北京市,整个建筑由四个四合院组成，四面各有一个中式门楼，均为钢盘水泥仿木结构，古脊明柱，水刷石镶衬，清晰别致，古朴典雅，落落大方。,2.2,4.6,纪念馆|工人运动|红色旅游|革命历史,https://r1.visitbeijing.com.cn/vbj-s/2013/0326/20130326050537996.jpg,1,,
1066,中国航天博物馆,scenic,博物馆/展览馆,北京市,中华航天博物馆是展示中国航天科技与成就的专业博物馆，是中国航天的对外宣传与展示窗口。,2.8,4.1,博物馆|航天|科技|航空|工业,https://r1.visitbeijing.com.cn/vbj-s/2013/0220/20130220030258636.jpg,1,,
1067,莲花池庙会,scenic,文化艺术空间,北京市,庙会努力挖掘传统民俗文化的魅力，点击现代前卫时尚的活力，文商并举、风雅荟萃、雅俗共赏，全园开花、满园绿意。,2.2,4.2,民俗活动|节庆活动,https://r1.visitbeijing.com.cn/vbj-s/2013/0117/20130117011603945.jpg,1,,
1068,万芳亭公园,scenic,城市公园,北京市,公园不大，绿化还可以。每天早晨在这里边晨练的老人比较多，都是家住附近的人。,1.9,4,休闲娱乐|城市公园,https://r1.visitbeijing.com.cn/vbj-s/2024/0823/63e5b7e10760c655a9714d64b4a9b596.png,1,,
1069,千灵山风景区,scenic,自然景区,北京市,这里佛教文化源远流长，有北京最大的石窟寺群，是北京近郊远眺视野最佳的山峰！,2.5,4.1,山地风光|自然景观,https://r1.visitbeijing.com.cn/vbj-s/2012/1207/20121207023042663.jpg,1,,
1070,北京法海寺博物馆,scenic,博物馆/展览馆,北京市,法海寺最大的看点就是壁画，在大雄宝殿的壁画，是元朝时的珍品，特别是“水月观音”最有名气。,1.3,3.6,博物馆,https://r1.visitbeijing.com.cn/vbj-s/2012/1206/20121206010156276.jpg,1,,
1071,南宫温泉旅游度假区,scenic,度假休闲,北京市,"惊险的滑道、宽阔的水面、优雅的“夏威夷风光”,配套设施完备。",5.3,3.6,休闲度假|住宿|度假村|温泉康养,https://r1.visitbeijing.com.cn/vbj-s/2024/0822/2b2231fec77e61712129918cb823697c.png,1,,
1072,北京万龙八易滑雪场,scenic,体育场馆,北京市,"市内唯一的大型户外滑雪场,唯一真正实现夜场滑雪的滑雪场哟。",3.1,4.8,体育场馆|冬季运动|滑雪|运动健身,https://r1.visitbeijing.com.cn/vbj-s/2016/1118/20161118042941911.jpg,1,,
1073,宛平城,scenic,历史古迹,北京市,宛平，自古即为京南门户，城建于明末崇祯十年(1637年)，当时正是明朝的战乱时期，建此城以屯兵守卫京城。,3.1,4.6,古城|历史|抗战纪念|红色旅游|明代建筑,https://r1.visitbeijing.com.cn/vbj-s/2012/1207/20121207030438829.jpg,1,,
1074,中国评剧大剧院,scenic,演艺剧场,北京市,中国评剧大剧院是一个以演出中国评剧为主及全国各个地方剧种为特色的戏曲演出阵地，在海内外都产生过重要的影响。,4.8,4.2,文化体验|演艺剧场,https://r1.visitbeijing.com.cn/vbj-s/2012/1207/20121207095957119.jpg,1,,
1075,北京辽金城垣博物馆,scenic,博物馆/展览馆,北京市,该馆建筑整体呈不规则多边形，青灰色的外墙，屋顶铺以灰瓦，城墙垛口式的檐下饰一兽头，远远望去仿佛金代北京城又重现眼前。,4.9,4.6,博物馆,https://r1.visitbeijing.com.cn/vbj-s/2012/1207/20121207045203228.jpg,1,,
1076,卢沟桥,scenic,历史古迹,北京市,卢沟桥卢沟桥始建于1189年，1444年曾重修。桥身左右两侧石雕护栏各有望柱140根，柱头上均雕卧伏的石狮约500个左右。,2.2,4.7,交通建筑|桥梁建筑,https://r1.visitbeijing.com.cn/vbj-s/2012/1207/20121207010200563.jpg,1,,
1077,丰台体育中心垒球场,scenic,体育场馆,北京市,08年北京奥运会时第一所建成并投入使用的奥运场馆，蕴含着众多环保科技于一身。,3,4.7,体育场馆|奥运遗产|运动健身,https://r1.visitbeijing.com.cn/vbj-s/2012/1207/20121207024809559.jpg,1,,
1078,老山郊野公园,scenic,城市公园,北京市,老山郊野公园突出“以林为体，郊野休闲”的理念，公园周边是着名的老山山地车赛道,5.4,4.3,休闲娱乐|城市公园,https://r1.visitbeijing.com.cn/vbj-s/2016/1213/20161213022528896.jpg,1,,
1079,永定河休闲森林公园,scenic,森林/湿地公园,北京市,永定河休闲森林公园是北京市委、市政府关于永定河绿色生态发展带“五园一带”项目首个启动建设的公园，已于2013年4月28日向社会免费开放。,1.8,3.7,森林公园|自然生态,https://r1.visitbeijing.com.cn/vbj-s/2016/1028/20161028025320286.jpg,1,,
1080,石景山古城公园,scenic,城市公园,北京市,古城公园是1981年石景山区建设的第一座居住公园，被誉为“楼群之花”。公园占地2.33公顷，分儿童游戏区、中心雕塑区、揽霞滴翠广场和花卉盆景区。,7.9,4.6,城市公园|休闲娱乐|社区公园,https://r1.visitbeijing.com.cn/vbj-s/2016/1028/20161028024246283.jpg,1,,
1081,首钢松林公园,scenic,城市公园,北京市,首钢松林公园位于石景山游乐园正南，是一座原生态未加人工修饰的郊野公园,1.4,4.8,休闲娱乐|城市公园,https://r1.visitbeijing.com.cn/vbj-s/2016/0929/20160929021317109.png,1,,
1082,青山公园,scenic,城市公园,北京市,青山公园位于石景山区西北部，五里坨村之东北，距石景山区政府所在地10公里。,4,4.3,休闲娱乐|城市公园,https://r1.visitbeijing.com.cn/vbj-s/2016/0927/20160927035232994.png,1,,
1083,永定河森林公园,scenic,森林/湿地公园,北京市,永定河森林公园位于门头沟区永定镇与石景山区、丰台区交界处，紧临108国道。这里经过几十年采挖砂石形成的深达42米的大砂坑曾是北京西部最大的沙尘污染源。,4.5,4.7,森林公园|自然生态,https://r1.visitbeijing.com.cn/vbj-s/2016/0622/20160622015824953.jpg,1,,
1084,半月公园,scenic,城市公园,北京市,在辰光路和楼群广厦的环抱下，形如半弦明月，故名“半月园”。,4.1,4,休闲娱乐|城市公园,https://r1.visitbeijing.com.cn/vbj-s/2015/0910/20150910030645254.jpg,1,,
1085,石景山雕塑公园,scenic,城市公园,北京市,石景山雕塑公园是一座以植物造园、雕塑造景的艺术园林，在中国园林界首开先例，评为“北京市优秀新园林”。,2.7,3.9,休闲娱乐|城市公园,https://r1.visitbeijing.com.cn/vbj-s/2015/0908/20150908025442672.jpg,1,,
1086,希望公园,scenic,城市公园,北京市,该园是石景山区第一座方便于京西苹果园地区居民就近休息、娱乐的百亩公园。,3.7,4.5,休闲娱乐|城市公园,https://r1.visitbeijing.com.cn/vbj-s/2015/0908/20150908023552586.jpg,1,,
1087,四海公园,scenic,城市公园,北京市,四海公园位于石景山区苹果园，共分7个戏水区，是北京消夏戏水乐园,3,4,休闲娱乐|城市公园,https://r1.visitbeijing.com.cn/vbj-s/2015/0908/20150908021053699.jpg,1,,
1088,北京大公馆,scenic,商业街区,北京市,北京大公馆，建于京城西山山麓，皇家龙脉之地，亦是帝王级休闲养息之所。,2.3,4.3,历史建筑|文化场所,https://r1.visitbeijing.com.cn/vbj-s/2015/0825/20150825022138414.jpg,1,,
1089,家宝贝儿童成长俱乐部,scenic,主题乐园,北京市,家宝贝多项大型游乐设备，内设宏大的攀爬架、分隔式游泳池、魔幻动力空间等15项儿童娱乐设施,5.9,4.7,休闲娱乐|社交,https://r1.visitbeijing.com.cn/vbj-s/2015/0824/20150824014420601.jpg,1,,
1090,古城公园,scenic,城市公园,北京市,古城公园是1981年石景山区建设的第一座居住公园，被誉为“楼群之花”。,2.2,3.9,休闲娱乐|传统建筑|古镇古村|城市公园|民俗风情,https://r1.visitbeijing.com.cn/vbj-s/2013/0507/20130507042729993.jpg,1,,
1091,石景山洋庙会,scenic,文化艺术空间,北京市,石景山洋庙会使中国人不出国门即可领略异域风光、风情、风味；让外国人在北京过中国节，感受到本土的故乡之情。,2.7,4,民俗活动|节庆活动,https://r1.visitbeijing.com.cn/vbj-s/2013/0118/20130118014050271.jpg,1,,
1092,北京宦官文化陈列馆,scenic,博物馆/展览馆,北京市,全国唯一太监博物馆，了解历史十大太监。揭示了中国几千年封建帝制下形成的体系完整庞杂的宦官制度。,3,4.3,博物馆|宦官|历史文化|明代,https://r1.visitbeijing.com.cn/vbj-s/2012/1207/20121207033124340.jpg,1,,
1093,中国第四纪冰川遗迹陈列馆,scenic,博物馆/展览馆,北京市,走进馆内，最具震撼的是先进的高科技手段和真实的场景复原将第四纪冰川时代逼真地展现在人们眼前。,1.3,3.7,博物馆|地质|冰川|科普|自然,https://r1.visitbeijing.com.cn/vbj-s/2012/1217/20121217013115582.jpg,1,,
1094,老山自行车馆,scenic,体育场馆,北京市,北京奥运会自行车馆约6.6公顷的用地内，总建筑面积32920平方米，赛道周长250米.,3.4,3.6,体育场馆|奥运遗产|运动健身,https://r1.visitbeijing.com.cn/vbj-s/2012/1207/20121207120952601.jpg,1,,
1095,北京射击馆,scenic,体育场馆,北京市,2008年，北京奥运会射击步枪、手枪共10个项目的全部资格赛和决赛将在这里举行。,4.7,3.8,体育场馆|奥运遗产|运动健身,https://r1.visitbeijing.com.cn/vbj-s/2012/1207/20121207113057747.jpg,1,,
1096,北京国际雕塑公园,scenic,城市公园,北京市,北京最大的雕塑公园，现已有180余件来自40多个国家和地区的优秀雕塑、浮雕、壁画作品收藏于园中，喜欢艺术的朋友不可错过。,5.8,4.7,休闲娱乐|城市公园,https://r1.visitbeijing.com.cn/vbj-s/2012/1206/20121206115837692.jpg,1,,
1097,田义墓,scenic,历史古迹,北京市,全国第一家以宦官为主题的博物馆，如果想理解这个神秘的职业，这里你不得不来。,1.8,3.9,历史遗迹|宦官|明代|石刻艺术|墓葬,https://r1.visitbeijing.com.cn/vbj-s/2012/1207/20121207031244635.jpg,1,,
1098,北京射击场飞碟靶场,scenic,体育场馆,北京市,北京奥运会期间承担男女飞碟双向、多向及双多向等六个项目的比赛场馆，现作为训练场地。,3,4.4,体育场馆|奥运遗产|运动健身,https://r1.visitbeijing.com.cn/vbj-s/2012/1207/20121207091219857.jpg,1,,
1099,老山山地自行车场,scenic,体育场馆,北京市,老山山地自行车场承担了奥运会期间山地自行车比赛，作为一个在中国相对冷门的项目其场地现已难寻如鸟巢般的辉煌。,7.7,3.7,体育场馆|奥运遗产|运动健身,https://r1.visitbeijing.com.cn/vbj-s/2012/1207/20121207030131903.jpg,1,,
1100,马致远故居,scenic,纪念馆/名人故居,北京市,马致远故居位于京西门头沟区王平镇的“王平古道”的韭园村。,6.9,4.6,名人故居|元代|文学|元曲|历史文化,https://r1.visitbeijing.com.cn/vbj-s/2017/0609/20170609104128933.jpg,1,,
1101,妙峰山娘娘庙会,scenic,文化艺术空间,北京市,妙峰山娘娘庙会又称妙峰山娘娘庙香会，是一种古老的传统民俗及民间宗教文化活动。,2.8,4.3,民俗活动|节庆活动|非遗,https://r1.visitbeijing.com.cn/vbj-s/2017/0522/20170522041302541.jpg,1,,
1102,雁翅村苹果园,scenic,农业观光,北京市,门头沟雁翅镇红富士苹果日前进入最佳成熟采摘期，供京城游客采摘。,1.2,4.6,亲子互动|农业观光|苹果采摘|采摘体验,https://r1.visitbeijing.com.cn/vbj-s/2016/1222/20161222021857325.jpg,1,,
1103,担礼京白梨园,scenic,农业观光,北京市,北京门头沟妙峰山担礼村 龙凤岭观光园京白梨采摘基地 担礼村地处京西门头沟东部妙峰山镇。距城区10公里，东离六环军庄段5分钟车程。,5.5,4.6,农业观光|采摘体验,https://r1.visitbeijing.com.cn/vbj-s/2016/1222/20161222020529199.jpg,1,,
1104,上苇甸果园,scenic,农业观光,北京市,山泉汇成的张玉河从妙峰山向下流淌，4座小塘坝层层截水，蓄水近万立方米。度假村沿塘坝而建，一座座小木屋错落有致。,5,3.7,亲子互动|农业观光|采摘体验,https://r1.visitbeijing.com.cn/vbj-s/2016/1222/20161222114523582.jpg,1,,
1105,王平韭园农庄,scenic,农业观光,北京市,,3,3.7,亲子互动|农业观光|采摘体验,https://r1.visitbeijing.com.cn/vbj-s/2016/1222/20161222105300798.jpg,1,,
1106,东山梨花园,scenic,自然景区,北京市,,5.8,3.5,农业观光|山地风光|自然景观|采摘体验,https://r1.visitbeijing.com.cn/vbj-s/2016/1222/20161222104333450.jpg,1,,
1107,西峰寺森林公园,scenic,森林/湿地公园,北京市,,1.8,4.6,佛教|宗教建筑|森林公园|自然生态,https://r1.visitbeijing.com.cn/vbj-s/2016/1212/20161212040407808.jpg,1,,
1108,灵山风景区,scenic,自然景区,北京市,,1.5,4.7,山地风光|自然景观,https://r1.visitbeijing.com.cn/vbj-s/2016/1212/20161212104504948.jpg,1,,
1109,东辛房公园,scenic,城市公园,北京市,东辛房公园建于1954年，位于北京市门头沟区东辛房大街南侧，总占地面积17000平方米。,2.5,4.6,休闲娱乐|城市公园,https://r1.visitbeijing.com.cn/vbj-s/2016/1207/20161207041253891.jpg,1,,
1110,在水一方,scenic,自然景区,北京市,在水一方是一处拆迁出来的绿地，位于永定河畔，由此命名。,3.3,3.7,亲水|水域风光,https://r1.visitbeijing.com.cn/vbj-s/2016/1207/20161207104706361.jpg,1,,
1111,窑神庙公园,scenic,城市公园,北京市,,1.4,4.3,休闲娱乐|城市公园|宗教建筑,https://r1.visitbeijing.com.cn/vbj-s/2016/1124/20161124013153926.jpg,1,,
1112,中门寺生态园,scenic,农业观光,北京市,中门寺生态园是位于北京市门头沟区中门寺街71号的综合自然生态园区，区域面积 2.1 平方公里。,1.9,4.3,亲子互动|农业观光|采摘体验,https://r1.visitbeijing.com.cn/vbj-s/2016/1124/20161124113614734.jpg,1,,
1113,忠良书院,scenic,文化艺术空间,北京市,,2.3,4.7,文化场馆|教育|传统文化,https://r1.visitbeijing.com.cn/vbj-s/2016/1124/20161124112027142.jpg,1,,
1114,南石洋大峡谷森林公园,scenic,森林/湿地公园,北京市,南石洋大峡谷森林公园，位于京西雁翅镇马套村西北，东至：马套村村口，南至：峰窝至马家套的乡间道北，西至：门头沟区与河北怀来县交界，北至：笔架山下门头沟区与河北怀来县交界。,5.4,3.9,森林公园|自然生态,https://r1.visitbeijing.com.cn/vbj-s/2016/1118/20161118012540270.jpg,1,,
1115,玫瑰谷自然风景区,scenic,自然景区,北京市,,2.3,4.2,山地风光|自然景观,https://r1.visitbeijing.com.cn/vbj-s/2016/1118/20161118112705401.jpg,1,,
1116,莲石湖湿地公园,scenic,森林/湿地公园,北京市,莲石湖位于北京石景山、门头沟和丰台河西交界之地，于原永定河河滩上修建而成。,7.7,4.3,休闲垂钓|水域风光|湿地公园|自然景观|观鸟,https://r1.visitbeijing.com.cn/vbj-s/2016/1017/20161017110054380.jpg,1,,
1117,三家店蒲草湿地公园,scenic,森林/湿地公园,北京市,三家店不仅是明清京西古道的起点，也是永定河流经官厅山峡的出山口。,2.5,4,湿地公园|观鸟,https://r1.visitbeijing.com.cn/vbj-s/2016/1014/20161014042527366.jpg,1,,
1118,永定楼,scenic,历史古迹,北京市,永定楼位于北京市门头沟区永定河畔，永定楼的设计灵感来源于被誉为“江南三大名楼”的黄鹤楼，整体建筑设计的雄浑之中又不失精巧，同时秉持了我国独特的古建筑风格。,1.8,4.5,历史建筑|古建筑|观景建筑,https://r1.visitbeijing.com.cn/vbj-s/2016/1014/20161014041450514.jpg,1,,
1119,永定河公园,scenic,城市公园,北京市,永定河公园位于北京市门头沟区门城湖畔，西至滨河路，东临永定河，南至北京市永定河管理处，北至城子东街，总面积1.5万平方米，其中绿地面积0.96万平方米，总投资2180万元。,1.9,4.3,休闲娱乐|城市公园,https://r1.visitbeijing.com.cn/vbj-s/2016/1014/20161014040621313.jpg,1,,
1120,门头沟历史文化长廊,scenic,历史文化街区,北京市,门头沟历史文化长廊位于北京市门头沟区永定河门城湖畔，永定河观景台南侧，由门头沟区人民政府兴建，2012年6月27日落成。,2,3.8,文化展示|城市景观,https://r1.visitbeijing.com.cn/vbj-s/2016/1014/20161014032847848.jpg,1,,
1121,绿海森林公园,scenic,森林/湿地公园,北京市,绿海森林公园，是位于北京门头沟的一个森林公园。,4.6,4.8,森林公园|自然生态,https://r1.visitbeijing.com.cn/vbj-s/2016/1014/20161014032032169.jpg,1,,
1122,石门营文化公园,scenic,城市公园,北京市,石门营公园建于2008年7月，建设面积56000平方米，其中绿地面积51000平方米。,2.8,4,休闲娱乐|城市公园,https://r1.visitbeijing.com.cn/vbj-s/2016/0929/20160929022133302.png,1,,
1123,门头沟京浪岛公园,scenic,城市公园,北京市,京浪岛公园，坐落在北京门头沟永定河三家店水库的北端，西临水担路，东邻109国道和北京六环路。京浪岛公园于2010年5月开始修建，8月竣工，总占地面积12.8万平方米，绿地面积占95%。,2.5,4.1,休闲娱乐|城市公园,https://r1.visitbeijing.com.cn/vbj-s/2016/0923/20160923032725346.png,1,,
1124,立思辰公园,scenic,城市公园,北京市,立思辰公园位于北京市门头沟区德露苑小区南侧，属社会性捐助公园，公园西至滨河路，南至规划中门寺沟，北临区法院,3.6,4,休闲娱乐|城市公园,https://r1.visitbeijing.com.cn/vbj-s/2016/0923/20160923023920727.png,1,,
1125,京门铁路遗址公园,scenic,历史古迹,北京市,京门铁路遗址公园位于北京市门头沟区城子大街北侧，北接京门铁路，南至排洪沟，东至城子大街，西至铁路挡墙，总面积1.2万平方米，其中绿地面积0.8万平方米。,1.5,4.4,历史文化|考古|遗址|遗址公园,https://r1.visitbeijing.com.cn/vbj-s/2016/0921/20160921024052615.png,1,,
1126,晨曦公园,scenic,城市公园,北京市,晨曦公园位于北京市门头沟区黑河沟畔，为城子大街与河滩邮政局东侧的滨河带状绿地，总面积0.45万平方米，其中绿地面积0.35万平方米。,4.7,4.3,休闲娱乐|城市公园,https://r1.visitbeijing.com.cn/vbj-s/2016/0909/20160909031442143.jpg,1,,
1127,滨河世纪广场公园,scenic,城市公园,北京市,滨河世纪广场公园是挖沙形成的一处人工沙坑建设而成的，建设占地面积33万平方米,2.6,3.6,休闲娱乐|公共活动空间|城市公园|城市广场,https://r1.visitbeijing.com.cn/vbj-s/2016/0908/20160908041638153.jpg,1,,
1128,灵溪风景区,scenic,自然景区,北京市,灵溪峡谷位于北京门头沟区妙峰山风景区附近，距市区约35公里，是一片刚刚开发的自然风景区。,2,4.3,亲水|水域风光,https://r1.visitbeijing.com.cn/vbj-s/2016/0902/20160902035946681.jpg,1,,
1129,龙泉宾馆云水间,scenic,度假休闲,北京市,龙泉宾馆-云水间养生阁汤泉来龙泉吃滋补美食、泡个调节温泉浴正成为当下最流行的养生方式。,4.5,4.4,亲水|水域风光,https://r1.visitbeijing.com.cn/vbj-s/2016/0815/20160815103120382.bmp,1,,
1130,北京国际核桃庄园,scenic,度假休闲,北京市,北京国际核桃庄园是生态与科学、自然与人文相互融合的胜地。,4.6,3.7,住宿服务|酒店,https://r1.visitbeijing.com.cn/vbj-s/2016/0408/20160408024230835.jpg,1,,
1131,定都峰景区,scenic,自然景区,北京市,定都峰景因其地处长安街西延线西端的定都峰上，故名定都阁。,5.8,4.5,山地风光|自然景观,https://r1.visitbeijing.com.cn/vbj-s/2015/0817/20150817051028341.png,1,,
1132,聚灵峡景区,scenic,自然景区,北京市,石沟内侧悬崖峭壁矗立着各式各样的山峰，山顶上端较缓坡平，高山草甸，山坡上松柏、桦、杨林木繁密。,5.2,4.4,山地风光|自然景观,https://r1.visitbeijing.com.cn/vbj-s/2015/0817/20150817030711389.jpg,1,,
1133,永定河峡谷,scenic,自然景区,北京市,永定河两岸山色干枯，植被稀疏，但是风景一样壮丽,3.4,4.4,亲水|山地风光|水域风光|自然景观,https://r1.visitbeijing.com.cn/vbj-s/2013/0625/20130625034353287.jpg,1,,
1134,黑山公园,scenic,城市公园,北京市,黑山公园内百年松柏苍劲，林木花疏扶摇，具备良好的园林基础。,6.5,4,休闲娱乐|城市公园,https://r1.visitbeijing.com.cn/vbj-s/2013/0521/20130521045410552.jpg,1,,
1135,葡山公园,scenic,城市公园,北京市,葡山公园周边绿山环绕，环境清幽，令人心旷神怡。,2.1,4.4,休闲娱乐|城市公园,https://r1.visitbeijing.com.cn/vbj-s/2013/0521/20130521041504359.jpg,1,,
1136,妙峰山樱桃沟,scenic,自然景区,北京市,是一处集名人古迹，樱桃采摘，池塘垂钓，民俗观光，科普教育于一体的旅游观光农业园区。,2.4,4.4,农业观光|山地风光|自然景观|采摘体验,https://r1.visitbeijing.com.cn/vbj-s/2013/0509/20130509052448293.jpg,1,,
1137,冀热察挺进军司令部旧址陈列馆,scenic,博物馆/展览馆,北京市,北京市重点文物保护单位，是北京市百家博物馆和北京市青少年爱国主义教育基地，是红色旅游的好去处。,1.5,4.5,博物馆,https://r1.visitbeijing.com.cn/vbj-s/2013/0329/20130329112904354.jpg,1,,
1138,小龙门国家森林公园,scenic,森林/湿地公园,北京市,小龙门森林公园丰富的植物资源，为开辟森林浴场提供了得天独厚的条件，游人来此可以进行“森林浴”,5.3,4.2,森林公园|自然生态,https://r1.visitbeijing.com.cn/vbj-s/2015/0507/20150507055849792.jpg,1,,
1139,珍珠湖景区,scenic,自然景区,北京市,湖上有一自然村落杏花村，每年春季杏花竞相开放。湖两岸势陡峭，峰峦叠嶂。夏秋时节两岸岩崖布满青苔，盛开着群芳争艳的鲜花，色彩美丽。,5.7,4.6,休闲垂钓|水域风光|自然景观,https://r1.visitbeijing.com.cn/vbj-s/2016/0622/20160622104946209.jpg,1,,
1140,龙门涧风景区,scenic,自然景区,北京市,龙门涧风景区处于中心地带，属自然风光，做为北京市最大的嶂谷，地质构造丰富奇特，被学者誉为中国“北方的地质博物馆”。,1.1,3.7,观光景点,https://r1.visitbeijing.com.cn/vbj-s/2015/0508/20150508050504290.jpg,1,,
1141,黄草梁自然风景区,scenic,自然景区,北京市,黄草梁风景优美、气候宜人，集自然景观与人文景观于一身，是旅游、观光、考古的理想去处。,3.6,4.5,观光景点,https://r1.visitbeijing.com.cn/vbj-s/2012/1206/20121206041702354.jpg,1,,
1142,爨底下村,scenic,度假休闲,北京市,小村海拔650米，属清水河流域，周围苍松翠柏，绿树成荫，悦耳的鸟鸣，常打破山村的寂静，使人有“世外桃源”之感。,1.7,3.9,古镇古村|民俗风情,https://r1.visitbeijing.com.cn/vbj-s/2023/0214/41ce922e334e120c43cea7a63ca40bc9.jpg,1,,
1143,天门山自然风景区（门头沟）,scenic,自然景区,北京市,名不见经传的森林公园，可能除了爬山就没有什么别的可干的了。,1.4,4.5,山地风光|自然景观,https://r1.visitbeijing.com.cn/vbj-s/2012/1207/20121207045838197.jpg,1,,
1144,寺上美术馆,scenic,文化艺术空间,北京市,寺上美术馆（Si Shang Art Museum）位于北京北六环，是一座占地4万平米的体验式美术馆，可以1个小时、一天、一周、一个月…不会厌烦的身心栖息的艺文休憩之地。,3.6,3.9,文创园区|美术馆/艺术馆|艺术展览|艺术空间,https://r1.visitbeijing.com.cn/vbj-s/2017/0523/20170523022114984.jpg,1,,
1145,北京画家村,scenic,文化艺术空间,北京市,在北京天安门前的长安街东延长线咫尺之地，京杭大运河的北端有一座古城，这就是首都的"左辅雄藩"--通州。在通州城北，有两条不可多得的历史景观，造就了北京小平原的自然河流，这就是大运河的源流--温榆河与潮白河。在两条母亲河之间，有一片秀美繁荣的土地，这就是闻名遐迩的艺术群落--宋庄。,8.6,4.6,艺术区|画家聚集区|文创|当代艺术,https://r1.visitbeijing.com.cn/vbj-s/2017/0519/20170519111233734.jpg,1,,
1146,中国花卉博览会主题公园,scenic,城市公园,北京市,本园区的造园手法是通过堆山理水，采用植物造景的手法，建设出一个自然宜人的环境，这是本公园与各公园相似之处,3.7,4.3,休闲娱乐|城市公园,https://r1.visitbeijing.com.cn/vbj-s/2016/1208/20161208024750294.jpg,1,,
1147,北京丽宫体育公园,scenic,体育场馆,北京市,北京丽宫体育公园高尔夫球场地处北京东北市郊，作为丽宫别墅业主的专用球场，是中国目前唯一的纯业主制球场。,4.1,4.7,休闲娱乐|城市公园,https://r1.visitbeijing.com.cn/vbj-s/2016/1123/20161123023320766.jpg,1,,
1148,神笛陶艺村,scenic,文化艺术空间,北京市,,3.7,4,陶艺|手工艺|文化体验|非遗,https://r1.visitbeijing.com.cn/vbj-s/2016/1122/20161122114435533.jpg,1,,
1149,潮白河森林公园,scenic,森林/湿地公园,北京市,潮白河森林公园位于北京市顺义区境内，南起通州交界，北至怀柔密云交界，全长38公里，总面积6.3万亩。,2.1,4.6,森林公园|自然生态,https://r1.visitbeijing.com.cn/vbj-s/2016/1109/20161109044045624.png,1,,
1150,舞彩浅山滨水国家登山步道,scenic,自然景区,北京市,舞彩浅山滨水国家登山步道(龙湾屯段)东起山里辛庄村东侧，西至鞑子沟(与木林镇接壤)。,1.2,4,亲水|山地风光|水域风光|自然景观,https://r1.visitbeijing.com.cn/vbj-s/2016/1017/20161017025941593.jpg,1,,
1151,森鑫森林公园,scenic,森林/湿地公园,北京市,位于顺义区潮白河衅李遂镇，建于1986年，距北京市区35公里，距首都机场13公里。,3.8,4.1,森林公园|自然生态,https://r1.visitbeijing.com.cn/vbj-s/2016/1009/20161009020914695.jpg,1,,
1152,仁和公园,scenic,城市公园,北京市,2011年12月3日，顺义仁和公园开园迎客。副区长赵贵恒、区政协副主席田建国共同为仁和公园开园剪彩，标志着仁和公园正式对市民开放。,3.4,4.5,休闲娱乐|城市公园,https://r1.visitbeijing.com.cn/vbj-s/2016/0928/20160928034153357.png,1,,
1153,快乐猩猩树上探险主题公园(顺义园区）,scenic,主题乐园,北京市,快乐猩猩树上穿越是一项健康而又时尚的绿色户外活动。,3.3,3.7,亲子互动|户外拓展|主题乐园|运动健身,https://r1.visitbeijing.com.cn/vbj-s/2016/0922/20160922012814365.png,1,,
1154,减河公园,scenic,城市公园,北京市,顺义减河公园，东起减河与潮白河交汇处，西至南白路，全长3.8公里，南北两岸绿化带平均宽度各100米,2,3.9,休闲娱乐|城市公园,https://r1.visitbeijing.com.cn/vbj-s/2016/0921/20160921025651529.png,1,,
1155,和谐广场公园,scenic,城市公园,北京市,北京市顺义区和谐广场公园2009年7月31日建成后即免费对外开放，总面积77.4公顷，绿地面积65.9公顷。,4.3,4.5,休闲娱乐|公共活动空间|城市公园|城市广场,https://r1.visitbeijing.com.cn/vbj-s/2016/0919/20160919034935819.png,1,,
1156,北京京林温泉,scenic,度假休闲,北京市,京林温泉酒店(京林大厦)是一家星级国际饭店，2003年3月开业，2012年进行了全面装修和扩建，酒店建筑面积五万余平方米，主楼高6层，客房总数318间套。,3.5,3.6,休闲度假|温泉康养,https://r1.visitbeijing.com.cn/vbj-s/2016/0815/20160815100646394.bmp,1,,
1157,瑞麟湾温泉,scenic,度假休闲,北京市,瑞麟湾温泉度假酒店是由北京市新天华业房地产开发有限责任公司投资5.5亿打造的绿色生态温泉度假酒店，酒店位于北京市顺义区南彩镇顺平辅路39号箭杆河东侧。,3.3,4,休闲度假|温泉康养,https://r1.visitbeijing.com.cn/vbj-s/2016/0810/20160810101403579.jpg,1,,
1158,中国国际展览中心(新馆),scenic,博物馆/展览馆,北京市,中国国际展览中心(新馆)是目前北京市最大、功能最全、现代化程度最好的展览中心,6.8,3.5,会展中心|会展|商务,https://r1.visitbeijing.com.cn/vbj-s/2016/0721/20160721025409725.png,1,,
1159,和园景逸温泉,scenic,度假休闲,北京市,山水相映，花木葱茏，景色宜人，座拥温榆河小清河，可谓林水相间，绿草如茵，空气清新，仿佛一座天然的“氧吧”。,1.4,3.5,休闲度假|温泉康养,https://r1.visitbeijing.com.cn/vbj-s/2016/0105/20160105014102847.jpg,1,,
1160,光明广场,scenic,城市公园,北京市,它以形象性的标志和开放性的建设格局，对外展现了顺义奋发向上的精神风貌，对内为全区群众提供了一处休闲、健身、娱乐的场所。,3.7,3.7,公共活动空间|城市广场,https://r1.visitbeijing.com.cn/vbj-s/2015/0914/20150914051713207.jpg,1,,
1161,顺义区和谐广场,scenic,城市公园,北京市,百米喷泉组合区域，由主喷、辅喷、跑泉、冷雾和叠水五种水型组成，是国内目前旱地最高的喷泉。,3.3,3.8,公共活动空间|城市广场,https://r1.visitbeijing.com.cn/vbj-s/2015/0910/20150910051444350.jpg,1,,
1162,卧龙公园,scenic,城市公园,北京市,卧龙公园改造中巧妙借鉴传统造园手法，大胆运用现代造园技术，坚持“文化建园”方针，围绕“龙文化”主题，植物造景，手法自然。,2.7,3.7,休闲娱乐|城市公园,https://r1.visitbeijing.com.cn/vbj-s/2015/0910/20150910044846182.jpg,1,,
1163,北京欧菲堡酒庄,scenic,度假休闲,北京市,品味红酒文化，相聚欧菲堡酒庄，酒庄酿造的干红葡萄酒、蓝莓葡萄酒、桃红葡萄酒、野生蓝莓酒等，每款都是经典。,3.2,3.7,酒庄|葡萄酒|休闲度假|欧式建筑,https://r1.visitbeijing.com.cn/vbj-s/2015/0721/20150721042551180.jpg,1,,
1164,双河果园,scenic,农业观光,北京市,集观光、品尝、体验、休闲、度假、教育等多种功能于一体的综合性生态观光果园,4.6,3.9,亲子互动|农业观光|采摘体验,https://r1.visitbeijing.com.cn/vbj-s/2013/0506/20130506053942670.jpg,1,,
1165,怡园公园,scenic,城市公园,北京市,改造后的怡园公园西侧完全开放，达到了与新顺南北大街景观融合渗透的设计构想，成为了顺义城区南部的一个亮点。,5.2,3.9,休闲娱乐|城市公园,https://r1.visitbeijing.com.cn/vbj-s/2013/0422/20130422015817551.jpg,1,,
1166,顺义公园,scenic,城市公园,北京市,顺义公园活动空间丰富、活动内容众多、景观档次较高、文化主题突出，新增水幕电影项目为京郊首例。,6,3.9,休闲娱乐|城市公园,https://r1.visitbeijing.com.cn/vbj-s/2013/0422/20130422114951605.jpg,1,,
1167,减河五彩公园,scenic,城市公园,北京市,整个公园体现了北京新城—顺义的城市概念和地域特色，发挥滨河绿地的生态、娱乐、休闲、健身、防护、救灾、生产等功能，提升城市形象。,4.7,3.7,休闲娱乐|城市公园,https://r1.visitbeijing.com.cn/vbj-s/2013/0419/20130419050052688.jpg,1,,
1168,春晖园温泉度假村,scenic,度假休闲,北京市,艺术与自然，离心情很近，温泉邂逅泳池，演绎优雅,5.8,4,休闲度假|住宿|度假村|温泉康养,https://r1.visitbeijing.com.cn/vbj-s/2015/0513/20150513050904128.jpg,1,,
1169,北京顺鑫中盛会议中心,scenic,商业街区,北京市,田园风光被称为“京郊的维也纳森林”。,1.7,3.7,会议中心|会展|商务,https://r1.visitbeijing.com.cn/vbj-s/2015/0511/20150511053515370.jpg,1,,
1170,北京莲花山滑雪场,scenic,体育场馆,北京市,在这里，追求时尚创新意识和崇尚回归大自然的意识得到了完美和谐的统一,5.2,3.7,体育场馆|冬季运动|滑雪|运动健身,https://r1.visitbeijing.com.cn/vbj-s/2016/1118/20161118043134309.jpg,1,,
1171,乔波室内滑雪馆,scenic,体育场馆,北京市,在这里，运动的激情与全身心放松实现了完美的结合。无论春夏秋冬、无论风雨雷电、四季滑雪已不再是梦想！,3.3,3.5,体育场馆|冬季运动|滑雪,https://r1.visitbeijing.com.cn/vbj-s/2012/1207/20121207101955489.jpg,1,,
1172,北臧村镇老胡繁荣观光果园,scenic,农业观光,北京市,,4.5,4.2,亲子互动|农业观光|采摘体验,https://r1.visitbeijing.com.cn/vbj-s/2017/0103/20170103032135982.jpg,1,,
1173,李家场观光果园,scenic,农业观光,北京市,,2,4.4,亲子互动|农业观光|采摘体验,https://r1.visitbeijing.com.cn/vbj-s/2017/0103/20170103021017187.jpg,1,,
1174,福源冬枣园,scenic,农业观光,北京市,,2,4.4,农业观光|采摘体验,https://r1.visitbeijing.com.cn/vbj-s/2017/0103/20170103020645123.jpg,1,,
1175,北京圣泽林生态果业有限公司,scenic,森林/湿地公园,北京市,,2.8,4.2,森林公园|自然生态,https://r1.visitbeijing.com.cn/vbj-s/2017/0103/20170103105106445.jpg,1,,
1176,梨花庄园,scenic,度假休闲,北京市,,2.3,4.4,住宿服务|酒店,https://r1.visitbeijing.com.cn/vbj-s/2016/1230/20161230044518510.jpg,1,,
1177,京南沙河梨园,scenic,农业观光,北京市,梨子具有养肺的作用：吃较多梨的人远比不吃或少吃梨的人感冒机率要低。,2.6,4.4,亲水|农业观光|水域风光|采摘体验,https://r1.visitbeijing.com.cn/vbj-s/2016/1230/20161230042839600.jpg,1,,
1178,贾尚精品种植园,scenic,农业观光,北京市,贾尚精品种植园是北京市林果乡土专家贾尚与我国知名梨树专家鲁韧强共建的梨有机栽培、节水栽培示范园。,2.5,4.3,亲子互动|农业观光|采摘体验,https://r1.visitbeijing.com.cn/vbj-s/2016/1230/20161230022249128.jpg,1,,
1179,刘家铺村生态果品产业基地,scenic,农业观光,北京市,在北京市大兴区榆垡镇刘家铺村，游客不仅能呼吸新鲜的空气，感受大自然的情怀，还能流连于内涵丰厚的人文景观和文化底蕴深厚的有机梨园，让您论古博今，陶冶情操。,1.8,3.6,农业观光|产业基地|采摘体验,https://r1.visitbeijing.com.cn/vbj-s/2016/1230/20161230021912664.jpg,1,,
1180,北京御富园生态果业有限公司,scenic,农业观光,北京市,御丰园观光采摘园位于大兴区榆垡镇南张华村南，面积300亩，以种植西洋梨为主,2.2,3.6,观光景点,https://r1.visitbeijing.com.cn/vbj-s/2016/1230/20161230113306864.jpg,1,,
1181,亮民绿奥采摘园,scenic,农业观光,北京市,,1.2,3.8,亲子互动|农业观光|采摘体验,https://r1.visitbeijing.com.cn/vbj-s/2016/1229/20161229044837471.jpg,1,,
1182,亦新郊野公园,scenic,城市公园,北京市,,3,3.8,休闲娱乐|城市公园,https://r1.visitbeijing.com.cn/vbj-s/2016/1213/20161213021856341.jpg,1,,
1183,大兴古桑国家森林公园,scenic,森林/湿地公园,北京市,北京大兴古桑国家森林公园位于大兴区安定镇与长子营镇,2.6,3.6,森林公园|自然生态,https://r1.visitbeijing.com.cn/vbj-s/2016/1212/20161212030005316.jpg,1,,
1184,旺兴湖郊野公园,scenic,城市公园,北京市,旺兴湖郊野公园是北京城的一处郊野公园。一进园区，果然名不虚传，小桥、流水、亭台、徽派楼阁，尽显江南水乡的小景。,2.4,4.7,休闲垂钓|休闲娱乐|城市公园|水域风光|自然景观,https://r1.visitbeijing.com.cn/vbj-s/2016/1209/20161209113757291.jpg,1,,
1185,兴海休闲公园,scenic,城市公园,北京市,,2,4.4,休闲娱乐|城市公园,https://r1.visitbeijing.com.cn/vbj-s/2016/1208/20161208035526426.jpg,1,,
1186,三海子郊野公园,scenic,城市公园,北京市,北京南部地区最大的郊野公园———大兴三海子郊野公园正式启动建设，三年内城南再现碧波荡漾、绿荫匝地、芳草萋萋,5.7,4.4,休闲娱乐|城市公园,https://r1.visitbeijing.com.cn/vbj-s/2016/1011/20161011111508538.jpg,1,,
1187,凉水河公园,scenic,城市公园,北京市,凉水河河滨公园是一个全开放式的公共绿地，通过园林小品、景观园路、绿化造景等景观设计，展现全镇公共环境形象，满足居民健身休闲、娱乐交流、观赏游览等户外活动需要。,1.1,4.2,休闲娱乐|城市公园,https://r1.visitbeijing.com.cn/vbj-s/2016/0923/20160923031314585.png,1,,
1188,念坛公园,scenic,城市公园,北京市,念坛公园占地2500亩，其中湿地面积为150亩，整个水域面积达到700亩。公园是免费入园，面积很大，有免费的沙滩,2.2,3.8,休闲娱乐|城市公园,https://r1.visitbeijing.com.cn/vbj-s/2016/0920/20160920034913768.png,1,,
1189,高米店公园,scenic,城市公园,北京市,高米店公园位于北京市大兴区新城北区境内，东临京开高速，南临金星路，西临辅高路，北临香园路。是一座风景优美的公园。,2,3.9,休闲娱乐|城市公园,https://r1.visitbeijing.com.cn/vbj-s/2016/0918/20160918084356619.jpg,1,,
1190,碧海公园,scenic,城市公园,北京市,碧海公园位于大兴区旧宫镇庑店路碧海公园。,2.2,3.7,休闲娱乐|城市公园,https://r1.visitbeijing.com.cn/vbj-s/2016/0908/20160908041021141.jpg,1,,
1191,国际企业文化园,scenic,城市公园,北京市,亦庄国际企业文化园东起东环北路，西至成寿寺路，南起文化园东路，北至南五环路，总占地200公顷，以荣华路为中心将公园划分为东湖区和西湖区。,1.3,4.5,创意产业|文创园区|艺术空间,https://r1.visitbeijing.com.cn/vbj-s/2016/0907/20160907035807802.jpg,1,,
1192,博大公园,scenic,城市公园,北京市,博大公园是北京亦庄经济技术开发区内中心的一个公园。位于开发区19号街区，于核心区公建区的核心地带，占地面积约18万平方米，被亦庄人形象地称为核心区的“绿色之肺”。,3.5,3.6,休闲娱乐|城市公园,https://r1.visitbeijing.com.cn/vbj-s/2016/0907/20160907034934716.jpg,1,,
1193,北京爱情海玫瑰文化博览园,scenic,自然景区,北京市,月季文化园也称北京爱情海玫瑰文化博览园园内包含月季大道、游客服务中心、婚庆服务中心（集装箱）、水晶殿堂、房车露营基地、古森林博物馆。,4.1,4.6,主题公园|文化体验,https://r1.visitbeijing.com.cn/vbj-s/2016/0805/20160805060229182.jpg,1,,
1194,绿得金生态采摘园,scenic,农业观光,北京市,有草莓、桃、杏、李、梨、枣和樱桃等果品，以及各色圣女果、香椿、菠菜、茴香、穿心莲、尖椒等各种绿色蔬菜。,2.3,4,亲子互动|农业观光|采摘体验,https://r1.visitbeijing.com.cn/vbj-s/2016/0729/20160729043726777.jpg,1,,
1195,中华耕织文化园,scenic,农业观光,北京市,中华耕织文化园位于北京市大兴区安定镇乡村游览观光大道(庞安路)南侧，是北京京安大宽农业科技发展有限公司历经5年精心设计建设的。,3.2,4.6,创意产业|文创园区|艺术空间,https://r1.visitbeijing.com.cn/vbj-s/2016/0725/20160725105033108.png,1,,
1196,纳波湾月季园,scenic,城市公园,北京市,北京纳波湾园艺有限公司是以生产、销售各类月季种苗、月季工程苗、承接月季(玫瑰)主题公园,1.8,3.7,花园|赏花|花海,https://r1.visitbeijing.com.cn/vbj-s/2016/0722/20160722113505925.png,1,,
1197,西瓜小镇,scenic,主题乐园,北京市,西瓜小镇建于2004年，原东方绿洲生态园，2013年更名为北京西瓜晓镇酒店管理有限公司。,3.9,3.9,农业主题|亲子互动|休闲娱乐|特色园区,https://r1.visitbeijing.com.cn/vbj-s/2016/0722/20160722112314428.png,1,,
1198,梦幻紫海香草庄园,scenic,度假休闲,北京市,梦幻紫海香草庄园位于大兴区榆垡镇工业园区西南，是北京最大的以香草为主题的公园。,3.7,4.5,观光庄园|薰衣草|花海|摄影打卡,https://r1.visitbeijing.com.cn/vbj-s/2016/0722/20160722110953974.png,1,,
1199,北京南海子公园,scenic,城市公园,北京市,北京南海子郊野公园是北京四大郊野公园之一，也是北京市最大的湿地公园，全部建成后总面积超过11平方公里。,3.6,3.6,休闲娱乐|城市公园,https://r1.visitbeijing.com.cn/vbj-s/2016/0722/20160722105227445.png,1,,
1200,北京西瓜博物馆,scenic,博物馆/展览馆,北京市,西瓜每个人都吃过，但你了解西瓜的文化吗，对西瓜种植和西瓜文化感兴趣的朋友建议一看。,2.1,4.7,博物馆,https://r1.visitbeijing.com.cn/vbj-s/2016/0722/20160722103016949.png,1,,
1201,北京航天科普拓展教育基地,scenic,博物馆/展览馆,北京市,北京航天科普拓展教育基地是国内第一家以电影、图文展览、实物模型展示、电子触摸互动、航天农业观光采摘等形式全面介绍中国航天及世界航天发展历程的综合性教育基地。,1.4,4.3,科普教育|科技馆,https://r1.visitbeijing.com.cn/vbj-s/2016/0722/20160722101353120.png,1,,
1202,星光影视园,scenic,文化艺术空间,北京市,星光影视园是国家科技部批准的“国家新媒体产业基地”,5.4,3.7,影视基地|文化体验,https://r1.visitbeijing.com.cn/vbj-s/2016/0722/20160722095645961.png,1,,
1203,奥肯尼克农场,scenic,农业观光,北京市,奥肯尼克农场，命名是由英文“Organic Farm”译音而来，中文是“有机农场”。喻意是生产有机果蔬的农场。,2.7,3.5,亲子互动|农业观光|采摘体验,https://r1.visitbeijing.com.cn/vbj-s/2016/0622/20160622022554528.jpg,1,,
1204,永定河自行车运动公园,scenic,体育场馆,北京市,永定河自行车运动公园由著名自行车运动组织国际山地自行车联盟设计..,3.7,4.8,休闲娱乐|城市公园,https://r1.visitbeijing.com.cn/vbj-s/2016/0519/20160519050437739.jpg,1,,
1205,龙熙温泉,scenic,度假休闲,北京市,以龙熙顺景豪华别墅区为背景，怀抱加州阳光海岸风格的“水世界”景观，坐拥千亩高尔夫球场翠景，风光无限。,1.9,3.6,休闲度假|温泉康养,https://r1.visitbeijing.com.cn/vbj-s/2016/0104/20160104105938784.jpg,1,,
1206,留民营欣禾农业园,scenic,农业观光,北京市,北京首批农业观光游示范点，“中国生态农业第一村”。,2.1,3.8,农业观光|采摘体验,https://r1.visitbeijing.com.cn/vbj-s/2015/0824/20150824034131503.jpg,1,,
1207,北京惠友农庄,scenic,农业观光,北京市,倡导安全、生态、循环的经营理念，致力于果蔬的有机种植和现代农业的示范与推广。,3.4,4.4,亲子互动|农业观光|采摘体验,https://r1.visitbeijing.com.cn/vbj-s/2015/0821/20150821025527201.jpg,1,,
1208,北京哈你小孩运动馆,scenic,体育场馆,北京市,哈你拥有与欧美同步的各项运动娱乐设施，具备专业的资质认证并为中国市场独家认证经营。在专属教练指导下，享受专业、安全、时尚的各项运动娱乐体验。,5.2,4.2,体育场馆|运动健身,https://r1.visitbeijing.com.cn/vbj-s/2015/0722/20150722025322981.jpg,1,,
1209,大兴航天之光沙滩水上乐园,scenic,主题乐园,北京市,为满足市民朋友的清凉夏日要求，特隆重推出“激情水上、亲子狂欢”手机摄影大赛活动,7.3,3.9,亲水|水域风光,https://r1.visitbeijing.com.cn/vbj-s/2015/0721/20150721011850304.jpg,1,,
1210,中国影视大乐园,scenic,主题乐园,北京市,中国影视大乐园，这是一个五光十色的光影世界!在这里，你可以拍摄一部属于自己的电影大片。,3.4,3.6,影视基地|文化体验,https://r1.visitbeijing.com.cn/vbj-s/2014/0819/20140819030734420.jpg,1,,
1211,北京雪都滑雪场,scenic,体育场馆,北京市,雪场内各类滑雪设施一应俱全，多种滑雪项目应有尽有！,2.5,3.9,体育场馆|冬季运动|滑雪|运动健身,https://r1.visitbeijing.com.cn/vbj-s/2013/1213/20131213023114857.jpg,1,,
1212,大兴采育葡萄园,scenic,农业观光,北京市,土质肥沃，水源水质良好，种植葡萄历史悠久,2.8,4.6,农业观光|采摘体验,https://r1.visitbeijing.com.cn/vbj-s/2013/0510/20130510111429646.jpg,1,,
1213,街心公园,scenic,城市公园,北京市,公园不仅给人们提供了一个舒适、清新、健康、休闲的多功能活动场所，也充分体现了新世纪新风采的都市花园。,4,3.6,城市公园|休闲娱乐|公共绿地,https://r1.visitbeijing.com.cn/vbj-s/2013/0419/20130419040604523.jpg,1,,
1214,康庄公园,scenic,城市公园,北京市,康庄公园为人们提供了一个舒适、清新、休闲、娱乐、健身为一体的多功能场所，同时，也充分地向人们展示着大兴的都市风采。,2.3,4.6,休闲娱乐|城市公园,https://r1.visitbeijing.com.cn/vbj-s/2013/0419/20130419030125264.jpg,1,,
1215,黄村儿童乐园,scenic,主题乐园,北京市,公园经过十几年的建设和不断完善已具规模。园内环境优雅，植物繁茂，三季有花，四季常青，给儿童提供了一个游艺、健康的活动场所。,5.7,3.6,儿童乐园|亲子互动|娱乐,https://r1.visitbeijing.com.cn/vbj-s/2013/0419/20130419012216762.jpg,1,,
1216,老宋瓜园,scenic,农业观光,北京市,以“自然、艺术、文化、科技”四大理念，展示瓜文化、瓜的栽培科技，是国内目前“主题定位最明确，科技含量最高”的西瓜主题公园,2.5,4.8,农业观光|采摘体验,https://r1.visitbeijing.com.cn/vbj-s/2013/0109/20130109030820430.jpg,1,,
1217,御林古桑园,scenic,森林/湿地公园,北京市,御林古桑园，也许比不上名山大川的秀美，比不上江河湖泊的婀娜，但是，它的美丽让人流连忘返。,1.2,4.3,森林公园|自然生态,https://r1.visitbeijing.com.cn/vbj-s/2015/0511/20150511110352303.jpg,1,,
1218,采育葡萄大世界观光采摘园,scenic,农业观光,北京市,乱花渐欲迷人眼，众多葡萄中，找到了自己最爱！满载而归，幸福之情不能自说。,2.5,4.1,亲子互动|农业观光|葡萄采摘|采摘体验,https://r1.visitbeijing.com.cn/vbj-s/2015/0511/20150511101954847.jpg,1,,
1219,中华文化园,scenic,主题乐园,北京市,感受中华民族五千年生生不息的精神，追寻到中华民族五千年立足于世界之林的根。,4.9,4.6,创意产业|文创园区|艺术空间,https://r1.visitbeijing.com.cn/vbj-s/2015/0513/20150513054328400.jpg,1,,
1220,半壁店森林公园,scenic,森林/湿地公园,北京市,森林茂密、空气清新，碑石为文，立于园中，小路幽静、凉爽怡人，环境舒适，醉人心脾。,2.2,4.1,森林公园|自然生态,https://r1.visitbeijing.com.cn/vbj-s/2012/1210/20121210112756854.jpg,1,,
1221,北普陀影视城,scenic,主题乐园,北京市,北普陀建园十年来先后拍摄了《还珠格格》、《雍正王朝》、《铁齿铜牙纪晓岚》等七百多部电影、电视剧。,2.2,4,影视基地|文化体验,https://r1.visitbeijing.com.cn/vbj-s/2012/1207/20121207012029590.jpg,1,,
1222,十八弯景区,scenic,自然景区,北京市,十八弯景区是一个极度考验个人驾车技巧的景区，被网友戏称为“蜷缩的大肠”。,2,3.6,自然风景区|山地风光,https://r1.visitbeijing.com.cn/vbj-s/2017/0608/20170608054735536.jpg,1,,
1223,北京丛海逸园休闲娱乐园,scenic,城市公园,北京市,春赏桃花一片红，夏观四野绿葱葱，秋品仙桃果味美，冬游雪景姿更容。,3.2,3.9,休闲娱乐|度假,https://r1.visitbeijing.com.cn/vbj-s/2017/0606/20170606060707122.jpg,1,,
1224,北京老泉樱花园,scenic,自然景区,北京市,小慧大桃观光采摘园坐落于美丽的平谷地区，是全家放松休闲的好去处。,2.4,4.4,亲水|水域风光,https://r1.visitbeijing.com.cn/vbj-s/2017/0605/20170605062320751.jpg,1,,
1225,北京老泉山野公园,scenic,城市公园,北京市,老泉山野公园总占地面积约1000亩，森林植被覆盖达90%以上,6.7,3.6,休闲娱乐|城市公园,https://r1.visitbeijing.com.cn/vbj-s/2017/0607/20170607013239631.jpg,1,,
1226,绿都林采摘园,scenic,农业观光,北京市,,1.5,4.2,亲子互动|农业观光|采摘体验,https://r1.visitbeijing.com.cn/vbj-s/2017/0111/20170111112953411.jpg,1,,
1227,老泉观光采摘园,scenic,农业观光,北京市,,2.9,4.4,亲子互动|农业观光|采摘体验,https://r1.visitbeijing.com.cn/vbj-s/2017/0110/20170110034337877.jpg,1,,
1228,双营有机果品采摘园,scenic,农业观光,北京市,双营有机果园坐落在后花园平谷，这里有着独立的水系、光照充足、昼夜温差大，为优质大桃生产提供了极佳的地理和气候环境，大桃产量居全国之首，素有“中国桃都”之称。,2.2,4.5,亲子互动|农业观光|采摘体验,https://r1.visitbeijing.com.cn/vbj-s/2017/0110/20170110032037778.jpg,1,,
1229,北寨红杏采摘园,scenic,农业观光,北京市,,1.3,4.6,亲子互动|农业观光|采摘体验,https://r1.visitbeijing.com.cn/vbj-s/2017/0110/20170110104232713.jpg,1,,
1230,泉水峪观光采摘园,scenic,农业观光,北京市,,6.6,4.2,亲子互动|农业观光|采摘体验,https://r1.visitbeijing.com.cn/vbj-s/2017/0109/20170109042333827.jpg,1,,
1231,将军关樱桃休闲采摘园,scenic,农业观光,北京市,,2.1,3.7,亲子互动|农业观光|樱桃采摘|采摘体验,https://r1.visitbeijing.com.cn/vbj-s/2017/0109/20170109041820469.jpg,1,,
1232,熊儿寨村休闲观光果园,scenic,农业观光,北京市,,1.7,4.4,亲子互动|农业观光|采摘体验,https://r1.visitbeijing.com.cn/vbj-s/2017/0109/20170109030344626.jpg,1,,
1233,黄松峪国家森林公园,scenic,森林/湿地公园,北京市,,1.6,3.7,森林公园|自然生态,https://r1.visitbeijing.com.cn/vbj-s/2016/1212/20161212110704826.jpg,1,,
1234,平谷桃花海,scenic,自然景区,北京市,,4.8,4.1,农业观光|山地风光|自然景观|采摘体验,https://r1.visitbeijing.com.cn/vbj-s/2016/1116/20161116021117761.jpg,1,,
1235,平谷人民公园,scenic,城市公园,北京市,以前称为百亩公园，平谷最大，建成时间最长的公园，公园从南北两侧都可以进入，免费开放。公园面很大，是开放式的，北侧可以从平谷世纪广场直接进入。,5.4,3.6,休闲娱乐|城市公园,https://r1.visitbeijing.com.cn/vbj-s/2016/0927/20160927030728501.png,1,,
1236,玻璃台,scenic,自然景区,北京市,玻璃台的四季各有特色，但是夏秋两季的景色最佳。,3.9,4.6,观景台|山地风光,https://r1.visitbeijing.com.cn/vbj-s/2023/0214/069ce160c9196f4443932cef497936c1.jpg,1,,
1237,北京渔阳国际度假村,scenic,度假休闲,北京市,北京渔阳国际度假村坐落在风景秀美的绿都平谷区-国家4A级景区青龙山，距市区约60公里,3.5,4.1,休闲度假|住宿|度假村,https://r1.visitbeijing.com.cn/vbj-s/2016/0726/20160726102836937.png,1,,
1238,桃花深处汽车营地,scenic,农业观光,北京市,引入国际房车露营协会(CARSCAMPING)5星标准，在自然和谐的基础上，以绿色环保的原则，建设具有适合国人口味并且与国际接轨的露营地,3.9,3.7,农业观光|采摘体验,https://r1.visitbeijing.com.cn/vbj-s/2015/1008/20151008020308971.jpg,1,,
1239,三羊古火山景区,scenic,自然景区,北京市,北京三羊古火山景区不仅分布有华北地区最大的古火山口群和褶皱、断裂带等内容丰富的地质遗迹，也是一个名副其实的绿色王国,3.1,3.6,山地风光|自然景观,https://r1.visitbeijing.com.cn/vbj-s/2015/1008/20151008013826399.jpg,1,,
1240,天云山,scenic,自然景区,北京市,神奇的天云山 北方的张家界 即使在炎热的三伏天，酷暑寒风的风寒谷（寒坡）只有2℃,5.7,4.1,山地风光|自然景观,https://r1.visitbeijing.com.cn/vbj-s/2015/0828/20150828033056785.jpg,1,,
1241,千佛崖风景区,scenic,自然景区,北京市,这里风景如画，依山傍水，被称作“青衣绝佳处”。姿态各异，绚丽多彩，尤以“净土度”为佳；显示了中国古代高超的石刻艺术水平。,3.8,3.7,山地风光|自然景观,https://r1.visitbeijing.com.cn/vbj-s/2013/0418/20130418052013747.jpg,1,,
1242,胜泉庵旅游风景区,scenic,宗教场所,北京市,"在这里您可以尽情享受幽静美丽的环境和宜人的景色,还可以零距离观赏百亩野生映山红",3.5,3.7,佛教|宗教建筑,https://r1.visitbeijing.com.cn/vbj-s/2013/0418/20130418101432905.jpg,1,,
1243,盘龙瀑自然风景区,scenic,自然景区,北京市,盘龙瀑不但自然风景优美，且历来以庙多、石多、洞多而著称;盘龙瀑有九沟十八洞，曾有七十二寺。,3.2,4.6,瀑布|水域风光|自然景观,https://r1.visitbeijing.com.cn/vbj-s/2013/0417/20130417093654661.png,1,,
1244,黄松峪水库,scenic,自然景区,北京市,黄松峪水库是不为人所知的地方，夏天水库边成片的桑葚儿熟了没人吃，秋天熟透的山楂落满地成了条条红地毯。,2.8,4.8,休闲垂钓|水域风光|自然景观,https://r1.visitbeijing.com.cn/vbj-s/2013/0416/20130416053628803.jpg,1,,
1245,轩辕台,scenic,历史古迹,北京市,轩辕台它北依群峰，南对盘岳，西邻西汉平谷故城，东望金海湖。,5.5,3.9,历史文化|遗产古迹|黄帝陵|祭祀|登山,https://r1.visitbeijing.com.cn/vbj-s/2013/0416/20130416050243393.jpg,1,,
1246,鱼子山抗日纪念馆,scenic,纪念馆/名人故居,北京市,鱼子山村原为抗战时期冀东军区18分军区军械修理所所在地。,7.9,4.1,纪念馆|抗日|红色旅游|革命历史,https://r1.visitbeijing.com.cn/vbj-s/2013/0418/20130418102408193.jpg,1,,
1247,平谷飞龙谷,scenic,自然景区,北京市,平谷飞龙谷峰峦高耸，群峰叠翠，山泉处处，溪流飞瀑，隐隐青山望不断，悠悠绿水流不尽，可谓“无山不秀，无石不奇”。,1.4,4.4,山地风光|自然景观,https://r1.visitbeijing.com.cn/vbj-s/2013/0416/20130416023825120.jpg,1,,
1248,上宅文化陈列馆,scenic,博物馆/展览馆,北京市,在风景如画的金海湖畔，有一座造型奇特的建筑——上宅文化陈列馆。这是我国第一座以考古学文化命名的专题陈列馆。,4.6,4.4,博物馆,https://r1.visitbeijing.com.cn/vbj-s/2013/0327/20130327093652564.jpg,1,,
1249,京东老泉山野公园,scenic,城市公园,北京市,园内的基础设施、配套设施齐备，6个核心景区及8个辅助景区形成得天独厚的自然景观与神秘传奇的人文色彩景观交相辉映。,5.4,4.7,休闲娱乐|城市公园,https://r1.visitbeijing.com.cn/vbj-s/2015/0511/20150511113406304.jpg,1,,
1250,湖洞水旅游区,scenic,自然景区,北京市,湖洞水是京郊理想的避暑郊游胜地，是中小学举办夏令营的好去处。,2.4,4.3,休闲垂钓|水域风光|自然景观,https://r1.visitbeijing.com.cn/vbj-s/2015/0511/20150511112824816.jpg,1,,
1251,北京胜泉亲水湾旅游景区,scenic,自然景区,北京市,胜泉庵旅游风景区因景区内的千年胜泉而得名。不论春夏秋冬，不管天有多旱地有多干，这胜泉之水始终如一，滢滢烁烁、汩汩有声。,2.7,4.4,亲水|水域风光,https://r1.visitbeijing.com.cn/vbj-s/2012/1208/20121208095239776.jpg,1,,
1252,北京渔阳国际滑雪场,scenic,体育场馆,北京市,穿上厚厚的雪服，戴上防风镜，去体验冲下雪道的畅快。,7.3,4.7,体育场馆|冬季运动|滑雪|运动健身,https://r1.visitbeijing.com.cn/vbj-s/2016/1118/20161118042051221.jpg,1,,
1253,京东大溶洞,scenic,自然景区,北京市,大溶洞洞体岩石奇特，溶洞洞壁有的似片片浮云，有的如座座莲花，有的状如簇簇巨蘑，还有的似西风卷帘。,3.4,3.9,溶洞|地质奇观|自然景观,https://r1.visitbeijing.com.cn/vbj-s/2015/1224/20151224014944174.jpg,1,,
1254,北京天地和农庄,scenic,农业观光,北京市,,1.4,4.1,亲子互动|农业观光|采摘体验,https://r1.visitbeijing.com.cn/vbj-s/2016/1229/20161229042425174.jpg,1,,
1255,金玉达种植有限公司,scenic,农业观光,北京市,北京金玉达种植有限公司位于北京市通州区西集镇小辛庄村西,3.3,4,农业观光|采摘体验,https://r1.visitbeijing.com.cn/vbj-s/2016/1229/20161229035949284.jpg,1,,
1256,北京市红樱桃园艺场,scenic,农业观光,北京市,北京市红樱桃园艺场位于通州区西集镇沙古堆村西，京杭大运河东岸。,5.7,3.9,农业观光|采摘体验,https://r1.visitbeijing.com.cn/vbj-s/2016/1229/20161229023823656.jpg,1,,
1257,红樱旅游观光园,scenic,农业观光,北京市,,5.6,4.2,亲子互动|农业观光|采摘体验,https://r1.visitbeijing.com.cn/vbj-s/2016/1229/20161229022010517.jpg,1,,
1258,北京世纪环美绿化生态园,scenic,农业观光,北京市,草莓又叫红莓、洋莓、地莓等，是一种红色的花果。,1.1,4.4,观光景点|亲子互动|农业观光|采摘体验,https://r1.visitbeijing.com.cn/vbj-s/2016/1229/20161229110053214.jpg,1,,
1259,北京武窑松江果园,scenic,农业观光,北京市,,1.8,3.7,亲子互动|农业观光|采摘体验,https://r1.visitbeijing.com.cn/vbj-s/2016/1228/20161228022329190.jpg,1,,
1260,漷县翟各庄精品枣园,scenic,农业观光,北京市,,2.5,4.6,农业观光|采摘体验,https://r1.visitbeijing.com.cn/vbj-s/2016/1228/20161228021412899.jpg,1,,
1261,永乐光明合作社,scenic,农业观光,北京市,北京永乐光明果品专业合作社成立于2008年5月7日,2.6,4.5,农业观光|乡村体验,https://r1.visitbeijing.com.cn/vbj-s/2016/1228/20161228014911537.jpg,1,,
1262,熬硝营贡枣专业合作社,scenic,农业观光,北京市,,1.8,3.6,农业观光|采摘体验,https://r1.visitbeijing.com.cn/vbj-s/2016/1228/20161228113612908.jpg,1,,
1263,儒林大樱桃专业合作社,scenic,农业观光,北京市,儒林大樱桃专业合作社位于北京市通州区西集镇儒林村，与运河人家度假村毗邻。在北运河的东岸，属于古运河的冲积平原。,5.5,4.6,农业观光|森林公园|自然生态|采摘体验,https://r1.visitbeijing.com.cn/vbj-s/2016/1228/20161228100703113.jpg,1,,
1264,沙古堆大樱桃专业合作社,scenic,农业观光,北京市,通州区西集镇沙古堆村具有悠久的历史，交通便利，远近闻名。,5.1,3.8,农业观光|采摘体验,https://r1.visitbeijing.com.cn/vbj-s/2016/1227/20161227030144179.jpg,1,,
1265,北京玉宝果园,scenic,农业观光,北京市,玉宝果园位于顺义潞城镇岔道村，乘区内13路到岔道村或食品厂下车即到 。,5.6,3.9,亲子互动|农业观光|采摘体验,https://r1.visitbeijing.com.cn/vbj-s/2016/1227/20161227023224425.jpg,1,,
1266,王上村大樱桃专业合作社,scenic,农业观光,北京市,,3.9,4,农业观光|合作社|采摘体验|樱桃,https://r1.visitbeijing.com.cn/vbj-s/2016/1227/20161227015108297.jpg,1,,
1267,和谐农庄,scenic,农业观光,北京市,,8,3.9,亲子互动|农业观光|采摘体验,https://r1.visitbeijing.com.cn/vbj-s/2016/1227/20161227110931674.jpg,1,,
1268,上林苑樱桃园,scenic,农业观光,北京市,上林苑樱桃园位于北京市通州区西集镇。西集镇儒林村位于北京市东南部，距通州区卫星城约21公里，距北京市区东四环约25公里。,2,3.8,农业观光|森林公园|自然生态|采摘体验,https://r1.visitbeijing.com.cn/vbj-s/2016/1227/20161227105423949.jpg,1,,
1269,胡庄樱桃园,scenic,农业观光,北京市,采摘园交通方便，采摘品种多样，安全健康是这里果子最大的特色。,3.6,4.6,农业观光|采摘体验,https://r1.visitbeijing.com.cn/vbj-s/2016/1227/20161227105020949.jpg,1,,
1270,王庄果树专业合作社,scenic,农业观光,北京市,,5.8,4.4,森林公园|自然生态,https://r1.visitbeijing.com.cn/vbj-s/2016/1226/20161226025450840.jpg,1,,
1271,于辛庄村果园,scenic,农业观光,北京市,春暖花开，又是采摘的好时节。完全有机农家肥培育的新鲜樱桃，娇艳欲滴,3.5,4.2,亲子互动|农业观光|采摘体验,https://r1.visitbeijing.com.cn/vbj-s/2016/1226/20161226021748645.jpg,1,,
1272,东润鑫艺园,scenic,农业观光,北京市,,3.6,4.8,农业观光|园艺,https://r1.visitbeijing.com.cn/vbj-s/2016/1226/20161226021343721.jpg,1,,
1273,史东仪村,scenic,度假休闲,北京市,,2.4,4.4,乡村|农村|民俗,https://r1.visitbeijing.com.cn/vbj-s/2016/1226/20161226020932974.jpg,1,,
1274,北京御富园种植园,scenic,农业观光,北京市,北京市大高力御富园葡萄采摘园位于通州区张家湾镇大高力村，御富园采摘园有果木园林200多亩,1.2,4.2,亲子互动|农业观光|采摘体验,https://r1.visitbeijing.com.cn/vbj-s/2016/1226/20161226014327193.jpg,1,,
1275,萧太后河码头遗址公园,scenic,历史古迹,北京市,萧太后河码头遗址公园，位于京城的东南部，因辽萧太后主持开挖而得名，始于统和六年(988年)。,2.9,4.2,历史文化|考古|遗址|遗址公园,https://r1.visitbeijing.com.cn/vbj-s/2016/1208/20161208023136680.jpg,1,,
1276,台湖艺术公园,scenic,城市公园,北京市,,1.6,3.8,休闲垂钓|休闲娱乐|城市公园|水域风光|自然景观,https://r1.visitbeijing.com.cn/vbj-s/2016/1207/20161207040309552.jpg,1,,
1277,运河苑温泉度假村,scenic,度假休闲,北京市,北京通州运河苑温泉度假村坐落于北京通州区宋庄镇白庙村，于2009年9月成为三河汇福粮油集团的下属公司。,3.4,3.7,休闲度假|住宿|度假村|温泉康养,https://r1.visitbeijing.com.cn/vbj-s/2016/1109/20161109023521593.jpg,1,,
1278,宋庄画家村,scenic,文化艺术空间,北京市,宋庄画家村在北京市通州区北部，有一块温榆河与潮白河环绕的秀美土地，丰富的文化底蕴，淳朴的民风，造就了中国乃至世界规模最大的艺术大本营——宋庄小堡画家村。,1.3,3.6,艺术区|画家聚集区|文创|当代艺术,https://r1.visitbeijing.com.cn/vbj-s/2016/0929/20160929015508858.png,1,,
1279,梨园主题公园,scenic,城市公园,北京市,梨园主题公园坐落于八通轻轨临河里站南侧，公园油戏楼、书鼓场、中心广场、京剧标志物雕塑、云光湖等景区组成。,5.2,4.4,休闲娱乐|城市公园,https://r1.visitbeijing.com.cn/vbj-s/2016/0922/20160922020127287.png,1,,
1280,东1时区公园,scenic,城市公园,北京市,京城东部地区首个10公顷的大型社区公园东一时区公园将正式免费对市民开放。,3.1,4,休闲娱乐|城市公园,https://r1.visitbeijing.com.cn/vbj-s/2016/0912/20160912023915283.jpg,1,,
1281,大运河水梦园,scenic,自然景区,北京市,大运河水梦园始建于2000年，2004年正式对外营业。占地1100亩，其中水域面积达18万平方米,4.6,3.8,亲水|水域风光,https://r1.visitbeijing.com.cn/vbj-s/2016/0909/20160909042700593.jpg,1,,
1282,运河苑温泉水世界,scenic,度假休闲,北京市,在通州宋庄的潮白河畔河有这样一个特色住宿、美味海鲜、温泉水世界和农场动物园一体的度假村，这就是运河苑渡假村.,1.1,4.2,休闲度假|温泉康养,https://r1.visitbeijing.com.cn/vbj-s/2016/0114/20160114041112525.jpg,1,,
1283,玉春园,scenic,城市公园,北京市,是通州百姓休闲、娱乐的一处好所公园，现园内文体活动内容丰富。,3.1,3.6,观光景点,https://r1.visitbeijing.com.cn/vbj-s/2015/0914/20150914053605584.jpg,1,,
1284,漫春园,scenic,城市公园,北京市,利用乔木、灌木、地被花卉、水生植物等高中低不同层次的园林植物，形成四季不同的季相景观。,1.2,3.9,观光景点,https://r1.visitbeijing.com.cn/vbj-s/2015/0914/20150914045924652.jpg,1,,
1285,萧太后河公园,scenic,城市公园,北京市,这条河是北京最早的人工运河，因辽萧太后主持开挖而得名，旁边有一座历史悠久的的古城墙。,2.4,4.5,休闲娱乐|城市公园,https://r1.visitbeijing.com.cn/vbj-s/2015/0914/20150914043912676.jpg,1,,
1286,第五季龙水凤港生态农场,scenic,农业观光,北京市,第五季旅游度假、休闲养生、特色采摘、沙滩戏水、垂钓烧烤、野炊露营及百亩热带雨林观光采摘休闲体验。,4,4.6,亲子互动|农业观光|采摘体验,https://r1.visitbeijing.com.cn/vbj-s/2015/0821/20150821053956723.jpg,1,,
1287,海豚湾婴幼儿水育馆,scenic,主题乐园,北京市,海豚湾婴幼儿水育馆旨在为0-5岁的宝宝提供科学的水中教育指导，普及婴儿游泳为发展使命,6,4.4,亲水|水域风光,https://r1.visitbeijing.com.cn/vbj-s/2015/0818/20150818023228695.jpg,1,,
1288,大戚收音机电影机博物馆,scenic,博物馆/展览馆,北京市,历时近十年时间，收藏不同类别、不同年代、不同国家生产的收音机和电影机及其相关藏品三千余部,3.8,4.3,博物馆,https://r1.visitbeijing.com.cn/vbj-s/2015/0720/20150720052657201.jpg,1,,
1289,北京观光南瓜园,scenic,农业观光,北京市,园区是集南瓜观光、休闲娱乐、科普文化、餐饮宴会于一身的综合生态观赏园。,3.9,4.4,农业观光|采摘体验,https://r1.visitbeijing.com.cn/vbj-s/2015/0720/20150720101600339.jpg,1,,
1290,莎日娜蒙古风情生态观光园,scenic,农业观光,北京市,这里有洁白传统的蒙古包群，纯正的蒙古美食，外脆内嫩的烤全羊、烤羊腿，飘香四溢的手把肉，奶茶、炒米及各种蒙古风味的奶食品,3.8,4.7,亲子互动|农业观光|采摘体验,https://r1.visitbeijing.com.cn/vbj-s/2015/0717/20150717045924716.jpg,1,,
1291,融风寨天泉垂钓谷,scenic,自然景区,北京市,融风寨天泉垂钓谷是一所以绿色农艺为依托，以垂钓为主，集餐饮、会议、住宿、娱乐为一体的绿色休闲度假场所。,3.1,3.9,亲水|古镇古村|山地风光|民俗风情|水域风光|自然景观,https://r1.visitbeijing.com.cn/vbj-s/2015/0717/20150717040535375.jpg,1,,
1292,通州博物馆,scenic,博物馆/展览馆,北京市,通州博物馆馆址为通州区文物保护单位，该馆是一座保存完好的清代二进四合套院，典型的北京建筑风格，颇具地方特色,5.6,4,博物馆,https://r1.visitbeijing.com.cn/vbj-s/2015/0717/20150717031915528.jpg,1,,
1293,北京国际图书城,scenic,文化艺术空间,北京市,北京国际图书城是全国规模最大、品种最全的出版物会展场所和全国第一大书城。,4.9,3.6,书店|图书市场|文化市场|会展,https://r1.visitbeijing.com.cn/vbj-s/2015/0717/20150717012749670.jpg,1,,
1294,CKC国际宠物公园,scenic,城市公园,北京市,CKC国际宠物公园是目前国内规模宏大、功能齐全的以纯种犬文化为主题的专业宠物公园。,4.4,4.2,休闲娱乐|城市公园,https://r1.visitbeijing.com.cn/vbj-s/2015/0717/20150717112728434.jpg,1,,
1295,牛仔汽车电影院,scenic,主题乐园,北京市,通州牛仔汽车电影院！走进美国小镇·通州牛仔汽车电影院，漫步在星空下，感受美国小镇风情，感受牛仔文化,4.3,4.7,汽车影院|电影文化|娱乐体验,https://r1.visitbeijing.com.cn/vbj-s/2013/1209/20131209032231479.jpg,1,,
1296,金福艺农番茄联合国,scenic,农业观光,北京市,一家集观光采摘、科普教育、科技示范、餐饮住宿、休闲会议、文化艺术与一体的大型都市休闲创意农业旅游景区。,2,3.6,农业观光|特色种植|亲子互动,https://r1.visitbeijing.com.cn/vbj-s/2013/1209/20131209011013949.jpg,1,,
1297,北京运河瓷画艺术馆,scenic,文化艺术空间,北京市,2013年12月北京运河瓷画艺术馆与北京市通州区旅游行业协会联手派发免费参观电子券门票，数量500张。,3.5,4.6,文创园区|美术馆/艺术馆|艺术展览,https://r1.visitbeijing.com.cn/vbj-s/2013/1206/20131206041205494.jpg,1,,
1298,北京葡萄大观园,scenic,农业观光,北京市,粉红亚都蜜、维多利亚、里扎马特3个品种还被评为“中华名果”,2.2,4.2,农业观光|采摘体验,https://r1.visitbeijing.com.cn/vbj-s/2013/0503/20130503013134818.jpg,1,,
1299,北京崔永平皮影艺术博物馆,scenic,博物馆/展览馆,北京市,由原北京皮影剧团团长崔永平出资主办，2004年对外开放。展馆面积约250平方米，展览分制作工序介绍、皮影艺术展示、皮影历史资料等内容。,4,4.5,博物馆|艺术展览,https://r1.visitbeijing.com.cn/vbj-s/2013/0401/20130401045018178.jpg,1,,
1300,通州区博物馆,scenic,博物馆/展览馆,北京市,院内油漆彩画，古色古香，其中，通州八景彩绘图，更为绚丽夺目。院中置圆形花坛，青砂岩石围砌，浮雕独龙，内植古丁香一株。,3.9,4.5,博物馆,https://r1.visitbeijing.com.cn/vbj-s/2013/0326/20130326030555666.jpg,1,,
1301,瑞正园农庄,scenic,农业观光,北京市,娱乐、休闲、美食、摄影、婚礼于一身的高级低碳环保的首选地方,1.5,3.9,亲子互动|农业观光|采摘体验,https://r1.visitbeijing.com.cn/vbj-s/2015/0805/20150805051702434.jpg,1,,
1302,花仙子万花园,scenic,城市公园,北京市,花仙子万花园为华北地区最大的花卉景点，是集家庭园艺花卉种子产品生产及品种展示；家庭园艺教育和休闲拍摄为一体的时尚园艺万花园。,1.1,4.5,花园|赏花|植物观赏,https://r1.visitbeijing.com.cn/vbj-s/2013/0311/20130311042105595.jpg,1,,
1303,西海子公园,scenic,城市公园,北京市,一条百米仿古建筑的彩色长廊横跨南北两湖之间，湖水碧波荡漾，游人可乘各种动物造型船在湖中游览观景。,3.1,3.8,休闲娱乐|城市公园,https://r1.visitbeijing.com.cn/vbj-s/2012/1206/20121206050212432.jpg,1,,
1304,燃灯塔,scenic,历史古迹,北京市,此燃灯塔已有1300多年历史，因供奉燃灯佛而得名。围绕在这个塔上最大的谜团就是供奉的舍利子到底在第几层？,2.8,4.3,历史遗迹|文化遗产|石刻艺术,https://r1.visitbeijing.com.cn/vbj-s/2012/1208/20121208024901487.jpg,1,,
1305,北京城市学院,campus,校园教育,北京市,北京城市学院就是大家以前所熟知的海淀走读大学，俗称“海跑”， 每年输送了大批优秀人才到社会。,2,4.4,教育文化|高校校园,https://r1.visitbeijing.com.cn/vbj-s/2012/1206/20121206043616149.jpg,1,,
1306,中国人民大学,campus,校园教育,北京市,人民大学校园内景色迷人。春天，近百朱玉兰花昂首怒放；秋天，500余棵银杏树满目金黄。,3.3,4.3,教育文化|高校校园,https://r1.visitbeijing.com.cn/vbj-s/2012/1206/20121206045117713.jpg,1,,
1307,清华大学,campus,校园教育,北京市,清华大学是莘莘学子羡慕的学府，中西合璧的校园景观，散发着浓郁的人文气息。,5.2,4.4,名校|教育文化|网红打卡|高校校园,https://r1.visitbeijing.com.cn/vbj-s/2016/1123/20161123050427543.jpg,1,,
1308,北京大学,campus,校园教育,北京市,全国的最高学府，其文化内涵自不用多言，同时北大内美丽的风景让又有一种想哭的冲动。,1.9,3.6,教育文化|高校校园,https://r1.visitbeijing.com.cn/vbj-s/2016/1123/20161123034231335.jpg,1,,
1309,北京体育大学,campus,校园教育,北京市,唯一拥有体育学一级学科国家重点学科的高等院校和唯一进入“111引智计划”的高等体育院校，在国内外享有盛誉。,4.6,3.6,教育文化|高校校园,https://r1.visitbeijing.com.cn/vbj-s/2013/0104/20130104051647978.jpg,1,,
1310,中国农业大学,campus,校园教育,北京市,中国农业大学历史起自于1905年成立的京师大学堂农科大学,4.9,4,教育文化|高校校园,https://r1.visitbeijing.com.cn/vbj-s/2016/0715/20160715013330514.png,1,,
1311,中央民族大学,campus,校园教育,北京市,中央民族大学(Minzu University of China)坐落于北京学府林立的海淀区，南邻国家图书馆，北依中关村科技园，校园环境典雅，古朴幽美，人文氛围浓郁，具有鲜明的民族特色。,2.9,4.2,教育文化|高校校园,https://r1.visitbeijing.com.cn/vbj-s/2016/0715/20160715012126957.png,1,,
1312,北京师范大学,campus,校园教育,北京市,北京师范大学(Beijing Normal University)简称“北师大”，由中华人民共和国教育部直属，中央直管副部级建制,1.4,4.5,教育文化|高校校园,https://r1.visitbeijing.com.cn/vbj-s/2016/0715/20160715011701720.png,1,,
1313,北京邮电大学,campus,校园教育,北京市,北京邮电大学是教育部直属、工业和信息化部共建、首批进行“211工程”建设的全国重点大学、“985工程优势学科创新平台”,3.9,3.7,教育文化|高校校园,https://r1.visitbeijing.com.cn/vbj-s/2016/0715/20160715123004531.png,1,,
1314,中国地质大学,campus,校园教育,北京市,中国地质大学(China University of Geosciences)，简称地大,3.8,4.5,教育文化|高校校园,https://r1.visitbeijing.com.cn/vbj-s/2016/0715/20160715115442583.png,1,,
1315,北京航空航天大学,campus,校园教育,北京市,北京航空航天大学(BEIHANG UNIVERSITY)，简称“北航”，是一所空天信融合特色的综合性全国重点大学。学校研究领域主要有航空航天、能源动力、信息科学、材料化学、生物医学、机械电子、交通工程、精密仪器、经济管理和社科法学。,4.7,4.7,教育文化|高校校园,https://r1.visitbeijing.com.cn/vbj-s/2016/0715/20160715114534100.png,1,,
1316,北京交通大学,campus,校园教育,北京市,北京交通大学是教育部直属，教育部、中国铁路总公司、北京市人民政府共建的全国重点大学,3.1,3.7,教育文化|高校校园,https://r1.visitbeijing.com.cn/vbj-s/2016/0715/20160715110540826.png,1,,
1317,北京理工大学,campus,校园教育,北京市,北京理工大学(Beijing Institute of Technology)是中华人民共和国工业和信息化部直属的一所以理工科为主干，工、理、管、文协调发展的全国重点大学,1.6,4.2,教育文化|高校校园,https://r1.visitbeijing.com.cn/vbj-s/2016/0715/20160715115627755.jpg,1,,
1318,北京理工大学体育馆,scenic,体育场馆,北京市,该馆属于改扩建比赛场馆，08奥运会期间为排球比赛用场，残奥会期间为盲人门球用场。,4.6,4.5,体育场馆|教育文化|运动健身|高校校园,https://r1.visitbeijing.com.cn/vbj-s/2012/1207/20121207031251839.jpg,1,,
1319,中国传媒大学,campus,校园教育,北京市,北京城东古运河畔，校园环境优美，这里培养出了大批信息传播领域高层次人才。,4.7,4,教育文化|高校校园,https://r1.visitbeijing.com.cn/vbj-s/2015/0730/20150730095817329.jpg,1,,
1320,中央美术学院,campus,校园教育,北京市,中央美术学院坐落在北京城幽静的东北角，是教育部直属的惟一一所高等美术学院。,3,3.7,教育文化|高校校园,https://r1.visitbeijing.com.cn/vbj-s/2013/0106/20130106120424336.jpg,1,,
1321,北京邮电大学沙河校区,campus,校园教育,北京市,北京邮电大学沙河校区位于北京市昌平区沙河高教园区，是北京邮电大学重要办学园区之一。校区包含教学楼、图书馆、学生宿舍、食堂、体育场和学院楼等区域，适合作为校园内部道路图与步行路线规划示例。,8.8,4.6,教育文化|高校校园|校园导航,https://upload.wikimedia.org/wikipedia/commons/3/3d/BUPT_shahe_all.jpg,1,,"116.28333,40.15608"
1322,北京航空航天大学沙河校区,campus,校园教育,北京市,北京航空航天大学沙河校区位于北京市昌平区沙河高教园区，是北京航空航天大学重要办学园区之一。校区包含图书馆、食堂、宿舍、体育场馆、工程训练中心和教学科研区域，适合作为校园内部道路图与步行路线规划示例。,8.9,4.7,教育文化|高校校园|校园导航,https://zwb.buaa.edu.cn/__local/4/09/3D/D53B579DF55205AA963D6466870_2A59503C_47B39.jpeg,1,,"116.270281,40.153574"
