id,destination_id,facility_id,name,food_type,shop_name,description,heat_score,rating_score,avg_price,cover_url,lng,lat
,10,,禾家中餐厅,杨枝甘露,禾家中餐厅,"北京环球度假区 | 营业时间:周一至周日 05:30-10:00,11:30-14:30 | 电话:010-57326308",2.2,4.2,318,http://store.is.autonavi.com/showpic/54cb72a995c4cccfe439072cdc06f2ab,116.682226,39.850822
,10,,全聚德(北京环球城市大道店),烤鸭,全聚德(北京环球城市大道店),北京环球度假区 | 营业时间:周一至周日 09:00-21:30 | 电话:19910293778,9,4.5,143,https://store.is.autonavi.com/showpic/da2f06505a645da90000001013182876?type=pic,116.677233,39.851251
,10,,穿越·外婆家旗舰店,龙井手剥虾仁,穿越·外婆家旗舰店,北京环球度假区 | 营业时间:周一至周日 09:30-21:30 | 电话:16619041691,8.4,4.5,104,http://store.is.autonavi.com/query_pic?id=st59fb6d0a-48a0-477f-b3eb-f95cdffc5190&user=search&operate=original,116.677247,39.851609
,11,,锣鼓洞天烤鸭·爆肚粉小吃(南锣鼓巷店),卤煮,锣鼓洞天烤鸭·爆肚粉小吃(南锣鼓巷店),北京城区南锣鼓巷102号 | 营业时间:周一至周日 09:30-22:00 | 电话:13260077148,3.5,4.1,58,https://aos-comment.amap.com/B0K3GA3RCS/comment/IMG_20241022_130027_tem_1729573297544_83707914.jpg,116.403237,39.935349
,11,,方砖厂69号炸酱面(南锣鼓巷2店),椒盐小酥肉,方砖厂69号炸酱面(南锣鼓巷2店),北京城区南锣鼓巷117号 | 营业时间:周一至周日 09:00-21:30 | 电话:13051259673,6.2,4.7,37,https://aos-comment.amap.com/B0J21UFGSM/comment/0188C9F7_142C_4176_89BF_17465F8DF644_L0_001_2000_150_1765119514863_20707292.jpg,116.403087,39.935587
,11,,李记羊肉串,羊肉串,李记羊肉串,南锣鼓巷与雨儿胡同交叉口西北20米,0.1,2.9,0,,116.403075,39.935775
,11,,北平咖啡(南锣鼓巷店),覆盆子挞,北平咖啡(南锣鼓巷店),南锣鼓巷113-2号 | 营业时间:周一至周五 10:00-21:00；周六至周日 10:00-22:00 | 电话:010-84039198,2.5,4.5,69,https://aos-comment.amap.com/B000A96HC9/comment/content_media_external_file_1000064463_ss__1754858314422_46345757.jpg,116.403121,39.935771
,12,,大海碗·天桥卤煮饺子(天桥店),,大海碗·天桥卤煮饺子(天桥店),永定门内大街1号天桥百货商场一层东北侧 | 营业时间:周一至周日 09:00-21:00 | 电话:13071128916;13681208704,3,4.5,43,https://aos-comment.amap.com/B0J1FA4UPG/comment/8D264825_CA1D_495E_A993_7D2F6B2DF930_L0_001_1500_200_1768809609528_17024433.jpg,116.398246,39.880705
,12,,灯堂咖啡(天桥店),冰美式,灯堂咖啡(天桥店),新农街13号(天桥地铁站A西北口步行270米) | 营业时间:周一至周四 10:00-18:00；周五至周日 10:00-19:00 2026-02-15至2026-02-23 周一至周日 全天关闭；2026-02-27至2026-02-28 周一至周日 10:00-18:00 | 电话:18610932376,2.2,4.5,35,http://store.is.autonavi.com/showpic/ca125ccebd3832a44ca48d443fd79ab4,116.397044,39.882386
,12,,天桥艺术·咖啡与茶,咖啡厅,天桥艺术·咖啡与茶,天桥南里(天桥地铁站A西北口步行270米) | 营业时间:周一至周日 09:00-22:00 | 电话:15011033699,0.1,3.9,35,https://aos-comment.amap.com/B0LRCOHTMJ/comment/content_media_external_images_media_19537_ss__1754111003668_64083684.jpg,116.397041,39.882412
,12,,合乐多味食堂(天桥店),寿司,合乐多味食堂(天桥店),天桥南大街9号天桥艺术中心一楼105 | 营业时间:周一至周日 11:00-22:30 | 电话:18353509091,5.6,4.4,56,https://aos-comment.amap.com/comment/content_service__1772428440882_80719558_1772428486763_30664785.jpg,116.398245,39.882717
,12,,大海碗·炸酱面·烤鸭·京菜(天坛店),炸灌肠,大海碗·炸酱面·烤鸭·京菜(天坛店),永定门内大街1号天桥乐汇百货商场B1层 | 营业时间:周一至周日 10:30-21:30 | 电话:010-63132168,9.1,4.5,65,https://aos-comment.amap.com/B000A9JRO6/comment/EF26447E_4A8B_4CB8_8515_F5397174AFAE_L0_001_750_100_1761318930641_85644884.jpg,116.398086,39.880706
,12,,菘菘 音乐·餐饮·空间,音乐餐吧,菘菘 音乐·餐饮·空间,天桥南大街9号楼天桥艺术中心一层104室 | 营业时间:周一至周日 10:30-21:30 | 电话:13511080653,8.6,4.5,49,https://aos-comment.amap.com/comment/content_service__1772426717156_11031296_1772426786594_55260749.jpg,116.398075,39.882625
,13,,渔蓝海鲜火锅(首都宾馆店),双人餐,渔蓝海鲜火锅(首都宾馆店),首都宾馆A座一层大堂吧东北角 | 营业时间:周一至周日 16:30-21:30 | 电话:010-58159566,6.4,4.6,163,https://aos-comment.amap.com/B0JRZGS12N/comment/982239bae377647ec1abd48304e1a1e9_2048_2048_80.jpg,116.409635,39.902001
,13,,北京隆和居美食城(正义路店),干锅千页豆腐,北京隆和居美食城(正义路店),东华门街道正义路8号(原市政府斜对面) | 营业时间:周一至周日 10:00-22:30 | 电话:010-65263265;13520777900,8,4.4,73,https://store.is.autonavi.com/showpic/72fbdf46904d9ac20000002152518124?type=pic,116.406444,39.903414
,13,,松鹤楼(台基厂店),松鼠桂鱼,松鹤楼(台基厂店),"北京城区台基厂大街10号(东郊民巷小学旁) | 营业时间:周一至周日 11:00-14:00,17:00-21:00 2026-02-17至2026-02-23 周一至周日 11:00-14:00,16:30-21:00 | 电话:010-65278195;010-65279255",8.6,4.5,153,http://store.is.autonavi.com/query_pic?id=st4e59a81c-8dd5-4876-9cdf-1e3afe32ebe2&user=search&operate=original,116.411839,39.903469
,13,,君庭中餐厅(首都宾馆店),牛肉,君庭中餐厅(首都宾馆店),"前门东大街3号首都宾馆东北门门房 | 营业时间:周一至周日 11:00-14:00,17:00-21:00 | 电话:010-58159788",1.3,4.4,213,https://aos-comment.amap.com/comment/content_service__1771506306909_36408294_1771506354089_05149994.jpg,116.408956,39.902119
,13,,食鼎轩烤鸭·私房菜(北京王府井台基厂大街店),老北京炙子烤肉,食鼎轩烤鸭·私房菜(北京王府井台基厂大街店),"台基厂大街10-1号 | 营业时间:周一至周日 10:00-14:30,16:30-22:00 | 电话:010-63445868;18519118048",9,4.6,70,https://aos-comment.amap.com/B0KGRMA21S/comment/content_media_external_file_100003357_1767011828140_18373911.jpg,116.411861,39.903494
,13,,奥华餐厅老张记(台基厂店),虾仁独面筋,奥华餐厅老张记(台基厂店),北京城区台基厂大街18-3号 | 营业时间:周一至周日 10:30-21:30 | 电话:010-65129289;010-65244021,0.3,4.6,62,http://store.is.autonavi.com/showpic/a44d4745fdde65bc76e850f893a9937b,116.411937,39.902869
,14,,以沫咖啡,咖啡厅,以沫咖啡,奥体森林公园南门西侧以沫咖啡,6.6,4.1,29,http://store.is.autonavi.com/showpic/7aef534dd8e85e11c77d0f4afd4bdde8,116.391469,40.011902
,15,,山西面馆川湘菜,中餐厅,山西面馆川湘菜,众智家园西侧160米,3.7,3.6,0,https://store.is.autonavi.com/showpic/e2391c768339086ec9c1b11191b613bc,116.808858,40.337426
,19,,渔蓝海鲜火锅(首都宾馆店),双人餐,渔蓝海鲜火锅(首都宾馆店),首都宾馆A座一层大堂吧东北角 | 营业时间:周一至周日 16:30-21:30 | 电话:010-58159566,2.7,4.6,163,https://aos-comment.amap.com/B0JRZGS12N/comment/982239bae377647ec1abd48304e1a1e9_2048_2048_80.jpg,116.409635,39.902001
,19,,良苑烤鸭店(前门店),家常菜,良苑烤鸭店(前门店),前门东大街14号楼前 | 营业时间:周一至周日 11:00-21:00 | 电话:010-65122322,4.1,4.5,80,https://aos-comment.amap.com/B000A7C192/comment/5B6F0744_4E23_4727_BFA1_4FF00A1CB9F2_L0_001_2000_150_1760867253847_38700077.jpg,116.408677,39.900407
,19,,北京隆和居美食城(正义路店),干锅千页豆腐,北京隆和居美食城(正义路店),东华门街道正义路8号(原市政府斜对面) | 营业时间:周一至周日 10:00-22:30 | 电话:010-65263265;13520777900,4.6,4.4,73,https://store.is.autonavi.com/showpic/72fbdf46904d9ac20000002152518124?type=pic,116.406444,39.903414
,19,,松鹤楼(台基厂店),松鼠桂鱼,松鹤楼(台基厂店),"北京城区台基厂大街10号(东郊民巷小学旁) | 营业时间:周一至周日 11:00-14:00,17:00-21:00 2026-02-17至2026-02-23 周一至周日 11:00-14:00,16:30-21:00 | 电话:010-65278195;010-65279255",4,4.5,153,http://store.is.autonavi.com/query_pic?id=st4e59a81c-8dd5-4876-9cdf-1e3afe32ebe2&user=search&operate=original,116.411839,39.903469
,19,,君庭中餐厅(首都宾馆店),牛肉,君庭中餐厅(首都宾馆店),"前门东大街3号首都宾馆东北门门房 | 营业时间:周一至周日 11:00-14:00,17:00-21:00 | 电话:010-58159788",7.7,4.4,213,https://aos-comment.amap.com/comment/content_service__1771506306909_36408294_1771506354089_05149994.jpg,116.408956,39.902119
,19,,食鼎轩烤鸭·私房菜(北京王府井台基厂大街店),老北京炙子烤肉,食鼎轩烤鸭·私房菜(北京王府井台基厂大街店),"台基厂大街10-1号 | 营业时间:周一至周日 10:00-14:30,16:30-22:00 | 电话:010-63445868;18519118048",2,4.6,70,https://aos-comment.amap.com/B0KGRMA21S/comment/content_media_external_file_100003357_1767011828140_18373911.jpg,116.411861,39.903494
,19,,奥华餐厅老张记(台基厂店),虾仁独面筋,奥华餐厅老张记(台基厂店),北京城区台基厂大街18-3号 | 营业时间:周一至周日 10:30-21:30 | 电话:010-65129289;010-65244021,9.6,4.6,62,http://store.is.autonavi.com/showpic/a44d4745fdde65bc76e850f893a9937b,116.411937,39.902869
,19,,壹条龙涮肉(台基厂店),鲜牛肉,壹条龙涮肉(台基厂店),前门东大街2号 | 营业时间:周一至周日 10:30-22:00 | 电话:010-67767778;18515266670,0.8,4.7,68,https://aos-comment.amap.com/B000A7NF1Q/comment/55B841D2_61E1_4F84_B0E1_A041AC336980_L0_001_1280_170_1767838067206_33082041.jpg,116.41096,39.900433
,19,,本纯食社原生态主题餐厅(首都大酒店写字楼店),鸡汤,本纯食社原生态主题餐厅(首都大酒店写字楼店),"东交民巷20号首都大酒店写字楼F1层 | 营业时间:周一至周日 10:00-14:00,17:00-21:00 | 电话:010-57267358;010-58159288",9.4,3.9,202,http://store.is.autonavi.com/showpic/905479cea38e45586832d9ba73202990,116.409108,39.902053
,20,,渔蓝海鲜火锅(首都宾馆店),双人餐,渔蓝海鲜火锅(首都宾馆店),首都宾馆A座一层大堂吧东北角 | 营业时间:周一至周日 16:30-21:30 | 电话:010-58159566,3.7,4.6,163,https://aos-comment.amap.com/B0JRZGS12N/comment/982239bae377647ec1abd48304e1a1e9_2048_2048_80.jpg,116.409635,39.902001
,20,,北京隆和居美食城(正义路店),干锅千页豆腐,北京隆和居美食城(正义路店),东华门街道正义路8号(原市政府斜对面) | 营业时间:周一至周日 10:00-22:30 | 电话:010-65263265;13520777900,5,4.4,73,https://store.is.autonavi.com/showpic/72fbdf46904d9ac20000002152518124?type=pic,116.406444,39.903414
,20,,松鹤楼(台基厂店),松鼠桂鱼,松鹤楼(台基厂店),"北京城区台基厂大街10号(东郊民巷小学旁) | 营业时间:周一至周日 11:00-14:00,17:00-21:00 2026-02-17至2026-02-23 周一至周日 11:00-14:00,16:30-21:00 | 电话:010-65278195;010-65279255",8.4,4.5,153,http://store.is.autonavi.com/query_pic?id=st4e59a81c-8dd5-4876-9cdf-1e3afe32ebe2&user=search&operate=original,116.411839,39.903469
,20,,君庭中餐厅(首都宾馆店),牛肉,君庭中餐厅(首都宾馆店),"前门东大街3号首都宾馆东北门门房 | 营业时间:周一至周日 11:00-14:00,17:00-21:00 | 电话:010-58159788",0.8,4.4,213,https://aos-comment.amap.com/comment/content_service__1771506306909_36408294_1771506354089_05149994.jpg,116.408956,39.902119
,20,,食鼎轩烤鸭·私房菜(北京王府井台基厂大街店),老北京炙子烤肉,食鼎轩烤鸭·私房菜(北京王府井台基厂大街店),"台基厂大街10-1号 | 营业时间:周一至周日 10:00-14:30,16:30-22:00 | 电话:010-63445868;18519118048",6.7,4.6,70,https://aos-comment.amap.com/B0KGRMA21S/comment/content_media_external_file_100003357_1767011828140_18373911.jpg,116.411861,39.903494
,20,,奥华餐厅老张记(台基厂店),虾仁独面筋,奥华餐厅老张记(台基厂店),北京城区台基厂大街18-3号 | 营业时间:周一至周日 10:30-21:30 | 电话:010-65129289;010-65244021,0.9,4.6,62,http://store.is.autonavi.com/showpic/a44d4745fdde65bc76e850f893a9937b,116.411937,39.902869
,21,,老北京炸酱面(景山前街店),中餐厅,老北京炸酱面(景山前街店),景山前街北海 | 营业时间:周一至周日 00:00-24:00,7.7,4.1,27,https://aos-comment.amap.com/B0G0AKOSSJ/comment/4502E5D2_9E09_4424_A43A_1C441302EC8B_L0_001_2000_150_1771475587667_31693695.jpg,116.391123,39.922913
,21,,原鄉本味景山西街烤鸭店,北京烤鸭,原鄉本味景山西街烤鸭店,景山西街19号 | 营业时间:周一至周日 10:00-20:30 | 电话:010-64025046,8.9,4.2,64,http://store.is.autonavi.com/showpic/2f9f1dd3ccccc181b370dbe9bbe8bc3c,116.39349,39.92601
,21,,寻常巷陌小酒馆,咖啡厅,寻常巷陌小酒馆,"沙滩后街61号(近景山东街) | 营业时间:周二至周四,周日 10:00-00:30；周五至周六 10:30-01:00 | 电话:15201262170",5.4,4.6,85,https://store.is.autonavi.com/showpic/f3df7934ed5e284fbe37c4db0919657e,116.399832,39.925438
,21,,兆景园酒楼,家常菜,兆景园酒楼,景山前街24号(近北海公园南门) | 营业时间:周一至周日 10:00-21:30 | 电话:010-64031332;010-64036587,2.4,4.1,77,http://store.is.autonavi.com/showpic/57b076b0c30520015ca5aa6fb01727f9,116.391471,39.923109
,21,,新年华家常菜(景山西街店),家常菜,新年华家常菜(景山西街店),景山西街19号(近景山公园西门) | 营业时间:周一至周日 11:00-22:00 | 电话:010-84084016,9.7,3.9,71,http://store.is.autonavi.com/showpic/a866e225292b5da1025ca79429ae909f,116.393497,39.926127
,21,,北景源·北京涮肉(故宫角楼店),手切小黄牛肉,北景源·北京涮肉(故宫角楼店),景山前街24号(近北海公园南门) | 营业时间:周一至周日 11:00-21:00 | 电话:010-64031332,5.7,4.6,119,https://aos-comment.amap.com/B0KRBCU9G0/comment/D749FD04_7253_47F4_A31A_3D4D18F5B82A_L0_001_1336_200_1746342448125_55412649.jpg,116.391471,39.923109
,21,,坤宁宫东院餐厅,点心,坤宁宫东院餐厅,坤宁宫 | 营业时间:周一至周日 08:00-16:30 | 电话:010-65214141,4.4,4.4,0,https://aos-comment.amap.com/B0FFI1BA2H/comment/2f5155d3-9f74-44cd-b1a0-427694477026.png,116.397327,39.921089
,22,,渔蓝海鲜火锅(首都宾馆店),双人餐,渔蓝海鲜火锅(首都宾馆店),首都宾馆A座一层大堂吧东北角 | 营业时间:周一至周日 16:30-21:30 | 电话:010-58159566,2.1,4.6,163,https://aos-comment.amap.com/B0JRZGS12N/comment/982239bae377647ec1abd48304e1a1e9_2048_2048_80.jpg,116.409635,39.902001
,22,,北京隆和居美食城(正义路店),干锅千页豆腐,北京隆和居美食城(正义路店),东华门街道正义路8号(原市政府斜对面) | 营业时间:周一至周日 10:00-22:30 | 电话:010-65263265;13520777900,2.1,4.4,73,https://store.is.autonavi.com/showpic/72fbdf46904d9ac20000002152518124?type=pic,116.406444,39.903414
,22,,松鹤楼(台基厂店),松鼠桂鱼,松鹤楼(台基厂店),"北京城区台基厂大街10号(东郊民巷小学旁) | 营业时间:周一至周日 11:00-14:00,17:00-21:00 2026-02-17至2026-02-23 周一至周日 11:00-14:00,16:30-21:00 | 电话:010-65278195;010-65279255",1.5,4.5,153,http://store.is.autonavi.com/query_pic?id=st4e59a81c-8dd5-4876-9cdf-1e3afe32ebe2&user=search&operate=original,116.411839,39.903469
,22,,君庭中餐厅(首都宾馆店),牛肉,君庭中餐厅(首都宾馆店),"前门东大街3号首都宾馆东北门门房 | 营业时间:周一至周日 11:00-14:00,17:00-21:00 | 电话:010-58159788",1.7,4.4,213,https://aos-comment.amap.com/comment/content_service__1771506306909_36408294_1771506354089_05149994.jpg,116.408956,39.902119
,22,,食鼎轩烤鸭·私房菜(北京王府井台基厂大街店),老北京炙子烤肉,食鼎轩烤鸭·私房菜(北京王府井台基厂大街店),"台基厂大街10-1号 | 营业时间:周一至周日 10:00-14:30,16:30-22:00 | 电话:010-63445868;18519118048",6,4.6,70,https://aos-comment.amap.com/B0KGRMA21S/comment/content_media_external_file_100003357_1767011828140_18373911.jpg,116.411861,39.903494
,22,,奥华餐厅老张记(台基厂店),虾仁独面筋,奥华餐厅老张记(台基厂店),北京城区台基厂大街18-3号 | 营业时间:周一至周日 10:30-21:30 | 电话:010-65129289;010-65244021,5.7,4.6,62,http://store.is.autonavi.com/showpic/a44d4745fdde65bc76e850f893a9937b,116.411937,39.902869
,23,,渔蓝海鲜火锅(首都宾馆店),双人餐,渔蓝海鲜火锅(首都宾馆店),首都宾馆A座一层大堂吧东北角 | 营业时间:周一至周日 16:30-21:30 | 电话:010-58159566,3,4.6,163,https://aos-comment.amap.com/B0JRZGS12N/comment/982239bae377647ec1abd48304e1a1e9_2048_2048_80.jpg,116.409635,39.902001
,23,,北京隆和居美食城(正义路店),干锅千页豆腐,北京隆和居美食城(正义路店),东华门街道正义路8号(原市政府斜对面) | 营业时间:周一至周日 10:00-22:30 | 电话:010-65263265;13520777900,1,4.4,73,https://store.is.autonavi.com/showpic/72fbdf46904d9ac20000002152518124?type=pic,116.406444,39.903414
,23,,松鹤楼(台基厂店),松鼠桂鱼,松鹤楼(台基厂店),"北京城区台基厂大街10号(东郊民巷小学旁) | 营业时间:周一至周日 11:00-14:00,17:00-21:00 2026-02-17至2026-02-23 周一至周日 11:00-14:00,16:30-21:00 | 电话:010-65278195;010-65279255",0.6,4.5,153,http://store.is.autonavi.com/query_pic?id=st4e59a81c-8dd5-4876-9cdf-1e3afe32ebe2&user=search&operate=original,116.411839,39.903469
,23,,君庭中餐厅(首都宾馆店),牛肉,君庭中餐厅(首都宾馆店),"前门东大街3号首都宾馆东北门门房 | 营业时间:周一至周日 11:00-14:00,17:00-21:00 | 电话:010-58159788",4.7,4.4,213,https://aos-comment.amap.com/comment/content_service__1771506306909_36408294_1771506354089_05149994.jpg,116.408956,39.902119
,23,,食鼎轩烤鸭·私房菜(北京王府井台基厂大街店),老北京炙子烤肉,食鼎轩烤鸭·私房菜(北京王府井台基厂大街店),"台基厂大街10-1号 | 营业时间:周一至周日 10:00-14:30,16:30-22:00 | 电话:010-63445868;18519118048",0.7,4.6,70,https://aos-comment.amap.com/B0KGRMA21S/comment/content_media_external_file_100003357_1767011828140_18373911.jpg,116.411861,39.903494
,23,,奥华餐厅老张记(台基厂店),虾仁独面筋,奥华餐厅老张记(台基厂店),北京城区台基厂大街18-3号 | 营业时间:周一至周日 10:30-21:30 | 电话:010-65129289;010-65244021,7.6,4.6,62,http://store.is.autonavi.com/showpic/a44d4745fdde65bc76e850f893a9937b,116.411937,39.902869
,24,,庭院酒场,,庭院酒场,粤容易湛林粤西大排挡前门旁,5.7,2.7,0,,116.407725,39.897475
,24,,兴隆·晓Bistro,中餐厅,兴隆·晓Bistro,北京城区东城区北京城区西兴隆街126号 | 营业时间:周二至周日 10:00-02:00 | 电话:18611687781,5.8,3.8,64,https://store.is.autonavi.com/showpic/734358cb775d2561e3664be3bec16184,116.40691,39.897273
,24,,前门小院(前门大街店),中餐厅,前门小院(前门大街店),西兴隆街87号,5.5,4.3,57,https://store.is.autonavi.com/showpic/d417c62b3a4e89040000000599162498,116.40739,39.897508
,24,,十二面馆,中餐厅,十二面馆,草厂头条西门东220米 | 营业时间:周一至周日 09:00-21:00,5.2,4,18,https://store.is.autonavi.com/showpic/e4ad20c0543f24913597a8161926d261,116.406947,39.897523
,24,,天香木府(前门大街店),冰粉,天香木府(前门大街店),西兴隆街132号 | 营业时间:周二至周日 11:30-19:00 | 电话:18513572838,7.2,4,289,http://store.is.autonavi.com/showpic/367563d272a6c25cd5880dbc83208631,116.406706,39.897307
,24,,隅田川咖啡,咖啡厅,隅田川咖啡,西兴隆街103号 | 营业时间:周一至周日 09:00-18:00 | 电话:13269915002,4.6,4.5,30,https://store.is.autonavi.com/showpic/7651cf8a85d1e3f90000000734446954?type=pic,116.406814,39.897541
,24,,為水(前门大街店),手冲咖啡,為水(前门大街店),"西兴隆街85号 | 营业时间:周五 10:00-18:30；周一至周四,周六至周日 10:00-20:00 2026-02-14至2026-02-21 周一至周日 全天关闭 | 电话:15375212126",8.6,4.6,36,https://aos-comment.amap.com/B0H1OUS6O1/comment/F1E9950F_147A_4433_8C3B_1B979D59974F_L0_001_1500_2000_1742804933772_66694883.jpg,116.407434,39.897506
,24,,利群烤鸭店,正宗传统吊炉果木烤鸭,利群烤鸭店,北翔凤胡同11号 | 营业时间:周一至周日 11:00-22:00 | 电话:010-67025681;010-67055578,1.8,4.2,169,http://store.is.autonavi.com/showpic/0bf489db5cf2bbefc667672eb67638db,116.406199,39.898254
,24,,fu3福叁咖啡(西兴隆街店),热饮,fu3福叁咖啡(西兴隆街店),北京城区西兴隆街130号 | 营业时间:周一至周日 10:00-19:00 | 电话:18518500159,1.1,4.7,67,https://store.is.autonavi.com/showpic/dd5171b8b19d72be0000002484034858?type=pic,116.406753,39.897286
,24,,Zhazha Bistro席上喳喳,牛肉,Zhazha Bistro席上喳喳,西兴隆街108号 | 营业时间:周一至周日 12:00-21:30 | 电话:010-67022347;15600869169,4,4.5,98,https://aos-comment.amap.com/B0FFKQ8Z5X/comment/8408745ef9f0cd558460b71f752751c8_2048_2048_80.jpg,116.407542,39.89731
,24,,白记肉饼(前门大街店),肉饼,白记肉饼(前门大街店),"小江胡同1号前门大街 | 营业时间:周一至周日 10:00-14:00,17:00-20:00 | 电话:18515652673",0.9,4.5,38,https://aos-comment.amap.com/B0FFKTSA2U/comment/content_media_external_file_1000156875_ss__1759811095529_00096107.jpg,116.408971,39.899115
,24,,又一號老北京铜锅涮肉,芥末墩儿,又一號老北京铜锅涮肉,"西打磨厂街51号 | 营业时间:周一至周日 06:00-10:00,11:00-22:00 2026-02-17至2026-02-23 周一至周日 10:30-22:00 | 电话:010-67029299",3.4,4.6,129,https://aos-comment.amap.com/B0FFJTIM48/comment/280c09c2afdd0ad3d3bbee2042a26c9c_2048_2048_80.jpg,116.408942,39.899305
,24,,平安锅贴(西兴隆店),酱肘子,平安锅贴(西兴隆店),北京城区西兴隆街75号 | 营业时间:周一至周日 10:00-21:00 | 电话:13811881275,6.8,4.6,35,https://store.is.autonavi.com/showpic/bd23f70682d5f0b68f6382a3cde2ed99,116.40765,39.897465
,24,,羊城美食前门店,隆德虾饺皇,羊城美食前门店,"北京城区西兴隆街81号 | 营业时间:周一至周日 10:00-14:00,16:35-22:00 | 电话:010-82678848;15600318921",0.8,4.4,88,https://aos-comment.amap.com/B0LRABZBOF/comment/content_media_external_file_837_1770702215705_86862145.jpg,116.407475,39.897525
,24,,星爵烧烤(前门大街店),鸡翅,星爵烧烤(前门大街店),西打磨厂街54号 | 营业时间:周一至周日 17:00-01:30 | 电话:15810104372;18611368050,7.5,4.4,94,https://aos-comment.amap.com/B0FFI5C8DB/comment/3ca163eaa6029a16281b3e0925d4f597_2048_2048_80.jpg,116.408812,39.899099
,25,,内蒙来零点串吧,中餐厅,内蒙来零点串吧,松榆南路辅路与南新园西路交叉口东100米,4.1,2.4,78,,116.465228,39.87107
,25,,山西刀削面(潘家园店),豆腐,山西刀削面(潘家园店),南磨房镇松榆南路50号一品粥坊下 | 营业时间:周一至周日 10:00-23:00 | 电话:18010405662,1.4,4,24,https://store.is.autonavi.com/showpic/4c46740d07f6eac9cdfebe7cc0a6c7cf,116.466421,39.871113
,25,,渝满天重庆小吃(松榆南路店),酸辣粉,渝满天重庆小吃(松榆南路店),松榆南路50号3幢平方1号 | 营业时间:周一至周日 07:30-23:30 | 电话:13581888717;13701137879,1.7,4.1,28,https://store.is.autonavi.com/showpic/aec0c794adee4dbeca06a66db189c744,116.46629,39.87108
,25,,何大川菜·金牌水煮鱼(华威桥店),金牌水煮鱼,何大川菜·金牌水煮鱼(华威桥店),松榆南路50号 | 营业时间:周一至周日 10:00-22:00 | 电话:010-53320837;17601607963,6.7,4.6,108,https://aos-comment.amap.com/B0J10SCIAV/comment/9c33907204484aa19a460d61c373d576_2048_2048_80.jpg,116.465706,39.871077
,26,,之参餐厅(前门大街店),中餐厅,之参餐厅(前门大街店),前门大街97号3层(珠市口地铁站A西北口步行340米),6.3,3.4,321,,116.398077,39.894263
,26,,老北京炸酱面(前门总店),京酱肉丝,老北京炸酱面(前门总店),前门煤市街大齐家胡同33号 | 营业时间:周一至周日 10:30-23:00 | 电话:010-63083895,6.5,4.3,63,https://store.is.autonavi.com/showpic/266ac9a5869d4baef815ef5ddfa5291c,116.397958,39.894083
,26,,聚盈烤鸭家常菜(前门粮食街店),双人餐,聚盈烤鸭家常菜(前门粮食街店),粮食店街23号(珠市口地铁站A西北口步行410米) | 营业时间:周一至周日 10:00-22:00 | 电话:15501175381,2.7,4.3,50,https://store.is.autonavi.com/showpic/48bb00b2232419093f978ce67e846272?operate=original,116.397719,39.894839
,26,,惠临家常菜川菜(前门大街店),家常菜,惠临家常菜川菜(前门大街店),前门粮食店街47号(珠市口地铁站A西北口步行270米) | 营业时间:周一至周日 09:30-22:00 | 电话:010-63048205;13911058793,9.7,4,81,https://aos-comment.amap.com/B000A37E14/comment/5A6337A8_5FE1_4A39_923C_CB7CAB82F506_L0_001_1500_200_1772034089759_69701049.jpg,116.397651,39.893597
,26,,六合府老北京铜锅涮肉石锅烤肉,手切鲜牛肉,六合府老北京铜锅涮肉石锅烤肉,北京城区粮食店街42号(喆啡酒店对面) | 营业时间:周一至周日 09:30-23:00 | 电话:13161669146,3.3,3.9,64,https://store.is.autonavi.com/showpic/fd374d87d1d15b64fdeaf7ffb767b6c2,116.397892,39.894106
,26,,百年前门铜锅涮肉(前门大街5店),牛肉大拼,百年前门铜锅涮肉(前门大街5店),北京城区前门大街111号(珠市口地铁站A西北口步行320米) | 营业时间:周一至周日 10:00-22:00 | 电话:010-88231988;18515597150,5.7,4.7,89,https://store.is.autonavi.com/showpic/be195d0b7bdca6a70000002471324934?type=pic,116.398129,39.893887
,26,,健山羊蝎子牛肉饼(粮食店街),牛肉饼,健山羊蝎子牛肉饼(粮食店街),粮食店街27号(珠市口地铁站A西北口步行380米) | 营业时间:周一至周日 09:00-23:00 | 电话:15011109390,8.9,3.6,52,http://store.is.autonavi.com/showpic/d6b35f99d96310e089b51955b30aeed1,116.397726,39.894621
,26,,米线研究所(前门店),米线,米线研究所(前门店),粮食店街与掌扇胡同交叉口北20米 | 营业时间:周一至周日 10:00-22:00 | 电话:18311090789,6.4,3.7,21,https://aos-comment.amap.com/B0J2RMCJU0/comment/0768175E_7BD2_47D3_82AA_D3F5E3AB14EC_L0_001_1500_200_1750122689149_77842974.jpg,116.397741,39.893735
,26,,正阳门小面馆·家常菜(前门大街店),老北京炸酱面,正阳门小面馆·家常菜(前门大街店),北京城区小江胡同1号前门大街(珠市口地铁站A西北口步行290米) | 营业时间:周一至周日 10:00-22:00 | 电话:14701234377;18311090789,5.6,4.2,19,https://aos-comment.amap.com/comment/content_service__1769223641685_38322922_1769224633360_08599484.jpg,116.397636,39.893778
,26,,正和铜锅涮肉(前门店粮食街店),铜锅涮肉,正和铜锅涮肉(前门店粮食街店),施家胡同与前门大街交叉口西20米 | 营业时间:周一至周日 10:30-23:30 | 电话:13121780595,6.8,3.4,74,https://store.is.autonavi.com/showpic/5b2a7769aa007b8faf3654f2dac8df9e,116.398046,39.894122
,26,,黄焖鸡过桥米线(前门大街店),麻辣烫,黄焖鸡过桥米线(前门大街店),粮食店街45号(近百顺宾馆) | 营业时间:周一至周日 10:00-24:00 | 电话:18311090789,5.1,3.8,36,http://store.is.autonavi.com/showpic/94570c7fc04d100617843b217950c178,116.397635,39.893751
,28,,渔蓝海鲜火锅(首都宾馆店),双人餐,渔蓝海鲜火锅(首都宾馆店),首都宾馆A座一层大堂吧东北角 | 营业时间:周一至周日 16:30-21:30 | 电话:010-58159566,7.3,4.6,163,https://aos-comment.amap.com/B0JRZGS12N/comment/982239bae377647ec1abd48304e1a1e9_2048_2048_80.jpg,116.409635,39.902001
,28,,北京隆和居美食城(正义路店),干锅千页豆腐,北京隆和居美食城(正义路店),东华门街道正义路8号(原市政府斜对面) | 营业时间:周一至周日 10:00-22:30 | 电话:010-65263265;13520777900,5.3,4.4,73,https://store.is.autonavi.com/showpic/72fbdf46904d9ac20000002152518124?type=pic,116.406444,39.903414
,28,,松鹤楼(台基厂店),松鼠桂鱼,松鹤楼(台基厂店),"北京城区台基厂大街10号(东郊民巷小学旁) | 营业时间:周一至周日 11:00-14:00,17:00-21:00 2026-02-17至2026-02-23 周一至周日 11:00-14:00,16:30-21:00 | 电话:010-65278195;010-65279255",6.6,4.5,153,http://store.is.autonavi.com/query_pic?id=st4e59a81c-8dd5-4876-9cdf-1e3afe32ebe2&user=search&operate=original,116.411839,39.903469
,28,,君庭中餐厅(首都宾馆店),牛肉,君庭中餐厅(首都宾馆店),"前门东大街3号首都宾馆东北门门房 | 营业时间:周一至周日 11:00-14:00,17:00-21:00 | 电话:010-58159788",4.3,4.4,213,https://aos-comment.amap.com/comment/content_service__1771506306909_36408294_1771506354089_05149994.jpg,116.408956,39.902119
,28,,食鼎轩烤鸭·私房菜(北京王府井台基厂大街店),老北京炙子烤肉,食鼎轩烤鸭·私房菜(北京王府井台基厂大街店),"台基厂大街10-1号 | 营业时间:周一至周日 10:00-14:30,16:30-22:00 | 电话:010-63445868;18519118048",1.9,4.6,70,https://aos-comment.amap.com/B0KGRMA21S/comment/content_media_external_file_100003357_1767011828140_18373911.jpg,116.411861,39.903494
,28,,奥华餐厅老张记(台基厂店),虾仁独面筋,奥华餐厅老张记(台基厂店),北京城区台基厂大街18-3号 | 营业时间:周一至周日 10:30-21:30 | 电话:010-65129289;010-65244021,4,4.6,62,http://store.is.autonavi.com/showpic/a44d4745fdde65bc76e850f893a9937b,116.411937,39.902869
,29,,渔蓝海鲜火锅(首都宾馆店),双人餐,渔蓝海鲜火锅(首都宾馆店),首都宾馆A座一层大堂吧东北角 | 营业时间:周一至周日 16:30-21:30 | 电话:010-58159566,6.3,4.6,163,https://aos-comment.amap.com/B0JRZGS12N/comment/982239bae377647ec1abd48304e1a1e9_2048_2048_80.jpg,116.409635,39.902001
,29,,北京隆和居美食城(正义路店),干锅千页豆腐,北京隆和居美食城(正义路店),东华门街道正义路8号(原市政府斜对面) | 营业时间:周一至周日 10:00-22:30 | 电话:010-65263265;13520777900,2,4.4,73,https://store.is.autonavi.com/showpic/72fbdf46904d9ac20000002152518124?type=pic,116.406444,39.903414
,29,,松鹤楼(台基厂店),松鼠桂鱼,松鹤楼(台基厂店),"北京城区台基厂大街10号(东郊民巷小学旁) | 营业时间:周一至周日 11:00-14:00,17:00-21:00 2026-02-17至2026-02-23 周一至周日 11:00-14:00,16:30-21:00 | 电话:010-65278195;010-65279255",5.5,4.5,153,http://store.is.autonavi.com/query_pic?id=st4e59a81c-8dd5-4876-9cdf-1e3afe32ebe2&user=search&operate=original,116.411839,39.903469
,29,,君庭中餐厅(首都宾馆店),牛肉,君庭中餐厅(首都宾馆店),"前门东大街3号首都宾馆东北门门房 | 营业时间:周一至周日 11:00-14:00,17:00-21:00 | 电话:010-58159788",6.2,4.4,213,https://aos-comment.amap.com/comment/content_service__1771506306909_36408294_1771506354089_05149994.jpg,116.408956,39.902119
,29,,食鼎轩烤鸭·私房菜(北京王府井台基厂大街店),老北京炙子烤肉,食鼎轩烤鸭·私房菜(北京王府井台基厂大街店),"台基厂大街10-1号 | 营业时间:周一至周日 10:00-14:30,16:30-22:00 | 电话:010-63445868;18519118048",3.1,4.6,70,https://aos-comment.amap.com/B0KGRMA21S/comment/content_media_external_file_100003357_1767011828140_18373911.jpg,116.411861,39.903494
,29,,奥华餐厅老张记(台基厂店),虾仁独面筋,奥华餐厅老张记(台基厂店),北京城区台基厂大街18-3号 | 营业时间:周一至周日 10:30-21:30 | 电话:010-65129289;010-65244021,6.7,4.6,62,http://store.is.autonavi.com/showpic/a44d4745fdde65bc76e850f893a9937b,116.411937,39.902869
,35,,第六季自助餐厅(王府世纪店),三文鱼,第六季自助餐厅(王府世纪店),"王府井东安大街55号一层105.106号 | 营业时间:周一至周日 10:30-14:30,16:30-21:30 | 电话:010-65241488;010-65241499",2.7,4.7,202,http://store.is.autonavi.com/showpic/c9958e6bfc26274e7392bbfea26606fc,116.40727,39.915956
,35,,嫩烤羊肉串,中餐厅,嫩烤羊肉串,东安门大街55号王府世纪,1,3.2,60,,116.407288,39.915601
,35,,成都钵钵鸡(王府井小吃街店),中餐厅,成都钵钵鸡(王府井小吃街店),东安门大街与东黄城根南街交叉口东北60米,2.5,3.1,22,,116.407806,39.915625
,35,,王府美食汇,中餐厅,王府美食汇,东安门大街55号王府世纪F1层 | 营业时间:周一至周日 10:00-22:00 | 电话:18500135352,3.5,3.8,0,https://store.is.autonavi.com/showpic/e65958c8476250a622f0e5826b2846a9,116.40775,39.915535
,35,,仁和酒家(东华门大街),北京烤鸭,仁和酒家(东华门大街),东华门大街19号(金鱼胡同地铁站C西南口步行390米) | 营业时间:周一至周日 08:00-22:00 | 电话:010-65241955,3.1,4.2,47,http://store.is.autonavi.com/showpic/9a43163b43e3be76622e54b96afd33d4,116.40576,39.9154
,35,,糖房咖啡(故宫店),卡布奇诺,糖房咖啡(故宫店),南河沿5号(友方宾馆)(金鱼胡同地铁站C西南口步行410米) | 营业时间:周一至周日 10:00-19:00 | 电话:17611203567,6.1,4.5,43,http://store.is.autonavi.com/showpic/65d94b52163467e2fd546d02949ec7e5,116.406378,39.914266
,35,,京城九门轩烤鸭店(故宫店),双人餐,京城九门轩烤鸭店(故宫店),东华门大街11号 | 营业时间:周一至周日 10:00-21:30 2026-05-01至2026-05-05 周一至周日 10:30-21:30 | 电话:17812356385,3.6,4.7,82,https://aos-comment.amap.com/B0I13YL00P/comment/e3ca605c0c47e3dc74e1636dcb296bd2_2048_2048_80.jpg,116.405971,39.915386
,35,,四季民福烤鸭店(王府井东安门店),烤鸭,四季民福烤鸭店(王府井东安门店),东安门大街53号万程华府酒店1楼 | 营业时间:周一至周五 10:30-21:30；周六至周日 10:00-22:30 | 电话:010-65238571;13269367120,1.2,4.8,145,http://store.is.autonavi.com/showpic/746fdbb61c0bf8096b09b5091835de42,116.408131,39.915563
,35,,方砖厂69号炸酱面(王府世纪店),茄丁打卤面,方砖厂69号炸酱面(王府世纪店),东安门大街55号王府世纪一层108室 | 营业时间:周一至周日 10:00-21:00 2026-02-16至2026-02-16 10:00-16:00 | 电话:13020088912,0.1,4.7,41,https://aos-comment.amap.com/B0KABR6WPI/comment/34FC8C83_0C9A_4F40_BC18_9530D4E17A3C_L0_001_1500_200_1765526987894_50780441.jpg,116.4075,39.9155
,35,,门钉肉饼,门钉肉饼,门钉肉饼,东华门大街与北河沿大街交叉口西40米 | 营业时间:周一至周日 10:00-22:00,6.8,4.1,55,https://aos-comment.amap.com/B0LRV4J6A7/comment/content_media_external_file_100006200_1771316955536_84286241.jpg,116.406169,39.915374
,35,,京州涮·老北京铜锅涮羊肉(王府井故宫店),鲜切羊后腿,京州涮·老北京铜锅涮羊肉(王府井故宫店),东安门大街55号一层117 | 营业时间:周一至周日 10:30-22:00 2026-05-01至2026-05-05 周一至周日 10:30-22:00 | 电话:13020088953,9,4.7,84,https://store.is.autonavi.com/showpic/aabe898af133b16d0000001742768931?type=pic,116.407278,39.915632
,35,,八爷涮肉(王府井·故宫店),鲜切羔羊上脑,八爷涮肉(王府井·故宫店),南河沿大街1号翠明庄宾馆主楼B1层 | 营业时间:周一至周日 10:30-22:00 2026-05-01至2026-05-05 周一至周日 10:30-22:00 | 电话:010-58580955;010-58580958,7.8,4.7,121,https://store.is.autonavi.com/showpic/b80f231f0669500f0000001010864520?type=pic,116.40634,39.915126
,37,,如果·光线咖啡(北锣鼓巷店),,如果·光线咖啡(北锣鼓巷店),北锣鼓巷67号 | 营业时间:周二至周日 15:00-01:00 | 电话:010-64069496,10,4.2,53,http://store.is.autonavi.com/showpic/539938cba310b133764c69a1,116.402862,39.943842
,37,,V7 COFFEE,coffee,V7 COFFEE,北锣鼓巷51号 | 营业时间:周一至周日 10:30-18:30 | 电话:15507777077,9.7,4.5,50,http://store.is.autonavi.com/showpic/5aa986d83d1c42d6612e59182750c6be,116.40282,39.944573
,37,,JM Cafe(北锣店),七里香,JM Cafe(北锣店),北锣鼓巷45号 | 营业时间:周一至周日 10:30-18:30 | 电话:16600085155,5.4,4.6,58,https://store.is.autonavi.com/showpic/4c788701589a12690000000971784036?type=pic,116.40261,39.945003
,37,,华圆小吃店,中餐厅,华圆小吃店,"安定门内花园胡同21号 | 营业时间:周一至周日 06:00-14:00,17:00-20:30 | 电话:18901082568",6.1,4.1,16,http://store.is.autonavi.com/showpic/d4d2432a05bd1ef2dac392b6224f0cf0,116.404026,39.947904
,37,,Rong Taps(北锣鼓巷店),咖啡厅,Rong Taps(北锣鼓巷店),花园胡同8号花园胡同前巷乙8号 | 营业时间:周一至周日 00:00-24:00 | 电话:13261337511,3.1,4.6,98,https://aos-comment.amap.com/B0L2UCEQI9/comment/3D304A90_17D1_403F_B477_C85A1ED40C67_L0_001_1500_200_1768109865324_79260895.jpg,116.403881,39.946694
,37,,亮健容天土锅羊蝎子(总店),涮菜,亮健容天土锅羊蝎子(总店),车辇店胡同18号 | 营业时间:周一至周日 10:00-22:00 2026-02-17至2026-02-23 周一至周日 10:00-22:00 | 电话:010-84012279;18612035661,9.1,4.5,109,http://aos-cdn-image.amap.com/sns/ugccomment/dc85766c-e07a-4f21-91d0-c4083b64763f.jpg,116.405951,39.945286
,37,,老街兄弟烤串大食堂,烤串,老街兄弟烤串大食堂,安定门外大街车辇店胡同21号 | 营业时间:周一至周日 17:00-03:00 | 电话:15701518385,7.3,4.5,71,https://store.is.autonavi.com/showpic/0d1b98a0c4f2a9ec0000000726526897?type=pic,116.405604,39.945488
,37,,候鸟咖啡(郎家胡同店),芝士,候鸟咖啡(郎家胡同店),郎家胡同1号 | 营业时间:周一至周日 10:00-18:00 | 电话:17710043337,4.5,4.5,65,https://aos-comment.amap.com/B0KG7UY9FX/comment/3CA285BB_DAB3_4912_BEC3_5600F12C7D83_L0_001_1500_200_1761378406275_24703763.jpg,116.402573,39.946912
,37,,聚鑫餐厅,茄子,聚鑫餐厅,"安定门内北锣鼓巷甲14号 | 营业时间:周一至周日 10:30-15:00,17:00-22:00 | 电话:010-64048347",5.8,4.5,56,https://aos-comment.amap.com/B000A78492/comment/content_media_external_file_1000009737_ss__1757593423485_77713904.jpg,116.402848,39.947408
,37,,褡裢火烧(北锣鼓巷店),褡裢火烧,褡裢火烧(北锣鼓巷店),北锣鼓巷与千福巷交叉口东20米 | 营业时间:周一至周日 10:00-21:00,7.8,3.9,35,http://store.is.autonavi.com/showpic/10b9ef15acb73d005825c069224d8d48,116.402945,39.947455
,37,,小川川菜OgawaBistro,麻婆豆腐,小川川菜OgawaBistro,"北京城区北锣鼓巷60号 | 营业时间:周一至周日 11:00-14:00,17:00-22:00 2026-02-15至2026-02-18 周一至周日 全天关闭 | 电话:13911230050",6.8,4.5,110,https://store.is.autonavi.com/showpic/34d2f8384fe7d93d0000000686724770?type=pic,116.40297,39.943619
,40,,Muse Coffee,coffee,Muse Coffee,宫门口西岔21号 | 营业时间:周六至周日 10:30-19:00；周一至周五 10:30-18:00 | 电话:13801222847,5.2,4.4,52,https://aos-comment.amap.com/B0J3G7C3R6/comment/176767877213_1767678784763_25806114.jpg,116.362179,39.925603
,40,,萤火虫咖啡(白塔寺店),三明治,萤火虫咖啡(白塔寺店),阜成门内宫门口西岔胡同13号 | 营业时间:周一至周日 08:00-20:30 | 电话:13621161040,8.4,4.6,54,https://aos-comment.amap.com/B0JR15U2W5/comment/content_media_external_file_132365_ss__1767574332920_68835466.jpg,116.362157,39.925783
,40,,旨素,中餐厅,旨素,安平巷53号 | 营业时间:周一 11:00-21:30；周三至周日 11:00-21:30 | 电话:18518021397,7.5,4.5,91,https://store.is.autonavi.com/showpic/a7086779db8c09780000000736720266?type=pic,116.362588,39.926687
,40,,华天二友居肉饼(宫门口店),包子,华天二友居肉饼(宫门口店),北京城区宫门口西岔路73号 | 营业时间:周一至周日 06:00-21:00 | 电话:010-66189801,8.7,4.5,30,http://store.is.autonavi.com/showpic/9f8ad50347429b00060a10526a37dc86,116.36226,39.925204
,40,,塔儿咖,单人餐,塔儿咖,宫门口东岔4号1幢001室 | 营业时间:周一至周日 10:00-19:30 | 电话:18618304002,8.3,4.6,58,https://aos-comment.amap.com/B0J2HDKKRZ/comment/content_media_external_file_1000050628_ss__1769846485861_56996671.jpg,116.362704,39.926516
,40,,九城居,双人餐,九城居,"宫门口东岔69号 | 营业时间:周一至周日 11:00-14:00,16:00-22:00 2026-05-01至2026-05-05 周一至周日 11:00-14:00,16:00-22:00 | 电话:13681415593",9.5,4.6,118,https://store.is.autonavi.com/showpic/b272be5f916b22af0000001901738043?type=pic,116.36252,39.924525
,40,,% Arabica阿拉比卡咖啡(白塔寺店),咖啡厅,% Arabica阿拉比卡咖啡(白塔寺店),白塔寺东夹道72号 | 营业时间:周五至周日 07:30-18:00；周二至周四 10:00-17:00；周一 09:00-15:00 | 电话:17316316036,9,4.7,37,https://store.is.autonavi.com/showpic/ed047d56a81656f40000000673410124?type=pic,116.363752,39.924447
,40,,京味儿家常菜,家常菜,京味儿家常菜,安平巷与中廊下胡同交叉口东20米,1.9,3,0,https://store.is.autonavi.com/showpic/109a0999af94e35d7b6b3900bd4943cf,116.362975,39.926575
,40,,野瓦猫MeowMeow,拌饭,野瓦猫MeowMeow,"北京城区宫门口东岔55号 | 营业时间:周一至周日 11:00-14:00,17:00-21:30 | 电话:18513106835",8.8,4.7,132,https://aos-comment.amap.com/B0KAXCARVL/comment/CA63EE46_3B4C_4DC9_95BA_AA26AA54CCB7_L0_001_1500_200_1748822809299_33092777.jpg,116.362502,39.924692
,40,,涛哥的烤肉小馆,烤肉,涛哥的烤肉小馆,"宫门口西岔1号 | 营业时间:周一至周五 10:00-14:00,16:30-22:00；周六至周日 10:00-22:00 | 电话:13394481811",8.6,4.5,103,https://aos-comment.amap.com/B0FFFWD5SX/comment/8DED9D76_8841_4685_8E96_E91D1F36BEC6_L0_001_1536_204_1756393029505_05617946.jpg,116.362126,39.926547
,40,,BingoO Curry Shop,特色/地方风味餐厅,BingoO Curry Shop,"北京城区宫门口东岔33号 | 营业时间:周一至周日 11:00-14:00,17:00-21:00 | 电话:010-64320758",6.6,4.3,57,https://aos-comment.amap.com/B0M6N7F5UU/comment/31489A4D_40EA_4BEB_B5B2_8F2DD178EA7D_L0_001_1500_200_1768140546874_64104729.jpg,116.362484,39.924835
,40,,JM Cafe咖啡(白塔寺店),白塔烧,JM Cafe咖啡(白塔寺店),北京城区宫门口东岔29号 | 营业时间:周一至周日 09:00-20:00 | 电话:15510023560,2.2,4.7,58,http://store.is.autonavi.com/showpic/29bbb38c25f5ee6f9d0727cf0288a094,116.362449,39.925763
,40,,悦明元四合院私房菜,私房菜,悦明元四合院私房菜,白塔巷与安平巷交叉口西南20米,6.3,3.4,0,https://store.is.autonavi.com/showpic/fb26180ed46d9c5ffa9e9bd9724d69fe,116.363817,39.926484
,40,,品味羊汤,羊肉串,品味羊汤,"宫门口胡同东岔47号 | 营业时间:周一至周日 09:00-15:30,16:30-21:30 | 电话:13911543617",3.5,4.4,38,https://store.is.autonavi.com/showpic/61dfad7b0046e1230000001535880654?type=pic,116.36247,39.924872
,40,,笑笑麻辣烫(安平巷店),麻辣烫,笑笑麻辣烫(安平巷店),"安平巷与中廊下胡同交叉口东40米 | 营业时间:周一至周日 10:00-14:00,16:30-23:30 | 电话:16637445357",5.1,4.2,28,http://store.is.autonavi.com/showpic/46bbbf906f59533d32c997a0a62f670b,116.363272,39.926734
,40,,新京熹·北京涮肉(白塔寺店),麻酱,新京熹·北京涮肉(白塔寺店),白塔寺东夹道胡同60号 | 营业时间:周一至周日 11:00-22:00 2026-05-01至2026-05-05 周一至周日 11:00-22:00 | 电话:010-53398219;17801609914,4.8,4.8,174,https://store.is.autonavi.com/showpic/0787c687915e80290000000702002630?type=pic,116.36409,39.924969
,42,,刘记正宗安徽牛肉板面(魏染胡同店),中餐厅,刘记正宗安徽牛肉板面(魏染胡同店),魏染胡同与西草厂街交叉口西南20米 | 营业时间:周一至周日 09:30-23:00 | 电话:13261171108;15704615113,0.3,3.8,15,https://store.is.autonavi.com/showpic/92eadbb24eda0c8a5a21b1ddc364cbea,116.380378,39.892681
,42,,潘记杂粮煎饼,杂粮煎饼,潘记杂粮煎饼,西草厂街2号 | 营业时间:周一至周日 05:00-23:00 | 电话:15245555173,0.7,3.7,11,https://aos-comment.amap.com/B0FFL6DS9N/comment/311F6C6D_856E_4E9D_9C04_C4E53A58849A_L0_001_1500_200_1766114334572_48971343.jpg,116.380417,39.892711
,42,,聚点串吧(菜市口店),炒饭,聚点串吧(菜市口店),"北京城区马市大街121号2幢、3幢、4幢、5幢、6幢、7幢 | 营业时间:周一至周五11:00-02:00；周六至周日11:00-02:00,2026年2月18日至2月23日11:00-02:00,2026年2月16日至2月17日关闭 | 电话:010-63178889",5.5,4.6,78,http://store.is.autonavi.com/showpic/f80df3315ec43ed58f40f5db3a86d18d,116.379915,39.889831
,42,,牛街早点,现磨豆浆,牛街早点,魏染胡同与前孙公园胡同交叉口西20米 | 营业时间:周一至周日 05:00-10:00 | 电话:15910424760,2.8,4.2,9,http://store.is.autonavi.com/showpic/afa19f8f9148026547f3de21f3019e10,116.380389,39.892465
,42,,晓蕊家凉皮,麻辣烫,晓蕊家凉皮,西草厂9-11 | 营业时间:周一至周日 09:30-22:30 | 电话:15010972330;17501115359,9.6,3.8,30,http://store.is.autonavi.com/showpic/074cb77d328e914681690d264b80581e,116.380082,39.89284
,43,,马记永·兰州牛肉面(中海金融中心4号楼店),中餐厅,马记永·兰州牛肉面(中海金融中心4号楼店),骡马市大街20号院一区8幢1层113-b151 | 营业时间:周一至周日 10:30-21:00 | 电话:17710125980,7.8,4.4,43,http://store.is.autonavi.com/query_pic?id=stc0444e99-56e7-42fb-bccc-89bf671bff76&user=search&operate=original,116.377075,39.888175
,43,,来涮蜀·鲜牛肉串串火锅(菜市口店),串串,来涮蜀·鲜牛肉串串火锅(菜市口店),西草厂街椿树园小区16号楼 | 营业时间:周一至周日 11:00-24:00 | 电话:010-63102999;010-63103999,6.4,4.5,91,http://store.is.autonavi.com/showpic/96bf16a99fa188dd05fea0000821a195,116.377604,39.892883
,43,,灯堂咖啡(大吉巷店),咖啡厅,灯堂咖啡(大吉巷店),果子巷1号院1号楼1至2层117-1 | 营业时间:周一至周五 08:00-17:00；周六至周日 09:00-17:00 | 电话:17310666809,2.6,4.4,32,https://aos-comment.amap.com/B0LASC0IUY/comment/content_media_external_file_1000032612_ss__1746348485557_16460567.jpg,116.378171,39.887992
,43,,鲜牛记潮汕牛肉火锅(中海大吉港店),奶皮子,鲜牛记潮汕牛肉火锅(中海大吉港店),北京城区中海大吉巷B1层 | 营业时间:周一至周日 11:00-22:00 | 电话:15711358220,0.1,4.5,94,https://aos-comment.amap.com/B0LUVRFNRL/comment/content_media_external_images_media_100000077_1758040833963_55159222.jpg,116.377469,39.888172
,43,,前羽 铁板烧海鲜自助(大吉巷店),海鲜食盒,前羽 铁板烧海鲜自助(大吉巷店),"北京城区骡马市大街20号院一区1号楼1层103-F122b | 营业时间:周一至周日 11:30-14:00,17:30-22:00 | 电话:16600241899",6.6,4.5,249,https://store.is.autonavi.com/showpic/890ab490b8bafa9ddbca83aab6cc2386,116.377078,39.888253
,43,,聚点串吧(菜市口店),炒饭,聚点串吧(菜市口店),"北京城区马市大街121号2幢、3幢、4幢、5幢、6幢、7幢 | 营业时间:周一至周五11:00-02:00；周六至周日11:00-02:00,2026年2月18日至2月23日11:00-02:00,2026年2月16日至2月17日关闭 | 电话:010-63178889",4.2,4.6,78,http://store.is.autonavi.com/showpic/f80df3315ec43ed58f40f5db3a86d18d,116.379915,39.889831
,43,,方砖厂69号炸酱面(中海大吉巷店),炸酱面,方砖厂69号炸酱面(中海大吉巷店),中海地产1号楼后米市东胡同南150米下扶梯B1-48号 | 营业时间:周一至周日 10:00-21:30 | 电话:13161271308,9.1,4.6,43,https://aos-comment.amap.com/B0LDOL67ZC/comment/content_media_external_file_1000092785_ss__1768787887973_05895635.jpg,116.377273,39.888153
,43,,渝特别·鱼头火锅(菜市口总店),酸辣粉,渝特别·鱼头火锅(菜市口总店),椿树园小区16号底商 | 营业时间:周一至周日 11:00-24:00 | 电话:010-63102999,5.9,4.5,211,https://store.is.autonavi.com/showpic/6d9566b6ddbbd26fc3b74586f915d76e,116.377559,39.892883
,43,,晓蕊家凉皮,麻辣烫,晓蕊家凉皮,西草厂9-11 | 营业时间:周一至周日 09:30-22:30 | 电话:15010972330;17501115359,9.2,3.8,30,http://store.is.autonavi.com/showpic/074cb77d328e914681690d264b80581e,116.380082,39.89284
,47,,瑞幸咖啡(新华百货新街口店),三明治,瑞幸咖啡(新华百货新街口店),新街口北大街1号楼2层117F2022 | 营业时间:周一至周日 10:00-21:30 | 电话:4000100100,4.3,4,13,https://store.is.autonavi.com/showpic/c287706810a95e84ab635a931ccf264d?operate=original,116.371175,39.947375
,47,,云阿蛮云南生烫牛肉米线(北京新百CC茂店),中餐厅,云阿蛮云南生烫牛肉米线(北京新百CC茂店),新街口北大街1号新华百货CCmall新街口店F5层 | 营业时间:周一至周日 10:00-22:00,5.9,3.7,32,https://store.is.autonavi.com/showpic/115dba27a975ee520000002269406831?type=pic,116.371175,39.947525
,47,,农小锅(北京西城新华百货店),中餐厅,农小锅(北京西城新华百货店),北京城区新街口北大街1号1号楼五层 | 营业时间:周一至周日 10:30-21:00 | 电话:18911003158,4.3,4,44,https://store.is.autonavi.com/showpic/d1dc2645977258980000001518230871?type=pic,116.371171,39.947407
,47,,国拓小院,中餐厅,国拓小院,新街口七条西门(积水潭地铁站G1口步行310米),0.6,4.2,0,http://store.is.autonavi.com/showpic/d8c1131a7385a2cc2bb9b20ee8e6cf20,116.369478,39.947027
,47,,绿茶餐厅(北京新百CCmall店),双人餐,绿茶餐厅(北京新百CCmall店),北京城区新街口北大街1号1号楼4层117F4005 | 营业时间:周一至周日 10:00-21:30 | 电话:010-62257838,3.8,4.2,150,https://store.is.autonavi.com/showpic/d66b57911204087fca40a2696a9d0f21,116.371137,39.94735
,47,,星巴克(新华百货店),星冰乐,星巴克(新华百货店),北京城区新街口北大街1号一层X-1A104单元 | 营业时间:周一至周日 07:30-21:00 | 电话:010-62239193,1,4.5,30,http://store.is.autonavi.com/showpic/ec3440dbf3d8f9de23da5c7a0cf58ad7,116.371185,39.947796
,47,,兰湘子·湘菜小炒,湖南菜(湘菜),兰湘子·湘菜小炒,新街口北大街1号新华百货CCmall新街口店F4层 | 营业时间:周一至周日 10:00-21:30 | 电话:13311559908,6.8,4.2,73,https://img.alicdn.com/imgextra/i2/O1CN01C2KVCS20B2KGwZRYn_!!6000000006810-0-tps-1080-1080.jpg,116.371177,39.947397
,47,,陈记顺和潮汕牛肉火锅(北京新百CCmall店),潮汕牛肉火锅,陈记顺和潮汕牛肉火锅(北京新百CCmall店),北京城区北京城区北京城区新街口北大街1号新华百货CCmall | 营业时间:周一至周日 10:00-22:00 | 电话:18601227882,3.5,3.6,83,https://store.is.autonavi.com/showpic/085e6f6599277b24da2de06c3ff6047c,116.370944,39.9475
,47,,便宜坊烤鸭(新街口店),豆汁,便宜坊烤鸭(新街口店),北京城区新街口北大街1号新华百货CCmall新街口店F6层 | 营业时间:周一至周日 10:00-21:30 | 电话:010-62257917;18518689378,1.8,4.5,103,https://aos-comment.amap.com/B0MB4909QP/comment/content_media_external_file_100000219_1772881086894_72453459.jpg,116.371178,39.947322
,48,,大嘴烤翅东北菜,东北菜,大嘴烤翅东北菜,佟麟阁路44号 | 营业时间:周一至周日 11:00-01:30 | 电话:010-66079003,5,4.4,88,https://store.is.autonavi.com/showpic/0844931085ff93810000002257948430?type=pic,116.368606,39.903247
,48,,胜一兰·私房湘菜,湖南菜(湘菜),胜一兰·私房湘菜,新文化街甲47号(鲁迅中学西侧) | 营业时间:周一至周日 10:30-00:03 | 电话:010-66038628,4,4.6,94,https://aos-comment.amap.com/B0LDDUHD3X/comment/content_media_external_file_22992_ss__1763422278317_00123323.jpg,116.370282,39.904141
,49,,父母食堂,中餐厅,父母食堂,西四南大街58号义达里(西四地铁站D西南口步行290米),5.4,3.3,28,,116.374025,39.920925
,49,,华天二友居肉饼(西黄城根店),包子,华天二友居肉饼(西黄城根店),西黄城根南街36号3号 | 营业时间:周一至周日 06:00-20:00 | 电话:010-66011982,9.2,4.4,26,https://store.is.autonavi.com/showpic/b2fa613baf594ef9d84f3fb0c10597f9,116.377632,39.918453
,49,,丽江庭院(西单店),斑鱼片,丽江庭院(西单店),"北京城区大酱坊胡同7号(灵境胡同地铁站B东北口步行400米) | 营业时间:周一至周日 11:00-16:00,17:00-21:30 | 电话:010-66034663",5.2,4.5,177,https://aos-comment.amap.com/B0FFHE3CHQ/comment/59C61EEE_BF19_4842_B74E_0E7A7F1B293E_L0_001_1500_200_1768495911585_04061456.jpg,116.375039,39.918808
,49,,白鹿原西安肉夹馍·油泼面(西四南大街店),油泼面,白鹿原西安肉夹馍·油泼面(西四南大街店),北京城区北京城区西四南大街26号 | 营业时间:周一至周日 10:30-21:30 | 电话:010-66085088;15600919115,2.7,4.1,38,https://store.is.autonavi.com/showpic/28d09b42ba6d2d2bdc1563e1ad3f0e06,116.373715,39.921734
,49,,天健宾馆-中餐厅,波士顿奶油龙虾,天健宾馆-中餐厅,"西四南大街62号天健宾馆1层 | 营业时间:周一至周日 11:00-14:00,17:00-21:30 | 电话:010-58926808",5.3,4.3,142,https://store.is.autonavi.com/showpic/67db973ae3e404080000000746744735?type=pic,116.374142,39.920008
,49,,紫光园·烤鸭(西四店),烤鸭,紫光园·烤鸭(西四店),西安门大街114号(西四地铁站D西南口步行280米) | 营业时间:周一至周日 10:30-22:00 | 电话:13146268111,4.4,4.7,60,http://store.is.autonavi.com/showpic/4e65939d3edf6774fd513868b3370c81,116.375359,39.922349
,49,,砂锅居(西四店),砂锅白肉,砂锅居(西四店),北京城区西四南大街60号(西四地铁站D西南口步行340米) | 营业时间:周一至周日 11:00-21:00 | 电话:010-66021126,5.4,4.6,94,http://store.is.autonavi.com/showpic/673ab677dbcedabf1d6087750a49cbe2,116.373788,39.920467
,49,,阿妹滋溜米线(西四店),米线,阿妹滋溜米线(西四店),北京城区西四南大街34号(西四地铁站D西南口步行200米) | 营业时间:周一至周日 10:00-24:00 | 电话:13522191649;13683239539;15810809655,7.4,4.5,32,http://store.is.autonavi.com/showpic/78c512e0e1f1aa5bd8940e1191ab1b4f,116.373722,39.921763
,49,,刘二姐襄阳牛肉面西四店,襄阳牛肉面,刘二姐襄阳牛肉面西四店,北京城区西四南大街64号1幢2号 | 营业时间:周一至周日 09:30-22:00 | 电话:15600232202,8.9,4.2,29,https://store.is.autonavi.com/showpic/a4c4dd5c474ac079eec73b4e4c618377,116.373759,39.91973
,49,,炙子革命老北京烤肉(西单店),锡纸大虾,炙子革命老北京烤肉(西单店),北京城区羊皮市胡同16号(灵境胡同地铁口北) | 营业时间:周一至周日 11:00-22:00 | 电话:010-66011550;13401022654,7,4.6,98,https://aos-comment.amap.com/B000A9WZVP/comment/content_media_external_file_1000012804_ss__1768227926866_08206894.jpg,116.374047,39.91928
,50,,厂桥12号餐咖(什刹海01号店),中餐厅,厂桥12号餐咖(什刹海01号店),德胜门内大街与厂桥胡同交叉口东南20米 | 营业时间:周一至周五 07:30-20:00；周六至周日 09:30-20:00,9.3,4,38,https://store.is.autonavi.com/showpic/d0ed1fdc5540119f0000002382600110?type=pic,116.380275,39.933475
,50,,老北京和府烤鸭店,中餐厅,老北京和府烤鸭店,北京城区柳荫街30号(北海北地铁站B东北口步行340米) | 营业时间:周一至周日 10:30-21:00 | 电话:13263425279,4,4.4,57,https://aos-comment.amap.com/comment/content_service__1768943346803_20673727_1768943371443_25384687.jpg,116.385512,39.935814
,50,,饺饺乐包子铺(地安门店),中餐厅,饺饺乐包子铺(地安门店),德胜门内大街与地安门西大街交叉口北40米,6.2,4.1,18,https://aos-comment.amap.com/B0LU4SWLA7/comment/content_media_external_file_15212_ss__1761173473359_80702067.jpg,116.380319,39.933336
,50,,北平李府家宴·烤鸭·新京菜(护国寺店),双人餐,北平李府家宴·烤鸭·新京菜(护国寺店),"北京城区德胜门内大街258号至260号,红绿灯路口即到 | 营业时间:周一至周日 10:00-22:00 | 电话:010-83224983;18810805085",4.4,4.5,55,https://store.is.autonavi.com/showpic/3b9b31a62d50977f0000002368502885?type=pic,116.380025,39.935316
,50,,峨嵋酒家(德内店),宫保鸡丁,峨嵋酒家(德内店),德胜门内大街262号(厂桥路口北) | 营业时间:周一至周日 11:00-20:30 | 电话:010-66170532;010-66170835,9.4,4.6,90,http://store.is.autonavi.com/query_pic?id=sta3d26f05-8118-42b7-a7c0-393a27aa4c98&user=search&operate=original,116.379985,39.935121
,50,,烤肉刘(恭王府店),烤鲜羊肉,烤肉刘(恭王府店),德胜门内大街232号 | 营业时间:周一至周日 09:30-22:30 | 电话:010-67638586,6.1,4.6,96,https://aos-comment.amap.com/B0LGAKHKTM/comment/content_media_external_file_1000010289_ss__1759664135347_71197727.jpg,116.379675,39.937975
,50,,金元便民酱肉小吃,酱肉,金元便民酱肉小吃,德胜门内大街与地安门西大街交叉口西北40米 | 营业时间:周一至周日 05:00-20:30,6.4,4,28,https://store.is.autonavi.com/showpic/bf69d00ade56574f1cdbe32e19ab23da,116.379906,39.933298
,51,,北京泛太平洋酒店宴会厅(西单商业街店),中餐厅,北京泛太平洋酒店宴会厅(西单商业街店),西单北大街176号西单商业街,9.4,4.5,0,http://store.is.autonavi.com/showpic/3ed357d86c5779f36f91c70a28f54f7a,116.371913,39.911268
,51,,教育部机关餐厅,中餐厅,教育部机关餐厅,西单大木仓胡同35号,6.8,4,0,,116.370425,39.911575
,51,,泛小厨便民厨房,中餐厅,泛小厨便民厨房,通港大厦西门南260米,5,3.4,24,,116.371934,39.91133
,51,,美团外卖柜,中餐厅,美团外卖柜,大木仓胡同与华远街交叉口东南40米,6.2,3.4,0,,116.371625,39.911325
,51,,于府私厨(北京泛太平洋酒店),单人餐,于府私厨(北京泛太平洋酒店),"华远街2号北京泛太平洋酒店2层 | 营业时间:周一至周日 11:00-14:00,17:00-22:00 2026-05-01至2026-05-05 周一至周日 11:00-14:00,17:00-22:00 | 电话:010-66239893;13811490498",7.7,4.5,146,http://store.is.autonavi.com/showpic/9dabeca528f3a61287df052a0eb3ed66,116.37165,39.911209
,51,,琥珀咖啡Amber café·北京泛太平洋酒店,奶咖,琥珀咖啡Amber café·北京泛太平洋酒店,北京城区华远街2号泛太平洋酒店一层 | 营业时间:周一至周日 08:00-20:00 | 电话:010-66239897,0.3,4.4,66,https://store.is.autonavi.com/showpic/e7859c843a94739d0000001602190426?type=pic,116.371665,39.911229
,51,,零点餐厅,寿司,零点餐厅,华远街2号泛太平洋酒店一楼 | 营业时间:全年 11:30-14:00；17:30-21:30,3.9,3.5,158,https://store.is.autonavi.com/showpic/01087efbe96d4b78d33475c29f7d7e67,116.371582,39.911265
,51,,星巴克(西单大悦城写字楼店),抹茶星冰乐,星巴克(西单大悦城写字楼店),西单北大街131号西单大悦城写字楼一层西北角 | 营业时间:周一至周日 07:00-22:00 | 电话:010-58312897,2.2,4.6,30,http://store.is.autonavi.com/showpic/ae954a8a5bccbc82f9fdb53c1a98fe3f,116.372278,39.911495
,51,,食神锅奉行·珍汤火锅(西单店),牛肉,食神锅奉行·珍汤火锅(西单店),"西单皮库胡同45号山水宾馆一层 | 营业时间:周一至周日 10:00-14:00,16:30-22:00 | 电话:18910351195",6.7,4.5,234,https://store.is.autonavi.com/showpic/bba083a21f189de00000002189708625?type=pic,116.371503,39.910531
,51,,佬湘约24味坊(西单商业街店),特色排骨蒸饺,佬湘约24味坊(西单商业街店),西单大悦城皮库胡同45号山水宾馆一层 | 营业时间:周一至周日 09:30-21:30 | 电话:16619943588,4.8,4.6,107,https://aos-comment.amap.com/B0FFIPIS2V/comment/content_media_external_file_100001052_1773578904808_64046351.jpg,116.371887,39.910619
,51,,西单便民美食(西单商业街店),米粉,西单便民美食(西单商业街店),西单北大街129-8号西单大悦城北门对面 | 营业时间:周一至周日 10:00-22:00 | 电话:18514733837,9.8,4.4,22,https://store.is.autonavi.com/showpic/d9d784d87aeb2acb0000000838287000?type=pic,116.372453,39.911837
,51,,翰林宴(北京西单店),综合酒楼,翰林宴(北京西单店),大木仓胡同一巷一号(灵境胡同地铁站D西南口步行420米) | 电话:010-66061099;010-66061399,5.5,4.5,0,https://store.is.autonavi.com/showpic/81ac50c18b417f51b97eea17c3d90187,116.371925,39.912908
,52,,庆丰包子铺(大栅栏商业街店),中餐厅,庆丰包子铺(大栅栏商业街店),大栅栏街34号 | 营业时间:周一至周日 05:30-22:00,9.2,4.3,24,https://aos-comment.amap.com/B0K0TZTEA9/comment/content_media_external_file_1000038407_ss__1768193988952_23826133.jpg,116.395507,39.895784
,52,,前门五爷涮肉(北京首店),撒尿牛丸,前门五爷涮肉(北京首店),北京城区大栅栏街39号 | 营业时间:周一至周日 10:00-23:00 | 电话:18610561639,4.4,4.3,74,https://store.is.autonavi.com/showpic/b60ddb38193244a80000000734002199?type=pic,116.395126,39.895868
,52,,烤肉刘.清真老北京炙子烤肉(前门大栅栏一店),沙葱羊肉,烤肉刘.清真老北京炙子烤肉(前门大栅栏一店),大栅栏街41号 | 营业时间:周一至周日 09:30-02:00 | 电话:13144559113,2.4,4.5,73,https://store.is.autonavi.com/showpic/0928351caf65a60abc3dbaf56b296eba,116.394784,39.895857
,52,,御膳坊·四季涮肉(前门总店),涮肉,御膳坊·四季涮肉(前门总店),大栅栏街33号二层(大观楼影院正对面) | 营业时间:周一至周日 10:00-23:00 | 电话:010-83166183;18568676306,6,4,103,https://aos-comment.amap.com/B0FFG7FS92/comment/aa7ffbc6d8d03cca0cac8fc7afd11da8_2048_2048_80.jpg,116.395257,39.895869
,52,,百年炙涮坊·铜锅涮肉 炙子烤肉,炙气·北京炙子烤肉,百年炙涮坊·铜锅涮肉 炙子烤肉,大栅栏街道煤市街75号 | 营业时间:周一至周日 11:00-01:00 | 电话:13671360805,3,4.6,87,https://store.is.autonavi.com/showpic/983d1e19fb06a6e6bd4761f780d1eb6c,116.394646,39.895308
,52,,北京炸酱面馆·羊蝎子涮肉(前门总店),炸酱面,北京炸酱面馆·羊蝎子涮肉(前门总店),北京城区煤市街中段与大齐家胡同33号(前门大栅栏西口往南50米) | 营业时间:周一至周日 10:30-22:30 2026-02-15至2026-02-24 10:30-22:30 | 电话:010-63083895,3.2,4.4,42,http://store.is.autonavi.com/showpic/3cd1ca8b1e7b535cacf6c081020ffe52,116.39452,39.8956
,52,,门框卤煮(总店),肥肠,门框卤煮(总店),北京城区煤市街57号 | 营业时间:周一至周日 08:00-22:30 | 电话:15210657464,4.5,4.5,45,https://aos-comment.amap.com/B0FFI1DNYW/comment/b84e464ab6863f4f58a7cccb41cb3644_2048_2048_80.jpg,116.394572,39.895495
,52,,得月楼,虾仁,得月楼,煤市街57号(近大栅栏) | 营业时间:周一至周日 10:00-23:00 | 电话:010-83158868;13552117916,2.6,4.1,56,https://aos-comment.amap.com/B0FFFQ7LZ2/comment/%5B2026-02-01-19-43-59%5D709F388B-02E3-4A60-80ED-896D0952DAC_1769946261340_52957182.jpg,116.394553,39.89554
,52,,御满园铜锅涮肉(前门店),铜锅涮肉,御满园铜锅涮肉(前门店),前门大栅栏西街3号-2 | 营业时间:周一至周日 11:00-24:00 | 电话:13371629841;18600673780;18601172993,2.9,4.2,85,https://aos-comment.amap.com/B0H36DZDGG/comment/f34cf9435c99f61b6c3f750a17ccd1f5_2048_2048_80.jpg,116.394349,39.895717
,52,,尹三豆汁(大栅栏41号店),面茶,尹三豆汁(大栅栏41号店),北京城区大栅栏41号1层 | 营业时间:周一至周日 06:00-21:30 | 电话:010-63153860,1.3,4.7,28,https://aos-comment.amap.com/B0KRJUBFIO/comment/A0A49E74_FEAF_4146_A10C_5A2AB7FBDB28_L0_001_1536_204_1766053033558_55652825.jpg,116.394792,39.895848
,52,,四季涮肉(前门大栅栏店),鲜牛肉,四季涮肉(前门大栅栏店),煤市街61号 | 营业时间:周一至周日 10:10-00:30 | 电话:13718785408,7.2,4.6,55,https://aos-comment.amap.com/B0FFKEKQ1W/comment/content_media_external_images_media_12674_ss__1733564365769_76083493.jpg,116.394527,39.895307
,57,,中国气象局社区南区职工餐厅(气象局小区南区店),中餐厅,中国气象局社区南区职工餐厅(气象局小区南区店),"北下关街道中关村南大街46号 | 营业时间:周一至周日 07:00-08:30,11:00-13:00；周一至周日 17:00-19:00",4,4.2,16,http://store.is.autonavi.com/showpic/c46e6f441834cb890f90a83c2112e176,116.328218,39.945087
,57,,信江雅苑·江西小炒,中餐厅,信江雅苑·江西小炒,中关村南大街48号院内 | 营业时间:周一至周日 10:30-22:30 | 电话:13269710588,5,4.2,0,https://store.is.autonavi.com/showpic/a761123b17024260973a096543ffba2a,116.325621,39.945096
,57,,滇喜云南味,单人餐,滇喜云南味,中关村南大街48号4号楼1层133室 | 营业时间:周一至周日 09:00-21:00 | 电话:15687720869,8,4.5,32,https://store.is.autonavi.com/showpic/68fb048f738878878a0e1432197faba8,116.32547,39.944452
,58,,鲍李禾鸡公煲,中餐厅,鲍李禾鸡公煲,万科翠湖国际,4,3.5,0,https://store.is.autonavi.com/showpic/cabe3de7d34ffd4b80c326d23f287385,116.179488,40.065155
,58,,裕六六炒鸡烤鱼·烧烤(环保园店),单人餐,裕六六炒鸡烤鱼·烧烤(环保园店),苏家坨镇万科翠湖国际南五号楼朗丽兹酒店(稻香湖路地铁站中关村环保园店)隔壁 | 营业时间:周一至周日 10:00-22:00 2026-02-15至2026-02-21 全天关闭 | 电话:15901150402,9.2,4.5,41,https://store.is.autonavi.com/showpic/94439b38aac11baa0000002188548378?type=pic,116.179405,40.065255
,58,,晋味居(万科翠湖国际店),大盘鸡,晋味居(万科翠湖国际店),万科翠湖国际南8号楼103室 | 营业时间:周一至周日 09:00-21:30 | 电话:17602646723,0.7,3.9,21,https://store.is.autonavi.com/showpic/48f8ab6d8fa2dedd692927c033290c5a,116.179535,40.065405
,58,,满座儿精品小碗菜(万科翠湖国际店),小碗菜,满座儿精品小碗菜(万科翠湖国际店),万科翠湖国际 | 电话:19804189333,2.3,4,21,https://store.is.autonavi.com/showpic/6a317425c6fbff5dcf0980b8dc35b18c,116.179476,40.066171
,58,,星巴克(北京万科翠湖国际店),提拉米苏,星巴克(北京万科翠湖国际店),北京城区忍冬路5号院4号楼1层101 | 营业时间:周六至周日 09:00-17:00；周一至周五 06:30-18:00 | 电话:010-62457946,7.7,4.6,30,http://store.is.autonavi.com/showpic/f95bf72dc0b15ce9aca913e33895e8a9,116.179145,40.065115
,58,,luckin coffee 瑞幸咖啡(华为北京研究所Q9大楼店),杨枝甘露,luckin coffee 瑞幸咖啡(华为北京研究所Q9大楼店),中关村环保科技园文松路6号院华为北京研究所J园区Q9大楼一层大堂 | 营业时间:周一至周五 07:30-18:00 | 电话:4000100100,2.2,4,13,https://store.is.autonavi.com/showpic/c287706810a95e84ab635a931ccf264d?operate=original,116.177205,40.060286
,58,,中国兰州牛肉拉面,清真菜馆,中国兰州牛肉拉面,万科翠湖国际,6.2,3.8,32,https://store.is.autonavi.com/showpic/b6f5abbd714ea646e62e3e761b2a1ba0,116.178975,40.065875
,58,,吉祥馄饨(北京荣耀终端店),特色/地方风味餐厅,吉祥馄饨(北京荣耀终端店),忍冬路5号院3号楼1层101 | 电话:13521284989,9.5,3.6,20,,116.179168,40.065635
,58,,瑞幸咖啡(万科翠湖国际店),生椰拿铁,瑞幸咖啡(万科翠湖国际店),忍冬路5号院5号楼一层101号 | 营业时间:周一至周五 07:00-18:00；周六至周日 09:00-20:00 | 电话:4000100100,7.4,4.4,13,https://store.is.autonavi.com/showpic/c287706810a95e84ab635a931ccf264d?operate=original,116.179457,40.065518
,58,,正宗烤炉鸡蛋灌饼,鸡蛋灌饼,正宗烤炉鸡蛋灌饼,万科翠湖国际,4.6,3,13,https://store.is.autonavi.com/showpic/fc5038d7651ed2cabf9fe76c7d084444,116.179125,40.065125
,59,,万家早安,中餐厅,万家早安,复兴路69号北京五棵松万达广场1F层 | 营业时间:周一至周日 00:00-24:00 | 电话:15110136536,6.6,3.5,20,https://store.is.autonavi.com/showpic/586aa15b08cafb720000002466904414?type=pic,116.27628,39.912216
,59,,宁海食府(五棵松万达店),中餐厅,宁海食府(五棵松万达店),"复兴路69号3号楼5层503五棵松万达广场5层南区 | 营业时间:周一至周日 11:00-14:00,17:00-20:30 2026-05-01至2026-05-05 周一至周日 11:00-14:00,17:00-20:30 | 电话:010-68132777",4.3,4.7,188,https://aos-comment.amap.com/B0LA6SAY9W/comment/7DE8FF75_C430_4DE5_BD83_4A00B243453F_L0_001_1500_200_1766670678416_71719127.jpg,116.27649,39.912349
,59,,曼玲粥店(五棵松万达店),中餐厅,曼玲粥店(五棵松万达店),北京城区复兴路69号10幢-1层-1001 | 营业时间:周一至周日 07:00-21:00 | 电话:13910908039,3.7,4.2,22,http://store.is.autonavi.com/query_pic?id=stc3277489-d22a-4254-abee-ea1945a1b0e5&user=search&operate=original,116.276103,39.912618
,59,,了辛·爆汁烤冷面(万达广场南区店),冷面,了辛·爆汁烤冷面(万达广场南区店),复兴路69号五棵松万达广场LG层探五哩街区B1107 | 营业时间:周一至周日 10:00-22:00 | 电话:15910350331,1.9,4.4,20,https://aos-comment.amap.com/B0K0ZRU3IW/comment/file_media_Photo_2487_IMG_1768026304_2625_IMG_20260110_142324_jpg_ss__1768026523286_13099074.jpg,116.276158,39.912475
,59,,刘阿妹·重庆鸡公煲(五棵松万达店),单人餐,刘阿妹·重庆鸡公煲(五棵松万达店),北京城区复兴路69号12幢负一层探五哩街区近Fudi超市出口 | 营业时间:周一至周日 10:00-21:30 | 电话:15010481206,4.8,4.1,39,https://store.is.autonavi.com/showpic/da29ba42d4754fbf5024aca2037700cc,116.276121,39.912483
,59,,陕西大碗面·手工面(五棵松万达探五哩店),大碗面,陕西大碗面·手工面(五棵松万达探五哩店),北京城区复兴路69号12幢-1层-101万达广场LG层 | 营业时间:周一至周日 10:00-22:00 | 电话:13552567223,8.5,3.9,29,https://aos-comment.amap.com/B0K3A55D4G/comment/content_media_external_images_media_517862_ss__1764764233402_37186113.jpg,116.276316,39.912722
,59,,浔涧鲜·平价海鲜火锅·音乐餐吧(万达广场店),平价海鲜,浔涧鲜·平价海鲜火锅·音乐餐吧(万达广场店),北京城区复兴路69号3号楼五棵松万达广场5门6层602 | 电话:18611981378,8.9,3.9,103,https://aos-comment.amap.com/comment/content_service__1772688984369_81780201_1772689224936_43815742.jpg,116.276576,39.912558
,59,,Peet's皮爷咖啡(五棵松万达店),摘星奶砖拿铁,Peet's皮爷咖啡(五棵松万达店),复兴路69号五棵松万达广场1F层南区01 | 营业时间:周一至周日 08:00-22:00 | 电话:13126608534,2.3,4.5,49,https://store.is.autonavi.com/showpic/5ecd9caad3d8c58544a834913dfbae32,116.276344,39.911822
,59,,花小小新疆炒米粉(北京五棵松万达广场店),新疆炒米粉,花小小新疆炒米粉(北京五棵松万达广场店),复兴路69号北京五棵松万达广场1F层 | 营业时间:周一至周日 10:00-22:00,1.2,3.4,28,https://aos-comment.amap.com/B0LKXCOLE8/comment/content_media_external_file_1000087534_ss__1767938507105_46231353.jpg,116.276175,39.912725
,59,,陈记电烤(五棵松万达广场探五哩街区),特色/地方风味餐厅,陈记电烤(五棵松万达广场探五哩街区),万寿路街道复兴路69号五棵松万达广场探五哩街区LG层 | 营业时间:周一至周日 10:00-22:00 | 电话:13810972293,4,4,32,http://store.is.autonavi.com/showpic/0539d537a49535dc2f0b98ddd06a81cb,116.276163,39.912773
,59,,徐志馍脆皮肉夹馍(五棵松店),脆皮肉夹馍,徐志馍脆皮肉夹馍(五棵松店),北京城区复兴路69号12幢-1层101,0.3,3.5,19,https://store.is.autonavi.com/showpic/4184e66aabfc885e374f9dfb82e327ac,116.275983,39.912525
,59,,农小锅(北京五棵松探五哩店),鸡肉,农小锅(北京五棵松探五哩店),北京城区五棵松探五哩街区7号门负1层左转 | 营业时间:周一至周日 10:30-21:30 2026-02-15至2026-02-18 周一至周日 全天关闭 | 电话:15110179112,9.9,4.5,37,http://store.is.autonavi.com/query_pic?id=st90041bb3-4ff1-46aa-b79d-2b37dbac418c&user=search&operate=original,116.27612,39.912482
,59,,西塔婆婆牛肋条自助烤肉(五棵松万达广场店),鸡肉,西塔婆婆牛肋条自助烤肉(五棵松万达广场店),五棵松万达广场LG层 | 营业时间:周一至周日 10:30-22:30 2026-02-16至2026-02-17 周一至周日 全天关闭 | 电话:13051572528,2.9,4.6,99,http://store.is.autonavi.com/showpic/611ab608d30ab58f67937844e59d2f3d,116.276233,39.912636
,62,,杏林山庄餐厅,中餐厅,杏林山庄餐厅,甲1号杏林山庄内(近香山植物园),3.4,4.1,287,,116.216841,40.003923
,62,,黄叶村酒家,丸子,黄叶村酒家,卧佛寺路正白旗村39号曹雪芹纪念馆旁西侧30米 | 营业时间:周一至周日 11:00-19:00 | 电话:13811046202,4.1,4.3,109,https://aos-comment.amap.com/B0FFG3F7IR/comment/content_media_external_file_1000027756_ss__1757388747977_76954491.jpg,116.211847,39.999185
,65,,V8咖啡(南庄村店),咖啡厅,V8咖啡(南庄村店),妙峰山镇南庄村 | 营业时间:周一至周日 00:00-24:00 | 电话:18510113296,6.3,4.5,28,https://store.is.autonavi.com/showpic/9c3afefe65a312918c8d32543cc23cc9,116.044427,40.032493
,65,,弯豆咖啡,咖啡厅,弯豆咖啡,妙峰山镇樱桃沟村,6.5,3.3,33,http://store.is.autonavi.com/showpic/3620404b7a4f1ecea28cc0bf54cb9faf,116.048626,40.039508
,71,,巴依老爷新疆美食(翠微店),手抓饭,巴依老爷新疆美食(翠微店),北土城西路161号1楼(牡丹园地铁站A西北口步行180米) | 营业时间:周一至周日 10:30-23:00 | 电话:010-62051589;15810233501;17610950981,3.4,4.5,58,http://store.is.autonavi.com/showpic/7f09ead84c83d093d4da21c9f81a4855,116.366063,39.976875
,73,,十六咖啡(移动咖啡车),咖啡厅,十六咖啡(移动咖啡车),昌赤路,0.2,3.9,0,https://store.is.autonavi.com/showpic/2cc587cc098b08ee0000001624144237,116.191055,40.652554
,74,,王成农家院(东杨路店),中餐厅,王成农家院(东杨路店),东沙梁村(近水泉沟) | 电话:13716515609,10,3.8,59,http://store.is.autonavi.com/showpic/23f274a0b76af9f9c8f695a179533795,116.257394,40.420082
,74,,宋淑英烤全羊,特色/地方风味餐厅,宋淑英烤全羊,大庄科乡水泉沟村村民委员会西南侧250米,9.1,2.9,83,,116.256035,40.416907
,74,,转角咖啡(昌赤路店),美式咖啡,转角咖啡(昌赤路店),大庄科乡北沙地2号(昌赤路S212+31公里处) | 营业时间:周一至周五 11:00-18:00；周六至周日 10:00-19:00 | 电话:010-60179477,3.5,4.5,38,https://store.is.autonavi.com/showpic/97400d6bd2e980771ff6a605791ef69c,116.243245,40.424845
,75,,龙涎府特色餐厅,中餐厅,龙涎府特色餐厅,环陵路23号,6.1,3.7,0,https://store.is.autonavi.com/showpic/be2f5bb8ed928437c7303b5131e2be3c,116.236644,40.289367
,77,,香锅世家麻辣香锅(怀柔雁栖店),,香锅世家麻辣香锅(怀柔雁栖店),雁栖镇范各庄村201号 | 营业时间:周一至周日 10:00-21:00 | 电话:13401173877,7.4,4.2,50,http://store.is.autonavi.com/showpic/640c16042c0fe3819b465e06258c58d6,116.666078,40.36556
,77,,好吃好喝,中餐厅,好吃好喝,周家胡同西门旁,8.4,3.2,28,,116.664608,40.366084
,77,,美泉餐厅,中餐厅,美泉餐厅,雁栖镇顶秀美泉小镇欧洲风情商业街丙9号 | 电话:010-56767000,6.1,3.5,0,https://aos-comment.amap.com/B0FFMFS1SG/comment/content_media_external_file_200956_ss__1752579500338_80685415.jpg,116.673045,40.367863
,77,,老巷肘饭铺,中餐厅,老巷肘饭铺,京加路与工业小区路交叉口北460米,7.8,2.2,0,,116.665625,40.367625
,77,,农耕记·湖南土菜,土菜,农耕记·湖南土菜,京加路与工业小区路交叉口西北300米,5,3.6,66,https://img.alicdn.com/imgextra/i1/O1CN01RxhfSE2803jxSBT2C_!!6000000007869-2-tps-332-336.png,116.664825,40.366075
,77,,味美香饺子馆,特色/地方风味餐厅,味美香饺子馆,京加路与工业小区路交叉口北420米,7.5,3.6,0,,116.666296,40.367187
,77,,京华鸭阁(雁栖店),酸辣粉,京华鸭阁(雁栖店),雁栖镇范各庄村200号 | 营业时间:周一至周日 10:00-22:00 | 电话:17611212780,5.9,3.7,57,https://comment-oss-online.oss-cn-wulanchabu.aliyuncs.com/B0HUBSE2TK/comment/86FA871F_2152_45D5_BEDE_16EFB31B42FE_L0_001_IMG_4795.JPG,116.665993,40.365309
,77,,川遇辣锡纸鸡汤米线,鸡汤米线,川遇辣锡纸鸡汤米线,雁栖镇范各庄村党支部南侧80米 | 营业时间:周一至周日 09:00-22:00 | 电话:18612234867,6.7,2.4,20,http://store.is.autonavi.com/showpic/02f3bbeac953afa465af7ecd6baca7ca,116.665252,40.367274
,77,,川遇辣东北黏糊麻辣烫米线,麻辣烫米线,川遇辣东北黏糊麻辣烫米线,电话:15010234867,8,4,17,https://store.is.autonavi.com/showpic/2139669ab2805887058338cc41fa07f7,116.665836,40.36814
,78,,百姓生活菜馆(远洋一方林语苑店),鸡肉,百姓生活菜馆(远洋一方林语苑店),双桥东路7号远洋一方林语苑 | 电话:13691026575,1.7,1.7,0,,116.602483,39.898453
,82,,Grid Coffee(北京亚洲金融大厦店),coffee,Grid Coffee(北京亚洲金融大厦店),北京城区北京城区天辰东路1号院亚洲金融大厦B1-17 | 营业时间:周一至周五 07:30-18:00 | 电话:17813622505,0.7,4,28,https://store.is.autonavi.com/showpic/a0e8d386ce1ea5beac917537011b79cc,116.389547,40.008509
,82,,湖南饭店,中餐厅,湖南饭店,科荟南路与北中轴景观大道交叉口东北40米,0.5,2.7,36,,116.393075,40.007175
,82,,以沫咖啡,咖啡厅,以沫咖啡,奥体森林公园南门西侧以沫咖啡,3,4.1,29,http://store.is.autonavi.com/showpic/7aef534dd8e85e11c77d0f4afd4bdde8,116.391469,40.011902
,82,,元想空间META SPACE(亚洲金融大厦店),咖啡厅,元想空间META SPACE(亚洲金融大厦店),亚洲金融大厦B1层b1-28 | 营业时间:周一至周日 09:00-02:00 | 电话:15001387048,8.6,3.7,26,http://store.is.autonavi.com/showpic/2b490c47b0de13de291aa81f42c479c4,116.38968,40.008384
,83,,Peet's皮爷咖啡(长楹天街东区店),摘星奶砖拿铁,Peet's皮爷咖啡(长楹天街东区店),北京城区常通路2号院龙湖长楹天街1层-19a | 营业时间:周一至周日 07:30-22:00 | 电话:15600461583,5.7,4.5,43,https://aos-comment.amap.com/B0ID7H4D9E/comment/74628434_691C_4085_B526_51AC1E7BA97D_L0_001_2016_151_1768198936975_95170787.jpg,116.603324,39.925265
,83,,芸山季·云南山珍菌火锅(龙湖北京长楹天街店),火锅店,芸山季·云南山珍菌火锅(龙湖北京长楹天街店),"北京城区北京城区常通路1号龙湖长楹天街购物中心东区4层-10b,10ab | 营业时间:周一至周日 11:00-22:00",4.7,4.6,100,https://aos-comment.amap.com/B0L31ZU794/comment/2E6C4585_A7A4_4F14_930D_F4F0B4B868FE_L0_001_1500_200_1762347982575_46800241.jpg,116.602905,39.925311
,83,,牟凯旋土家鲜肉饼(长楹天街购物中心店),鲜肉饼,牟凯旋土家鲜肉饼(长楹天街购物中心店),长楹天街购物中心-东区(常营地铁站E东南口步行180米),5.6,2.7,12,https://store.is.autonavi.com/showpic/ff112607f32f94c7d60fc595b6f3b86e,116.603081,39.925272
,84,,渔蓝海鲜火锅(首都宾馆店),双人餐,渔蓝海鲜火锅(首都宾馆店),首都宾馆A座一层大堂吧东北角 | 营业时间:周一至周日 16:30-21:30 | 电话:010-58159566,9.5,4.6,163,https://aos-comment.amap.com/B0JRZGS12N/comment/982239bae377647ec1abd48304e1a1e9_2048_2048_80.jpg,116.409635,39.902001
,84,,食鼎轩烤鸭·私房菜(北京王府井台基厂大街店),家常菜,食鼎轩烤鸭·私房菜(北京王府井台基厂大街店),"台基厂大街10-1号 | 营业时间:周一至周日 09:30-14:00,16:30-21:30 2026-05-01至2026-05-05 周一至周日 09:30-14:00,16:30-21:30 | 电话:010-63445868;18519118048",2.9,4.6,70,https://aos-comment.amap.com/B0KGRMA21S/comment/content_media_external_file_100003357_1767011828140_18373911.jpg,116.411861,39.903494
,84,,北京隆和居美食城(正义路店),干锅千页豆腐,北京隆和居美食城(正义路店),东华门街道正义路8号(原市政府斜对面) | 营业时间:周一至周日 10:00-22:30 | 电话:010-65263265;13520777900,0.7,4.4,73,https://store.is.autonavi.com/showpic/72fbdf46904d9ac20000002152518124?type=pic,116.406444,39.903414
,84,,松鹤楼(台基厂店),松鼠桂鱼,松鹤楼(台基厂店),"北京城区台基厂大街10号(东郊民巷小学旁) | 营业时间:周一至周日 11:00-14:00,17:00-21:00 2026-02-17至2026-02-23 周一至周日 11:00-14:00,16:30-21:00 | 电话:010-65278195;010-65279255",4.9,4.5,153,http://store.is.autonavi.com/query_pic?id=st4e59a81c-8dd5-4876-9cdf-1e3afe32ebe2&user=search&operate=original,116.411839,39.903469
,84,,君庭中餐厅(首都宾馆店),牛肉,君庭中餐厅(首都宾馆店),"前门东大街3号首都宾馆东北门门房 | 营业时间:周一至周日 11:00-14:00,17:00-21:00 | 电话:010-58159788",1.4,4.4,213,https://aos-comment.amap.com/comment/content_service__1771506306909_36408294_1771506354089_05149994.jpg,116.408956,39.902119
,84,,奥华餐厅老张记(台基厂店),虾仁独面筋,奥华餐厅老张记(台基厂店),北京城区台基厂大街18-3号 | 营业时间:周一至周日 10:30-21:30 | 电话:010-65129289;010-65244021,2.1,4.6,62,http://store.is.autonavi.com/showpic/a44d4745fdde65bc76e850f893a9937b,116.411937,39.902869
,85,,固始汉鹅块,中餐厅,固始汉鹅块,窦店镇于庄村OK幼儿园旁 | 营业时间:周一至周日 10:00-23:00 | 电话:13321166354;13661133310,5.4,3.6,73,https://store.is.autonavi.com/showpic/c90d8a467793d7b3ffe4bd7ae36656cd,116.075109,39.674791
,85,,夫妻早餐,中餐厅,夫妻早餐,沁馥家园北门西北50米 | 营业时间:周一至周日 04:00-16:00 | 电话:15946175258,7.6,4,13,http://store.is.autonavi.com/showpic/8621eb20e69ca5d1821ae8cecf57e835,116.072594,39.675098
,85,,沂蒙山铁锅炒鸡·深山走地鸡((房山店)),双人餐,沂蒙山铁锅炒鸡·深山走地鸡((房山店)),窦店镇于庄村红绿灯往东98号 | 电话:13910936627,4.1,3.5,33,http://store.is.autonavi.com/showpic/945e602b77480baca0fc3bffe08d2ef9,116.072201,39.675121
,85,,老汉口·黑鸭煲(房山店),四川菜(川菜),老汉口·黑鸭煲(房山店),大于路与大窦路交叉口东200米,0.7,2.5,0,,116.07226,39.675098
,85,,聚福源东北家常菜,大棒骨,聚福源东北家常菜,沁馥家园北门旁 | 营业时间:周一至周日 09:30-22:00 | 电话:15192639711,0.8,3.7,24,http://store.is.autonavi.com/showpic/dafb5c9303921a79bc90e78468d8968e,116.073138,39.675112
,85,,山西面食馆,山西面食,山西面食馆,窦店镇于庄村凯翔公寓对面 | 电话:17094206992,6.6,3.5,0,http://store.is.autonavi.com/showpic/67e5af095856c3aa9c306367b598ac75,116.07182,39.675086
,85,,汕荣记·潮汕牛肉粿条·湿炒牛肉饭(第1档口荣安兴晟美食城店),潮汕牛肉粿条,汕荣记·潮汕牛肉粿条·湿炒牛肉饭(第1档口荣安兴晟美食城店),大于路与大窦路交叉口东200米,2.3,3.1,22,,116.072226,39.67516
,85,,马子华牛肉面(大于路店),牛肉面,马子华牛肉面(大于路店),大于路与大窦路交叉口东160米,5.1,3.2,22,https://store.is.autonavi.com/showpic/338e46178c349f621cb32a2fa1574afd,116.07181,39.675064
,85,,馋嘴猫美食城重庆小面,重庆小面,馋嘴猫美食城重庆小面,大于路与大窦路交叉口东120米 | 电话:18883921766,4.9,3.2,24,http://store.is.autonavi.com/showpic/11ff13af800fadb5830ca4df28e1c4b8,116.071388,39.674902
,85,,铁锅炖,铁锅炖,铁锅炖,窦店镇于庄村四区98号 | 营业时间:周一至周日 10:00-22:00 | 电话:13522097059;13910936627,9.5,3.7,37,http://store.is.autonavi.com/showpic/0d479184c2a78e069c81605db503d616,116.071995,39.675093
,85,,茶饭有肆(第5档口于庄美食城店),鱼香肉丝,茶饭有肆(第5档口于庄美食城店),大于路与大窦路交叉口东180米 | 营业时间:周一至周日 10:30-21:00 | 电话:17326952209,8.5,2.5,22,http://store.is.autonavi.com/showpic/755c58520a83785218e7a10cee940762,116.072185,39.674966
,90,,古镇南街小吃店,中餐厅,古镇南街小吃店,古北口镇卫生院东门旁,9.8,2.8,28,,117.164729,40.69009
,90,,古镇聚源饭庄,中餐厅,古镇聚源饭庄,古北口村委会东北门西80米 | 营业时间:周一至周日 09:00-23:00 | 电话:010-81051438,5.5,3.7,52,http://store.is.autonavi.com/showpic/f39b4c5db3f7339033cdc84ebffa467d,117.163364,40.693972
,90,,围场情饭店,中餐厅,围场情饭店,京密路与政府路交叉口东南20米,3.6,3.4,47,,117.163375,40.693975
,90,,北京古北雅阁火锅店,火锅店,北京古北雅阁火锅店,西横街与京密路交叉口东北20米,3,3.1,0,http://store.is.autonavi.com/showpic/a726bd040d262151f4fc95e84d647efc,117.163382,40.688887
,90,,聚宝辉鑫鹏饭庄,面点,聚宝辉鑫鹏饭庄,京密路与西横街交叉口北80米 | 营业时间:周一至周日 06:00-22:00 | 电话:13488861880;15011520120,5.5,4,67,https://store.is.autonavi.com/showpic/33a7343f4eb75aca2acbd102f2e10759,117.163289,40.689549
,91,,北方面语,中餐厅,北方面语,卢沟桥南里10号宛平城内(西侧) | 营业时间:周一至周日 08:00-20:00,6.1,3.8,27,https://aos-comment.amap.com/comment/content_service__1772461601725_06703754_1772461606528_27309109.jpg,116.224195,39.851021
,91,,要潮人民咖啡馆(宛平城店),清咖,要潮人民咖啡馆(宛平城店),北京城区北京城区宛平城城内街甲23号 | 营业时间:周一至周日 10:00-17:00 | 电话:18612309984,1,4.6,21,https://aos-comment.amap.com/B0K6R5BR46/comment/content_media_external_file_89607_ss__1771310726045_67560203.jpg,116.224677,39.851318
,92,,库迪咖啡(北京工业职业学院店),五常米乳拿铁,库迪咖啡(北京工业职业学院店),北京城区北京工业职业学院食堂3层 | 电话:13381021396,5.4,3.2,9,https://store.is.autonavi.com/showpic/7b0db620ddccbe9ff42ce59100617216?operate=original?operate=original?operate=original?operate=original,116.223015,39.906304
,92,,蚝海·鲜蚝料理级自助(石景山万达广场店),五花肉,蚝海·鲜蚝料理级自助(石景山万达广场店),"石景山路乙18号万达广场北京石景山店4F层 | 营业时间:周一至周五 11:00-14:00,17:00-22:00；周六至周日 11:00-22:00 | 电话:18600611898",7,4.5,147,https://aos-comment.amap.com/B0I14CCQON/comment/826B3268_457A_4B94_9066_48690FC3CAB9_L0_001_750_1000_1730216990771_26849085.jpg,116.224609,39.905936
,92,,喜家德虾仁水饺(石景山万达店),卤肉饭,喜家德虾仁水饺(石景山万达店),"北京城区石景山路乙18号院石景山万达3F303,305 | 营业时间:周一至周日 09:30-21:30 | 电话:16710151930",2,4.5,37,http://store.is.autonavi.com/query_pic?id=stb4f5ff64-44da-4b38-b306-f0536c5ed31a&user=search&operate=original,116.224623,39.906404
,92,,泉歌·井焰铁板烧(石景山万达广场店),大虾,泉歌·井焰铁板烧(石景山万达广场店),"万达广场C座4层 | 营业时间:周六至周日 11:00-21:30；周一至周五 11:00-14:00,17:00-21:30 | 电话:18613859136",2.7,4.5,214,https://aos-comment.amap.com/B0IAHU75FU/comment/99a1cdabd9950776dad66fd4cddf7468_2048_2048_80.jpg,116.224428,39.906066
,92,,海底捞火锅(石景山万达广场店),捞派鱼饼,海底捞火锅(石景山万达广场店),北京城区石景山路乙18号万达广场C栋四层 | 营业时间:周一至周日 10:00-07:00 | 电话:010-88689558,3.4,4.7,120,https://store.is.autonavi.com/showpic/bcb84a02dd0ebb388d01c309af554414?operate=original,116.224404,39.90583
,92,,农小锅(北京石景山万达店),鸡肉,农小锅(北京石景山万达店),北京城区石景山路乙18号万达广场(北京石景山店)B1 | 营业时间:周一至周日 10:00-22:00 | 电话:18611195534,5.2,4.2,39,http://store.is.autonavi.com/query_pic?id=st90041bb3-4ff1-46aa-b79d-2b37dbac418c&user=search&operate=original,116.224264,39.906342
,93,,库迪咖啡(中央民族大学丰台校区店),【浓郁丝滑,库迪咖啡(中央民族大学丰台校区店),北京城区魏各庄路27号中央民族大学丰台校区运动中心大厅 | 营业时间:周一至周五 07:30-20:00；周六至周日 08:00-20:00 | 电话:18201679302,0.3,4.1,9,https://store.is.autonavi.com/showpic/7b0db620ddccbe9ff42ce59100617216?operate=original?operate=original?operate=original?operate=original,116.110999,39.810167
,93,,原点之家,中餐厅,原点之家,西山湖小区南门旁,5.9,4,0,https://store.is.autonavi.com/showpic/b6821257770a95549953565305cee949,116.096259,39.811054
,93,,栗园饭店,中餐厅,栗园饭店,民族苑路南侧,7.7,3.5,0,,116.104963,39.813282
,93,,瓦窑饭店,中餐厅,瓦窑饭店,大富庄路与灵湖路交叉口西440米 | 营业时间:周一至周日 09:00-21:00,7.8,3.9,52,,116.111799,39.820116
,93,,聚雅餐厅,中餐厅,聚雅餐厅,魏各庄路27号 | 营业时间:周一至周日 09:00-21:00,1,4,25,http://store.is.autonavi.com/showpic/8acbf6dfce43f92fa964926b76873228,116.108236,39.810337
,94,,九洑地餐厅,中餐厅,九洑地餐厅,白马路 | 营业时间:周一至周日 10:00-21:00 | 电话:010-80480899;13601331716,8.8,4.3,0,http://aos-cdn-image.amap.com/sns/ugccomment/7b246a6a-3f91-41da-86ce-8f7078785373.jpg,116.561417,40.175353
,94,,北京顺缘饭庄,中餐厅,北京顺缘饭庄,光明大街与火寺路交叉口西100米,1.1,3.4,36,https://store.is.autonavi.com/showpic/9c8f0517fee354850000002353890906?type=pic,116.555887,40.171757
,94,,早点食富,中餐厅,早点食富,光明大街与火寺路交叉口西100米,9.7,3.6,16,http://store.is.autonavi.com/showpic/d6cdf33893ab9a54d16bcca53f293971,116.556031,40.171719
,94,,巫山烤鱼川湘家常菜,巫山烤鱼,巫山烤鱼川湘家常菜,光明大街与火寺路交叉口西160米 | 电话:17783958562,9.5,4,59,http://store.is.autonavi.com/showpic/8fd1e416c1aec8901672c51767ec8c56,116.555315,40.17191
,94,,华清斋西域美食兰州牛肉面,清真菜馆,华清斋西域美食兰州牛肉面,南郎中村幸福大街39号九州同泰医药(火寺路店),6.4,3.7,13,https://store.is.autonavi.com/showpic/a7cf426a448136200000002377316773?type=pic,116.555303,40.171933
,94,,西北老马拉面,清真菜馆,西北老马拉面,光明大街11号,4.2,3.7,26,http://store.is.autonavi.com/showpic/d9dcf15154921e38807ee49a4dca0b7a,116.556174,40.171891
,94,,全恒源酒楼,综合酒楼,全恒源酒楼,赵全营镇西小营村平安街4号 | 营业时间:周一至周日 00:00-24:00 | 电话:13552780118;13621350616,0.4,3.9,300,https://store.is.autonavi.com/showpic/cb382533b8e8191487f95b17acee1622,116.558011,40.187204
,95,,luckin coffee 瑞幸咖啡(金蝶软件园店),coffee,luckin coffee 瑞幸咖啡(金蝶软件园店),北京城区复兴四街3号院A座B1中庭 | 营业时间:周一至周日 07:00-20:00 | 电话:4000100100,6.6,4.4,13,https://store.is.autonavi.com/showpic/c287706810a95e84ab635a931ccf264d?operate=original,116.665218,40.161838
,95,,佰福盛宴,中餐厅,佰福盛宴,"马坡地区向阳闸南潮白河西侧向阳路1号乡村高尔夫主楼南侧 | 营业时间:周一至周日 09:00-14:00,15:00-21:00 | 电话:15810062819",0.9,4.5,102,https://aos-comment.amap.com/B0J1J5YAPC/comment/212a61b1abb7fedba49566624949f85a_2048_2048_80.jpg,116.67544,40.159953
,95,,喜柿餐厅,中餐厅,喜柿餐厅,复兴四街3号院7幢-1层-101内B68 | 营业时间:周一至周日 11:00-20:00 | 电话:13910114626,7,4.2,54,https://store.is.autonavi.com/showpic/19fb7257f9a115453c70664259105860,116.664375,40.162675
,97,,东北大饭包,中餐厅,东北大饭包,芙蓉西路与北关大道交叉口东140米,3.5,2.7,0,https://store.is.autonavi.com/showpic/277debd39a2142e3e8a396f1e6a1f5c1,116.677325,39.917975
,97,,胶东小馆(小海鲜),中餐厅,胶东小馆(小海鲜),芙蓉西路与北关大道交叉口东200米,8.1,4.3,88,http://store.is.autonavi.com/showpic/5a502f14ac9d0e896c6e46f0526d245e,116.678046,39.917933
,97,,蒙古烧麦,中餐厅,蒙古烧麦,芙蓉西路与北关大道交叉口东160米,2.7,3.2,52,https://store.is.autonavi.com/showpic/9183a53c76e7f4a5f638b7f895fa7317,116.677737,39.918452
,97,,南门涮肉(通州店),太阳肉,南门涮肉(通州店),"运河码头3号(运河龙舫) | 营业时间:周五至周六 10:30-23:00；周一至周四,周日 10:30-22:30 | 电话:010-87885688",0.6,4.8,91,https://aos-comment.amap.com/B0FFHJJQK4/comment/b5d6db45f2f220708abfe1ed9ba5d804_2048_2048_80.jpg,116.675785,39.914417
,97,,蒲松龄烤乳猪·古法瓦缸炭烤(通州店),烤面筋,蒲松龄烤乳猪·古法瓦缸炭烤(通州店),芙蓉西路与朝晖南路交叉口北200米 | 营业时间:周一至周五 17:00-01:00；周六至周日 12:00-01:00 | 电话:13311383777,9.4,4.3,84,https://aos-comment.amap.com/B0KGURJDMJ/comment/content_media_external_file_1018_1765675032474_03443436.jpg,116.678622,39.918043
,97,,徽粤小馆(月亮河店),臭鳜鱼,徽粤小馆(月亮河店),月亮河休闲小镇南侧停车场旁 | 营业时间:周一至周日 10:00-22:00 | 电话:13910126852,4.5,4.2,86,http://store.is.autonavi.com/showpic/7742bdc500c78e6f411141740b98e860,116.678186,39.917967
,97,,淄博烧烤·淄博人在北京(月亮河店),鸡肉,淄博烧烤·淄博人在北京(月亮河店),芙蓉西路1号3幢1至2层 | 营业时间:周一至周五 17:00-01:00；周六至周日 12:00-01:00 | 电话:13311383777,5.2,4.3,92,https://aos-comment.amap.com/B0JD199V0L/comment/content_media_external_images_media_1000036534_ss__1755185835206_19377935.jpg,116.678717,39.918064
,100,,XG Coffee,coffee,XG Coffee,国子监街与箭厂胡同交叉口东20米,1.3,3.6,0,https://store.is.autonavi.com/showpic/ee36f1f3fbfbe9c0abb9ed9185a53290,116.411801,39.945518
,100,,吾肆WUSI FLORA CAFE&BAR(胡同店),下午茶,吾肆WUSI FLORA CAFE&BAR(胡同店),方家胡同与公益巷交叉口东南20米 | 营业时间:周一至周日 12:00-18:30 | 电话:17310660715,6.3,4.6,81,https://aos-comment.amap.com/B0J3UA01JS/comment/05e86dc1dbb53a49a07b2f690b6b9d7c_2048_2048_80.jpg,116.411338,39.943999
,100,,TOWN HOUSE 北欧咖啡(国子监店),卡布奇诺,TOWN HOUSE 北欧咖啡(国子监店),国子监街76号 | 营业时间:周一至周日 09:30-19:00 | 电话:010-60177760;18513958365,0.2,4.6,59,http://store.is.autonavi.com/showpic/c9efdd098e6ed475ce554935a69271ab,116.409654,39.945367
,100,,喜27Cafe+Meals,咖啡厅,喜27Cafe+Meals,北京城区北京城区箭厂胡同27号 | 营业时间:周一至周日 10:30-19:00,6.9,4.5,42,https://aos-comment.amap.com/B0M6DU7DJW/comment/EC39927F_DA12_4123_BC07_F45F67163CDA_L0_001_1500_200_1771643017384_11660814.jpg,116.411537,39.945888
,100,,坐标XY(成贤街店),咖啡厅,坐标XY(成贤街店),方家胡同46号院 | 营业时间:周一至周二 13:00-01:00；周三至周日 13:00-02:00 | 电话:18511859688,6.1,4.6,70,https://aos-comment.amap.com/B000A8ZINJ/comment/D5D34657_7DE3_4C38_91E9_7B9C1698B6FF_L0_001_1500_200_1764597769281_02563569.jpg,116.411408,39.943872
,100,,洄游Swim cafe,咖啡厅,洄游Swim cafe,北京城区国子监37号(77文创国子监正对面) | 营业时间:周一至周日 11:00-18:00 2026-02-16至2026-02-20 周一至周日 全天关闭 | 电话:13260052587;13718995402,1.3,4.6,52,https://aos-comment.amap.com/comment/content_service__1769252346636_97237098_1769252469193_06158615.jpg,116.410736,39.945505
,100,,巫山烤鱼(安定门店),回锅肉,巫山烤鱼(安定门店),北京城区安定门内大街98-1号(安定门地铁站A西北口步行480米) | 营业时间:周一至周日 10:00-22:30 | 电话:13693385190;19298108959,7.9,4.4,68,https://store.is.autonavi.com/showpic/39c125de1f592debccb695e115f8b050,116.40852,39.94614
,100,,老北京家常菜(安定门内大街),家常菜,老北京家常菜(安定门内大街),安定门内大街130号近安定门地铁口 | 营业时间:周一至周日 10:00-21:30 | 电话:13611258678,6,3.8,81,https://aos-comment.amap.com/B000A7I4Y4/comment/58b38241c97574122e507ad66e226a99_2048_2048_80.jpg,116.408621,39.945154
,100,,红叶拾楠,摩卡,红叶拾楠,安定门内大街方家胡同46号 | 营业时间:周一至周日 11:00-02:00 | 电话:18511859688,5.5,3.3,53,http://store.is.autonavi.com/showpic/c9b5ada0916cc96f17fbe622a95f1e7c,116.411407,39.943872
,100,,缪家婆包子铺(成贤街店),炒肝,缪家婆包子铺(成贤街店),安定门内大街142号(方家胡同车站路东面) | 营业时间:周一至周日 05:00-20:30 | 电话:13621198620;18007058757,0.5,4.6,27,http://store.is.autonavi.com/showpic/45d948d64063ac4739ce72524796566e,116.408601,39.944925
,100,,揽月斋炙子烤肉·清真(五道营总店),炙子烤肉～烧烤,揽月斋炙子烤肉·清真(五道营总店),北京城区安定门内大街140号 | 营业时间:周一至周日 10:00-22:00 | 电话:010-64005040,6.6,4.6,85,https://aos-comment.amap.com/B0FFGB33DM/comment/f01f4784b780489577e98b7ae0c3c493_2048_2048_80.jpg,116.408583,39.94497
,100,,晓莉肉饼(成贤街店),肉饼,晓莉肉饼(成贤街店),安定门内大街166号 | 营业时间:周一至周日 10:00-22:00 | 电话:13520254100,9.2,4.4,34,https://aos-comment.amap.com/B0FFLQ1FRO/comment/content_media_external_file_135680_ss__1761357595317_23092546.jpg,116.408587,39.944549
,100,,秀冠咖啡,蓝山咖啡,秀冠咖啡,国子监街25号(近安定门内大街) | 营业时间:周一至周日 08:30-20:30 | 电话:010-64052047;18610020904,2.3,4.4,44,https://store.is.autonavi.com/showpic/20500c1d6894c9940000002419920886?type=pic,116.411573,39.945546
,100,,晓林火锅(安定门店),蔬菜拼盘,晓林火锅(安定门店),"安定门内大街168号 | 营业时间:10:00-05:00,2026年5月1日至2026年5月5日 10:00-05:00 | 电话:13718939034",5.6,4.6,59,http://store.is.autonavi.com/showpic/b14d478c3ccfd14cf9e1b1cb87b0630a,116.408617,39.944612
,100,,安内老马稍麦(安定门店),锡盟羊肉烧卖,安内老马稍麦(安定门店),"安定门内大街112号(安定门地铁站A西北口步行480米) | 营业时间:周一至周日 09:30-14:30,16:30-21:30 | 电话:13241461348",4.4,4.6,51,http://store.is.autonavi.com/showpic/4f2f728b615215e74c16d073b77b9e3c,116.408581,39.945857
,100,,晓林香河肉饼(成贤街店),香河肉饼,晓林香河肉饼(成贤街店),安定门内大街168号 | 营业时间:周一至周日 10:00-22:00 | 电话:13520254100;13904121696,4,4.4,31,https://aos-comment.amap.com/B0FFHGG8MM/comment/7C3FB92C_B49B_44BC_AB04_1C9C5F908FDC_L0_001_2000_150_1764724226854_55104671.jpg,116.408621,39.944554
,101,,叠山餐饮(延庆店),中餐厅,叠山餐饮(延庆店),国家电网汽车充电站(北京市延庆区东三岔村公共充电站)东北侧 | 营业时间:周一至周日 09:00-21:00 | 电话:18516060168,1.7,3.8,59,https://store.is.autonavi.com/showpic/b04c5db9202e5ff7f04695e470cab84f,116.270036,40.398984
,101,,王成农家院(东杨路店),中餐厅,王成农家院(东杨路店),东沙梁村(近水泉沟) | 电话:13716515609,1.6,3.8,59,http://store.is.autonavi.com/showpic/23f274a0b76af9f9c8f695a179533795,116.257394,40.420082
,101,,韩大姐农家餐厅,中餐厅,韩大姐农家餐厅,大庄科乡香屯村村民委员会东侧260米 | 电话:13718071626,7.2,3.9,0,,116.280661,40.406299
,101,,香屯王忠海农家餐厅,中餐厅,香屯王忠海农家餐厅,香屯村26号 | 营业时间:周一至周日 06:30-23:30 | 电话:13641001716;13718071626,8.4,3,0,http://store.is.autonavi.com/showpic/e7ed604f4dbbad5e22de777438cc1b20,116.280799,40.406304
,101,,宋淑英烤全羊,特色/地方风味餐厅,宋淑英烤全羊,大庄科乡水泉沟村村民委员会西南侧250米,9.2,2.9,83,,116.256035,40.416907
,103,,渔蓝海鲜火锅(首都宾馆店),双人餐,渔蓝海鲜火锅(首都宾馆店),首都宾馆A座一层大堂吧东北角 | 营业时间:周一至周日 16:30-21:30 | 电话:010-58159566,9.5,4.6,163,https://aos-comment.amap.com/B0JRZGS12N/comment/982239bae377647ec1abd48304e1a1e9_2048_2048_80.jpg,116.409635,39.902001
,103,,良苑烤鸭店(前门店),宫保鸡丁,良苑烤鸭店(前门店),"前门东大街14号楼前 | 营业时间:11:00-21:00,2026年春节期间07:00-09:30；10:30-21:00 | 电话:010-65122322",9.4,4.5,80,https://aos-comment.amap.com/B000A7C192/comment/5B6F0744_4E23_4727_BFA1_4FF00A1CB9F2_L0_001_2000_150_1760867253847_38700077.jpg,116.408677,39.900407
,103,,食鼎轩烤鸭·私房菜(北京王府井台基厂大街店),家常菜,食鼎轩烤鸭·私房菜(北京王府井台基厂大街店),"台基厂大街10-1号 | 营业时间:周一至周日 09:30-14:00,16:30-21:30 2026-05-01至2026-05-05 周一至周日 09:30-14:00,16:30-21:30 | 电话:010-63445868;18519118048",8.2,4.6,70,https://aos-comment.amap.com/B0KGRMA21S/comment/content_media_external_file_100003357_1767011828140_18373911.jpg,116.411861,39.903494
,103,,北京隆和居美食城(正义路店),干锅千页豆腐,北京隆和居美食城(正义路店),东华门街道正义路8号(原市政府斜对面) | 营业时间:周一至周日 10:00-22:30 | 电话:010-65263265;13520777900,4.8,4.4,73,https://store.is.autonavi.com/showpic/72fbdf46904d9ac20000002152518124?type=pic,116.406444,39.903414
,103,,松鹤楼(台基厂店),松鼠桂鱼,松鹤楼(台基厂店),"北京城区台基厂大街10号(东郊民巷小学旁) | 营业时间:周一至周日 11:00-14:00,17:00-21:00 2026-02-17至2026-02-23 周一至周日 11:00-14:00,16:30-21:00 | 电话:010-65278195;010-65279255",5.6,4.5,153,http://store.is.autonavi.com/query_pic?id=st4e59a81c-8dd5-4876-9cdf-1e3afe32ebe2&user=search&operate=original,116.411839,39.903469
,103,,君庭中餐厅(首都宾馆店),牛肉,君庭中餐厅(首都宾馆店),"前门东大街3号首都宾馆东北门门房 | 营业时间:周一至周日 11:00-14:00,17:00-21:00 | 电话:010-58159788",5.2,4.4,213,https://aos-comment.amap.com/comment/content_service__1771506306909_36408294_1771506354089_05149994.jpg,116.408956,39.902119
,103,,奥华餐厅老张记(台基厂店),虾仁独面筋,奥华餐厅老张记(台基厂店),北京城区台基厂大街18-3号 | 营业时间:周一至周日 10:30-21:30 | 电话:010-65129289;010-65244021,9.2,4.6,62,http://store.is.autonavi.com/showpic/a44d4745fdde65bc76e850f893a9937b,116.411937,39.902869
,106,,瑞幸咖啡(万科时代中心·望京店),三明治,瑞幸咖啡(万科时代中心·望京店),"望京街9号望京国际商业中心E座一层1207 | 营业时间:周一至周五,周日 07:00-19:30；周六 07:00-20:30 | 电话:4000100100",2.8,4,13,https://store.is.autonavi.com/showpic/c287706810a95e84ab635a931ccf264d?operate=original,116.470293,39.996171
,106,,吉祥馄饨(望京西园店),中餐厅,吉祥馄饨(望京西园店),望京东湖街道广顺南大街3号望京西园四区,0.1,3.4,18,https://store.is.autonavi.com/showpic/fe2a1bf29acac7e20000000801408205?type=pic,116.469075,39.995925
,106,,浣熊食堂(望京店),中餐厅,浣熊食堂(望京店),北京城区望京西园四区423号一层(望京地铁站C口西南口步行310米) | 营业时间:周一至周日 00:00-24:00 | 电话:4006020900,1.1,4.5,26,https://store.is.autonavi.com/showpic/110c39f2d763caa50000000801170582?type=pic,116.468678,39.995483
,106,,黄记煌三汁焖锅,中餐厅,黄记煌三汁焖锅,望京东湖街道广顺南大街3号望京西园四区,0.6,3.6,76,https://store.is.autonavi.com/showpic/520758d06b124ee60000000840606781?type=pic,116.468675,39.995575
,106,,芈重山老火锅(望京店),双人餐,芈重山老火锅(望京店),望京东湖街道广顺南大街3号望京西园四区420号楼1层420-5-085 | 营业时间:周一至周日 11:00-02:00 | 电话:010-64781399,3.3,4.8,129,https://store.is.autonavi.com/showpic/be7eaa501d90718c0000001754006131?type=pic,116.468928,39.996644
,106,,马路牙子大排档(望京店),双人餐,马路牙子大排档(望京店),广顺北大街望京西园四区423号楼美食城103 | 营业时间:周一至周日 17:00-03:00 2026-02-15至2026-02-26 周一至周日 全天关闭 | 电话:15210990019,1.4,4.5,93,https://aos-comment.amap.com/B0FFIWU8UA/comment/content_media_external_file_100002441_1763199373510_67052454.jpg,116.468629,39.995404
,106,,熊大爷现包饺子(望京西园店),堂食,熊大爷现包饺子(望京西园店),望京西园四区420号楼420-5 | 营业时间:周一至周日 10:00-23:00 | 电话:15201240007,0.1,4,23,https://aos-comment.amap.com/B0JG7HZLC3/comment/20260319-9c3a2cd80dfb81c1a76d2565-4Kq4hXjDWmd5WN9iI6Dr8g.jpg,116.468925,39.996575
,106,,厨禾企业团餐盒饭工作餐,工作餐,厨禾企业团餐盒饭工作餐,望京东湖街道广顺南大街3号望京西园四区,1.3,2.8,13,,116.468775,39.995775
,106,,红京鱼(望京店),水煮鱼,红京鱼(望京店),广顺北大街望京西园4区424号楼1层 | 营业时间:周一至周日 10:00-22:00 | 电话:010-64707221;010-84245226,0,4.5,96,https://aos-comment.amap.com/B000A7D00Q/comment/424AD1FA_DD90_4076_AC3F_90AB3DC821B2_L0_001_1536_204_1768634602351_62557323.jpg,116.468623,39.995102
,106,,蜀尚品·现做鲜鱼馆,火锅店,蜀尚品·现做鲜鱼馆,广顺北大街43号 | 营业时间:周一至周日 10:00-04:00 | 电话:010-88807499;18515579809,0.9,4.5,103,https://aos-comment.amap.com/B0M6ZC27IZ/comment/3F90C653_F2CB_441B_BD5A_8A636DB7F5A0_L0_001_1278_170_1770045108920_34409239.jpg,116.468815,39.996621
,106,,向阳庄烧烤店(望京西园店),烤鸡翅,向阳庄烧烤店(望京西园店),"宏昌路望京西园4区420号楼2层(广顺北大街至宏昌路地铁15号线望京站C出口对面小区内) | 营业时间:周一至周日 10:00-14:00,16:00-22:00 | 电话:13717591399",2.1,4,106,https://aos-comment.amap.com/B000A849RY/comment/AAA6A5DC_EFB7_41CE_9D6F_BCDC22EB565E_L0_001_2000_1500_1734842481936_70297473.jpg,116.469476,39.996524
,106,,库迪咖啡(望京韩国城浣熊食堂店),生椰拿铁,库迪咖啡(望京韩国城浣熊食堂店),北京城区北京城区阜通西大街望京韩国城浣熊厨房1层 | 营业时间:周一至周日 07:00-19:00 | 电话:15101516039,1.2,4.1,9,https://store.is.autonavi.com/showpic/b6257193fab8feb30000000725594134?type=pic,116.468546,39.995836
,106,,香河肉饼(望京西园四区店),糖醋里脊,香河肉饼(望京西园四区店),北京城区望京西园四区418号楼下 | 营业时间:周一至周日 17:00-05:00 | 电话:15010430890;18101099602,4.7,4.4,71,http://store.is.autonavi.com/showpic/b58996db4a70da608adf075b62881ba6,116.471817,39.995531
,106,,冯四娘跷脚牛肉(望京店),跷脚牛肉,冯四娘跷脚牛肉(望京店),望京东湖街道广顺南大街3号望京西园四区,0.7,3.4,90,,116.46869,39.995698
,106,,安客葱鸡(望京店),韩式炸鸡,安客葱鸡(望京店),望京西园4区423号楼1层(望京地铁站H西南口步行260米) | 营业时间:周一至周日 10:00-22:00 | 电话:010-57126363;15911116840;18501982480,2.6,4.1,66,http://store.is.autonavi.com/showpic/592263efbde7071833c4a5bf6890c5c2,116.468526,39.995795
,106,,朋朋黄汤拉面(广顺北大街店),黄汤拉面全家福,朋朋黄汤拉面(广顺北大街店),"北京城区望京东湖街道广顺南大街3号望京西园四区 | 营业时间:周一至周日 00:00-04:00,04:00-24:00 | 电话:15611272070;18400978105",1.2,4.6,24,https://store.is.autonavi.com/showpic/c930ab062571c2bc0000000841448416?type=pic,116.468738,39.995371
,107,,京西城门根儿面馆,中餐厅,京西城门根儿面馆,东斋堂2区20号 | 营业时间:周一至周日 10:00-00:30 | 电话:13901246151,0.4,3.7,33,http://store.is.autonavi.com/showpic/22c3b35283875dda10d68ba7293b1931,115.704364,39.976716
,107,,明龙小吃,中餐厅,明龙小吃,斋堂大街与斋北路交叉口西南400米,6.7,2.7,23,http://store.is.autonavi.com/showpic/0ff7bc67048260e6c085637a3fda302e,115.702989,39.975434
,107,,香河肉饼刀削面,刀削面,香河肉饼刀削面,斋堂大街与斋北路交叉口西南400米,5.1,3.5,20,,115.702975,39.975425
,107,,北京韵味斋餐厅,堂食,北京韵味斋餐厅,斋堂镇东斋堂村一区30号第1间 | 营业时间:周一至周日 09:00-22:00 | 电话:13716265918,6.7,4,37,https://store.is.autonavi.com/showpic/7b90576b3c41d6eea6d8da6d162055b3,115.70574,39.977801
,107,,京西益友阁饭店,水煮鱼,京西益友阁饭店,"斋堂镇东斋堂村二区56号 | 营业时间:周一至周日 09:00-12:00,14:00-20:30 | 电话:010-69819161;13520040822",8.9,4.2,69,https://store.is.autonavi.com/showpic/a0a306d6a57af3306f6e5e59a19fcb22,115.703966,39.97628
,107,,斋堂红良餐厅,炸花椒芽,斋堂红良餐厅,斋堂大街与斋北路交叉口西南380米 | 营业时间:周一至周日 09:00-21:00 | 电话:15801064145,9.8,4.1,49,https://store.is.autonavi.com/showpic/2cf5e719d3c54492ffcabb0107e2526d,115.703287,39.975563
,107,,天天鲜饺子馆(斋堂大街店),特色/地方风味餐厅,天天鲜饺子馆(斋堂大街店),斋堂大街与斋北路交叉口西南320米,9.8,3.7,33,https://store.is.autonavi.com/showpic/25a987be0bbb1872330da5acdaded7a2,115.703742,39.976018
,107,,北京宏宴餐厅,酸菜鱼,北京宏宴餐厅,斋堂镇东斋堂一区31号 | 营业时间:周一至周日 10:00-21:00 | 电话:13488797188,9.4,4.5,68,https://aos-comment.amap.com/B0FFKKSZUO/headerImg/920d5f77dd6eb764f464d72901696fba_2048_2048_80.jpg,115.705404,39.977571
,107,,大伟饭店,鱼香肉丝,大伟饭店,"斋堂镇东大街4区2号 | 营业时间:周一至周日 09:00-14:00,16:30-21:00 | 电话:010-61826800;13241538513",5.7,4.1,55,http://store.is.autonavi.com/showpic/9ac41f03583102a770d160b1f2f771a2,115.703148,39.975404
,108,,古兰小吃餐厅馆,中餐厅,古兰小吃餐厅馆,京开辅路与薛福路交叉口北220米,5.4,3.9,0,https://store.is.autonavi.com/showpic/0dcdb199fa9bffef83b8cdc70ae8709e,116.326424,39.607338
,108,,羊之恋羊蝎子火锅,战斧羊排,羊之恋羊蝎子火锅,庞各庄镇薛营村薛赵路5号 | 营业时间:周一至周日 09:30-24:00 | 电话:13121824811;13121825751,6.6,4.4,58,https://store.is.autonavi.com/showpic/5d2e0a937e7628e90000001732288103?type=pic,116.326186,39.605424
,108,,京南第一涮(总店),涮肉,京南第一涮(总店),薛福路9号 | 营业时间:周一至周日 05:00-23:00 2026-02-10至2026-03-04 周一至周日 09:00-22:00 | 电话:010-89258913;010-89281538,1.4,4.5,106,https://store.is.autonavi.com/showpic/31dd52caafb45b396c8028d26ec90fbc,116.324917,39.605372
,108,,清真美食,清真菜馆,清真美食,京开辅路与薛北路交叉口西北200米,5.4,3.2,0,,116.325941,39.608349
,108,,世纪嘉园烧烤,烤串,世纪嘉园烧烤,北京城区京开辅路与薛福路交叉口西行100米路北1层 | 营业时间:周一至周日 10:00-22:00 | 电话:010-89287325,6,4.3,81,https://aos-comment.amap.com/B0LK4SW1WZ/comment/20260309-51e9bed6ca0f856d3013de8d-ST3JOnLNke9BO4qCgtfyR.jpg,116.325743,39.605417
,108,,羊肉串烤全羊,烤全羊,羊肉串烤全羊,薛福路与清和街交叉口东140米,6,3.2,0,,116.324817,39.605384
,108,,合顺斋涮肉,烤羊排,合顺斋涮肉,庞各庄镇薛营村清正南路16条10号 | 营业时间:周一至周日 09:00-22:00 | 电话:13811878971,3.6,4.3,83,https://store.is.autonavi.com/showpic/d52034d6c163067d7f7c9499d14ba9db,116.326115,39.605539
,108,,世纪嘉园涮肉,烤肉,世纪嘉园涮肉,福永路 | 营业时间:周一至周日 09:00-22:00 | 电话:010-89258794,4.2,4.6,100,https://store.is.autonavi.com/showpic/c55411d7fe5b50888384cafc5229a6a9,116.32552,39.605432
,108,,满朋斋,烤肉筋,满朋斋,薛营村薛赵路3号 | 营业时间:周一至周日 10:00-22:00 | 电话:18600358008,0.7,4.2,53,http://store.is.autonavi.com/showpic/2982db485f0e5ff1d0ba4191c8e6ff6f,116.326597,39.605434
,108,,内蒙好羊肉,羊肉,内蒙好羊肉,薛福路与京开辅路交叉口西120米,4.4,2.6,0,,116.325725,39.605525
,108,,西域美食中国兰州拉面(大兴),羊蝎子,西域美食中国兰州拉面(大兴),"薛福路与京开辅路交叉口西40米 | 营业时间:周一至周日 11:00-14:30,17:00-01:30 | 电话:18301632034",7.2,4,53,https://store.is.autonavi.com/showpic/3fe6a2899c0465b30000002374924304?type=pic,116.326543,39.605472
,109,,十八梯棚棚面(故宫店),中餐厅,十八梯棚棚面(故宫店),东华门大街73号 | 营业时间:周一至周日 08:00-20:00,3,4.3,29,https://aos-comment.amap.com/B0L36SA7SA/comment/2BDAE809_F4FA_422A_812A_BA6E6992EBA3_L0_001_1500_200_1762158282535_35045065.jpg,116.403473,39.915257
,109,,老北京驴打滚,中餐厅,老北京驴打滚,东华门大街与南池子大街交叉口东100米 | 营业时间:周一至周日 05:00-23:00,6.2,3.9,29,https://aos-comment.amap.com/B0KDUN2EB0/comment/FAEF6AE3_1173_474C_9200_3E935036E4BE_L0_001_1500_200_1767489774066_48356254.jpg,116.404141,39.915104
,109,,老酱道北京味道(南池子大街店),中餐厅,老酱道北京味道(南池子大街店),中国世家鉴定收藏网南门旁 | 营业时间:周一至周日 08:30-20:30,3.8,4.2,58,http://store.is.autonavi.com/showpic/6a2b395382bfeb9df3a23a13ec539964,116.403751,39.915068
,109,,仁和酒家(东华门大街),北京烤鸭,仁和酒家(东华门大街),东华门大街19号(金鱼胡同地铁站C西南口步行390米) | 营业时间:周一至周日 08:00-22:00 | 电话:010-65241955,4.7,4.2,47,http://store.is.autonavi.com/showpic/9a43163b43e3be76622e54b96afd33d4,116.40576,39.9154
,109,,北京烤鸭(南池子大街店),北京烤鸭,北京烤鸭(南池子大街店),东华门大街81号,6.1,3.9,56,http://store.is.autonavi.com/showpic/d82465896b6f026c4969ea08791c29c3,116.403921,39.91505
,109,,东门涮肉(故宫·王府井店),双人餐,东门涮肉(故宫·王府井店),"北京城区东华门大街52号 | 营业时间:09:30-21:30,2026年春节期间09:30-21:30 | 电话:010-65230051",8.4,4.5,78,https://aos-comment.amap.com/B0LGSLA3GQ/comment/9E1457BF_2DA2_4F72_92B0_0E580D157DCB_L0_001_1500_200_1765241364944_16727498.jpg,116.404287,39.915023
,109,,京城九门轩烤鸭店(故宫店),双人餐,京城九门轩烤鸭店(故宫店),东华门大街11号 | 营业时间:周一至周日 10:00-21:30 2026-05-01至2026-05-05 周一至周日 10:30-21:30 | 电话:17812356385,4.1,4.7,82,https://aos-comment.amap.com/B0I13YL00P/comment/e3ca605c0c47e3dc74e1636dcb296bd2_2048_2048_80.jpg,116.405971,39.915386
,109,,宫喜发财-咖啡文创(东华门店),咖啡厅,宫喜发财-咖啡文创(东华门店),东华门大街70号 | 营业时间:明周日09:00-20:00 | 电话:15010879967,5,4.5,44,https://aos-comment.amap.com/B0KKPRCCM1/comment/content_media_external_file_111259_ss__1761204626014_63546516.jpg,116.403583,39.915049
,109,,紫光园清真北京小吃(故宫·东华门店),奶皮子,紫光园清真北京小吃(故宫·东华门店),东华门大街54号1幢 | 营业时间:周一至周日 08:30-21:00 | 电话:13522515562,0.6,4.6,32,https://aos-comment.amap.com/B0LBXLJUCQ/comment/content_media_external_images_media_100012523_1748600709795_60959307.jpg,116.404225,39.915106
,109,,吴记褡裢火烧家常菜(东华门大街店),家常菜,吴记褡裢火烧家常菜(东华门大街店),东华门大街37号 | 营业时间:周一至周日 10:00-21:00 | 电话:13269217278,7.9,4.2,66,https://aos-comment.amap.com/B0G2L6JXRD/comment/41dc45a6e9222254556b6c5d8470b31d_2048_2048_80.jpg,116.405294,39.915388
,109,,六十号炸酱面,炸酱面,六十号炸酱面,东华门大街与南池子大街交叉口东80米,1,3.8,29,http://store.is.autonavi.com/showpic/1409512c1998fff1b56ff4f8e7c39c17,116.403978,39.915042
,109,,京福巷烤鸭(王府井店),烤鸭,京福巷烤鸭(王府井店),东华门大街小区北1门旁 | 营业时间:周一至周日 10:00-20:30,5.1,4.1,57,https://aos-comment.amap.com/B0LK4SWVDC/comment/0B1FE1D3_5DB5_48BE_9710_2DEAC9E51E92_L0_001_1500_200_1770719118660_17207535.jpg,116.404375,39.915025
,109,,河沿肉饼(东华门店),烤鸭,河沿肉饼(东华门店),北京城区东华门大街60号 | 营业时间:周二至周日 08:00-21:30；周一 09:00-21:30 | 电话:010-65237811,5,4.6,58,https://aos-comment.amap.com/B0FFK5EQ0I/comment/3DEF8056_974A_49E6_BECF_9FB0D94DE0C4_L0_001_2048_153_1769491331953_25965969.jpg,116.404033,39.915048
,109,,清真兰州牛肉拉面(东华门店),牛肉,清真兰州牛肉拉面(东华门店),东华门大街55号 | 营业时间:周一至周日 07:00-21:00 | 电话:13521419780,9,4.4,21,https://aos-comment.amap.com/comment/content_service__1771315647142_91033674_1771315672527_88972876.jpg,116.4043,39.915312
,109,,百年前门铜锅涮肉(故宫东门12店),精品肥牛,百年前门铜锅涮肉(故宫东门12店),"北京城区东华门大街56号2层,1层 | 营业时间:周一至周日 09:00-22:00 2026-02-03至2026-02-28 周一至周日 09:00-22:00 | 电话:010-63358818;15600077516;15600077518",7.3,4.5,60,https://store.is.autonavi.com/showpic/93411fe28cf830fb0000002452770533?type=pic,116.404093,39.915048
,109,,婧格格·门钉肉饼(东华门店),肉饼,婧格格·门钉肉饼(东华门店),东华门大街与南池子大街交叉口东100米 | 营业时间:周一至周日 08:00-19:30 | 电话:13439815028,6.2,3.8,11,https://aos-comment.amap.com/B0JUUSJDPJ/comment/content_media_external_file_1000071045_ss__1768885456693_96789829.jpg,116.404149,39.91507
,109,,门钉肉饼,门钉肉饼,门钉肉饼,东华门大街与北河沿大街交叉口西40米 | 营业时间:周一至周日 10:00-22:00,3.9,4.1,55,https://aos-comment.amap.com/B0LRV4J6A7/comment/content_media_external_file_100006200_1771316955536_84286241.jpg,116.406169,39.915374
,109,,八爷涮肉(王府井·故宫店),鲜切羔羊上脑,八爷涮肉(王府井·故宫店),南河沿大街1号翠明庄宾馆主楼B1层 | 营业时间:周一至周日 10:30-22:00 2026-05-01至2026-05-05 周一至周日 10:30-22:00 | 电话:010-58580955;010-58580958,2.3,4.7,121,https://store.is.autonavi.com/showpic/b80f231f0669500f0000001010864520?type=pic,116.40634,39.915126
,110,,南门铜锅涮肉(王府井步行大街店),A级牛上脑,南门铜锅涮肉(王府井步行大街店),王府井大街277号院 | 营业时间:周一至周日 10:00-22:00 | 电话:18310808669,6.1,4.6,100,https://store.is.autonavi.com/showpic/7d60a1ef242d9fda37410c9b50f497d2,116.409688,39.911519
,110,,Grid Coffee(北京王府中環店),coffee,Grid Coffee(北京王府中環店),北京城区王府中环中心B1层-122号商铺 | 营业时间:周一至周日 10:00-21:30 | 电话:17813658187,7.1,4.5,44,https://aos-comment.amap.com/B0J3MCHX9H/comment/content_media_external_images_media_1000031768_ss__1734154335678_31406796.jpg,116.409203,39.912462
,110,,Tomacado花厨(王府中環旗舰店),下午茶,Tomacado花厨(王府中環旗舰店),王府井大街269号王府中环四楼 | 营业时间:周一至周日 11:00-21:00 2026-02-16至2026-02-16 周一 11:00-15:00 | 电话:18600038056,0.1,4.7,213,https://aos-comment.amap.com/B0H6L7E3V7/comment/20260316-a7cce22a5fdfdaac2a8159f1-AlCEhFrNXMj916uAUvSLTj.jpg,116.409889,39.912511
,110,,左左香老潼关肉夹馍(王府井西街店),中餐厅,左左香老潼关肉夹馍(王府井西街店),东华门街道王府井西街32号 | 营业时间:周一至周日 07:00-19:00 | 电话:13699168023,6.1,3.8,27,http://store.is.autonavi.com/showpic/114e347417e4f0aeaac55df5ccb0f718,116.410025,39.911625
,110,,王府井夜市,中餐厅,王府井夜市,老北京风情街(王府井书店西北) | 营业时间:周一至周日 09:00-21:00,6.5,4.5,0,https://aos-comment.amap.com/B0FFIMX7OJ/comment/8C50944B_F97B_4E45_988A_D78D53A1BD87_L0_001_2000_150_1760662583711_95318966.jpg,116.409384,39.911492
,110,,老北京铜锅涮肉(王府井店),涮肉,老北京铜锅涮肉(王府井店),王府井大甜水井胡同277号院(7天酒店对面) | 营业时间:周一至周日 10:00-02:00 | 电话:13718011178,3.6,4.1,114,https://aos-comment.amap.com/B0FFIA6W8L/comment/7ac8cf9d30b3c4b26e8510df79b32b3e_2048_2048_80.jpg,116.409975,39.911625
,110,,老南门爆肚(王府井店),爆肚,老南门爆肚(王府井店),王府井大街277号院(王府井地铁站E3东北口步行320米) | 营业时间:周一至周日 10:00-22:00,5.5,1.9,109,https://store.is.autonavi.com/showpic/40baca1e205ccfae0000002416406542,116.40973,39.91158
,110,,莆田餐厅PUTIEN(王府中环店),经典佛跳墙,莆田餐厅PUTIEN(王府中环店),"王府井大街269号王府中环东座四楼403B | 营业时间:周一至周日 11:00-14:30,17:00-21:00 | 电话:010-65257707",5.5,4.5,108,http://store.is.autonavi.com/showpic/894ae91f1481979d1803861ddb528d0e,116.409765,39.91232
,110,,食之六七面馆(王府中环东座店),鱼皮,食之六七面馆(王府中环东座店),"北京城区王府井大街269号王府中环东座L4层401b | 营业时间:周一至周日 11:00-14:30,16:30-20:30 | 电话:13910670512",3.9,4.5,131,https://store.is.autonavi.com/showpic/fc31e6fab1b4fbc1196976e4b17c4829,116.410447,39.912279
,110,,紫膳,鸡腿,紫膳,"王府井大街269号王府中环东座五层 | 营业时间:周一至周日 06:30-10:30,11:30-14:30；周一至周日 15:00-17:00,17:30-22:00 | 电话:010-85098820",1.3,4.4,0,https://aos-comment.amap.com/B0FFK4G5DD/comment/content_media_external_file_1000055528_ss__1767497978577_96980679.jpg,116.409382,39.912618
,110,,清真·穆府兰州牛肉面?麻辣烫,麻辣烫,清真·穆府兰州牛肉面?麻辣烫,王府井大街277号1层 | 营业时间:周一至周日 07:00-24:00 | 电话:18215096644,0.1,4.4,23,https://aos-comment.amap.com/B0JD7UH64U/comment/9ebf79ae2f217287cd25e3f8e16fa081_2048_2048_80.jpg,116.408962,39.911294
,112,,大酉·M Coffee(北京美术馆店),coffee,大酉·M Coffee(北京美术馆店),美术馆后街77号77文创园 | 营业时间:周一至周日 10:00-19:00 | 电话:13810871490;4007990299,4.4,4.5,78,https://aos-comment.amap.com/B0FFJOX2FA/comment/aef2d4e273f87bf38f678c8999dcc0fc_2048_2048_80.jpg,116.407876,39.927602
,112,,雪糕咖啡,咖啡厅,雪糕咖啡,美术馆东街77号 | 电话:17600650877,6.8,3.7,23,https://store.is.autonavi.com/showpic/21eb5765fdac707f0c1c1640262c55b3,116.407858,39.927647
,112,,北门涮肉?铜锅涮肉(美术馆店),手切鲜毛肚,北门涮肉?铜锅涮肉(美术馆店),美术馆后街60号(靠近内蒙古宾馆) | 营业时间:周一至周日 11:00-22:00 | 电话:010-64071588,8.9,4.6,90,http://store.is.autonavi.com/showpic/20c87fc6a0bf2e4a1338f74b5786aa49,116.409224,39.928291
,112,,紫光园·烤鸭·小馆(美术馆店),烤鸭,紫光园·烤鸭·小馆(美术馆店),美术馆后街58号 | 营业时间:周一至周日 10:30-21:30 | 电话:13552698914,5.5,4.7,60,http://store.is.autonavi.com/showpic/4e65939d3edf6774fd513868b3370c81,116.409208,39.9284
,112,,内蒙古宾馆-中餐厅,特色/地方风味餐厅,内蒙古宾馆-中餐厅,"美术馆后街71号内蒙古宾馆一楼 | 营业时间:周一至周日 10:30-14:00,17:00-21:00 | 电话:010-64014499",8.2,4.2,89,https://store.is.autonavi.com/showpic/04bb60106e20918abfdd0008b7f4dda2,116.40885,39.928406
,112,,内蒙古宾馆·元大都奶茶餐吧,猪肉,内蒙古宾馆·元大都奶茶餐吧,"景山街道美术馆后街71号内蒙古宾馆一楼 | 营业时间:周一至周日 11:00-14:00,17:00-21:00 | 电话:010-64014499",9.3,4.4,95,https://aos-comment.amap.com/B0I0C1K5FT/comment/395da399be138ded5e1d1071571b3e5a_2048_2048_80.jpg,116.408756,39.928283
,112,,盛福年烤鸭店·北京菜(故宫店),老北京爆肚,盛福年烤鸭店·北京菜(故宫店),景山街道美术馆后街79号 | 营业时间:周一至周日 10:00-22:00 2026-02-15至2026-02-23 10:00-22:00 | 电话:010-88114350,8.7,4.7,124,https://aos-comment.amap.com/B0JD0U0FIV/comment/e874351259748746496b8a80ebd5dfa2_2048_2048_80.jpg,116.409043,39.927183
,112,,尹三豆汁(隆福寺店),豆汁三件套,尹三豆汁(隆福寺店),大佛寺东街25号(中国美术馆地铁站B东北口步行370米) | 营业时间:周一至周日 06:00-19:00 | 电话:010-84012389,6.3,4.6,34,https://aos-comment.amap.com/B0J36SMC78/comment/content_media_external_file_35281_ss__1760247116146_71764965.jpg,116.41061,39.927956
,112,,小云南餐厅(菜市场店),黑三剁,小云南餐厅(菜市场店),大佛寺东街25号兆军盛菜市场内二层 | 营业时间:周一至周日 11:00-22:00 | 电话:010-64019498,9.9,4.6,106,https://aos-comment.amap.com/B0I641KDAM/comment/DEFB45DE_439E_4373_AF8A_70DDFA047624_L0_001_1500_200_1760669048850_92189885.jpg,116.41068,39.92812
,114,,库迪咖啡(宣武门东南大厦店),【爆款,库迪咖啡(宣武门东南大厦店),北京城区宣武门内大街6号东南大厦1层大堂 | 营业时间:周一至周日 10:00-19:00 | 电话:15611662125,3.9,4.2,9,https://store.is.autonavi.com/showpic/7b0db620ddccbe9ff42ce59100617216?operate=original?operate=original?operate=original?operate=original,116.375002,39.903647
,114,,大嘴烤翅东北菜,东北菜,大嘴烤翅东北菜,佟麟阁路44号 | 营业时间:周一至周日 11:00-01:30 | 电话:010-66079003,8,4.4,88,https://store.is.autonavi.com/showpic/0844931085ff93810000002257948430?type=pic,116.368606,39.903247
,114,,胜一兰·私房湘菜,湖南菜(湘菜),胜一兰·私房湘菜,新文化街甲47号(鲁迅中学西侧) | 营业时间:周一至周日 10:30-00:03 | 电话:010-66038628,4.9,4.6,94,https://aos-comment.amap.com/B0LDDUHD3X/comment/content_media_external_file_22992_ss__1763422278317_00123323.jpg,116.370282,39.904141
,114,,雅吉牛肉面(东南大厦店),牛肉,雅吉牛肉面(东南大厦店),宣武门内大街6号东南大厦F1层 | 营业时间:周一至周六 11:00-14:30 | 电话:18519663005,6.2,4,37,https://store.is.autonavi.com/showpic/7e585bcd23af6d211abb17e6d93b5850,116.375018,39.904001
,114,,瑞幸咖啡(新华通讯社店),生椰拿铁yyds,瑞幸咖啡(新华通讯社店),宣武门西大街57号新华通讯社图书馆一层 | 营业时间:周一至周五 09:00-18:00 | 电话:4000100100,9.3,3.9,13,https://store.is.autonavi.com/showpic/c287706810a95e84ab635a931ccf264d?operate=original,116.370525,39.900975
,114,,沙二代沙县小吃(西绒线胡同店),红烧肉,沙二代沙县小吃(西绒线胡同店),宣武门内大街甲6号(宣武门地铁站F东北口步行360米) | 营业时间:周一至周日 06:00-21:00 | 电话:15810347005,8.2,4,31,http://store.is.autonavi.com/query_pic?id=stefd2c728-c3e9-474c-ae07-5934750bf0bc&user=search&operate=original,116.375218,39.903998
,114,,美爵酒店(融轩中餐厅),肠粉,美爵酒店(融轩中餐厅),"西长安街道宣武门内大街6号西单美爵酒店三楼 | 营业时间:周一至周日 11:00-14:00,17:00-22:00 | 电话:010-66036688",2.1,4.2,108,https://store.is.autonavi.com/showpic/2ba51c297b857fb14b6a9ccfd054fe36,116.374998,39.903426
,119,,湖畔越越王家大院,,湖畔越越王家大院,前安岭村28号 | 营业时间:周一至周日 00:00-24:00 | 电话:13716119079,6.3,4.1,57,http://store.is.autonavi.com/showpic/2c6fe1418527193d412909e3cc4c9930,116.665971,40.655026
,119,,北京郭九顺民俗餐厅,中餐厅,北京郭九顺民俗餐厅,琉璃庙镇前安岭村16号 | 电话:010-61618545;13716316139;13911215254,6.1,3.9,0,https://store.is.autonavi.com/showpic/16d8a7037d21c02a9f49f7e6bad1dc7b,116.665687,40.655318
,119,,早点儿,中餐厅,早点儿,双文铺村委会南侧 | 电话:13691027327,4.9,3.4,0,,116.671863,40.650702
,119,,宿言中间儿咖啡厅,咖啡厅,宿言中间儿咖啡厅,琉璃庙镇双文铺村37号 | 营业时间:周一至周五 09:00-18:00；周六 09:00-20:00 | 电话:13261682550,7.6,4.5,55,https://store.is.autonavi.com/showpic/c69004712b367201f27a3aedfbc4b684,116.670502,40.650298
,119,,那里十二月农家宴,地三鲜,那里十二月农家宴,琉璃庙镇双文铺村18号 | 营业时间:周六至周日 08:00-22:00；周一至周五 09:00-22:00 | 电话:16600076750,5.9,4.2,91,https://store.is.autonavi.com/showpic/532656a21023d0375de48f743856b793,116.671659,40.65033
,119,,徐卫华民俗餐厅,烤羊肉串,徐卫华民俗餐厅,双文铺村10号 | 营业时间:周一至周日 07:30-21:00 | 电话:13241504751,6.3,4.1,65,http://aos-cdn-image.amap.com/sns/ugccomment/987eac15-3d7a-4781-8608-c98c49c75f3b.jpg,116.670379,40.649551
,119,,白河湾醉乡民俗餐厅,烤鱼,白河湾醉乡民俗餐厅,前青路与京加路交叉口东南220米 | 营业时间:周一至周日 10:00-21:00 | 电话:18911268700,4.5,3.6,74,http://store.is.autonavi.com/showpic/7d855e2ca819df0d3ad27776c6fb4818,116.664042,40.655979
,121,,丽斯花园会所餐厅·靳来福餐厅,辣子鸡,丽斯花园会所餐厅·靳来福餐厅,"天竺镇天竺村花园二路丽斯花园会所内 | 营业时间:周一至周日 10:30-14:00,16:30-20:30 | 电话:010-64508332;13261840511",3.8,4.3,101,http://aos-cdn-image.amap.com/sns/ugccomment/7247c65b-2565-4381-b7c1-51a06a105ca0.jpg,116.567091,40.043717
,122,,北京春耕园美食店,中餐厅,北京春耕园美食店,天竺楼台村幸福西街20号,3.7,3.1,17,http://store.is.autonavi.com/showpic/3045e51b35fe863efce43970efecd52c,116.594187,40.032585
,122,,DOMUS松,意面,DOMUS松,松美术馆东区 | 营业时间:周二至周日 10:00-18:00 | 电话:13716542084,1.8,4.4,41,http://store.is.autonavi.com/showpic/8486e9785b4640e5a4841af88b7a6e6e,116.587716,40.02416
,122,,内蒙古烧烤,特色/地方风味餐厅,内蒙古烧烤,西环路与幸福西大街交叉口北340米 | 营业时间:周一至周日 16:00-02:00,1.6,4,98,https://aos-comment.amap.com/B0JDVMLPE7/comment/73a591e00ae4401a97a45df637bcac9a_2048_2048_80.jpg,116.593091,40.03219
,124,,宝元小院,中餐厅,宝元小院,黄松峪乡黑豆峪西街20号 | 电话:13381122655,9,4.1,0,http://store.is.autonavi.com/showpic/00ddf7adacc3ccbbac1861ed516df31d,117.243777,40.207751
,124,,德平顺惠民食堂,中餐厅,德平顺惠民食堂,北山路与北南路交叉口西20米,2.7,2.8,14,http://store.is.autonavi.com/showpic/3698a863325c60a25832f9201fa45c00,117.210718,40.201154
,124,,桂英民俗小吃店,中餐厅,桂英民俗小吃店,南独乐河镇刘家河村西路13号刘家河路口往北20米路西 | 营业时间:周一至周日 10:00-20:00 | 电话:13241735478,5.8,3.2,0,http://store.is.autonavi.com/showpic/2aa2d80d67c1ab3a2dfd5971263c34be,117.210692,40.201365
,124,,鹿咖啡·城市露营游玩(平谷区店),咖啡厅,鹿咖啡·城市露营游玩(平谷区店),黄松峪乡黑豆峪村北京峪涧野营俱乐部 | 营业时间:周二至周日 09:00-18:00 | 电话:15201629161,7.2,4,50,http://store.is.autonavi.com/showpic/258249ecadcca4f5d0ade882bceb6385,117.236493,40.201559
,125,,老馆,中餐厅,老馆,玉渊潭南路与军博西路交叉口西北240米,3.8,3.3,0,,116.319075,39.912725
,125,,里头艺术餐厅,中餐厅,里头艺术餐厅,中华世纪坛B区B1层 | 电话:010-59802363;010-84187983,2.2,0.9,110,,116.321587,39.910752
,125,,洛士文国际交流营地-咖啡吧,咖啡厅,洛士文国际交流营地-咖啡吧,玉渊潭南路与柳林馆路交叉口北120米 | 电话:010-52808881,4.3,4.4,0,,116.316305,39.912259
,125,,同盛鑫西门铜锅涮肉,烤串,同盛鑫西门铜锅涮肉,"彩电中心宿舍小区北1门西80米 | 营业时间:周一至周日 09:30-14:30,16:30-21:30 2026-05-01至2026-05-05 周一至周日 09:30-14:30,16:30-21:30 | 电话:010-63979909",7.3,4.4,121,https://aos-comment.amap.com/B0IAJZSWWB/comment/content_media_external_file_100002081_1766277355311_89501542.jpg,116.31689,39.91087
,125,,饺子馆私家菜,私家菜,饺子馆私家菜,中央电视台制作区北门旁 | 营业时间:周一至周日 07:00-21:00,2.4,4.1,61,https://store.is.autonavi.com/showpic/54c722856c7015113c066bf0bff6766e,116.316891,39.910923
,125,,味道CCTV·中餐厅(梅地亚中心店),肥肠,味道CCTV·中餐厅(梅地亚中心店),"羊坊店街道复兴路乙11号梅地亚中心二层 | 营业时间:周一至周日 11:30-14:00,17:30-21:00 | 电话:010-68550477",1.9,4.2,147,http://store.is.autonavi.com/showpic/d4f048e8b9acc6c9b5cc623449d7b66d,116.320196,39.910365
,125,,粤湘荟,臭鳜鱼,粤湘荟,"复兴路丙11号 | 营业时间:周一至周日 09:30-14:30,16:30-21:30 | 电话:010-68239898;010-68523800",7.2,4.5,104,https://aos-comment.amap.com/B0JAD5DUPB/headerImg/6368d42d39cb1809657de17d37746ad2_2048_2048_80.jpg,116.316894,39.911014
,126,,天福号紫竹餐厅,咖啡厅,天福号紫竹餐厅,紫竹院公园问月楼艺术馆 | 营业时间:周一至周五 10:00-17:00；周六至周日 10:00-19:00,4.5,4.5,97,https://aos-comment.amap.com/B0H6CHZ79B/comment/content_media_external_file_1000036916_ss__1770864963369_36321961.jpg,116.317735,39.942657
,126,,品诺咖啡-读者餐厅,摩卡咖啡,品诺咖啡-读者餐厅,中关村南大街33号国家图书馆院内综合楼1楼底商(近万寿寺路) | 营业时间:周一至周日 09:00-21:00 | 电话:010-88544518,0,4.2,46,https://aos-comment.amap.com/B0FFHWBNG7/headerImg/fceaf35c5055b052960afccad844c119_2048_2048_80.jpg,116.322263,39.94455
,126,,竹韵餐厅,牛肉,竹韵餐厅,"白石桥西35号 | 营业时间:周一至周日 06:00-14:00,17:00-21:00 | 电话:13552479863",9.2,4.6,43,https://aos-comment.amap.com/B0FFFAJ360/comment/c1206672fc3d9bda80aafe00425f5359_2048_2048_80.jpg,116.321966,39.940718
,126,,味炉小馆新湘菜(中关村店),特色菜,味炉小馆新湘菜(中关村店),中关村南大街33号国家图书馆内综合楼1层 | 营业时间:周一至周日 10:00-21:00 | 电话:010-88544518;18873259769,2.2,4.5,62,https://aos-comment.amap.com/B0FFKYG0MG/comment/content_media_external_file_100000138_1773599434968_21582945.jpg,116.322259,39.944371
,126,,国图餐厅,盖饭,国图餐厅,中关村南大街33号3号楼三层312 | 营业时间:周一至周五 07:00-20:00；周六至周日 11:00-20:00 | 电话:010-88545718;13811321564;15110150945,7.2,4.2,36,https://store.is.autonavi.com/showpic/5c33cd434e6c3f0149579b01f29d6ad6,116.322136,39.944601
,126,,食街·晚市铜锅涮肉,铜锅涮肉,食街·晚市铜锅涮肉,"中关村南大街35号紫竹院公园(东南角) | 营业时间:周一至周日 06:00-14:00,17:00-21:00",3,3.4,41,https://store.is.autonavi.com/showpic/78e26027739f25ca0000001875770638?type=pic,116.321925,39.940975
,127,,原州印象,,原州印象,模式口大街与模南小区路交叉口西40米 | 营业时间:周一至周日 09:30-22:00,8.9,4.1,33,https://aos-comment.amap.com/B0L3JLFV84/comment/content_media_external_file_1000039962_ss__1771448622838_91101429.jpg,116.160775,39.934475
,127,,Zip Coffee Mosi,coffee,Zip Coffee Mosi,模式口地铁站B口步行330米 | 营业时间:周一至周日 10:00-18:30 | 电话:13366106868,9,4.3,50,https://aos-comment.amap.com/B0G3UX4FRQ/comment/0695313E_793A_4194_B9A3_42D8CFB83B6F_L0_001_IMG_9324_1668325797597_b3dee8f5.JPG,116.158823,39.934507
,127,,信阳传统美食,中餐厅,信阳传统美食,模南小区路与模式口大街交叉口东南20米,7.3,2.8,24,https://store.is.autonavi.com/showpic/869c382562a653f0665122c880ddbabe,116.158575,39.934375
,127,,富邻粥档,中餐厅,富邻粥档,模式口大街167号(模式口地铁站B口步行390米) | 营业时间:周二至周日 17:00-23:00 2026-02-17至2026-02-22 周一至周日 全天关闭；2026-02-24至2026-03-01 周一至周日 全天关闭；2026-03-03至2026-03-04 周一至周日 全天关闭 | 电话:15810157091,5.4,4.4,64,https://aos-comment.amap.com/B0LRUHDJ70/comment/content_media_external_file_20431_1768375594101_40407793.jpg,116.159609,39.934309
,127,,羊阿羊手工驴打滚,中餐厅,羊阿羊手工驴打滚,模式口大街142-1号(模式口地铁站B口步行260米) | 营业时间:周五至周日 08:00-12:00,9.4,3.6,17,http://store.is.autonavi.com/showpic/095ea9d253c4485e0831e26933c6b455,116.158601,39.933999
,127,,聚得源,中餐厅,聚得源,模式口大街170号 | 营业时间:周一至周日 07:00-19:30,0.8,3.3,29,https://store.is.autonavi.com/showpic/2ba92bc1331d4cb7dd897ef06a089684,116.159927,39.934149
,127,,大理云南过桥米线(模式口大街店),云南过桥米线,大理云南过桥米线(模式口大街店),模式口大街与模式口北小街交叉口东南20米 | 电话:15011346459,2,4,25,http://store.is.autonavi.com/showpic/d49a94e59b76fc8bc54c89eca3925651,116.159925,39.934225
,127,,啡尝碗er,咖啡厅,啡尝碗er,模式口大街67号(模式口地铁站B口步行490米) | 营业时间:周一至周日 09:00-18:00 | 电话:15810208245,7.4,3.7,27,http://store.is.autonavi.com/showpic/10e6b3fc7699b536f0dfff267e992d5f,116.160731,39.934435
,127,,磨山咖啡,咖啡厅,磨山咖啡,北京城区模式口大街178号(模式口地铁站B口步行470米) | 营业时间:周二至周日 09:00-21:00；周一 10:00-19:00 | 电话:13263220178,2.2,4.4,42,https://aos-comment.amap.com/B0LBYCUIDH/comment/file_media_Photo_7862_IMG_1771134127_7544_IMG_20260215_134027_jpg_ss__1771510271441_65508167.jpg,116.160466,39.934292
,127,,和众大油条炸老虎北京总店,大油条,和众大油条炸老虎北京总店,驼铃古道166号 | 营业时间:周一至周日 07:00-19:00 | 电话:13051230271,5.7,4.4,16,https://aos-comment.amap.com/B0L36Z9RU8/comment/content_media_external_file_816_1768452442684_45038244.jpg,116.159397,39.93422
,127,,早点见面杂粮煎饼,杂粮煎饼,早点见面杂粮煎饼,金顶街街道模式口大街74号(模式口地铁站B口步行420米) | 电话:13521852097,1.1,3.6,15,https://store.is.autonavi.com/showpic/49b8b2faeb1e4f8d5210fb2272436e65,116.159803,39.934376
,127,,老北京焖酥鱼,烙饼,老北京焖酥鱼,模式口南小街139号(模式口地铁站B口步行280米) | 营业时间:周一至周日 09:00-21:00 | 电话:13811124117,9,3.6,18,https://store.is.autonavi.com/showpic/ed21913e2caac4ed455fec82a49c88f2,116.158477,39.934191
,127,,信阳牛肉汤,牛肉汤,信阳牛肉汤,模式口大街与模南小区路交叉口西20米 | 营业时间:周一至周日 09:30-22:00 | 电话:15939747157,6.6,3.7,26,https://aos-comment.amap.com/B0JRT16ZAC/comment/file_media_Photo_25773_IMG_1761638523_23499_IMG_20251028_160023_jpg_ss__1761830054027_53205775.jpg,116.158325,39.934395
,127,,信阳胡氏猪油馍,猪油馍,信阳胡氏猪油馍,模南小区路与模式口大街交叉口西南20米 | 营业时间:周一至周日 09:30-22:00,3.8,4.2,12,https://aos-comment.amap.com/B0JR9HH1N0/comment/0C08E940_0001_42FE_8A7B_F7F6E1F8B67A_L0_001_1500_200_1765534524948_86609811.jpg,116.158422,39.934368
,128,,兔爷面馆(龙潭湖店),中餐厅,兔爷面馆(龙潭湖店),左安门内大街74号 | 营业时间:周一至周日 11:00-21:00,2.2,4.4,33,https://aos-comment.amap.com/B0LGG6RJ0V/comment/content_media_external_images_media_1000071010_ss__1768486058995_91166005.jpg,116.439929,39.875866
,128,,金昌盛烤鸭店(左安溪园小区店),中餐厅,金昌盛烤鸭店(左安溪园小区店),左安溪园小区1号楼 | 营业时间:周一至周日 10:00-21:00 | 电话:15243333829,1.4,4.4,83,https://store.is.autonavi.com/showpic/a9c8ca91add2865c46c527f1f9340ced,116.439337,39.87568
,128,,LONG TIME望龙潭咖啡,咖啡厅,LONG TIME望龙潭咖啡,龙潭路8号中心岛文化广场2号 | 营业时间:周一至周日 09:00-18:30 2026-02-26至2026-03-04 10:00-17:30 | 电话:010-67180828,8.7,4.5,36,https://aos-comment.amap.com/B0K2H5M020/comment/content_media_external_images_media_216365_ss__1728715406084_37882989.jpg,116.439679,39.879969
,128,,坂和鮨鱿鱼老大,鱿鱼,坂和鮨鱿鱼老大,左安门内大街19号龙潭中湖公园内(东侧),9.1,1.3,216,,116.436214,39.876923
,131,,中意小吃部,中餐厅,中意小吃部,泰小路与京银路交叉口西200米,4.3,1.1,0,http://store.is.autonavi.com/showpic/2871fe1ebe1e0aae9ecf9f3659cebe2b,116.214817,40.270451
,131,,望川酒肆,中餐厅,望川酒肆,"十三陵镇悼陵监村9号 | 营业时间:周一至周日 09:00-13:30,15:30-19:30",4.3,4.2,68,http://store.is.autonavi.com/showpic/1e71a1ede08ce8b6ffc85a7a0e8da42f,116.196157,40.269005
,131,,烧饼赵,中餐厅,烧饼赵,泰小路与京银路交叉口西240米 | 营业时间:周一至周日 05:00-13:30,2.1,3.7,13,http://store.is.autonavi.com/showpic/9c8854bc2acb76a2b21c0f28dcc4685b,116.214348,40.270545
,131,,国艳烙糕宴,蒸饺,国艳烙糕宴,悼陵监村108号 | 营业时间:周一至周日 09:00-22:00 | 电话:010-89762187;13001046100;13522364800,1.6,4.5,51,https://aos-comment.amap.com/B000AA8IZT/comment/8245e6bbb8949b4860a8c19bf29f2c5e_2048_2048_80.jpg,116.194855,40.271179
,133,,北京康陵正德春饼宴春玲农家院70号院,中餐厅,北京康陵正德春饼宴春玲农家院70号院,长陵镇康陵村70号 | 电话:010-89722268;13521879384,2.5,3.8,0,,116.212788,40.318298
,133,,康陵正德春饼宴13号,土豆丝,康陵正德春饼宴13号,十三陵镇康陵村13号 | 营业时间:周一至周日 08:30-19:00 | 电话:13716453490;18888832530,1.9,4.5,0,https://aos-comment.amap.com/B0FFF60YNX/comment/content_media_external_images_media_1000167745_ss__1735355285468_44205412.jpg,116.214089,40.318016
,133,,家宴,小酥肉,家宴,十三陵镇泰陵村113号 | 营业时间:周一至周日 09:00-21:00 | 电话:13661171518,1.7,3.9,201,https://store.is.autonavi.com/showpic/b5c510afda74a118315faaa6e60db152,116.223714,40.321647
,133,,康陵正宗正德春饼宴22号,炒鸡蛋,康陵正宗正德春饼宴22号,十三陵镇康陵村22号 | 营业时间:周一至周日 09:00-21:00 | 电话:13910607247,6.1,3.5,59,https://store.is.autonavi.com/showpic/253ed90da659986a0000002245910327,116.213897,40.318499
,133,,乡村宴老酒馆,炸蘑菇,乡村宴老酒馆,石梨路北50米 | 营业时间:周一至周日 09:30-21:30 | 电话:010-89722057;13161616333,4.4,3.5,41,http://store.is.autonavi.com/showpic/8f4dc9448736ce1e7fa87d8323808a76,116.223647,40.321015
,133,,康陵正德春饼宴25号院,自助餐,康陵正德春饼宴25号院,十三陵镇康陵村25号 | 营业时间:周一至周日 09:00-21:00 | 电话:13716630471,2.1,4.2,0,https://store.is.autonavi.com/showpic/177ec4a163e0e39f777bb59955ae2033,116.213702,40.318102
,133,,北京康陵正德正宗春饼宴1号院,菜花,北京康陵正德正宗春饼宴1号院,十三陵镇康陵村1号院 | 营业时间:周一至周日 10:00-20:00 | 电话:13718360100,8.1,4.1,68,https://aos-comment.amap.com/B0FFFAEWUN/comment/content_media_external_file_53967_ss__1749965777732_72193687.jpg,116.214012,40.318644
,134,,山西刀削面,中餐厅,山西刀削面,泰陵村村委会西南门南160米,4.8,3,0,,116.224275,40.320875
,134,,早点安徽小吃,中餐厅,早点安徽小吃,泰陵村村委会西南门旁,1.7,2.6,0,https://store.is.autonavi.com/showpic/01997bf871e0c8011cf4f13c3cd9ff76,116.223925,40.321706
,134,,玉林农家院春饼宴,农家菜,玉林农家院春饼宴,裕陵村62号 | 营业时间:周一至周日 09:00-19:00 | 电话:010-60761510,7.8,4,57,https://aos-comment.amap.com/B0FFHTU4LZ/comment/579B3498_D252_447D_A720_76D00DC00002_L0_001_2016_151_1760843374095_73051838.jpg,116.234301,40.310968
,134,,康陵正德春饼宴13号,土豆丝,康陵正德春饼宴13号,十三陵镇康陵村13号 | 营业时间:周一至周日 08:30-19:00 | 电话:13716453490;18888832530,5.7,4.5,0,https://aos-comment.amap.com/B0FFF60YNX/comment/content_media_external_images_media_1000167745_ss__1735355285468_44205412.jpg,116.214089,40.318016
,134,,家宴,小酥肉,家宴,十三陵镇泰陵村113号 | 营业时间:周一至周日 09:00-21:00 | 电话:13661171518,6.5,3.9,201,https://store.is.autonavi.com/showpic/b5c510afda74a118315faaa6e60db152,116.223714,40.321647
,134,,康陵正宗正德春饼宴22号,炒鸡蛋,康陵正宗正德春饼宴22号,十三陵镇康陵村22号 | 营业时间:周一至周日 09:00-21:00 | 电话:13910607247,0.7,3.5,59,https://store.is.autonavi.com/showpic/253ed90da659986a0000002245910327,116.213897,40.318499
,134,,乡村宴老酒馆,炸蘑菇,乡村宴老酒馆,石梨路北50米 | 营业时间:周一至周日 09:30-21:30 | 电话:010-89722057;13161616333,7.4,3.5,41,http://store.is.autonavi.com/showpic/8f4dc9448736ce1e7fa87d8323808a76,116.223647,40.321015
,134,,康陵正德春饼宴25号院,自助餐,康陵正德春饼宴25号院,十三陵镇康陵村25号 | 营业时间:周一至周日 09:00-21:00 | 电话:13716630471,3.5,4.2,0,https://store.is.autonavi.com/showpic/177ec4a163e0e39f777bb59955ae2033,116.213702,40.318102
,134,,北京康陵正德正宗春饼宴1号院,菜花,北京康陵正德正宗春饼宴1号院,十三陵镇康陵村1号院 | 营业时间:周一至周日 10:00-20:00 | 电话:13718360100,8.1,4.1,68,https://aos-comment.amap.com/B0FFFAEWUN/comment/content_media_external_file_53967_ss__1749965777732_72193687.jpg,116.214012,40.318644
,135,,山西刀削面,中餐厅,山西刀削面,泰陵村村委会西南门南160米,8.4,3,0,,116.224275,40.320875
,135,,早点安徽小吃,中餐厅,早点安徽小吃,泰陵村村委会西南门旁,4.3,2.6,0,https://store.is.autonavi.com/showpic/01997bf871e0c8011cf4f13c3cd9ff76,116.223925,40.321706
,135,,康陵正德春饼宴13号,土豆丝,康陵正德春饼宴13号,十三陵镇康陵村13号 | 营业时间:周一至周日 08:30-19:00 | 电话:13716453490;18888832530,7.4,4.5,0,https://aos-comment.amap.com/B0FFF60YNX/comment/content_media_external_images_media_1000167745_ss__1735355285468_44205412.jpg,116.214089,40.318016
,135,,家宴,小酥肉,家宴,十三陵镇泰陵村113号 | 营业时间:周一至周日 09:00-21:00 | 电话:13661171518,7.3,3.9,201,https://store.is.autonavi.com/showpic/b5c510afda74a118315faaa6e60db152,116.223714,40.321647
,135,,康陵正宗正德春饼宴22号,炒鸡蛋,康陵正宗正德春饼宴22号,十三陵镇康陵村22号 | 营业时间:周一至周日 09:00-21:00 | 电话:13910607247,6.6,3.5,59,https://store.is.autonavi.com/showpic/253ed90da659986a0000002245910327,116.213897,40.318499
,135,,乡村宴老酒馆,炸蘑菇,乡村宴老酒馆,石梨路北50米 | 营业时间:周一至周日 09:30-21:30 | 电话:010-89722057;13161616333,6.7,3.5,41,http://store.is.autonavi.com/showpic/8f4dc9448736ce1e7fa87d8323808a76,116.223647,40.321015
,135,,康陵正德春饼宴25号院,自助餐,康陵正德春饼宴25号院,十三陵镇康陵村25号 | 营业时间:周一至周日 09:00-21:00 | 电话:13716630471,5.6,4.2,0,https://store.is.autonavi.com/showpic/177ec4a163e0e39f777bb59955ae2033,116.213702,40.318102
,135,,北京康陵正德正宗春饼宴1号院,菜花,北京康陵正德正宗春饼宴1号院,十三陵镇康陵村1号院 | 营业时间:周一至周日 10:00-20:00 | 电话:13718360100,7.9,4.1,68,https://aos-comment.amap.com/B0FFFAEWUN/comment/content_media_external_file_53967_ss__1749965777732_72193687.jpg,116.214012,40.318644
,136,,山西刀削面,中餐厅,山西刀削面,泰陵村村委会西南门南160米,0.9,3,0,,116.224275,40.320875
,136,,玉林农家院春饼宴,农家菜,玉林农家院春饼宴,裕陵村62号 | 营业时间:周一至周日 09:00-19:00 | 电话:010-60761510,9.2,4,57,https://aos-comment.amap.com/B0FFHTU4LZ/comment/579B3498_D252_447D_A720_76D00DC00002_L0_001_2016_151_1760843374095_73051838.jpg,116.234301,40.310968
,137,,晓红小吃铺(长陵镇),中餐厅,晓红小吃铺(长陵镇),怀长路与长陵路交叉口南420米 | 电话:15611680418,5.1,3.5,21,http://store.is.autonavi.com/showpic/f9df05d1f42cefb260bb43e300eb33fd,116.253472,40.297208
,137,,京白梨家常菜,家常菜,京白梨家常菜,延寿镇卫生院西北门旁 | 营业时间:周一至周日 10:00-22:00 | 电话:010-69797388,2.1,4.2,54,https://aos-comment.amap.com/B0J0D5KUWJ/comment/BCD30EFE_B39F_4E41_ADDA_F2ED2A6684C9_L0_001_1702_127_1757641605198_00105385.jpg,116.252048,40.295707
,137,,北京长陵随意家常菜,家常菜,北京长陵随意家常菜,北京西路37号 | 营业时间:周一至周日 08:00-22:00 | 电话:13716752036,7,3.9,24,https://store.is.autonavi.com/showpic/170bb8e3057db2836ac2f78cff14329a,116.252464,40.295937
,137,,山西面馆,红叶,山西面馆,十三陵镇长陵村怀长路 | 营业时间:周一至周日 10:00-21:00 | 电话:18535909295,6.2,4,20,https://aos-comment.amap.com/B0FFFADNAW/comment/content_media_external_images_media_1000131043_ss__1731905683561_63693526.jpg,116.252001,40.297898
,137,,聚香缘铜锅涮肉,铜锅涮肉,聚香缘铜锅涮肉,长陵村19号 | 营业时间:周一至周日 10:00-22:00,3,3.9,104,http://store.is.autonavi.com/showpic/7b8fba425fc4342c8e54f974cb1103c7,116.252477,40.298495
,137,,昌顺马记(长陵总店),香肠,昌顺马记(长陵总店),延寿社区卫生服务中心北门东北150米 | 营业时间:周一至周日 06:00-14:00 | 电话:18231714762,6.4,4.6,20,https://aos-comment.amap.com/B0FFMHT5Z0/comment/content_media_external_file_16167_1770428055158_00751595.jpg,116.253494,40.296659
,138,,北京市昌平区芳和顺饭庄,中餐厅,北京市昌平区芳和顺饭庄,十三陵镇北新村 | 电话:010-60762236,6.1,3.3,0,http://store.is.autonavi.com/showpic/b5069cb28885830268d3fa4b9c2ed587,116.248144,40.278935
,138,,金福记老三私房灶台鱼,双人餐,金福记老三私房灶台鱼,北京城区北新村南门西北360米 | 营业时间:周一至周日 10:30-22:00 | 电话:13693650094;13910410671,0.4,4.3,78,https://store.is.autonavi.com/showpic/864911bc22cc39e2cef1a60d3947e83d,116.24822,40.278974
,138,,德山屿,咖啡厅,德山屿,十三陵镇德陵村 | 电话:13264270613,2.7,3.8,52,http://store.is.autonavi.com/showpic/c7592380325fd442e6872eb7bce964b1,116.25881,40.282726
,138,,杨师傅侉炖鱼家常菜,家常菜,杨师傅侉炖鱼家常菜,德陵路与环陵路交叉口南440米,2.7,3.3,0,,116.247433,40.279418
,138,,小雨点私家菜,私家菜,小雨点私家菜,水库东路北新村 | 营业时间:周一至周日 08:30-21:00 | 电话:13716034546,0.8,3.7,26,http://store.is.autonavi.com/showpic/70a95b4c8c65c63a3e1f9698d5b3bc8c,116.250721,40.278822
,138,,顺利灶台鱼铁锅炖(北新村店),鸡肉,顺利灶台鱼铁锅炖(北新村店),十三陵镇北新391号 | 营业时间:周一至周日 10:00-22:00 | 电话:13718803949,7.7,4,80,https://aos-comment.amap.com/B0IB1CG5KA/comment/90b4191f3b4d4a87a6f94a24dbe1d0d2_2048_2048_80.jpg,116.249814,40.278091
,139,,北京康陵正德春饼宴春玲农家院70号院,中餐厅,北京康陵正德春饼宴春玲农家院70号院,长陵镇康陵村70号 | 电话:010-89722268;13521879384,4,3.8,0,,116.212788,40.318298
,139,,山西刀削面,中餐厅,山西刀削面,泰陵村村委会西南门南160米,1.9,3,0,,116.224275,40.320875
,139,,早点安徽小吃,中餐厅,早点安徽小吃,泰陵村村委会西南门旁,4.2,2.6,0,https://store.is.autonavi.com/showpic/01997bf871e0c8011cf4f13c3cd9ff76,116.223925,40.321706
,139,,玉林农家院春饼宴,农家菜,玉林农家院春饼宴,裕陵村62号 | 营业时间:周一至周日 09:00-19:00 | 电话:010-60761510,4.1,4,57,https://aos-comment.amap.com/B0FFHTU4LZ/comment/579B3498_D252_447D_A720_76D00DC00002_L0_001_2016_151_1760843374095_73051838.jpg,116.234301,40.310968
,139,,康陵正德春饼宴13号,土豆丝,康陵正德春饼宴13号,十三陵镇康陵村13号 | 营业时间:周一至周日 08:30-19:00 | 电话:13716453490;18888832530,3.3,4.5,0,https://aos-comment.amap.com/B0FFF60YNX/comment/content_media_external_images_media_1000167745_ss__1735355285468_44205412.jpg,116.214089,40.318016
,139,,家宴,小酥肉,家宴,十三陵镇泰陵村113号 | 营业时间:周一至周日 09:00-21:00 | 电话:13661171518,4.7,3.9,201,https://store.is.autonavi.com/showpic/b5c510afda74a118315faaa6e60db152,116.223714,40.321647
,139,,康陵正宗正德春饼宴22号,炒鸡蛋,康陵正宗正德春饼宴22号,十三陵镇康陵村22号 | 营业时间:周一至周日 09:00-21:00 | 电话:13910607247,0.5,3.5,59,https://store.is.autonavi.com/showpic/253ed90da659986a0000002245910327,116.213897,40.318499
,139,,乡村宴老酒馆,炸蘑菇,乡村宴老酒馆,石梨路北50米 | 营业时间:周一至周日 09:30-21:30 | 电话:010-89722057;13161616333,3.4,3.5,41,http://store.is.autonavi.com/showpic/8f4dc9448736ce1e7fa87d8323808a76,116.223647,40.321015
,139,,康陵正德春饼宴25号院,自助餐,康陵正德春饼宴25号院,十三陵镇康陵村25号 | 营业时间:周一至周日 09:00-21:00 | 电话:13716630471,7.3,4.2,0,https://store.is.autonavi.com/showpic/177ec4a163e0e39f777bb59955ae2033,116.213702,40.318102
,139,,北京康陵正德正宗春饼宴1号院,菜花,北京康陵正德正宗春饼宴1号院,十三陵镇康陵村1号院 | 营业时间:周一至周日 10:00-20:00 | 电话:13718360100,2.4,4.1,68,https://aos-comment.amap.com/B0FFFAEWUN/comment/content_media_external_file_53967_ss__1749965777732_72193687.jpg,116.214012,40.318644
,140,,先吃后涮(暂停营业),中餐厅,先吃后涮(暂停营业),昌赤路石牌坊村,2,2.8,0,http://store.is.autonavi.com/showpic/4fd14e792302dc9c0bf0c193a14c1a31,116.218217,40.238765
,140,,特牛双味烤鱼,中餐厅,特牛双味烤鱼,石牌坊村美廉超市旁 | 营业时间:周一至周日 09:00-22:00,3.6,2.6,36,http://store.is.autonavi.com/showpic/4ac8746fa7c364288c692470d48e7ed7,116.218361,40.239
,140,,聚福乐餐厅(十三陵店),中餐厅,聚福乐餐厅(十三陵店),"十三陵镇石牌坊村17号 | 营业时间:周一至周日 10:00-14:00,16:00-22:00",9.9,3.1,33,http://store.is.autonavi.com/showpic/331d21dd09ec0ad4e55c8a9d1e4e88e2,116.218306,40.238884
,140,,蜀中情,中餐厅,蜀中情,昌赤路石牌坊村,0.2,3.2,0,http://store.is.autonavi.com/showpic/6f064eba7184aeff35a0cc50ef3b0c3d,116.21776,40.239092
,140,,福运家常菜农家乐水库鱼,家常菜,福运家常菜农家乐水库鱼,昌赤路与京银路交叉口东60米 | 营业时间:周一至周日 09:00-17:00 | 电话:13701002212,5.8,3.9,148,https://aos-comment.amap.com/B000A85XN7/comment/145af9263565ad2988d0c8f38c9348e5_2048_2048_80.jpg,116.214908,40.237673
,140,,金淼轩川味家常菜,家常菜,金淼轩川味家常菜,石牌坊村进口 | 营业时间:周一至周日 09:00-24:00 | 电话:18201159865,5.8,3.8,0,http://store.is.autonavi.com/showpic/80ff6a61539b3259a598a8dbbcc519c0,116.217202,40.239082
,140,,金肆维玉麒麟餐厅(京青线店),涮羊肉,金肆维玉麒麟餐厅(京青线店),西关环岛西北(近金肆维玉器厂) | 营业时间:周一至周日 10:30-15:00 | 电话:010-69724860,5.6,4.1,787,https://aos-comment.amap.com/B000A80SIJ/comment/224b64bf938797adf9f15f07050616e0_2048_2048_80.jpg,116.213475,40.228787
,140,,灶台鱼,灶台鱼,灶台鱼,昌赤路与邓庄桥交叉口东20米,1.8,3.6,89,https://store.is.autonavi.com/showpic/662dba23e89cb5a80000001122906356?type=pic,116.214613,40.237814
,140,,九龙池侉炖鱼,炖鱼,九龙池侉炖鱼,十三陵镇石牌坊村停车场东侧 | 营业时间:周一至周日 09:00-21:00 | 电话:010-60761400,1.5,4.5,104,https://store.is.autonavi.com/showpic/2892af2649a461230000000719094867?type=pic,116.217163,40.239367
,142,,白河山川民俗餐厅,中餐厅,白河山川民俗餐厅,东峪路 | 营业时间:周一至周日 07:00-23:00 | 电话:18600091129,7.4,3.6,54,http://store.is.autonavi.com/showpic/70ccffba0329a8a5cfd0fbdee3dae74b,116.703391,40.655034
,144,,咱家小馆,中餐厅,咱家小馆,石龙南路咱家小院 | 营业时间:周一至周日 11:00-22:00,6.7,4.2,94,https://store.is.autonavi.com/showpic/572078356f1d959ade119f6b855a382a,116.090795,39.88157
,144,,戒台寺-大斋堂,中餐厅,戒台寺-大斋堂,永定镇马鞍山(近108国道)戒台寺景区内(南侧),6.4,3.6,0,https://store.is.autonavi.com/showpic/c9175ed9814521bf0000000963234841?type=pic,116.08692,39.869581
,144,,京门琴咖·古琴·精品咖啡部落,精品咖啡,京门琴咖·古琴·精品咖啡部落,戒台寺郊野公园-挽溪回廊西侧190米,1.5,3.2,0,,116.091175,39.877975
,145,,潮有范儿&Double u coffee(燕莎友谊商城店),coffee,潮有范儿&Double u coffee(燕莎友谊商城店),亮马桥路52号燕莎友谊商城(亮马桥地铁站C东南口步行70米) | 营业时间:周六至周日 10:30-21:00,5.1,3.8,35,,116.463125,39.948425
,150,,渔蓝海鲜火锅(首都宾馆店),双人餐,渔蓝海鲜火锅(首都宾馆店),首都宾馆A座一层大堂吧东北角 | 营业时间:周一至周日 16:30-21:30 | 电话:010-58159566,9.1,4.6,163,https://aos-comment.amap.com/B0JRZGS12N/comment/982239bae377647ec1abd48304e1a1e9_2048_2048_80.jpg,116.409635,39.902001
,150,,食鼎轩烤鸭·私房菜(北京王府井台基厂大街店),家常菜,食鼎轩烤鸭·私房菜(北京王府井台基厂大街店),"台基厂大街10-1号 | 营业时间:周一至周日 09:30-14:00,16:30-21:30 2026-05-01至2026-05-05 周一至周日 09:30-14:00,16:30-21:30 | 电话:010-63445868;18519118048",6.8,4.6,70,https://aos-comment.amap.com/B0KGRMA21S/comment/content_media_external_file_100003357_1767011828140_18373911.jpg,116.411861,39.903494
,150,,北京隆和居美食城(正义路店),干锅千页豆腐,北京隆和居美食城(正义路店),东华门街道正义路8号(原市政府斜对面) | 营业时间:周一至周日 10:00-22:30 | 电话:010-65263265;13520777900,5.7,4.4,73,https://store.is.autonavi.com/showpic/72fbdf46904d9ac20000002152518124?type=pic,116.406444,39.903414
,150,,松鹤楼(台基厂店),松鼠桂鱼,松鹤楼(台基厂店),"北京城区台基厂大街10号(东郊民巷小学旁) | 营业时间:周一至周日 11:00-14:00,17:00-21:00 2026-02-17至2026-02-23 周一至周日 11:00-14:00,16:30-21:00 | 电话:010-65278195;010-65279255",0.9,4.5,153,http://store.is.autonavi.com/query_pic?id=st4e59a81c-8dd5-4876-9cdf-1e3afe32ebe2&user=search&operate=original,116.411839,39.903469
,150,,君庭中餐厅(首都宾馆店),牛肉,君庭中餐厅(首都宾馆店),"前门东大街3号首都宾馆东北门门房 | 营业时间:周一至周日 11:00-14:00,17:00-21:00 | 电话:010-58159788",6.6,4.4,213,https://aos-comment.amap.com/comment/content_service__1771506306909_36408294_1771506354089_05149994.jpg,116.408956,39.902119
,150,,奥华餐厅老张记(台基厂店),虾仁独面筋,奥华餐厅老张记(台基厂店),北京城区台基厂大街18-3号 | 营业时间:周一至周日 10:30-21:30 | 电话:010-65129289;010-65244021,1.4,4.6,62,http://store.is.autonavi.com/showpic/a44d4745fdde65bc76e850f893a9937b,116.411937,39.902869
,152,,川成元·麻辣香锅(金宝汇店),单人餐,川成元·麻辣香锅(金宝汇店),金宝街88号金宝汇购物中心B1层 | 营业时间:周一至周日 10:00-21:30 2026-05-01至2026-05-05 周一至周日 10:00-21:30 | 电话:010-85295255,5.3,4.4,88,http://store.is.autonavi.com/showpic/d944bc6e86d8242987cf6c4b38f8b7bf,116.421878,39.915324
,152,,九小鲜,台州家烧东海渔鲜,九小鲜,"金宝大厦东侧北50米 | 营业时间:周一至周日 11:30-14:00,17:00-23:00 | 电话:010-65051718",6.4,4.5,104,https://store.is.autonavi.com/showpic/dc287639e90579c1dde6dbe35053f5a7,116.420475,39.916575
,152,,胡同印记咖啡,咖啡厅,胡同印记咖啡,史家胡同博物馆内咖啡厅(灯市口地铁站C东南口步行460米) | 营业时间:周一至周日 09:30-18:00 | 电话:18313249721,0.9,4.1,36,https://store.is.autonavi.com/showpic/2523b3209d9e8f2e0000001763872575?type=pic,116.422418,39.91816
,152,,北京宴·电影主题餐厅(金宝店),手撕豆腐,北京宴·电影主题餐厅(金宝店),"金宝街88号金宝汇二期5层,二期1层乘8-9号电梯,地下车库乘4-5号电梯直达 | 营业时间:周一至周日 10:00-22:00 2026-05-01至2026-05-05 周一至周日 10:00-22:00 | 电话:010-68185505;18911250972",1.3,4.6,345,http://store.is.autonavi.com/showpic/e336846cf3b3e6ea80fcdf695bd68377,116.422255,39.915294
,152,,壹块捌烧烤(灯市口店),望京小腰,壹块捌烧烤(灯市口店),王府井apm东600米金宝街临15号(灯市口c口东200米临街) | 营业时间:周一至周日 10:30-02:30 2026-02-10至2026-02-24 周一至周日 全天关闭 | 电话:18010098726,5.1,4.5,70,https://aos-comment.amap.com/B0G1ZA4UT3/comment/96354313_09A7_4910_B26C_D0AB0064287C_L0_001_1536_204_1765798500760_67219587.jpg,116.420296,39.916632
,152,,山西刀削面(干面胡同店),白吉馍,山西刀削面(干面胡同店),干面胡同与西石槽胡同交叉口西北20米 | 营业时间:周一至周日 00:00-24:00 | 电话:13381283703,1.7,2.4,30,http://store.is.autonavi.com/showpic/8b6380bad8d9b7cb34bda90e0e3282d1,116.420144,39.917112
,152,,利苑酒家(金宝大厦店),老火汤,利苑酒家(金宝大厦店),"金宝街89号金宝大厦3层(灯市口地铁站C东南口步行260米) | 营业时间:周一至周日 11:30-14:30,17:30-21:30 | 电话:010-85221212;15652418508",3.7,4.7,323,http://store.is.autonavi.com/showpic/7c112dc1fad98ac8a66d5c1849b93ebe,116.419957,39.916098
,152,,鮮入唯煮,金汤花胶鸡煲,鮮入唯煮,金宝街金宝21号东区(金宝大厦对面) | 营业时间:周一至周日 11:00-22:00 | 电话:010-65127303;010-65127313,5.5,4.6,220,https://aos-comment.amap.com/B000A7XDT8/comment/content_media_external_file_1000121277_ss__1744726944356_12643574.jpg,116.420465,39.916479
,152,,壹同·湖南菜·干面胡同,鲜汁臭豆腐,壹同·湖南菜·干面胡同,"东石槽胡同31号(灯市口地铁站C东南口步行330米) | 营业时间:周一至周日 11:30-14:00,17:30-22:00 | 电话:13051150162",6.4,4.6,178,https://aos-comment.amap.com/B0FFIB71KZ/comment/content_media_external_images_media_100002404_1731483268609_34399515.jpg,116.421661,39.916794
,152,,汤城小厨(金宝街店),黑椒煲仔饭,汤城小厨(金宝街店),金宝街21号一层 | 营业时间:周一至周日 10:30-21:30 2026-02-14至2026-02-15 周六至周日 10:30-21:30；2026-02-16至2026-02-16 周一 10:30-19:00；2026-02-17至2026-02-23 周二至周日 10:30-21:30 | 电话:010-65282121;010-65283894;13522261529,7.6,4.6,98,http://store.is.autonavi.com/showpic/472fd2d3e987e89e92b6e8de4ac62f61,116.420683,39.916151
,153,,后河快餐店,中餐厅,后河快餐店,南长街与织女桥东河沿交叉口东北280米 | 营业时间:周一至周日 08:00-17:00,9.6,3.6,0,https://aos-comment.amap.com/B0FFHRXQGC/comment/da0a6dc507885325f7f78b4b017a8c91_2048_2048_80.jpg,116.393396,39.912727
,153,,泽园酒家,毛氏红烧肉,泽园酒家,南长街20号(近中山公园西门) | 营业时间:周一至周日 11:00-21:00 | 电话:010-66081092,9.7,4.1,100,http://store.is.autonavi.com/showpic/8405117307965d8037b897027ccc87dd,116.391547,39.914046
,153,,老北京炸酱面(南长街店),煎饺,老北京炸酱面(南长街店),南长街甲30号,4.1,3.9,37,https://aos-comment.amap.com/B000AA0IME/comment/content_media_external_images_media_100003049_1768840988260_31766068.jpg,116.391723,39.912744
,153,,程府宴(南长街四合院店),牛肉,程府宴(南长街四合院店),"南长街38号院 | 营业时间:周一至周日 11:30-14:00,17:00-22:00 2026-02-16至2026-02-23 周一至周日 11:30-23:00 | 电话:15011120038",8.7,4.6,799,http://store.is.autonavi.com/showpic/c0031f68f3a8ccb38cddf7b6971e6c2e,116.391732,39.912512
,154,,外卖烤鸭,中餐厅,外卖烤鸭,前门西大街甲10号(和平门地铁站C2东南口旁),6.4,3.3,60,http://store.is.autonavi.com/showpic/807ad5991bd45a8fae363a1bd27e572a,116.385787,39.899626
,154,,四川饭店(和平门店),夫妻肺片,四川饭店(和平门店),"前门西大街14号西门 | 营业时间:周一至周日 11:00-14:00,16:30-20:30 | 电话:010-63188088",6.6,4.6,99,https://aos-comment.amap.com/B0HKYZRWUX/comment/content_media_external_file_100009283_1769267800822_03186712.jpg,116.384697,39.899076
,154,,隐世·叠院儿,沙拉,隐世·叠院儿,西河沿街159号(和平门地铁站C2东南口步行430米) | 营业时间:周一至周日 11:00-20:00 | 电话:18310251672,1.4,4.4,565,https://aos-comment.amap.com/B0FFJOT8LM/comment/245e57d3fecf5f65c85900ea5797bb7d_2048_2048_80.jpg,116.38926,39.899082
,154,,孙记河间驴肉火烧(和平门店),烤串,孙记河间驴肉火烧(和平门店),和平门东河沿3号(和平门地铁站D2西南口步行180米) | 营业时间:周一至周日 09:30-23:30 | 电话:010-63033869;13718171736;18310697258,9.7,4.5,49,https://aos-comment.amap.com/B0FFJHR3Q7/comment/1959B2D1_FB2F_4ABE_B2B9_664144366FE8_L0_001_1290_200_1773109082369_24681266.jpg,116.383926,39.898829
,154,,全聚德(北京和平门店),精选烤鸭,全聚德(北京和平门店),"前门西大街14号(和平门地铁站C2东南口步行80米) | 营业时间:周一至周日 11:00-14:00,16:00-20:30 | 电话:010-83193100",0.4,4.7,185,http://store.is.autonavi.com/showpic/70fdb310de6e96d189b13f8de5f31f2c,116.385072,39.899292
,154,,撒拉梦西域小面馆(前门西大街店),羊肉串,撒拉梦西域小面馆(前门西大街店),前门西大街75号(和平门地铁站B2东北口旁) | 营业时间:周一至周日 09:30-24:00 | 电话:010-66551789,4.4,4.3,46,https://aos-comment.amap.com/B0JKTS3IK0/comment/%5B2026-01-23-02-57-14%5D43A13CEA-3AAB-4C82-87DB-8036288EB85_1769108236827_26598366.jpg,116.385625,39.900529
,154,,老边饺子馆(和平门店),饺子,老边饺子馆(和平门店),前门西大街甲10号中联鑫华酒店一层 | 营业时间:周一至周日 09:30-21:30 | 电话:010-63018006,9.4,4.5,74,https://aos-comment.amap.com/B0FFG7FSV5/comment/E536D7C0_DB7F_4C5B_B7FA_EF657ECC1502_L0_001_1126_2000_1744518523930_36730509.jpg,116.385685,39.899781
,154,,京满·四合院铜锅涮肉,鲜切草饲羊上脑,京满·四合院铜锅涮肉,北京城区延寿街1号(和平门地铁站C2东南口步行470米) | 营业时间:周一至周日 06:30-22:00 | 电话:13121867967;15010898675,2.6,4.5,85,https://aos-comment.amap.com/B0KUD1E8M0/comment/content_media_external_images_media_100015048_1734359781402_01396897.jpg,116.389017,39.898201
,155,,A One Kitchen·南京精菜馆(北京南京大饭店分店),家常菜,A One Kitchen·南京精菜馆(北京南京大饭店分店),"王府井西街5号南京大饭店2楼 | 营业时间:周一至周日 11:00-14:00,17:00-21:00 | 电话:010-65262188",4.3,4.5,128,https://aos-comment.amap.com/B0I2CA8QLI/comment/8bc5f7958903177a2ed4caa90483e532_2048_2048_80.jpg,116.408828,39.914515
,155,,宫逗小厨·新派亲子涮肉,涮肉,宫逗小厨·新派亲子涮肉,东华门街道王府井街5号1-3 | 营业时间:周一至周日 10:00-22:30 | 电话:15237521091,1.6,4.5,80,https://aos-comment.amap.com/B0L3A7VZEH/comment/CFC97AF9_EF50_4F28_8FEB_3F0F8F38978D_L0_001_1181_157_1768462507602_89969814.jpg,116.408836,39.914876
,155,,清真伊德村兰州拉面,清真菜馆,清真伊德村兰州拉面,王府井穆斯林大厦后100米(南京大饭店旁) | 营业时间:周一至周日 09:00-20:15 | 电话:13034134553,2.9,4.4,22,https://aos-comment.amap.com/B000A7QVJD/comment/bf3178163eac47ae9a5c02f46e65615b_2048_2048_80.jpg,116.408883,39.914302
,155,,四季民福烤鸭店(王府井东安门店),烤鸭,四季民福烤鸭店(王府井东安门店),东安门大街53号万程华府酒店1楼 | 营业时间:周一至周五 10:30-21:30；周六至周日 10:00-22:30 | 电话:010-65238571;13269367120,5.1,4.8,145,http://store.is.autonavi.com/showpic/746fdbb61c0bf8096b09b5091835de42,116.408131,39.915563
,155,,郭记北京烤鸭(王府井步行街店),烤鸭,郭记北京烤鸭(王府井步行街店),王府井大街138号新东安商场B2 | 营业时间:周一至周日 10:00-23:00 | 电话:13691150426,4.1,4.4,79,https://aos-comment.amap.com/B0J1FBZ9ER/comment/content_media_external_file_14601_ss__1764222591909_12360691.jpg,116.409127,39.914805
,155,,百年南门铜锅涮肉(故宫店),精品肥牛,百年南门铜锅涮肉(故宫店),东华门街道王府井西街1-3号(宫逗小厨二楼) | 营业时间:周一至周日 10:00-22:30 | 电话:15652831909,3,4.3,51,https://store.is.autonavi.com/showpic/073d0624596fa11ef76eab385f34b551,116.408838,39.914734
,155,,阿达西新疆风味餐厅(王府井店),羊肉串,阿达西新疆风味餐厅(王府井店),王府井西街1-2号(金鱼胡同地铁站C西南口步行120米) | 营业时间:周一至周日 10:00-23:00 | 电话:010-65127936,4.1,4.5,81,https://aos-comment.amap.com/comment/content_service__1771809911762_50399055_1771809919639_92473088.jpg,116.408821,39.915211
,155,,郭记·老北京铜锅涮肉(王府井店),老北京炸酱面,郭记·老北京铜锅涮肉(王府井店),王府井西街6号(金鱼胡同地铁站C西南口步行210米) | 营业时间:周一至周日 10:00-23:00 | 电话:13691150426,7.6,4.4,184,https://aos-comment.amap.com/B0FFG7UG25/comment/content_media_external_images_media_454856_ss__1731384106578_67073818.jpg,116.409148,39.914801
,155,,方砖厂69号炸酱面(王府世纪店),茄丁打卤面,方砖厂69号炸酱面(王府世纪店),东安门大街55号王府世纪一层108室 | 营业时间:周一至周日 10:00-21:00 2026-02-16至2026-02-16 10:00-16:00 | 电话:13020088912,1.1,4.7,41,https://aos-comment.amap.com/B0KABR6WPI/comment/34FC8C83_0C9A_4F40_BC18_9530D4E17A3C_L0_001_1500_200_1765526987894_50780441.jpg,116.4075,39.9155
,155,,沙县小吃(王府井步行街店),蒸饺,沙县小吃(王府井步行街店),"北京城区北京城区东安门大街45,47号,中国儿童剧场对面 | 营业时间:周一至周日 10:00-22:00 | 电话:13666972883;15910815483",1.6,4.1,16,https://aos-comment.amap.com/B0FFF9UWTJ/comment/content_media_external_file_1000060396_ss__1769240674979_65546588.jpg,116.408542,39.915526
,155,,老滕家米线,过桥米线,老滕家米线,"东华门街道东安门大街三十四号睿旭鸿缘小吃城内 | 营业时间:周一至周日 10:30-14:00,17:30-21:00 | 电话:13501105564",1.1,4.4,31,http://store.is.autonavi.com/showpic/26f0bc8cd7810c58bf784cd70cd2ec47,116.409552,39.915252
,155,,老王府羊蝎子·铜锅涮肉(王府井店),铜锅涮肉,老王府羊蝎子·铜锅涮肉(王府井店),王府井大街277号院(近王府井风情街) | 营业时间:周一至周日 10:00-24:00 | 电话:13661006626,6.5,3.7,104,http://store.is.autonavi.com/showpic/6471e005d30a746aa21842c8a2e93eaf,116.409129,39.915176
,155,,京门南门铜锅涮肉(北京旗舰店),鲜牛百叶,京门南门铜锅涮肉(北京旗舰店),王府井东安门大街32号 | 营业时间:周一至周日 10:00-24:00 | 电话:18510208059,4.2,4.6,51,http://store.is.autonavi.com/showpic/42bef1a2c7ac81d63c18f03dc55b9331,116.409509,39.915307
,156,,束河人家(南锣鼓巷店),包浆豆腐,束河人家(南锣鼓巷店),南锣鼓巷北兵马司胡同17号 | 营业时间:周一至周日 11:00-22:00 | 电话:010-57218898;010-84048817;18514032558,9.5,4.6,168,https://aos-comment.amap.com/B000A95CTT/comment/09a7125c4de034b3bf579a3740299ea9_2048_2048_80.jpg,116.4048,39.936427
,156,,北京烤鸭(南锣鼓巷店),堂食,北京烤鸭(南锣鼓巷店),南大街128号蔬果佳内 | 营业时间:周一至周日 09:00-21:30 | 电话:15545649758,6.1,4.4,31,https://aos-comment.amap.com/B0JAPU6NOJ/comment/f7511785b27b5a5481feb1d003a5a42d_2048_2048_80.jpg,116.408995,39.935433
,156,,西安牛羊肉泡馍(宽街店),油泼面,西安牛羊肉泡馍(宽街店),交道口南大街与炒豆胡同交叉口西北20米 | 营业时间:周一至周日 09:00-22:30 | 电话:13691285398,1.6,4.2,39,http://store.is.autonavi.com/showpic/347a792caa709483b445eb41ab8cbed7,116.408585,39.93454
,156,,宽街炒豆胡同,炒豆,宽街炒豆胡同,僧王府南门东160米(南锣鼓巷地铁站E西北口步行250米),3.8,4.2,0,http://store.is.autonavi.com/showpic/d21595bdfb55406b6f2bf4aa091ad799,116.405374,39.934292
,156,,广味小馆,特色小吃,广味小馆,交道口南大街与府学胡同交叉口北60米 | 营业时间:周一至周日 08:30-21:30 | 电话:13718905153,1,4.5,38,https://aos-comment.amap.com/B0JKBGLGU6/comment/bf9299cd29fa19fd4d12d81c644e029e_2048_2048_80.jpg,116.40891,39.936221
,156,,景秀餐厅(南锣鼓巷店),碎溜鸡,景秀餐厅(南锣鼓巷店),东棉花胡同36号(南锣鼓巷地铁站E西北口步行340米) | 营业时间:周一至周日 11:00-22:00 2026-02-17至2026-02-23 周一至周日 10:30-22:00 | 电话:010-64079502;15011322791,2.6,4.4,73,http://store.is.autonavi.com/showpic/ad8fc57ca336e29d93ec2fcd37740af2,116.40472,39.935583
,156,,方砖厂69号炸酱面(南锣鼓巷2店),老北京风味酸奶,方砖厂69号炸酱面(南锣鼓巷2店),北京城区南锣鼓巷117号 | 营业时间:周一至周日 09:00-21:30 | 电话:13051259673,8.9,4.7,37,https://aos-comment.amap.com/B0J21UFGSM/comment/0188C9F7_142C_4176_89BF_17465F8DF644_L0_001_2000_150_1765119514863_20707292.jpg,116.403087,39.935587
,156,,北平咖啡(南锣鼓巷店),覆盆子挞,北平咖啡(南锣鼓巷店),南锣鼓巷113-2号 | 营业时间:周一至周五 10:00-21:00；周六至周日 10:00-22:00 | 电话:010-84039198,6.9,4.5,69,https://aos-comment.amap.com/comment/content_service__1770693407059_65875543_1770693411511_59220778.jpg,116.403121,39.935771
,158,,山东煎饼果子,,山东煎饼果子,小鹁鸽胡同与大鹁鸽胡同交叉口西80米 | 营业时间:周一至周日 10:00-20:00,3,3.1,15,,116.412525,39.921325
,158,,胖格格小馆,中餐厅,胖格格小馆,王府井报房胡同101西口首都剧院北 | 营业时间:周一至周日 08:30-22:00 | 电话:18310008571,7.6,4.1,35,http://store.is.autonavi.com/showpic/491fd1b9e0fab228633783e27299219a,116.411661,39.92204
,158,,北京金茂万丽酒店·万丽轩,杨枝甘露,北京金茂万丽酒店·万丽轩,王府井大街57号北京金茂万丽酒店2层 | 营业时间:周一至周日 17:30-22:00 | 电话:010-65208847;010-65208888,1,4.5,267,https://aos-comment.amap.com/B0FFFFZ5B2/comment/6593c8442f11f560481725766511807a_2048_2048_80.jpg,116.410361,39.921208
,158,,老北京铜锅涮肉,火锅店,老北京铜锅涮肉,报房胡同101号(首都剧场北侧) | 营业时间:周一至周日 10:30-21:15,6.1,3.8,87,http://store.is.autonavi.com/showpic/3e699aa3f380c41192706ff8cff0cb15,116.411712,39.921965
,158,,国强兰州拉面,烤串,国强兰州拉面,报房胡同63号西门(东四地铁站G西南口步行480米) | 营业时间:周一至周日 10:00-23:30 | 电话:13070136981;13801081356,5.2,4.3,34,https://store.is.autonavi.com/showpic/80aaa4992f19a6483c41512caca7b7cc,116.414031,39.921986
,158,,北京华侨大厦睿世酒店·嘉禾,米粉,北京华侨大厦睿世酒店·嘉禾,"王府井大街2号北京华侨大厦睿世酒店1层 | 营业时间:周一至周日 06:30-10:30,11:30-21:00 | 电话:010-65136666",8.5,4.4,134,https://aos-comment.amap.com/B0IB3A8AFL/comment/content_media_external_file_102674_ss__1745941141683_18761567.jpg,116.4113,39.923507
,158,,御香苑中餐厅(华侨大厦店),菌汤,御香苑中餐厅(华侨大厦店),"王府井大街2号华侨大厦2层 | 营业时间:周一至周日 11:30-14:00,17:30-21:00",9.1,4.1,264,http://store.is.autonavi.com/showpic/e9cb4b6d1430777588fdd3bd3651e720,116.41132,39.923491
,158,,库迪咖啡(王府77店),鲜气杨梅新品,库迪咖啡(王府77店),王府井大街77号A座1层(北侧) | 营业时间:周一至周五 08:00-18:00 | 电话:15646599030,4.8,4.7,9,https://store.is.autonavi.com/showpic/7b0db620ddccbe9ff42ce59100617216?operate=original?operate=original?operate=original?operate=original,116.410334,39.920712
,158,,老北京丰泽居,麻酱,老北京丰泽居,报房胡同金芳真综合商店旁(东四地铁站G西南口步行430米) | 营业时间:周一至周日 10:30-01:00 | 电话:010-85117802;13801232890,9.5,4.7,0,https://aos-comment.amap.com/B000A7ZOWR/comment/content_media_external_file_1000060693_ss__1757725385551_94772976.jpg,116.414519,39.922033
,159,,靠墙吃海鲜大馅饺子(天恒大厦店),单人餐,靠墙吃海鲜大馅饺子(天恒大厦店),北京城区东直门外大街46号B1层01-B106 | 营业时间:周一至周日 00:00-24:00 | 电话:18500974199,6.3,4.1,29,https://aos-comment.amap.com/B0L3HD89L8/comment/content_media_external_file_1000530259_ss__1770764113585_11345635.jpg,116.43684,39.940383
,159,,老街鸭脑壳(东直门店),卤菜,老街鸭脑壳(东直门店),东直门外大街十字坡北口(东直门地铁站E口步行360米) | 营业时间:周一至周日 11:30-24:00 | 电话:010-64178288;13269582965,1.3,3.9,34,http://store.is.autonavi.com/showpic/3f4c25323eec8a59954854d0da513287,116.438666,39.940814
,159,,湘遇·京华(宇飞大厦店),双人餐,湘遇·京华(宇飞大厦店),"宇飞大厦2层(西邻银座Mall保利集团东北侧) | 营业时间:周一至周日 10:30-14:00,14:30-21:00 | 电话:010-64681801",5.5,4.5,58,https://aos-comment.amap.com/B0H3SSK12B/comment/11172f5dc1c49ed899d759313ca10b40_2048_2048_80.jpg,116.437391,39.94041
,159,,老四川家常菜(东直门店),家常菜,老四川家常菜(东直门店),北京城区十字坡西里10号楼迤北 | 营业时间:周一至周日 09:00-24:00 | 电话:010-64155629;13521777102,8.4,4.4,54,https://aos-comment.amap.com/B000A7WXPX/comment/F814BDE3_E500_40E7_92AF_0836FBB6BEEA_L0_001_1279_92_1763623376424_09586471.jpg,116.43899,39.939875
,159,,老墙根涮肉(东直门店),涮肉,老墙根涮肉(东直门店),"北京城区北京城区新中街甲3号2层 | 营业时间:周一至周日 11:00-14:00,17:00-22:00 | 电话:010-64625378;15010327369",9.2,4.5,97,https://aos-comment.amap.com/B0L06ZNT6R/comment/79e0535c-a919-41c5-a233-e0fbbb15c81e.png,116.438808,39.940307
,159,,瑞雲酒家,烤鸭,瑞雲酒家,"新中街十字坡东里6号楼底商 | 营业时间:周一至周日 09:00-14:00,16:00-21:00 | 电话:010-64609989;010-64617202",6.8,4.6,122,https://store.is.autonavi.com/showpic/94f5fbe784b4b6f20000002352994726?type=pic,116.43928,39.93956
,159,,酵之谷豫味私厨,牛肉,酵之谷豫味私厨,"东直门外大街42号宇飞大厦F3层301-01 | 营业时间:周一至周日 10:00-14:00,17:00-22:00 | 电话:010-64686877;13522074604",0.5,4.5,96,https://aos-comment.amap.com/B0G2AOBICV/comment/content_media_external_file_877_1771564926563_41181358.jpg,116.437494,39.940411
,159,,麻记尚品羊汤秘制烧饼,羊肉汤,麻记尚品羊汤秘制烧饼,北京城区东直门外十字坡街7号 | 营业时间:周一至周日 06:00-23:00 | 电话:13522827946,1.1,4.5,36,https://aos-comment.amap.com/B0FFIFBRBN/comment/a3bf6991a1ee307e7ee0c8b2a8d1dad2_2048_2048_80.jpg,116.438996,39.938927
,159,,丰泽园(东直门店),肥牛,丰泽园(东直门店),北京城区新中街甲2号华龙大厦一层(东直门地铁站E口步行410米) | 营业时间:周一至周日 11:00-20:30 | 电话:15611211368,5.6,4.5,235,https://aos-comment.amap.com/B0J6GAH8FR/comment/add4c2cd-b3f6-4f3e-bbef-5a19217dd14b.png,116.439789,39.940809
,159,,三样菜(东直门店),黄焖甲鱼,三样菜(东直门店),东直门外新中街甲1号 | 营业时间:周一至周日 10:30-22:30 2026-02-16至2026-02-23 周一至周日 09:00-21:30 | 电话:010-64172399;010-64173599,2.1,4.7,188,https://aos-comment.amap.com/B0FFMEDGH3/comment/%5B2025-10-24-14-43-45%5D351CDABA-CBBD-48CE-A8B4-9C249B943C7_1761288258855_17315379.jpg,116.438816,39.940699
,162,,老年餐厅精品家常菜,家常菜,老年餐厅精品家常菜,"永定门外大街永铁苑东 | 营业时间:周一至周日 06:00-14:00,17:00-20:00 | 电话:010-52669053",7.7,3.8,26,https://store.is.autonavi.com/showpic/cb18f5811279a8a10000000973742632,116.396485,39.869024
,164,,S.O.E COFFEE(五道营店),coffee,S.O.E COFFEE(五道营店),五道营胡同10号(雍和宫地铁站G西南口旁) | 营业时间:周一至周日 07:00-20:00 | 电话:13269919774,4,4.5,38,https://aos-comment.amap.com/B0LA67CW1W/comment/content_media_external_images_media_20965_ss__1767255474011_21631497.jpg,116.415618,39.948297
,164,,铁手咖啡制造局(五道营店),卡布奇诺,铁手咖啡制造局(五道营店),五道营胡同18号(雍和宫地铁站G西南口步行110米) | 营业时间:周一至周日 10:00-19:00 | 电话:15676998334,4.9,4.6,0,https://aos-comment.amap.com/B0I247OTRE/comment/D45BEA11_A0DB_4772_BC22_881E7FE6B6AA_L0_001_1500_200_1766834982598_27982078.jpg,116.414996,39.948326
,164,,雍Cafe,咖啡厅,雍Cafe,雍和宫大街18号(雍和宫地铁站F东南口步行160米) | 营业时间:09:00-19:00,1.2,4.4,0,http://store.is.autonavi.com/showpic/98ab92b08d8574868998ea747abf4038,116.416456,39.94607
,164,,福顶咖啡(雍和宫店),手冲咖啡,福顶咖啡(雍和宫店),"五道营胡同26号(雍和宫地铁站G西南口步行150米) | 营业时间:周一至周四,周六至周日 10:00-18:00；周五 10:00-19:00 2026-02-16至2026-02-16 周一 全天关闭 | 电话:13911875873",4.2,4.7,55,https://aos-comment.amap.com/B0K2JH5OLB/comment/867BDFB3_CFBE_4CB2_A238_354A83F568EC_L0_001_1500_200_1749390295774_81268798.jpg,116.414555,39.94837
,164,,方砖厂69号炸酱面(雍和宫店),椒盐小酥肉,方砖厂69号炸酱面(雍和宫店),雍和宫大街59号1幢等2幢 | 营业时间:周一至周日 08:00-20:00 2026-02-16至2026-02-16 周一 10:00-16:00 | 电话:13001911559,0,4.7,38,https://store.is.autonavi.com/showpic/2a6a0f2ffeeba1e20000000961950696?type=pic,116.416472,39.946008
,164,,35号卷饼烤鸭·小锅菜,汉堡,35号卷饼烤鸭·小锅菜,五道营胡同35号(雍和宫地铁站E西北口步行200米) | 营业时间:周一至周日 11:00-23:00 | 电话:13051181725,9.8,4.4,70,https://aos-comment.amap.com/B0JDPMN72H/comment/content_media_external_images_media_1000101940_ss__1737634384332_24809807.jpg,116.413893,39.948462
,164,,Wolfing coffee(五道营店),洪都拉斯澳白,Wolfing coffee(五道营店),五道营胡同与雍和宫大街交叉口西80米 | 营业时间:周一至周日 10:00-18:00 | 电话:17600425267,1.4,4.5,37,https://aos-comment.amap.com/B0KAAXCZAB/comment/70E90103_10ED_46C3_BD87_81A24A82D04C_L0_001_1080_192_1758335707731_75812556.jpg,116.415639,39.948139
,164,,烟袋斜街老号炸酱面(五道营店),炸酱面,烟袋斜街老号炸酱面(五道营店),五道营胡同与箭厂胡同交叉口东140米 | 营业时间:周一至周日 09:30-21:30,0.2,4.4,42,https://store.is.autonavi.com/showpic/01284e824540ccd90000002258810497?type=pic,116.413347,39.948366
,164,,清真·云南干锅牛肉·酸菜牛肉(雍和宫店),牛肉,清真·云南干锅牛肉·酸菜牛肉(雍和宫店),北京城区五道营胡同32号(雍和宫地铁站G西南口步行180米) | 营业时间:周一至周日 10:30-24:00 2026-02-16至2026-02-23 周一至周日 10:30-23:00 | 电话:17600362723,4.1,4.5,108,https://store.is.autonavi.com/showpic/1d0b1809691d454ffb8f593ac8af7e64,116.414144,39.948356
,164,,汤厨(五道营店),罗勒烤鸡翅,汤厨(五道营店),"五道营胡同24号(近雍和宫) | 营业时间:周一至周日 11:00-15:00,17:00-21:30 | 电话:010-84028729;18811723250",5.2,4.6,109,https://aos-comment.amap.com/B0G2PCJPZ9/comment/5aef9fabbd604c2bd4ead1f427b82193_2048_2048_80.jpg,116.414674,39.948338
,164,,叶钵斋宫廷素食,蟹粉焗口蘑,叶钵斋宫廷素食,五道营胡同40号 | 营业时间:周一至周日 11:00-21:00 | 电话:010-64035889,4,4.4,147,https://store.is.autonavi.com/showpic/ce7a7c7db5984272ef304155decf80b8,116.41373,39.948362
,164,,三元梅园(国子监店),豆腐,三元梅园(国子监店),国子监街14号3、4号房(距地铁2/5号线雍和宫站F东南口步行330米) | 营业时间:周一至周日 09:00-20:00 | 电话:13801061805,3.7,4.6,28,https://img.alicdn.com/imgextra/i1/2200837504704/O1CN01RkKLEj1kcTnAuosTv_!!2200837504704-0-koubei.jpg,116.415666,39.945415
,169,,北平京味饺子馆(东单三条工美大厦店),东北菜,北平京味饺子馆(东单三条工美大厦店),王府井大街200号工美大厦东单三条B1层 | 营业时间:周一至周日 09:00-21:30 | 电话:13333386786,9,3.9,33,https://store.is.autonavi.com/showpic/49bb8067c4e6151bfcc982928a0f6be8,116.411761,39.910843
,169,,京来顺,中餐厅,京来顺,王府井大街与王府井小吃街交叉口东南40米,1.1,3.6,55,https://store.is.autonavi.com/showpic/865c0e56b1d802633d255d8350a891b1,116.411653,39.91108
,169,,大V小巷·王府井美食街(东单三条工美大厦店),中餐厅,大V小巷·王府井美食街(东单三条工美大厦店),北京城区王府井大街200号工美大厦地下一层 | 营业时间:周一至周日 09:00-21:30 | 电话:15110068197,7.9,4.5,29,https://store.is.autonavi.com/showpic/f4c4f32cf015f5adf839c1ed918ed918,116.411885,39.910837
,169,,山西刀削面,中餐厅,山西刀削面,王府井大街与王府井小吃街交叉口东南40米 | 营业时间:周一至周日 09:30-20:30,5.9,3.9,32,http://store.is.autonavi.com/showpic/5a200ef524e41abf12b8b32a700e6f0a,116.411684,39.910887
,169,,拇指生煎包(人民食集美食城店),中餐厅,拇指生煎包(人民食集美食城店),东单三条与王府井大街交叉口东北40米 | 营业时间:周一至周日 09:30-21:30 | 电话:13521220334,3,3.7,19,https://store.is.autonavi.com/showpic/3aebea5e8bba186a0000000966550228?type=pic,116.411687,39.910802
,169,,砂锅小灶,中餐厅,砂锅小灶,东华门街道王府井大街200号工美大厦B1层 | 营业时间:周一至周日 09:00-21:00,8.5,3.2,19,https://store.is.autonavi.com/showpic/7c6ed5cbf4565812f4fec64457ff604a,116.411887,39.910839
,169,,锣鼓洞天老北京烤鸭卷(王府井步行街店),中餐厅,锣鼓洞天老北京烤鸭卷(王府井步行街店),王府井大街与步行街交叉口东南40米,6.3,3.7,35,https://aos-comment.amap.com/B0K60BULFS/comment/content_media_external_images_media_1000019845_ss__1729574612356_90839105.jpg,116.411725,39.911625
,169,,东来顺饭庄(王府井步行街店),传统手切涮羊肉,东来顺饭庄(王府井步行街店),王府井大街198号(近王府井工艺美术用品商店)距王府井站约330米 | 营业时间:周一至周日 11:00-21:30 2026-05-01至2026-05-05 周一至周日 11:00-21:30 | 电话:010-65139661,5.7,4.6,148,https://aos-comment.amap.com/B000A804Y9/comment/content_media_external_file_100003515_1768646080683_13361424.jpg,116.411556,39.911129
,169,,大鸭梨烤鸭(王府井臻选店),双人餐,大鸭梨烤鸭(王府井臻选店),区王府井大街王府商厦四楼(王府井地铁站E3东北口步行70米) | 营业时间:周一至周日 11:00-21:00 | 电话:010-65265505,9.5,4.7,117,https://aos-comment.amap.com/B0LUXUO1CE/comment/DF3856C4_98B5_4E62_9A0B_7C1BA66227F8_L0_001_1502_200_1760831068311_34675294.jpg,116.411003,39.910492
,169,,便宜坊烤鸭(王府井王府商厦店),烤鸭,便宜坊烤鸭(王府井王府商厦店),王府井大街301号王府商厦四层403华为或蜜雪冰城进入电梯四楼 | 营业时间:周一至周日 10:00-22:00 | 电话:010-65177767;18513727175,5.2,4.5,101,https://aos-comment.amap.com/B0MBKRQYTC/comment/20260309-13f17999ae9232dfa1fb8777-7Cfh2ZmOBv45vOlKXLTmU9.jpg,116.411125,39.910332
,169,,德順源(王府井店),烧麦,德順源(王府井店),帅府园胡同20号院北门西50米 | 营业时间:周一至周日 07:00-22:30 2026-02-17至2026-02-17 周二 10:30-22:30 | 电话:18301269337,3,4.4,44,https://aos-comment.amap.com/B0JBCDKWWT/comment/%5B2024-12-30-23-20-05%5D6AA766BD-86F0-49B8-A9B3-24DD6CEFB9B_1735572006551_39490067.jpg,116.411844,39.911984
,169,,南门四季铜锅涮肉(王府井店),铜锅涮肉,南门四季铜锅涮肉(王府井店),王府商厦6层(蜜雪冰城旁电梯上楼) | 营业时间:周一至周日 10:30-22:00 2026-05-01至2026-05-05 周一至周日 10:30-22:00 | 电话:17200476778,2.3,4.5,96,https://store.is.autonavi.com/showpic/d9269fb7768652e57bbb70ec6d757e4e,116.4109,39.910312
,170,,亿大碗牛肉面,中餐厅,亿大碗牛肉面,住总·旗胜家园西区东门南250米 | 营业时间:周一至周日 05:00-21:00,1,3.7,21,https://aos-comment.amap.com/B0M6ASYAF2/comment/content_media_external_images_media_1000025600_ss__1773033921740_85094136.jpg,116.357973,40.066672
,170,,合兴屯铁锅炖,双人餐,合兴屯铁锅炖,北京城区东北王老二铁锅炖 | 营业时间:周一至周日 09:30-22:00 | 电话:15011580706,7.8,4.3,71,https://aos-comment.amap.com/B0LRTOBABP/comment/087E4F19_7959_4D40_BE7E_FC8A28AD3BB2_L0_001_1206_155_1769948812201_84635125.jpg,116.358006,40.066118
,170,,紫光园(西三旗店),烤鸭,紫光园(西三旗店),西三旗北路11号靠近建材城西路9号院 | 营业时间:【特殊】2026-02-10至2026-02-22 06:00-10:00；10:30-22:00 | 电话:010-82911292;19894127390,4.6,4.7,60,http://store.is.autonavi.com/query_pic?id=stc56029d4-8f36-4428-b61d-aded6ac2fe6d&user=search&operate=original,116.354507,40.065255
,170,,石记北方手工水饺,特色/地方风味餐厅,石记北方手工水饺,建材城西路9号院东门旁 | 营业时间:周一至周日 07:00-21:00 | 电话:18888871908,9.4,3.6,25,https://aos-comment.amap.com/B0LDJKLUAU/comment/A1BDB295_40AF_4ED9_9556_5ABA1B99DD25_L0_001_1500_200_1762252368046_91103814.jpg,116.35521,40.065499
,170,,众思园家常菜(西三旗店),精品烤鱼,众思园家常菜(西三旗店),回龙观镇枫丹丽舍西路2号楼1至2层116 | 营业时间:周一至周日 10:00-23:00 | 电话:13439050345;13683200414,1.4,4.3,46,https://store.is.autonavi.com/showpic/5526ee06da4dd1739d120b78e92b0748,116.358003,40.066294
,170,,张亮麻辣烫(旗胜家园店),麻辣烫,张亮麻辣烫(旗胜家园店),枫丹丽舍西路2-17号 | 营业时间:周一至周日 10:30-02:30 | 电话:13011153031,3.9,4.2,30,https://img.alicdn.com/imgextra/i2/O1CN013Da1GK1Ex2GzcHFBd_!!6000000000417-49-tps-750-750.webp,116.357999,40.066231
,173,,Travel Space Coffee,coffee,Travel Space Coffee,永定门内东大街中里1号(南门剧场2层) | 营业时间:周二至周日 10:00-18:30 | 电话:18706179082,8.2,4,43,https://store.is.autonavi.com/showpic/687bd8966ae72c15c4566744993598ec,116.409796,39.873923
,173,,坛儿Coffee,coffee,坛儿Coffee,永定门东街7号 | 营业时间:周一至周日 10:00-24:00 | 电话:19943403059,6.5,4.5,28,http://store.is.autonavi.com/showpic/b1de2d46133c6b6acb188f25bbbf0a6f,116.409127,39.873195
,173,,天兴居(天坛南门店),中餐厅,天兴居(天坛南门店),永定门东街12号 | 营业时间:周一至周日 07:00-20:00,4.8,4.5,32,https://aos-comment.amap.com/comment/content_service__1771132531873_16567899_1771132596594_30200255.jpg,116.413122,39.873666
,173,,都一处(崇文商务大厦店),丸子,都一处(崇文商务大厦店),永定门东街5号 | 营业时间:周一至周日 10:00-21:00 | 电话:010-67057974,8.8,4.5,70,https://aos-comment.amap.com/B000A85L5W/comment/content_media_external_images_media_1000040723_ss__1770375775381_89378442.jpg,116.413127,39.873804
,173,,雲蜀龙阁·龍头水煮鱼(天坛店),夫妻肺片,雲蜀龙阁·龍头水煮鱼(天坛店),桃园东里20号1层101 | 营业时间:周一至周日 10:30-22:00 | 电话:010-67230551,8.9,4.5,73,https://store.is.autonavi.com/showpic/db0e47973b6ef7ed2989789b197c1dc8,116.407696,39.871637
,173,,南门打边炉,打边炉,南门打边炉,北京城区桃园东里20号1层107 | 营业时间:周一至周日 08:00-22:00 | 电话:15210777536,0.7,4.2,147,https://store.is.autonavi.com/showpic/dfdd2d0ccae63e31a70b9d1bca58da96,116.407712,39.871624
,173,,Tims天好咖啡(中国石化天利加油站店),烤牛肉,Tims天好咖啡(中国石化天利加油站店),永外东滨河路11号中国石化天利加油站 | 营业时间:周一至周日 08:00-17:00 | 电话:4008002561,2.3,4.1,27,http://store.is.autonavi.com/query_pic?id=st1a318338-7770-4717-a3c2-d24271293e86&user=search&operate=original,116.410303,39.871555
,173,,天外天烤鸭店(天坛景泰桥店),烤鸭,天外天烤鸭店(天坛景泰桥店),永定门东滨河路11号(喆啡酒店旁) | 营业时间:周一至周日 10:00-21:30 | 电话:010-87251798,2.6,4.4,87,https://store.is.autonavi.com/showpic/b6e2aa1c910a3604b383c8fa8d308740,116.410979,39.87178
,173,,新乡杨记红焖羊肉,红焖羊排,新乡杨记红焖羊肉,永定门东滨河路11-3号附近 | 营业时间:周一至周日 10:30-22:00 | 电话:17800272004,5.3,4.4,102,http://store.is.autonavi.com/showpic/991c6890177cbe44ff5c2c628d29c747,116.409012,39.871734
,174,,星辰西部兰州马氏拉面(东花市北里店),拉面,星辰西部兰州马氏拉面(东花市北里店),东花市大街22号北京花市星辰酒店旁边 | 营业时间:周一至周日 09:30-24:00 | 电话:18519686433;18911953066,8.1,4.3,37,https://aos-comment.amap.com/B0HAFXXAB5/comment/content_media_external_file_1000048048_ss__1767427644878_96806402.jpg,116.429238,39.897619
,174,,库迪咖啡(西花市大街店),杨枝甘露,库迪咖啡(西花市大街店),新景家园东区北3门旁 | 营业时间:周一至周日 07:00-19:00 | 电话:13581685146,7.4,4.1,9,https://store.is.autonavi.com/showpic/7b0db620ddccbe9ff42ce59100617216?operate=original?operate=original?operate=original?operate=original,116.426935,39.897178
,176,,炮局胡同社区食堂,中餐厅,炮局胡同社区食堂,"炮局胡同甲56号(老年餐厅) | 营业时间:周一至周六 11:00-14:00,16:30-20:30 | 电话:13693153380",9.1,4.5,18,http://store.is.autonavi.com/showpic/9b97e55e9b0d2ab00bbfaebb9c65a38b,116.421825,39.945875
,176,,黔摆饭堂,云贵菜,黔摆饭堂,藏经馆胡同40号(嘉诚印象对面) | 营业时间:周一至周日 11:00-21:00 | 电话:18810121865,9.4,4.5,72,https://store.is.autonavi.com/showpic/6a3319d8857da9fd0000002356464558?type=pic,116.419222,39.947531
,176,,福全馆?手工抻面(雍和宫店),传统打卤面,福全馆?手工抻面(雍和宫店),戏楼二巷与戏楼一巷交叉口东北100米 | 营业时间:周一至周日 09:00-21:00 | 电话:13261185983;13811320032,0.6,4.5,28,https://aos-comment.amap.com/B0LU3RA52P/comment/C747B076_BDC2_4C03_A188_00D53FAE56EA_L0_001_1500_200_1761019095377_92624934.jpg,116.419225,39.947025
,176,,渝味川菜馆(雍和宫大街店),双人餐,渝味川菜馆(雍和宫大街店),雍和宫大街46号 | 营业时间:周一至周日 10:00-22:00 | 电话:17701140580,1.9,4.3,49,http://store.is.autonavi.com/showpic/b4eb9c9c72fa45ac28754dafa3ceec02,116.416902,39.944258
,176,,石小路烧鸡公,小酥肉,石小路烧鸡公,北新桥街道藏经馆胡同40号 | 营业时间:周一至周日 11:00-22:00 | 电话:010-64066728;13911213287,1.4,4.5,73,http://store.is.autonavi.com/showpic/9675fa90d94a2e103169728540b4e54d,116.419214,39.947371
,176,,锅儿挑,打卤面,锅儿挑,"雍和宫藏经馆胡同19号(近楼尚咖啡) | 营业时间:周一至周五 11:00-14:00,17:00-21:30；周六至周日 11:00-15:30,17:00-21:30 2026-02-12至2026-02-25 周一至周日 全天关闭 | 电话:010-64055836;15321682157",7.2,4.6,33,https://aos-comment.amap.com/B0FFH7SGVB/comment/content_media_external_file_7064_1769390314021_49394393.jpg,116.41907,39.947287
,176,,清真戏楼王记牛肉面,牛肉面,清真戏楼王记牛肉面,北京城区戏楼胡同5-6号(雍和宫地铁站B东南口步行460米) | 营业时间:周一至周日 08:30-21:00 2026-02-10至2026-03-04 周一至周日 09:00-21:00 | 电话:13718458676,0,4.6,38,http://store.is.autonavi.com/showpic/c83d5dd28fa8f52ec935bcfb225bde7e,116.419251,39.945343
,176,,老北京胡同烧烤,特色/地方风味餐厅,老北京胡同烧烤,"炮局头条与藏经馆胡同交叉口西南160米 | 营业时间:周一至周日 11:00-14:00,17:00-01:00",7.9,3.8,52,https://store.is.autonavi.com/showpic/2d8381cd634dd467d59242af7d2251ad,116.419236,39.947085
,176,,小云南(东直门店),私房菜,小云南(东直门店),后永康胡同8号 | 营业时间:周一至周日 11:00-22:00 | 电话:010-64027019;010-64207019,8.2,4.6,89,https://aos-comment.amap.com/B0FFHBVV02/comment/7a3e5f975464b0e9bd81d1acdaf47710_2048_2048_80.jpg,116.4225,39.944617
,176,,玫瑰红烤羊排(北新桥三条店),羊排,玫瑰红烤羊排(北新桥三条店),"北新桥三条49号(北新桥地铁站B东北口步行430米) | 营业时间:周一至周日 11:00-14:00,16:30-22:30 | 电话:010-64017397;13331091362",0.1,4.6,123,https://img.alicdn.com/imgextra/i3/2200876512816/O1CN012DZWUB1Wflq7GNVJj_!!2200876512816-2-koubei.png,116.419955,39.94332
,176,,七寻八找胡同菜(雍和宫店),豆腐,七寻八找胡同菜(雍和宫店),戏楼二巷甲1号(雍和宫地铁站F东南口步行470米) | 营业时间:周一至周日 11:00-21:00 | 电话:010-87807080,4.4,4.7,90,http://store.is.autonavi.com/showpic/4076218dedf6f27e540fbaa6e61b9b97,116.418686,39.945578
,176,,威海银滩渔家菜(北京簋街店),鲅鱼饺子,威海银滩渔家菜(北京簋街店),"北新桥三条40-1号第二幼儿园旁 | 营业时间:周一至周日 11:00-14:00,17:00-23:00 | 电话:010-84030438;13167595713;15005651129",7.2,4.5,107,https://aos-comment.amap.com/B0H27AVK8W/comment/content_media_external_file_1273_1761632766352_77519825.jpg,116.42047,39.943182
,178,,丝路美食滩羊烤肉,中餐厅,丝路美食滩羊烤肉,福光路与幸福大街交叉口东20米,7,3.3,95,http://store.is.autonavi.com/showpic/85ac64c149220dd957b79627b1cca8e7,116.431595,39.886532
,178,,张氏隆江猪脚饭,中餐厅,张氏隆江猪脚饭,北京城区福光路与幸福大街交叉口东北60米 | 营业时间:周一至周日 00:00-24:00,5.9,3.7,30,https://store.is.autonavi.com/showpic/99ca5979cec1ca67bb4411c0d0be2b21,116.431807,39.886673
,178,,沙仔·鲜烧土豆牛腩饭,中餐厅,沙仔·鲜烧土豆牛腩饭,福光路与幸福大街交叉口东60米,7,1.7,31,,116.431925,39.886525
,178,,老南门串店,中餐厅,老南门串店,"幸福北里甲1号2幢3幢 | 营业时间:周一至周日 11:00-14:00,17:00-23:00 | 电话:13071181758",1.1,4.4,72,http://store.is.autonavi.com/showpic/2dbb24076f0f53497e0809bfddd48807,116.43228,39.886477
,178,,越南中原传奇咖啡(东城文化宫店),咖啡厅,越南中原传奇咖啡(东城文化宫店),红剧场 | 营业时间:周一至周日 09:00-18:00 | 电话:15712922723,0.3,3.6,37,https://aos-comment.amap.com/B0KU6BXB6S/comment/b9cf5b7bcaa1019ddc2b56b66ebb0712_2048_2048_80.jpg,116.431925,39.885776
,178,,汇友餐厅(幸福南里店),涮肉,汇友餐厅(幸福南里店),"幸福大街幸福南里8号(天坛饭店对面) | 营业时间:周一至周日 11:00-14:00,16:30-22:00 | 电话:010-67112513;18400879025",8.2,4.6,66,https://store.is.autonavi.com/showpic/3fc3164b4a6f040bbb10bddd637183ec,116.431767,39.884785
,178,,沣元春饼馆(幸福大街店),秘制酱肘子,沣元春饼馆(幸福大街店),"幸福巷幸福北里20号楼 | 营业时间:周一至周五 11:00-14:00,17:00-21:00；周六至周日 11:00-21:00 | 电话:010-67152362;18211044944",2.9,4.7,69,http://store.is.autonavi.com/showpic/fe6e4c3a9f1882ac2760d4693abd1e46,116.433075,39.887351
,178,,福记缘涮肉(光明楼店),精品羊肉卷,福记缘涮肉(光明楼店),北京城区福光路1-3号 | 营业时间:周一至周日 10:00-22:00 | 电话:13241914253;13260424295,9.2,4.6,55,https://store.is.autonavi.com/showpic/00312da3e280a4cd0000002226140501?type=pic,116.431963,39.886343
,178,,西域阿勒泰餐厅,羊肉,西域阿勒泰餐厅,幸福大街40号 | 营业时间:周一至周日 09:30-24:00 | 电话:15601275946,5,4.5,76,https://aos-comment.amap.com/B0JAJRZE0M/comment/20260316-521afd089f5816047c9b3795-3XaYjICVWth96IBKzCIV2v.jpg,116.43147,39.886567
,178,,京东程记肉饼店(幸福北里小区店),肉饼,京东程记肉饼店(幸福北里小区店),"福光路幸福北里17号楼西侧 | 营业时间:周一至周日 11:00-14:00,17:00-21:00 | 电话:18612501795",5.1,4.6,57,https://aos-comment.amap.com/B000AAF4EF/comment/73f452ac2b68f3201d11a66890630e5e_2048_2048_80.jpg,116.433304,39.886335
,178,,重庆好又来老谭记麻辣烫·山城盅盅面(东城区店),麻辣烫,重庆好又来老谭记麻辣烫·山城盅盅面(东城区店),"北京光明小学本校区低年级部南门西50米 | 营业时间:10:00-21:00,2026-02-11至2026-02-24休息 | 电话:15010244299",6.4,4.4,35,https://aos-comment.amap.com/B0JKR6NZ7N/comment/e9af648f992b32c2cfe4fbc9e890054d_2048_2048_80.jpg,116.432123,39.886577
,182,,占山餐饮,中餐厅,占山餐饮,小务村红绿灯,9.4,2.5,0,http://store.is.autonavi.com/showpic/cd911864f30b258fddc8933a0054519b,116.82067,39.676851
,182,,家的味道,中餐厅,家的味道,德觅路与小务路交叉口西180米,0.2,2.1,15,,116.822708,39.676395
,182,,牛街清真肉铺(小务店),中餐厅,牛街清真肉铺(小务店),德觅路与小务路交叉口西180米 | 营业时间:周一至周日 10:00-20:00,8.8,3.1,0,http://store.is.autonavi.com/showpic/1813faaba93665aea02d05d6c5723695,116.8227,39.676437
,182,,烧烤拉面,拉面,烧烤拉面,北京双新宇工贸有限责任公司西门南100米,8.9,2.9,44,http://store.is.autonavi.com/showpic/e8926bef35303553bea52092e2145e04,116.820708,39.677455
,182,,兴聚缘涮肉,涮肉,兴聚缘涮肉,德觅路与孔兴路交叉口东80米,5.2,2.3,55,,116.821482,39.676398
,182,,烧饼羊汤,羊汤,烧饼羊汤,孔兴路与德觅路交叉口北80米,3.6,2.6,0,,116.820679,39.677292
,182,,香满园(孔兴路店),鱼香肉丝,香满园(孔兴路店),永乐店镇小务村加油站斜对面 | 营业时间:周一至周日 09:00-22:00 | 电话:13911204941,3.9,3.8,35,http://store.is.autonavi.com/showpic/9ed8db319ce4109e4817672845e0329a,116.820733,39.676189
,182,,福顺居火锅城,麻酱,福顺居火锅城,"北京双新宇工贸有限责任公司西门南90米 | 营业时间:周一至周日 09:00-14:00,17:00-22:00 | 电话:010-60553818",4,3.7,57,http://store.is.autonavi.com/showpic/e10376305c6acfd4a3e20ad2c197baa2,116.820656,39.677483
,184,,瑞幸咖啡(天桥百货商场店),三明治,瑞幸咖啡(天桥百货商场店),永定门内大街1号天桥百货商场F1层 | 营业时间:周一至周五 07:00-21:00；周六 07:00-21:30；周日 07:00-21:00,1.6,4.5,16,https://store.is.autonavi.com/showpic/c287706810a95e84ab635a931ccf264d?operate=original,116.398259,39.880464
,184,,北京惠民天天美食餐饮管理有限公司东城永定门东街店,中餐厅,北京惠民天天美食餐饮管理有限公司东城永定门东街店,永定门内大街辅路与永定门东街辅路交叉口北120米,6.3,2.8,0,,116.401475,39.873925
,184,,陶陶居酒家(中国医学科学院医药生物技术研究所5号楼店),肠粉,陶陶居酒家(中国医学科学院医药生物技术研究所5号楼店),南纬路2号院内(近医学科学院) | 营业时间:周一至周日 10:30-21:00 | 电话:010-63012396,4.2,4.1,147,https://aos-comment.amap.com/B000A84FXI/comment/EC56769C_15E2_450D_B76C_81140FB3DE81_L0_001_1080_1440__1660292868719_8c75313b.jpg,116.395532,39.878948
,186,,天兴居(玉蜓桥店),前几年炒肝,天兴居(玉蜓桥店),天坛东路73号(王老头炒货南侧) | 营业时间:周一至周日 06:30-21:00,4.3,4.4,29,https://aos-comment.amap.com/B000AA0PH1/comment/content_media_external_file_1001197810_ss__1767012419197_68050195.jpg,116.420912,39.873761
,186,,清真?鸦儿李记?小馆(天坛店),单人餐,清真?鸦儿李记?小馆(天坛店),北京城区永定门东街1号 | 营业时间:周一至周日 11:00-21:30 | 电话:010-67060886;13120413924;18215064942,7.7,4.7,73,https://aos-comment.amap.com/B0HAHDILTW/comment/de4d566000784e65d24cdfec7ac9bb6d_2048_2048_80.jpg,116.420461,39.873507
,186,,陈记老门框百年卤煮(天坛东里店),卤煮火烧,陈记老门框百年卤煮(天坛东里店),北京城区天坛东路77号 | 营业时间:周一至周日 10:00-22:00 | 电话:18500488850,5.5,4.4,30,https://aos-comment.amap.com/B0J0FCOCDL/comment/65151306_4158_45CC_9460_A617B8296D02_L0_001_2016_151_1748580069655_89118921.jpg,116.420897,39.874085
,186,,便宜坊烤鸭(玉蜓桥店),花香酥焖炉烤鸭,便宜坊烤鸭(玉蜓桥店),"天坛东路73号 | 营业时间:周一至周日 11:00-14:00,17:30-21:30 | 电话:010-67020904;010-67023914;13911535363",2.4,4.4,124,http://store.is.autonavi.com/query_pic?id=st8260593b-c2a1-44b8-b8f9-bc59f4de7ee9&user=search&operate=original,116.420905,39.873845
,186,,老门框爆肚涮肉(蒲黄榆店),麻酱,老门框爆肚涮肉(蒲黄榆店),北京城区蒲黄榆二里5号楼 | 营业时间:周一至周日 11:00-23:00 | 电话:010-89482420;010-89482440,7.5,4.5,94,https://aos-comment.amap.com/B0HGJAHNXF/comment/4e06fd555f45e6378ba9f32d4ea20223_2048_2048_80.jpg,116.419275,39.869818
,187,,华圆小吃店,中餐厅,华圆小吃店,"安定门内花园胡同21号 | 营业时间:周一至周日 06:00-14:00,17:00-20:30 | 电话:18901082568",0.2,4.1,16,http://store.is.autonavi.com/showpic/d4d2432a05bd1ef2dac392b6224f0cf0,116.404026,39.947904
,187,,四季筵玺,中餐厅,四季筵玺,灵光东巷与安定门桥交叉口西南40米,7,3.8,550,http://store.is.autonavi.com/showpic/297b0f2db4812604bae508edcfc9325a,116.406528,39.948461
,187,,鲜牛围煮潮汕牛肉火锅(安定门店),五花腱,鲜牛围煮潮汕牛肉火锅(安定门店),北京城区安定门内大街26号(安定门地铁站A西北口步行250米) | 营业时间:周一至周日 10:00-23:00 2026-05-01至2026-05-05 周一至周日 10:00-23:00 | 电话:13161006006;13511059267,9.5,4.7,67,https://aos-comment.amap.com/B0JK2YT8AJ/comment/content_media_external_file_1000124317_ss__1746301780881_27048253.jpg,116.408389,39.94808
,187,,清真·鼎源斋涮肉(安德路店),传统麻酱小料,清真·鼎源斋涮肉(安德路店),"安德路上龙西里35号(安定门地铁站A西北口步行470米) | 营业时间:周一至周日 06:00-10:00,11:00-23:00 | 电话:13651057969",3.6,4.6,89,https://aos-comment.amap.com/B0FFLOYLEX/comment/C79605BA_32F5_453E_A26E_33C86BD691B3_L0_001_1242_157_1762915447376_01213664.jpg,116.404746,39.951654
,187,,Rong Taps(北锣鼓巷店),咖啡厅,Rong Taps(北锣鼓巷店),花园胡同8号花园胡同前巷乙8号 | 营业时间:周一至周日 00:00-24:00 | 电话:13261337511,3.8,4.6,98,https://aos-comment.amap.com/B0L2UCEQI9/comment/3D304A90_17D1_403F_B477_C85A1ED40C67_L0_001_1500_200_1768109865324_79260895.jpg,116.403881,39.946694
,187,,戏楼王记牛肉面(安定门店),牛肉面,戏楼王记牛肉面(安定门店),安定门内大街41号(安定门地铁站A西北口步行260米) | 营业时间:周一至周日 09:00-22:00 | 电话:13691051669,6.3,4.4,32,https://aos-comment.amap.com/B0L3NLDVK7/comment/file_media_Photo_8563_IMG_1762237180_8116_IMG_20251104_141800_jpg_ss__1762237084726_48742364.jpg,116.408049,39.947748
,187,,候鸟咖啡(郎家胡同店),芝士,候鸟咖啡(郎家胡同店),郎家胡同1号 | 营业时间:周一至周日 10:00-18:00 | 电话:17710043337,5.1,4.5,65,https://aos-comment.amap.com/B0KG7UY9FX/comment/3CA285BB_DAB3_4912_BEC3_5600F12C7D83_L0_001_1500_200_1761378406275_24703763.jpg,116.402573,39.946912
,187,,聚鑫餐厅,茄子,聚鑫餐厅,"安定门内北锣鼓巷甲14号 | 营业时间:周一至周日 10:30-15:00,17:00-22:00 | 电话:010-64048347",3.9,4.5,56,https://aos-comment.amap.com/B000A78492/comment/content_media_external_file_1000009737_ss__1757593423485_77713904.jpg,116.402848,39.947408
,187,,褡裢火烧(北锣鼓巷店),褡裢火烧,褡裢火烧(北锣鼓巷店),北锣鼓巷与千福巷交叉口东20米 | 营业时间:周一至周日 10:00-21:00,9,3.9,35,http://store.is.autonavi.com/showpic/10b9ef15acb73d005825c069224d8d48,116.402945,39.947455
,188,,库迪咖啡(通州英特商务园店),【爆款,库迪咖啡(通州英特商务园店),北京城区九棵树西路90号4号楼1层底商(英特商务园西北门北侧) | 营业时间:周一至周五 07:00-19:30；周六至周日 08:00-19:00 | 电话:13161626892,3.8,4.3,9,https://store.is.autonavi.com/showpic/7b0db620ddccbe9ff42ce59100617216?operate=original?operate=original?operate=original?operate=original,116.651169,39.883569
,188,,老四东北老盒饭,中餐厅,老四东北老盒饭,北京城区梨园镇刘老公庄东侧(北京营特塑料机械厂)4幢北25 | 营业时间:周一至周日 09:00-21:00,2.4,3.9,24,https://store.is.autonavi.com/showpic/37ad945fd9d886140000002251496785?type=pic,116.651203,39.883587
,188,,老道外哈尔滨扒肉馆,中餐厅,老道外哈尔滨扒肉馆,北京同创置地房地产开发有限公司西门西南130米 | 营业时间:周一至周日 10:00-24:00 | 电话:15566912888,9.9,3.6,52,https://store.is.autonavi.com/showpic/4893d386a8c00c023ed43b082a7baa53,116.651392,39.883948
,188,,云南过桥米线,六荤米线,云南过桥米线,北京城区梨园镇刘老公庄东侧(北京英特塑料机械总厂)4幢1层北10室 | 营业时间:周一至周日 09:00-24:00 | 电话:18803170577;18830736328,4.4,3.8,19,https://aos-comment.amap.com/B0FFHL47WP/comment/%5B2026-02-24-23-16-13%5D901A2EB1-BE7E-478C-B78B-8D3C258ADD1_1771946173918_15055276.jpg,116.65131,39.883864
,188,,老诚一锅·烧烤(梨园店),口水鸡,老诚一锅·烧烤(梨园店),梨园镇刘老公庄东侧(北京英特塑料机械总厂)4幢1层北24 | 营业时间:周一至周日 10:30-22:30 | 电话:010-81589866;13269441223;18911982576,2.3,4.2,83,https://aos-comment.amap.com/B0IDUK8U0Q/comment/19b0923ca3c9b9e89279761cbc9ad707_2048_2048_80.jpg,116.651693,39.883792
,188,,牛约堡-牛肉汉堡(九棵树店),汉堡,牛约堡-牛肉汉堡(九棵树店),北京城区九棵树西路90号 | 营业时间:周一至周日 07:20-05:00 | 电话:18500548256,1.2,4.1,35,https://img.alicdn.com/imgextra/i2/O1CN01wqgQAn1bDS05Su1Wo_!!6000000003431-2-tps-543-536.png,116.651284,39.883741
,188,,安徽太和正宗板面牛杂面,牛杂面,安徽太和正宗板面牛杂面,北京城区北京城区梨园镇刘老公庄东侧4幢一层北11号 | 营业时间:周一至周日 09:00-24:00 | 电话:15311189280;17600272866,5.1,3.6,16,https://store.is.autonavi.com/showpic/b93a7266a648ffedaa0427a647c33511,116.651375,39.883875
,188,,东北大馅水饺(九棵树店),特色/地方风味餐厅,东北大馅水饺(九棵树店),九棵树西路与怡乐中街交叉口西南180米,8.7,3.4,23,https://store.is.autonavi.com/showpic/85c72ee1211d1dd7916eeec36ea673e4,116.651235,39.883701
,188,,锦州烧烤(北京通州九棵树地铁站携家会朋酒店店),特色/地方风味餐厅,锦州烧烤(北京通州九棵树地铁站携家会朋酒店店),九棵树西路与怡乐中街交叉口西南180米 | 营业时间:周一至周日 11:00-03:30,9.1,3.9,70,https://store.is.autonavi.com/showpic/cb109645181534a369dc4d345bf5f7b1,116.651333,39.883784
,188,,曼玲粥(通马路店),皮蛋瘦肉粥,曼玲粥(通马路店),北京同创置地房地产开发有限公司西门西南110米 | 营业时间:周一至周日 00:00-24:00 | 电话:13683386774,7.4,4,21,http://store.is.autonavi.com/query_pic?id=stc3277489-d22a-4254-abee-ea1945a1b0e5&user=search&operate=original,116.651447,39.88402
,188,,黏糊糊东北砂锅面(风味2北京京中北味餐饮管理有限公司),砂锅面,黏糊糊东北砂锅面(风味2北京京中北味餐饮管理有限公司),九棵树西路与怡乐中街交叉口南160米,3.8,3,71,https://store.is.autonavi.com/showpic/14d11a555a028c264057936af5dec229,116.651375,39.883875
,188,,麻门匠骨秘制羊棒骨(九棵树店),羊肉串,麻门匠骨秘制羊棒骨(九棵树店),梨园镇九棵树西路90号 | 营业时间:周一至周日 10:00-22:00 | 电话:13269441223,7.3,3.5,96,http://store.is.autonavi.com/showpic/e60aac293be386605fd7be49e859655e,116.651749,39.883713
,188,,魏记包子铺(英特商务园写字楼店),胡辣汤,魏记包子铺(英特商务园写字楼店),九棵树西路90号英特商务园写字楼F1层 | 营业时间:周一至周日 00:00-14:00 | 电话:18813199423,3.4,4.1,13,https://store.is.autonavi.com/showpic/d5969a0a6554cc290000002286046554?type=pic,116.650746,39.883066
,188,,瑞幸咖啡(英特商务园店),西柚冰萃咖啡,瑞幸咖啡(英特商务园店),九棵树西路90号弘详1979文化创意产业园一层 | 营业时间:周一至周日 09:00-17:00 | 电话:4000100100,3.5,4.5,13,https://store.is.autonavi.com/showpic/c287706810a95e84ab635a931ccf264d?operate=original,116.651382,39.883478
,188,,沙县小吃(九棵树店),香肠,沙县小吃(九棵树店),梨园镇刘老公庄东侧4幢一层北6室 | 营业时间:周一至周日 08:00-02:00 | 电话:18210009153,1.8,3.9,21,http://store.is.autonavi.com/showpic/9b653c5bde58dcb93e2ee662947000fa,116.651189,39.883619
,188,,河间驴肉火烧(翠屏南里店),驴肉,河间驴肉火烧(翠屏南里店),九棵树西路90号 | 营业时间:周一至周日 07:30-02:00 | 电话:13521606887;13717818685,7.1,4.1,25,http://store.is.autonavi.com/showpic/5e11c538335d41cbf37abafe2ad299ca,116.651359,39.883833
,188,,尔滨大碗黏糊麻辣烫,麻辣烫,尔滨大碗黏糊麻辣烫,九棵树西路与怡乐中街交叉口南160米,3.6,3.1,64,https://store.is.autonavi.com/showpic/3c6c06416420daff2f3c8e9a820ccb3c,116.651375,39.883875
,188,,张亮麻辣烫(翠屏南里店),麻辣烫,张亮麻辣烫(翠屏南里店),梨园镇刘老公庄东侧(北京英特塑料机械总厂)4幢一层北1室 | 营业时间:周一至周日 09:00-24:00 | 电话:18145699060,4.6,4.1,30,https://img.alicdn.com/imgextra/i2/O1CN013Da1GK1Ex2GzcHFBd_!!6000000000417-49-tps-750-750.webp,116.65138,39.883873
,188,,甘谷·天水麻辣烫,麻辣烫,甘谷·天水麻辣烫,九棵树西路与怡乐中街交叉口南160米,9.1,3.3,0,,116.651364,39.883834
,189,,德景盛(南池子大街店),中餐厅,德景盛(南池子大街店),南池子大街87号(天安门东地铁站B东北口步行380米) | 营业时间:周一至周日 08:00-19:00 | 电话:010-85116911,8.7,3.9,0,http://store.is.autonavi.com/showpic/f3f13658eebfa401b0253062bce18246,116.403107,39.910528
,189,,百家姓氏馆,中餐厅,百家姓氏馆,南池子大街与北湾子胡同交叉口西20米,2.5,2.7,0,,116.403076,39.910612
,189,,南门涮肉(故宫王府井旗舰店),大盘超值精品羔羊,南门涮肉(故宫王府井旗舰店),南河沿大街华龙街6号楼2层201室 | 营业时间:周一至周日 10:00-22:00 | 电话:010-88893988;13161803319;17801675957,5.3,4.6,68,https://aos-comment.amap.com/B0K6RAGIFK/comment/content_media_external_images_media_100003388_1740818364815_55159628.jpg,116.407088,39.911704
,189,,京味家常菜(南池子大街店),家常菜,京味家常菜(南池子大街店),"南池子大街85号(天安门东地铁站B东北口步行390米) | 营业时间:周一至周日 10:30-14:00,16:30-21:00",2.7,3.7,51,https://aos-comment.amap.com/B0FFJBG9WZ/comment/content_media_external_images_media_1000006628_ss__1768121209773_05743484.jpg,116.403077,39.910601
,189,,北京饭店谭家菜,油焖大虾,北京饭店谭家菜,"东长安街33号北京饭店c座7层 | 营业时间:周一至周日 11:30-14:00,18:00-22:00 | 电话:010-65137766",9.3,4.4,1396,https://store.is.autonavi.com/showpic/3a7c6735573dd3a138c60398e428d658,116.408321,39.908792
,189,,厚榭潮汕菜(王府井步行街店),牛肉,厚榭潮汕菜(王府井步行街店),"南河沿大街99号(北京市对外友协隔壁) | 营业时间:周一至周日 11:00-14:00,17:00-22:00 | 电话:13601497326",2.6,4.5,432,http://store.is.autonavi.com/showpic/dcd7fbeecec1d3974604efe2ad399db4,116.406539,39.910024
,189,,潮府林苑(故宫店),玻璃脆皮乳鸽,潮府林苑(故宫店),北京城区北库司胡同1号(天安门东地铁站B东北口步行340米) | 营业时间:周一至周日 00:00-24:00 | 电话:010-65228989;18518355380;18518356629,3.8,4.3,226,https://aos-comment.amap.com/B0L2FS27P3/comment/content_media_external_file_3866_ss__1768483577807_85618771.jpg,116.404869,39.909245
,189,,96号私房菜,私房菜,96号私房菜,南池子大街与北湾子胡同交叉口东北20米,3.7,3.9,0,,116.403298,39.910767
,189,,信阳宴烧烤,鱼鲜,信阳宴烧烤,"北京城区华龙街86号 | 营业时间:周一至周日 09:30-14:00,17:00-21:00 | 电话:010-65233333",5,4.5,102,https://aos-comment.amap.com/B0FFMBATNL/comment/177088218662_1770882200878_48469483.jpg,116.407015,39.910316
,190,,记嘚来·广州顺德菜馆(金融街店),中餐厅,记嘚来·广州顺德菜馆(金融街店),阜成门内大街丙293号04 | 营业时间:周一至周日 10:30-21:30 | 电话:010-65996618,3.9,4.5,91,https://aos-comment.amap.com/B0L3MUKTKI/comment/content_media_external_file_1000050613_ss__1770081324657_47258815.jpg,116.359578,39.923919
,190,,酒宴(阜成门店),中餐厅,酒宴(阜成门店),宫门口三条3号 | 营业时间:周一至周日 09:00-21:00 | 电话:18500606102,3.4,3.2,0,http://store.is.autonavi.com/showpic/85f8138276a11ff9ff090a07fdc4629c,116.360405,39.926271
,190,,京八珍(阜成门店),八珍肘子,京八珍(阜成门店),阜成门内大街339号(阜成门地铁站B东北口步行120米) | 营业时间:周一至周日 07:00-21:30 | 电话:18519718436,7.1,4.3,33,https://aos-comment.amap.com/B0FFFAITNV/comment/20260318-06740b6ca8742491816d8bda-61YcE0zCRuA6IMrinnRkOi.jpg,116.357764,39.92387
,190,,胖子卤煮,卤煮火烧,胖子卤煮,宏大胡同28号(阜成门地铁站B东北口步行460米) | 营业时间:周一至周日 09:00-21:00 | 电话:13466686811;13611018259,6.9,4.5,56,https://aos-comment.amap.com/B000A7X1H2/comment/content_media_external_file_150892_ss__1762772894483_44762156.jpg,116.357959,39.927377
,190,,北京有术sthhere咖啡,咖啡厅,北京有术sthhere咖啡,宫门口二条14号(阜成门地铁站B东北口步行380米) | 电话:010-66495755,9.8,4.5,0,https://store.is.autonavi.com/showpic/b2be8661e8be369f0000002437104319?type=pic,116.360157,39.925217
,190,,鲁迅时光·日咖夜酒,咖啡厅,鲁迅时光·日咖夜酒,北京鲁迅博物馆南门旁(阜成门地铁站B东北口步行280米) | 营业时间:周一至周日 09:00-18:00,4.6,4.4,58,https://aos-comment.amap.com/B0J1VA627H/comment/177183048718_1771830488066_90732308.jpg,116.359048,39.925369
,190,,塔熙Cafe,奶油,塔熙Cafe,阜成门内北街与宫门口头条交叉口南40米 | 营业时间:周一至周五 10:00-19:00；周六至周日 11:00-19:00 | 电话:16600043587,8.9,4.6,65,https://aos-comment.amap.com/B0JUHYKHSP/comment/67800249_7A54_4DCC_AC79_4DA2313304E7_L0_001_2016_134_1753970140340_14234385.jpg,116.35889,39.924264
,190,,紫光园清真北京小吃(阜成门店),奶皮子,紫光园清真北京小吃(阜成门店),阜成门内大街269号1层01 | 营业时间:周一至周日 08:30-20:30 | 电话:15081012642,1.6,4.6,30,http://store.is.autonavi.com/query_pic?id=stc56029d4-8f36-4428-b61d-aded6ac2fe6d&user=search&operate=original,116.360109,39.923931
,190,,黑窑厂糖油饼(阜成门店),招牌菜,黑窑厂糖油饼(阜成门店),阜成门大街329号(阜成门地铁站B东北口步行150米) | 营业时间:周一至周日 06:00-21:00 | 电话:010-66180750,6.8,4.6,28,https://aos-comment.amap.com/B0JKY63XCW/comment/content_media_external_file_1000011682_ss__1767235801672_80846268.jpg,116.358176,39.923882
,190,,山西特色面食(阜成门内北街店),油泼面,山西特色面食(阜成门内北街店),"西二环阜成门桥阜内北街8号 | 营业时间:周一至周日 10:00-15:00,17:00-21:30 | 电话:18501361345",9.5,4.5,24,https://aos-comment.amap.com/B0FFH0213W/comment/93c5ab3ffb4bd202adb105b614495022_2048_2048_80.jpg,116.358845,39.924397
,190,,静一(白塔寺店),热干面,静一(白塔寺店),"阜内北街10.12号(阜成门地铁站B东北口步行240米) | 营业时间:周一至周日 11:00-14:30,17:00-21:30 | 电话:15646583728",9.5,4.6,80,https://aos-comment.amap.com/B0KUP1EN90/comment/D55FD7AD_71E6_40BC_A2C8_720AE9055320_L0_001_2016_151_1754714053177_18653828.jpg,116.35889,39.924181
,190,,西域阿吾(阜成门店),牛肉炒饭,西域阿吾(阜成门店),宫门口头条西域阿吾(阜成门地铁站B东北口步行170米) | 营业时间:周一至周日 10:00-23:30 | 电话:15901209375;18001183488,3.2,4.2,45,https://store.is.autonavi.com/showpic/b30ee728aed9400622e4d73ab5f9d523,116.358608,39.924719
,190,,护国寺小吃(阜成门桥店),牛肉饼,护国寺小吃(阜成门桥店),阜成门内大街349号(阜成门地铁站B东北口步行90米) | 营业时间:周一至周日 06:00-20:30 | 电话:010-66162446;13718561051,5.6,4.5,24,http://store.is.autonavi.com/showpic/d03030b88903dbb95f3aec888a040860,116.357424,39.923901
,190,,65号烤羊腿(阜成门店),特色/地方风味餐厅,65号烤羊腿(阜成门店),阜成门内大街宫门口头条65号 | 营业时间:09:00-22:00 | 电话:13126923056;18201131533,0.8,4.3,87,http://store.is.autonavi.com/showpic/53a0ef26a310b133764ecb55,116.357749,39.924732
,190,,渔芙南·湘食本味(白塔寺店),砂锅辣焗笋壳鱼,渔芙南·湘食本味(白塔寺店),"北京城区阜成门内大街313号永和大王北侧二层 | 营业时间:周一至周日 11:00-14:00,17:00-21:00 | 电话:010-83063022",6.1,4.7,120,http://store.is.autonavi.com/showpic/e00e706acffe5fc0941b795a3bf4d02d,116.35874,39.923986
,190,,肖蘸罐罐米线(阜成门店),罐罐米线,肖蘸罐罐米线(阜成门店),阜成门内大街313号(阜成门地铁站B东北口步行200米) | 营业时间:周一至周日 09:00-23:00 | 电话:010-84085488;18515873555,6.5,4.5,36,https://aos-comment.amap.com/B0L1L7EXDT/comment/content_media_external_file_1000036838_ss__1766554978156_72280883.jpg,116.358753,39.924025
,191,,Jamaica blue coffee(WFC店),coffee,Jamaica blue coffee(WFC店),东三环中路1号环球金融中心F1层 | 营业时间:周一至周日 07:00-18:00 | 电话:010-59817889,4.8,4.5,64,https://aos-comment.amap.com/B0FFGHIOT7/comment/A0B19F62_6CA1_461E_A130_14BFC9876F16_L0_001_1126_200_1766405817661_09862763.jpg,116.459327,39.918936
,191,,Ora Coffee 北京财富购物中心店,coffee,Ora Coffee 北京财富购物中心店,营业时间:周一至周日 07:30-19:00 | 电话:13031033930,4.1,4.5,27,https://store.is.autonavi.com/showpic/48b4cbaaeb176b8beaae566c6286251a,116.458732,39.91806
,191,,库迪咖啡(北京环球金融中心店),【爆款,库迪咖啡(北京环球金融中心店),北京城区东三环中路1号环球金融中心东楼1层大堂(上行扶梯北侧) | 营业时间:周一至周五 07:30-17:00 | 电话:13520884992,0.8,4.1,9,https://store.is.autonavi.com/showpic/7b0db620ddccbe9ff42ce59100617216?operate=original?operate=original?operate=original?operate=original,116.459212,39.919053
,191,,玩儿串串(国贸环球店),串串,玩儿串串(国贸环球店),东三环中路1号环球金融中心M层NM-26号铺26号铺玩儿串串 | 营业时间:周一至周日 10:00-20:00 | 电话:13718000862;18510838870,6,3.2,71,http://store.is.autonavi.com/showpic/ba1304b7d4d91946c21331e516394211,116.459249,39.918695
,191,,川成元·麻辣香锅(财富购物中心店),单人餐,川成元·麻辣香锅(财富购物中心店),东三环中路7号财富购物中心B1层 | 营业时间:周一至周日 10:00-21:30 | 电话:010-85951440,2.9,4.4,88,http://store.is.autonavi.com/query_pic?id=st77409fe2-a4bf-44a1-a39a-b7521e528728&user=search&operate=original,116.459085,39.918095
,191,,凤起龙游老面包子(环球金融中心店),卤鸡腿,凤起龙游老面包子(环球金融中心店),环球金融中心M层美食街(金台夕照地铁站A西北口步行270米) | 营业时间:周一至周日 07:30-20:30 | 电话:18910880779,3.9,3.9,21,http://store.is.autonavi.com/showpic/67e051ac7e836d6b9297bddeb9a323f2,116.459225,39.918775
,191,,阿旺亚洲餐厅(环球金融中心店),小吃街,阿旺亚洲餐厅(环球金融中心店),东三环中路1号环球金融中心B1层 | 营业时间:周一至周日 10:30-20:30 | 电话:15701222884,7.6,4,59,https://store.is.autonavi.com/showpic/7daa61913902b73338d58059abe065a4,116.45941,39.91872
,191,,荣轩(新荣记环球金融中心店),年糕,荣轩(新荣记环球金融中心店),"东三环中路1号环球金融中心F2层 | 营业时间:周六至周日 11:00-21:00；周一至周五 11:30-14:30,17:00-21:00 | 电话:010-85878755",0.4,4.7,432,https://aos-comment.amap.com/B0FFH9PXJ7/comment/5B4F0052_43D7_4B0D_8877_04EC5120DF57_L0_001_1500_2000_1744885170808_62737774.jpg,116.460037,39.918724
,191,,星巴克(环球金融中心店),抹茶星冰乐,星巴克(环球金融中心店),北京城区东三环中路1号环球金融中心1层W102室(近财富购物中心) | 营业时间:周一至周五 07:00-18:00；周六至周日 08:00-18:00 | 电话:010-59817829,5.1,4.6,30,http://store.is.autonavi.com/showpic/e45e3a0043413101283377e6985510c9,116.459139,39.918687
,191,,乡味小厨(朝阳门外大街辅路),拉面,乡味小厨(朝阳门外大街辅路),"朝阳门外大街1号京广中心北京瑰丽酒店3层 | 营业时间:周一至周日 11:30-14:30,17:30-22:00 | 电话:010-65360066",2.4,4.5,313,http://store.is.autonavi.com/showpic/03358d0807c85f1f2ca32b1d70423426,116.460565,39.920372
,191,,潮舍(环球金融中心店),料理,潮舍(环球金融中心店),"东三环中路1号环球金融中心F1层 | 营业时间:周一至周日 11:00-14:00,17:00-21:00 | 电话:010-85878909",5.8,4.5,210,https://aos-comment.amap.com/B0FFHFDEUY/comment/content_media_external_file_100000696_1759634000808_97674595.jpg,116.458735,39.918516
,191,,鲜越鲜鱼粉(财富购物中心店),无骨鸡爪,鲜越鲜鱼粉(财富购物中心店),"东三环中路7号财富购物中心B1层-1-10-11 | 营业时间:周一至周五 10:30-15:00,17:00-20:30；周六至周日 11:00-20:30 2026-02-14至2026-02-23 周一至周日 全天关闭 | 电话:15510119555;18518099490",9.7,4.6,40,http://store.is.autonavi.com/showpic/0eb0ef7a6e9e349407a480e8f119f0d2,116.458711,39.917918
,191,,星巴克(北京财富金融中心店),星冰乐,星巴克(北京财富金融中心店),北京城区北京城区东三环中路5号楼财富金融中心FFC写字楼B1层B115号 | 营业时间:周一至周六 07:00-20:30 | 电话:010-65969103,1.8,4.6,30,http://store.is.autonavi.com/showpic/ec3440dbf3d8f9de23da5c7a0cf58ad7,116.46058,39.917775
,191,,Tims天好咖啡(财富金融中心店),柠檬气泡饮,Tims天好咖啡(财富金融中心店),东三环中路5号楼地下一层B107(金台夕照地铁站出入口旁) | 营业时间:周一至周五 07:30-20:30；周六至周日 08:30-17:00 | 电话:010-65061340,0.3,4.2,33,http://store.is.autonavi.com/query_pic?id=st1a318338-7770-4717-a3c2-d24271293e86&user=search&operate=original,116.460405,39.917778
,191,,旺顺阁 1999(财富购物中心店),椒盐茶树菇,旺顺阁 1999(财富购物中心店),东三环中路7号院7楼三层3-12号店铺 | 营业时间:周一至周日 11:00-21:00 | 电话:010-65330101;010-65330202,2.7,4.6,147,http://store.is.autonavi.com/showpic/4569929e28d9228aed9d545984842334,116.459744,39.917886
,191,,寻小福港式烧腊,港式烧腊,寻小福港式烧腊,东三环中路1号环球金融中心M层-06 | 营业时间:周一至周日 10:00-20:00,6.5,3.4,42,https://store.is.autonavi.com/showpic/ae3edf09602d1150cd2dc11af86717e4,116.459885,39.91906
,191,,奔跑的小象·云南小锅米线(WFC店),特色菜,奔跑的小象·云南小锅米线(WFC店),北京城区东三环中路1号环球金融中心M层 | 营业时间:周一至周日 10:00-20:30 | 电话:13146634431;17600091914,4.4,4,34,https://store.is.autonavi.com/showpic/a42910f05ce56fbd61c1bdb18f1998d7,116.459388,39.918787
,191,,瑞幸咖啡(环球金融中心门店),生椰拿铁yyds,瑞幸咖啡(环球金融中心门店),东三环中路1号环球金融中心1幢负一夹层108 | 营业时间:周一至周五 07:00-19:00；周六至周日 08:00-18:00 | 电话:4000100100,2.3,4.2,13,https://store.is.autonavi.com/showpic/c287706810a95e84ab635a931ccf264d?operate=original,116.459225,39.918675
,191,,太二酸菜鱼(北京财富购物中心分店),经典黑鱼酸菜鱼,太二酸菜鱼(北京财富购物中心分店),北京城区北京城区东三环中路7号财富购物中心二层2-12单元 | 营业时间:2026-05-01至2026-05-05 11:00-21:30 | 电话:4006092822,4.2,4.5,80,https://aos-comment.amap.com/B0FFKUX42J/comment/95D5E32A_B711_4EEF_91FB_3A79F33E7B14_L0_001_2000_112_1766439692750_44623113.jpg,116.45908,39.917985
,191,,绿茶餐厅(财富购物中心店),绿茶烤肉双拼,绿茶餐厅(财富购物中心店),北京城区东三环中路7号财富购物中心2层 | 营业时间:周一至周日 10:00-21:30 | 电话:010-87780188,8.9,4.6,150,http://store.is.autonavi.com/query_pic?id=stdcc12055-8642-4c5c-ad45-41aa171d70c3&user=search&operate=original,116.458858,39.917871
,191,,渝信川菜(财富中心店),老坛酸菜鱼,渝信川菜(财富中心店),北京城区东三环中路7号院财富购物中心二层2-15-2 | 营业时间:周一至周日 11:00-21:00 | 电话:010-65084277;13564618477,1.2,4.5,88,http://store.is.autonavi.com/showpic/806a7478a1c4a044f3b1a336de7c0b62,116.459863,39.917973
,191,,船歌·鱼水饺(财富购物中心店),辣炒小花蛤,船歌·鱼水饺(财富购物中心店),东三环中路7号北京财富购物中心2层 | 营业时间:周一至周日 10:00-21:30 | 电话:010-65855701,6.7,4.4,73,http://store.is.autonavi.com/query_pic?id=stf71f6652-a207-46cc-ae2c-43118b842293&user=search&operate=original,116.458863,39.917795
,191,,桂涟坊肉夹馍,酸辣粉,桂涟坊肉夹馍,环球金融中心M层(金台夕照地铁站A西北口步行450米) | 营业时间:周一至周五 10:30-20:30 | 电话:13651103225,3.5,3.4,36,http://store.is.autonavi.com/showpic/3ed60046d9b9d2c5dade3b816652cd39,116.459175,39.918825
,191,,MY SOUP卖汤,鸳鸯肠煲仔饭,MY SOUP卖汤,东三环中路1号环球金融中心F1层 | 营业时间:周一至周日 11:00-22:00 2026-05-01至2026-05-05 周一至周日 11:00-22:00 | 电话:010-85878669,1.7,4.6,140,https://aos-comment.amap.com/B0FFF9UP2S/comment/2F326400_E6F5_4ABD_91E7_5D2D177418E9_L0_001_1500_200_1756190840750_27597457.jpg,116.458881,39.918533
,191,,阿上阿上(金融中心店),麻辣烫,阿上阿上(金融中心店),东三环中路1号wfc西楼M层 | 营业时间:周一至周日 10:30-20:30 | 电话:13269721917;15911187650;18332839142,9.9,4.1,37,https://aos-comment.amap.com/B0HB3G74ZU/comment/90ebb93749fd7d468580604183459a16_2048_2048_80.jpg,116.459249,39.918862
,192,,luckin coffee 瑞幸咖啡(东方新天地B1店),coffee,luckin coffee 瑞幸咖啡(东方新天地B1店),东长安街1号北京东方新天地LG层 | 营业时间:周一至周日 07:30-21:00 | 电话:18510021954,0.4,4.6,12,https://store.is.autonavi.com/showpic/c287706810a95e84ab635a931ccf264d?operate=original,116.413125,39.909105
,192,,小满手工粉(东方新天地店),年糕,小满手工粉(东方新天地店),东长安街1号北京东方新天地LG层 | 营业时间:周一至周日 08:00-21:30 | 电话:13436556606;13810276779;4000036177,1.9,4.4,37,https://aos-comment.amap.com/B0H17S5HWG/comment/0cc5e7ddef909bada5eabd85272f404e_2048_2048_80.jpg,116.413276,39.908892
,192,,星巴克(东方广场三店),抹茶星冰乐,星巴克(东方广场三店),东长安街1号东方广场写字楼W1座一层P-W1(08-10)号店铺 | 营业时间:周一至周五 08:00-18:30；周六至周日 08:30-17:00 | 电话:010-85187651,2.5,4.6,41,http://store.is.autonavi.com/showpic/2121480cbe273b6cf1e2d8ff89180874,116.412931,39.909328
,192,,川当家·水煮鱼(东方广场店),水煮鱼,川当家·水煮鱼(东方广场店),东长安街1号北京东方新天地LG层 | 营业时间:周一至周日 10:00-22:00 | 电话:15210196368,2,4.4,105,https://aos-comment.amap.com/B0H6P9TEJ2/comment/055057a5ef5bae8c200242b85f8ab13b_2048_2048_80.jpg,116.413187,39.908909
,192,,阿兰家牛肉面(东方新天地店),牛肉,阿兰家牛肉面(东方新天地店),东长安街1号北京东方新天地LG层CC05 | 营业时间:周一至周日 10:00-21:00 | 电话:18795770689;4006981777,7.3,4.2,29,https://store.is.autonavi.com/showpic/b39987720de71622907691204c2ad02e,116.413417,39.909168
,192,,湊湊火锅·茶憩(东方新天地店),肥牛,湊湊火锅·茶憩(东方新天地店),东环门街道王府井大街东方新天地地铁层FF02 | 营业时间:周一至周四 11:00-21:00；周五至周日 11:00-22:00 2026-05-01至2026-05-05 周一至周日 11:00-22:00 | 电话:010-85186998,4.4,4.5,116,http://store.is.autonavi.com/query_pic?id=st58b2fccb-3c10-424f-81ce-78d95dd8a72c&user=search&operate=original,116.412058,39.909154
,192,,煲仔皇(东方广场店),腊味四宝煲仔饭,煲仔皇(东方广场店),北京市东长安街1号东方新天地b1楼仔皇煲 | 营业时间:周一至周日 10:00-21:00 | 电话:15801655199,4.3,4.5,38,http://store.is.autonavi.com/showpic/be4858e5f3898f0492208227f34aacca,116.412205,39.909738
,192,,喜家德鲍鱼水饺(东方广场店),虾仁,喜家德鲍鱼水饺(东方广场店),北京城区东长安街1号东方新天地LG层 | 营业时间:周一至周日 09:00-21:00 | 电话:15944675975,7.8,4.6,34,http://store.is.autonavi.com/query_pic?id=stb4f5ff64-44da-4b38-b306-f0536c5ed31a&user=search&operate=original,116.413506,39.909186
,192,,甲乙饼·手工牛肉饼(东方新天地店),面皮,甲乙饼·手工牛肉饼(东方新天地店),北京城区东长安街1号东方广场东方新天地商场地铁层LG层BB01C | 营业时间:周一至周五 07:00-21:00；周六至周日 10:00-21:00 | 电话:13373516731,1.8,4.3,27,https://aos-comment.amap.com/B0FFIL20UH/comment/content_media_external_file_1000056252_ss__1769597890907_76705528.jpg,116.412482,39.909662
,193,,星巴克(五矿广场NOW店),三明治,星巴克(五矿广场NOW店),东四街道朝阳门北大街5号五矿广场1层101-03单元 | 营业时间:周三 07:00-19:30；周四至周五 07:30-19:30；周六至周日 08:00-17:30 | 电话:010-82184746,9.2,4.4,30,http://store.is.autonavi.com/showpic/ec3440dbf3d8f9de23da5c7a0cf58ad7,116.432602,39.931726
,193,,红石文化主题餐厅,中餐厅,红石文化主题餐厅,东门仓胡同与南新仓文化休闲街交叉口东北60米 | 电话:010-64082877,7.8,1.7,345,,116.432702,39.932582
,193,,铂筵高奢定制厨师做饭,中餐厅,铂筵高奢定制厨师做饭,南新仓文化休闲特色街与南新仓文化休闲街交叉口西40米,1,1.9,353,,116.431125,39.931925
,193,,天下盐川菜(南新仓店),双人餐,天下盐川菜(南新仓店),东四街道东四十条22号南新仓文化休闲街A25号 | 营业时间:周一至周日 10:00-21:30 | 电话:010-64096185,8.3,4.6,113,https://aos-comment.amap.com/B000A84DNB/comment/d7ae69071e4e02ae5efba178fa7e51ae_2048_2048_80.jpg,116.430825,39.931706
,193,,粗粮人家(东四十条店),双人餐,粗粮人家(东四十条店),东二环东四十条桥向西108米路北 | 营业时间:周一至周日 10:00-03:00 2026-02-11至2026-02-28 周一至周日 10:00-24:00 | 电话:010-84001230;010-84030200,6.2,4.7,43,http://store.is.autonavi.com/showpic/21ab88fa62b59a5f1fffe595f476d88f,116.43161,39.934225
,193,,红记咖啡(redmemo),咖啡厅,红记咖啡(redmemo),朝阳门北大街1号新保利大厦 | 营业时间:明周日09:00-17:00,9.6,4.1,39,https://store.is.autonavi.com/showpic/af3c07f87e8200b36866aab4999f402f,116.432922,39.932987
,193,,珑湘荟臭鳜鱼(南新仓店),小炒湖南丝瓜,珑湘荟臭鳜鱼(南新仓店),北京城区东四十条南新仓文化休闲特色街22号 | 营业时间:周一至周日 10:00-21:30 | 电话:010-64013199;18519889522,3.4,4.6,92,https://store.is.autonavi.com/showpic/84874040ea8966ea1a39890e0a16a2d2,116.430668,39.93187
,193,,丽宫餐厅(新保利大厦店),开胃菜,丽宫餐厅(新保利大厦店),"朝阳门北大街1号新保利大厦B1层 | 营业时间:周一至周日 09:30-14:00,17:00-21:00 | 电话:010-64082618;010-65005466",0.9,3.9,169,,116.432818,39.932951
,193,,醉香苑老北京火锅(南新仓店),手切鲜羊肉,醉香苑老北京火锅(南新仓店),北京城区东四十条22号南新仓文化美食街内 | 营业时间:周一至周日 11:00-23:00 | 电话:010-64096322,1.8,4.6,104,https://aos-comment.amap.com/B000A8ZHIR/comment/A5C1627E_00CF_45AA_828B_9CF673ECB0F3_L0_001_2000_1500_1740972855673_28529998.jpg,116.431102,39.931914
,193,,星爺鷄煲·廣東順德菜(南新仓店),深井烧鸭,星爺鷄煲·廣東順德菜(南新仓店),"东四十条22号南新仓美食街A-14 | 营业时间:周一至周五 11:00-14:00,16:30-22:00；周六至周日 11:00-22:00 | 电话:17600608638",3.1,4.6,99,https://aos-comment.amap.com/B0I64DWQFV/comment/28e8d72f9ef7423b072ea4f53da9e160_2048_2048_80.jpg,116.430672,39.93173
,193,,魁盛居烤鸭·百年鲁菜(北京首店),烤鸭,魁盛居烤鸭·百年鲁菜(北京首店),"北京城区东四十条21号西侧12层 | 营业时间:周一至周五 11:00-14:00,17:00-21:30；周六至周日 11:00-15:00,17:00-22:00 | 电话:010-84046588",0.5,4.7,116,http://store.is.autonavi.com/showpic/4bebe94e4e9cf1887499f5758d0ba4e5,116.430705,39.934133
,193,,紫菩提素食餐厅(南新仓店),素食,紫菩提素食餐厅(南新仓店),东四十条甲22号一层东侧紫菩提素食餐厅 | 营业时间:周一至周日 11:00-20:30 | 电话:13701092231,0.5,4.6,180,https://aos-comment.amap.com/B0JAF7KJXZ/comment/d9ab533c31f83f1d72741fa22589f7de_2048_2048_80.jpg,116.431264,39.932636
,193,,亿釜鲜和牛寿喜火锅,肥肠,亿釜鲜和牛寿喜火锅,东四十条22号南新仓古仓群A13二层 | 营业时间:周一至周日 11:00-22:00 | 电话:13011292866,8.6,4.3,79,https://aos-comment.amap.com/B0JK7MFT4P/comment/d077d803c2966703ac60707a0959bcdf_2048_2048_80.jpg,116.430752,39.931491
,193,,赛百味(北京中汇广场店),西式火腿三明治,赛百味(北京中汇广场店),北京城区东直门南大街11号C座1层102室 | 营业时间:周一至周日 07:30-21:00 | 电话:19602113259,2.4,4.3,25,https://store.is.autonavi.com/showpic/ceffb538cf9b711a5549e39ac1ce6389?operate=original,116.432175,39.934575
,194,,一碗面(东直门店),刀削面,一碗面(东直门店),北京城区东四七条42号4号楼 | 营业时间:周一至周日 07:00-22:30 | 电话:18580805470;18810702389;4001678308,3.3,4.5,26,https://aos-comment.amap.com/B0FFLQDK6R/comment/202511_22-14052_1763791534507_56457891.jpg,116.425626,39.936794
,194,,食立方(东直门南小街辅路店),双人餐,食立方(东直门南小街辅路店),东直门南小街甲41号 | 营业时间:周一至周日 10:00-22:00 2026-02-15至2026-03-22 全天关闭 | 电话:18618328585,8.8,4.5,57,https://aos-comment.amap.com/B000A9P8V2/comment/92321d0be7d40bd3831fdd407b613b4f_2048_2048_80.jpg,116.425636,39.937577
,194,,龙虾趴·小院·露台(簋街店),小龙虾,龙虾趴·小院·露台(簋街店),"北新桥街道东四十四条小菊胡同40号 | 营业时间:周一至周日 11:00-14:00,17:00-24:00 | 电话:13810652389",0.7,4.5,408,http://store.is.autonavi.com/showpic/e52a59b756c11e0634c86bf5cb0e0048,116.425056,39.937934
,194,,咱家饺子,海三鲜烙饺,咱家饺子,北京城区东直门南小街55号(近海运仓) | 营业时间:周一至周日 09:00-21:30 2026-02-15至2026-02-28 周一至周日 全天关闭 | 电话:010-84045153;13011083550,0.8,4.5,49,https://store.is.autonavi.com/showpic/c20430a13f96c9b80000000735588085?type=pic,116.425666,39.937281
,194,,南门涮肉(簋街店),涮肉,南门涮肉(簋街店),东直门内大街150-8号 | 营业时间:周一至周日 11:00-02:00 2026-02-10至2026-03-04 周一至周日 11:00-05:00 | 电话:13501231389,8.9,4.5,88,https://aos-comment.amap.com/B0KD7SVLS2/comment/content_media_external_file_1000094024_ss__1769915192030_36313097.jpg,116.425082,39.940834
,194,,重庆街头小面,牛肉,重庆街头小面,东直门南小街1号 | 营业时间:周一至周日 10:00-23:30 | 电话:18696850678,3.1,4.4,30,https://aos-comment.amap.com/B0FFH12ZJE/comment/content_media_external_file_100012621_1772847625006_86973387.jpg,116.425416,39.940859
,194,,王老太小海鲜,皮皮虾,王老太小海鲜,东直门内大街10-11 | 营业时间:周一至周日 11:00-04:00 | 电话:13141233533,0.2,4.4,97,https://store.is.autonavi.com/showpic/a07262aaec441878bfb2dcd1665f79cd,116.42858,39.940681
,194,,3088餐厅,鸡肉,3088餐厅,海运仓胡同3号 | 电话:010-84013088,6.2,3.5,16,,116.426015,39.938604
,195,,老北京鼓楼炸酱面(鼓楼店),中餐厅,老北京鼓楼炸酱面(鼓楼店),草厂胡同与鼓楼东大街交叉口西北20米 | 营业时间:周一至周日 10:00-24:00,1.7,4.3,30,https://aos-comment.amap.com/comment/content_service__1771072057653_76571074_1771072065332_05087805.jpg,116.39756,39.940904
,195,,留白咖啡馆,卡布奇诺,留白咖啡馆,什刹海街道旧鼓楼大街196号 | 营业时间:周一至周日 08:30-21:00 2026-02-16至2026-02-17 全天关闭 | 电话:15010441530,7.6,4.5,31,https://aos-comment.amap.com/B0KUB5X2CF/comment/67C1E257_59C3_40A6_9818_014FF6F91177_L0_001_2000_1500_1725705517564_61510894.jpg,116.394276,39.941153
,195,,常赢三兄弟(鼓楼店),双人餐,常赢三兄弟(鼓楼店),"地安门外大街22号(什刹海地铁站A2西北口步行170米) | 营业时间:周一至周日 10:00-14:30,17:00-22:00 | 电话:010-64096138;13241389138",2.2,4.5,103,https://store.is.autonavi.com/showpic/3c9a0fda9578bf910000002458318266?type=pic,116.396069,39.939722
,195,,烤肉刘·清真(鼓楼什刹海直营店),双人餐,烤肉刘·清真(鼓楼什刹海直营店),北京城区地安门外大街9号 | 营业时间:周一至周日 09:30-02:00 | 电话:19220156968,2.7,4.6,92,https://aos-comment.amap.com/B0LABCZP2A/comment/content_media_external_images_media_1000001008_ss__1752339786987_65985618.jpg,116.395867,39.939812
,195,,关尔+咖啡店(鼓楼店),咖啡厅,关尔+咖啡店(鼓楼店),西城区旧鼓楼大街176号 | 营业时间:周一至周日 11:00-19:00 | 电话:18511986825;18710048517,4.2,4.5,31,https://aos-comment.amap.com/comment/content_service__1769930164956_86196982_1769930195347_49845462.jpg,116.394163,39.941736
,195,,北京雨燕文化中心,咖啡厅,北京雨燕文化中心,东城区西轿杆胡同1号1号 | 营业时间:周一至周日 09:30-22:00 | 电话:13241379518;15600792616,9.3,4.6,45,https://aos-comment.amap.com/comment/content_service_05f97912926a4864ce6d795e5437f15a_1767599730169_55266984.jpg,116.395175,39.940925
,195,,姚记包子铺(鼓楼东大街店),大肠,姚记包子铺(鼓楼东大街店),鼓楼东大街299号(什刹海地铁站A2西北口步行360米) | 营业时间:周一至周日 07:00-20:30 | 电话:16601135342,2.3,4.5,27,https://aos-comment.amap.com/B0HKDDV8QZ/comment/1cabd2613a1cc768e634f1e5f722a82e_2048_2048_80.jpg,116.397104,39.940901
,195,,郭记大辣碗(鼓楼东大街店),小酥肉,郭记大辣碗(鼓楼东大街店),"北京城区鼓楼东大街293号 | 营业时间:周五至周六 10:30-22:00；周一至周四,周日 10:30-21:30 2026-02-10至2026-02-26 周一至周日 全天关闭；2026-02-27至2026-02-27 周五 10:30-22:30 | 电话:010-64000517;010-64050347;13717742829;13801155028",1.9,4.5,30,https://aos-comment.amap.com/B000A9JNWT/comment/982C9156_CD6E_4394_9B23_51C8FDDDBBC3_L0_001_1500_2000_1735184655321_75360773.jpg,116.39753,39.940892
,195,,哈尼个旧(地安门),小锅米线,哈尼个旧(地安门),钟楼湾48号 | 营业时间:周一至周日 11:00-22:00 | 电话:13911334408,3.2,4.4,85,https://aos-comment.amap.com/B000AAEV5T/comment/3E0371F0_8463_4914_9EC2_BA685BFEF85F_L0_001_1500_2002_1740317367760_47350296.jpg,116.396354,39.941976
,195,,胡记褡裢火烧(鼓楼店),炸灌肠,胡记褡裢火烧(鼓楼店),北京城区鼓楼东大街295号(鼓楼旁) | 营业时间:周一至周日 09:30-21:00 | 电话:15001142868,0.1,4.5,52,https://store.is.autonavi.com/showpic/6df35471f3d864e80000000969190446?type=pic,116.39747,39.940891
,195,,鼓楼馄饨侯,烤肉,鼓楼馄饨侯,"鼓楼东大街309号(地安门鼓楼旁) | 营业时间:周一至周日 06:30-14:00,16:30-21:30 | 电话:010-64042021;15201135829",5.4,4.4,33,http://store.is.autonavi.com/showpic/3846adfa61207c89c932cc478d7d2647,116.396897,39.940914
,195,,云南傣族特色小吃,特色小吃,云南傣族特色小吃,鼓楼东大街293号(什刹海地铁站A2西北口步行380米) | 营业时间:周一至周日 11:30-20:30 | 电话:17310923609,6,3.5,0,https://store.is.autonavi.com/showpic/39b762c49eefe14bac949ab484c11ff1,116.397532,39.94089
,195,,姚记炒肝店(鼓楼店),糖卷果,姚记炒肝店(鼓楼店),鼓楼东大街311号(鼓楼湾东南角) | 营业时间:周一至周日 06:00-22:30 | 电话:010-84010570;13718081195,4.2,4.6,29,http://store.is.autonavi.com/showpic/47a6695247cd96537ea5956a2bd6fd42,116.396712,39.940898
,197,,咱家肉饼,中餐厅,咱家肉饼,莎晶艺术培训中心南门西南50米 | 营业时间:周一至周日 06:00-15:30,6.3,3.9,13,https://aos-comment.amap.com/B0MB6AN8NR/comment/EA0311C7_3F50_4A9D_80E2_DE7B65DA146A_L0_001_1280_170_1773214707218_88187355.jpg,116.214888,40.214409
,197,,固始汉鹅块(南郝庄路店),中餐厅,固始汉鹅块(南郝庄路店),北京兴昌中医门诊部西侧 | 营业时间:周一至周日 10:00-22:00 | 电话:18790053979,1.8,1.9,89,http://store.is.autonavi.com/showpic/008edfd0587b26d750d858c922d6a30c,116.21883,40.214247
,197,,山西刀削面,中餐厅,山西刀削面,北京兴昌中医门诊部南侧 | 营业时间:周一至周日 09:00-23:45,2,2.6,21,https://store.is.autonavi.com/showpic/b3e4279f8043abc431e4a0faf25c8ace,116.219115,40.214245
,197,,张记烩面羊棒骨,回锅肉,张记烩面羊棒骨,南郝庄路康乐公寓对面 | 营业时间:周一至周日 10:00-24:00 | 电话:13651238312;13716929810,0.8,3.9,52,http://aos-cdn-image.amap.com/sns/ugccomment/5f8d8544-8044-4fd0-9a88-9efcf7dc983a.jpg,116.21622,40.214265
,197,,信阳菜固始鹅块,固始鹅块,信阳菜固始鹅块,北京兴昌中医门诊部西侧,6.1,3.5,84,https://store.is.autonavi.com/showpic/2b1eaf521b114ecf5a515ea3c67b3ced,116.218675,40.214375
,197,,后院大排档,大排档,后院大排档,城南小型消防站西北侧,3.3,2.5,0,,116.215975,40.214375
,197,,山东炒鸡,山东炒鸡,山东炒鸡,南郝庄路与G6辅路交叉口西160米 | 营业时间:周一至周日 09:00-22:00 | 电话:13261548468,5.9,3.7,61,http://store.is.autonavi.com/showpic/693a6aeaaf93c683eabe45b0c265736a,116.219565,40.21437
,197,,碗碗香板面,板面,碗碗香板面,城南小型消防站西北侧,9.7,3,0,,116.216269,40.21435
,197,,火勺加肉,火勺,火勺加肉,南郝庄路与G6辅路交叉口西220米,3.1,2.7,34,,116.218922,40.214241
,197,,黄家龙虾烧烤(南郝庄店),烤鱼,黄家龙虾烧烤(南郝庄店),城南街道南郝庄1幢3103 | 营业时间:周一至周日 17:00-24:00 | 电话:13683233818,8,4.1,89,https://aos-comment.amap.com/B0G3LDGEJI/comment/48b3d69f0bef25f6c6cc34421cae8073_2048_2048_80.jpg,116.215953,40.214452
,197,,湘楚苑老张特色肉饼,肉饼,湘楚苑老张特色肉饼,南郝庄路与G6辅路交叉口西100米 | 营业时间:周一至周日 05:00-13:00 | 电话:13522385278,6.1,3.9,10,http://store.is.autonavi.com/showpic/36b3e5f1d4f52badc75db2c1fe6ee0e5,116.220379,40.214403
,197,,重庆火锅(南郝庄店),鸭肠,重庆火锅(南郝庄店),南郝庄世纪联华超市 | 营业时间:周一至周日 11:00-22:30 | 电话:18811136193,6.5,4.3,66,https://store.is.autonavi.com/showpic/098a39866180ee055794e81fd151a4e1,116.218498,40.214364
,198,,Jamaica blue coffee(WFC店),coffee,Jamaica blue coffee(WFC店),东三环中路1号环球金融中心F1层 | 营业时间:周一至周日 07:00-18:00 | 电话:010-59817889,6.6,4.5,64,https://aos-comment.amap.com/B0FFGHIOT7/comment/A0B19F62_6CA1_461E_A130_14BFC9876F16_L0_001_1126_200_1766405817661_09862763.jpg,116.459327,39.918936
,198,,Ora Coffee 北京财富购物中心店,coffee,Ora Coffee 北京财富购物中心店,营业时间:周一至周日 07:30-19:00 | 电话:13031033930,9.2,4.5,27,https://store.is.autonavi.com/showpic/48b4cbaaeb176b8beaae566c6286251a,116.458732,39.91806
,198,,库迪咖啡(北京环球金融中心店),【爆款,库迪咖啡(北京环球金融中心店),北京城区东三环中路1号环球金融中心东楼1层大堂(上行扶梯北侧) | 营业时间:周一至周五 07:30-17:00 | 电话:13520884992,8.2,4.1,9,https://store.is.autonavi.com/showpic/7b0db620ddccbe9ff42ce59100617216?operate=original?operate=original?operate=original?operate=original,116.459212,39.919053
,198,,玩儿串串(国贸环球店),串串,玩儿串串(国贸环球店),东三环中路1号环球金融中心M层NM-26号铺26号铺玩儿串串 | 营业时间:周一至周日 10:00-20:00 | 电话:13718000862;18510838870,7,3.2,71,http://store.is.autonavi.com/showpic/ba1304b7d4d91946c21331e516394211,116.459249,39.918695
,198,,川成元·麻辣香锅(财富购物中心店),单人餐,川成元·麻辣香锅(财富购物中心店),东三环中路7号财富购物中心B1层 | 营业时间:周一至周日 10:00-21:30 | 电话:010-85951440,5,4.4,88,http://store.is.autonavi.com/query_pic?id=st77409fe2-a4bf-44a1-a39a-b7521e528728&user=search&operate=original,116.459085,39.918095
,198,,凤起龙游老面包子(环球金融中心店),卤鸡腿,凤起龙游老面包子(环球金融中心店),环球金融中心M层美食街(金台夕照地铁站A西北口步行270米) | 营业时间:周一至周日 07:30-20:30 | 电话:18910880779,2.8,3.9,21,http://store.is.autonavi.com/showpic/67e051ac7e836d6b9297bddeb9a323f2,116.459225,39.918775
,198,,阿旺亚洲餐厅(环球金融中心店),小吃街,阿旺亚洲餐厅(环球金融中心店),东三环中路1号环球金融中心B1层 | 营业时间:周一至周日 10:30-20:30 | 电话:15701222884,8.5,4,59,https://store.is.autonavi.com/showpic/7daa61913902b73338d58059abe065a4,116.45941,39.91872
,198,,荣轩(新荣记环球金融中心店),年糕,荣轩(新荣记环球金融中心店),"东三环中路1号环球金融中心F2层 | 营业时间:周六至周日 11:00-21:00；周一至周五 11:30-14:30,17:00-21:00 | 电话:010-85878755",5.3,4.7,432,https://aos-comment.amap.com/B0FFH9PXJ7/comment/5B4F0052_43D7_4B0D_8877_04EC5120DF57_L0_001_1500_2000_1744885170808_62737774.jpg,116.460037,39.918724
,198,,星巴克(环球金融中心店),抹茶星冰乐,星巴克(环球金融中心店),北京城区东三环中路1号环球金融中心1层W102室(近财富购物中心) | 营业时间:周一至周五 07:00-18:00；周六至周日 08:00-18:00 | 电话:010-59817829,8.5,4.6,30,http://store.is.autonavi.com/showpic/e45e3a0043413101283377e6985510c9,116.459139,39.918687
,198,,乡味小厨(朝阳门外大街辅路),拉面,乡味小厨(朝阳门外大街辅路),"朝阳门外大街1号京广中心北京瑰丽酒店3层 | 营业时间:周一至周日 11:30-14:30,17:30-22:00 | 电话:010-65360066",1.9,4.5,313,http://store.is.autonavi.com/showpic/03358d0807c85f1f2ca32b1d70423426,116.460565,39.920372
,198,,潮舍(环球金融中心店),料理,潮舍(环球金融中心店),"东三环中路1号环球金融中心F1层 | 营业时间:周一至周日 11:00-14:00,17:00-21:00 | 电话:010-85878909",8.9,4.5,210,https://aos-comment.amap.com/B0FFHFDEUY/comment/content_media_external_file_100000696_1759634000808_97674595.jpg,116.458735,39.918516
,198,,鲜越鲜鱼粉(财富购物中心店),无骨鸡爪,鲜越鲜鱼粉(财富购物中心店),"东三环中路7号财富购物中心B1层-1-10-11 | 营业时间:周一至周五 10:30-15:00,17:00-20:30；周六至周日 11:00-20:30 2026-02-14至2026-02-23 周一至周日 全天关闭 | 电话:15510119555;18518099490",7,4.6,40,http://store.is.autonavi.com/showpic/0eb0ef7a6e9e349407a480e8f119f0d2,116.458711,39.917918
,198,,星巴克(北京财富金融中心店),星冰乐,星巴克(北京财富金融中心店),北京城区北京城区东三环中路5号楼财富金融中心FFC写字楼B1层B115号 | 营业时间:周一至周六 07:00-20:30 | 电话:010-65969103,3.2,4.6,30,http://store.is.autonavi.com/showpic/ec3440dbf3d8f9de23da5c7a0cf58ad7,116.46058,39.917775
,198,,Tims天好咖啡(财富金融中心店),柠檬气泡饮,Tims天好咖啡(财富金融中心店),东三环中路5号楼地下一层B107(金台夕照地铁站出入口旁) | 营业时间:周一至周五 07:30-20:30；周六至周日 08:30-17:00 | 电话:010-65061340,1.6,4.2,33,http://store.is.autonavi.com/query_pic?id=st1a318338-7770-4717-a3c2-d24271293e86&user=search&operate=original,116.460405,39.917778
,198,,旺顺阁 1999(财富购物中心店),椒盐茶树菇,旺顺阁 1999(财富购物中心店),东三环中路7号院7楼三层3-12号店铺 | 营业时间:周一至周日 11:00-21:00 | 电话:010-65330101;010-65330202,6,4.6,147,http://store.is.autonavi.com/showpic/4569929e28d9228aed9d545984842334,116.459744,39.917886
,198,,寻小福港式烧腊,港式烧腊,寻小福港式烧腊,东三环中路1号环球金融中心M层-06 | 营业时间:周一至周日 10:00-20:00,8.4,3.4,42,https://store.is.autonavi.com/showpic/ae3edf09602d1150cd2dc11af86717e4,116.459885,39.91906
,198,,奔跑的小象·云南小锅米线(WFC店),特色菜,奔跑的小象·云南小锅米线(WFC店),北京城区东三环中路1号环球金融中心M层 | 营业时间:周一至周日 10:00-20:30 | 电话:13146634431;17600091914,4.6,4,34,https://store.is.autonavi.com/showpic/a42910f05ce56fbd61c1bdb18f1998d7,116.459388,39.918787
,198,,瑞幸咖啡(环球金融中心门店),生椰拿铁yyds,瑞幸咖啡(环球金融中心门店),东三环中路1号环球金融中心1幢负一夹层108 | 营业时间:周一至周五 07:00-19:00；周六至周日 08:00-18:00 | 电话:4000100100,1.4,4.2,13,https://store.is.autonavi.com/showpic/c287706810a95e84ab635a931ccf264d?operate=original,116.459225,39.918675
,198,,太二酸菜鱼(北京财富购物中心分店),经典黑鱼酸菜鱼,太二酸菜鱼(北京财富购物中心分店),北京城区北京城区东三环中路7号财富购物中心二层2-12单元 | 营业时间:2026-05-01至2026-05-05 11:00-21:30 | 电话:4006092822,2.3,4.5,80,https://aos-comment.amap.com/B0FFKUX42J/comment/95D5E32A_B711_4EEF_91FB_3A79F33E7B14_L0_001_2000_112_1766439692750_44623113.jpg,116.45908,39.917985
,198,,绿茶餐厅(财富购物中心店),绿茶烤肉双拼,绿茶餐厅(财富购物中心店),北京城区东三环中路7号财富购物中心2层 | 营业时间:周一至周日 10:00-21:30 | 电话:010-87780188,1.6,4.6,150,http://store.is.autonavi.com/query_pic?id=stdcc12055-8642-4c5c-ad45-41aa171d70c3&user=search&operate=original,116.458858,39.917871
,198,,渝信川菜(财富中心店),老坛酸菜鱼,渝信川菜(财富中心店),北京城区东三环中路7号院财富购物中心二层2-15-2 | 营业时间:周一至周日 11:00-21:00 | 电话:010-65084277;13564618477,0.3,4.5,88,http://store.is.autonavi.com/showpic/806a7478a1c4a044f3b1a336de7c0b62,116.459863,39.917973
,198,,船歌·鱼水饺(财富购物中心店),辣炒小花蛤,船歌·鱼水饺(财富购物中心店),东三环中路7号北京财富购物中心2层 | 营业时间:周一至周日 10:00-21:30 | 电话:010-65855701,8.5,4.4,73,http://store.is.autonavi.com/query_pic?id=stf71f6652-a207-46cc-ae2c-43118b842293&user=search&operate=original,116.458863,39.917795
,198,,桂涟坊肉夹馍,酸辣粉,桂涟坊肉夹馍,环球金融中心M层(金台夕照地铁站A西北口步行450米) | 营业时间:周一至周五 10:30-20:30 | 电话:13651103225,9.9,3.4,36,http://store.is.autonavi.com/showpic/3ed60046d9b9d2c5dade3b816652cd39,116.459175,39.918825
,198,,MY SOUP卖汤,鸳鸯肠煲仔饭,MY SOUP卖汤,东三环中路1号环球金融中心F1层 | 营业时间:周一至周日 11:00-22:00 2026-05-01至2026-05-05 周一至周日 11:00-22:00 | 电话:010-85878669,6,4.6,140,https://aos-comment.amap.com/B0FFF9UP2S/comment/2F326400_E6F5_4ABD_91E7_5D2D177418E9_L0_001_1500_200_1756190840750_27597457.jpg,116.458881,39.918533
,198,,阿上阿上(金融中心店),麻辣烫,阿上阿上(金融中心店),东三环中路1号wfc西楼M层 | 营业时间:周一至周日 10:30-20:30 | 电话:13269721917;15911187650;18332839142,2,4.1,37,https://aos-comment.amap.com/B0HB3G74ZU/comment/90ebb93749fd7d468580604183459a16_2048_2048_80.jpg,116.459249,39.918862
,199,,禄遇LUYU,下午茶,禄遇LUYU,禄米仓胡同37号 | 营业时间:周一至周日 10:00-23:00 | 电话:13126505280;15011361337,7.4,4.5,83,https://aos-comment.amap.com/B0KBXCLG20/comment/content_media_external_images_media_1000015085_ss__1730431659919_82402855.jpg,116.431995,39.917169
,199,,崖UnderCloudsGreen,中餐厅,崖UnderCloudsGreen,大方家胡同与南水关胡同交叉口东20米 | 电话:18511997956,8.6,4.5,667,https://aos-comment.amap.com/B0KKH7291A/comment/359CE72B_92CB_4154_BE8E_AC4EA5C256D9_L0_001_2000_150_1763339129610_42129634.jpg,116.43235,39.919134
,199,,崖餐厅,中餐厅,崖餐厅,大方家胡同与南水关胡同交叉口东40米,7.5,4.4,265,https://aos-comment.amap.com/B0LR01O4B5/comment/content_media_external_file_93_1770887225205_72512613.jpg,116.432375,39.919125
,199,,布家班恩施土家民族菜(银河SOHO店),单人餐,布家班恩施土家民族菜(银河SOHO店),南竹杆胡同2号银河SOHO商场D座B楼5-126 | 营业时间:周一至周日 10:00-21:30 | 电话:15971902977,7.6,4.3,72,https://store.is.autonavi.com/showpic/01f6d7049afc700a2eb3101a73c1b940,116.433458,39.919677
,199,,南门涮肉(金宝街店),双人餐,南门涮肉(金宝街店),北京城区东城区北京城区大雅宝胡同3号 | 营业时间:周一至周日 11:00-24:00 | 电话:15010952558,9.7,4.5,96,https://aos-comment.amap.com/B0LKZDEJ79/comment/20260307-0db2053d7894054138565e44-ACAq1M4qYfc7TjqmebIBrY.jpg,116.432849,39.915821
,199,,壹同·湖南菜·禄米仓,双人餐,壹同·湖南菜·禄米仓,"禄米仓胡同71-2 | 营业时间:周一至周日 11:30-14:00,17:30-22:00 2026-02-15至2026-02-21 周一至周日 全天关闭 | 电话:18613868501;18613886823",2.6,4.6,173,https://aos-comment.amap.com/B0JGG5TSKK/comment/12da77ba4a1ac18b3fb9bbba676b0d52_2048_2048_80.jpg,116.428435,39.917188
,199,,福禄米行,桂花糕,福禄米行,朝内南小街禄米仓胡同71-2号 | 营业时间:周一至周日 10:00-20:00 | 电话:18310893282,4.2,4.5,48,https://aos-comment.amap.com/B0J12U0PE9/comment/5cb6073fbdd2c1e7db85744702df323c_2048_2048_80.jpg,116.429019,39.917182
,199,,威海味海鲜(银河SOHO店),海鲜盛宴,威海味海鲜(银河SOHO店),"南竹杆胡同2号银河SOHOB1层 | 营业时间:周一至周日 11:00-14:00,17:00-21:30 2026-02-10至2026-02-24 周一至周日 全天关闭 | 电话:13550630180",9.4,4.5,94,https://aos-comment.amap.com/B0K1D9DEU8/comment/B7EC8F8F_FB6E_46BE_8C99_F07FDD734D36_L0_001_2000_1500_1742535315771_62558154.jpg,116.432701,39.920338
,199,,门框胡同百年美味卤煮(北京朝阳门亚朵酒店店),牛肉,门框胡同百年美味卤煮(北京朝阳门亚朵酒店店),朝外头条95号平房 | 营业时间:周一至周日 10:00-22:00 | 电话:13901251464,2.7,4.5,38,http://store.is.autonavi.com/showpic/e776d2cfffe4f4b8793706d012b2dcfa,116.43635,39.915893
,199,,马子禄牛肉面(金宝街店),牛肉面,马子禄牛肉面(金宝街店),大雅宝胡同3号(近大雅宝胡同、梓峰大厦) | 营业时间:周一至周日 07:00-22:00 | 电话:010-85117688;13301110612;15011568218,8.2,4.4,39,http://store.is.autonavi.com/showpic/c3841e65c390fb5c69d6ff6cb87c10ab,116.432879,39.915811
,199,,忠友麻辣烫(银河SOHO购物中心D座店),麻辣烫,忠友麻辣烫(银河SOHO购物中心D座店),朝阳门南水关胡同银河sohoD座B1层5-125室 | 营业时间:周一至周日 10:30-21:00 | 电话:13552235194,8.3,4.6,41,http://store.is.autonavi.com/showpic/05932a1c62c34b3e02cabf11cd6ec337,116.433768,39.920142
,200,,北京隆和居美食城(正义路店),干锅千页豆腐,北京隆和居美食城(正义路店),东华门街道正义路8号(原市政府斜对面) | 营业时间:周一至周日 10:00-22:30 | 电话:010-65263265;13520777900,3.9,4.4,73,https://store.is.autonavi.com/showpic/72fbdf46904d9ac20000002152518124?type=pic,116.406444,39.903414
,202,,北京索菲特大酒店·艺厨全日餐厅Kwee Zeen,三文鱼,北京索菲特大酒店·艺厨全日餐厅Kwee Zeen,"建国门南大街2号(建国门地铁站B东北口步行420米) | 营业时间:周五 06:30-10:30,18:00-21:00；周六至周日 06:30-11:00,12:00-14:30,18:00-21:00；周一至周四 06:30-10:30 | 电话:010-65158855",5.1,4,207,http://store.is.autonavi.com/showpic/62e32c9ac0c2182bebac04953cfe1fb7,116.43697,39.906179
,202,,金龙建国温泉酒店四季厅,中餐厅,金龙建国温泉酒店四季厅,建国门南大街5号金龙大厦(建国门地铁站C西南口步行310米),1.1,3,172,,116.435246,39.905848
,202,,瑞幸咖啡(荷华明城大厦店),厚乳拿铁,瑞幸咖啡(荷华明城大厦店),东城区建国门南大街7号荷华明城大厦一层 | 营业时间:周日 07:30-18:00；周一至周五 07:00-18:00；周六 07:00-18:30 | 电话:4000100100,3.2,4.3,13,https://store.is.autonavi.com/showpic/c287706810a95e84ab635a931ccf264d?operate=original,116.434575,39.904725
,202,,金百万烤鸭(北京站店),双人餐,金百万烤鸭(北京站店),北京站东街6号一层 | 营业时间:周一至周日 10:00-21:00 | 电话:010-53601758;18520273666,3.8,4.6,76,https://store.is.autonavi.com/showpic/bdc04341de691f0f0000002342278503?type=pic,116.433034,39.904863
,202,,星巴克(荷华明城大厦店),巧克力,星巴克(荷华明城大厦店),北京城区东城区北京城区建国门街道北京万豪中心荷华明城大厦A座一层 | 营业时间:周一至周五 06:30-17:00；周六至周日 07:00-18:00 | 电话:010-59117488,7.7,4.3,30,https://aos-comment.amap.com/B0I12G3TFW/comment/d71dbe34913441677463780dd51f96d1_2048_2048_80.jpg,116.43366,39.904886
,202,,德祥南门涮肉(北京站店),涮肉,德祥南门涮肉(北京站店),北京城区荷华明城大厦A座 | 营业时间:周一至周日 10:00-22:30 | 电话:17801330195,5.6,4.5,119,https://aos-comment.amap.com/B0J3OZLXJO/comment/76d00a4d0ab2ec2435e268f03d1adfa2_2048_2048_80.jpg,116.434126,39.904826
,202,,北京索菲特大酒店金宴·怡品堂,牛肉,北京索菲特大酒店金宴·怡品堂,"建国门南大街2号北京索菲特大酒店2层 | 营业时间:周一至周日 11:30-14:00,17:30-21:30 | 电话:18612307414",8.1,4.2,375,https://store.is.autonavi.com/showpic/e1e41331ce4b7db6da5406f7fc9e9d5a,116.436989,39.906002
,202,,新粤记(建国门店),顺德桑拿鸡,新粤记(建国门店),"建国门南大街7号荷华明城大厦D座1层 | 营业时间:周一至周日 11:00-14:00,17:00-22:00 | 电话:010-85164968",6.2,4.5,90,https://store.is.autonavi.com/showpic/d06a4ab321f2e41c87fd26fc8192b769,116.434656,39.904885
,202,,明城五号烤鸭坊(建国门店),鸭肉,明城五号烤鸭坊(建国门店),"建国门南大街5号(建国门地铁站C西南口步行270米) | 营业时间:周一至周日 11:00-14:00,17:00-21:00 | 电话:010-65286688;010-65594188;18201139814",9.9,3.9,169,http://store.is.autonavi.com/showpic/8fe101104860be74437ba125e1d0e421,116.435429,39.906124
,203,,灯堂咖啡(天桥店),冰美式,灯堂咖啡(天桥店),新农街13号(天桥地铁站A西北口步行270米) | 营业时间:周一至周四 10:00-18:00；周五至周日 10:00-19:00 2026-02-15至2026-02-23 周一至周日 全天关闭；2026-02-27至2026-02-28 周一至周日 10:00-18:00 | 电话:18610932376,3.6,4.5,35,http://store.is.autonavi.com/showpic/ca125ccebd3832a44ca48d443fd79ab4,116.397044,39.882386
,203,,天桥艺术·咖啡与茶,咖啡厅,天桥艺术·咖啡与茶,天桥南里(天桥地铁站A西北口步行270米) | 营业时间:周一至周日 09:00-22:00 | 电话:15011033699,9.6,3.9,35,https://aos-comment.amap.com/B0LRCOHTMJ/comment/content_media_external_images_media_19537_ss__1754111003668_64083684.jpg,116.397041,39.882412
,203,,合乐多味食堂(天桥店),寿司,合乐多味食堂(天桥店),天桥南大街9号天桥艺术中心一楼105 | 营业时间:周一至周日 11:00-22:30 | 电话:18353509091,9,4.4,56,https://aos-comment.amap.com/comment/content_service__1772428440882_80719558_1772428486763_30664785.jpg,116.398245,39.882717
,203,,菘菘 音乐·餐饮·空间,音乐餐吧,菘菘 音乐·餐饮·空间,天桥南大街9号楼天桥艺术中心一层104室 | 营业时间:周一至周日 10:30-21:30 | 电话:13511080653,8.9,4.5,49,https://aos-comment.amap.com/comment/content_service__1772426717156_11031296_1772426786594_55260749.jpg,116.398075,39.882625
,204,,尚宫私厨,双人餐,尚宫私厨,"万国城Moma商业中心一层 | 营业时间:周一至周日 06:30-09:00,11:00-14:00,16:30-21:00 | 电话:13031149204;15300013133",7.8,4.3,90,https://aos-comment.amap.com/B0LGROGJ6W/comment/2FECD1C6_243D_4327_94BD_BF88E7818DBB_L0_001_1500_200_1770464347133_03400623.jpg,116.438841,39.947793
,204,,盛福年铜锅涮肉·碳烤串儿(东直门店),百叶,盛福年铜锅涮肉·碳烤串儿(东直门店),东直门察慈小区西1门11号楼(一层) | 营业时间:周一至周日 10:00-24:00 | 电话:15210499301;15313619592,1.9,4.6,71,https://store.is.autonavi.com/showpic/42a20c9813ee62f724655dbf0df8deca,116.43926,39.94241
,204,,察慈餐厅(察慈小区店),豆腐,察慈餐厅(察慈小区店),"东直门外大街察慈小区11号楼 | 营业时间:周一至周日 11:00-15:00,17:00-22:00 | 电话:010-64637307",8.1,4.5,62,https://store.is.autonavi.com/showpic/cf5557d2bfc6b5000000002472012905?type=pic,116.440157,39.943456
,205,,池宝炒饭,,池宝炒饭,光明路13号北玉大厦,9.5,2,0,,116.435425,39.884675
,205,,研磨时光(龙潭店),下午茶,研磨时光(龙潭店),光明西街1号龙潭德必1层 | 营业时间:周一至周日 08:30-21:00 | 电话:13020008303;15810693100,3.9,4.5,46,http://store.is.autonavi.com/showpic/57018b45c3046a137e3dba38481b2646,116.435141,39.884842
,205,,满口香麻辣香锅(第A5档口福地美厨美食城店),中餐厅,满口香麻辣香锅(第A5档口福地美厨美食城店),光明路13号北玉大厦,0.1,3.4,0,,116.435775,39.884875
,205,,羊洋洋·草原蒸羊排牛排(天坛店),中餐厅,羊洋洋·草原蒸羊排牛排(天坛店),光明路13号北玉大厦B1层,6.3,2.4,0,,116.435875,39.884825
,205,,遇南门涮肉·铜锅炭火(天坛总店),丸子,遇南门涮肉·铜锅炭火(天坛总店),伟图大厦西门旁 | 营业时间:周一至周日 10:00-22:00 | 电话:18500308185,9.2,4.6,60,https://store.is.autonavi.com/showpic/7e79fa6b1c4dd3280000002426722536?type=pic,116.434314,39.883137
,205,,玉香缘餐厅(北玉大厦店),宫保鸡丁,玉香缘餐厅(北玉大厦店),光明路13号北玉大厦F1层 | 营业时间:周一至周日 00:00-24:00 | 电话:18501012858,6.3,4,60,http://store.is.autonavi.com/showpic/5f71601fd53a65299b4642fcd4ebe50a,116.435397,39.884955
,205,,胖鼓鼓杭州小笼包,小米粥,胖鼓鼓杭州小笼包,营业时间:周一至周日 06:30-21:00 | 电话:18268763063,1.2,3.9,21,http://store.is.autonavi.com/showpic/2b0241995fb9daf2478cd14d5301d2cc,116.435383,39.885284
,205,,星巴克(北京左安门内大街店),巧克力,星巴克(北京左安门内大街店),北京城区龙潭街道左安门内大街大宝饭店一层 | 营业时间:周一至周日 07:00-18:00 | 电话:010-67112698,7.6,4.6,30,http://store.is.autonavi.com/showpic/d59647148d74be87dc17e96ce17700dd,116.433813,39.883326
,205,,汇友餐厅(幸福南里店),涮肉,汇友餐厅(幸福南里店),"幸福大街幸福南里8号(天坛饭店对面) | 营业时间:周一至周日 11:00-14:00,16:30-22:00 | 电话:010-67112513;18400879025",2,4.6,66,https://store.is.autonavi.com/showpic/3fc3164b4a6f040bbb10bddd637183ec,116.431767,39.884785
,205,,千韧·潮汕牛肉粿条(第1档口·大华永盛美食城店),潮汕牛肉粿条,千韧·潮汕牛肉粿条(第1档口·大华永盛美食城店),光明路13号北玉大厦,8.4,3.2,0,,116.435625,39.884725
,205,,京蜀居餐厅,炒饭,京蜀居餐厅,伟图大厦西门旁 | 营业时间:周一至周日 10:00-24:00 | 电话:010-80536123;15510756127,9.7,4.5,65,https://aos-comment.amap.com/B0KG9Z07AW/comment/4B46B1B7_85C5_49D9_B41E_30F9FCA2E93A_L0_001_2000_150_1768955969265_70141474.jpg,116.434363,39.883071
,205,,山西刀削面,牛肉,山西刀削面,左安门内大街4号 | 营业时间:周一至周日 08:30-23:00 | 电话:18322152803,6.3,3.8,21,https://store.is.autonavi.com/showpic/9bb694d29e4f254896fe1e32542ec627,116.434359,39.883137
,205,,京都蝎府羊蝎子火锅(光明楼店),精品浓香羊蝎子,京都蝎府羊蝎子火锅(光明楼店),"北京城区左安门内大街3号1层101 | 营业时间:10:00-24:00,2026年5月1日至2026年5月5日 10:00-24:00 | 电话:010-53350870;13651161947",3.9,4.5,90,http://store.is.autonavi.com/showpic/c58150a3a92e1ce6dedab9a4d17b9f3b,116.43382,39.883644
,205,,拌将·干拌麻辣烫(北玉大厦店),荞麦面,拌将·干拌麻辣烫(北玉大厦店),光明路13号北玉大厦B1层 | 营业时间:周一至周日 10:00-22:00 | 电话:15001139902,1.5,3.5,33,,116.435581,39.884721
,205,,乾南门涮肉(天坛总店),铜锅涮肉,乾南门涮肉(天坛总店),北京城区北京城区龙潭街道龙潭路1、乙1号7号楼一层 | 营业时间:周一至周日 10:30-22:30 | 电话:18611813669,1.7,4.4,121,https://aos-comment.amap.com/B0LKCM1J70/comment/content_media_external_images_media_1000008303_ss__1769933876865_91132576.jpg,116.434238,39.883917
,205,,西湖铜锅涮肉,铜锅涮肉,西湖铜锅涮肉,龙潭北里头条与光明路交叉口东南20米,5,2.5,102,,116.435625,39.884075
,205,,爆肚馆·铜锅涮肉(光明楼店),鸡蛋炸馒头,爆肚馆·铜锅涮肉(光明楼店),"光明路13号亿兴大厦A座13-1号 | 营业时间:周一至周日 11:00-14:30,17:00-24:00 2026-02-15至2026-02-23 周一至周日 全天关闭 | 电话:13717736735",3.6,4.5,80,https://aos-comment.amap.com/B0FFGB3HAA/comment/4f2c8692eb8a582b661edf843bfd8ebd_2048_2048_80.jpg,116.435963,39.884667
,206,,莲COFFEE,coffee,莲COFFEE,地坛公园(东南角)(雍和宫地铁站A西北口步行300米) | 营业时间:周一至周日 09:00-18:00 | 电话:010-64461988,3.5,4.5,50,http://store.is.autonavi.com/showpic/64d8df62fc89262b6f24912445a76b0f,116.415946,39.951599
,206,,手工虾滑,中餐厅,手工虾滑,和平里西街51号中关村雍和航星园,7.2,2.4,25,,116.419425,39.952875
,206,,犟骨头(中关村雍和航星园店),大骨头,犟骨头(中关村雍和航星园店),和平里西街51号创新楼B座B1层 | 营业时间:周一至周日 10:00-20:00 | 电话:13121751308,9.4,3.9,37,,116.419697,39.952368
,206,,羊大全爆肚涮肉(雍和宫壹中心店),火锅店,羊大全爆肚涮肉(雍和宫壹中心店),和平里西街51号中关村雍和航星园B1层 | 营业时间:周一至周日 09:30-22:00 | 电话:13801003786,9.3,3.8,0,http://store.is.autonavi.com/showpic/baf4fce15212d878ad190c008e8b448d,116.419245,39.952531
,206,,金鼎轩(地坛店),豉汁蒸凤爪,金鼎轩(地坛店),和平里西街77号(雍和宫地铁站A西北口步行260米) | 营业时间:周一至周日 00:00-24:00 | 电话:010-64296699;13810256510,8.6,4.8,88,http://store.is.autonavi.com/showpic/6baf878c941bc67759d42b71c38eac3c,116.415913,39.951016
,206,,北平西四包子炒肝(雍和宫店),酸辣粉,北平西四包子炒肝(雍和宫店),和平里东街11号创新楼B座B1-B1号 | 营业时间:周一至周日 06:00-20:00 | 电话:18513412326,1.7,4.4,27,https://aos-comment.amap.com/B0K2SU9XYU/comment/176170061151_1761700626080_71687435.jpg,116.419373,39.952279
,206,,188麻辣香锅(雍和壹中心店),麻辣香锅,188麻辣香锅(雍和壹中心店),和平里西街51号雍和壹中心创新楼B座负一层联航美食街内 | 营业时间:周一至周日 10:00-20:30 | 电话:17278131727,4.3,3.9,37,http://store.is.autonavi.com/showpic/c590ebc7ba20f442b8ec66ce97724959,116.419687,39.952264
,207,,渔蓝海鲜火锅(首都宾馆店),双人餐,渔蓝海鲜火锅(首都宾馆店),首都宾馆A座一层大堂吧东北角 | 营业时间:周一至周日 16:30-21:30 | 电话:010-58159566,5.8,4.6,163,https://aos-comment.amap.com/B0JRZGS12N/comment/982239bae377647ec1abd48304e1a1e9_2048_2048_80.jpg,116.409635,39.902001
,207,,良苑烤鸭店(前门店),宫保鸡丁,良苑烤鸭店(前门店),"前门东大街14号楼前 | 营业时间:11:00-21:00,2026年春节期间07:00-09:30；10:30-21:00 | 电话:010-65122322",6.1,4.5,80,https://aos-comment.amap.com/B000A7C192/comment/5B6F0744_4E23_4727_BFA1_4FF00A1CB9F2_L0_001_2000_150_1760867253847_38700077.jpg,116.408677,39.900407
,207,,食鼎轩烤鸭·私房菜(北京王府井台基厂大街店),家常菜,食鼎轩烤鸭·私房菜(北京王府井台基厂大街店),"台基厂大街10-1号 | 营业时间:周一至周日 09:30-14:00,16:30-21:30 2026-05-01至2026-05-05 周一至周日 09:30-14:00,16:30-21:30 | 电话:010-63445868;18519118048",7.5,4.6,70,https://aos-comment.amap.com/B0KGRMA21S/comment/content_media_external_file_100003357_1767011828140_18373911.jpg,116.411861,39.903494
,207,,北京隆和居美食城(正义路店),干锅千页豆腐,北京隆和居美食城(正义路店),东华门街道正义路8号(原市政府斜对面) | 营业时间:周一至周日 10:00-22:30 | 电话:010-65263265;13520777900,5.9,4.4,73,https://store.is.autonavi.com/showpic/72fbdf46904d9ac20000002152518124?type=pic,116.406444,39.903414
,207,,松鹤楼(台基厂店),松鼠桂鱼,松鹤楼(台基厂店),"北京城区台基厂大街10号(东郊民巷小学旁) | 营业时间:周一至周日 11:00-14:00,17:00-21:00 2026-02-17至2026-02-23 周一至周日 11:00-14:00,16:30-21:00 | 电话:010-65278195;010-65279255",6.8,4.5,153,http://store.is.autonavi.com/query_pic?id=st4e59a81c-8dd5-4876-9cdf-1e3afe32ebe2&user=search&operate=original,116.411839,39.903469
,207,,君庭中餐厅(首都宾馆店),牛肉,君庭中餐厅(首都宾馆店),"前门东大街3号首都宾馆东北门门房 | 营业时间:周一至周日 11:00-14:00,17:00-21:00 | 电话:010-58159788",8.3,4.4,213,https://aos-comment.amap.com/comment/content_service__1771506306909_36408294_1771506354089_05149994.jpg,116.408956,39.902119
,207,,奥华餐厅老张记(台基厂店),虾仁独面筋,奥华餐厅老张记(台基厂店),北京城区台基厂大街18-3号 | 营业时间:周一至周日 10:30-21:30 | 电话:010-65129289;010-65244021,5.6,4.6,62,http://store.is.autonavi.com/showpic/a44d4745fdde65bc76e850f893a9937b,116.411937,39.902869
,208,,COSTA COFFEE(天润财富中心店),下午茶,COSTA COFFEE(天润财富中心店),朝阳门南小街26号院天润财富中心F1层 | 营业时间:周一至周五 07:00-20:00；周六至周日 07:30-16:30 | 电话:010-65222077;18600040832,1.7,4.5,33,http://store.is.autonavi.com/showpic/b2685cfda9eb48e64777749884508fa1,116.4277,39.911114
,208,,湛蓝餐厅,中餐厅,湛蓝餐厅,"北京城区建国门内大街26号新闻大厦23层 | 营业时间:周一至周日 11:00-14:30,17:00-21:30 | 电话:010-65012777;010-65027177;18518117517",5.3,4.5,111,https://aos-comment.amap.com/B0LGFHJ04X/comment/content_media_external_file_1000054591_ss__1757542319674_80112075.jpg,116.42175,39.907311
,208,,唐宫 · 粤菜海鲜(好苑店),唐宫虾饺皇,唐宫 · 粤菜海鲜(好苑店),北京城区建国门内大街17号 | 营业时间:周六至周日 08:00-21:30；周一至周五 09:00-21:30 2026-02-17至2026-02-23 周一至周日 08:00-22:00 | 电话:010-65131288;13520894659,6.2,4.6,123,http://store.is.autonavi.com/showpic/59f54d6ee1c5db1ed9e10601fc6e044d,116.423379,39.90962
,208,,方砖厂69号炸酱面(北京站店),炸酱面,方砖厂69号炸酱面(北京站店),北京城区朝阳门内南小街387号 | 营业时间:周一至周日 09:00-21:30 2026-05-01至2026-05-05 周一至周日 09:00-21:30 | 电话:010-65284331,5.5,4.7,47,http://store.is.autonavi.com/showpic/8fd75927616afe3a13265e589174806e,116.426509,39.913012
,208,,谭记合勝·潮汕牛肉火锅(王府井店),牛肉,谭记合勝·潮汕牛肉火锅(王府井店),"建国门内大街65号2幢 | 营业时间:周一至周五 11:00-14:00,17:00-22:00；周六至周日 11:00-22:00 2026-05-01至2026-05-05 周一至周日 00:00-24:00 | 电话:010-65226655",8.3,4.6,114,http://store.is.autonavi.com/showpic/201e3ef6660593bb575d57c3655f3a7b,116.421041,39.909698
,208,,束河人家(东单店),芝士丸,束河人家(东单店),北极阁胡同10号(东单地铁站B东北口步行330米) | 营业时间:周一至周日 11:00-22:00 | 电话:010-56183919;010-65126577,2.4,4.7,157,http://store.is.autonavi.com/showpic/a4c7069596a6ac19ea79b718d07d28a9,116.421348,39.910102
,208,,京坛中餐厅,韭菜盒子,京坛中餐厅,"建国门内大街17号好苑建国酒店2层 | 营业时间:周一至周日 11:30-14:00,17:30-22:00 | 电话:010-65286666",0.9,3.8,175,http://store.is.autonavi.com/showpic/2f247fec57a524b5ab67cc6ea7aa4caa,116.423375,39.909625
,208,,南门涮肉(东单店),麻酱,南门涮肉(东单店),建国门内大街26号新闻大厦北门3层 | 营业时间:周一至周日 10:30-22:30 | 电话:010-85628899,0.9,4.8,135,https://aos-comment.amap.com/B0FFFPGBW3/comment/%5B2026-02-28-11-01-10%5D5FBE9B7F-41AF-4070-B332-52EB24D44B6_1772247670909_57726548.jpg,116.421739,39.907405
,210,,老根山庄(前门一店),东北大拉皮,老根山庄(前门一店),小江胡同34号(近刘老根大舞台) | 营业时间:周一至周日 10:00-21:00 | 电话:18519085858,0.6,4.6,94,http://store.is.autonavi.com/showpic/6820feefab4e73aa4846c5b459b0ce43,116.400645,39.893839
,210,,台湾蚵仔煎,中餐厅,台湾蚵仔煎,南晓顺胡同与大江胡同交叉口西80米,8,2.9,34,https://store.is.autonavi.com/showpic/17dc04a642e98bc255f60772e845e802,116.399569,39.895164
,210,,内江牛肉面,内江牛肉面,内江牛肉面,鲜鱼口街与肉市街交叉口东南80米,4.1,3.1,31,,116.399375,39.895675
,210,,聚宝源(前门店),双人餐,聚宝源(前门店),北京城区鲜鱼口街与肉市街交叉口东80米 | 营业时间:周一至周日 10:00-23:30 | 电话:010-67023350;13718257631,9.2,4.6,108,http://store.is.autonavi.com/query_pic?id=sta00d5c6c-2982-4522-bff3-db768d93c6ea&user=search&operate=original,116.399454,39.896071
,210,,力力餐厅(鲜鱼口老字号美食街店),担担面,力力餐厅(鲜鱼口老字号美食街店),鲜鱼口78号(前门地铁站I西南口步行450米) | 营业时间:周一至周日 09:00-21:00 2026-05-01至2026-05-05 周一至周日 09:00-21:00 | 电话:010-67019791,6.6,4.5,32,https://aos-comment.amap.com/B000A8ULH0/comment/00778da1a271319dc36e4391950976c7_2048_2048_80.jpg,116.399741,39.896106
,210,,花聚小馆·海鲜火锅(上地店),海鲜火锅,花聚小馆·海鲜火锅(上地店),得丰西巷与前门东路交叉口东南20米 | 营业时间:周一至周日 11:00-23:00,6.6,3.3,225,,116.401325,39.895275
,210,,乌兰察布涮肉,涮肉,乌兰察布涮肉,鲜鱼口街与肉市街交叉口东南80米,5.1,3.4,0,https://store.is.autonavi.com/showpic/1f45db4a32819ef8c601643135827a51,116.399325,39.895575
,210,,峨嵋酒家(鲜鱼口老字号美食街店),烤鸭,峨嵋酒家(鲜鱼口老字号美食街店),鲜鱼口74号(前门地铁站I西南口步行450米) | 营业时间:周一至周日 09:00-22:00 | 电话:010-65113266,1.2,4.5,76,http://store.is.autonavi.com/query_pic?id=sta3d26f05-8118-42b7-a7c0-393a27aa4c98&user=search&operate=original,116.399764,39.896081
,210,,璟雅轩烤鸭·一鸭九吃(前门旗舰店),烤鸭,璟雅轩烤鸭·一鸭九吃(前门旗舰店),鲜鱼口8991号 | 营业时间:周一至周日 10:30-21:30 | 电话:010-89035611;15321823138,1.9,4.7,79,https://aos-comment.amap.com/comment/content_service_e9ee847ae86f4c4e6bd72b1862ae9fa8_1768115737846_92337062.jpg,116.399552,39.896154
,210,,牛肉面不要面(鲜鱼口店),牛肉面,牛肉面不要面(鲜鱼口店),鲜鱼口街79号(前门地铁站G东南口步行410米) | 营业时间:周一至周日 10:30-21:30,4.5,4.5,35,https://store.is.autonavi.com/showpic/3e10f020ad67eade0000001283250796?type=pic,116.400112,39.89624
,210,,天兴居(鲜鱼口老字号美食街店),猪肉大葱包子,天兴居(鲜鱼口老字号美食街店),前门鲜鱼口街81-83号(前门地铁站G东南口步行430米) | 营业时间:周一至周日 06:30-21:00 | 电话:010-67116865,5.6,4.6,32,http://store.is.autonavi.com/showpic/23164ce6d87e86bb41b0b492251d3119,116.399847,39.896211
,210,,河沿肉饼(鲜鱼口老字号美食街店),肉饼,河沿肉饼(鲜鱼口老字号美食街店),"北京城区鲜鱼口街79号 | 营业时间:09:00-23:00,2026年5月1日至2026年5月5日 09:00-23:00 | 电话:010-89555977",1.6,4.5,42,https://aos-comment.amap.com/B0LRO5VPVR/comment/CEE7E138_208A_4C70_B089_0060F6264840_L0_001_1284_159_1768124512234_20925579.jpg,116.400027,39.896206
,210,,锦芳(鲜鱼口店),豆汁,锦芳(鲜鱼口店),前门鲜鱼口美食街85号(前门地铁站I西南口步行480米) | 营业时间:周一至周日 07:00-20:30 | 电话:010-67022283,4.1,4.6,24,http://store.is.autonavi.com/showpic/1ee62cdb4485c58c1aa6f1e07b76e9bb,116.399791,39.896205
,210,,便宜坊烤鸭(鲜鱼口老字号美食街店),酥海带膀丝,便宜坊烤鸭(鲜鱼口老字号美食街店),鲜鱼口街65-77号(前门地铁站G东南口步行350米) | 营业时间:周一至周日 16:30-21:00 | 电话:010-67132536,3.5,4.6,111,http://store.is.autonavi.com/showpic/5f8b3d7609853d54e78fabf3b9c06a90,116.400768,39.89644
,211,,吾肆WUSI FLORA CAFE&BAR(胡同店),下午茶,吾肆WUSI FLORA CAFE&BAR(胡同店),方家胡同与公益巷交叉口东南20米 | 营业时间:周一至周日 12:00-18:30 | 电话:17310660715,4.4,4.6,81,https://aos-comment.amap.com/B0J3UA01JS/comment/05e86dc1dbb53a49a07b2f690b6b9d7c_2048_2048_80.jpg,116.411338,39.943999
,211,,老北京皇城饺子坊,中餐厅,老北京皇城饺子坊,安定门内大街与国子监街交叉口东南20米,9.1,3.2,0,https://store.is.autonavi.com/showpic/bc16686fd60ecbf96bbcc614980dd515,116.408566,39.945252
,211,,TOWN HOUSE 北欧咖啡(国子监店),卡布奇诺,TOWN HOUSE 北欧咖啡(国子监店),国子监街76号 | 营业时间:周一至周日 09:30-19:00 | 电话:010-60177760;18513958365,5.1,4.6,59,http://store.is.autonavi.com/showpic/c9efdd098e6ed475ce554935a69271ab,116.409654,39.945367
,211,,门框胡同百年卤煮(安定门店),卤煮,门框胡同百年卤煮(安定门店),安定门内大街163号1层 | 营业时间:周一至周日 10:00-21:30 | 电话:13691236942,5.6,4.6,38,https://aos-comment.amap.com/B0G147DGNN/comment/content_media_external_file_1000071385_ss__1753063580931_14756338.jpg,116.408153,39.944618
,211,,坐标XY(成贤街店),咖啡厅,坐标XY(成贤街店),方家胡同46号院 | 营业时间:周一至周二 13:00-01:00；周三至周日 13:00-02:00 | 电话:18511859688,0.6,4.6,70,https://aos-comment.amap.com/B000A8ZINJ/comment/D5D34657_7DE3_4C38_91E9_7B9C1698B6FF_L0_001_1500_200_1764597769281_02563569.jpg,116.411408,39.943872
,211,,洄游Swim cafe,咖啡厅,洄游Swim cafe,北京城区国子监37号(77文创国子监正对面) | 营业时间:周一至周日 11:00-18:00 2026-02-16至2026-02-20 周一至周日 全天关闭 | 电话:13260052587;13718995402,1.4,4.6,52,https://aos-comment.amap.com/comment/content_service__1769252346636_97237098_1769252469193_06158615.jpg,116.410736,39.945505
,211,,老北京家常菜(安定门内大街),家常菜,老北京家常菜(安定门内大街),安定门内大街130号近安定门地铁口 | 营业时间:周一至周日 10:00-21:30 | 电话:13611258678,6.6,3.8,81,https://aos-comment.amap.com/B000A7I4Y4/comment/58b38241c97574122e507ad66e226a99_2048_2048_80.jpg,116.408621,39.945154
,211,,The Nostalgia(成贤街店),椰子,The Nostalgia(成贤街店),安定门内大街161号 | 营业时间:周二至周日 10:00-01:00；周一 10:00-19:00 2026-02-16至2026-02-16 周一 全天关闭 | 电话:13691189114,5.4,4.6,64,https://aos-comment.amap.com/B0GUC5867J/comment/ffb91e0101a249e53189d1ce7481c33b_2048_2048_80.jpg,116.408175,39.944625
,211,,缪家婆包子铺(成贤街店),炒肝,缪家婆包子铺(成贤街店),安定门内大街142号(方家胡同车站路东面) | 营业时间:周一至周日 05:00-20:30 | 电话:13621198620;18007058757,4.9,4.6,27,http://store.is.autonavi.com/showpic/45d948d64063ac4739ce72524796566e,116.408601,39.944925
,211,,揽月斋炙子烤肉·清真(五道营总店),炙子烤肉～烧烤,揽月斋炙子烤肉·清真(五道营总店),北京城区安定门内大街140号 | 营业时间:周一至周日 10:00-22:00 | 电话:010-64005040,1.3,4.6,85,https://aos-comment.amap.com/B0FFGB33DM/comment/f01f4784b780489577e98b7ae0c3c493_2048_2048_80.jpg,116.408583,39.94497
,211,,晓莉肉饼(成贤街店),肉饼,晓莉肉饼(成贤街店),安定门内大街166号 | 营业时间:周一至周日 10:00-22:00 | 电话:13520254100,8.4,4.4,34,https://aos-comment.amap.com/B0FFLQ1FRO/comment/content_media_external_file_135680_ss__1761357595317_23092546.jpg,116.408587,39.944549
,211,,晓林火锅(安定门店),蔬菜拼盘,晓林火锅(安定门店),"安定门内大街168号 | 营业时间:10:00-05:00,2026年5月1日至2026年5月5日 10:00-05:00 | 电话:13718939034",8.4,4.6,59,http://store.is.autonavi.com/showpic/b14d478c3ccfd14cf9e1b1cb87b0630a,116.408617,39.944612
,211,,安内老马稍麦(安定门店),锡盟羊肉烧卖,安内老马稍麦(安定门店),"安定门内大街112号(安定门地铁站A西北口步行480米) | 营业时间:周一至周日 09:30-14:30,16:30-21:30 | 电话:13241461348",1,4.6,51,http://store.is.autonavi.com/showpic/4f2f728b615215e74c16d073b77b9e3c,116.408581,39.945857
,211,,晓林香河肉饼(成贤街店),香河肉饼,晓林香河肉饼(成贤街店),安定门内大街168号 | 营业时间:周一至周日 10:00-22:00 | 电话:13520254100;13904121696,7.6,4.4,31,https://aos-comment.amap.com/B0FFHGG8MM/comment/7C3FB92C_B49B_44BC_AB04_1C9C5F908FDC_L0_001_2000_150_1764724226854_55104671.jpg,116.408621,39.944554
,212,,山东煎饼果子,,山东煎饼果子,小鹁鸽胡同与大鹁鸽胡同交叉口西80米 | 营业时间:周一至周日 10:00-20:00,3,3.1,15,,116.412525,39.921325
,212,,luckin coffee 瑞幸咖啡(国际艺苑大酒店店),coffee,luckin coffee 瑞幸咖啡(国际艺苑大酒店店),国际艺苑大酒店西门旁 | 营业时间:周一至周日 07:00-21:00 | 电话:4000100100,1.6,4.5,23,https://store.is.autonavi.com/showpic/c287706810a95e84ab635a931ccf264d?operate=original,116.411347,39.919319
,212,,胖格格小馆,中餐厅,胖格格小馆,王府井报房胡同101西口首都剧院北 | 营业时间:周一至周日 08:30-22:00 | 电话:18310008571,7.7,4.1,35,http://store.is.autonavi.com/showpic/491fd1b9e0fab228633783e27299219a,116.411661,39.92204
,212,,北京金茂万丽酒店·万丽轩,杨枝甘露,北京金茂万丽酒店·万丽轩,王府井大街57号北京金茂万丽酒店2层 | 营业时间:周一至周日 17:30-22:00 | 电话:010-65208847;010-65208888,8.9,4.5,267,https://aos-comment.amap.com/B0FFFFZ5B2/comment/6593c8442f11f560481725766511807a_2048_2048_80.jpg,116.410361,39.921208
,212,,老北京铜锅涮肉,火锅店,老北京铜锅涮肉,报房胡同101号(首都剧场北侧) | 营业时间:周一至周日 10:30-21:15,3.5,3.8,87,http://store.is.autonavi.com/showpic/3e699aa3f380c41192706ff8cff0cb15,116.411712,39.921965
,212,,国强兰州拉面,烤串,国强兰州拉面,报房胡同63号西门(东四地铁站G西南口步行480米) | 营业时间:周一至周日 10:00-23:30 | 电话:13070136981;13801081356,6.9,4.3,34,https://store.is.autonavi.com/showpic/80aaa4992f19a6483c41512caca7b7cc,116.414031,39.921986
,212,,北京华侨大厦睿世酒店·嘉禾,米粉,北京华侨大厦睿世酒店·嘉禾,"王府井大街2号北京华侨大厦睿世酒店1层 | 营业时间:周一至周日 06:30-10:30,11:30-21:00 | 电话:010-65136666",4.6,4.4,134,https://aos-comment.amap.com/B0IB3A8AFL/comment/content_media_external_file_102674_ss__1745941141683_18761567.jpg,116.4113,39.923507
,212,,御香苑中餐厅(华侨大厦店),菌汤,御香苑中餐厅(华侨大厦店),"王府井大街2号华侨大厦2层 | 营业时间:周一至周日 11:30-14:00,17:30-21:00",6.9,4.1,264,http://store.is.autonavi.com/showpic/e9cb4b6d1430777588fdd3bd3651e720,116.41132,39.923491
,212,,库迪咖啡(王府77店),鲜气杨梅新品,库迪咖啡(王府77店),王府井大街77号A座1层(北侧) | 营业时间:周一至周五 08:00-18:00 | 电话:15646599030,7.4,4.7,9,https://store.is.autonavi.com/showpic/7b0db620ddccbe9ff42ce59100617216?operate=original?operate=original?operate=original?operate=original,116.410334,39.920712
,212,,老北京丰泽居,麻酱,老北京丰泽居,报房胡同金芳真综合商店旁(东四地铁站G西南口步行430米) | 营业时间:周一至周日 10:30-01:00 | 电话:010-85117802;13801232890,8.8,4.7,0,https://aos-comment.amap.com/B000A7ZOWR/comment/content_media_external_file_1000060693_ss__1757725385551_94772976.jpg,116.414519,39.922033
,214,,温鼎府·海鲜火锅(前门23号院店),吊龙,温鼎府·海鲜火锅(前门23号院店),"前门东大街前门23号院内(正阳门东10米) | 营业时间:周一至周日 10:30-14:00,17:00-21:00 | 电话:010-65270128;18511277666",9,4.8,449,https://aos-comment.amap.com/B0FFGY9C9P/comment/20260311-1d567d50501b235ec0187643-1dDlZRj3ke29HABxG27BOP.jpg,116.401055,39.901156
,214,,北京隆和居美食城(正义路店),干锅千页豆腐,北京隆和居美食城(正义路店),东华门街道正义路8号(原市政府斜对面) | 营业时间:周一至周日 10:00-22:30 | 电话:010-65263265;13520777900,3.1,4.4,73,https://store.is.autonavi.com/showpic/72fbdf46904d9ac20000002152518124?type=pic,116.406444,39.903414
,214,,金宅门烤鸭店(前门东大街店),酱瓜鸡丁,金宅门烤鸭店(前门东大街店),前门东大街18号(前门地铁站E2北口步行230米) | 营业时间:周一至周日 11:00-21:30 | 电话:010-67058229;15810157215,1.8,4.5,75,http://store.is.autonavi.com/showpic/8d724dd6611a3d08850db2f99ceb5275,116.402167,39.900109
,215,,前门小院,中餐厅,前门小院,前门东路与前门大街交叉口东南40米(前门地铁站E2北口旁),0.5,3.7,124,https://store.is.autonavi.com/showpic/8b9650167c348676ec099b328f4e863c,116.400128,39.899476
,215,,温鼎府·海鲜火锅(前门23号院店),吊龙,温鼎府·海鲜火锅(前门23号院店),"前门东大街前门23号院内(正阳门东10米) | 营业时间:周一至周日 10:30-14:00,17:00-21:00 | 电话:010-65270128;18511277666",9.1,4.8,449,https://aos-comment.amap.com/B0FFGY9C9P/comment/20260311-1d567d50501b235ec0187643-1dDlZRj3ke29HABxG27BOP.jpg,116.401055,39.901156
,215,,南门铜锅涮肉(前门总店)?正宗炭火铜锅涮肉,嫩滑牛肉,南门铜锅涮肉(前门总店)?正宗炭火铜锅涮肉,前门大街甲2号中国铁道博物馆同楼南侧 | 营业时间:周一至周日 10:00-22:30 | 电话:010-67016818;15701334198,6.3,4.6,111,https://store.is.autonavi.com/showpic/be195fb1fc6ea83cafda3a52739f4bdb,116.400163,39.899557
,215,,金满山老北京铜锅涮肉(前门总店),涮肉,金满山老北京铜锅涮肉(前门总店),前门大街甲2号1幢1层(前门地铁站E2北口旁) | 营业时间:周一至周日 10:00-24:00 | 电话:010-67016818,9.3,4.2,119,https://aos-comment.amap.com/B0JA9RGH7J/comment/c21c5ce5ea3e5d8453d7f97072df47e6_2048_2048_80.jpg,116.400104,39.899583
,215,,京宝源南门涮肉(前门店),火锅店,京宝源南门涮肉(前门店),北京城区前门大街甲2号升旗宾馆内(地铁2号线前门站E2出口及是) | 营业时间:周一至周日 10:00-24:00 | 电话:13031150901,9.9,4.4,91,https://store.is.autonavi.com/showpic/4b76a6199e390f94dbe4ef51e34b07bb,116.400276,39.899411
,215,,前门涮肉,火锅店,前门涮肉,前门东路与前门大街交叉口东20米(前门地铁站E2北口旁),6.6,2.4,107,,116.400091,39.899686
,215,,福越楼·老北京铜锅涮肉(前门店),火锅店,福越楼·老北京铜锅涮肉(前门店),前门东大街16号福越楼烤鸭店地面停车场(前门地铁站E2北口步行240米) | 营业时间:周一至周日 07:00-22:00 2026-05-01至2026-05-05 周一至周日 07:00-22:00 | 电话:010-67026285,4.5,4,67,https://store.is.autonavi.com/showpic/370c8d08985d20496d1b79009ccb6f1d,116.402875,39.900125
,215,,老北京炸酱面(前门东大街店),炸酱面,老北京炸酱面(前门东大街店),前门东大街16-5号附近(前门地铁站E2北口步行300米) | 营业时间:周一至周日 05:00-18:00 | 电话:010-67020328;13901379187;18515822226,9.2,4.2,42,https://store.is.autonavi.com/showpic/aae38db1e3a011f69ddf77cf20990957,116.402873,39.900148
,215,,金宅门烤鸭店(前门东大街店),酱瓜鸡丁,金宅门烤鸭店(前门东大街店),前门东大街18号(前门地铁站E2北口步行230米) | 营业时间:周一至周日 11:00-21:30 | 电话:010-67058229;15810157215,1.5,4.5,75,http://store.is.autonavi.com/showpic/8d724dd6611a3d08850db2f99ceb5275,116.402167,39.900109
,216,,CLOVER COFFEE,coffee,CLOVER COFFEE,国瑞城中区,7.4,3.4,23,https://store.is.autonavi.com/showpic/b4ea6982747e48e6b5f94594c631b00e,116.423918,39.897431
,216,,绝味鸭脖(西花市大街店),招牌毛豆,绝味鸭脖(西花市大街店),西花市大街55号 | 营业时间:周一至周日 09:30-22:00 | 电话:4009995917,8.8,4.1,26,https://img.alicdn.com/imgextra/i3/O1CN01uzSDbN1kxYQTOAcyJ_!!6000000004750-0-tps-712-712.jpg,116.422729,39.897465
,216,,清真大顺斋食品店(崇文门店),清真菜馆,清真大顺斋食品店(崇文门店),国瑞城中区13号楼1层110号大顺斋食品店第七营业部 | 营业时间:周一至周日 09:00-21:00 | 电话:15811351721,0.4,4.3,23,http://store.is.autonavi.com/showpic/ed332715cd6e5081407fb0c119734099,116.42152,39.897323
,216,,四叶草咖啡(西花市大街店),芝士蛋糕,四叶草咖啡(西花市大街店),西花市大街与国瑞东路交叉口西100米 | 营业时间:周一至周五 08:00-20:00；周六至周日 09:00-20:00 | 电话:010-67173738;18514553738,1.1,4.2,34,https://aos-comment.amap.com/B0J2OUKHF8/comment/04dda471c0cd1838aebc240bfcaaf1af_2048_2048_80.jpg,116.423775,39.897384
,216,,清真·鸦儿李记·涮肉(花市店),鲁西肥牛,清真·鸦儿李记·涮肉(花市店),西花市大街80号3-5 | 营业时间:周一至周日 10:00-22:00 | 电话:010-67115835,3.5,4.7,81,https://aos-comment.amap.com/B0GDSOR4O1/comment/content_media_external_file_100000463_1746445368829_23204322.jpg,116.423566,39.897135
,219,,静水StillWater,coffee,静水StillWater,鼓楼东大街69号 | 营业时间:周一至周日 09:30-20:00 2026-02-17至2026-02-17 周一至周日 全天关闭 | 电话:13146409696,6.1,4.7,59,https://aos-comment.amap.com/B0FFF0616A/comment/content_media_external_file_1000025245_ss__1770882874067_98147674.jpg,116.405482,39.941009
,219,,Cafe Zarah(鼓楼东大街店),下午茶,Cafe Zarah(鼓楼东大街店),鼓楼东大街46号 | 营业时间:周一至周日 09:30-01:30 | 电话:010-84039807,9.5,4.6,56,https://aos-comment.amap.com/B0FFFAIZA1/comment/d02b100c66008afa0340c488b7762fe0_2048_2048_80.jpg,116.406204,39.940746
,219,,蜀签签-乐山飘香串串香(南锣鼓巷店),五花肉,蜀签签-乐山飘香串串香(南锣鼓巷店),鼓楼东大街71号 | 营业时间:周一至周日 11:00-24:00 2026-05-01至2026-05-05 周一至周日 11:30-24:00 | 电话:010-84025957;13511085978,5.8,4.5,77,https://aos-comment.amap.com/comment/content_service__1770170323432_20059888_1770170332612_85223524.jpg,116.405464,39.941002
,219,,菊儿人家(南锣鼓巷店),卤肉饭,菊儿人家(南锣鼓巷店),北京城区菊儿胡同63号(奇葩奶奶家对面) | 营业时间:周一至周日 11:00-21:30 | 电话:13911576527,0.7,4.5,36,http://store.is.autonavi.com/showpic/96b2e2c10965fda78f0e40d48e13aa63,116.404002,39.939987
,219,,聚宝源(什刹海·鼓楼店),双人餐,聚宝源(什刹海·鼓楼店),北京城区鼓楼东大街26号 | 营业时间:周一至周日 11:00-24:00 | 电话:010-88808600,8.7,4.7,130,http://store.is.autonavi.com/query_pic?id=sta00d5c6c-2982-4522-bff3-db768d93c6ea&user=search&operate=original,116.406953,39.940753
,219,,胜利咖啡,咖啡厅,胜利咖啡,北京城区北京城区南锣鼓巷菊儿胡同14号南锣剧场北门 | 营业时间:周一至周日 10:00-19:00 | 电话:15690093319;15810568142,0.8,3.5,21,https://store.is.autonavi.com/showpic/1d28b3de0d9a725e1054731ea8750b6d,116.404268,39.939018
,219,,姨姨(面馆),抄手,姨姨(面馆),"交道口南大街15号亚朵酒店南侧寿比胡同内 | 营业时间:周一至周日 11:00-14:00,17:00-21:00 2026-02-10至2026-03-04 周一至周日 全天关闭 | 电话:13350958536",2.3,4.6,41,https://aos-comment.amap.com/B0LARK0FKF/comment/646901B7_F8AC_431E_A3C5_C83583355F6E_L0_001_1622_200_1749719127112_90704313.jpg,116.407975,39.940025
,219,,库迪咖啡(交道口亚朵酒店大堂店),杨枝甘露,库迪咖啡(交道口亚朵酒店大堂店),交道口南大街15号2幢1层1-3号亚朵酒店1层 | 营业时间:周一至周日 08:00-19:00 | 电话:15201153963,8.8,4.3,9,https://store.is.autonavi.com/showpic/7b0db620ddccbe9ff42ce59100617216?operate=original?operate=original?operate=original?operate=original,116.408257,39.940224
,219,,鼓楼金记涮肉(南锣鼓巷总店),牛羊双拼大长板,鼓楼金记涮肉(南锣鼓巷总店),交道口南大街25号 | 营业时间:周一至周日 10:00-22:30 2026-02-17至2026-02-23 周一至周日 10:30-18:00 | 电话:010-64028370;13264301465,9.2,4.6,81,https://aos-comment.amap.com/B0HRV5U9QG/comment/4cef8077de9fc947a024d7865b8b598e_2048_2048_80.jpg,116.408249,39.939911
,219,,京妞儿面馆(南锣鼓巷店),猪蹄,京妞儿面馆(南锣鼓巷店),交道口南大街39号 | 营业时间:周一至周日 10:00-22:00 | 电话:15600911135,1,4.5,40,https://aos-comment.amap.com/comment/content_service__1770455765431_96086986_1770455774136_96043189.jpg,116.408221,39.938077
,219,,鼓楼熹市.筋头巴脑羊蝎子,素菜,鼓楼熹市.筋头巴脑羊蝎子,鼓楼东大街73号(公交车小经厂站旁) | 营业时间:周一至周日 11:00-24:00 | 电话:13621149615,4.4,4.3,103,http://store.is.autonavi.com/showpic/c13f0cdf223db7444f040d7cf349a3cf,116.405388,39.940927
,219,,北城兄弟老北京铜火锅,羊肉,北城兄弟老北京铜火锅,鼓楼东大街东公街胡同27号 | 营业时间:周一至周日 11:30-22:00 | 电话:18600548972;18610095224,2.8,4.3,111,https://aos-comment.amap.com/B0FFFOI5OG/comment/df609837ea4ae6ad778c8c37e65b6f83_2048_2048_80.jpg,116.40674,39.94104
,219,,蟹叁寳·蟹黄捞饭(北京鼓楼店),蟹黄捞饭,蟹叁寳·蟹黄捞饭(北京鼓楼店),鼓楼东大街71-1号 | 营业时间:周一至周日 11:00-22:00 2026-02-16至2026-02-16 周一 全天关闭 | 电话:13505322621,1.3,4.6,128,http://store.is.autonavi.com/showpic/f35757a341bce605955d265c6aa39745,116.405257,39.941002
,220,,somethin′brewin′coffee,coffee,somethin′brewin′coffee,东直门北小街22号(华侨博物馆对面) | 营业时间:周一至周五 09:30-19:00；周六至周日 10:00-19:00 | 电话:17611681911,6,4.3,26,https://store.is.autonavi.com/showpic/17eba1e543ffab2413c002343bc50911,116.425814,39.943063
,220,,老翟记(簋街总店),中餐厅,老翟记(簋街总店),北沟沿胡同与大菊胡同交叉口北100米,0.2,2.5,110,,116.423975,39.941175
,220,,琼鲜记海南糟粕醋火锅,双人餐,琼鲜记海南糟粕醋火锅,北京城区东直门内大街186号 | 营业时间:周一至周四 11:00-23:00；周五至周日 11:00-24:00 | 电话:18611560722,1.2,4.5,103,https://aos-comment.amap.com/B0IGDA8G85/comment/36BC16CC_8DC4_4579_9568_A0995C7D256C_L0_001_2000_112_1768298325850_64093647.jpg,116.423006,39.940837
,220,,嘉陵楼馋嘴城(簋街总店),口水鸡,嘉陵楼馋嘴城(簋街总店),东直门内大街183号 | 营业时间:周一至周日 10:00-02:00 | 电话:010-62227868,4.4,4.6,106,https://aos-comment.amap.com/B0JG4HBR3R/comment/e808ed75f9593ab21e741ce9e4e4e2f4_2048_2048_80.jpg,116.423245,39.941302
,220,,簋街仔仔小龙虾(总店),小龙虾,簋街仔仔小龙虾(总店),东直门内大街181号 | 营业时间:周一至周日 17:00-04:00 | 电话:010-64055537,4.3,4.4,135,http://store.is.autonavi.com/showpic/b2b9bc3964bb0a05aec26a5c57778809,116.423521,39.941219
,220,,百年前门铜锅涮肉(簋街·雍和宫11店),手切鲜羊上脑,百年前门铜锅涮肉(簋街·雍和宫11店),北京城区东直门内大街188号1幢等2幢 | 营业时间:周一至周日 06:00-02:00 | 电话:010-68887918;18515346819;18518269217,3.8,4.5,67,https://store.is.autonavi.com/showpic/9e0d61ab0a20f2f7d72d6b9f6218e754,116.423027,39.940873
,220,,南门涮肉(簋街店),涮肉,南门涮肉(簋街店),东直门内大街150-8号 | 营业时间:周一至周日 11:00-02:00 2026-02-10至2026-03-04 周一至周日 11:00-05:00 | 电话:13501231389,7.9,4.5,88,https://aos-comment.amap.com/B0KD7SVLS2/comment/content_media_external_file_1000094024_ss__1769915192030_36313097.jpg,116.425082,39.940834
,220,,御鼎涮羊,火锅店,御鼎涮羊,东直门内大街179号 | 营业时间:周一至周日 00:00-24:00,7.8,3.4,129,https://store.is.autonavi.com/showpic/14845be7fef12690afb66b95ea7fda0e,116.423992,39.941221
,220,,烤猪手(簋街店),烤串,烤猪手(簋街店),北新桥街道簋街东直门内大街187号 | 营业时间:周一至周日 17:00-01:30 | 电话:13520768860,7,3.9,39,https://aos-comment.amap.com/B0FFJ1TLOU/comment/176862178462_1768621802386_43100792.jpg,116.423175,39.941205
,220,,重庆街头小面,牛肉,重庆街头小面,东直门南小街1号 | 营业时间:周一至周日 10:00-23:30 | 电话:18696850678,1.6,4.4,30,https://aos-comment.amap.com/B0FFH12ZJE/comment/content_media_external_file_100012621_1772847625006_86973387.jpg,116.425416,39.940859
,220,,火凤凰重庆火锅(东直门店),牛蛙火锅,火凤凰重庆火锅(东直门店),北京城区东直门内大街15-5号 | 营业时间:周一至周日 10:30-03:00 | 电话:010-84064930,7.4,4.7,152,http://store.is.autonavi.com/showpic/daa376f26263597f86ffdfab326488d0,116.426691,39.941319
,220,,西域阿达西美食,羊肉,西域阿达西美食,东直门内大街154号 | 营业时间:周一至周日 10:00-24:00 | 电话:13299790353;18518989000,3.7,3.9,44,http://store.is.autonavi.com/showpic/3b698a6a93a0d34e672764cfbe827bd5,116.424585,39.940817
,220,,簋街老徐龙虾·牛蛙·烤鱼·川湘菜(东直门总店),蒜蓉小龙虾,簋街老徐龙虾·牛蛙·烤鱼·川湘菜(东直门总店),东直门内大街15-5号 | 营业时间:周一至周日 11:00-00:30 | 电话:18511525777,7.1,4.5,109,http://store.is.autonavi.com/showpic/29b9ba23d0d43ace36388a5a8a3c61a0,116.426845,39.941344
,221,,库迪咖啡(北京医院店),【柚味臻选,库迪咖啡(北京医院店),东单大华路1号北京医院门诊楼B1层(门诊楼餐厅内) | 营业时间:周一至周五 07:00-17:00 | 电话:13681458654,6.5,4.2,9,https://store.is.autonavi.com/showpic/7b0db620ddccbe9ff42ce59100617216?operate=original?operate=original?operate=original?operate=original,116.415409,39.904389
,221,,三旬咖啡,咖啡厅,三旬咖啡,崇文门内大街9号东单公园(东单地铁站H西南口步行430米) | 营业时间:周一至周日 08:00-20:00 | 电话:13073750520,3.8,4.5,36,https://aos-comment.amap.com/B0LUOMINJI/comment/AF2F7AFB_BAFC_4596_B767_481F510A2151_L0_001_1500_200_1750655556066_32956965.jpg,116.416302,39.905272
,221,,家常菜,家常菜,家常菜,船板胡同东交民巷小学西侧约40米 | 营业时间:周一至周日 05:30-20:00 | 电话:13522550689,0.3,3.7,73,https://store.is.autonavi.com/showpic/c6b609acf715a4d50cb370eefd278cff,116.41894,39.9042
,221,,内蒙古驻京办餐厅,泉水煮手把肉,内蒙古驻京办餐厅,"崇文门内大街2号内蒙古大厦3层 | 营业时间:周一至周日 11:00-14:00,17:00-21:00 | 电话:010-65228118",3,4.6,162,https://aos-comment.amap.com/B000A97THT/comment/8B84E191_B7A4_499B_B29C_BBE40EC068B6_L0_001_1170_153_1765024782240_31967633.jpg,116.419064,39.905583
,221,,宏状元现熬粥·京味菜(崇文门店),肉饼,宏状元现熬粥·京味菜(崇文门店),北京城区大华路4号北京医院东门(崇文门地铁站E西北口步行320米) | 营业时间:周一至周日 06:00-22:00 2026-05-01至2026-05-05 周一至周日 06:00-22:00 | 电话:010-65120863;15810450289,0.5,4.5,46,http://store.is.autonavi.com/showpic/32ad07acf3de3bb2e176ec0df1ea077a,116.416408,39.903519
,223,,老北京铜锅涮肉,中餐厅,老北京铜锅涮肉,东黄城根南街与五四大街交叉口西南20米,0.2,3.8,71,,116.406687,39.924152
,223,,悦仙美食,丸子,悦仙美食,"翠花胡同31号(美术馆斜对面) | 营业时间:周一至周日 11:00-14:00,17:00-21:00 | 电话:010-65245322",7.8,4.3,88,http://store.is.autonavi.com/showpic/5c50d3e8ad12a9084a090ee89d857e61,116.408216,39.92366
,223,,大海碗·炸酱面·烤鸭·京菜(故宫店),双人餐,大海碗·炸酱面·烤鸭·京菜(故宫店),五四大街33号1幢一层107室 | 营业时间:周一至周日 10:30-21:00 | 电话:15210535271;18810788428,4.1,4.5,65,http://store.is.autonavi.com/showpic/395240279e3c358616aa0d4356cca1af,116.4035,39.924298
,223,,云朵咖啡,咖啡厅,云朵咖啡,五四大街33号一层 | 营业时间:周一至周日 09:00-19:30,1.5,4.6,43,https://aos-comment.amap.com/B0IGTSGY3B/comment/85E455C7_4F91_4ADA_9525_1FB961E0BE49_L0_001_1500_200_1760154123783_21661841.jpg,116.40346,39.924227
,223,,紫金城市书院·半书时光咖啡,咖啡厅,紫金城市书院·半书时光咖啡,五四大街与沙滩南巷交叉口西60米 | 营业时间:周一至周日 09:00-20:00 | 电话:13581944002,1.5,3.6,46,https://store.is.autonavi.com/showpic/c01ba0ab3ec5f5681d84da66d5c374f5,116.40444,39.924434
,223,,沙滩餐厅·炸酱面(故宫店),炸酱面,沙滩餐厅·炸酱面(故宫店),沙滩后街19号 | 营业时间:周一至周日 07:00-22:00 | 电话:18310883049,2.3,4.4,31,https://aos-comment.amap.com/comment/content_service__1771770038821_96266617_1771770084144_14791604.jpg,116.403318,39.925352
,223,,悦宾饭馆(翠花胡同店),蒜泥肘子,悦宾饭馆(翠花胡同店),"北京城区翠花胡同43号(中国美术馆正门斜对面) | 营业时间:周一至周日 11:00-14:00,17:00-21:00 | 电话:010-85117853",4.1,4.4,87,https://aos-comment.amap.com/B000A811QW/headerImg/f55e6ddf47a6507ba8c805c2d603f1fb_2048_2048_80.jpg,116.407578,39.923777
,223,,富春居(北京璞瑄酒店店),鸡肉,富春居(北京璞瑄酒店店),"王府井大街1号璞瑄酒店3层 | 营业时间:周一至周日 11:30-14:30,17:30-21:30 | 电话:010-52806418;010-53936688",8.2,4.5,570,https://aos-comment.amap.com/B0FFK8QAW1/comment/2C644992_19F0_4D39_90AF_CA7CCACEFEAD_L0_001_2016_151_1753089671277_66494112.jpg,116.41,39.92353
,224,,德景盛(南池子大街店),中餐厅,德景盛(南池子大街店),南池子大街87号(天安门东地铁站B东北口步行380米) | 营业时间:周一至周日 08:00-19:00 | 电话:010-85116911,3.3,3.9,0,http://store.is.autonavi.com/showpic/f3f13658eebfa401b0253062bce18246,116.403107,39.910528
,224,,百家姓氏馆,中餐厅,百家姓氏馆,南池子大街与北湾子胡同交叉口西20米,7.1,2.7,0,,116.403076,39.910612
,224,,南门涮肉(故宫王府井旗舰店),大盘超值精品羔羊,南门涮肉(故宫王府井旗舰店),南河沿大街华龙街6号楼2层201室 | 营业时间:周一至周日 10:00-22:00 | 电话:010-88893988;13161803319;17801675957,4,4.6,68,https://aos-comment.amap.com/B0K6RAGIFK/comment/content_media_external_images_media_100003388_1740818364815_55159628.jpg,116.407088,39.911704
,224,,京味家常菜(南池子大街店),家常菜,京味家常菜(南池子大街店),"南池子大街85号(天安门东地铁站B东北口步行390米) | 营业时间:周一至周日 10:30-14:00,16:30-21:00",1.9,3.7,51,https://aos-comment.amap.com/B0FFJBG9WZ/comment/content_media_external_images_media_1000006628_ss__1768121209773_05743484.jpg,116.403077,39.910601
,224,,北京饭店谭家菜,油焖大虾,北京饭店谭家菜,"东长安街33号北京饭店c座7层 | 营业时间:周一至周日 11:30-14:00,18:00-22:00 | 电话:010-65137766",5.8,4.4,1396,https://store.is.autonavi.com/showpic/3a7c6735573dd3a138c60398e428d658,116.408321,39.908792
,224,,厚榭潮汕菜(王府井步行街店),牛肉,厚榭潮汕菜(王府井步行街店),"南河沿大街99号(北京市对外友协隔壁) | 营业时间:周一至周日 11:00-14:00,17:00-22:00 | 电话:13601497326",6.4,4.5,432,http://store.is.autonavi.com/showpic/dcd7fbeecec1d3974604efe2ad399db4,116.406539,39.910024
,224,,潮府林苑(故宫店),玻璃脆皮乳鸽,潮府林苑(故宫店),北京城区北库司胡同1号(天安门东地铁站B东北口步行340米) | 营业时间:周一至周日 00:00-24:00 | 电话:010-65228989;18518355380;18518356629,1.3,4.3,226,https://aos-comment.amap.com/B0L2FS27P3/comment/content_media_external_file_3866_ss__1768483577807_85618771.jpg,116.404869,39.909245
,224,,96号私房菜,私房菜,96号私房菜,南池子大街与北湾子胡同交叉口东北20米,5.5,3.9,0,,116.403298,39.910767
,224,,信阳宴烧烤,鱼鲜,信阳宴烧烤,"北京城区华龙街86号 | 营业时间:周一至周日 09:30-14:00,17:00-21:00 | 电话:010-65233333",9.7,4.5,102,https://aos-comment.amap.com/B0FFMBATNL/comment/177088218662_1770882200878_48469483.jpg,116.407015,39.910316
,227,,禄遇LUYU,下午茶,禄遇LUYU,禄米仓胡同37号 | 营业时间:周一至周日 10:00-23:00 | 电话:13126505280;15011361337,3.2,4.5,83,https://aos-comment.amap.com/B0KBXCLG20/comment/content_media_external_images_media_1000015085_ss__1730431659919_82402855.jpg,116.431995,39.917169
,227,,崖UnderCloudsGreen,中餐厅,崖UnderCloudsGreen,大方家胡同与南水关胡同交叉口东20米 | 电话:18511997956,5.6,4.5,667,https://aos-comment.amap.com/B0KKH7291A/comment/359CE72B_92CB_4154_BE8E_AC4EA5C256D9_L0_001_2000_150_1763339129610_42129634.jpg,116.43235,39.919134
,227,,崖餐厅,中餐厅,崖餐厅,大方家胡同与南水关胡同交叉口东40米,2.5,4.4,265,https://aos-comment.amap.com/B0LR01O4B5/comment/content_media_external_file_93_1770887225205_72512613.jpg,116.432375,39.919125
,227,,布家班恩施土家民族菜(银河SOHO店),单人餐,布家班恩施土家民族菜(银河SOHO店),南竹杆胡同2号银河SOHO商场D座B楼5-126 | 营业时间:周一至周日 10:00-21:30 | 电话:15971902977,4.2,4.3,72,https://store.is.autonavi.com/showpic/01f6d7049afc700a2eb3101a73c1b940,116.433458,39.919677
,227,,南门涮肉(金宝街店),双人餐,南门涮肉(金宝街店),北京城区东城区北京城区大雅宝胡同3号 | 营业时间:周一至周日 11:00-24:00 | 电话:15010952558,6.2,4.5,96,https://aos-comment.amap.com/B0LKZDEJ79/comment/20260307-0db2053d7894054138565e44-ACAq1M4qYfc7TjqmebIBrY.jpg,116.432849,39.915821
,227,,壹同·湖南菜·禄米仓,双人餐,壹同·湖南菜·禄米仓,"禄米仓胡同71-2 | 营业时间:周一至周日 11:30-14:00,17:30-22:00 2026-02-15至2026-02-21 周一至周日 全天关闭 | 电话:18613868501;18613886823",7.8,4.6,173,https://aos-comment.amap.com/B0JGG5TSKK/comment/12da77ba4a1ac18b3fb9bbba676b0d52_2048_2048_80.jpg,116.428435,39.917188
,227,,福禄米行,桂花糕,福禄米行,朝内南小街禄米仓胡同71-2号 | 营业时间:周一至周日 10:00-20:00 | 电话:18310893282,4,4.5,48,https://aos-comment.amap.com/B0J12U0PE9/comment/5cb6073fbdd2c1e7db85744702df323c_2048_2048_80.jpg,116.429019,39.917182
,227,,威海味海鲜(银河SOHO店),海鲜盛宴,威海味海鲜(银河SOHO店),"南竹杆胡同2号银河SOHOB1层 | 营业时间:周一至周日 11:00-14:00,17:00-21:30 2026-02-10至2026-02-24 周一至周日 全天关闭 | 电话:13550630180",9.1,4.5,94,https://aos-comment.amap.com/B0K1D9DEU8/comment/B7EC8F8F_FB6E_46BE_8C99_F07FDD734D36_L0_001_2000_1500_1742535315771_62558154.jpg,116.432701,39.920338
,227,,门框胡同百年美味卤煮(北京朝阳门亚朵酒店店),牛肉,门框胡同百年美味卤煮(北京朝阳门亚朵酒店店),朝外头条95号平房 | 营业时间:周一至周日 10:00-22:00 | 电话:13901251464,9.8,4.5,38,http://store.is.autonavi.com/showpic/e776d2cfffe4f4b8793706d012b2dcfa,116.43635,39.915893
,227,,马子禄牛肉面(金宝街店),牛肉面,马子禄牛肉面(金宝街店),大雅宝胡同3号(近大雅宝胡同、梓峰大厦) | 营业时间:周一至周日 07:00-22:00 | 电话:010-85117688;13301110612;15011568218,9.9,4.4,39,http://store.is.autonavi.com/showpic/c3841e65c390fb5c69d6ff6cb87c10ab,116.432879,39.915811
,227,,忠友麻辣烫(银河SOHO购物中心D座店),麻辣烫,忠友麻辣烫(银河SOHO购物中心D座店),朝阳门南水关胡同银河sohoD座B1层5-125室 | 营业时间:周一至周日 10:30-21:00 | 电话:13552235194,5.6,4.6,41,http://store.is.autonavi.com/showpic/05932a1c62c34b3e02cabf11cd6ec337,116.433768,39.920142
,230,,顺峰南门涮肉(美术馆店),,顺峰南门涮肉(美术馆店),美术馆东街甲21号(中国美术馆地铁站B东北口步行110米) | 营业时间:周一至周日 09:30-24:00 | 电话:13641249302,0.9,4.2,50,http://store.is.autonavi.com/showpic/35530c262a1f0ec7c282ebc1d5975caf,116.410669,39.925492
,230,,福叁咖啡(美术馆店),三明治,福叁咖啡(美术馆店),北京城区美术馆东街22北侧楼1层 | 营业时间:周一至周日 09:30-24:00 2026-02-16至2026-02-17 周一至周日 全天关闭 | 电话:15901088582,5.4,4.8,79,https://img.alicdn.com/imgextra/i1/3695320962/O1CN011IydfnloujYjDxu_!!3695320962-0-kbcontentapng.jpg,116.411109,39.92632
,230,,黄河水biangbiang面,哨子扯面,黄河水biangbiang面,北京城区美术馆东街甲24号2-3幢 | 营业时间:周一至周日 10:00-23:00 2026-02-16至2026-02-23 周一至周日 10:00-23:00 | 电话:18513590866,9.3,4.6,36,https://store.is.autonavi.com/showpic/a0be09a1805f2bcd0000000743156405?type=pic,116.410928,39.925782
,230,,小湘灶(美术馆店),干锅臭鳜鱼,小湘灶(美术馆店),北京城区美术馆东街甲24号(中国美术馆地铁站B东北口步行130米) | 营业时间:周一至周日 10:00-22:00 | 电话:18513590866,6,4.5,79,https://store.is.autonavi.com/showpic/e1b3e4410ca5c4d86c8d3ede9180b521,116.410927,39.925724
,230,,北京华侨大厦睿世酒店·嘉禾,米粉,北京华侨大厦睿世酒店·嘉禾,"王府井大街2号北京华侨大厦睿世酒店1层 | 营业时间:周一至周日 06:30-10:30,11:30-21:00 | 电话:010-65136666",3.3,4.4,134,https://aos-comment.amap.com/B0IB3A8AFL/comment/content_media_external_file_102674_ss__1745941141683_18761567.jpg,116.4113,39.923507
,230,,盛福年烤鸭店·北京菜(故宫店),老北京爆肚,盛福年烤鸭店·北京菜(故宫店),景山街道美术馆后街79号 | 营业时间:周一至周日 10:00-22:00 2026-02-15至2026-02-23 10:00-22:00 | 电话:010-88114350,2.1,4.7,124,https://aos-comment.amap.com/B0JD0U0FIV/comment/e874351259748746496b8a80ebd5dfa2_2048_2048_80.jpg,116.409043,39.927183
,230,,刘宅食府,茄子肉卷,刘宅食府,"北京城区美术馆东街蒋家大院胡同8号 | 营业时间:周一至周日 09:30-21:00 2026-05-01至2026-05-05 周一至周日 09:30-17:30,17:30-21:00 | 电话:010-64005912;13716408981",5.6,4.6,121,https://aos-comment.amap.com/B000A7XSWL/comment/98a4f5cb5f8bee99505a3693c728ae4c_2048_2048_80.jpg,116.410152,39.926223
,230,,御香苑中餐厅(华侨大厦店),菌汤,御香苑中餐厅(华侨大厦店),"王府井大街2号华侨大厦2层 | 营业时间:周一至周日 11:30-14:00,17:30-21:00",8.1,4.1,264,http://store.is.autonavi.com/showpic/e9cb4b6d1430777588fdd3bd3651e720,116.41132,39.923491
,230,,悦宾饭馆(翠花胡同店),蒜泥肘子,悦宾饭馆(翠花胡同店),"北京城区翠花胡同43号(中国美术馆正门斜对面) | 营业时间:周一至周日 11:00-14:00,17:00-21:00 | 电话:010-85117853",4.2,4.4,87,https://aos-comment.amap.com/B000A811QW/headerImg/f55e6ddf47a6507ba8c805c2d603f1fb_2048_2048_80.jpg,116.407578,39.923777
,230,,驴打滚,驴打滚,驴打滚,翠花胡同与东厂北巷交叉口东北100米,6.6,3.4,13,https://aos-comment.amap.com/B0M6J6BLIL/comment/6ccd3e5e-3a08-41b8-88f0-9c60807dc8be.png,116.409266,39.924202
,230,,1402 cafe(美术馆店),鲜榨果汁,1402 cafe(美术馆店),隆福寺街95号北京隆福寺街区L1层 | 营业时间:周一至周五 09:30-18:30；周六至周日 09:30-19:30 | 电话:13734656658,4.5,4.5,49,https://aos-comment.amap.com/B0KUA9GQY3/comment/content_media_external_file_31448_ss__1760497435028_03213694.jpg,116.411162,39.925305
,230,,富春居(北京璞瑄酒店店),鸡肉,富春居(北京璞瑄酒店店),"王府井大街1号璞瑄酒店3层 | 营业时间:周一至周日 11:30-14:30,17:30-21:30 | 电话:010-52806418;010-53936688",5.9,4.5,570,https://aos-comment.amap.com/B0FFK8QAW1/comment/2C644992_19F0_4D39_90AF_CA7CCACEFEAD_L0_001_2016_151_1753089671277_66494112.jpg,116.41,39.92353
,231,,虎头军煎饼(雍和宫店),中餐厅,虎头军煎饼(雍和宫店),北新桥街道雍和宫大街50号 | 营业时间:周一至周日 06:00-23:00 | 电话:13811655330,1.1,4.1,14,https://store.is.autonavi.com/showpic/dfe3b7c26a99b5f3df1006ec159b3183,116.416871,39.944108
,231,,渝味川菜馆(雍和宫大街店),双人餐,渝味川菜馆(雍和宫大街店),雍和宫大街46号 | 营业时间:周一至周日 10:00-22:00 | 电话:17701140580,5.8,4.3,49,http://store.is.autonavi.com/showpic/b4eb9c9c72fa45ac28754dafa3ceec02,116.416902,39.944258
,231,,皖乡人家地锅鸡(雍和宫店),双人餐,皖乡人家地锅鸡(雍和宫店),"雍和宫大街153号(北新桥地铁站A口步行260米) | 营业时间:周一至周日 11:30-14:30,17:00-22:00 | 电话:18211039793",5.9,4.3,68,http://store.is.autonavi.com/showpic/8e1e41003de2d7d73d5fa46ba692ab90,116.41658,39.943447
,231,,北三条胡同打卤面馆(雍和宫店),烤肉,北三条胡同打卤面馆(雍和宫店),雍和宫大街153号交道口北三条内 | 营业时间:周一至周日 09:30-21:30 | 电话:010-64024288,5.8,4.6,72,https://aos-comment.amap.com/B0JUSZPRYY/comment/content_media_external_images_media_44671_ss__1740095147984_94817508.jpg,116.416467,39.943419
,231,,三元梅园(国子监店),豆腐,三元梅园(国子监店),国子监街14号3、4号房(距地铁2/5号线雍和宫站F东南口步行330米) | 营业时间:周一至周日 09:00-20:00 | 电话:13801061805,6,4.6,28,https://img.alicdn.com/imgextra/i1/2200837504704/O1CN01RkKLEj1kcTnAuosTv_!!2200837504704-0-koubei.jpg,116.415666,39.945415
,231,,老汤卤煮(雍和宫店),豆腐,老汤卤煮(雍和宫店),雍和宫大街141号(北新桥地铁站A口步行340米) | 营业时间:周一至周日 00:00-24:00 | 电话:17200328807,5,4.4,39,https://store.is.autonavi.com/showpic/e91e05d215a188819ea39857af16eb02,116.416493,39.944198
,233,,somethin′brewin′coffee,coffee,somethin′brewin′coffee,东直门北小街22号(华侨博物馆对面) | 营业时间:周一至周五 09:30-19:00；周六至周日 10:00-19:00 | 电话:17611681911,5.3,4.3,26,https://store.is.autonavi.com/showpic/17eba1e543ffab2413c002343bc50911,116.425814,39.943063
,233,,花家怡园(东直门店),双人餐,花家怡园(东直门店),"东直门内大街6号 | 营业时间:周一至周日 10:30-14:00,16:30-24:00 | 电话:010-51283316;010-84079868",0.1,4.7,130,http://store.is.autonavi.com/showpic/06d29f7e22a64d27cac0438cf6ad1ba6,116.429242,39.941408
,233,,苏力坦新疆特色(东直门店),大盘鸡,苏力坦新疆特色(东直门店),东直门内大街15号楼 | 营业时间:周一至周日 11:00-22:00 | 电话:010-64062560,4.5,4.3,59,https://store.is.autonavi.com/showpic/cbbdc2f486f42640edbcbe2d60aeae0c,116.427197,39.941342
,233,,榆乐轩,家常菜,榆乐轩,"东直门内北小街丙43号 | 营业时间:周一至周五 10:00-14:30,16:30-22:00；周六至周日 10:00-22:00 | 电话:010-84014321;18515280321",3.1,4.5,75,https://aos-comment.amap.com/B000A811LQ/comment/content_media_external_file_100001008_1772840561347_82889033.jpg,116.425349,39.944542
,233,,火凤凰重庆火锅(东直门店),牛蛙火锅,火凤凰重庆火锅(东直门店),北京城区东直门内大街15-5号 | 营业时间:周一至周日 10:30-03:00 | 电话:010-84064930,6.5,4.7,152,http://store.is.autonavi.com/showpic/daa376f26263597f86ffdfab326488d0,116.426691,39.941319
,233,,新侨小馆,芥末墩儿,新侨小馆,"北新桥三条1号(中国华侨历史博物馆对面) | 营业时间:周一至周五 10:00-14:00,16:30-21:30 | 电话:010-69945988",5.5,4.6,78,https://aos-comment.amap.com/B0FFG75LK4/comment/bb061c85c92e6046be0180d125c83f01_2048_2048_80.jpg,116.425371,39.943359
,233,,簋街老徐龙虾·牛蛙·烤鱼·川湘菜(东直门总店),蒜蓉小龙虾,簋街老徐龙虾·牛蛙·烤鱼·川湘菜(东直门总店),东直门内大街15-5号 | 营业时间:周一至周日 11:00-00:30 | 电话:18511525777,7.5,4.5,109,http://store.is.autonavi.com/showpic/29b9ba23d0d43ace36388a5a8a3c61a0,116.426845,39.941344
,233,,蜀九香火锅(北京簋街店),鲜滑肉,蜀九香火锅(北京簋街店),北京城区东直门内大街9号院4号楼1层 | 营业时间:周一至周日 11:00-24:00 | 电话:010-84031558,5.9,4.6,120,http://store.is.autonavi.com/showpic/e8a95d8ae3f6132ff5b50b8a6e30b710,116.427597,39.941548
,235,,栖酌烧烤,六月龄羔羊肉,栖酌烧烤,"外馆斜街5区21号楼1-5号 | 营业时间:周一至周日 11:00-14:00,16:30-01:00 | 电话:15210901285",1.2,4.2,90,https://store.is.autonavi.com/showpic/e85ddf4430340b96f04bb96814b4e943,116.404655,39.962336
,235,,哞哞小花牛(安贞店),巴士鲜奶,哞哞小花牛(安贞店),外馆斜街51号凯景铭座1层100号 | 营业时间:周一至周日 07:00-22:00 2026-02-12至2026-02-23 周一至周日 全天关闭 | 电话:13021203797,8.4,4.4,17,https://store.is.autonavi.com/showpic/578f5feccf2cb06159585a95bc852f3a,116.40308,39.9628
,235,,拾月居·国风小院,煮茶,拾月居·国风小院,和平里街道安定门外黄寺大街8号柳荫公园 | 营业时间:周一至周日 09:30-19:00 | 电话:13693591925,8,4.4,60,https://aos-comment.amap.com/B0I395YHE2/comment/content_media_external_file_1000053764_ss__1759403383225_04769332.jpg,116.40121,39.960506
,235,,宽坐河鲜馆(黄寺大街店),笋壳鱼,宽坐河鲜馆(黄寺大街店),和平里街道安定门外黄寺大街8号柳荫公园内(西侧) | 营业时间:周一至周日 10:00-22:00 | 电话:010-84111698,3.8,4.5,456,http://store.is.autonavi.com/showpic/b65eb0bbc13b54835295a77f2a37aae2,116.399342,39.961311
,235,,喏町咖啡NODDINCOFFEE(柳荫公园店),软奶拿铁,喏町咖啡NODDINCOFFEE(柳荫公园店),黄寺大街甲8号17幢-1至23幢-1 | 营业时间:周一至周日 09:00-19:00 | 电话:14701244917;18519212167,8.4,4.6,25,https://aos-comment.amap.com/B0K1U59J65/comment/content_media_external_file_71077_ss__1746512872318_47592319.jpg,116.403486,39.96014
,239,,德景盛(南池子大街店),中餐厅,德景盛(南池子大街店),南池子大街87号(天安门东地铁站B东北口步行380米) | 营业时间:周一至周日 08:00-19:00 | 电话:010-85116911,8.1,3.9,0,http://store.is.autonavi.com/showpic/f3f13658eebfa401b0253062bce18246,116.403107,39.910528
,239,,百家姓氏馆,中餐厅,百家姓氏馆,南池子大街与北湾子胡同交叉口西20米,6.5,2.7,0,,116.403076,39.910612
,239,,南门涮肉(故宫王府井旗舰店),大盘超值精品羔羊,南门涮肉(故宫王府井旗舰店),南河沿大街华龙街6号楼2层201室 | 营业时间:周一至周日 10:00-22:00 | 电话:010-88893988;13161803319;17801675957,1.1,4.6,68,https://aos-comment.amap.com/B0K6RAGIFK/comment/content_media_external_images_media_100003388_1740818364815_55159628.jpg,116.407088,39.911704
,239,,京味家常菜(南池子大街店),家常菜,京味家常菜(南池子大街店),"南池子大街85号(天安门东地铁站B东北口步行390米) | 营业时间:周一至周日 10:30-14:00,16:30-21:00",6.3,3.7,51,https://aos-comment.amap.com/B0FFJBG9WZ/comment/content_media_external_images_media_1000006628_ss__1768121209773_05743484.jpg,116.403077,39.910601
,239,,京派大碗面家常菜,家常菜,京派大碗面家常菜,缎库胡同与南池子大街交叉口东20米 | 营业时间:周一至周日 07:00-21:00,8.7,3.6,37,http://store.is.autonavi.com/showpic/ad7b86c004a82ae046e2ff8c6bd22a70,116.403493,39.911029
,239,,北京饭店谭家菜,油焖大虾,北京饭店谭家菜,"东长安街33号北京饭店c座7层 | 营业时间:周一至周日 11:30-14:00,18:00-22:00 | 电话:010-65137766",7.5,4.4,1396,https://store.is.autonavi.com/showpic/3a7c6735573dd3a138c60398e428d658,116.408321,39.908792
,239,,厚榭潮汕菜(王府井步行街店),牛肉,厚榭潮汕菜(王府井步行街店),"南河沿大街99号(北京市对外友协隔壁) | 营业时间:周一至周日 11:00-14:00,17:00-22:00 | 电话:13601497326",1.5,4.5,432,http://store.is.autonavi.com/showpic/dcd7fbeecec1d3974604efe2ad399db4,116.406539,39.910024
,239,,潮府林苑(故宫店),玻璃脆皮乳鸽,潮府林苑(故宫店),北京城区北库司胡同1号(天安门东地铁站B东北口步行340米) | 营业时间:周一至周日 00:00-24:00 | 电话:010-65228989;18518355380;18518356629,2.7,4.3,226,https://aos-comment.amap.com/B0L2FS27P3/comment/content_media_external_file_3866_ss__1768483577807_85618771.jpg,116.404869,39.909245
,239,,96号私房菜,私房菜,96号私房菜,南池子大街与北湾子胡同交叉口东北20米,1.9,3.9,0,,116.403298,39.910767
,239,,信阳宴烧烤,鱼鲜,信阳宴烧烤,"北京城区华龙街86号 | 营业时间:周一至周日 09:30-14:00,17:00-21:00 | 电话:010-65233333",5.6,4.5,102,https://aos-comment.amap.com/B0FFMBATNL/comment/177088218662_1770882200878_48469483.jpg,116.407015,39.910316
,240,,大兴胡同面茶,,大兴胡同面茶,交道口南大兴胡同7号 | 营业时间:周一至周日 06:00-12:30 | 电话:13716150228,8.5,4.6,8,https://aos-comment.amap.com/B000A9D8U8/comment/content_media_external_images_media_59618_ss__1742553484553_87876022.jpg,116.411937,39.93781
,240,,星巴克(华人一品大厦店),三明治,星巴克(华人一品大厦店),北京城区张自忠路10号华人一品大厦F1层 | 营业时间:周一至周五 07:00-20:00；周六至周日 08:00-18:30 | 电话:010-64012324,4.9,4.6,31,https://aos-comment.amap.com/default_poi/comment/D30F2551_F1A9_4FEA_901F_543CA04AA051_L0_001_1500_200_1758764165299_37786558.jpg,116.410176,39.933128
,240,,瑞幸咖啡,三明治,瑞幸咖啡,北京城区张自忠路10号华人一品大厦F1层 | 营业时间:周一至周日 07:00-20:30 | 电话:4000100100,4.9,4.3,13,https://store.is.autonavi.com/showpic/c287706810a95e84ab635a931ccf264d?operate=original,116.410399,39.933114
,240,,北京烤鸭(南锣鼓巷店),堂食,北京烤鸭(南锣鼓巷店),南大街128号蔬果佳内 | 营业时间:周一至周日 09:00-21:30 | 电话:15545649758,9.9,4.4,31,https://aos-comment.amap.com/B0JAPU6NOJ/comment/f7511785b27b5a5481feb1d003a5a42d_2048_2048_80.jpg,116.408995,39.935433
,240,,巴蜀王婆大虾(南锣鼓巷店),大虾,巴蜀王婆大虾(南锣鼓巷店),交道口南大街140号15幢16幢 | 营业时间:周一至周日 10:30-22:00 | 电话:010-81250777,5.2,4.7,72,https://aos-comment.amap.com/B0IA37YAB4/comment/F5709714_829A_4437_8BD2_670A0B03D094_L0_001_1290_84_1772194710207_71638646.jpg,116.409007,39.934203
,240,,多味居,牛肉,多味居,"中剪子巷1号 | 营业时间:周一至周日 11:00-14:30,17:00-21:00 | 电话:010-64065305",5.9,4.7,93,https://aos-comment.amap.com/B000A4D589/comment/content_media_external_images_media_57871_ss__1767249984568_46307077.jpg,116.41189,39.935653
,240,,好滋味饺子,特色/地方风味餐厅,好滋味饺子,北剪子巷与东旺胡同交叉口西南20米,8.3,2.8,0,,116.411925,39.936875
,240,,广味小馆,特色小吃,广味小馆,交道口南大街与府学胡同交叉口北60米 | 营业时间:周一至周日 08:30-21:30 | 电话:13718905153,3,4.5,38,https://aos-comment.amap.com/B0JKBGLGU6/comment/bf9299cd29fa19fd4d12d81c644e029e_2048_2048_80.jpg,116.40891,39.936221
,240,,6+1菜馆,糖醋里脊,6+1菜馆,"北剪子巷26号 | 营业时间:周一至周日 10:00-15:00,16:30-23:00 | 电话:13681070946",8,4.1,27,https://store.is.autonavi.com/showpic/94db984f09cd2d7441423b7ea5c23330,116.412142,39.936386
,241,,北京饭店诺金-东33餐厅,下午茶,北京饭店诺金-东33餐厅,"东长安街33号北京饭店(王府井地铁站C1西北口步行130米) | 营业时间:周一至周日 06:30-10:30,12:00-14:00,18:00-22:00 | 电话:010-85004171",8.7,4.1,158,https://aos-comment.amap.com/B0J6GMDXAJ/comment/content_media_external_images_media_1000038252_ss__1742642341845_58353986.jpg,116.409477,39.908827
,241,,北京隆和居美食城(正义路店),干锅千页豆腐,北京隆和居美食城(正义路店),东华门街道正义路8号(原市政府斜对面) | 营业时间:周一至周日 10:00-22:30 | 电话:010-65263265;13520777900,5.2,4.4,73,https://store.is.autonavi.com/showpic/72fbdf46904d9ac20000002152518124?type=pic,116.406444,39.903414
,241,,北京饭店谭家菜,油焖大虾,北京饭店谭家菜,"东长安街33号北京饭店c座7层 | 营业时间:周一至周日 11:30-14:00,18:00-22:00 | 电话:010-65137766",2.2,4.4,1396,https://store.is.autonavi.com/showpic/3a7c6735573dd3a138c60398e428d658,116.408321,39.908792
,241,,君庭中餐厅(首都宾馆店),牛肉,君庭中餐厅(首都宾馆店),"前门东大街3号首都宾馆东北门门房 | 营业时间:周一至周日 11:00-14:00,17:00-21:00 | 电话:010-58159788",0.7,4.4,213,https://aos-comment.amap.com/comment/content_service__1771506306909_36408294_1771506354089_05149994.jpg,116.408956,39.902119
,244,,tea合coffee,coffee,tea合coffee,东四北大街与东四十三条交叉口西南20米 | 营业时间:周一至周日 10:00-18:30 | 电话:13811558766,3.1,4.2,43,https://store.is.autonavi.com/showpic/623f0a199a1ea00095f66b8931d9a3cf,116.416819,39.936228
,244,,宝晋道大同刀削面,中餐厅,宝晋道大同刀削面,北京健行中医医院西门旁(张自忠路地铁站D西南口步行110米) | 营业时间:周一至周日 09:30-23:00,5.6,4.2,21,https://store.is.autonavi.com/showpic/2a4b5db007f840fd0000002459444833?type=pic,116.417398,39.932008
,244,,SIP Cafe咻咻咖啡(张自忠路店),奶油,SIP Cafe咻咻咖啡(张自忠路店),东四北大街210号一层北侧 | 营业时间:周一至周日 10:00-20:00 2026-02-15至2026-02-19 周一至周日 全天关闭 | 电话:15600888210,7.7,4.6,56,http://store.is.autonavi.com/showpic/1b3525450eb1511488e0a2cf5fce7c9e,116.417445,39.933177
,244,,天兴居(东四十条店),炒肝,天兴居(东四十条店),东四街道东四北大街168号(张自忠路地铁站B东北口旁) | 营业时间:周一至周日 06:00-20:30 | 电话:010-64087099;010-67027484;15652139650,7.1,4.6,25,https://store.is.autonavi.com/showpic/7c769ffd6ea3d6600000002240576262?type=pic,116.417962,39.933877
,244,,懂羊帝·羊蝎子(东四店),精品烤羊腿,懂羊帝·羊蝎子(东四店),东四北大街与府学胡同交叉口南40米 | 营业时间:周一至周日 00:00-24:00 | 电话:010-64029913;17773756886,6.3,4.6,72,https://aos-comment.amap.com/B0JKBSKJ1S/comment/content_media_external_images_media_37653_ss__1751800343736_84529085.jpg,116.417292,39.935436
,244,,甲乙饼·手工牛肉饼(东四北大街店),红烧牛肉面,甲乙饼·手工牛肉饼(东四北大街店),北京城区东四北大街与东四十条交叉口东南40米 | 营业时间:周一至周日 07:00-21:00 | 电话:18516943209,0.3,4.4,28,https://aos-comment.amap.com/B0J26MSJRB/comment/content_media_external_file_34398_ss__1759364734775_51487584.jpg,116.417504,39.933208
,244,,桂兰芳餐馆,羊肉串,桂兰芳餐馆,东四北大街221号 | 营业时间:周一至周日 06:00-01:00 | 电话:15701621023,2.1,4.5,76,https://aos-comment.amap.com/B0KACHNZR0/comment/content_media_external_file_567_1752422385409_04130939.jpg,116.416967,39.932686
,244,,金门小馆,羊蝎子,金门小馆,东四北大街144号(张自忠路地铁站A西北口步行230米) | 营业时间:周一至周日 00:00-24:00 | 电话:15201227972,9.9,4.1,39,https://aos-comment.amap.com/B0HR5UCBLV/headerImg/d7059c11e8a45842b27e823153b35da9_2048_2048_80.jpg,116.417266,39.935007
,244,,王胖子驴肉火烧(东四店),鱼香肉丝,王胖子驴肉火烧(东四店),东四北大街100号(近十三条) | 营业时间:周一至周日 09:30-22:00 | 电话:15720290529,1.2,4.4,35,https://store.is.autonavi.com/showpic/771cee1feb91eae7060e6a961d8546f6,116.417227,39.936128
,244,,遐意新疆味道,鸡肉,遐意新疆味道,东四北大街112号(张自忠路地铁站B东北口步行260米) | 营业时间:周一至周日 10:30-24:00 | 电话:18611179713,4.4,4.2,55,https://store.is.autonavi.com/showpic/199709ff732fc7330000002453980601?type=pic,116.417241,39.935997
,245,,LAVAZZA拉瓦萨咖啡(北京泓晟国际店),三明治,LAVAZZA拉瓦萨咖啡(北京泓晟国际店),朝阳门北大街9号泓晟国际写字楼一层103号 | 营业时间:周一至周日 07:30-21:30 | 电话:15726648038,7.9,4.4,32,http://store.is.autonavi.com/showpic/dc510e8577c7fd8569cdcf11b212f568,116.433189,39.930579
,245,,老段府,中餐厅,老段府,南门仓胡同与仓南北巷交叉口东100米,3.6,3.3,0,,116.430025,39.928925
,245,,晋状元手擀面(驴肉火烧),手擀面,晋状元手擀面(驴肉火烧),仓南胡同与福夹道交叉口西60米 | 营业时间:周一至周日 10:00-22:00,9.1,4.1,27,http://store.is.autonavi.com/showpic/bc82d0edadba966ccdedde0c982b3fd3,116.430074,39.927473
,245,,李记手擀面盖浇饭(东城区店),手擀面,李记手擀面盖浇饭(东城区店),如家精选酒店北1门东80米 | 营业时间:周一至周日 10:30-23:00 | 电话:18600862584,3.2,3.3,23,https://store.is.autonavi.com/showpic/6cc504a9f6f9452af8dc7f512f3aae3f,116.429947,39.92733
,245,,杂粮煎饼,杂粮煎饼,杂粮煎饼,仓南胡同与福夹道交叉口西60米 | 营业时间:周一至周日 06:00-21:30,1.4,3.3,14,https://store.is.autonavi.com/showpic/7802b95c60df26a825f5a16962383d4c,116.430125,39.927275
,245,,福园涮肉,牛羊肉,福园涮肉,朝阳门北大街11号一层102室 | 营业时间:周一至周日 11:00-22:00 | 电话:010-66066099,5.2,4.6,87,https://store.is.autonavi.com/showpic/4a631c5d35df9283eb1b1aff1a143afd,116.432575,39.930225
,245,,南门牛肉面(东四店),牛肉,南门牛肉面(东四店),南门仓胡同2-5号 | 营业时间:周一至周日 06:00-24:00 | 电话:13520983318,9.6,4.1,36,http://store.is.autonavi.com/showpic/af78a17e8a8ebec066e67fdefb03f06c,116.428025,39.929525
,245,,新月斋(豆瓣胡同),牛肉,新月斋(豆瓣胡同),朝阳门地铁站F东北口步行450米 | 营业时间:周一至周日 05:30-21:30,6.6,4.5,52,https://aos-comment.amap.com/B000A85O5W/comment/6cbed225963be1fe73c55213da16bc40_2048_2048_80.jpg,116.432279,39.928208
,245,,亿釜鲜和牛寿喜火锅,肥肠,亿釜鲜和牛寿喜火锅,东四十条22号南新仓古仓群A13二层 | 营业时间:周一至周日 11:00-22:00 | 电话:13011292866,6.6,4.3,79,https://aos-comment.amap.com/B0JK7MFT4P/comment/d077d803c2966703ac60707a0959bcdf_2048_2048_80.jpg,116.430752,39.931491
,245,,贵州酸汤鱼,贵州酸汤鱼,贵州酸汤鱼,仓南胡同与福夹道交叉口西60米,7.5,3.5,97,https://store.is.autonavi.com/showpic/02e8783d8a1510111abc8a20db85fe48,116.429977,39.927276
,245,,黔巷子·酸汤猪手·酸汤鱼(朝阳门店),雪花肥牛,黔巷子·酸汤猪手·酸汤鱼(朝阳门店),"营业时间:周一至周日 11:00-14:00,17:00-22:00 | 电话:010-65227788",3.3,4.2,66,https://store.is.autonavi.com/showpic/0e668dd4c4958f76286735b0ccdfdb8b,116.430122,39.927314
,246,,渔蓝海鲜火锅(首都宾馆店),双人餐,渔蓝海鲜火锅(首都宾馆店),首都宾馆A座一层大堂吧东北角 | 营业时间:周一至周日 16:30-21:30 | 电话:010-58159566,5.4,4.6,163,https://aos-comment.amap.com/B0JRZGS12N/comment/982239bae377647ec1abd48304e1a1e9_2048_2048_80.jpg,116.409635,39.902001
,246,,良苑烤鸭店(前门店),宫保鸡丁,良苑烤鸭店(前门店),"前门东大街14号楼前 | 营业时间:11:00-21:00,2026年春节期间07:00-09:30；10:30-21:00 | 电话:010-65122322",1.7,4.5,80,https://aos-comment.amap.com/B000A7C192/comment/5B6F0744_4E23_4727_BFA1_4FF00A1CB9F2_L0_001_2000_150_1760867253847_38700077.jpg,116.408677,39.900407
,246,,食鼎轩烤鸭·私房菜(北京王府井台基厂大街店),家常菜,食鼎轩烤鸭·私房菜(北京王府井台基厂大街店),"台基厂大街10-1号 | 营业时间:周一至周日 09:30-14:00,16:30-21:30 2026-05-01至2026-05-05 周一至周日 09:30-14:00,16:30-21:30 | 电话:010-63445868;18519118048",7.7,4.6,70,https://aos-comment.amap.com/B0KGRMA21S/comment/content_media_external_file_100003357_1767011828140_18373911.jpg,116.411861,39.903494
,246,,北京隆和居美食城(正义路店),干锅千页豆腐,北京隆和居美食城(正义路店),东华门街道正义路8号(原市政府斜对面) | 营业时间:周一至周日 10:00-22:30 | 电话:010-65263265;13520777900,9.8,4.4,73,https://store.is.autonavi.com/showpic/72fbdf46904d9ac20000002152518124?type=pic,116.406444,39.903414
,246,,松鹤楼(台基厂店),松鼠桂鱼,松鹤楼(台基厂店),"北京城区台基厂大街10号(东郊民巷小学旁) | 营业时间:周一至周日 11:00-14:00,17:00-21:00 2026-02-17至2026-02-23 周一至周日 11:00-14:00,16:30-21:00 | 电话:010-65278195;010-65279255",6.3,4.5,153,http://store.is.autonavi.com/query_pic?id=st4e59a81c-8dd5-4876-9cdf-1e3afe32ebe2&user=search&operate=original,116.411839,39.903469
,246,,君庭中餐厅(首都宾馆店),牛肉,君庭中餐厅(首都宾馆店),"前门东大街3号首都宾馆东北门门房 | 营业时间:周一至周日 11:00-14:00,17:00-21:00 | 电话:010-58159788",3.8,4.4,213,https://aos-comment.amap.com/comment/content_service__1771506306909_36408294_1771506354089_05149994.jpg,116.408956,39.902119
,246,,壹条龙涮肉(台基厂店),肥牛,壹条龙涮肉(台基厂店),前门东大街2号 | 营业时间:周一至周日 10:30-22:00 | 电话:010-67767778;18515266670,0.7,4.7,68,https://aos-comment.amap.com/B000A7NF1Q/comment/55B841D2_61E1_4F84_B0E1_A041AC336980_L0_001_1280_170_1767838067206_33082041.jpg,116.41096,39.900433
,246,,奥华餐厅老张记(台基厂店),虾仁独面筋,奥华餐厅老张记(台基厂店),北京城区台基厂大街18-3号 | 营业时间:周一至周日 10:30-21:30 | 电话:010-65129289;010-65244021,2.3,4.6,62,http://store.is.autonavi.com/showpic/a44d4745fdde65bc76e850f893a9937b,116.411937,39.902869
,246,,本纯食社原生态主题餐厅(首都大酒店写字楼店),鸡汤,本纯食社原生态主题餐厅(首都大酒店写字楼店),"东交民巷20号首都大酒店写字楼F1层 | 营业时间:周一至周日 10:00-14:00,17:00-21:00 | 电话:010-57267358;010-58159288",6.8,3.9,202,http://store.is.autonavi.com/showpic/905479cea38e45586832d9ba73202990,116.409108,39.902053
,250,,老北京炸酱面(景山前街店),中餐厅,老北京炸酱面(景山前街店),景山前街北海,7.8,4.1,27,https://aos-comment.amap.com/B0G0AKOSSJ/comment/4502E5D2_9E09_4424_A43A_1C441302EC8B_L0_001_2000_150_1771475587667_31693695.jpg,116.391123,39.922913
,250,,原鄉本味景山西街烤鸭店,北京烤鸭,原鄉本味景山西街烤鸭店,景山西街19号 | 营业时间:周一至周日 10:00-20:30 | 电话:010-64025046,6,4.2,64,http://store.is.autonavi.com/showpic/2f9f1dd3ccccc181b370dbe9bbe8bc3c,116.39349,39.92601
,250,,兆景园酒楼,家常菜,兆景园酒楼,景山前街24号(近北海公园南门) | 营业时间:周一至周日 10:00-21:30 | 电话:010-64031332;010-64036587,9.1,4.1,77,http://store.is.autonavi.com/showpic/57b076b0c30520015ca5aa6fb01727f9,116.391471,39.923109
,250,,新年华家常菜(景山西街店),家常菜,新年华家常菜(景山西街店),景山西街19号(近景山公园西门) | 营业时间:周一至周日 11:00-22:00 | 电话:010-84084016,7.4,3.9,71,http://store.is.autonavi.com/showpic/a866e225292b5da1025ca79429ae909f,116.393497,39.926127
,250,,北景源·北京涮肉(故宫角楼店),手切小黄牛肉,北景源·北京涮肉(故宫角楼店),景山前街24号(近北海公园南门) | 营业时间:周一至周日 11:00-21:00 | 电话:010-64031332,0.9,4.6,119,https://aos-comment.amap.com/B0KRBCU9G0/comment/D749FD04_7253_47F4_A31A_3D4D18F5B82A_L0_001_1336_200_1746342448125_55412649.jpg,116.391471,39.923109
,251,,温鼎府·海鲜火锅(前门23号院店),吊龙,温鼎府·海鲜火锅(前门23号院店),"前门东大街前门23号院内(正阳门东10米) | 营业时间:周一至周日 10:30-14:00,17:00-21:00 | 电话:010-65270128;18511277666",9.4,4.8,449,https://aos-comment.amap.com/B0FFGY9C9P/comment/20260311-1d567d50501b235ec0187643-1dDlZRj3ke29HABxG27BOP.jpg,116.401055,39.901156
,251,,南门铜锅涮肉(前门总店)?正宗炭火铜锅涮肉,嫩滑牛肉,南门铜锅涮肉(前门总店)?正宗炭火铜锅涮肉,前门大街甲2号中国铁道博物馆同楼南侧 | 营业时间:周一至周日 10:00-22:30 | 电话:010-67016818;15701334198,4.6,4.6,111,https://store.is.autonavi.com/showpic/be195fb1fc6ea83cafda3a52739f4bdb,116.400163,39.899557
,251,,致美楼(前门店),炸酱面,致美楼(前门店),前门西大街正阳市场2号楼(前门地铁站C西南口步行450米) | 营业时间:周一至周日 10:00-22:00 | 电话:010-63034538,6.3,4.2,88,https://aos-comment.amap.com/B000A10070/comment/content_media_external_images_media_1000027279_ss__1768393389115_67796376.jpg,116.394405,39.899737
,251,,人民大会堂宴会厅,综合酒楼,人民大会堂宴会厅,西长安街天安门广场西侧(天安门西地铁站C西南口步行330米) | 营业时间:周一至周日 00:00-24:00,8.8,4.2,354,https://aos-comment.amap.com/B000A8758C/comment/content_media_external_file_8252_ss__1746840688073_56242171.jpg,116.393711,39.904989
,251,,金宅门烤鸭店(前门东大街店),酱瓜鸡丁,金宅门烤鸭店(前门东大街店),前门东大街18号(前门地铁站E2北口步行230米) | 营业时间:周一至周日 11:00-21:30 | 电话:010-67058229;15810157215,2.1,4.5,75,http://store.is.autonavi.com/showpic/8d724dd6611a3d08850db2f99ceb5275,116.402167,39.900109
,251,,京城烤鸭店,驴打滚,京城烤鸭店,前门西大街正阳市场1号楼1层106 | 营业时间:周一至周日 10:00-21:30 2026-02-17至2026-02-23 周一至周日 09:00-22:30 | 电话:13552157661,8.2,4.5,75,https://aos-comment.amap.com/B0LULS80SD/comment/content_media_external_file_1000060674_ss__1768226268651_30504994.jpg,116.395492,39.899531
,252,,CHOOCHOO COFFEE,下午茶,CHOOCHOO COFFEE,大栅栏街道韩家胡同78号(虎坊桥地铁站B东北口步行290米) | 营业时间:周一至周日 10:00-18:00 | 电话:010-88977631;13269111869,2.4,4.6,51,https://aos-comment.amap.com/B0JGHLS2N3/comment/content_media_external_file_36191_ss__1767410677675_16184225.jpg,116.385505,39.891505
,252,,大川一向,中餐厅,大川一向,大川胡同与保吉巷交叉口西40米,0.9,2.5,0,,116.388675,39.888975
,252,,晋阳饭庄(北京西城区),刀削面,晋阳饭庄(北京西城区),"珠市口西大街241号(虎坊桥地铁站B东北口步行200米) | 营业时间:周一至周日 10:00-14:00,17:00-21:00 | 电话:010-63031669",7.1,3.8,120,https://aos-comment.amap.com/B0FFL0TUXR/comment/e7dd6f34d4f032dfcfcc82256a73a2d0_2048_2048_80.jpg,116.387524,39.889769
,252,,京天红社区便民食品商店,北京菜,京天红社区便民食品商店,虎坊路甲2号(虎坊桥地铁站C东南口步行130米) | 营业时间:周一至周日 08:00-21:00 | 电话:17600173050;17600202863,7.3,4.2,0,http://store.is.autonavi.com/showpic/e6a11181e781e494ffd995c97399f2c0,116.385118,39.889137
,252,,8686烧烤屋,烤串,8686烧烤屋,北京城区大川胡同14号(虎坊桥地铁站C东南口步行310米) | 营业时间:周一至周日 17:00-02:00 2026-02-14至2026-02-23 周一至周日 全天关闭 | 电话:13521478831;18601111422,9.1,4.6,78,https://store.is.autonavi.com/showpic/e25e46619d05cba19661aa96e11a10b6,116.389472,39.889358
,252,,顶香牛肉拉面(虎坊桥店),烤串,顶香牛肉拉面(虎坊桥店),虎坊桥地铁站C出口240号-11 | 营业时间:周一至周日 00:00-24:00 | 电话:13161712335;13641116482,1,4.4,40,https://aos-comment.amap.com/B0FFJYUHXM/comment/B27819E4_DF63_4177_8C05_74DDBED54F46_L0_001_894_145_1757139148886_77577616.jpg,116.386567,39.8892
,252,,南城小刘涮肉(虎坊桥店),白菜,南城小刘涮肉(虎坊桥店),大川二巷18号(阡儿胡同口) | 营业时间:周一至周日 09:30-22:30 | 电话:010-81628336;13810656323,2.7,4.7,100,https://aos-comment.amap.com/B0FFG2OAOP/comment/27FD35C2_A6F9_4B3F_B4A5_814892B3E744_L0_001_700_350_1759541152119_93523124.jpg,116.388193,39.888293
,252,,杭州小笼包(韩家胡同),酸辣粉,杭州小笼包(韩家胡同),铁树斜街149号(虎坊桥地铁站B东北口步行310米) | 营业时间:周一至周日 05:00-19:00 | 电话:15901443186,2.3,4,15,https://aos-comment.amap.com/B0FFFAIIAY/comment/60055403e7aa38fe138d34a970d64f9c_2048_2048_80.jpg,116.385612,39.891568
,252,,福记缘老北京涮肉,麻酱,福记缘老北京涮肉,五道街二号福记缘老北京铜锅涮肉 | 营业时间:周一至周日 10:00-23:00 | 电话:010-63024892;13269643588;13651321783,5,4.5,71,https://aos-comment.amap.com/B000A87GXA/comment/fad0081ac5c2b487d9e385187c787d6d_2048_2048_80.jpg,116.385489,39.891447
,253,,大兴胡同面茶,,大兴胡同面茶,交道口南大兴胡同7号 | 营业时间:周一至周日 06:00-12:30 | 电话:13716150228,2.9,4.6,8,https://aos-comment.amap.com/B000A9D8U8/comment/content_media_external_images_media_59618_ss__1742553484553_87876022.jpg,116.411937,39.93781
,253,,胡闹儿咖啡,卡布奇诺,胡闹儿咖啡,交道口南大街78号 | 营业时间:周一至周日 11:00-18:00 2026-02-15至2026-02-25 周一至周日 全天关闭 | 电话:13910655403;18513135362,1,4.6,37,https://aos-comment.amap.com/B0KGXPP5E8/comment/5556082B_CB7B_4E58_B132_08D83291B83C_L0_001_1462_194_1765608377808_63228996.jpg,116.408809,39.938191
,253,,郭通天宫院小吃(交道口店),双人餐,郭通天宫院小吃(交道口店),张自忠路33-2号(南锣鼓巷地铁站F东北口步行350米) | 营业时间:周一至周日 06:00-21:00 | 电话:15726625697,5.4,4.5,19,https://store.is.autonavi.com/showpic/3fba6c43b559d1f2f6fd2f6d4b90d17f,116.409339,39.933639
,253,,北京烤鸭(南锣鼓巷店),堂食,北京烤鸭(南锣鼓巷店),南大街128号蔬果佳内 | 营业时间:周一至周日 09:00-21:30 | 电话:15545649758,2.9,4.4,31,https://aos-comment.amap.com/B0JAPU6NOJ/comment/f7511785b27b5a5481feb1d003a5a42d_2048_2048_80.jpg,116.408995,39.935433
,253,,揽月斋新疆风味餐厅·清真(南锣鼓巷店),大盘鸡,揽月斋新疆风味餐厅·清真(南锣鼓巷店),东城区交道口南大街87号(宽街中医医院北面) | 营业时间:周一至周日 11:00-21:30 2026-05-01至2026-05-05 周一至周日 11:00-21:30 | 电话:010-64032482,2.1,4.7,78,https://aos-comment.amap.com/B0FFG967HI/comment/content_media_external_file_12324_ss__1761186853487_83522424.jpg,116.408596,39.934032
,253,,巴蜀王婆大虾(南锣鼓巷店),大虾,巴蜀王婆大虾(南锣鼓巷店),交道口南大街140号15幢16幢 | 营业时间:周一至周日 10:30-22:00 | 电话:010-81250777,4.8,4.7,72,https://aos-comment.amap.com/B0IA37YAB4/comment/F5709714_829A_4437_8BD2_670A0B03D094_L0_001_1290_84_1772194710207_71638646.jpg,116.409007,39.934203
,253,,不晚咖啡馆,奶咖,不晚咖啡馆,交道口南大街106号 | 营业时间:周二至周日 10:00-18:00 | 电话:13810605502,6.9,4.6,57,https://store.is.autonavi.com/showpic/d63e478c8321c8cd0000000741946762?type=pic,116.408883,39.937292
,253,,三味箸·延边烧烤·家常小炒,家常小炒,三味箸·延边烧烤·家常小炒,交道口南大街49号 | 营业时间:周一至周日 11:30-02:00 | 电话:15010590118,1.1,4.3,84,https://aos-comment.amap.com/B0MBZOCZC9/comment/0B71E7AD_A94D_41F8_97C7_3F4C546E53CC_L0_001_1500_200_1772264047199_91465601.jpg,116.408464,39.937882
,253,,老北京炸酱面(交道口南大街店),炸酱面,老北京炸酱面(交道口南大街店),交道口南大街134号16、17、18号房 | 营业时间:周一至周日 06:00-23:30 | 电话:13683039303,4.7,4.2,45,http://store.is.autonavi.com/showpic/5e28cf7536c397ec7ee0b41aa3d6c39d,116.408891,39.935145
,253,,峰哥烤串(交道口店),烤串,峰哥烤串(交道口店),交道口南大街41号峰哥烤串(交道口店) | 营业时间:周一至周日 16:30-02:30 | 电话:13141080631,0.5,4.5,78,https://store.is.autonavi.com/showpic/7f9a3d3064afff840000000727794989?type=pic,116.408446,39.938079
,253,,多味居,牛肉,多味居,"中剪子巷1号 | 营业时间:周一至周日 11:00-14:30,17:00-21:00 | 电话:010-64065305",5.6,4.7,93,https://aos-comment.amap.com/B000A4D589/comment/content_media_external_images_media_57871_ss__1767249984568_46307077.jpg,116.41189,39.935653
,253,,好滋味饺子,特色/地方风味餐厅,好滋味饺子,北剪子巷与东旺胡同交叉口西南20米,2.8,2.8,0,,116.411925,39.936875
,253,,广味小馆,特色小吃,广味小馆,交道口南大街与府学胡同交叉口北60米 | 营业时间:周一至周日 08:30-21:30 | 电话:13718905153,8.8,4.5,38,https://aos-comment.amap.com/B0JKBGLGU6/comment/bf9299cd29fa19fd4d12d81c644e029e_2048_2048_80.jpg,116.40891,39.936221
,253,,6+1菜馆,糖醋里脊,6+1菜馆,"北剪子巷26号 | 营业时间:周一至周日 10:00-15:00,16:30-23:00 | 电话:13681070946",8.2,4.1,27,https://store.is.autonavi.com/showpic/94db984f09cd2d7441423b7ea5c23330,116.412142,39.936386
,253,,宝瑞门钉肉饼店南锣鼓巷店,肉饼,宝瑞门钉肉饼店南锣鼓巷店,交道口南大街甲76号 | 营业时间:周一至周日 10:00-22:00 2026-05-01至2026-05-05 周一至周日 10:00-22:00 | 电话:13261160616;18612180404,9.6,4.5,37,https://store.is.autonavi.com/showpic/849c7343465de35f53e23b83cc851d88,116.40879,39.938266
,253,,兴顺饭庄(交道口南大街店),鱼香肉丝,兴顺饭庄(交道口南大街店),交道口南大街107号(近北京中医医院) | 营业时间:周一至周日 10:30-22:00 | 电话:010-64045748,4.8,4.5,58,https://aos-comment.amap.com/B000A4B186/comment/content_media_external_file_2349_1764134970672_16773801.jpg,116.408624,39.933865
,254,,秦老胡同48号,中餐厅,秦老胡同48号,秦老胡同与南锣鼓巷交叉口东60米,3.7,3.9,0,http://store.is.autonavi.com/showpic/41994917386fb0b7519646fa9c70fa70,116.4038,39.93702
,254,,老周铺子,中餐厅,老周铺子,南锣鼓巷南门北420米(南锣鼓巷地铁站E西北口步行320米),1.6,2.8,0,https://aos-comment.amap.com/B0L0FBVEOE/comment/177288531185_1772885313188_86385514.jpg,116.403248,39.936553
,254,,束河人家(南锣鼓巷店),包浆豆腐,束河人家(南锣鼓巷店),南锣鼓巷北兵马司胡同17号 | 营业时间:周一至周日 11:00-22:00 | 电话:010-57218898;010-84048817;18514032558,7,4.6,168,https://aos-comment.amap.com/B000A95CTT/comment/09a7125c4de034b3bf579a3740299ea9_2048_2048_80.jpg,116.4048,39.936427
,254,,景秀餐厅(南锣鼓巷店),碎溜鸡,景秀餐厅(南锣鼓巷店),东棉花胡同36号(南锣鼓巷地铁站E西北口步行340米) | 营业时间:周一至周日 11:00-22:00 2026-02-17至2026-02-23 周一至周日 10:30-22:00 | 电话:010-64079502;15011322791,9.4,4.4,73,http://store.is.autonavi.com/showpic/ad8fc57ca336e29d93ec2fcd37740af2,116.40472,39.935583
,254,,李记羊肉串,羊肉串,李记羊肉串,南锣鼓巷与雨儿胡同交叉口西北20米,9.2,2.8,0,,116.403075,39.935775
,254,,Wiggly Jiggly’s五月咖啡,美式咖啡,Wiggly Jiggly’s五月咖啡,北京城区南锣鼓巷36号(南锣鼓巷地铁站E西北口步行450米) | 营业时间:周一至周日 10:00-01:00 | 电话:010-64020151,8.3,4.3,60,https://aos-comment.amap.com/B0I2Y7XPY0/comment/202602_26-11101_1772075431411_83871736.jpg,116.403232,39.937904
,254,,方砖厂69号炸酱面(南锣鼓巷2店),老北京风味酸奶,方砖厂69号炸酱面(南锣鼓巷2店),北京城区南锣鼓巷117号 | 营业时间:周一至周日 09:00-21:30 | 电话:13051259673,8.9,4.7,37,https://aos-comment.amap.com/B0J21UFGSM/comment/0188C9F7_142C_4176_89BF_17465F8DF644_L0_001_2000_150_1765119514863_20707292.jpg,116.403087,39.935587
,254,,聚恩园春饼宴,肘子,聚恩园春饼宴,"北京城区沙井胡同11号 | 营业时间:周一至周日 11:00-14:00,17:00-22:00 | 电话:13522814556",8.9,4.5,99,https://aos-comment.amap.com/B0HUYRTGQG/comment/799FCFE4_60C6_4E72_9DB9_5FDCBB9B8C5B_L0_001_1500_2000_1740443365266_78497686.jpg,116.402231,39.937825
,254,,炙热童年,蘑菇,炙热童年,南锣鼓巷沙井胡同11号 | 营业时间:周一至周日 17:00-24:00 | 电话:010-64087045;13910994363,5.8,4.5,80,https://aos-comment.amap.com/B0FFFAI1XV/comment/7b089dff108932ccf13f09ae752fbadf_2048_2048_80.jpg,116.402205,39.937791
,254,,北平咖啡(南锣鼓巷店),覆盆子挞,北平咖啡(南锣鼓巷店),南锣鼓巷113-2号 | 营业时间:周一至周五 10:00-21:00；周六至周日 10:00-22:00 | 电话:010-84039198,8.2,4.5,69,https://aos-comment.amap.com/comment/content_service__1770693407059_65875543_1770693411511_59220778.jpg,116.403121,39.935771
,254,,Wiggly Jiggly’s窝儿餐酒小馆,鸡尾酒,Wiggly Jiggly’s窝儿餐酒小馆,北京城区南锣鼓巷85号(临近沙井胡同) | 营业时间:周一至周日 10:00-01:00 | 电话:010-64457358,6.1,4.4,97,https://aos-comment.amap.com/B0FFFAIZD1/comment/content_media_external_file_1000029921_ss__1771902894868_80723207.jpg,116.40308,39.937657
,256,,北京风味驴打滚(地安门商场店),中餐厅,北京风味驴打滚(地安门商场店),地安门外大街与万年胡同交叉口西北100米,7.9,3.1,78,https://store.is.autonavi.com/showpic/cc375c71f6dc4095f314c357ec0c1a16,116.395675,39.939225
,256,,聚德华天烤肉季·宴会厅(什刹海总店),中餐厅,聚德华天烤肉季·宴会厅(什刹海总店),地安门外大街前海东沿14号 | 营业时间:周一至周日 11:00-21:30 | 电话:13521516854,5,4.5,316,https://aos-comment.amap.com/B0L0JSFE81/comment/29C8F0C8_1AC4_44A6_896B_1073DA743966_L0_001_1500_200_1766698152465_62398574.jpg,116.39398,39.939019
,256,,庆云楼饭庄,干炸小丸子,庆云楼饭庄,"什刹海街道前海东沿22号 | 营业时间:周一至周五 11:00-14:30,17:00-21:00；周六至周日 11:00-21:00 2026-02-17至2026-02-23 周一至周日 10:00-21:00 | 电话:010-64019581;010-64021663",6.2,4.5,120,https://aos-comment.amap.com/B0FFHR03EJ/comment/35313566_520C_44F9_BB37_CAA089D6E8D9_L0_001_1170_154_1769618582782_30747047.jpg,116.394034,39.939002
,256,,富华斋·饽饽铺(鼓楼店),点心,富华斋·饽饽铺(鼓楼店),北京城区地安门外大街29号(旁门) | 营业时间:周一至周日 09:00-21:30 | 电话:010-85230106;18311461639,6.7,4.7,54,https://store.is.autonavi.com/showpic/66d7f7d607d222820000002395846887?type=pic,116.395877,39.938953
,256,,烤肉季饭庄,烤羊肉,烤肉季饭庄,前海东沿路14号 | 营业时间:周一至周日 10:30-22:00 | 电话:010-64042554;010-64069719,5.7,4.6,110,http://store.is.autonavi.com/showpic/aedf074ae2d907fab1c6854ac9336cc8,116.393969,39.939033
,256,,烟袋斜街老号炸酱面,烤鸭,烟袋斜街老号炸酱面,地安门外大街21号(什刹海地铁站A2西北口步行140米) | 营业时间:周一至周日 10:00-21:00 | 电话:15392715701,8.2,4.3,43,https://aos-comment.amap.com/B0G31CXPHE/comment/bcffe7d5d8fc3c9136ecacbe1390e93c_2048_2048_80.jpg,116.395826,39.939218
,256,,马凯餐厅(地安门店),牛肉,马凯餐厅(地安门店),"什刹海地安门外大街29号(什刹海地铁站A2西北口旁) | 营业时间:周一至周五 10:30-14:00；16:30-21:00；周六至周日及节假日 10:30-21:00,2026年5月1日至2026年5月5日 10:30-21:00 | 电话:010-64011981;010-64018611",5.3,4.7,127,https://aos-comment.amap.com/B0FFJ5L8NF/comment/4e53bd1dcf92a28e7ff9bdf23a15d496_2048_2048_80.jpg,116.395838,39.938444
,256,,东华门小吃,皇城根炸酱面,东华门小吃,前海东沿10号(什刹海地铁站A2西北口步行200米) | 营业时间:周一至周日 10:00-22:00 2026-02-16至2026-02-16 周一 全天关闭 | 电话:13120315289,4.4,4.6,35,https://aos-comment.amap.com/B0KRPUPRCJ/comment/content_media_external_images_media_1000054076_ss__1733579549883_16202533.jpg,116.393764,39.939101
,256,,爆肚张,肚仁,爆肚张,什刹海前海东沿17号(银锭桥南) | 营业时间:周一至周日 11:00-21:00 | 电话:010-64057412,7.6,4.5,53,http://store.is.autonavi.com/showpic/210674b53f43f9c99db33dd9fab0ab62,116.39469,39.938761
,256,,清真·南门铜锅涮肉(鼓楼观景店),雪花牛霖肉,清真·南门铜锅涮肉(鼓楼观景店),地安门外大街19号(什刹海地铁站A2西北口步行140米) | 营业时间:周一至周日 10:00-24:00 | 电话:13801078527,9.4,4.5,82,https://aos-comment.amap.com/B0J34M7PT2/comment/891c76e6309aa0059d5ddbebfbbb5f3a_2048_2048_80.jpg,116.395853,39.939502
,256,,黄油烤年糕,黄油,黄油烤年糕,烟袋斜街特色商业街东门旁,8.1,2.9,16,https://store.is.autonavi.com/showpic/159808d530f9c47f8c576ccad4f6d909,116.395875,39.939175
,257,,束河人家(南锣鼓巷店),包浆豆腐,束河人家(南锣鼓巷店),南锣鼓巷北兵马司胡同17号 | 营业时间:周一至周日 11:00-22:00 | 电话:010-57218898;010-84048817;18514032558,5,4.6,168,https://aos-comment.amap.com/B000A95CTT/comment/09a7125c4de034b3bf579a3740299ea9_2048_2048_80.jpg,116.4048,39.936427
,257,,北京烤鸭(南锣鼓巷店),堂食,北京烤鸭(南锣鼓巷店),南大街128号蔬果佳内 | 营业时间:周一至周日 09:00-21:30 | 电话:15545649758,0.4,4.4,31,https://aos-comment.amap.com/B0JAPU6NOJ/comment/f7511785b27b5a5481feb1d003a5a42d_2048_2048_80.jpg,116.408995,39.935433
,257,,西安牛羊肉泡馍(宽街店),油泼面,西安牛羊肉泡馍(宽街店),交道口南大街与炒豆胡同交叉口西北20米 | 营业时间:周一至周日 09:00-22:30 | 电话:13691285398,4.8,4.2,39,http://store.is.autonavi.com/showpic/347a792caa709483b445eb41ab8cbed7,116.408585,39.93454
,257,,宽街炒豆胡同,炒豆,宽街炒豆胡同,僧王府南门东160米(南锣鼓巷地铁站E西北口步行250米),1.2,4.2,0,http://store.is.autonavi.com/showpic/d21595bdfb55406b6f2bf4aa091ad799,116.405374,39.934292
,257,,广味小馆,特色小吃,广味小馆,交道口南大街与府学胡同交叉口北60米 | 营业时间:周一至周日 08:30-21:30 | 电话:13718905153,7.5,4.5,38,https://aos-comment.amap.com/B0JKBGLGU6/comment/bf9299cd29fa19fd4d12d81c644e029e_2048_2048_80.jpg,116.40891,39.936221
,257,,景秀餐厅(南锣鼓巷店),碎溜鸡,景秀餐厅(南锣鼓巷店),东棉花胡同36号(南锣鼓巷地铁站E西北口步行340米) | 营业时间:周一至周日 11:00-22:00 2026-02-17至2026-02-23 周一至周日 10:30-22:00 | 电话:010-64079502;15011322791,6.5,4.4,73,http://store.is.autonavi.com/showpic/ad8fc57ca336e29d93ec2fcd37740af2,116.40472,39.935583
,257,,方砖厂69号炸酱面(南锣鼓巷2店),老北京风味酸奶,方砖厂69号炸酱面(南锣鼓巷2店),北京城区南锣鼓巷117号 | 营业时间:周一至周日 09:00-21:30 | 电话:13051259673,6.1,4.7,37,https://aos-comment.amap.com/B0J21UFGSM/comment/0188C9F7_142C_4176_89BF_17465F8DF644_L0_001_2000_150_1765119514863_20707292.jpg,116.403087,39.935587
,257,,北平咖啡(南锣鼓巷店),覆盆子挞,北平咖啡(南锣鼓巷店),南锣鼓巷113-2号 | 营业时间:周一至周五 10:00-21:00；周六至周日 10:00-22:00 | 电话:010-84039198,9.7,4.5,69,https://aos-comment.amap.com/comment/content_service__1770693407059_65875543_1770693411511_59220778.jpg,116.403121,39.935771
,258,,福里咖啡Full House Coffee,coffee,福里咖啡Full House Coffee,方砖厂胡同83-1号(什刹海地铁站C东南口步行190米) | 营业时间:周一至周日 09:00-20:00 | 电话:18518770180,4.2,4.5,40,https://aos-comment.amap.com/B0LKT9XFK0/comment/20260313-99ac10e5190e249302421cf0-4VxAiVh7MXq6KQUkGKMces.jpg,116.397213,39.938092
,258,,古巷李记爆肚,中餐厅,古巷李记爆肚,南下洼子胡同与沙井胡同交叉口东南20米,8.6,3.1,0,,116.4,39.937926
,258,,新疆风味,中餐厅,新疆风味,青玉酸奶西门旁(什刹海地铁站C东南口步行210米) | 电话:010-64062511,9,3.6,39,https://store.is.autonavi.com/showpic/1f0dbb4498f809606708888e79784151,116.398293,39.936594
,258,,马记?面面俱到?主食店,中餐厅,马记?面面俱到?主食店,南下洼子胡同与沙井胡同交叉口西20米 | 营业时间:周一至周日 06:00-20:00 | 电话:17600825302,4.2,3.4,7,https://aos-comment.amap.com/B0LKCC1VKX/comment/5B002951_3A94_4C69_A9F8_FE9B0E003844_L0_001_1125_150_1765960873299_83724417.jpg,116.399874,39.937976
,258,,京宴·鸭儿季(鼓楼店),单人餐,京宴·鸭儿季(鼓楼店),地安门外大街与白米斜街交叉口北40米 | 营业时间:周一至周日 10:00-22:00 | 电话:18510878838,6.4,4.2,63,https://aos-comment.amap.com/B0L0VSIPED/comment/content_media_external_file_1000007131_ss__1768914219269_45905454.jpg,116.396334,39.935753
,258,,鬼味烤翅(南锣鼓巷店),土豆泥,鬼味烤翅(南锣鼓巷店),黑芝麻胡同20号 | 营业时间:周一至周日 11:30-21:30 | 电话:010-64075931,0.3,4.6,67,http://store.is.autonavi.com/showpic/d89e3c8439737fb275f447b211e96b7c,116.400457,39.938343
,258,,北门涮肉·铜锅涮肉(什刹海店),手切鲜羊肉,北门涮肉·铜锅涮肉(什刹海店),北京城区帽儿胡同乙43号(什刹海地铁站C东南口步行230米) | 营业时间:周一至周日 11:00-22:00 | 电话:010-84032940,10,4.7,88,http://store.is.autonavi.com/showpic/1f4c6a3bcadb6efac42ecf15da7f8308,116.398466,39.936452
,258,,爆肚金生隆(后海店),毛肚,爆肚金生隆(后海店),"地安门外大街91号(什刹海地铁站C东南口步行180米) | 营业时间:周一至周日 11:30-14:00,17:00-21:30 2026-02-14至2026-02-23 周一至周日 全天关闭 | 电话:13522221823",3.4,4.5,128,https://aos-comment.amap.com/B0JUCU3SI3/comment/d55193c98c34f99dea25796ae36cfbd1_2048_2048_80.jpg,116.396046,39.935918
,258,,庆丰1948·精致京味菜(地安门店),糖醋里脊,庆丰1948·精致京味菜(地安门店),地安门外大街127号(什刹海地铁站C东南口步行290米) | 营业时间:周一至周日 10:30-21:00 | 电话:010-64021518,1.9,4.5,0,https://aos-comment.amap.com/B0K15C399A/comment/2f95defd03c743e08bdbb9c4778dd158_2048_2048_80.jpg,116.396112,39.93491
,258,,伊隆斋,羊肉,伊隆斋,地安门外大街帽儿胡同甲43号 | 营业时间:周一至周日 10:30-23:30 | 电话:010-64062511;13426269010,5.5,4.6,84,https://store.is.autonavi.com/showpic/259cac6782d5fd650000002420234274?type=pic,116.398307,39.936535
,258,,福满满门钉肉饼(鼓楼店),门钉肉饼,福满满门钉肉饼(鼓楼店),"地安门外大街111号 | 营业时间:周一至周日 09:00-14:00,14:02-21:30 | 电话:13838725099",4.8,4.3,26,https://aos-comment.amap.com/B000A853J1/comment/1F321BA9_1676_4DF5_9DAD_74E76B4BA3F4_L0_001_1206_151_1767620979538_33097308.jpg,116.396048,39.93546
,258,,京面食坊(南锣店),面食,京面食坊(南锣店),沙井胡同14号南门西北130米,9.9,3.7,34,,116.399657,39.938084
,258,,茶花妹子云南餐厅(地安门店),香茅草烤鱼,茶花妹子云南餐厅(地安门店),地安门外大街109号(什刹海地铁站C东南口步行220米) | 营业时间:周一至周日 10:00-22:30 | 电话:010-84049397;15010737271,5.4,4.6,37,http://store.is.autonavi.com/showpic/2c00d110aa768aa835e0ef1f11781e3b,116.39606,39.9355
,258,,百年前门铜锅涮肉(后海8店),高钙羊肉,百年前门铜锅涮肉(后海8店),北京城区地安门外大街134号 | 营业时间:周一至周日 10:00-24:00 2026-02-03至2026-02-28 周一至周日 10:00-24:00 | 电话:010-88857737;13141078815;13269051885,7.4,4.7,73,https://aos-comment.amap.com/B0K0FUAMCG/comment/content_media_external_file_22228_ss__1745664662355_02192671.jpg,116.396319,39.935565
,262,,星巴克(南锣鼓巷店),下午茶,星巴克(南锣鼓巷店),北京城区南锣鼓巷20号 | 营业时间:周一至周日 07:00-21:00 | 电话:010-84084985,6.3,4.6,30,https://store.is.autonavi.com/showpic/82d01ef3d56317f70000002241412350?type=pic,116.403402,39.939689
,262,,蟹黄生煎,中餐厅,蟹黄生煎,南锣鼓巷39号,9.6,3.6,42,https://aos-comment.amap.com/B0I12B5VDP/comment/266c205454de5ec4a6d13a09db685e03_2048_2048_80.jpg,116.403106,39.938968
,262,,杨梅冰汤圆(南锣鼓巷店),冰汤圆,杨梅冰汤圆(南锣鼓巷店),南锣鼓巷北门南280米,1.1,3.4,0,https://store.is.autonavi.com/showpic/f9655bb5b6b3c91ea688f8b4c8d120e2,116.403043,39.938814
,262,,璟雅轩烤鸭·一鸭九吃(南锣鼓巷店),北京烤鸭,璟雅轩烤鸭·一鸭九吃(南锣鼓巷店),南锣鼓巷20号 | 营业时间:周一至周日 10:30-21:30 | 电话:010-69693123,7.3,4.6,72,https://aos-comment.amap.com/comment/content_service__1771560181561_67673042_1771561607023_42367647.jpg,116.403207,39.939429
,262,,糖房咖啡(南锣鼓巷店),卡布奇诺,糖房咖啡(南锣鼓巷店),菊儿胡同107号 | 营业时间:周一至周日 10:00-20:00 | 电话:19868830369,1.7,4.6,54,https://aos-comment.amap.com/B0FFKPJO24/comment/478c5d26073ccc94267b71e5575d1d6f_2048_2048_80.jpg,116.40345,39.93918
,262,,菊儿人家(南锣鼓巷店),卤肉饭,菊儿人家(南锣鼓巷店),北京城区菊儿胡同63号(奇葩奶奶家对面) | 营业时间:周一至周日 11:00-21:30 | 电话:13911576527,4.4,4.5,36,http://store.is.autonavi.com/showpic/96b2e2c10965fda78f0e40d48e13aa63,116.404002,39.939987
,262,,卡法咖啡,咖啡厅,卡法咖啡,南锣鼓巷与后圆恩寺胡同交叉口东南20米,8.6,3.4,0,https://store.is.autonavi.com/showpic/d955f8c4ad386feaabf89fcc7f23b87b,116.403242,39.938265
,262,,胜利咖啡,咖啡厅,胜利咖啡,北京城区北京城区南锣鼓巷菊儿胡同14号南锣剧场北门 | 营业时间:周一至周日 10:00-19:00 | 电话:15690093319;15810568142,8,3.5,21,https://store.is.autonavi.com/showpic/1d28b3de0d9a725e1054731ea8750b6d,116.404268,39.939018
,262,,尹三豆汁·尹三烤鸭(南锣鼓巷店),烤鸭,尹三豆汁·尹三烤鸭(南锣鼓巷店),南锣鼓巷二十号 | 营业时间:周一至周日 10:00-21:30 2026-05-01至2026-05-05 周一至周日 10:00-21:30 | 电话:15175059838,2,4.7,52,https://aos-comment.amap.com/B0KRS5F9PY/comment/25A6F51C_F193_44AD_B257_CB240C47BA61_L0_001_1500_2000_1730646552941_55374457.jpg,116.403214,39.93952
,262,,Wiggly Jiggly’s五月咖啡,美式咖啡,Wiggly Jiggly’s五月咖啡,北京城区南锣鼓巷36号(南锣鼓巷地铁站E西北口步行450米) | 营业时间:周一至周日 10:00-01:00 | 电话:010-64020151,1.7,4.3,60,https://aos-comment.amap.com/B0I2Y7XPY0/comment/202602_26-11101_1772075431411_83871736.jpg,116.403232,39.937904
,262,,胖灯笼牛肉面小馆,镇店老北京炸酱面,胖灯笼牛肉面小馆,北京城区黑芝麻胡同2号(南锣鼓巷与黑芝麻胡同交叉口往西20米) | 营业时间:周一至周五 11:00-21:30；周六至周日 10:30-21:30 | 电话:13161999759,6.6,4.5,29,https://store.is.autonavi.com/showpic/7543da258ec4d6320000000734574470?type=pic,116.402914,39.938381
,262,,香上香家传面筋,面筋,香上香家传面筋,南锣鼓巷与菊儿胡同交叉口东北20米,7.7,3.1,0,https://store.is.autonavi.com/showpic/c41642e7e8cb5d22b1b16987421597b3,116.403275,39.939325
,262,,Wiggly Jiggly’s窝儿餐酒小馆,鸡尾酒,Wiggly Jiggly’s窝儿餐酒小馆,北京城区南锣鼓巷85号(临近沙井胡同) | 营业时间:周一至周日 10:00-01:00 | 电话:010-64457358,6.1,4.4,97,https://aos-comment.amap.com/B0FFFAIZD1/comment/content_media_external_file_1000029921_ss__1771902894868_80723207.jpg,116.40308,39.937657
,262,,鼓捣猫呢咖啡馆(南锣鼓巷店),鼓捣猫呢-喵??,鼓捣猫呢咖啡馆(南锣鼓巷店),南锣鼓巷小菊儿胡同71号 | 营业时间:周一至周日 10:00-22:00 2026-05-01至2026-05-05 周一至周日 10:00-22:00 | 电话:010-64026183;18633333530,2.7,4.6,67,https://aos-comment.amap.com/B0H2N7H181/comment/cc5f1cd51226faa4f0b53d0449a78230_2048_2048_80.jpg,116.403476,39.939871
,263,,五谷煎饼,中餐厅,五谷煎饼,留源路11号,1.3,2.2,0,,116.378425,39.719275
,263,,便民早点,中餐厅,便民早点,友谊街与团结路交叉口北100米 | 营业时间:周一至周日 05:00-10:00,8.5,3.7,0,https://store.is.autonavi.com/showpic/71dfce373247f76cff016ad1b7e40f07,116.378894,39.719238
,263,,安徽早点(留源路店),中餐厅,安徽早点(留源路店),黄马路与团桂路交叉口南160米,0.3,3.2,13,https://store.is.autonavi.com/showpic/1eefdbbfafa09fb58705be505569f95c,116.378388,39.720331
,263,,小四川菜馆(留源路店),中餐厅,小四川菜馆(留源路店),团桂路与留源路交叉口北100米 | 营业时间:周一至周日 10:00-24:00 | 电话:13684105905,8.2,3.7,39,http://store.is.autonavi.com/showpic/6fdaba54d8d14225cb76c4fc1e5cedd9,116.378375,39.720175
,263,,惠民美食(留源路店),中餐厅,惠民美食(留源路店),团桂路与留源路交叉口北60米,6.3,3.6,17,http://store.is.autonavi.com/showpic/dc43281d53d5e14b0996455e677514d4,116.37837,39.719618
,263,,新平美味小吃,中餐厅,新平美味小吃,黄马路与团桂路交叉口南200米,3.2,2.7,12,https://store.is.autonavi.com/showpic/7fc4a024c284568a661194d4657f7d94,116.378172,39.719966
,263,,河南滋补烩面,中餐厅,河南滋补烩面,刘二村河南滋补烩面133号 | 营业时间:周一至周日 09:30-23:00 | 电话:18037703189,4.9,3.8,25,http://store.is.autonavi.com/showpic/f8c0cb65f3eaac41f176c0c7c26913dc,116.378212,39.720237
,263,,香坊美食,中餐厅,香坊美食,刘村留源路16号 | 营业时间:周一至周日 10:00-23:00 | 电话:13651166080,2.9,4.1,43,https://aos-comment.amap.com/B0K3TOJX0E/comment/0FB8AAD2_82D5_46A6_A8CC_10954A409948_L0_001_1080_192_1758813359056_56107635.jpg,116.378535,39.719049
,263,,刘记固始鹅块,固始鹅块,刘记固始鹅块,黄马路与团桂路交叉口南140米,7.5,3.5,57,https://store.is.autonavi.com/showpic/e3f2b9d19aeddf52ff2291af02e65d3b,116.378215,39.72043
,263,,川味麻辣烫,川味麻辣烫,川味麻辣烫,"友谊街与团桂路交叉口北150米 | 营业时间:1月,3月至12月 周一至周日 12:30-02:00 | 电话:15003948005",8.3,3.3,30,https://store.is.autonavi.com/showpic/e162ae65466a031b17e0a8f34d706d92,116.378234,39.720589
,263,,木炭烧烤,木炭烧烤,木炭烧烤,黄马路与团桂路交叉口南140米,4.5,3.3,61,http://store.is.autonavi.com/showpic/41e5f6fcd801aa288095ee01ea91d4b7,116.378216,39.720529
,263,,板面鲜水饺,板面,板面鲜水饺,团桂路与留源路交叉口北100米,4.5,2.6,0,,116.378359,39.720004
,263,,中国兰州牛肉面,清真菜馆,中国兰州牛肉面,友谊街与团结路交叉口西北120米,5.7,3.2,40,,116.378251,39.719366
,263,,安徽板面牛杂面(刘村店),牛杂面,安徽板面牛杂面(刘村店),黄马路与团桂路交叉口南120米,6.1,3.6,27,http://store.is.autonavi.com/showpic/b16e06b31eea96b72fcc9588078909ad,116.378413,39.720582
,263,,小张烧烤(留源路店),特色/地方风味餐厅,小张烧烤(留源路店),友谊街与团结路交叉口北180米,1,2.3,61,,116.378344,39.719918
,263,,羊棒骨烩面,羊棒骨,羊棒骨烩面,黄马路与团桂路交叉口南120米 | 营业时间:周一至周日 10:30-23:00 | 电话:13681291658,2.6,3.4,0,https://aos-comment.amap.com/B0J2FSOKM3/comment/content_media_external_images_media_1000003480_ss__1737348423908_10819503.jpg,116.3784,39.720565
,263,,筋面缘饸烙面,饸烙面,筋面缘饸烙面,团桂路29号 | 电话:15790003802,6.8,3.7,17,http://store.is.autonavi.com/showpic/f31f226fa6a7b790b696783b6ca11ce8,116.37818,39.72034
,264,,渔蓝海鲜火锅(首都宾馆店),双人餐,渔蓝海鲜火锅(首都宾馆店),首都宾馆A座一层大堂吧东北角 | 营业时间:周一至周日 16:30-21:30 | 电话:010-58159566,8.1,4.6,163,https://aos-comment.amap.com/B0JRZGS12N/comment/982239bae377647ec1abd48304e1a1e9_2048_2048_80.jpg,116.409635,39.902001
,264,,良苑烤鸭店(前门店),宫保鸡丁,良苑烤鸭店(前门店),"前门东大街14号楼前 | 营业时间:11:00-21:00,2026年春节期间07:00-09:30；10:30-21:00 | 电话:010-65122322",1.5,4.5,80,https://aos-comment.amap.com/B000A7C192/comment/5B6F0744_4E23_4727_BFA1_4FF00A1CB9F2_L0_001_2000_150_1760867253847_38700077.jpg,116.408677,39.900407
,264,,食鼎轩烤鸭·私房菜(北京王府井台基厂大街店),家常菜,食鼎轩烤鸭·私房菜(北京王府井台基厂大街店),"台基厂大街10-1号 | 营业时间:周一至周日 09:30-14:00,16:30-21:30 2026-05-01至2026-05-05 周一至周日 09:30-14:00,16:30-21:30 | 电话:010-63445868;18519118048",0.2,4.6,70,https://aos-comment.amap.com/B0KGRMA21S/comment/content_media_external_file_100003357_1767011828140_18373911.jpg,116.411861,39.903494
,264,,北京隆和居美食城(正义路店),干锅千页豆腐,北京隆和居美食城(正义路店),东华门街道正义路8号(原市政府斜对面) | 营业时间:周一至周日 10:00-22:30 | 电话:010-65263265;13520777900,6.1,4.4,73,https://store.is.autonavi.com/showpic/72fbdf46904d9ac20000002152518124?type=pic,116.406444,39.903414
,264,,松鹤楼(台基厂店),松鼠桂鱼,松鹤楼(台基厂店),"北京城区台基厂大街10号(东郊民巷小学旁) | 营业时间:周一至周日 11:00-14:00,17:00-21:00 2026-02-17至2026-02-23 周一至周日 11:00-14:00,16:30-21:00 | 电话:010-65278195;010-65279255",2.6,4.5,153,http://store.is.autonavi.com/query_pic?id=st4e59a81c-8dd5-4876-9cdf-1e3afe32ebe2&user=search&operate=original,116.411839,39.903469
,264,,君庭中餐厅(首都宾馆店),牛肉,君庭中餐厅(首都宾馆店),"前门东大街3号首都宾馆东北门门房 | 营业时间:周一至周日 11:00-14:00,17:00-21:00 | 电话:010-58159788",9.5,4.4,213,https://aos-comment.amap.com/comment/content_service__1771506306909_36408294_1771506354089_05149994.jpg,116.408956,39.902119
,264,,奥华餐厅老张记(台基厂店),虾仁独面筋,奥华餐厅老张记(台基厂店),北京城区台基厂大街18-3号 | 营业时间:周一至周日 10:30-21:30 | 电话:010-65129289;010-65244021,8.5,4.6,62,http://store.is.autonavi.com/showpic/a44d4745fdde65bc76e850f893a9937b,116.411937,39.902869
,266,,四川饭店(和平门店),夫妻肺片,四川饭店(和平门店),"前门西大街14号西门 | 营业时间:周一至周日 11:00-14:00,16:30-20:30 | 电话:010-63188088",3.6,4.6,99,https://aos-comment.amap.com/B0HKYZRWUX/comment/content_media_external_file_100009283_1769267800822_03186712.jpg,116.384697,39.899076
,266,,安平里餐厅(琉璃厂文化街店),水煮肉片,安平里餐厅(琉璃厂文化街店),"南新华街安平里胡同甲2号 | 营业时间:周一至周日 11:00-14:00,17:00-21:00 | 电话:13521877757",4.1,4,32,https://store.is.autonavi.com/showpic/c4344dfec5542984809d57b84a216ec7,116.383487,39.896365
,266,,孙记河间驴肉火烧(和平门店),烤串,孙记河间驴肉火烧(和平门店),和平门东河沿3号(和平门地铁站D2西南口步行180米) | 营业时间:周一至周日 09:30-23:30 | 电话:010-63033869;13718171736;18310697258,0.2,4.5,49,https://aos-comment.amap.com/B0FFJHR3Q7/comment/1959B2D1_FB2F_4ABE_B2B9_664144366FE8_L0_001_1290_200_1773109082369_24681266.jpg,116.383926,39.898829
,266,,全聚德(北京和平门店),精选烤鸭,全聚德(北京和平门店),"前门西大街14号(和平门地铁站C2东南口步行80米) | 营业时间:周一至周日 11:00-14:00,16:00-20:30 | 电话:010-83193100",5.2,4.7,185,http://store.is.autonavi.com/showpic/70fdb310de6e96d189b13f8de5f31f2c,116.385072,39.899292
,266,,撒拉梦西域小面馆(前门西大街店),羊肉串,撒拉梦西域小面馆(前门西大街店),前门西大街75号(和平门地铁站B2东北口旁) | 营业时间:周一至周日 09:30-24:00 | 电话:010-66551789,6.7,4.3,46,https://aos-comment.amap.com/B0JKTS3IK0/comment/%5B2026-01-23-02-57-14%5D43A13CEA-3AAB-4C82-87DB-8036288EB85_1769108236827_26598366.jpg,116.385625,39.900529
,266,,老边饺子馆(和平门店),饺子,老边饺子馆(和平门店),前门西大街甲10号中联鑫华酒店一层 | 营业时间:周一至周日 09:30-21:30 | 电话:010-63018006,5,4.5,74,https://aos-comment.amap.com/B0FFG7FSV5/comment/E536D7C0_DB7F_4C5B_B7FA_EF657ECC1502_L0_001_1126_2000_1744518523930_36730509.jpg,116.385685,39.899781
,267,,记嘚来·广州顺德菜馆(金融街店),中餐厅,记嘚来·广州顺德菜馆(金融街店),阜成门内大街丙293号04 | 营业时间:周一至周日 10:30-21:30 | 电话:010-65996618,6.1,4.5,91,https://aos-comment.amap.com/B0L3MUKTKI/comment/content_media_external_file_1000050613_ss__1770081324657_47258815.jpg,116.359578,39.923919
,267,,酒宴(阜成门店),中餐厅,酒宴(阜成门店),宫门口三条3号 | 营业时间:周一至周日 09:00-21:00 | 电话:18500606102,8.2,3.2,0,http://store.is.autonavi.com/showpic/85f8138276a11ff9ff090a07fdc4629c,116.360405,39.926271
,267,,京八珍(阜成门店),八珍肘子,京八珍(阜成门店),阜成门内大街339号(阜成门地铁站B东北口步行120米) | 营业时间:周一至周日 07:00-21:30 | 电话:18519718436,4.8,4.3,33,https://aos-comment.amap.com/B0FFFAITNV/comment/20260318-06740b6ca8742491816d8bda-61YcE0zCRuA6IMrinnRkOi.jpg,116.357764,39.92387
,267,,胖子卤煮,卤煮火烧,胖子卤煮,宏大胡同28号(阜成门地铁站B东北口步行460米) | 营业时间:周一至周日 09:00-21:00 | 电话:13466686811;13611018259,4.8,4.5,56,https://aos-comment.amap.com/B000A7X1H2/comment/content_media_external_file_150892_ss__1762772894483_44762156.jpg,116.357959,39.927377
,267,,北京有术sthhere咖啡,咖啡厅,北京有术sthhere咖啡,宫门口二条14号(阜成门地铁站B东北口步行380米) | 电话:010-66495755,3,4.5,0,https://store.is.autonavi.com/showpic/b2be8661e8be369f0000002437104319?type=pic,116.360157,39.925217
,267,,鲁迅时光·日咖夜酒,咖啡厅,鲁迅时光·日咖夜酒,北京鲁迅博物馆南门旁(阜成门地铁站B东北口步行280米) | 营业时间:周一至周日 09:00-18:00,0.1,4.4,58,https://aos-comment.amap.com/B0J1VA627H/comment/177183048718_1771830488066_90732308.jpg,116.359048,39.925369
,267,,塔熙Cafe,奶油,塔熙Cafe,阜成门内北街与宫门口头条交叉口南40米 | 营业时间:周一至周五 10:00-19:00；周六至周日 11:00-19:00 | 电话:16600043587,9.7,4.6,65,https://aos-comment.amap.com/B0JUHYKHSP/comment/67800249_7A54_4DCC_AC79_4DA2313304E7_L0_001_2016_134_1753970140340_14234385.jpg,116.35889,39.924264
,267,,紫光园清真北京小吃(阜成门店),奶皮子,紫光园清真北京小吃(阜成门店),阜成门内大街269号1层01 | 营业时间:周一至周日 08:30-20:30 | 电话:15081012642,1,4.6,30,http://store.is.autonavi.com/query_pic?id=stc56029d4-8f36-4428-b61d-aded6ac2fe6d&user=search&operate=original,116.360109,39.923931
,267,,黑窑厂糖油饼(阜成门店),招牌菜,黑窑厂糖油饼(阜成门店),阜成门大街329号(阜成门地铁站B东北口步行150米) | 营业时间:周一至周日 06:00-21:00 | 电话:010-66180750,1.8,4.6,28,https://aos-comment.amap.com/B0JKY63XCW/comment/content_media_external_file_1000011682_ss__1767235801672_80846268.jpg,116.358176,39.923882
,267,,山西特色面食(阜成门内北街店),油泼面,山西特色面食(阜成门内北街店),"西二环阜成门桥阜内北街8号 | 营业时间:周一至周日 10:00-15:00,17:00-21:30 | 电话:18501361345",5.3,4.5,24,https://aos-comment.amap.com/B0FFH0213W/comment/93c5ab3ffb4bd202adb105b614495022_2048_2048_80.jpg,116.358845,39.924397
,267,,静一(白塔寺店),热干面,静一(白塔寺店),"阜内北街10.12号(阜成门地铁站B东北口步行240米) | 营业时间:周一至周日 11:00-14:30,17:00-21:30 | 电话:15646583728",7.3,4.6,80,https://aos-comment.amap.com/B0KUP1EN90/comment/D55FD7AD_71E6_40BC_A2C8_720AE9055320_L0_001_2016_151_1754714053177_18653828.jpg,116.35889,39.924181
,267,,西域阿吾(阜成门店),牛肉炒饭,西域阿吾(阜成门店),宫门口头条西域阿吾(阜成门地铁站B东北口步行170米) | 营业时间:周一至周日 10:00-23:30 | 电话:15901209375;18001183488,5,4.2,45,https://store.is.autonavi.com/showpic/b30ee728aed9400622e4d73ab5f9d523,116.358608,39.924719
,267,,护国寺小吃(阜成门桥店),牛肉饼,护国寺小吃(阜成门桥店),阜成门内大街349号(阜成门地铁站B东北口步行90米) | 营业时间:周一至周日 06:00-20:30 | 电话:010-66162446;13718561051,7.4,4.5,24,http://store.is.autonavi.com/showpic/d03030b88903dbb95f3aec888a040860,116.357424,39.923901
,267,,65号烤羊腿(阜成门店),特色/地方风味餐厅,65号烤羊腿(阜成门店),阜成门内大街宫门口头条65号 | 营业时间:09:00-22:00 | 电话:13126923056;18201131533,6.4,4.3,87,http://store.is.autonavi.com/showpic/53a0ef26a310b133764ecb55,116.357749,39.924732
,267,,渔芙南·湘食本味(白塔寺店),砂锅辣焗笋壳鱼,渔芙南·湘食本味(白塔寺店),"北京城区阜成门内大街313号永和大王北侧二层 | 营业时间:周一至周日 11:00-14:00,17:00-21:00 | 电话:010-83063022",2.7,4.7,120,http://store.is.autonavi.com/showpic/e00e706acffe5fc0941b795a3bf4d02d,116.35874,39.923986
,267,,肖蘸罐罐米线(阜成门店),罐罐米线,肖蘸罐罐米线(阜成门店),阜成门内大街313号(阜成门地铁站B东北口步行200米) | 营业时间:周一至周日 09:00-23:00 | 电话:010-84085488;18515873555,9.2,4.5,36,https://aos-comment.amap.com/B0L1L7EXDT/comment/content_media_external_file_1000036838_ss__1766554978156_72280883.jpg,116.358753,39.924025
,268,,COSTA COFFEE(新时代大厦店),coffee,COSTA COFFEE(新时代大厦店),平安里西大街26号新时代大厦F1层 | 营业时间:周一至周日 07:00-20:00 | 电话:010-63220155,5.3,4.5,31,https://aos-comment.amap.com/B0FFKEEPM3/comment/20260320-068f24692cda686b020c2fdc-4qzGHWlM8OA864IAUkdupj.jpg,116.358281,39.931934
,268,,如是心东方食养(青年宫店),中餐厅,如是心东方食养(青年宫店),西直门南小街国英園6号楼1层,6.7,3.8,21,,116.35844,39.935455
,268,,中国兰州牛肉拉面(后广平胡同小区店),单人餐,中国兰州牛肉拉面(后广平胡同小区店),后广平胡同(西城区第一图书馆)对面 | 营业时间:周一至周日 07:00-21:30 | 电话:17602245396,5.1,4.3,19,http://store.is.autonavi.com/query_pic?id=st1c70706a-ddd6-4231-b85f-91ffd4561d53&user=search&operate=original,116.361239,39.936786
,268,,喜粤精品中餐,点心,喜粤精品中餐,"西直门南小街68号北-1号 | 营业时间:周一至周日 10:30-14:00,16:30-21:00 | 电话:010-66573111;13910312331",8.8,4.4,106,http://store.is.autonavi.com/showpic/e03965ae02d8b8ef869a9bea624b4a08,116.359697,39.936097
,268,,金华丽饺子馆(西直门总店),烤串,金华丽饺子馆(西直门总店),西直门南山街国英园六号楼 | 营业时间:周一至周日 06:00-22:00 | 电话:010-66127915,1.1,3.9,49,http://store.is.autonavi.com/showpic/c6be70685f15357f1fdb5c2710593b54,116.358862,39.935194
,268,,新疆冬不拉饭馆(永祥东巷店),牛肉,新疆冬不拉饭馆(永祥东巷店),西直门南小街永祥胡同17号 | 营业时间:周一至周日 10:30-23:30 | 电话:15010350501,2,4.2,57,https://aos-comment.amap.com/B0FFFAJ3O9/comment/DEB561C4_E176_487B_9E95_19152B565EAB_L0_001_1536_204_1749457478746_97261944.jpg,116.35784,39.936071
,268,,甲秀楼缘餐厅,牛肉,甲秀楼缘餐厅,"西直门南小街国英园5号楼2层(青年宫对面) | 营业时间:周一至周日 11:30-14:00,17:30-21:00 | 电话:010-66131442",8.9,4.5,100,http://store.is.autonavi.com/showpic/593c7615af7e3b76553c57bd353b0d5b,116.35881,39.93585
,268,,西域美食(国英园店),红烧牛肉面,西域美食(国英园店),西直门南小街国英园6号楼 | 营业时间:周一至周日 06:00-22:00 | 电话:010-66127915,4,4.3,56,https://aos-comment.amap.com/B0KAG7LSGC/comment/69139e54-5e38-476f-a16e-4816ad89b911.png,116.358839,39.935309
,269,,至元居饭店,中餐厅,至元居饭店,阜成门内大街97号(西四地铁站D西南口步行420米) | 营业时间:周一至周日 10:00-22:00 | 电话:13120195808,3.5,4.5,395,https://store.is.autonavi.com/showpic/025a4461bb17996f4ec931bcd428d028,116.369112,39.924085
,269,,小胖包子王(阜成门内大街店),卤煮加一俩包,小胖包子王(阜成门内大街店),北京城区阜成门内大街180号(白塔寺十字路口) | 营业时间:周一至周日 06:30-21:00 | 电话:13581797076,9.3,4.4,23,http://store.is.autonavi.com/showpic/5aa3516fde255cac38d2caf9407441eb,116.365494,39.923742
,269,,庆丰包子铺(白塔寺店),庆丰豆汁,庆丰包子铺(白塔寺店),阜成门内大街135号(白塔寺十字路口东北角) | 营业时间:周一至周日 06:30-21:00 | 电话:010-66172570,4.6,4.5,28,https://store.is.autonavi.com/showpic/5e41c189963082890000001063432334?type=pic,116.36541,39.924007
,269,,和芳苑(阜成门店),榜眼府·连中三元,和芳苑(阜成门店),"北京城区阜成门内大街162号 | 营业时间:周一至周日 12:00-14:00,18:00-20:00 | 电话:13161543511",1.6,4.6,819,https://aos-comment.amap.com/B000A7GXL3/comment/content_media_external_file_954_1749173101499_28758557.jpg,116.366375,39.923758
,269,,福景居火锅,烤串,福景居火锅,"阜成门内大街乙148号 | 营业时间:周一至周日 11:00-14:30,17:00-22:30 | 电话:010-66174399",3.9,4.5,110,https://store.is.autonavi.com/showpic/c7c384b3a6db468960dd66bfb02b0b3e,116.36669,39.923752
,269,,顿顿er饺子,羊肉,顿顿er饺子,阜成门内大街与羊肉胡同交叉口东南20米 | 营业时间:周一至周日 10:00-22:00 | 电话:010-66256567;13661189972,6.3,4.5,57,https://aos-comment.amap.com/B0I24DH81Y/comment/content_media_external_file_213353_ss__1765614832300_98192108.jpg,116.369331,39.923722
,270,,luckin coffee 瑞幸咖啡(复兴门内大街45号院店),coffee,luckin coffee 瑞幸咖啡(复兴门内大街45号院店),金融街街道复兴门内大街45-10号 | 营业时间:周一至周日 07:00-20:00 | 电话:4000100100,0.7,4.2,13,https://store.is.autonavi.com/showpic/c287706810a95e84ab635a931ccf264d?operate=original,116.370975,39.908725
,270,,复煮咖啡Rebrew Coffee(西单店),coffee,复煮咖啡Rebrew Coffee(西单店),北京城区复兴门内大街45-9号 | 营业时间:周一至周五 07:00-17:00；周六至周日 08:00-15:00 | 电话:13520258320,4.8,3.9,30,https://store.is.autonavi.com/showpic/5b343b2da8a588f59bb75cf222831533,116.370325,39.908775
,270,,北路酒馆,中餐厅,北路酒馆,复兴门内大街45-9号(西单地铁站F2西北口步行370米) | 营业时间:周一至周日 17:00-01:00 | 电话:18810526233,9.2,4.4,90,https://store.is.autonavi.com/showpic/f9a40bb2da9003d406db5a01c30e0dc4,116.370725,39.908725
,270,,杭州小笼包(西单店),中餐厅,杭州小笼包(西单店),复兴门内大街复兴门内大街45号院 | 营业时间:周一至周日 05:00-21:30 | 电话:13967513200,2.4,4.3,25,https://store.is.autonavi.com/showpic/bc1fe4f922ce140ed181c991fce9acfa,116.371063,39.908764
,270,,唐宫·粤菜海鲜(民族店),唐宫金奖乳鸽,唐宫·粤菜海鲜(民族店),复兴门内大街51号民族饭店首层101号 | 营业时间:周一至周五 09:00-21:30；周六至周日 08:00-21:30 | 电话:010-66059327;13681413934,4.4,4.7,173,http://store.is.autonavi.com/showpic/a2a4f7b480865cdd0761e563d6224299,116.366932,39.908
,270,,民族饭店四季厅,小锅米线,民族饭店四季厅,"复兴门内大街51号民族饭店1层(近闹市口北大街) | 营业时间:周一至周日 11:00-14:00,17:00-21:00 | 电话:010-66014466",7.7,4.5,247,https://store.is.autonavi.com/showpic/7d6b4f05b082cbc30000001522194610?type=pic,116.366966,39.907759
,270,,京宴·江仙雅居(民族店),江仙生煎包,京宴·江仙雅居(民族店),北京城区复内大街51号民族饭店二层210室 | 营业时间:周一至周日 16:00-20:30 2026-05-01至2026-05-05 周一至周日 16:00-20:30 | 电话:13261277286,2.9,4.5,240,https://aos-comment.amap.com/B0JA1MLB6E/comment/53773a7134cae0c0fec28b7bac3e66c7_2048_2048_80.jpg,116.366848,39.907887
,270,,湘里湘亲,长沙臭豆腐,湘里湘亲,"复兴门内大街45号-14 | 营业时间:周一至周日 11:00-14:00,17:00-01:00 | 电话:010-66095858;13031136222",5.4,4.5,88,https://store.is.autonavi.com/showpic/754d0ed5928f8a3ae320a54e08f07051,116.371379,39.908832
,271,,汇厨(北京皇家格兰云天大酒店),意式直面配传统牛肉,汇厨(北京皇家格兰云天大酒店),"北京城区北三环东路甲六号北京皇家格兰云天大酒店1层 | 营业时间:周一至周日 06:30-10:00,11:30-14:00,18:00-21:00 | 电话:010-59223423",9.1,4.4,111,http://store.is.autonavi.com/showpic/65b6719c9776ffec009977fdb9ecc9c3,116.442247,39.960289
,271,,晋丰禾手擀面,手擀面,晋丰禾手擀面,香河园街道左家庄西街德品口腔一层晋丰禾手擀面 | 营业时间:周一至周日 09:00-23:00 | 电话:15810396867,6.2,3.9,32,https://store.is.autonavi.com/showpic/ddd96281c78e21040b3ba4341d4f29fa,116.439407,39.960571
,271,,隆顺斋四季涮肉(左家庄店),涮肉,隆顺斋四季涮肉(左家庄店),左家庄北里3号 | 营业时间:周一至周日 16:30-22:00 | 电话:010-64617356,2.8,4.5,89,http://store.is.autonavi.com/showpic/405cf7c3a541dceda609acb709dbce09,116.439941,39.958538
,271,,永兴楼牛羊肉泡馍小炒馆,清真菜馆,永兴楼牛羊肉泡馍小炒馆,燕丰商场 | 营业时间:周一至周日 00:00-24:00,0.4,4.1,31,https://store.is.autonavi.com/showpic/191e7fbe4776cef0db87a064903003ce,116.439075,39.960075
,271,,袁记云饺(燕丰商场店),玉米,袁记云饺(燕丰商场店),西坝河南里17号 | 营业时间:周一至周日 08:30-20:30 | 电话:19928220728,4.2,4.2,23,https://store.is.autonavi.com/showpic/24d8c4f250f7147f3ac600fc4842f0ff?operate=original?operate=original?operate=original?operate=original,116.439162,39.960013
,271,,太极精品菜(三元桥店),阿胶酱猪手,太极精品菜(三元桥店),"营业时间:周一至周日 11:00-14:00,17:00-22:00 | 电话:010-59223168",7.2,4.5,177,https://aos-comment.amap.com/B0JD2PDNXH/comment/d8a63e99431984ed71b18314dad5a65f_2048_2048_80.jpg,116.442247,39.96035
,272,,德源尚家化府餐厅,中餐厅,德源尚家化府餐厅,砖塔胡同与西四南大街交叉口西80米,4.3,3.3,16,,116.372575,39.922175
,272,,老北京炒肝,中餐厅,老北京炒肝,砖塔胡同与西四南大街交叉口西60米,7.5,3.2,0,,116.372775,39.921975
,272,,化府小碗菜(西四店),小碗菜,化府小碗菜(西四店),"北京城区砖塔胡同与西四南大街交叉口西60米 | 营业时间:明周日10:30-14:00, 17:00-20:00",3.3,3.6,20,https://store.is.autonavi.com/showpic/3b57b9a285f1660d4a57c5edd1de5dc4,116.372748,39.922188
,272,,景轩火锅(北京西四店),毛肚,景轩火锅(北京西四店),西四南大街53号(西四地铁站D西南口步行200米) | 营业时间:周一至周日 10:00-22:00 2026-02-14至2026-02-24 周一至周日 全天关闭 | 电话:13120332999,7.4,4.6,254,https://aos-comment.amap.com/B0HDX59YMZ/comment/content_media_external_file_64388_1771297351111_06374208.jpg,116.373318,39.921769
,272,,九味香·烤鸭·新京菜,烤鸭,九味香·烤鸭·新京菜,西四南大街37号(西四地铁站D西南口步行140米) | 营业时间:周一至周日 10:30-22:30 | 电话:13051558225;19993325480,1.5,4.5,74,https://aos-comment.amap.com/B000A9JHR9/comment/202603_06-12274_1772771279455_69163564.jpg,116.373278,39.92234
,272,,二友居西四包子铺,猪肉饼,二友居西四包子铺,西四南大街23号(西四地铁站D西南口步行60米) | 营业时间:周一至周日 06:00-21:00 2026-05-01至2026-05-05 周一至周日 06:00-21:00 | 电话:010-66027855,9.8,4.5,22,https://aos-comment.amap.com/B0KK05B6JB/comment/content_media_external_file_1000029989_ss__1772000925960_12978358.jpg,116.373283,39.922828
,272,,顿顿er饺子,羊肉,顿顿er饺子,阜成门内大街与羊肉胡同交叉口东南20米 | 营业时间:周一至周日 10:00-22:00 | 电话:010-66256567;13661189972,9.4,4.5,57,https://aos-comment.amap.com/B0I24DH81Y/comment/content_media_external_file_213353_ss__1765614832300_98192108.jpg,116.369331,39.923722
,272,,清华食府,蟹黄,清华食府,西四南大街18号(西四地铁站D西南口步行150米) | 营业时间:周一至周日 10:00-22:00 2026-02-10至2026-03-04 周一至周日 11:00-21:00 | 电话:010-87916669;13701188603,3.6,4.4,86,https://store.is.autonavi.com/showpic/e13b1e6de59a379172fcc981a8100e81,116.373744,39.922657
,272,,喜湘宴&上海老饭店(金融街店),金汤烩花胶,喜湘宴&上海老饭店(金融街店),"北京城区阜成门内甲91号(西四地铁站D西南口步行350米) | 营业时间:周一至周日 11:00-14:00,16:00-22:00 | 电话:010-68524007;010-68587777",3.2,4.6,255,https://store.is.autonavi.com/showpic/e3a8be51b93083d30000002355372690?type=pic,116.369911,39.924098
,275,,COSTA COFFEE(新时代大厦店),coffee,COSTA COFFEE(新时代大厦店),平安里西大街26号新时代大厦F1层 | 营业时间:周一至周日 07:00-20:00 | 电话:010-63220155,0.5,4.5,31,https://aos-comment.amap.com/B0FFKEEPM3/comment/20260320-068f24692cda686b020c2fdc-4qzGHWlM8OA864IAUkdupj.jpg,116.358281,39.931934
,275,,瑞幸咖啡,三明治,瑞幸咖啡,平安里西大街28号中海国际中心 | 营业时间:周一至周五 07:00-20:00；周六 07:30-18:00；周日 08:00-18:00,5.5,4,13,https://store.is.autonavi.com/showpic/c287706810a95e84ab635a931ccf264d?operate=original,116.357725,39.931675
,275,,西部马华牛肉面(车公庄店),双人餐,西部马华牛肉面(车公庄店),北京城区车公庄大街1-2号(车公庄地铁站E西北口步行160米) | 营业时间:周一至周日 00:00-24:00 | 电话:15810439526,9.7,4.5,29,https://store.is.autonavi.com/showpic/c50f7663ea7294d1027f28190d97e722?operate=original,116.354307,39.932784
,275,,北京中海国际大厦咖啡店,咖啡厅,北京中海国际大厦咖啡店,平安里西大街28号中海国际中心,2.9,3.8,0,https://store.is.autonavi.com/showpic/7062663cab51b1cbc0bcab5aa92460b7,116.357377,39.932043
,275,,璞悦兰亭茶艺·雅宴,小炒黄牛肉,璞悦兰亭茶艺·雅宴,"平安里西大街32号梅兰芳大剧院4层401 | 营业时间:周一至周日 11:00-14:30,17:00-21:00 | 电话:13681203430;13681418943",9.4,4.4,251,https://aos-comment.amap.com/B0JUFZHA74/comment/ef5a98fe7340bbf9f0fa6c4cc630b209_2048_2048_80.jpg,116.357123,39.931905
,275,,星巴克(中海国际大厦店),巧克力,星巴克(中海国际大厦店),北京城区平安里西大街28号中海国际大厦1层6-7单元 | 营业时间:周一至周五 06:30-21:00；周六至周日 07:00-18:00 | 电话:010-82184856,9.8,4.6,30,http://store.is.autonavi.com/showpic/ec3440dbf3d8f9de23da5c7a0cf58ad7,116.357465,39.931911
,275,,楼庭苑咖啡店(梅兰芳大剧院店),披萨,楼庭苑咖啡店(梅兰芳大剧院店),平安里西大街32号(西二环官园桥)梅兰芳大剧院32号楼1层 | 营业时间:周一至周日 08:30-21:30 | 电话:17710786913,5.5,4.4,56,https://aos-comment.amap.com/B0FFKR6K0I/headerImg/a59162509f8163818f06c86903315b23_2048_2048_80.jpg,116.356641,39.931839
,275,,璞兰火锅湘菜,火锅店,璞兰火锅湘菜,阜成门北大街与车公庄大街辅路交叉口东南100米,6.9,3.9,287,,116.357038,39.931799
,275,,观盐重阳大酒楼餐饮管理,韭菜,观盐重阳大酒楼餐饮管理,西直门南大街甲23号(官园桥西北角) | 营业时间:周一至周日 10:30-20:00 | 电话:010-68362753,8.1,4.4,115,https://aos-comment.amap.com/B0FFK01JBO/comment/202504_20-11140_1745118910406_46060298.jpg,116.355374,39.933845
,275,,佟爷老北京炙子烤肉(白塔寺店),香菜牛肉,佟爷老北京炙子烤肉(白塔寺店),北京城区车公庄大街2号车公庄大街2号院 | 营业时间:周一至周日 10:00-04:00 | 电话:18514290879,4,4.5,112,https://store.is.autonavi.com/showpic/32b049b2c5acf2da554ce42fd71f8968,116.353976,39.931922
,276,,北话主烤官捌零胡同菜,中餐厅,北话主烤官捌零胡同菜,"北京城区铃铛胡同与旧鼓楼大街交叉口东40米 | 营业时间:周一至周日 11:30-14:00,17:30-23:00 | 电话:13501088013",8.7,4.5,74,https://aos-comment.amap.com/B0L1RRBXAP/comment/content_media_external_file_10245_ss__1756720288074_43048297.jpg,116.394366,39.942605
,276,,琳杭苑,中餐厅,琳杭苑,清秀巷与旧鼓楼大街交叉口西20米,5.1,3.2,0,,116.393813,39.942152
,276,,鼓楼前进小院炝锅鱼羊蝎子,串串,鼓楼前进小院炝锅鱼羊蝎子,鼓楼西大街54号 | 营业时间:周一至周日 10:00-22:00 | 电话:010-64056853,3.1,4.3,89,http://store.is.autonavi.com/showpic/9e8d07750fad5a725e472a8105f07e5e,116.392658,39.940878
,276,,留白咖啡馆,卡布奇诺,留白咖啡馆,什刹海街道旧鼓楼大街196号 | 营业时间:周一至周日 08:30-21:00 2026-02-16至2026-02-17 全天关闭 | 电话:15010441530,8.7,4.5,31,https://aos-comment.amap.com/B0KUB5X2CF/comment/67C1E257_59C3_40A6_9818_014FF6F91177_L0_001_2000_1500_1725705517564_61510894.jpg,116.394276,39.941153
,276,,关尔+咖啡店(鼓楼店),咖啡厅,关尔+咖啡店(鼓楼店),西城区旧鼓楼大街176号 | 营业时间:周一至周日 11:00-19:00 | 电话:18511986825;18710048517,5.5,4.5,31,https://aos-comment.amap.com/comment/content_service__1769930164956_86196982_1769930195347_49845462.jpg,116.394163,39.941736
,276,,北京雨燕文化中心,咖啡厅,北京雨燕文化中心,东城区西轿杆胡同1号1号 | 营业时间:周一至周日 09:30-22:00 | 电话:13241379518;15600792616,6.3,4.6,45,https://aos-comment.amap.com/comment/content_service_05f97912926a4864ce6d795e5437f15a_1767599730169_55266984.jpg,116.395175,39.940925
,276,,檐下·Eaves Time,咖啡厅,檐下·Eaves Time,鼓楼西大街50号 | 营业时间:周一至周日 10:00-19:00,8.8,3.9,44,https://store.is.autonavi.com/showpic/05893eaa993bf6410000001037202235?type=pic,116.393009,39.940743
,276,,静咖啡,咖啡厅,静咖啡,大石碑胡同与鼓楼西大街交叉口南40米 | 营业时间:周一至周日 11:00-23:30 | 电话:13910856052,0.5,4.2,46,http://store.is.autonavi.com/showpic/e614b6f6eaaa9a62e91318bac9ec73e1,116.393456,39.940458
,276,,京玺庄园咖啡,柠檬,京玺庄园咖啡,鼓楼西大街41号1幢 | 营业时间:周一至周日 10:00-20:00 | 电话:13260254277,1.7,4.6,46,https://store.is.autonavi.com/showpic/f61c0f0e03e39f900000002329890029?type=pic,116.392545,39.941156
,276,,探花烧烤·专注烧烤十五年(鼓楼店),烤金针菇,探花烧烤·专注烧烤十五年(鼓楼店),北京城区旧鼓楼大街141号 | 营业时间:周一至周日 11:30-01:30 | 电话:010-84083182;13521201239;18400603861,4.6,4.6,80,https://aos-comment.amap.com/B0FFF5U19L/comment/6abea013a7598f5d1295a5b7ed887385_2048_2048_80.jpg,116.393838,39.94215
,276,,清真·鸦儿李记·涮肉(鼓楼店),牛眼肉,清真·鸦儿李记·涮肉(鼓楼店),北京城区旧鼓楼大街181号(什刹海地铁站A2西北口步行460米) | 营业时间:周一至周日 10:30-22:00 2026-05-01至2026-05-05 周一至周日 10:30-22:30 | 电话:010-64087300,8.9,4.7,95,http://store.is.autonavi.com/showpic/1252d2d4be1ca7dfd5f8d3f781741330,116.393846,39.941244
,276,,鼓楼前进小院·炝锅鱼羊蝎子涮肉店(鼓楼店),牛蛙,鼓楼前进小院·炝锅鱼羊蝎子涮肉店(鼓楼店),鼓楼西大街56号(近鼓楼) | 营业时间:周一至周日 10:00-23:30 | 电话:010-64056853;13521678893,0,4.1,81,https://store.is.autonavi.com/showpic/f6203dcd498b7037f90d4acd60f6d07e,116.392602,39.940888
,276,,北平印象烤鸭(鼓楼后海店),褡裢火烧,北平印象烤鸭(鼓楼后海店),动信通文心创意园西南门东南80米 | 营业时间:周一至周日 10:30-21:30 | 电话:010-64553992;13381255515,8.5,4.4,97,https://aos-comment.amap.com/B0FFFLJTCY/comment/content_media_external_images_media_1000003137_ss__1743845443243_21587452.jpg,116.392495,39.940952
,276,,九榀咖啡(银锭桥店),鲜奶拿铁,九榀咖啡(银锭桥店),北京城区龙头井街15号 | 营业时间:周一至周日 11:00-19:00 | 电话:15701288728,5.5,4.4,42,https://store.is.autonavi.com/showpic/eebf7b1ac3e9ba16a542ab1099c45cb8,116.394004,39.939807
,277,,luckin coffee 瑞幸咖啡(复兴门内大街45号院店),coffee,luckin coffee 瑞幸咖啡(复兴门内大街45号院店),金融街街道复兴门内大街45-10号 | 营业时间:周一至周日 07:00-20:00 | 电话:4000100100,9,4.2,13,https://store.is.autonavi.com/showpic/c287706810a95e84ab635a931ccf264d?operate=original,116.370975,39.908725
,277,,复煮咖啡Rebrew Coffee(西单店),coffee,复煮咖啡Rebrew Coffee(西单店),北京城区复兴门内大街45-9号 | 营业时间:周一至周五 07:00-17:00；周六至周日 08:00-15:00 | 电话:13520258320,7.5,3.9,30,https://store.is.autonavi.com/showpic/5b343b2da8a588f59bb75cf222831533,116.370325,39.908775
,277,,北路酒馆,中餐厅,北路酒馆,复兴门内大街45-9号(西单地铁站F2西北口步行370米) | 营业时间:周一至周日 17:00-01:00 | 电话:18810526233,4.3,4.4,90,https://store.is.autonavi.com/showpic/f9a40bb2da9003d406db5a01c30e0dc4,116.370725,39.908725
,277,,杭州小笼包(西单店),中餐厅,杭州小笼包(西单店),复兴门内大街复兴门内大街45号院 | 营业时间:周一至周日 05:00-21:30 | 电话:13967513200,3.3,4.3,25,https://store.is.autonavi.com/showpic/bc1fe4f922ce140ed181c991fce9acfa,116.371063,39.908764
,277,,唐宫·粤菜海鲜(民族店),唐宫金奖乳鸽,唐宫·粤菜海鲜(民族店),复兴门内大街51号民族饭店首层101号 | 营业时间:周一至周五 09:00-21:30；周六至周日 08:00-21:30 | 电话:010-66059327;13681413934,8.6,4.7,173,http://store.is.autonavi.com/showpic/a2a4f7b480865cdd0761e563d6224299,116.366932,39.908
,277,,民族饭店四季厅,小锅米线,民族饭店四季厅,"复兴门内大街51号民族饭店1层(近闹市口北大街) | 营业时间:周一至周日 11:00-14:00,17:00-21:00 | 电话:010-66014466",6.7,4.5,247,https://store.is.autonavi.com/showpic/7d6b4f05b082cbc30000001522194610?type=pic,116.366966,39.907759
,277,,湘里湘亲,长沙臭豆腐,湘里湘亲,"复兴门内大街45号-14 | 营业时间:周一至周日 11:00-14:00,17:00-01:00 | 电话:010-66095858;13031136222",3.8,4.5,88,https://store.is.autonavi.com/showpic/754d0ed5928f8a3ae320a54e08f07051,116.371379,39.908832
,279,,瑞幸咖啡(北京越都荟店),三明治,瑞幸咖啡(北京越都荟店),北京城区广安门外大街180号北京越都荟F1层 | 营业时间:周一至周日 10:00-21:30 | 电话:4000100100,8.4,4.2,13,https://store.is.autonavi.com/showpic/c287706810a95e84ab635a931ccf264d?operate=original,116.337388,39.889383
,279,,LAVAZZA拉瓦萨咖啡(北京广外越都荟店),咖啡厅,LAVAZZA拉瓦萨咖啡(北京广外越都荟店),广安门外街道广安门外大街越都荟一层底商(F1-01A) | 营业时间:周一至周日 07:30-22:00 | 电话:18600772112,6.2,4.1,25,http://store.is.autonavi.com/query_pic?id=st8d3fef1a-b2ef-4def-ac6f-e1c1009e7b8b&user=search&operate=original,116.337475,39.889375
,279,,国家话剧院剧场咖啡厅,咖啡厅,国家话剧院剧场咖啡厅,广安门外大街277号(达官营地铁站B东北口旁) | 营业时间:周一至周日 15:30-21:30,6.8,3.5,40,https://store.is.autonavi.com/showpic/76c42dec657c9bcd7c282398c000457b,116.336065,39.890619
,279,,肯悦咖啡广外二店,咖啡厅,肯悦咖啡广外二店,广安门外大街182号1层 | 营业时间:周一至周日 06:00-22:00 | 电话:18001059365,1.5,3.8,18,http://store.is.autonavi.com/showpic/baf2cc6dcf24b30ac8be06d6ed1890f7,116.336671,39.889491
,279,,三十六味匠猪蹄(北京越都荟店),拌面,三十六味匠猪蹄(北京越都荟店),北京城区广安门外大街180号北京越都荟F1层 | 营业时间:周一至周日 10:00-21:30 | 电话:13438980851;18568458582,2.6,4.2,43,https://aos-comment.amap.com/B0J3UL2EE0/comment/content_media_external_file_98886_ss__1770638268860_75436426.jpg,116.337422,39.889326
,280,,珠穆朗玛餐厅,人参果沙拉,珠穆朗玛餐厅,"北京城区鼓楼西大街149号珠穆朗玛宾馆B1楼(近西藏驻京办) | 营业时间:周一至周日 11:00-14:00,17:00-20:00 | 电话:010-64018822",4.7,4.5,99,https://aos-comment.amap.com/B000AA3Y5W/comment/content_media_external_images_media_1000045223_ss__1737730911791_46122557.jpg,116.38614,39.945551
,280,,伊峰德顺兴(鼓楼店),双人餐,伊峰德顺兴(鼓楼店),鼓楼西大街124号(甘露胡同北口) | 营业时间:周一至周日 05:00-23:30 | 电话:010-64002253,3.1,4.6,70,https://store.is.autonavi.com/showpic/ebb308bf752caaf40000002451476281?type=pic,116.388507,39.943748
,280,,桐记小灶儿牛板筋火锅(甘露胡同店),泡菜牛板筋火锅,桐记小灶儿牛板筋火锅(甘露胡同店),"鼓楼西大街甘露胡同内2号路东第2家 | 营业时间:周一至周五 10:00-14:30,16:30-22:00；周六至周日 10:00-22:00 2026-02-13至2026-02-23 周一至周日 全天关闭 | 电话:010-64457145",6.4,4.5,105,https://aos-comment.amap.com/B000ABCOS9/comment/content_media_external_file_1000091871_ss__1755502089675_26061603.jpg,116.388013,39.943363
,280,,葫芦娃牛板筋火锅(鼓楼店),牛板筋火锅,葫芦娃牛板筋火锅(鼓楼店),大石桥胡同37号(近鼓楼) | 营业时间:周一至周日 10:30-22:30 | 电话:010-64087108,1.9,4.6,74,http://store.is.autonavi.com/showpic/d2f04a2f1a00e1bcf3800fc4c8cc42fe,116.389982,39.946717
,281,,玉茗堂戏剧文化餐厅,中餐厅,玉茗堂戏剧文化餐厅,宣武门内大街抄手胡同64号(宣武门地铁站E西北口步行50米) | 营业时间:周一至周日 10:30-22:00 | 电话:010-66083678,10,3.5,472,http://store.is.autonavi.com/showpic/2528d94b0b2960fe5494384ef8b21d0d,116.373984,39.900682
,281,,繁星戏剧餐厅,中餐厅,繁星戏剧餐厅,宣武门内大街抄手胡同64号(宣武门地铁站E西北口旁) | 营业时间:周一至周日 10:30-22:00,0.9,3.8,351,https://store.is.autonavi.com/showpic/411e8ca8f1daad6c3c3eea916a8dee8f,116.373856,39.900694
,281,,五饼二余,咖啡厅,五饼二余,前门西大街141号 | 营业时间:周一至周日 09:30-19:00 2026-02-15至2026-02-20 周一至周日 全天关闭 | 电话:13126624609;15101120585,6,4.5,36,https://aos-comment.amap.com/comment/content_service__1769336047036_67628036_1769336084981_73153453.jpg,116.374757,39.900787
,281,,抄手胡同64号,抄手,抄手胡同64号,宣武门内大街与抄手胡同交叉口西北20米,0.3,4.2,0,,116.37399,39.900754
,281,,牛村来人鲜牛肉火锅(西单店),牛肉,牛村来人鲜牛肉火锅(西单店),宣武门内大街抄手胡同64号繁星戏剧村内 | 营业时间:周一至周日 10:00-22:00 | 电话:010-66559599,0.7,4.6,117,https://store.is.autonavi.com/showpic/2ca2cf6251afa8e237d7d3fd79cd955f,116.373891,39.901183
,281,,彩云之滇-云南菜、鲜菌火锅、过桥米线(宣武门店),竹荪汽锅鸡,彩云之滇-云南菜、鲜菌火锅、过桥米线(宣武门店),宣武门路口东北角前门西大街141号天主教堂旁 | 营业时间:周一至周日 17:00-22:00 | 电话:010-66031228;010-83471096,1.7,4.5,84,https://aos-comment.amap.com/B000A7CBBQ/comment/110621a28abaa273468ffc1a372cb02a_2048_2048_80.jpg,116.374748,39.90049
,281,,戏外花园·莎翁戏剧主题餐厅,香肠大拼盘,戏外花园·莎翁戏剧主题餐厅,北京城区抄手胡同64号(宣武门地铁站E西北口旁)繁星戏剧村戏外书店二层 | 营业时间:周一至周日 10:30-22:00 | 电话:18611156644,6.5,4.4,104,https://aos-comment.amap.com/B0L07733PD/comment/content_media_external_file_1000011284_ss__1764576127181_77709189.jpg,116.373975,39.901075
,282,,张记灶台鱼(后海店),,张记灶台鱼(后海店),鼓楼西大街86号 | 营业时间:周一至周日 11:00-22:00 | 电话:13801152332,0.1,4.2,174,http://aos-cdn-image.amap.com/sns/ugccomment/331e86fa-847c-491c-9cdb-a4b8b33d9594.jpg,116.390027,39.94263
,282,,冰冰酱(鼓楼西大街广茗阁店),中餐厅,冰冰酱(鼓楼西大街广茗阁店),鼓楼西大街与铸钟胡同交叉口西北60米,2.5,3.5,19,,116.391237,39.94213
,282,,琳杭苑,中餐厅,琳杭苑,清秀巷与旧鼓楼大街交叉口西20米,9.3,3.2,0,,116.393813,39.942152
,282,,鼓楼前进小院炝锅鱼羊蝎子,串串,鼓楼前进小院炝锅鱼羊蝎子,鼓楼西大街54号 | 营业时间:周一至周日 10:00-22:00 | 电话:010-64056853,0.7,4.3,89,http://store.is.autonavi.com/showpic/9e8d07750fad5a725e472a8105f07e5e,116.392658,39.940878
,282,,褡裢火烧(鼓楼店),卤肉,褡裢火烧(鼓楼店),北京城区鼓楼西大街55号 | 营业时间:周一至周日 10:00-22:00 | 电话:010-64010126;13810117782;15601178792,3.7,4.5,45,https://aos-comment.amap.com/B000A7RFKP/comment/dc83fb86c0460ab431403e3f7e792e41_2048_2048_80.jpg,116.391764,39.941717
,282,,关尔+咖啡店(鼓楼店),咖啡厅,关尔+咖啡店(鼓楼店),西城区旧鼓楼大街176号 | 营业时间:周一至周日 11:00-19:00 | 电话:18511986825;18710048517,7.1,4.5,31,https://aos-comment.amap.com/comment/content_service__1769930164956_86196982_1769930195347_49845462.jpg,116.394163,39.941736
,282,,点绛唇Mood in Rouge,小蛋糕,点绛唇Mood in Rouge,铸钟胡同60号 | 营业时间:周一至周五 10:00-18:00；周六至周日 10:00-19:00 | 电话:15201056017;15201517410,9.5,4.6,40,https://aos-comment.amap.com/B0G1RX3R03/comment/20260310-415fa992df9e7ee6b6f2bc11-2vUC1u8QHub6cObuyfZTt2.jpg,116.391815,39.941908
,282,,京玺庄园咖啡,柠檬,京玺庄园咖啡,鼓楼西大街41号1幢 | 营业时间:周一至周日 10:00-20:00 | 电话:13260254277,0.5,4.6,46,https://store.is.autonavi.com/showpic/f61c0f0e03e39f900000002329890029?type=pic,116.392545,39.941156
,282,,海边小馆(鼓楼西大街店),海鲜茄子,海边小馆(鼓楼西大街店),鼓楼西大街甲62号(近后海) | 营业时间:周一至周日 11:00-21:30,9.2,3.7,90,http://store.is.autonavi.com/showpic/afc5e927b8161b45d9762e38b1a58d13,116.392106,39.941137
,282,,探花烧烤·专注烧烤十五年(鼓楼店),烤金针菇,探花烧烤·专注烧烤十五年(鼓楼店),北京城区旧鼓楼大街141号 | 营业时间:周一至周日 11:30-01:30 | 电话:010-84083182;13521201239;18400603861,9.8,4.6,80,https://aos-comment.amap.com/B0FFF5U19L/comment/6abea013a7598f5d1295a5b7ed887385_2048_2048_80.jpg,116.393838,39.94215
,282,,清真·鸦儿李记·涮肉(鼓楼店),牛眼肉,清真·鸦儿李记·涮肉(鼓楼店),北京城区旧鼓楼大街181号(什刹海地铁站A2西北口步行460米) | 营业时间:周一至周日 10:30-22:00 2026-05-01至2026-05-05 周一至周日 10:30-22:30 | 电话:010-64087300,5.9,4.7,95,http://store.is.autonavi.com/showpic/1252d2d4be1ca7dfd5f8d3f781741330,116.393846,39.941244
,282,,鼓楼前进小院·炝锅鱼羊蝎子涮肉店(鼓楼店),牛蛙,鼓楼前进小院·炝锅鱼羊蝎子涮肉店(鼓楼店),鼓楼西大街56号(近鼓楼) | 营业时间:周一至周日 10:00-23:30 | 电话:010-64056853;13521678893,9.9,4.1,81,https://store.is.autonavi.com/showpic/f6203dcd498b7037f90d4acd60f6d07e,116.392602,39.940888
,282,,老北京光亮龙哥肘子(什刹海店),肘子,老北京光亮龙哥肘子(什刹海店),鸦儿胡同与鼓楼西大街交叉口南100米 | 营业时间:周一至周日 07:00-19:00 | 电话:13911130658,4.3,4.5,69,https://aos-comment.amap.com/B0K3CDGXTR/comment/content_media_external_file_23776_ss__1753671161753_73128907.jpg,116.392229,39.940209
,282,,北平印象烤鸭(鼓楼后海店),褡裢火烧,北平印象烤鸭(鼓楼后海店),动信通文心创意园西南门东南80米 | 营业时间:周一至周日 10:30-21:30 | 电话:010-64553992;13381255515,6.1,4.4,97,https://aos-comment.amap.com/B0FFFLJTCY/comment/content_media_external_images_media_1000003137_ss__1743845443243_21587452.jpg,116.392495,39.940952
,282,,四点串吧(鼓楼店),鸡爪,四点串吧(鼓楼店),鼓楼西大街乙61号 | 营业时间:周一至周日 16:30-02:00 | 电话:13701205855,1.4,4.4,60,https://store.is.autonavi.com/showpic/7925cbae87a9e9f10000002336744969?type=pic,116.391284,39.942049
,284,,老栅栏卤煮小肠,中餐厅,老栅栏卤煮小肠,大栅栏商业街与门框胡同交叉口东60米,4.6,3.4,0,https://store.is.autonavi.com/showpic/a16e3bd09435b40dc59454b05858a629,116.396874,39.896034
,284,,东来顺饭庄(大栅栏店),元东来顺外脊羊肉,东来顺饭庄(大栅栏店),大栅栏商业街7号吉龙老栅栏商场2层 | 营业时间:周一至周日 09:30-21:30 | 电话:010-63165836,4.4,4.6,150,https://store.is.autonavi.com/showpic/77711fb5bf822d710000002327872113?type=pic,116.396888,39.896087
,284,,尹三豆汁(前门旗舰店),双人餐,尹三豆汁(前门旗舰店),前门大栅栏街1号一楼(前门地铁站I西南口步行390米) | 营业时间:周一至周日 05:00-22:30 | 电话:010-65885665,3.9,4.7,29,https://aos-comment.amap.com/B0KB7CI6W5/comment/content_media_external_file_100007938_1773365639436_66949281.jpg,116.397402,39.896167
,284,,尹三烤鸭(前门大栅栏店),家常菜,尹三烤鸭(前门大栅栏店),"前门大栅栏街1号二楼(前门地铁站I西南口步行390米) | 营业时间:周一至周日 09:00-14:00,16:00-21:30 2026-05-01至2026-05-05 周一至周日 09:00-14:00,16:00-21:30 | 电话:010-65885668",7.8,4.7,71,https://aos-comment.amap.com/B0KBKRC4HO/comment/BF0EE988_2FEF_4CEA_B1C3_53EA0F32175B_L0_001_1280_170_1753972400863_63056607.jpg,116.397414,39.896153
,284,,方砖厂69号炸酱面(前门大栅栏1796店),椒盐小酥肉,方砖厂69号炸酱面(前门大栅栏1796店),北京城区大栅栏街18号1796商场内一层最里侧 | 营业时间:周一至周日 10:00-22:00 | 电话:13467246523,8.3,4.7,34,https://aos-comment.amap.com/B0KAX59VAX/comment/7085c37bf469d30ff7ffe3a16bcc344a_2048_2048_80.jpg,116.3968,39.896079
,284,,牛街聚宝涮(大栅栏店),牛羊肉,牛街聚宝涮(大栅栏店),大栅栏西街110号大栅栏西街商业 | 营业时间:周一至周日 10:30-22:00 | 电话:010-63179638,6.2,4.3,0,https://aos-comment.amap.com/B0H1OCTSYT/comment/9489e1726b78896c0cd681522338e1b9_2048_2048_80.jpg,116.396732,39.895878
,284,,百年前门铜锅涮肉(大栅栏2店),精品肥牛,百年前门铜锅涮肉(大栅栏2店),北京城区大栅栏街16号23层(前门地铁站I西南口步行440米) | 营业时间:周一至周日 10:00-23:00 2026-05-01至2026-05-05 周一至周日 10:00-23:00 | 电话:13611267430;13611294186,6.8,4.7,67,https://store.is.autonavi.com/showpic/5a044fd435ab862c0000002470242103?type=pic,116.396762,39.895931
,284,,大栅栏店老北京美食城,羊肉串,大栅栏店老北京美食城,大栅栏商业街与大栅栏街交叉口西60米 | 营业时间:周一至周日 10:00-23:30 | 电话:15843872130,4.4,4.5,48,https://aos-comment.amap.com/B0FFJK71V1/comment/F5C50920_1EB6_4E89_B77F_57766AF5891F_L0_001_2000_150_1764951991589_00352736.jpg,116.396912,39.896092
,284,,小七家的铜锣烧(大栅栏店),铜锣烧,小七家的铜锣烧(大栅栏店),大栅栏商业街1796商场一楼,4.5,3.5,0,https://store.is.autonavi.com/showpic/423f4aa61d05bc2f0000002437074377?type=pic,116.396602,39.895893
,284,,南门四季铜锅涮肉(前门大栅栏店),镇店之宝一品烧饼,南门四季铜锅涮肉(前门大栅栏店),北京城区前门大街大栅栏街18号1796商场二层(张一元旁) | 营业时间:周一至周日 10:30-22:00 | 电话:010-63179638,7.3,4.7,91,https://store.is.autonavi.com/showpic/39c5f5e32846b6d80000002471714808?type=pic,116.3968,39.896079
,284,,四季民福烤鸭店(前门大栅栏店),香酥烤鸭,四季民福烤鸭店(前门大栅栏店),前门大栅栏街18号(1796商场二层同仁堂东侧) | 营业时间:周五至周日 10:30-22:30；周一至周四 10:30-21:30 | 电话:010-63158211;13021293012,4.3,4.8,134,http://store.is.autonavi.com/query_pic?id=st59c23194-2049-497b-ab1e-b8f9371fcc9b&user=search&operate=original,116.396582,39.89577
,286,,老栅栏卤煮小肠,中餐厅,老栅栏卤煮小肠,大栅栏商业街与门框胡同交叉口东60米,0.4,3.4,0,https://store.is.autonavi.com/showpic/a16e3bd09435b40dc59454b05858a629,116.396874,39.896034
,286,,东来顺饭庄(大栅栏店),元东来顺外脊羊肉,东来顺饭庄(大栅栏店),大栅栏商业街7号吉龙老栅栏商场2层 | 营业时间:周一至周日 09:30-21:30 | 电话:010-63165836,2.2,4.6,150,https://store.is.autonavi.com/showpic/77711fb5bf822d710000002327872113?type=pic,116.396888,39.896087
,286,,尹三豆汁(前门旗舰店),双人餐,尹三豆汁(前门旗舰店),前门大栅栏街1号一楼(前门地铁站I西南口步行390米) | 营业时间:周一至周日 05:00-22:30 | 电话:010-65885665,7.9,4.7,29,https://aos-comment.amap.com/B0KB7CI6W5/comment/content_media_external_file_100007938_1773365639436_66949281.jpg,116.397402,39.896167
,286,,尹三烤鸭(前门大栅栏店),家常菜,尹三烤鸭(前门大栅栏店),"前门大栅栏街1号二楼(前门地铁站I西南口步行390米) | 营业时间:周一至周日 09:00-14:00,16:00-21:30 2026-05-01至2026-05-05 周一至周日 09:00-14:00,16:00-21:30 | 电话:010-65885668",5.6,4.7,71,https://aos-comment.amap.com/B0KBKRC4HO/comment/BF0EE988_2FEF_4CEA_B1C3_53EA0F32175B_L0_001_1280_170_1753972400863_63056607.jpg,116.397414,39.896153
,286,,方砖厂69号炸酱面(前门大栅栏1796店),椒盐小酥肉,方砖厂69号炸酱面(前门大栅栏1796店),北京城区大栅栏街18号1796商场内一层最里侧 | 营业时间:周一至周日 10:00-22:00 | 电话:13467246523,6.1,4.7,34,https://aos-comment.amap.com/B0KAX59VAX/comment/7085c37bf469d30ff7ffe3a16bcc344a_2048_2048_80.jpg,116.3968,39.896079
,286,,牛街聚宝涮(大栅栏店),牛羊肉,牛街聚宝涮(大栅栏店),大栅栏西街110号大栅栏西街商业 | 营业时间:周一至周日 10:30-22:00 | 电话:010-63179638,7.9,4.3,0,https://aos-comment.amap.com/B0H1OCTSYT/comment/9489e1726b78896c0cd681522338e1b9_2048_2048_80.jpg,116.396732,39.895878
,286,,百年前门铜锅涮肉(大栅栏2店),精品肥牛,百年前门铜锅涮肉(大栅栏2店),北京城区大栅栏街16号23层(前门地铁站I西南口步行440米) | 营业时间:周一至周日 10:00-23:00 2026-05-01至2026-05-05 周一至周日 10:00-23:00 | 电话:13611267430;13611294186,2.2,4.7,67,https://store.is.autonavi.com/showpic/5a044fd435ab862c0000002470242103?type=pic,116.396762,39.895931
,286,,大栅栏店老北京美食城,羊肉串,大栅栏店老北京美食城,大栅栏商业街与大栅栏街交叉口西60米 | 营业时间:周一至周日 10:00-23:30 | 电话:15843872130,2.2,4.5,48,https://aos-comment.amap.com/B0FFJK71V1/comment/F5C50920_1EB6_4E89_B77F_57766AF5891F_L0_001_2000_150_1764951991589_00352736.jpg,116.396912,39.896092
,286,,小七家的铜锣烧(大栅栏店),铜锣烧,小七家的铜锣烧(大栅栏店),大栅栏商业街1796商场一楼,4.8,3.5,0,https://store.is.autonavi.com/showpic/423f4aa61d05bc2f0000002437074377?type=pic,116.396602,39.895893
,286,,南门四季铜锅涮肉(前门大栅栏店),镇店之宝一品烧饼,南门四季铜锅涮肉(前门大栅栏店),北京城区前门大街大栅栏街18号1796商场二层(张一元旁) | 营业时间:周一至周日 10:30-22:00 | 电话:010-63179638,5.6,4.7,91,https://store.is.autonavi.com/showpic/39c5f5e32846b6d80000002471714808?type=pic,116.3968,39.896079
,286,,四季民福烤鸭店(前门大栅栏店),香酥烤鸭,四季民福烤鸭店(前门大栅栏店),前门大栅栏街18号(1796商场二层同仁堂东侧) | 营业时间:周五至周日 10:30-22:30；周一至周四 10:30-21:30 | 电话:010-63158211;13021293012,6.3,4.8,134,http://store.is.autonavi.com/query_pic?id=st59c23194-2049-497b-ab1e-b8f9371fcc9b&user=search&operate=original,116.396582,39.89577
,288,,星巴克(金隅大厦店),提拉米苏,星巴克(金隅大厦店),宣武门西大街129号金隅大厦F2层 | 营业时间:周一至周五 07:00-18:00 | 电话:010-66019413,4.8,4.5,30,https://aos-comment.amap.com/B0JDA54ZED/comment/%5B2026-02-02-11-41-34%5D93A9A410-D914-4A84-A844-740BCC860A6_1770003704569_49240408.jpg,116.360161,39.900161
,288,,海棠居·新徽菜(长椿街店),炝锅面,海棠居·新徽菜(长椿街店),北京城区宣武门西大街甲129号金隅大厦2楼 | 营业时间:周一至周日 11:00-22:00 | 电话:010-66419688;13716598606,8.6,4.7,140,http://store.is.autonavi.com/showpic/e966d80ec57a02a15e789a7670628446,116.359821,39.90043
,288,,祥记餐饮·豫粤珍味(金隅大厦店),祥记避风塘港式香辣蟹,祥记餐饮·豫粤珍味(金隅大厦店),"宣武门西大街甲127号金隅大厦B座二层 | 营业时间:周一至周日 10:30-14:00,17:00-21:30 | 电话:010-66423888;15010326526",9.7,4.6,355,https://aos-comment.amap.com/B0FFFQ7FTH/comment/content_media_external_file_22788_ss__1761800901845_90264543.jpg,116.360753,39.899857
,288,,玉葫芦酒楼(西便门店),米粉,玉葫芦酒楼(西便门店),"西便门东街甲1号(西便门社区商铺) | 营业时间:周一至周日 11:00-14:00,17:00-21:00 | 电话:010-68038388",6.5,4.5,74,https://store.is.autonavi.com/showpic/17641d6c106899b57177b98b0c983fa7,116.355549,39.90152
,288,,闹市口顺溜(闹市口店),鸡肉,闹市口顺溜(闹市口店),长椿街西里7号楼下平房(长椿街地铁站D1西南口步行380米) | 营业时间:周一至周日 10:30-21:30 | 电话:18810158422,4.6,4.5,36,https://store.is.autonavi.com/showpic/8570fc15a0f4e1920000002447128801?type=pic,116.359558,39.898593
,292,,陶陶居酒家(中国医学科学院医药生物技术研究所5号楼店),肠粉,陶陶居酒家(中国医学科学院医药生物技术研究所5号楼店),南纬路2号院内(近医学科学院) | 营业时间:周一至周日 10:30-21:00 | 电话:010-63012396,1,4.1,147,https://aos-comment.amap.com/B000A84FXI/comment/EC56769C_15E2_450D_B76C_81140FB3DE81_L0_001_1080_1440__1660292868719_8c75313b.jpg,116.395532,39.878948
,292,,富力智选假日酒店-餐厅,豆腐脑,富力智选假日酒店-餐厅,"南纬路36号北京前门富力智选假日酒店2层 | 营业时间:周一至周五 06:30-10:00,11:30-13:30,18:00-21:00；周六至周日 06:30-10:30,11:30-13:30,18:00-21:00 | 电话:010-83157777",4.7,4.3,88,https://aos-comment.amap.com/B0FFFF49S9/comment/content_media_external_file_5973_ss__1767492911190_02873031.jpg,116.39081,39.880221
,294,,烟火小巷,中餐厅,烟火小巷,"北京城区南草厂街与大乘巷交叉口西北20米 | 营业时间:周一至周日 10:00-14:00,16:30-22:00 | 电话:15023693183",7.3,4.2,38,https://store.is.autonavi.com/showpic/117ee6dfa3e75d6cb9d7c13b270c3852,116.364009,39.935525
,294,,开口笑饺子(赵登禹路店),回锅肉,开口笑饺子(赵登禹路店),"赵登禹路甲142号(平安里地铁站L口步行430米) | 营业时间:周一至周日 10:30-14:30,17:00-24:00 | 电话:15510506660;15810430835",2.9,4.5,45,https://store.is.autonavi.com/showpic/8a05803154df1302a8ee325bbea81301,116.367537,39.929076
,294,,冶春,堂食,冶春,"北京城区北京城区北京城区平安里西大街22号冶春 | 营业时间:周一至周日 09:00-10:30,11:00-14:00,17:00-20:30 | 电话:010-58519968",9.4,4.6,138,https://store.is.autonavi.com/showpic/53cf2882807100520000002472056785?type=pic,116.365019,39.93198
,294,,百纳烟台山商务酒店-中餐厅,特色菜,百纳烟台山商务酒店-中餐厅,"赵登禹路281号(平安里地铁站E西北口步行450米) | 营业时间:周一至周日 11:00-14:00,17:00-21:00 | 电话:010-66117766",6.2,4.4,228,https://aos-comment.amap.com/B0FFI06MI9/comment/content_media_external_images_media_100001351_1728600102104_35006557.jpg,116.367102,39.929907
,294,,無名蹄花,蹄花,無名蹄花,北京城区赵登禹路148号 | 营业时间:周一至周日 10:00-24:00 | 电话:18601978002,5.7,4.6,53,https://store.is.autonavi.com/showpic/03afc31daa4720143eab4dca191d311f,116.367372,39.928554
,294,,鸿兴牛肉面(平安里店),鸡肉,鸿兴牛肉面(平安里店),赵登禹路163号(平安里地铁站K口旁) | 营业时间:周一至周日 09:30-23:00 | 电话:010-66251188;13681506249;18310553463,2.8,4.4,42,http://store.is.autonavi.com/showpic/a74e9489fab08069eefa17b272af12c3,116.368016,39.934908
,294,,牛街清真满恒記(平安里西大街店),麻酱糖饼,牛街清真满恒記(平安里西大街店),赵登禹路106号平安里西大街与赵登禹路交叉口西南角 | 营业时间:周一至周日 11:00-24:00 2026-02-16至2026-02-16 周一 全天关闭 | 电话:010-66517188,6.5,4.8,113,http://store.is.autonavi.com/showpic/2e943f3c1780f1e048fa331bc3a20803,116.367697,39.932103
,295,,珠穆朗玛餐厅,人参果沙拉,珠穆朗玛餐厅,"北京城区鼓楼西大街149号珠穆朗玛宾馆B1楼(近西藏驻京办) | 营业时间:周一至周日 11:00-14:00,17:00-20:00 | 电话:010-64018822",0,4.5,99,https://aos-comment.amap.com/B000AA3Y5W/comment/content_media_external_images_media_1000045223_ss__1737730911791_46122557.jpg,116.38614,39.945551
,295,,卤煮小肠(鼓楼西大街店),卤煮火烧,卤煮小肠(鼓楼西大街店),鼓楼西大176号 | 营业时间:周一至周日 09:00-21:00 | 电话:15810799668,6.5,4.2,28,https://store.is.autonavi.com/showpic/cc51151fbc314bf90000002444958377?type=pic,116.381833,39.947275
,295,,伊峰德顺兴(鼓楼店),双人餐,伊峰德顺兴(鼓楼店),鼓楼西大街124号(甘露胡同北口) | 营业时间:周一至周日 05:00-23:30 | 电话:010-64002253,4.9,4.6,70,https://store.is.autonavi.com/showpic/ebb308bf752caaf40000002451476281?type=pic,116.388507,39.943748
,295,,桐记小灶儿牛板筋火锅(甘露胡同店),泡菜牛板筋火锅,桐记小灶儿牛板筋火锅(甘露胡同店),"鼓楼西大街甘露胡同内2号路东第2家 | 营业时间:周一至周五 10:00-14:30,16:30-22:00；周六至周日 10:00-22:00 2026-02-13至2026-02-23 周一至周日 全天关闭 | 电话:010-64457145",3.1,4.5,105,https://aos-comment.amap.com/B000ABCOS9/comment/content_media_external_file_1000091871_ss__1755502089675_26061603.jpg,116.388013,39.943363
,295,,葫芦娃牛板筋火锅(鼓楼店),牛板筋火锅,葫芦娃牛板筋火锅(鼓楼店),大石桥胡同37号(近鼓楼) | 营业时间:周一至周日 10:30-22:30 | 电话:010-64087108,4.8,4.6,74,http://store.is.autonavi.com/showpic/d2f04a2f1a00e1bcf3800fc4c8cc42fe,116.389982,39.946717
,295,,德胜肉饼,牛肉,德胜肉饼,鼓楼西大街174号 | 营业时间:周一至周日 00:00-24:00 | 电话:13261918690,5.6,4.3,44,https://store.is.autonavi.com/showpic/fbab81fe5d1c58fa3b282e1671eca3b1,116.381868,39.947234
,296,,湘粤宴·融合菜,单人餐,湘粤宴·融合菜,"北京城区北蜂窝路8号中雅大厦B座 | 营业时间:周一至周日 10:00-14:00,16:30-24:00 | 电话:18611003566",8.3,4.7,235,https://aos-comment.amap.com/B0KA35RLYX/comment/AAC1C93A_1139_48EB_B0EF_E94E71A1CC34_L0_001_1512_2016_1727588223050_85116608.jpg,116.333717,39.898837
,296,,鼎悦鲜?和牛海鲜火锅,单人餐,鼎悦鲜?和牛海鲜火锅,北蜂窝甲8号中雅大厦C座1层116 | 营业时间:周一至周日 11:00-22:00 | 电话:13261905129,6.7,4.5,198,https://store.is.autonavi.com/showpic/67612cc0b21f2e583887d7dbcb32003d,116.333342,39.898752
,296,,山西刀削面(北蜂窝路店),大块肉,山西刀削面(北蜂窝路店),会城门社区西区南门旁 | 营业时间:周一至周日 10:00-22:00 | 电话:15718858360,2.1,4,28,https://aos-comment.amap.com/B0J6NMBZMK/comment/84FF76ED_F97A_45E9_90C0_F7227FBBBBBD_L0_001_1170_837_1736131566713_12335828.jpg,116.329855,39.902505
,296,,江南府宴,帝王蟹两吃,江南府宴,"北小马厂6号中雅大厦B座 | 营业时间:周一至周日 10:30-14:00,16:30-21:30 | 电话:18611256255",2.9,4.4,268,https://store.is.autonavi.com/showpic/e25bbd4fae985b48b3c508ec254f2a86,116.334072,39.89874
,296,,江淮人家(中雅大厦店),扬州炒饭,江淮人家(中雅大厦店),"北蜂窝8号寿州大饭店负一层 | 营业时间:周一至周日 11:00-13:30,17:00-21:00 | 电话:010-52612227;010-52612228",4.6,3.7,107,http://store.is.autonavi.com/showpic/009b49179b7b31513b1c3dbca2a8cfe2,116.334234,39.899126
,296,,渝味相识(中雅大厦店),汉寿年份甲鱼/斤,渝味相识(中雅大厦店),北蜂窝路8号中雅大厦A座渝味相识中雅店 | 营业时间:周一至周日 10:00-23:30 | 电话:010-51918111;13126666366,7.7,4.3,67,http://store.is.autonavi.com/showpic/be73d4c380e6b56d8bc6b14ffa004cf0,116.334218,39.898728
,296,,北京寿州大饭店,综合酒楼,北京寿州大饭店,北蜂窝8号中雅大厦副楼 | 电话:010-52612222;010-52612227;13241652299,2,4.4,0,https://store.is.autonavi.com/showpic/20de301d7799d288e4621571bcafa5e5,116.333958,39.899136
,296,,徽京阁(中雅大厦B座店),豆腐,徽京阁(中雅大厦B座店),"北蜂窝8号中雅大厦B座F1层 | 营业时间:周一至周日 10:00-14:00,16:30-21:30 | 电话:010-63367088;13661271056",7.8,4.4,103,http://store.is.autonavi.com/showpic/19283fe51481b641ca4d5de1141396d5,116.333691,39.898783
,296,,鸿运天外天烤鸭店(会城门店),鸡肉,鸿运天外天烤鸭店(会城门店),北蜂窝路20号一层101 | 营业时间:周一至周日 09:00-22:30 | 电话:010-51829970;13683651601,7.7,4.5,77,https://store.is.autonavi.com/showpic/a615d4d0c2df3d0d0000000715586143?type=pic,116.329855,39.902505
,298,,Soloist 独奏公司(杨梅竹店),coffee,Soloist 独奏公司(杨梅竹店),煤市街杨梅竹斜街39号 | 营业时间:周一至周日 09:00-20:00 | 电话:010-57111717;010-83197103,5.7,4.4,47,https://store.is.autonavi.com/showpic/218aa7ab39f29ad70000002438366458?type=pic,116.39296,39.895942
,298,,一介野生COFFEE,coffee,一介野生COFFEE,杨梅竹斜街77号 | 营业时间:周一至周五 09:30-18:30；周六至周日 09:00-19:00 | 电话:13167593862,5.1,4.6,41,https://aos-comment.amap.com/B0IU97VF5N/comment/e2e934e020962f687c1915b297cdbce3_2048_2048_80.jpg,116.391688,39.895578
,298,,庆丰包子铺(观音寺店),中餐厅,庆丰包子铺(观音寺店),北京城区北京城区大栅栏西街65号 | 营业时间:周一至周日 06:00-21:00 | 电话:010-69207987,8.3,4.3,19,https://store.is.autonavi.com/showpic/0c728f8e3470c2829f90d9ca0e3b2428,116.39192,39.894721
,298,,北平孙记爆肚(大栅栏西街店),冰汤圆,北平孙记爆肚(大栅栏西街店),抬头巷与青竹巷交叉口西南60米 | 营业时间:周一至周日 10:30-24:00 | 电话:15038111218;18210776625,1.2,3.3,39,,116.392056,39.894781
,298,,济安斋咖啡书吧(大栅栏西街商业店),卡布奇诺,济安斋咖啡书吧(大栅栏西街商业店),杨梅竹斜街70号(大栅栏) | 营业时间:周二至周日 10:30-19:00 | 电话:13671026399,4.8,4.1,42,https://aos-comment.amap.com/B0HKNHQG3D/comment/e13b11c55609e8cb90abbb6e61dffd74_2048_2048_80.jpg,116.392357,39.89563
,298,,大栅栏京味劉炙子烤肉,大栅栏京味劉炙子烤肉,大栅栏京味劉炙子烤肉,北京城区大栅栏西街74号 | 营业时间:周一至周日 11:00-22:30 2026-02-16至2026-02-23 周一至周日 11:00-22:00 | 电话:13001989242,9.4,4.6,89,https://aos-comment.amap.com/B0FFJGFQAF/comment/B86D2791_9050_4DA1_B590_3E238BF81E0D_L0_001_1440_1780_1735355365821_28427213.jpg,116.392138,39.894635
,298,,45号狐山路咖啡,奶咖,45号狐山路咖啡,杨梅竹斜街与青竹巷交叉口西60米 | 营业时间:周一至周日 09:30-18:30 | 电话:13522738931,1.8,4.5,48,https://aos-comment.amap.com/B0I2MMF0WI/comment/43398ffc5c7ca65ea277104548866db1_2048_2048_80.jpg,116.391351,39.895485
,298,,乡亲人川湘菜烤鱼(大栅栏西街店),手切糕羊肉（铜锅必点）,乡亲人川湘菜烤鱼(大栅栏西街店),北京城区大栅栏西街61号 | 营业时间:周一至周日 10:00-22:30 | 电话:13401047848;15611581515;18501131967,5.3,4.1,73,http://store.is.autonavi.com/showpic/d634eb6bb036214ae74dbef770ddf74a,116.39203,39.894771
,298,,德缘烤鸭店(大栅栏店),极品烤鸭,德缘烤鸭店(大栅栏店),"大栅栏西街57号 | 营业时间:周一至周日 09:30-14:30,16:30-21:30 2026-02-17至2026-02-23 周一至周日 10:00-14:30,16:30-21:30 | 电话:010-63085371",0.6,4.5,98,http://store.is.autonavi.com/showpic/ed3030d69590768982d9634a877d8f2d,116.392168,39.894881
,298,,ThuThu的椰子鸡(前门店),椰子鸡,ThuThu的椰子鸡(前门店),杨梅竹斜街与樱桃胡同交叉口东100米 | 营业时间:周一至周日 10:30-22:00 | 电话:13121295870,4.2,4.5,73,https://store.is.autonavi.com/showpic/9c4ff83c1c7b74f4756891428db9955a,116.390726,39.895303
,298,,百年前门铜锅涮肉(前门总店),牛肉大拼,百年前门铜锅涮肉(前门总店),北京城区距地铁2号线前门地铁站C西南口步行628m大栅栏西街43号 | 营业时间:周一至周日 10:00-23:00 2026-02-03至2026-02-28 周一至周日 10:00-23:00 | 电话:010-66168266;13651297379;18514523345,9.3,4.7,78,http://store.is.autonavi.com/showpic/007314ee448dc0b58433a60b37ac30c7,116.39274,39.895089
,298,,鸿运楼老北京涮肉(大栅栏西街店),羊肉,鸿运楼老北京涮肉(大栅栏西街店),大栅栏西街59号 | 营业时间:周一至周日 11:00-24:00 | 电话:13522376587,3.9,3.8,113,http://store.is.autonavi.com/showpic/8f61553b04dcd9df2bd39c5afd978525,116.392069,39.894792
,298,,合味早餐店(大栅栏西街商业店),胡辣汤,合味早餐店(大栅栏西街商业店),大栅栏西街59号 | 电话:13671060846;13693182775,6.9,3.9,0,https://store.is.autonavi.com/showpic/004981565bb4469bdda72da1825dce4d,116.392098,39.894865
,301,,邀雲·汐肆咖啡,下午茶,邀雲·汐肆咖啡,西四南大街18号华乐颂酒店一层 | 营业时间:周一至周日 09:00-18:00 | 电话:17801577897,3.5,4.3,45,https://aos-comment.amap.com/B0JDVMPR0F/comment/content_media_external_images_media_1000020143_ss__1734489005459_50791401.jpg,116.374133,39.922674
,301,,德源尚家化府餐厅,中餐厅,德源尚家化府餐厅,砖塔胡同与西四南大街交叉口西80米,2.7,3.3,16,,116.372575,39.922175
,301,,老北京炒肝,中餐厅,老北京炒肝,砖塔胡同与西四南大街交叉口西60米,8.2,3.2,0,,116.372775,39.921975
,301,,京味食府,宫保鸡丁,京味食府,北京城区西四南大街18号(西四地铁站D西南口步行150米) | 营业时间:周一至周日 10:00-22:00 | 电话:18500461386,5.1,4.2,75,https://store.is.autonavi.com/showpic/5abd0a237e21cdcb391b99827e420abd,116.373725,39.922684
,301,,化府小碗菜(西四店),小碗菜,化府小碗菜(西四店),"北京城区砖塔胡同与西四南大街交叉口西60米 | 营业时间:明周日10:30-14:00, 17:00-20:00",6.9,3.6,20,https://store.is.autonavi.com/showpic/3b57b9a285f1660d4a57c5edd1de5dc4,116.372748,39.922188
,301,,景轩火锅(北京西四店),毛肚,景轩火锅(北京西四店),西四南大街53号(西四地铁站D西南口步行200米) | 营业时间:周一至周日 10:00-22:00 2026-02-14至2026-02-24 周一至周日 全天关闭 | 电话:13120332999,3.8,4.6,254,https://aos-comment.amap.com/B0HDX59YMZ/comment/content_media_external_file_64388_1771297351111_06374208.jpg,116.373318,39.921769
,301,,白鹿原西安肉夹馍·油泼面(西四南大街店),油泼面,白鹿原西安肉夹馍·油泼面(西四南大街店),北京城区北京城区西四南大街26号 | 营业时间:周一至周日 10:30-21:30 | 电话:010-66085088;15600919115,7.9,4.1,38,https://store.is.autonavi.com/showpic/28d09b42ba6d2d2bdc1563e1ad3f0e06,116.373715,39.921734
,301,,九味香·烤鸭·新京菜,烤鸭,九味香·烤鸭·新京菜,西四南大街37号(西四地铁站D西南口步行140米) | 营业时间:周一至周日 10:30-22:30 | 电话:13051558225;19993325480,2.8,4.5,74,https://aos-comment.amap.com/B000A9JHR9/comment/202603_06-12274_1772771279455_69163564.jpg,116.373278,39.92234
,301,,二友居西四包子铺,猪肉饼,二友居西四包子铺,西四南大街23号(西四地铁站D西南口步行60米) | 营业时间:周一至周日 06:00-21:00 2026-05-01至2026-05-05 周一至周日 06:00-21:00 | 电话:010-66027855,3.2,4.5,22,https://aos-comment.amap.com/B0KK05B6JB/comment/content_media_external_file_1000029989_ss__1772000925960_12978358.jpg,116.373283,39.922828
,301,,阿妹滋溜米线(西四店),米线,阿妹滋溜米线(西四店),北京城区西四南大街34号(西四地铁站D西南口步行200米) | 营业时间:周一至周日 10:00-24:00 | 电话:13522191649;13683239539;15810809655,6.2,4.5,32,http://store.is.autonavi.com/showpic/78c512e0e1f1aa5bd8940e1191ab1b4f,116.373722,39.921763
,301,,内蒙羊汤(第二风味西四美食城店),羊汤,内蒙羊汤(第二风味西四美食城店),西四南大街与颁赏胡同交叉口东北40米 | 电话:13848500821,9.5,3.3,0,http://store.is.autonavi.com/showpic/ee8ee1c554c4ab654e193b2a4e248377,116.373662,39.921738
,301,,小羊倌儿全羊馆,羊肉串,小羊倌儿全羊馆,西四南大街34号(西四地铁站D西南口步行200米) | 营业时间:周一至周日 10:00-23:30 | 电话:13522586798,6.6,4.3,76,http://store.is.autonavi.com/showpic/7cd95fa17215effdde583e7cea4d0f14,116.373709,39.921798
,301,,清华食府,蟹黄,清华食府,西四南大街18号(西四地铁站D西南口步行150米) | 营业时间:周一至周日 10:00-22:00 2026-02-10至2026-03-04 周一至周日 11:00-21:00 | 电话:010-87916669;13701188603,0.5,4.4,86,https://store.is.autonavi.com/showpic/e13b1e6de59a379172fcc981a8100e81,116.373744,39.922657
,301,,京满·铜锅涮肉(西四店),鲜绣球菌,京满·铜锅涮肉(西四店),西安门大街168号(西四地铁站D西南口步行140米) | 营业时间:周一至周日 10:00-22:00 | 电话:13121098207;13641044553,0.8,4.6,75,https://store.is.autonavi.com/showpic/5c0b210cf692bbff0000000736900589?type=pic,116.373865,39.922317
,302,,Coffee.G(北展店),coffee,Coffee.G(北展店),西直门外大街135号北京展览馆 | 营业时间:周一至周日 10:00-18:00 | 电话:010-57960200;13522001472,8.1,4.5,65,https://aos-comment.amap.com/B0H3Z9HMCL/comment/content_media_external_file_899_1765276528481_86817557.jpg,116.342748,39.941279
,302,,潮阳舫中餐厅(西直门),东坡肘子,潮阳舫中餐厅(西直门),"西直门外大街135号院4 | 营业时间:周一至周日 11:00-14:00,17:30-21:00 | 电话:010-68316633",7.3,4.1,116,https://aos-comment.amap.com/B000A82STT/comment/89ae20198ac0505e2f710490b524ed76_2048_2048_80.jpg,116.34698,39.941541
,302,,2024味到北京夜市,中餐厅,2024味到北京夜市,西直门外大街135号北京展览馆 | 营业时间:周五至周日 16:00-21:00,5.4,4.3,45,https://store.is.autonavi.com/showpic/3080f722767e07470000002215174337?type=pic,116.342849,39.940095
,302,,湘小婉·湘土菜(西直门店),原味虎皮猪脚,湘小婉·湘土菜(西直门店),北京城区德宝新园丁20号 | 营业时间:周一至周日 09:00-22:00 | 电话:010-88380817,2.5,4.5,73,https://aos-comment.amap.com/B0HDPLL2TW/comment/176802442117_1768024501424_52689737.jpg,116.346834,39.939531
,302,,袁记云饺(北京市西城区西直门外大街店),堂食,袁记云饺(北京市西城区西直门外大街店),北京城区西直门外大街14号德宝新园 | 营业时间:周一至周日 08:00-20:00 | 电话:13161592765,9.8,4.4,23,https://store.is.autonavi.com/showpic/24d8c4f250f7147f3ac600fc4842f0ff?operate=original?operate=original?operate=original?operate=original,116.346019,39.939241
,302,,郭林家常菜(西直门店),宫保鸡丁,郭林家常菜(西直门店),西外大街德宝新园15号楼 | 营业时间:周一至周日 09:30-21:30 | 电话:010-68345043;010-68353633;15600102548,3.7,4.5,64,https://aos-comment.amap.com/B000A7C7JD/comment/content_media_external_file_1000039995_ss__1769144395743_39469219.jpg,116.346051,39.939251
,302,,和府捞面(动物园店),浓汤,和府捞面(动物园店),西直门外大街94号 | 营业时间:周一至周日 08:30-20:00 | 电话:18262500256,3.7,4.5,31,http://store.is.autonavi.com/query_pic?id=st2eeeb9c7-e911-4ec1-bed7-17dc20dfccf6&user=search&operate=original,116.341854,39.938877
,302,,老莫啤酒花园,烤鸡翅,老莫啤酒花园,北京展览馆南1门西140米 | 营业时间:周一至周日 11:00-21:00 | 电话:010-57960233,9.5,4.2,113,https://store.is.autonavi.com/showpic/57a380b35537981d5cccb71c733cb7d4,116.343027,39.938846
,302,,莫多多餐厅,牛肉面,莫多多餐厅,西直门外大街135号1幢 | 营业时间:周一至周日 11:00-19:00 | 电话:010-57960233,2.5,4.4,92,https://store.is.autonavi.com/showpic/73513105f5c7c0d70000001272178325?type=pic,116.342777,39.93895
,302,,北平西四包子炒肝(西直门店),荠菜团子,北平西四包子炒肝(西直门店),北京城区德宝新园东南2门旁 | 营业时间:周一至周日 06:00-20:00 | 电话:18511902216,5.9,4.4,22,https://store.is.autonavi.com/showpic/bd7a8cd71edd424f28f7d9fc14138086,116.346865,39.939567
,302,,惠丰涮肉馆,鲜羊肉,惠丰涮肉馆,西直门外大街德宝新园20号楼 | 营业时间:周一至周日 11:00-22:00 | 电话:010-68311365,7,4.6,108,https://aos-comment.amap.com/B000A80WW3/comment/0dfd16db3b2483a6a77a7b04b9d04ae4_2048_2048_80.jpg,116.346994,39.939636
,303,,三元新鲜GO,中餐厅,三元新鲜GO,官园公园北门旁 | 营业时间:周一至周日 08:00-20:00,4.3,3.7,0,https://aos-comment.amap.com/B0KR4BWTRJ/comment/20260320-068f24692cda686b020c2fdc-89IpSH9JkToADUQ4McUv87.jpg,116.360375,39.936425
,303,,烟火小巷,中餐厅,烟火小巷,"北京城区南草厂街与大乘巷交叉口西北20米 | 营业时间:周一至周日 10:00-14:00,16:30-22:00 | 电话:15023693183",4.2,4.2,38,https://store.is.autonavi.com/showpic/117ee6dfa3e75d6cb9d7c13b270c3852,116.364009,39.935525
,303,,中国兰州牛肉拉面(后广平胡同小区店),单人餐,中国兰州牛肉拉面(后广平胡同小区店),后广平胡同(西城区第一图书馆)对面 | 营业时间:周一至周日 07:00-21:30 | 电话:17602245396,2.4,4.3,19,http://store.is.autonavi.com/query_pic?id=st1c70706a-ddd6-4231-b85f-91ffd4561d53&user=search&operate=original,116.361239,39.936786
,303,,喜粤精品中餐,点心,喜粤精品中餐,"西直门南小街68号北-1号 | 营业时间:周一至周日 10:30-14:00,16:30-21:00 | 电话:010-66573111;13910312331",5.1,4.4,106,http://store.is.autonavi.com/showpic/e03965ae02d8b8ef869a9bea624b4a08,116.359697,39.936097
,303,,新疆冬不拉饭馆(永祥东巷店),牛肉,新疆冬不拉饭馆(永祥东巷店),西直门南小街永祥胡同17号 | 营业时间:周一至周日 10:30-23:30 | 电话:15010350501,8,4.2,57,https://aos-comment.amap.com/B0FFFAJ3O9/comment/DEB561C4_E176_487B_9E95_19152B565EAB_L0_001_1536_204_1749457478746_97261944.jpg,116.35784,39.936071
,303,,甲秀楼缘餐厅,牛肉,甲秀楼缘餐厅,"西直门南小街国英园5号楼2层(青年宫对面) | 营业时间:周一至周日 11:30-14:00,17:30-21:00 | 电话:010-66131442",7.4,4.5,100,http://store.is.autonavi.com/showpic/593c7615af7e3b76553c57bd353b0d5b,116.35881,39.93585
,303,,西域美食(国英园店),红烧牛肉面,西域美食(国英园店),西直门南小街国英园6号楼 | 营业时间:周一至周日 06:00-22:00 | 电话:010-66127915,5.4,4.3,56,https://aos-comment.amap.com/B0KAG7LSGC/comment/69139e54-5e38-476f-a16e-4816ad89b911.png,116.358839,39.935309
,303,,洪福亮酒家(南草厂街店),软炸虾仁,洪福亮酒家(南草厂街店),"北京城区南草厂街91号 | 营业时间:周一至周日 11:00-14:30,17:00-22:30 2026-02-09至2026-02-25 全天关闭 | 电话:13520437782",1.6,4.6,63,http://store.is.autonavi.com/showpic/2d520ce2720c15e25a718b131fbde2a2,116.363957,39.936273
,303,,杭州小笼包(后半壁街店),鲜肉包,杭州小笼包(后半壁街店),前半壁街48号 | 营业时间:周一至周日 00:30-20:30 | 电话:18611528174,3.2,4.1,18,http://store.is.autonavi.com/showpic/208fc5fc8f229b869f136f6602115427,116.360391,39.936459
,308,,清真,中餐厅,清真,南礼士路公园西门旁(南礼士路地铁站B东北口步行340米),1.1,3.7,0,https://store.is.autonavi.com/showpic/ef9a21c9290e435dd086f16b17ca4790,116.352855,39.910878
,308,,北平印象·咖啡馆·酒馆(月坛店),咖啡厅,北平印象·咖啡馆·酒馆(月坛店),南礼士路19号1幢1层105 | 营业时间:周一至周日 09:00-18:00 | 电话:18600286506,1.9,4.4,24,http://store.is.autonavi.com/showpic/2eea36dd9c1a5208e966762125957e74,116.352478,39.910828
,308,,礼士咖啡(礼士书房店),咖啡厅,礼士咖啡(礼士书房店),南礼士路62号D座一层(南礼士路地铁站B东北口步行180米) | 营业时间:周一至周日 08:30-21:00 | 电话:010-88043694;15001340825,0.6,4.1,41,http://store.is.autonavi.com/showpic/e5f0d30d17f90f8d52dc422ed3ab5c0d,116.352811,39.909444
,308,,烤肉宛·饭庄(北京南礼士路店),烤牛肉,烤肉宛·饭庄(北京南礼士路店),北京城区南礼士路58号(南礼士路地铁站B东北口步行340米) | 营业时间:周一至周日 10:30-22:00 2026-05-01至2026-05-05 周一至周日 10:30-22:00 | 电话:010-68028180,6.2,4.6,115,http://store.is.autonavi.com/showpic/98fafb1b20c687afb0076cf875f5f4a2,116.352819,39.910901
,308,,蜀一蜀二巫山烤鱼(乐道巷),牛蛙,蜀一蜀二巫山烤鱼(乐道巷),南礼士路甲62及号东北角平房 | 营业时间:周一至周日 09:30-23:00 | 电话:18310673626;18310673629,0.7,4.5,77,https://store.is.autonavi.com/showpic/ca5ecb9a898e079aa4615be799865925,116.354859,39.910265
,308,,皖芳地道安徽菜(月坛店),红烧大别山黑猪肉,皖芳地道安徽菜(月坛店),"南礼士路二条2号院1号楼一层102 | 营业时间:10:30-14:30；16:30-22:00,2026年春节期间10:30-14:30；16:30-22:00 | 电话:13124793808",3.6,4.6,168,https://aos-comment.amap.com/B0J2PU72GJ/comment/content_media_external_file_1000015128_ss__1766828079824_62766813.jpg,116.35208,39.910511
,308,,大旺舅铁锅炖,铁锅炖,大旺舅铁锅炖,"南礼士路21号(南礼士路地铁站B东北口步行270米) | 营业时间:周一至周日 10:00-12:00,14:00-22:00 | 电话:010-56352956;18611956482",2.7,4.4,94,https://aos-comment.amap.com/B0KUU9XW55/comment/content_media_external_file_1000068158_ss__1767050123510_36726131.jpg,116.352452,39.910223
,309,,中轴宴,中餐厅,中轴宴,"西绦胡同15号(鼓楼大街地铁站A1西北口步行250米) | 营业时间:周一至周日 11:00-14:00,17:30-21:30",9.2,4.2,0,,116.390971,39.948426
,309,,石记羊汤馆(六铺炕店),单人餐,石记羊汤馆(六铺炕店),安德路西口路南(鼓楼大街地铁站A2西北口步行250米) | 营业时间:周一至周日 07:00-23:00 2026-02-14至2026-02-24 周一至周日 全天关闭 | 电话:18547049399,5.4,4.5,34,https://store.is.autonavi.com/showpic/aac79c32dbc2743fef59b8dd7e61f44c,116.393854,39.950915
,309,,很久以前羊肉串(鼓楼店),呼伦贝尔羊肉串,很久以前羊肉串(鼓楼店),"北京城区旧鼓楼外大街甲一号(鼓楼地铁站A2口向北50米) | 营业时间:周一至周五 11:30-14:00,17:00-01:00；周六至周日 11:30-14:00,16:30-01:00 | 电话:13691204560",7.4,4.7,90,http://store.is.autonavi.com/query_pic?id=stf288507f-56db-446e-ba64-9e18bb8d0b72&user=search&operate=original,116.393569,39.950343
,309,,池记串吧(鼓楼桥店),烤鸡脆骨,池记串吧(鼓楼桥店),旧鼓楼大街69号(鼓楼大街地铁站A2西北口步行90米) | 营业时间:周一至周日 11:00-02:00 | 电话:010-62370807,5.3,4.4,97,http://store.is.autonavi.com/showpic/2d58a3e3ba9e21870052c7fa10fc4d6e,116.393969,39.94979
,309,,清真西部马振锋牛肉面,牛肉面,清真西部马振锋牛肉面,安德路与旧鼓楼外大街交叉口东南20米 | 营业时间:周一至周日 00:00-24:00 | 电话:13716015268,8,4.2,28,http://store.is.autonavi.com/showpic/211d7d61ce7623e1c5bcd277a888ecdc,116.393907,39.951431
,309,,西域美食中华传统牛肉面(六铺炕一巷美食街店),牛肉面,西域美食中华传统牛肉面(六铺炕一巷美食街店),六铺炕2区东8门南190米 | 营业时间:周一至周日 10:00-01:00 | 电话:13716015268,4.9,3.3,47,http://store.is.autonavi.com/showpic/ee7aa5aa7d01fb263fdd4915217ec09f,116.390307,39.952162
,309,,东北3元小烧烤,特色/地方风味餐厅,东北3元小烧烤,旧鼓楼外大街与安德路交叉口南40米 | 营业时间:周一至周日 17:00-02:00,9.8,3.6,86,https://aos-comment.amap.com/B0L1YDE366/comment/content_media_external_file_9005_ss__1768746651783_41108324.jpg,116.393825,39.951175
,309,,湘水之珠·地道湖南菜(德胜门店),珍珠丸子,湘水之珠·地道湖南菜(德胜门店),"安德路102号1楼(近旧鼓楼大街) | 营业时间:周一至周日 11:00-14:00,16:30-22:00 | 电话:010-68916868;13693689727",7,4.6,193,https://aos-comment.amap.com/B000AA0R31/comment/content_media_external_images_media_100002029_1735542700240_05321195.jpg,116.393115,39.951454
,309,,老李头驴肉火烧(六铺炕一巷美食街店),米线,老李头驴肉火烧(六铺炕一巷美食街店),六铺炕一巷安德路65号 | 营业时间:周一至周日 09:00-23:00 | 电话:13661128361;13716038544,7.4,3.4,42,http://store.is.autonavi.com/showpic/93d91330639a316b284c47b57402feda,116.390306,39.952236
,309,,聚点串吧(鼓楼店),羊肉串,聚点串吧(鼓楼店),旧鼓楼外大街1号2幢2-5内02 | 营业时间:周一至周日 11:00-03:00 | 电话:010-67628889,1.1,4.5,88,http://store.is.autonavi.com/showpic/14a6aca51b7f455678eff7e980148cad,116.393568,39.950441
,309,,衢州鸭头,衢州鸭头,衢州鸭头,旧鼓楼外大街与安定门西滨河路交叉口北60米,3.1,2.8,35,https://store.is.autonavi.com/showpic/0d3a818a37b0776ed49cb80701b24f9b,116.393775,39.950175
,311,,灯堂咖啡(大吉巷店),咖啡厅,灯堂咖啡(大吉巷店),果子巷1号院1号楼1至2层117-1 | 营业时间:周一至周五 08:00-17:00；周六至周日 09:00-17:00 | 电话:17310666809,7.4,4.4,32,https://aos-comment.amap.com/B0LASC0IUY/comment/content_media_external_file_1000032612_ss__1746348485557_16460567.jpg,116.378171,39.887992
,311,,聚福餐馆(虎坊桥店),地三鲜,聚福餐馆(虎坊桥店),粉房琉璃街60号(虎坊桥地铁站D西南口步行290米) | 营业时间:周一至周日 10:00-23:00 | 电话:13520554335,8.1,4.2,24,http://store.is.autonavi.com/showpic/c81bb56705e4dbc093eedebe699bd17f,116.381683,39.888233
,311,,鲜牛记潮汕牛肉火锅(中海大吉港店),奶皮子,鲜牛记潮汕牛肉火锅(中海大吉港店),北京城区中海大吉巷B1层 | 营业时间:周一至周日 11:00-22:00 | 电话:15711358220,4.5,4.5,94,https://aos-comment.amap.com/B0LUVRFNRL/comment/content_media_external_images_media_100000077_1758040833963_55159222.jpg,116.377469,39.888172
,311,,前羽 铁板烧海鲜自助(大吉巷店),海鲜食盒,前羽 铁板烧海鲜自助(大吉巷店),"北京城区骡马市大街20号院一区1号楼1层103-F122b | 营业时间:周一至周日 11:30-14:00,17:30-22:00 | 电话:16600241899",6.4,4.5,249,https://store.is.autonavi.com/showpic/890ab490b8bafa9ddbca83aab6cc2386,116.377078,39.888253
,311,,聚点串吧(菜市口店),炒饭,聚点串吧(菜市口店),"北京城区马市大街121号2幢、3幢、4幢、5幢、6幢、7幢 | 营业时间:周一至周五11:00-02:00；周六至周日11:00-02:00,2026年2月18日至2月23日11:00-02:00,2026年2月16日至2月17日关闭 | 电话:010-63178889",6.4,4.6,78,http://store.is.autonavi.com/showpic/f80df3315ec43ed58f40f5db3a86d18d,116.379915,39.889831
,311,,方砖厂69号炸酱面(中海大吉巷店),炸酱面,方砖厂69号炸酱面(中海大吉巷店),中海地产1号楼后米市东胡同南150米下扶梯B1-48号 | 营业时间:周一至周日 10:00-21:30 | 电话:13161271308,3.5,4.6,43,https://aos-comment.amap.com/B0LDOL67ZC/comment/content_media_external_file_1000092785_ss__1768787887973_05895635.jpg,116.377273,39.888153
,311,,牛街早点,现磨豆浆,牛街早点,魏染胡同与前孙公园胡同交叉口西20米 | 营业时间:周一至周日 05:00-10:00 | 电话:15910424760,4.2,4.2,9,http://store.is.autonavi.com/showpic/afa19f8f9148026547f3de21f3019e10,116.380389,39.892465
,312,,京顺良缘饭店—新京菜(通州安贞医院店),中餐厅,京顺良缘饭店—新京菜(通州安贞医院店),"疃里南区5号楼1层101 | 营业时间:周一至周日 09:00-14:00,17:00-24:00 | 电话:010-88805986;18220820357",5.2,4.2,67,https://store.is.autonavi.com/showpic/ff508216b9ab469c43fb820285a2a21b,116.698628,39.942734
,312,,早点丛林美食,中餐厅,早点丛林美食,四海公寓南门东南80米,2.5,3.7,12,https://store.is.autonavi.com/showpic/f6f7f57aee84362d977d3292da5d9b7a,116.697036,39.948378
,312,,立新酒楼(疃里大街店),京酱肉丝,立新酒楼(疃里大街店),疃里大街附近 | 营业时间:周一至周日 10:00-21:30 | 电话:010-89556560;15300075652,3.1,4.1,88,https://aos-comment.amap.com/B0FFG2MZBH/comment/content_media_external_file_1000017068_ss__1765265002956_20172458.jpg,116.697375,39.948325
,313,,京天红社区便民食品商店,北京菜,京天红社区便民食品商店,虎坊路甲2号(虎坊桥地铁站C东南口步行130米) | 营业时间:周一至周日 08:00-21:00 | 电话:17600173050;17600202863,9.3,4.2,0,http://store.is.autonavi.com/showpic/e6a11181e781e494ffd995c97399f2c0,116.385118,39.889137
,313,,蝎王府羊蝎子(虎坊桥店),大锅羊蝎子,蝎王府羊蝎子(虎坊桥店),"北京城区虎坊路4号 | 营业时间:10:00-24:00,2026年5月1日至2026年5月5日 10:00-24:00 | 电话:010-63131997",9.9,4.7,88,http://store.is.autonavi.com/showpic/7d4375b9957085a0fa45e52129a8cf2e,116.385102,39.888553
,313,,南城香(虎坊桥店),小吃街,南城香(虎坊桥店),北京城区虎坊路4号1、2层北侧 | 营业时间:周一至周日 06:00-21:00 | 电话:010-63178008;15321861531,0.8,4.5,22,http://store.is.autonavi.com/query_pic?id=st1f4d36d8-a299-4197-a0e1-9c6f3c864e58&user=search&operate=original,116.385127,39.888645
,313,,顶香牛肉拉面(虎坊桥店),烤串,顶香牛肉拉面(虎坊桥店),虎坊桥地铁站C出口240号-11 | 营业时间:周一至周日 00:00-24:00 | 电话:13161712335;13641116482,5,4.4,40,https://aos-comment.amap.com/B0FFJYUHXM/comment/B27819E4_DF63_4177_8C05_74DDBED54F46_L0_001_894_145_1757139148886_77577616.jpg,116.386567,39.8892
,313,,万国福地(虎坊桥店),牛肉,万国福地(虎坊桥店),南新华街98号(虎坊桥地铁站B东北口步行210米) | 营业时间:周一至周日 14:00-24:00 | 电话:13121912123,3.8,4.5,137,https://aos-comment.amap.com/B0JRNRJQ7Q/comment/20260315-de7d34aacce5da4a3f0360f1-4hfMEGJF7DT6IXWNimBgsM.jpg,116.384861,39.891001
,313,,牛村来人鲜牛肉火锅(前门店),牛肉,牛村来人鲜牛肉火锅(前门店),永安路175号(虎坊桥地铁站C口东南口步行350米) | 营业时间:周一至周日 11:00-22:00 2026-05-01至2026-05-05 周一至周日 11:00-22:00 | 电话:010-63156887,2.6,4.6,116,http://store.is.autonavi.com/showpic/5e1b654b0b8f409a7d8821484b445b12,116.385149,39.886719
,313,,刘记炙子烤肉(虎坊桥店),老北京炙子烤肉,刘记炙子烤肉(虎坊桥店),北京城区腊竹胡同85号 | 营业时间:周一至周日 11:00-22:30 | 电话:010-63044325,1.5,4.7,112,http://store.is.autonavi.com/showpic/cb71597952fb49cbe2208a72d72d6e6f,116.385245,39.888155
,313,,晋宝源大同刀削面(虎坊桥店),面食,晋宝源大同刀削面(虎坊桥店),"南新华街143号西房(虎坊桥地铁站B东北口步行260米) | 营业时间:周一至周日 10:30-12:00,14:00-23:00 2026-05-01至2026-05-05 周一至周日 10:30-23:00 | 电话:010-56232539;18612218918",6.1,4.5,25,https://aos-comment.amap.com/comment/content_service__1771330762760_80388913_1771330782562_52662217.jpg,116.384509,39.891422
,316,,晋阳饭庄总店,刀削面,晋阳饭庄总店,"南菜园街12号 | 营业时间:周一至周日 10:30-14:00,17:00-21:00 | 电话:010-63031669",3.3,4.6,108,https://store.is.autonavi.com/showpic/5903699bd3cc60e50000002423200845?type=pic,116.354373,39.870599
,316,,南来顺饭庄,艾窝窝,南来顺饭庄,"南菜园街12-1-1号 | 营业时间:周一至周五 10:00-14:00,16:30-21:00；周六至周日 10:00-14:30,16:30-21:00 | 电话:010-63534720;010-63587697;15811428895",1.3,4.6,62,http://store.is.autonavi.com/showpic/263f5cd7eaeaedc1014b446293a0b869,116.354337,39.870908
,317,,云阿蛮云南生烫牛肉米线(北京新百CC茂店),中餐厅,云阿蛮云南生烫牛肉米线(北京新百CC茂店),新街口北大街1号新华百货CCmall新街口店F5层 | 营业时间:周一至周日 10:00-22:00,8.9,3.7,32,https://store.is.autonavi.com/showpic/115dba27a975ee520000002269406831?type=pic,116.371175,39.947525
,317,,石头先生的烤炉(北京新华百货店),中餐厅,石头先生的烤炉(北京新华百货店),北京新华百货ccmall117F1017铺位一层 | 营业时间:周一至周日 10:00-22:00 | 电话:18612525694,0.8,4.1,29,https://aos-comment.amap.com/B0MBZ5CENV/comment/20260319-70af0d4a33fa3e7ca26f1871-1YzrOoXuzZa93pTRXeoUCK.jpg,116.371481,39.947714
,317,,脸红秦田田(新华店),中餐厅,脸红秦田田(新华店),北京城区新街口北大街1号1号楼1层新华百货1层 | 营业时间:周一至周日 10:00-21:30 | 电话:15712887996,4.9,3.8,12,https://store.is.autonavi.com/showpic/8355e4bcbdc83c9efe1d2bae43055e22,116.371475,39.947725
,317,,北京蜀湘情餐厅·蜀湘家常菜馆,小炒肉,北京蜀湘情餐厅·蜀湘家常菜馆,北京城区新街口北街板桥三条24号(近积水潭医院) | 营业时间:周一至周日 10:00-23:00 | 电话:13011291513,4.2,3.8,41,http://store.is.autonavi.com/showpic/55fad3e539711b3529066fa34ad49a25,116.372682,39.947297
,317,,星巴克(新华百货店),星冰乐,星巴克(新华百货店),北京城区新街口北大街1号一层X-1A104单元 | 营业时间:周一至周日 07:30-21:00 | 电话:010-62239193,1.3,4.5,30,http://store.is.autonavi.com/showpic/ec3440dbf3d8f9de23da5c7a0cf58ad7,116.371185,39.947796
,317,,南阳丹江鱼市(新华百货CCmall店),火烧馍,南阳丹江鱼市(新华百货CCmall店),"新街口北大街1号新华百货CCmall新街口店F4层 | 营业时间:周一至周日 11:00-16:00,17:00-21:30 | 电话:18210667333",1,4.4,89,https://store.is.autonavi.com/showpic/88afc6e7d9b2ed720000002344562465?type=pic,116.371325,39.947475
,317,,山釜餐厅,点心,山釜餐厅,德胜门西大街甲58号(积水潭地铁站C东南口步行50米) | 营业时间:周一至周日 11:00-22:00 2026-05-01至2026-05-05 周一至周日 11:00-22:00 | 电话:010-66180310;010-66180362,2.8,4.6,364,https://aos-comment.amap.com/B000A7CJGE/comment/content_media_external_file_30847_1753149042683_84275742.jpg,116.374604,39.948185
,317,,八旗烤肉(新街口店),烤鸡腿肉,八旗烤肉(新街口店),北京城区板桥二条23号 | 营业时间:周一至周日 11:00-22:30 | 电话:17600183353,3.1,4.7,109,http://store.is.autonavi.com/showpic/10a2a5e884cf415681113162f00d7dcd,116.372661,39.946364
,317,,西域巴达木食府(新街口店),牛肉面,西域巴达木食府(新街口店),北京城区板桥三条9-11号(积水潭地铁站D西南口步行160米) | 营业时间:周一至周日 10:00-24:00 | 电话:010-82084368;18894404000,8.6,4.4,53,https://aos-comment.amap.com/B0FFH7DBD6/comment/content_media_external_file_1000058501_ss__1769472831147_32107925.jpg,116.372848,39.94744
,317,,正宗味道香八拉烤翅(新街口店),特色肉串,正宗味道香八拉烤翅(新街口店),北京城区北京城区新街口北大街14号 | 营业时间:周六至周日 10:00-02:00 | 电话:15901133878,1,4,200,http://store.is.autonavi.com/showpic/c7a7ebea342a18e91c8f105e871251b1,116.372582,39.947257
,317,,西四包子铺(积水潭店),猪肉饼,西四包子铺(积水潭店),北京城区新街口北大街28号(积水潭地铁站F口步行130米) | 营业时间:周一至周日 06:00-21:00 | 电话:13830979746,8.5,4.4,19,https://store.is.autonavi.com/showpic/ef6b4b33dbe4fdbba59daa3083898ac8,116.372429,39.946611
,317,,新街口烤鸭店,糖醋里脊,新街口烤鸭店,"新街口北大街34号(积水潭地铁站F口步行160米) | 营业时间:周一至周日 10:00-15:00,16:00-21:30 | 电话:010-66180390;13683238275;15801165784",6.6,4.5,63,https://aos-comment.amap.com/B000A464D6/comment/39a34814f26c5beedc358c51f8830c42_2048_2048_80.jpg,116.372478,39.946112
,317,,华天肉饼·二友居(积水潭店),肉饼,华天肉饼·二友居(积水潭店),小半截胡同与新街口北大街交叉口东南20米,6.5,3.7,22,https://store.is.autonavi.com/showpic/1ad46dec7fdf545e6bf10d366037595f,116.372425,39.946575
,317,,护国寺小吃(新街口店),豌豆黄,护国寺小吃(新街口店),新街口北大街10号(近积水潭地铁站西南出口) | 营业时间:周一至周日 06:00-20:30 | 电话:010-83221475,7.3,4.6,27,http://store.is.autonavi.com/query_pic?id=stbfda3f00-150e-4bf6-bdea-65c58689a274&user=search&operate=original,116.372487,39.947362
,317,,Guava番石榴·野生菌火锅(北京新华百货店),野生菌火锅,Guava番石榴·野生菌火锅(北京新华百货店),新街口北大街1号新华百货CCmall新街口店F4层 | 营业时间:周一至周日 11:00-21:30 | 电话:15110191239,6.6,4.2,125,https://store.is.autonavi.com/showpic/8f5ef3bc288500360000000742270570?type=pic,116.371275,39.947375
,317,,京八珍(积水潭店),鹌鹑蛋,京八珍(积水潭店),新街口北大街14号(积水潭地铁站D西南口步行110米) | 营业时间:周一至周日 07:00-21:30 | 电话:18731321585,6.2,4.1,42,https://aos-comment.amap.com/B0FFIYY1HL/comment/content_media_external_file_174564_ss__1769058326737_30134458.jpg,116.372482,39.947165
,319,,luckin coffee 瑞幸咖啡(祥龙商务大厦店),coffee,luckin coffee 瑞幸咖啡(祥龙商务大厦店),北京城区广安门内大街311号院祥龙商务大厦F1层 | 营业时间:周一至周六 07:00-20:30；周日 07:00-19:30 | 电话:4000100100,8.6,4.5,13,https://store.is.autonavi.com/showpic/c287706810a95e84ab635a931ccf264d?operate=original,116.356926,39.890864
,319,,紫光园·烤鸭·北京菜(广安门店),双人餐,紫光园·烤鸭·北京菜(广安门店),广安门内大街306号水利综合楼 | 营业时间:周一至周日 05:30-21:30 | 电话:010-65660922,4.5,4.6,60,http://store.is.autonavi.com/query_pic?id=stc56029d4-8f36-4428-b61d-aded6ac2fe6d&user=search&operate=original,116.358509,39.888893
,319,,西部马华牛肉面·烧烤(菜百店),牛肉面,西部马华牛肉面·烧烤(菜百店),牛街街道白广路北口综合楼1层(地铁七号线C出口即到) | 营业时间:周一至周日 10:00-21:00 | 电话:17610681057,8.6,4.3,29,https://store.is.autonavi.com/showpic/bd55e208928b32ea0000002437386035?type=pic,116.357976,39.889023
,319,,致美楼(广利达写字楼店),羊肉,致美楼(广利达写字楼店),广义街甲10号广利达写字楼F1层 | 营业时间:周一至周日 09:30-21:00 | 电话:010-83128196,5.5,4.5,117,https://aos-comment.amap.com/B0FFILI0T4/comment/fec34319dd6a2c2f38ebaa6b4853eda2_2048_2048_80.jpg,116.356823,39.891206
,321,,泛亚咖啡(北京大观园店),三明治,泛亚咖啡(北京大观园店),菜园街甲35号1幢01号泛亚咖啡 | 营业时间:周一至周日 08:00-18:00 | 电话:010-83518883;15010256142,0.9,4.4,31,https://aos-comment.amap.com/B0JAV5UCFN/comment/content_media_external_file_14197_1772937877811_06027715.jpg,116.353525,39.873374
,321,,晋阳饭庄总店,刀削面,晋阳饭庄总店,"南菜园街12号 | 营业时间:周一至周日 10:30-14:00,17:00-21:00 | 电话:010-63031669",3.7,4.6,108,https://store.is.autonavi.com/showpic/5903699bd3cc60e50000002423200845?type=pic,116.354373,39.870599
,321,,南来顺饭庄,艾窝窝,南来顺饭庄,"南菜园街12-1-1号 | 营业时间:周一至周五 10:00-14:00,16:30-21:00；周六至周日 10:00-14:30,16:30-21:00 | 电话:010-63534720;010-63587697;15811428895",9.3,4.6,62,http://store.is.autonavi.com/showpic/263f5cd7eaeaedc1014b446293a0b869,116.354337,39.870908
,322,,派希亚咖啡厅(首建智谷店),蜂蜜蛋糕,派希亚咖啡厅(首建智谷店),西直门外大街140号首建金融中心F1层 | 营业时间:周一至周日 09:00-17:30,9.5,4,52,http://store.is.autonavi.com/showpic/7821c16807875451fce4c1a06b38e179,116.335222,39.937264
,323,,椿萱食堂,中餐厅,椿萱食堂,"椿树街道东椿树4号 | 营业时间:周一至周日 11:00-13:00,17:00-19:00 | 电话:010-63181969",9,4,21,https://store.is.autonavi.com/showpic/c69390d578a0c3c9162e32d8d88b0b66,116.379791,39.894843
,323,,来涮蜀·鲜牛肉串串火锅(菜市口店),串串,来涮蜀·鲜牛肉串串火锅(菜市口店),西草厂街椿树园小区16号楼 | 营业时间:周一至周日 11:00-24:00 | 电话:010-63102999;010-63103999,9.5,4.5,91,http://store.is.autonavi.com/showpic/96bf16a99fa188dd05fea0000821a195,116.377604,39.892883
,323,,农小锅(北京庄胜广场店),牛羊肉,农小锅(北京庄胜广场店),宣武门外大街10号庄胜广场B1 | 营业时间:周一至周日 09:00-21:00 | 电话:17171172345,0.4,4.4,43,http://store.is.autonavi.com/query_pic?id=st90041bb3-4ff1-46aa-b79d-2b37dbac418c&user=search&operate=original,116.375954,39.89601
,323,,汤巴适·云南野生菌健康火锅(宣武门店),牛肉,汤巴适·云南野生菌健康火锅(宣武门店),椿树园小区15号楼一层1号 | 营业时间:周一至周日 11:00-23:00 | 电话:010-68816889,5,4.5,108,http://store.is.autonavi.com/showpic/8dfe2acc92ac2a467ac1fa4f6f6db16a,116.376749,39.893416
,323,,银都餐厅(琉璃厂文化街店),臊子面,银都餐厅(琉璃厂文化街店),"南新华街安平里3号锦江之星B1层(近和平门地铁站) | 营业时间:周一至周日 11:00-14:00,17:00-21:00 2026-02-10至2026-03-04 周一至周日 全天关闭 | 电话:010-63183528;13709595046;18201176454",7.4,4.5,54,https://store.is.autonavi.com/showpic/c080a74d41b7c280ad37a5a90b1e5c9d,116.382952,39.896276
,323,,渝特别·鱼头火锅(菜市口总店),酸辣粉,渝特别·鱼头火锅(菜市口总店),椿树园小区16号底商 | 营业时间:周一至周日 11:00-24:00 | 电话:010-63102999,8.8,4.5,211,https://store.is.autonavi.com/showpic/6d9566b6ddbbd26fc3b74586f915d76e,116.377559,39.892883
,325,,luckin coffee 瑞幸咖啡(祥龙商务大厦店),coffee,luckin coffee 瑞幸咖啡(祥龙商务大厦店),北京城区广安门内大街311号院祥龙商务大厦F1层 | 营业时间:周一至周六 07:00-20:30；周日 07:00-19:30 | 电话:4000100100,6.8,4.5,13,https://store.is.autonavi.com/showpic/c287706810a95e84ab635a931ccf264d?operate=original,116.356926,39.890864
,325,,万家早安品致早餐,中餐厅,万家早安品致早餐,报国寺1号院南门西北70米,6.4,0.4,22,http://store.is.autonavi.com/showpic/f7059d3b7ae23d8e9b8f9553bb18c56b,116.360197,39.891584
,325,,大众家常炒菜(报国寺店),猪肝,大众家常炒菜(报国寺店),北京城区报国寺东夹道(广安门内地铁站B东北口步行290米) | 营业时间:周一至周日 10:00-21:00 | 电话:16631407699;18610865968,3.5,4,56,https://store.is.autonavi.com/showpic/08381ca99e88b846906acdf657209e92,116.360202,39.89189
,325,,致美楼(广利达写字楼店),羊肉,致美楼(广利达写字楼店),广义街甲10号广利达写字楼F1层 | 营业时间:周一至周日 09:30-21:00 | 电话:010-83128196,9.8,4.5,117,https://aos-comment.amap.com/B0FFILI0T4/comment/fec34319dd6a2c2f38ebaa6b4853eda2_2048_2048_80.jpg,116.356823,39.891206
,327,,珠穆朗玛餐厅,人参果沙拉,珠穆朗玛餐厅,"北京城区鼓楼西大街149号珠穆朗玛宾馆B1楼(近西藏驻京办) | 营业时间:周一至周日 11:00-14:00,17:00-20:00 | 电话:010-64018822",1.5,4.5,99,https://aos-comment.amap.com/B000AA3Y5W/comment/content_media_external_images_media_1000045223_ss__1737730911791_46122557.jpg,116.38614,39.945551
,327,,卤煮小肠(鼓楼西大街店),卤煮火烧,卤煮小肠(鼓楼西大街店),鼓楼西大176号 | 营业时间:周一至周日 09:00-21:00 | 电话:15810799668,1.7,4.2,28,https://store.is.autonavi.com/showpic/cc51151fbc314bf90000002444958377?type=pic,116.381833,39.947275
,327,,伊峰德顺兴(鼓楼店),双人餐,伊峰德顺兴(鼓楼店),鼓楼西大街124号(甘露胡同北口) | 营业时间:周一至周日 05:00-23:30 | 电话:010-64002253,6.3,4.6,70,https://store.is.autonavi.com/showpic/ebb308bf752caaf40000002451476281?type=pic,116.388507,39.943748
,327,,桐记小灶儿牛板筋火锅(甘露胡同店),泡菜牛板筋火锅,桐记小灶儿牛板筋火锅(甘露胡同店),"鼓楼西大街甘露胡同内2号路东第2家 | 营业时间:周一至周五 10:00-14:30,16:30-22:00；周六至周日 10:00-22:00 2026-02-13至2026-02-23 周一至周日 全天关闭 | 电话:010-64457145",9.5,4.5,105,https://aos-comment.amap.com/B000ABCOS9/comment/content_media_external_file_1000091871_ss__1755502089675_26061603.jpg,116.388013,39.943363
,327,,德胜肉饼,牛肉,德胜肉饼,鼓楼西大街174号 | 营业时间:周一至周日 00:00-24:00 | 电话:13261918690,2.7,4.3,44,https://store.is.autonavi.com/showpic/fbab81fe5d1c58fa3b282e1671eca3b1,116.381868,39.947234
,327,,红邸,豆腐,红邸,"后海西沿22号 | 营业时间:周一至周日 10:00-14:00,17:00-22:00 | 电话:010-64026665;010-64028885",1.2,4.5,434,https://aos-comment.amap.com/B000A80DKN/comment/aeb55584e063a7ad34e4690d0211e0ef_2048_2048_80.jpg,116.380752,39.945099
,327,,后海贰号,雪花牛,后海贰号,"北京城区后海西沿后2号 | 营业时间:周一至周日 10:00-14:00,16:30-22:30 | 电话:010-64031898;13552527283",7,4.5,485,https://store.is.autonavi.com/showpic/658259ae84b2ef76f2fb33cafd265109,116.380649,39.944772
,328,,张记灶台鱼(后海店),,张记灶台鱼(后海店),鼓楼西大街86号 | 营业时间:周一至周日 11:00-22:00 | 电话:13801152332,3.1,4.2,174,http://aos-cdn-image.amap.com/sns/ugccomment/331e86fa-847c-491c-9cdb-a4b8b33d9594.jpg,116.390027,39.94263
,328,,冰冰酱(鼓楼西大街广茗阁店),中餐厅,冰冰酱(鼓楼西大街广茗阁店),鼓楼西大街与铸钟胡同交叉口西北60米,0,3.5,19,,116.391237,39.94213
,328,,后海北苑,中餐厅,后海北苑,鼓楼西大街112号 | 营业时间:周一至周日 10:00-22:00 | 电话:010-64070792,2.6,4.3,278,,116.389242,39.943095
,328,,褡裢火烧(鼓楼店),卤肉,褡裢火烧(鼓楼店),北京城区鼓楼西大街55号 | 营业时间:周一至周日 10:00-22:00 | 电话:010-64010126;13810117782;15601178792,7.2,4.5,45,https://aos-comment.amap.com/B000A7RFKP/comment/dc83fb86c0460ab431403e3f7e792e41_2048_2048_80.jpg,116.391764,39.941717
,328,,伊峰德顺兴(鼓楼店),双人餐,伊峰德顺兴(鼓楼店),鼓楼西大街124号(甘露胡同北口) | 营业时间:周一至周日 05:00-23:30 | 电话:010-64002253,8.8,4.6,70,https://store.is.autonavi.com/showpic/ebb308bf752caaf40000002451476281?type=pic,116.388507,39.943748
,328,,点绛唇Mood in Rouge,小蛋糕,点绛唇Mood in Rouge,铸钟胡同60号 | 营业时间:周一至周五 10:00-18:00；周六至周日 10:00-19:00 | 电话:15201056017;15201517410,4.9,4.6,40,https://aos-comment.amap.com/B0G1RX3R03/comment/20260310-415fa992df9e7ee6b6f2bc11-2vUC1u8QHub6cObuyfZTt2.jpg,116.391815,39.941908
,328,,桐记小灶儿牛板筋火锅(甘露胡同店),泡菜牛板筋火锅,桐记小灶儿牛板筋火锅(甘露胡同店),"鼓楼西大街甘露胡同内2号路东第2家 | 营业时间:周一至周五 10:00-14:30,16:30-22:00；周六至周日 10:00-22:00 2026-02-13至2026-02-23 周一至周日 全天关闭 | 电话:010-64457145",9.4,4.5,105,https://aos-comment.amap.com/B000ABCOS9/comment/content_media_external_file_1000091871_ss__1755502089675_26061603.jpg,116.388013,39.943363
,328,,四点串吧(鼓楼店),鸡爪,四点串吧(鼓楼店),鼓楼西大街乙61号 | 营业时间:周一至周日 16:30-02:00 | 电话:13701205855,6.4,4.4,60,https://store.is.autonavi.com/showpic/7925cbae87a9e9f10000002336744969?type=pic,116.391284,39.942049
,329,,8686烧烤屋,烤串,8686烧烤屋,北京城区大川胡同14号(虎坊桥地铁站C东南口步行310米) | 营业时间:周一至周日 17:00-02:00 2026-02-14至2026-02-23 周一至周日 全天关闭 | 电话:13521478831;18601111422,8.4,4.6,78,https://store.is.autonavi.com/showpic/e25e46619d05cba19661aa96e11a10b6,116.389472,39.889358
,329,,淮南牛肉汤(珠市口店),牛肉,淮南牛肉汤(珠市口店),石头胡同127号 | 营业时间:周一至周日 07:00-22:30 | 电话:13683054586;17200340695,3.2,4.5,26,https://store.is.autonavi.com/showpic/b8d92e9009f4f6950000000739052955?type=pic,116.390476,39.890228
,329,,老北京早点,牛肉,老北京早点,"陕西巷与韩家胡同交叉口东20米 | 营业时间:周一至周日 05:00-14:00,16:30-20:00 | 电话:13053446775",9.6,4.4,17,https://aos-comment.amap.com/B0G2BR96D6/comment/0FFAE327_F7CA_4896_BEE5_26076AD8C5DF_L0_001_2016_1512_1728309455385_19392556.jpg,116.389919,39.891313
,329,,聚亨楼火锅店,牛肉,聚亨楼火锅店,万明路16号(东方饭店东门) | 营业时间:周一至周日 10:00-24:00 | 电话:010-63158155;13611110795,6.2,4,91,http://store.is.autonavi.com/showpic/7b3bca8755428ed608f3fbe264beb0d5,116.389992,39.888466
,329,,老房子1918咖啡厅,生姜咖啡,老房子1918咖啡厅,北京城区万明路11号东方饭店(虎坊桥地铁站C东南口步行460米) | 营业时间:周一至周日 11:00-23:00 | 电话:010-63014466;010-83157388;13401056432,9.6,4.6,88,http://store.is.autonavi.com/showpic/59f16de0c50ba5845837cfc8d377d11e,116.389749,39.888624
,329,,徽湘私家菜(虎坊桥店),私家菜,徽湘私家菜(虎坊桥店),大栅栏街道百顺社区陕西巷66号 | 营业时间:周一至周日 10:00-22:00,9.5,3.6,36,http://store.is.autonavi.com/showpic/f017c70617c5dd40f809f86712807b66,116.389893,39.891142
,329,,老北京四季涮肉(石头胡同店),羊肉卷,老北京四季涮肉(石头胡同店),北京城区石头胡同121号 | 营业时间:周一至周日 10:30-22:30 | 电话:18600881146,3.1,4.5,80,https://aos-comment.amap.com/B0FFK2KR5Z/comment/DBFEB8C8_B71B_4AD6_9C63_7D47DCB2C1DE_L0_001_1500_2000_1735626517645_43084669.jpg,116.390414,39.890306
,329,,新丰园饭馆(陕西巷店),鱿鱼,新丰园饭馆(陕西巷店),陕西巷与万福巷交叉口南20米 | 营业时间:周一至周日 09:30-22:30 | 电话:13701119303;18515080988,4.8,4.3,69,https://store.is.autonavi.com/showpic/0e2bedec966a8c150000000722378777?type=pic,116.389907,39.89025
,330,,星巴克(富卓大厦店),三明治,星巴克(富卓大厦店),宣武门外大街28号富卓大厦一层 | 营业时间:周六至周日 06:30-17:30；周一至周五 06:30-19:00 | 电话:010-63185381,0.2,4.6,30,http://store.is.autonavi.com/showpic/e45e3a0043413101283377e6985510c9,116.37502,39.89399
,330,,渝八两重庆鸡公煲(北京富卓大厦店),小酥肉,渝八两重庆鸡公煲(北京富卓大厦店),北京城区宣武门外大街32号1幢5层501-15号 | 营业时间:周一至周日 10:00-21:00 | 电话:19568763850,6.7,4.1,70,https://store.is.autonavi.com/showpic/49c17543b32a0a9eacfb7694165ab7c3,116.374858,39.89353
,330,,瑞幸咖啡(富卓沃尔玛店),拿铁,瑞幸咖啡(富卓沃尔玛店),宣武门外大街30号沃尔玛超市一层 | 营业时间:周一至周五 07:30-21:30；周六至周日 07:30-21:00 | 电话:4000100100,7.8,4.3,13,https://store.is.autonavi.com/showpic/c287706810a95e84ab635a931ccf264d?operate=original,116.375285,39.893269
,330,,幸运食街(富卓大厦店),牛肉面,幸运食街(富卓大厦店),宣武门外大街28号富卓大厦5楼(崇光百货南) | 营业时间:周一至周日 10:00-20:00 | 电话:010-63016569,0.1,4.3,28,http://store.is.autonavi.com/showpic/a961a0d8baae7d31ca8cfe37fd3690e4,116.375118,39.893228
,330,,和合谷(富卓店),辣子鸡丁饭,和合谷(富卓店),宣武门外大街富卓商厦5层(沃尔玛楼上) | 营业时间:周一至周日 10:00-19:30 | 电话:010-83133811;4009009009,5.1,4.1,23,https://store.is.autonavi.com/showpic/f285387836f61ce70000002343724630?type=pic,116.375118,39.893228
,330,,姨母家·石锅拌饭(富卓商厦店),韩式泡菜煎饺,姨母家·石锅拌饭(富卓商厦店),宣武门外大街32号富卓商厦F1层 | 营业时间:周一至周日 10:00-21:00 | 电话:18310916935,6.2,4.2,32,https://aos-comment.amap.com/B0K2ZR0R3M/comment/B6DFFD6E_D652_46DE_AF57_BA62B9C585A1_L0_001_2016_113_1755692889017_44294697.jpg,116.375016,39.893634
,330,,老乡鸡(富卓商厦店),鸡肉,老乡鸡(富卓商厦店),北京城区宣武门外大街32号1幢5层501-14号 | 营业时间:周一至周日 10:00-21:00 | 电话:18326621521;4007661777,1.7,4.4,20,http://store.is.autonavi.com/query_pic?id=stdf876988-05b0-4853-b6aa-9275d4cd3bb1&user=search&operate=original,116.374969,39.893707
,331,,京八珍(阜成门店),八珍肘子,京八珍(阜成门店),阜成门内大街339号(阜成门地铁站B东北口步行120米) | 营业时间:周一至周日 07:00-21:30 | 电话:18519718436,7.3,4.3,33,https://aos-comment.amap.com/B0FFFAITNV/comment/20260318-06740b6ca8742491816d8bda-61YcE0zCRuA6IMrinnRkOi.jpg,116.357764,39.92387
,331,,胖子卤煮,卤煮火烧,胖子卤煮,宏大胡同28号(阜成门地铁站B东北口步行460米) | 营业时间:周一至周日 09:00-21:00 | 电话:13466686811;13611018259,0.2,4.5,56,https://aos-comment.amap.com/B000A7X1H2/comment/content_media_external_file_150892_ss__1762772894483_44762156.jpg,116.357959,39.927377
,331,,北京有术sthhere咖啡,咖啡厅,北京有术sthhere咖啡,宫门口二条14号(阜成门地铁站B东北口步行380米) | 电话:010-66495755,3.5,4.5,0,https://store.is.autonavi.com/showpic/b2be8661e8be369f0000002437104319?type=pic,116.360157,39.925217
,331,,鲁迅时光·日咖夜酒,咖啡厅,鲁迅时光·日咖夜酒,北京鲁迅博物馆南门旁(阜成门地铁站B东北口步行280米) | 营业时间:周一至周日 09:00-18:00,5.7,4.4,58,https://aos-comment.amap.com/B0J1VA627H/comment/177183048718_1771830488066_90732308.jpg,116.359048,39.925369
,331,,塔熙Cafe,奶油,塔熙Cafe,阜成门内北街与宫门口头条交叉口南40米 | 营业时间:周一至周五 10:00-19:00；周六至周日 11:00-19:00 | 电话:16600043587,8.5,4.6,65,https://aos-comment.amap.com/B0JUHYKHSP/comment/67800249_7A54_4DCC_AC79_4DA2313304E7_L0_001_2016_134_1753970140340_14234385.jpg,116.35889,39.924264
,331,,黑窑厂糖油饼(阜成门店),招牌菜,黑窑厂糖油饼(阜成门店),阜成门大街329号(阜成门地铁站B东北口步行150米) | 营业时间:周一至周日 06:00-21:00 | 电话:010-66180750,8.6,4.6,28,https://aos-comment.amap.com/B0JKY63XCW/comment/content_media_external_file_1000011682_ss__1767235801672_80846268.jpg,116.358176,39.923882
,331,,山西特色面食(阜成门内北街店),油泼面,山西特色面食(阜成门内北街店),"西二环阜成门桥阜内北街8号 | 营业时间:周一至周日 10:00-15:00,17:00-21:30 | 电话:18501361345",6.5,4.5,24,https://aos-comment.amap.com/B0FFH0213W/comment/93c5ab3ffb4bd202adb105b614495022_2048_2048_80.jpg,116.358845,39.924397
,331,,静一(白塔寺店),热干面,静一(白塔寺店),"阜内北街10.12号(阜成门地铁站B东北口步行240米) | 营业时间:周一至周日 11:00-14:30,17:00-21:30 | 电话:15646583728",8.9,4.6,80,https://aos-comment.amap.com/B0KUP1EN90/comment/D55FD7AD_71E6_40BC_A2C8_720AE9055320_L0_001_2016_151_1754714053177_18653828.jpg,116.35889,39.924181
,331,,西域阿吾(阜成门店),牛肉炒饭,西域阿吾(阜成门店),宫门口头条西域阿吾(阜成门地铁站B东北口步行170米) | 营业时间:周一至周日 10:00-23:30 | 电话:15901209375;18001183488,8.6,4.2,45,https://store.is.autonavi.com/showpic/b30ee728aed9400622e4d73ab5f9d523,116.358608,39.924719
,331,,护国寺小吃(阜成门桥店),牛肉饼,护国寺小吃(阜成门桥店),阜成门内大街349号(阜成门地铁站B东北口步行90米) | 营业时间:周一至周日 06:00-20:30 | 电话:010-66162446;13718561051,9.3,4.5,24,http://store.is.autonavi.com/showpic/d03030b88903dbb95f3aec888a040860,116.357424,39.923901
,331,,65号烤羊腿(阜成门店),特色/地方风味餐厅,65号烤羊腿(阜成门店),阜成门内大街宫门口头条65号 | 营业时间:09:00-22:00 | 电话:13126923056;18201131533,0.9,4.3,87,http://store.is.autonavi.com/showpic/53a0ef26a310b133764ecb55,116.357749,39.924732
,331,,渔芙南·湘食本味(白塔寺店),砂锅辣焗笋壳鱼,渔芙南·湘食本味(白塔寺店),"北京城区阜成门内大街313号永和大王北侧二层 | 营业时间:周一至周日 11:00-14:00,17:00-21:00 | 电话:010-83063022",9.7,4.7,120,http://store.is.autonavi.com/showpic/e00e706acffe5fc0941b795a3bf4d02d,116.35874,39.923986
,331,,肖蘸罐罐米线(阜成门店),罐罐米线,肖蘸罐罐米线(阜成门店),阜成门内大街313号(阜成门地铁站B东北口步行200米) | 营业时间:周一至周日 09:00-23:00 | 电话:010-84085488;18515873555,5.6,4.5,36,https://aos-comment.amap.com/B0L1L7EXDT/comment/content_media_external_file_1000036838_ss__1766554978156_72280883.jpg,116.358753,39.924025
,332,,福小碗,中餐厅,福小碗,芳城路与芳星路交叉口西北140米 | 营业时间:周一至周日 10:00-22:00,8.9,3.7,14,https://store.is.autonavi.com/showpic/f26b49159643331453d884a4f2e362a1,116.432389,39.869254
,332,,聚全面馆(芳城园一区店),中餐厅,聚全面馆(芳城园一区店),南二环与南二环出口交叉口西南120米 | 营业时间:周一至周日 10:00-23:00,1.7,3.8,39,https://aos-comment.amap.com/B0I136N6FJ/comment/1466935a8d9477b142a8c39d3247d1f6_2048_2048_80.jpg,116.434493,39.870071
,332,,伊蘭姑娘食府,羊肉串,伊蘭姑娘食府,北京城区芳城园一区14号楼对面 | 营业时间:周一至周日 10:00-00:30 2026-02-16至2026-02-23 10:00-00:30 | 电话:18010498628,10,4.3,56,https://store.is.autonavi.com/showpic/e1586a6226d5b3f74bf9f820483cdd9f,116.432225,39.869275
,332,,秦渝美食(左安浦园店),鱼香肉丝,秦渝美食(左安浦园店),左安门内大街75号左安浦园6号楼5单元B1层(近华润万家超市) | 营业时间:周一至周日 11:00-22:00 | 电话:13021941696,3.9,3.9,26,http://store.is.autonavi.com/showpic/0a11b79e206595db6682873ad6b31f7e,116.437625,39.872375
,334,,友家小面馆(新街口店),中餐厅,友家小面馆(新街口店),新街口南大街78号(平安里地铁站A西北口步行190米) | 营业时间:周一至周日 09:00-22:00 | 电话:13146601821,8.8,3.5,25,https://store.is.autonavi.com/showpic/bca386911c67ca8118ddc7a2a2e0b38e,116.373065,39.936131
,334,,六本木烧肉屋,双人餐,六本木烧肉屋,"北京城区新街口南大街大帽胡同内(地铁平安里站A口北行60米) | 营业时间:周一至周日 11:30-14:00,17:00-22:00 | 电话:18510381059",3.8,4.4,111,https://aos-comment.amap.com/B0FFL9MQML/comment/6b80a6c94a95d5342d4780a5e4b8ce60_2048_2048_80.jpg,116.372448,39.935657
,334,,私湘小馆,双人餐,私湘小馆,新街口149号二楼(平安里地铁站A西北口步行60米) | 营业时间:周一至周日 10:00-23:30 2026-02-14至2026-02-23 周一至周日 全天关闭 | 电话:15011408337,9.8,4.5,80,https://store.is.autonavi.com/showpic/147a852b4f37e9c50000000702678572?type=pic,116.372727,39.934945
,334,,新疆哈密餐厅,大盘鸡,新疆哈密餐厅,北京城区新街口南大街大帽胡同1号 | 营业时间:周一至周日 10:30-01:00 | 电话:13120158818,7.8,4.4,71,https://store.is.autonavi.com/showpic/840891fcb947354a0000000702672247?type=pic,116.372567,39.935663
,334,,渝湘小菜馆(新街口店),水煮鱼,渝湘小菜馆(新街口店),新街口南大街大帽胡同1号(平安里地铁站A西北口步行170米) | 营业时间:周一至周日 11:00-22:30 | 电话:010-66160945,9.3,4.1,60,https://store.is.autonavi.com/showpic/70790050743029d10000000702654066?type=pic,116.372585,39.935779
,334,,门框胡同涮肉(护国寺店),涮肉,门框胡同涮肉(护国寺店),北京城区新街口南大街137号甲(平安里地铁站A西北口步行100米) | 营业时间:周一至周日 10:00-22:00 | 电话:13269125653,9,4.4,82,https://store.is.autonavi.com/showpic/11f149b0095504ef38f8a77854890452,116.372691,39.935445
,334,,鸭川食堂(新街口店),烤鳗鱼,鸭川食堂(新街口店),"北京城区大帽胡同1号(平安里地铁站A西北口步行180米) | 营业时间:周一至周日 11:30-14:00,17:00-22:00 2026-02-15至2026-02-23 周一至周日 全天关闭 | 电话:18610897769;18646565913",1.1,4.6,140,https://aos-comment.amap.com/B0FFMHLEU0/comment/0898693f5639788b825c7e83e39ec6ac_2048_2048_80.jpg,116.372452,39.935805
,334,,顺满胶东小海鲜烧烤(护国寺分店),特色烤生蚝,顺满胶东小海鲜烧烤(护国寺分店),新街口南大街150号(地铁4号线平安里站B口) | 营业时间:周一至周日 11:00-04:00 | 电话:010-66028828;18856555152,3.1,4.4,76,https://aos-comment.amap.com/B0FFHEYNSE/comment/f84dfa36b7b22123690e78241d019cf6_2048_2048_80.jpg,116.373209,39.93523
,334,,川嫂麻辣烫(北京平安里总店),麻辣烫,川嫂麻辣烫(北京平安里总店),护国寺大帽胡同2号(近三千里烤肉城) | 营业时间:周一至周日 10:00-22:00 | 电话:010-66112286;13520452871;13520715068,2.3,4.3,40,https://aos-comment.amap.com/B000A8X7UL/comment/content_media_external_file_1138_1751285393351_45326319.jpg,116.372262,39.935709
,335,,渔蓝海鲜火锅(首都宾馆店),双人餐,渔蓝海鲜火锅(首都宾馆店),首都宾馆A座一层大堂吧东北角 | 营业时间:周一至周日 16:30-21:30 | 电话:010-58159566,1.7,4.6,163,https://aos-comment.amap.com/B0JRZGS12N/comment/982239bae377647ec1abd48304e1a1e9_2048_2048_80.jpg,116.409635,39.902001
,335,,良苑烤鸭店(前门店),宫保鸡丁,良苑烤鸭店(前门店),"前门东大街14号楼前 | 营业时间:11:00-21:00,2026年春节期间07:00-09:30；10:30-21:00 | 电话:010-65122322",7.6,4.5,80,https://aos-comment.amap.com/B000A7C192/comment/5B6F0744_4E23_4727_BFA1_4FF00A1CB9F2_L0_001_2000_150_1760867253847_38700077.jpg,116.408677,39.900407
,335,,食鼎轩烤鸭·私房菜(北京王府井台基厂大街店),家常菜,食鼎轩烤鸭·私房菜(北京王府井台基厂大街店),"台基厂大街10-1号 | 营业时间:周一至周日 09:30-14:00,16:30-21:30 2026-05-01至2026-05-05 周一至周日 09:30-14:00,16:30-21:30 | 电话:010-63445868;18519118048",0.9,4.6,70,https://aos-comment.amap.com/B0KGRMA21S/comment/content_media_external_file_100003357_1767011828140_18373911.jpg,116.411861,39.903494
,335,,北京隆和居美食城(正义路店),干锅千页豆腐,北京隆和居美食城(正义路店),东华门街道正义路8号(原市政府斜对面) | 营业时间:周一至周日 10:00-22:30 | 电话:010-65263265;13520777900,0.2,4.4,73,https://store.is.autonavi.com/showpic/72fbdf46904d9ac20000002152518124?type=pic,116.406444,39.903414
,335,,松鹤楼(台基厂店),松鼠桂鱼,松鹤楼(台基厂店),"北京城区台基厂大街10号(东郊民巷小学旁) | 营业时间:周一至周日 11:00-14:00,17:00-21:00 2026-02-17至2026-02-23 周一至周日 11:00-14:00,16:30-21:00 | 电话:010-65278195;010-65279255",3.4,4.5,153,http://store.is.autonavi.com/query_pic?id=st4e59a81c-8dd5-4876-9cdf-1e3afe32ebe2&user=search&operate=original,116.411839,39.903469
,335,,君庭中餐厅(首都宾馆店),牛肉,君庭中餐厅(首都宾馆店),"前门东大街3号首都宾馆东北门门房 | 营业时间:周一至周日 11:00-14:00,17:00-21:00 | 电话:010-58159788",4,4.4,213,https://aos-comment.amap.com/comment/content_service__1771506306909_36408294_1771506354089_05149994.jpg,116.408956,39.902119
,335,,奥华餐厅老张记(台基厂店),虾仁独面筋,奥华餐厅老张记(台基厂店),北京城区台基厂大街18-3号 | 营业时间:周一至周日 10:30-21:30 | 电话:010-65129289;010-65244021,3.6,4.6,62,http://store.is.autonavi.com/showpic/a44d4745fdde65bc76e850f893a9937b,116.411937,39.902869
,336,,COFFEE CRAFT·CC咖啡馆(长河湾店),coffee,COFFEE CRAFT·CC咖啡馆(长河湾店),北京城区高梁桥斜街59号长河湾小区2号楼底商108号 | 营业时间:周一至周日 09:00-20:00 2026-02-17至2026-02-18 周一至周日 全天关闭 | 电话:13601240409,7.5,4.5,46,https://store.is.autonavi.com/showpic/70cced123c0d04490000000725066601?type=pic,116.348484,39.944382
,336,,潮阳舫中餐厅(西直门),东坡肘子,潮阳舫中餐厅(西直门),"西直门外大街135号院4 | 营业时间:周一至周日 11:00-14:00,17:30-21:00 | 电话:010-68316633",4.7,4.1,116,https://aos-comment.amap.com/B000A82STT/comment/89ae20198ac0505e2f710490b524ed76_2048_2048_80.jpg,116.34698,39.941541
,337,,庆丰包子铺(大栅栏商业街店),中餐厅,庆丰包子铺(大栅栏商业街店),大栅栏街34号 | 营业时间:周一至周日 05:30-22:00,4.3,4.3,24,https://aos-comment.amap.com/B0K0TZTEA9/comment/content_media_external_file_1000038407_ss__1768193988952_23826133.jpg,116.395507,39.895784
,337,,前门五爷涮肉(北京首店),撒尿牛丸,前门五爷涮肉(北京首店),北京城区大栅栏街39号 | 营业时间:周一至周日 10:00-23:00 | 电话:18610561639,2,4.3,74,https://store.is.autonavi.com/showpic/b60ddb38193244a80000000734002199?type=pic,116.395126,39.895868
,337,,新成炸酱面馆(大栅栏总店),杂酱面,新成炸酱面馆(大栅栏总店),大栅栏街30号大栅栏新成削面馆 | 营业时间:周一至周日 06:00-23:30 | 电话:18734769764,7,4.4,50,https://store.is.autonavi.com/showpic/90e5660926d906d50000002432650689?type=pic,116.39585,39.8958
,337,,烤肉刘.清真老北京炙子烤肉(前门大栅栏一店),沙葱羊肉,烤肉刘.清真老北京炙子烤肉(前门大栅栏一店),大栅栏街41号 | 营业时间:周一至周日 09:30-02:00 | 电话:13144559113,7.2,4.5,73,https://store.is.autonavi.com/showpic/0928351caf65a60abc3dbaf56b296eba,116.394784,39.895857
,337,,御膳坊·四季涮肉(前门总店),涮肉,御膳坊·四季涮肉(前门总店),大栅栏街33号二层(大观楼影院正对面) | 营业时间:周一至周日 10:00-23:00 | 电话:010-83166183;18568676306,2.9,4,103,https://aos-comment.amap.com/B0FFG7FS92/comment/aa7ffbc6d8d03cca0cac8fc7afd11da8_2048_2048_80.jpg,116.395257,39.895869
,337,,尹三豆汁(大栅栏41号店),面茶,尹三豆汁(大栅栏41号店),北京城区大栅栏41号1层 | 营业时间:周一至周日 06:00-21:30 | 电话:010-63153860,9.6,4.7,28,https://aos-comment.amap.com/B0KRJUBFIO/comment/A0A49E74_FEAF_4146_A10C_5A2AB7FBDB28_L0_001_1536_204_1766053033558_55652825.jpg,116.394792,39.895848
,337,,四季民福烤鸭店(前门大栅栏店),香酥烤鸭,四季民福烤鸭店(前门大栅栏店),前门大栅栏街18号(1796商场二层同仁堂东侧) | 营业时间:周五至周日 10:30-22:30；周一至周四 10:30-21:30 | 电话:010-63158211;13021293012,2.2,4.8,134,http://store.is.autonavi.com/query_pic?id=st59c23194-2049-497b-ab1e-b8f9371fcc9b&user=search&operate=original,116.396582,39.89577
,339,,渔蓝海鲜火锅(首都宾馆店),双人餐,渔蓝海鲜火锅(首都宾馆店),首都宾馆A座一层大堂吧东北角 | 营业时间:周一至周日 16:30-21:30 | 电话:010-58159566,2.5,4.6,163,https://aos-comment.amap.com/B0JRZGS12N/comment/982239bae377647ec1abd48304e1a1e9_2048_2048_80.jpg,116.409635,39.902001
,339,,良苑烤鸭店(前门店),宫保鸡丁,良苑烤鸭店(前门店),"前门东大街14号楼前 | 营业时间:11:00-21:00,2026年春节期间07:00-09:30；10:30-21:00 | 电话:010-65122322",8.3,4.5,80,https://aos-comment.amap.com/B000A7C192/comment/5B6F0744_4E23_4727_BFA1_4FF00A1CB9F2_L0_001_2000_150_1760867253847_38700077.jpg,116.408677,39.900407
,339,,食鼎轩烤鸭·私房菜(北京王府井台基厂大街店),家常菜,食鼎轩烤鸭·私房菜(北京王府井台基厂大街店),"台基厂大街10-1号 | 营业时间:周一至周日 09:30-14:00,16:30-21:30 2026-05-01至2026-05-05 周一至周日 09:30-14:00,16:30-21:30 | 电话:010-63445868;18519118048",5.8,4.6,70,https://aos-comment.amap.com/B0KGRMA21S/comment/content_media_external_file_100003357_1767011828140_18373911.jpg,116.411861,39.903494
,339,,北京隆和居美食城(正义路店),干锅千页豆腐,北京隆和居美食城(正义路店),东华门街道正义路8号(原市政府斜对面) | 营业时间:周一至周日 10:00-22:30 | 电话:010-65263265;13520777900,6.9,4.4,73,https://store.is.autonavi.com/showpic/72fbdf46904d9ac20000002152518124?type=pic,116.406444,39.903414
,339,,松鹤楼(台基厂店),松鼠桂鱼,松鹤楼(台基厂店),"北京城区台基厂大街10号(东郊民巷小学旁) | 营业时间:周一至周日 11:00-14:00,17:00-21:00 2026-02-17至2026-02-23 周一至周日 11:00-14:00,16:30-21:00 | 电话:010-65278195;010-65279255",0.8,4.5,153,http://store.is.autonavi.com/query_pic?id=st4e59a81c-8dd5-4876-9cdf-1e3afe32ebe2&user=search&operate=original,116.411839,39.903469
,339,,君庭中餐厅(首都宾馆店),牛肉,君庭中餐厅(首都宾馆店),"前门东大街3号首都宾馆东北门门房 | 营业时间:周一至周日 11:00-14:00,17:00-21:00 | 电话:010-58159788",7.2,4.4,213,https://aos-comment.amap.com/comment/content_service__1771506306909_36408294_1771506354089_05149994.jpg,116.408956,39.902119
,339,,奥华餐厅老张记(台基厂店),虾仁独面筋,奥华餐厅老张记(台基厂店),北京城区台基厂大街18-3号 | 营业时间:周一至周日 10:30-21:30 | 电话:010-65129289;010-65244021,8.9,4.6,62,http://store.is.autonavi.com/showpic/a44d4745fdde65bc76e850f893a9937b,116.411937,39.902869
,340,,老诚伊(牛街总店),全家福锅,老诚伊(牛街总店),北京城区牛街20-22号商业楼1层 | 营业时间:周一至周日 10:30-22:30 | 电话:010-67883556;13401016417,1.6,4.5,94,http://store.is.autonavi.com/showpic/36226c26c7d29049f38e320f3dd61a9b,116.363971,39.883736
,340,,紫光园(北京总店),双人餐,紫光园(北京总店),牛街春风社区牛街8号楼 | 营业时间:【特殊】2026-02-10至2026-02-22 06:00-10:00；10:30-22:00 | 电话:010-63525711,2.1,4.7,60,http://store.is.autonavi.com/query_pic?id=stc56029d4-8f36-4428-b61d-aded6ac2fe6d&user=search&operate=original,116.364055,39.883533
,340,,鸦儿李记·清真烤鸭(牛街店),双人餐,鸦儿李记·清真烤鸭(牛街店),牛街11-3号 | 营业时间:周一至周日 11:00-22:00 | 电话:010-83212120,5.9,4.6,92,https://store.is.autonavi.com/showpic/2a6ba5d71257d0b40000000800960937?type=pic,116.363385,39.884826
,340,,牛牛面包&咖啡,堂食,牛牛面包&咖啡,牛街与沙栏胡同交叉口东北40米 | 营业时间:周一至周日 08:30-20:30 | 电话:16601396159,9.6,4.5,34,https://aos-comment.amap.com/B0L6D6OSLI/comment/content_media_external_images_media_1000023854_ss__1738308780743_02617163.jpg,116.363968,39.884735
,340,,鲜肉铺里涮羊肉,涮羊肉,鲜肉铺里涮羊肉,牛街11-3圣芳商厦,8.6,3.2,0,https://store.is.autonavi.com/showpic/cd4c65627cf37950c65e9b9bc7e5c76e,116.363393,39.88506
,340,,老城一锅羊蝎子(牛街店),火锅店,老城一锅羊蝎子(牛街店),牛街11号楼 | 营业时间:周一至周日 00:00-24:00,6.9,4.1,74,https://aos-comment.amap.com/B0L2XHXY0A/comment/F5417DAF_9031_4F4E_A6B6_68124E8A8320_L0_001_1512_201_1761190329221_72658423.jpg,116.363346,39.885091
,340,,丝路伊兰(牛街总店)兰州牛肉面·清真,酸奶界的爱马仕,丝路伊兰(牛街总店)兰州牛肉面·清真,北京城区牛街11号圣芳大厦底商 | 营业时间:周一至周日 06:00-24:00 | 电话:15618858750,9,4.6,25,http://store.is.autonavi.com/showpic/dad82c7c3bf301600ac2a90d7adb44f4,116.363384,39.884961
,340,,狄记门钉肉饼(牛街店),门钉肉饼,狄记门钉肉饼(牛街店),牛街西里二区8号楼底商 | 营业时间:周一至周日 09:00-22:00 | 电话:13260116128,4.6,4.6,35,https://aos-comment.amap.com/B0LGC5TX96/comment/file_media_Photo_1722_IMG_1756022274_1565_IMG_20250824_155614_jpg_ss_2.jpg,116.363343,39.884321
,340,,清真·鸦儿李记·涮肉(牛街店),麻酱糖饼,清真·鸦儿李记·涮肉(牛街店),牛街11号1层101-103、2层201-203、205-216 | 营业时间:周一至周日 11:00-22:00 | 电话:010-60865685,1,4.7,78,http://store.is.autonavi.com/showpic/91d0757fcf95b69534fe9abc1c3c8c06,116.363386,39.88493
,345,,德记小馆(华利佳合德胜门酒店店),中餐厅,德记小馆(华利佳合德胜门酒店店),德胜门西顺城街与德胜门桥交叉口西南20米 | 营业时间:周一至周日 09:00-21:00 | 电话:15133225638,8.2,4.2,58,https://store.is.autonavi.com/showpic/f50d08778c65186d2f4284ac1829a150,116.377325,39.948425
,345,,库迪咖啡(德胜新安大厦店),云顶慕斯新品,库迪咖啡(德胜新安大厦店),德胜门新安大厦1层大堂 | 营业时间:周一至周五 07:30-18:00；周六至周日 08:00-18:00 | 电话:17811592845,4.1,3.9,12,https://store.is.autonavi.com/showpic/7b0db620ddccbe9ff42ce59100617216?operate=original?operate=original?operate=original?operate=original,116.380303,39.951622
,345,,DOzzZe豆仔,奶咖,DOzzZe豆仔,冰窖口胡同与敞风胡同交叉口西40米 | 营业时间:周一至周五 08:00-20:00；周六至周日 10:00-20:00 2026-02-17至2026-02-23 周一至周日 12:00-18:00 | 电话:16601206379,4.4,4.6,49,https://aos-comment.amap.com/B0IRVSS46N/comment/content_media_external_images_media_1000007735_ss__1736775576906_77296586.jpg,116.377027,39.951261
,345,,清真刘记爆肚,涮肉,清真刘记爆肚,"鼓楼西大街206号 | 营业时间:周一 16:30-22:00；周二至周日 10:00-14:00,16:30-22:00 | 电话:010-88597070",1.6,4.5,88,https://store.is.autonavi.com/showpic/e33faa28ba7b2185d3022639b022de76,116.380966,39.947846
,345,,兰州牛肉面,清真菜馆,兰州牛肉面,德胜门内大街与鼓楼西大街交叉口南40米,9.3,3.3,33,https://store.is.autonavi.com/showpic/5fc94e813c9c602c2e654769f921539a,116.380159,39.947783
,345,,隐肴轩,炒饭,隐肴轩,"德胜门外大街127号 | 营业时间:周一至周日 11:00-14:30,17:30-22:30 | 电话:17610927712",8.7,4.5,113,https://aos-comment.amap.com/B0J2O7MCSA/comment/20260314-a47b29f3ea1f8d0ddfb46747-3YyBLwDQkCq5aiK0VeMHrC.jpg,116.378652,39.951742
,345,,鼎香润,猪蹄,鼎香润,德胜门内大街36号 | 营业时间:周一至周日 11:00-21:30 2026-05-01至2026-05-05 周一至周日 11:00-21:30 | 电话:13701160186;13901136806,0.4,4.7,66,http://store.is.autonavi.com/showpic/5ac3358fa6d7a42a16368c418a41b5d6,116.380111,39.947191
,345,,德成永顺清真兰州拉面(德胜门内大街店),羊肉串,德成永顺清真兰州拉面(德胜门内大街店),德胜门内大街8号 | 营业时间:周一至周日 00:00-24:00 | 电话:13121764587,9.2,4.5,35,https://store.is.autonavi.com/showpic/d927b8ed428481e60000001573852115?type=pic,116.380159,39.947784
,348,,陶陶居酒家(中国医学科学院医药生物技术研究所5号楼店),肠粉,陶陶居酒家(中国医学科学院医药生物技术研究所5号楼店),南纬路2号院内(近医学科学院) | 营业时间:周一至周日 10:30-21:00 | 电话:010-63012396,6.9,4.1,147,https://aos-comment.amap.com/B000A84FXI/comment/EC56769C_15E2_450D_B76C_81140FB3DE81_L0_001_1080_1440__1660292868719_8c75313b.jpg,116.395532,39.878948
,348,,富力智选假日酒店-餐厅,豆腐脑,富力智选假日酒店-餐厅,"南纬路36号北京前门富力智选假日酒店2层 | 营业时间:周一至周五 06:30-10:00,11:30-13:30,18:00-21:00；周六至周日 06:30-10:30,11:30-13:30,18:00-21:00 | 电话:010-83157777",2.7,4.3,88,https://aos-comment.amap.com/B0FFFF49S9/comment/content_media_external_file_5973_ss__1767492911190_02873031.jpg,116.39081,39.880221
,349,,泛亚咖啡(北京大观园店),三明治,泛亚咖啡(北京大观园店),菜园街甲35号1幢01号泛亚咖啡 | 营业时间:周一至周日 08:00-18:00 | 电话:010-83518883;15010256142,8.8,4.4,31,https://aos-comment.amap.com/B0JAV5UCFN/comment/content_media_external_file_14197_1772937877811_06027715.jpg,116.353525,39.873374
,349,,小鲜羊单县羊汤(右安门内西街店),中餐厅,小鲜羊单县羊汤(右安门内西街店),北京城区北京城区右安门内西大街6号 | 营业时间:周一至周日 06:00-03:00 | 电话:010-68058898;17611387781,7.4,4.4,45,https://aos-comment.amap.com/B0LABR2MQQ/comment/6DD576B3_D2B9_4536_9B6F_2CE7AA7759F5_L0_001_1290_82_1763939290039_08140893.jpg,116.360474,39.872942
,349,,山西刀削面,中餐厅,山西刀削面,右安门内西街甲十号院内,3.5,3.2,29,https://store.is.autonavi.com/showpic/74b9ef910ac3cd4469c80b84805901db,116.359725,39.871675
,349,,京味人家面条盖饭,京酱肉丝,京味人家面条盖饭,"迎春里小区南门东80米 | 营业时间:周一至周日 10:30-14:00,16:30-22:00 2026-02-13至2026-02-27 周一至周日 全天关闭 | 电话:13311172407;13651078428",5.6,4.4,54,https://aos-comment.amap.com/B000A84F78/comment/content_media_external_images_media_1000121351_ss__1731134423933_98761786.jpg,116.359943,39.872926
,349,,鑫鑫涮肉,山药,鑫鑫涮肉,"右安门内西街社区甲10号院附近 | 营业时间:周一至周日 11:00-14:30,16:30-22:00 2026-02-16至2026-02-18 周一至周日 全天关闭 | 电话:010-63522696;18301174034",5.2,4.5,101,https://aos-comment.amap.com/B0FFFAI51X/comment/content_media_external_images_media_8040_ss__1742038100749_92805742.jpg,116.360141,39.872942
,349,,金山烧烤(右安门内西街店),烤串,金山烧烤(右安门内西街店),右安门内西街6号 | 营业时间:周一至周日 17:00-24:00 | 电话:15811162153,7.2,4.4,96,http://store.is.autonavi.com/showpic/3ed2aa9707eff8c187cf75091f1c7049,116.360675,39.872942
,349,,锦州烧烤(右安门内西街店),烤面筋,锦州烧烤(右安门内西街店),右安门内西街甲6号-3 | 营业时间:周一至周日 09:30-22:00 | 电话:18210042291,0.9,3.7,51,https://store.is.autonavi.com/showpic/f85b220134e306d20000002460212105,116.360525,39.872925
,349,,南来顺饭庄,艾窝窝,南来顺饭庄,"南菜园街12-1-1号 | 营业时间:周一至周五 10:00-14:00,16:30-21:00；周六至周日 10:00-14:30,16:30-21:00 | 电话:010-63534720;010-63587697;15811428895",9.3,4.6,62,http://store.is.autonavi.com/showpic/263f5cd7eaeaedc1014b446293a0b869,116.354337,39.870908
,349,,河套味道土菜馆(北电大厦店),铁锅焖面,河套味道土菜馆(北电大厦店),南菜园街2号北电大厦F1层 | 营业时间:周一至周日 09:00-21:00 | 电话:010-63551818,8.4,4.1,113,https://aos-comment.amap.com/B0KDL79MOB/comment/20260225-a47b29f3ea1f8d0ddfb46747-7OlK9r7MsZJAvxu7Mk6C0y.jpg,116.353649,39.874988
,351,,mountain coffee,coffee,mountain coffee,银锭桥甲12号 | 营业时间:周一至周日 12:00-21:00 | 电话:13581910376,3.3,4,25,https://aos-comment.amap.com/comment/content_service__1769574100025_93064496_1769574128296_24489482.jpg,116.393699,39.938652
,351,,一家面馆(大金丝胡同店),一碗面,一家面馆(大金丝胡同店),银锭桥胡同5号天地缘酒吧后门 | 营业时间:周一至周日 09:30-22:30 | 电话:010-83280268,8.4,3.9,57,http://store.is.autonavi.com/showpic/cd738e393ee0237a3fd8f91ef7858329,116.393189,39.938795
,351,,传古老北京冰糖葫芦,中餐厅,传古老北京冰糖葫芦,地安门外大街48号烟袋斜街,1,3.6,0,https://store.is.autonavi.com/showpic/092be515064525deec0abdc33a2e2062,116.393484,39.938831
,351,,北京风味驴打滚(地安门商场店),中餐厅,北京风味驴打滚(地安门商场店),银锭桥胡同与后海南沿交叉口西南20米,6.3,3.3,65,https://aos-comment.amap.com/B0JKZHF7LZ/comment/content_media_external_images_media_1000029149_ss__1772189068679_48363955.jpg,116.393275,39.938875
,351,,吃盔是福,中餐厅,吃盔是福,小石碑胡同与后海北沿交叉口北20米,5.2,2.2,0,,116.393475,39.939175
,351,,牛街纯羊肉大串,中餐厅,牛街纯羊肉大串,烟袋斜街与小石碑胡同交叉口东南40米,0.9,3.5,28,https://store.is.autonavi.com/showpic/2c44601f880fa7e9d78d0e21b2b18f66,116.393948,39.939056
,351,,聚德华天烤肉季·宴会厅(什刹海总店),中餐厅,聚德华天烤肉季·宴会厅(什刹海总店),地安门外大街前海东沿14号 | 营业时间:周一至周日 11:00-21:30 | 电话:13521516854,7.2,4.5,316,https://aos-comment.amap.com/B0L0JSFE81/comment/29C8F0C8_1AC4_44A6_896B_1073DA743966_L0_001_1500_200_1766698152465_62398574.jpg,116.39398,39.939019
,351,,银锭桥头(烟袋斜街店),中餐厅,银锭桥头(烟袋斜街店),什刹海冰场后海综合区3号入口东420米 | 营业时间:周一至周日 10:00-22:00,2.3,4.4,148,http://store.is.autonavi.com/showpic/b8318fc825641885e27bde5483bb98f4,116.393013,39.938942
,351,,锅盔先生(地安门商场店),中餐厅,锅盔先生(地安门商场店),小石碑胡同与后海北沿交叉口北20米,3.1,3,16,http://store.is.autonavi.com/showpic/5a38529e7b42ccbcb44a742587b4d97a,116.393466,39.939191
,351,,平安锅贴(烟袋斜街店),双人餐,平安锅贴(烟袋斜街店),烟袋斜街73号(什刹海地铁站A2西北口步行280米) | 营业时间:周一至周日 10:00-22:00 2026-05-01至2026-05-05 周一至周日 10:00-22:00 | 电话:13811887021,6.6,4.5,40,https://aos-comment.amap.com/B0J1BKL2BA/comment/content_media_external_file_150913_ss__1769085008612_36810178.jpg,116.39379,39.939382
,351,,庆云楼饭庄,干炸小丸子,庆云楼饭庄,"什刹海街道前海东沿22号 | 营业时间:周一至周五 11:00-14:30,17:00-21:00；周六至周日 11:00-21:00 2026-02-17至2026-02-23 周一至周日 10:00-21:00 | 电话:010-64019581;010-64021663",8.6,4.5,120,https://aos-comment.amap.com/B0FFHR03EJ/comment/35313566_520C_44F9_BB37_CAA089D6E8D9_L0_001_1170_154_1769618582782_30747047.jpg,116.394034,39.939002
,351,,清真·鸦儿李记·涮肉(什刹海店),手切羊肉,清真·鸦儿李记·涮肉(什刹海店),前海东延2号(什刹海地铁站A2西北口步行330米) | 营业时间:周一至周日 11:00-22:00 | 电话:16600070802,6.6,4.8,111,http://store.is.autonavi.com/showpic/2e31608f2ea53d4b6e5762d0b3b915ca,116.393695,39.939095
,351,,南门涮肉(后海店),手切鲜羊肉,南门涮肉(后海店),南官房胡同1号 | 营业时间:周一至周五 10:30-23:00；周六至周日 10:00-23:00 | 电话:010-83227033;18519319910,6.7,4.8,105,http://store.is.autonavi.com/showpic/b7d3b552a183cb1627697c8094e366a6,116.393887,39.93805
,351,,后海捞老北京铜锅涮肉(银锭桥店),火锅店,后海捞老北京铜锅涮肉(银锭桥店),银锭桥胡同与北官房胡同交叉口西北20米,8.4,3.7,90,https://store.is.autonavi.com/showpic/7fbe71bd27abc0b490b75511ae456a69,116.393225,39.938825
,351,,老北京炸酱面(银锭桥胡同店),火锅店,老北京炸酱面(银锭桥胡同店),前海北沿4号(什刹海地铁站A2西北口步行270米) | 营业时间:周一至周日 10:00-22:00,2,3.7,35,https://store.is.autonavi.com/showpic/5d744a4ddb91fe0fbbae61e8af989d6b,116.393243,39.93887
,351,,烤肉季饭庄,烤羊肉,烤肉季饭庄,前海东沿路14号 | 营业时间:周一至周日 10:30-22:00 | 电话:010-64042554;010-64069719,7.6,4.6,110,http://store.is.autonavi.com/showpic/aedf074ae2d907fab1c6854ac9336cc8,116.393969,39.939033
,351,,东华门小吃,皇城根炸酱面,东华门小吃,前海东沿10号(什刹海地铁站A2西北口步行200米) | 营业时间:周一至周日 10:00-22:00 2026-02-16至2026-02-16 周一 全天关闭 | 电话:13120315289,7.7,4.6,35,https://aos-comment.amap.com/B0KRPUPRCJ/comment/content_media_external_images_media_1000054076_ss__1733579549883_16202533.jpg,116.393764,39.939101
,351,,清真?鸦儿李记?小馆(后海店),羊杂汤,清真?鸦儿李记?小馆(后海店),"北京城区鸦儿胡同甲2号店(什刹海地铁站A2西北口步行380米) | 营业时间:周一至周日 05:30-09:30,11:00-21:30 | 电话:010-64031635",1.1,4.7,45,http://store.is.autonavi.com/showpic/175214a08fa43f38809af42159a7a39a,116.393101,39.939526
,351,,爆肚张,肚仁,爆肚张,什刹海前海东沿17号(银锭桥南) | 营业时间:周一至周日 11:00-21:00 | 电话:010-64057412,7.1,4.5,53,http://store.is.autonavi.com/showpic/210674b53f43f9c99db33dd9fab0ab62,116.39469,39.938761
,351,,后海十六号?北京私房菜(银锭桥分店),茶香虾,后海十六号?北京私房菜(银锭桥分店),"后海大金丝胡同4号银锭桥南100米 | 营业时间:周一至周日 11:00-14:00,17:00-22:00 | 电话:010-83226461;18511139527",8.7,4.5,150,http://store.is.autonavi.com/showpic/160cb2a9022e7a8b21db3d26a5e470c3,116.393078,39.938211
,351,,小七家的铜锣烧(烟袋斜街店),铜锣烧,小七家的铜锣烧(烟袋斜街店),小石碑胡同与烟袋斜街交叉口西20米 | 营业时间:周一至周日 10:00-22:00,2.6,3.6,18,,116.393564,39.93931
,351,,九榀咖啡(银锭桥店),鲜奶拿铁,九榀咖啡(银锭桥店),北京城区龙头井街15号 | 营业时间:周一至周日 11:00-19:00 | 电话:15701288728,0.3,4.4,42,https://store.is.autonavi.com/showpic/eebf7b1ac3e9ba16a542ab1099c45cb8,116.394004,39.939807
,352,,漫咖啡MAAN COFFEE(西单钟声胡同店),coffee,漫咖啡MAAN COFFEE(西单钟声胡同店),钟声胡同23号(西单地铁站C东北口步行210米) | 营业时间:周一至周日 07:30-20:00 | 电话:15901281610,7.8,4.4,22,http://store.is.autonavi.com/query_pic?id=std94bcd24-5c27-41b9-8264-483081dff6c1&user=search&operate=original,116.377821,39.909468
,352,,kVerse咖啡,咖啡厅,kVerse咖啡,北新华街与小六部口胡同交叉口北20米,9.1,3.5,0,https://store.is.autonavi.com/showpic/d029b41416dc91cb7089febbd07d3dce,116.382937,39.906012
,352,,北京图书大厦·咖啡厅,咖啡厅,北京图书大厦·咖啡厅,西单北大街176号西单商业街(西单地铁站C东北口旁) | 营业时间:周一至周日 09:00-22:00,1.5,3.9,29,http://store.is.autonavi.com/showpic/f0bd9f3fde6fb17a9b3d8366ee136057,116.377775,39.908225
,352,,无韵诗咖啡(北京西单店),咖啡厅,无韵诗咖啡(北京西单店),北新华街14号 | 营业时间:周一至周日 10:00-18:30 2026-02-15至2026-02-23 周一至周日 全天关闭 | 电话:15510781502,1.3,4.6,40,https://aos-comment.amap.com/B0LGZ5UH1S/comment/5B6669E9_792D_46FF_9E37_CE7865F64F49_L0_001_2048_153_1768631264899_41305054.jpg,116.382937,39.905996
,352,,最重庆?江湖菜?烤鱼,江湖菜,最重庆?江湖菜?烤鱼,西长安街街道钟声胡同28号图书大厦东侧北150米 | 营业时间:周一至周日 16:30-01:00 | 电话:15611293138,8.7,4.3,73,https://store.is.autonavi.com/showpic/6cf268861d1dc6ba0000002460584545?type=pic,116.377959,39.909675
,352,,西单翅酷(西单店),烤翅微辣,西单翅酷(西单店),"北京城区钟声胡同15号(西单地铁站C东北口步行240米) | 营业时间:周一至周日 11:00-14:00,17:00-23:30 | 电话:010-66012510;010-66032605;13552265511",7,4.5,66,https://aos-comment.amap.com/B000A81JH9/comment/CB43DB9E_0309_4DEB_8D1C_5A8735499DBF_L0_001_1276_1702__1661480006222_c2da3b28.jpg,116.377799,39.909717
,352,,川湘家常菜(西单店),特色菜,川湘家常菜(西单店),大六部口街13号(西单地铁站D东南口步行480米) | 营业时间:周一至周日 09:30-23:30 2026-02-15至2026-02-24 周一至周日 全天关闭 | 电话:010-66038022;13691538316,7.3,4.5,56,https://aos-comment.amap.com/B000A804BA/comment/20260322-0d5fba9e4952fb4983d8504d-9qUCDzmEntx6282mrivW7i.jpg,116.381447,39.906086
,352,,京城第一羯(西单店),老北京羊蝎子,京城第一羯(西单店),北京城区大六部口街8号 | 营业时间:周一至周日 09:30-23:30 | 电话:010-68868613,8.6,4.5,91,https://aos-comment.amap.com/B0KKBHJBGR/comment/content_media_external_file_100005113_1770177393063_78116596.jpg,116.381577,39.90612
,353,,Grid Coffee(北京老佛爷店),coffee,Grid Coffee(北京老佛爷店),北京城区西单北大街110号老佛爷百货商场L3-3.57商铺 | 营业时间:周一至周五 07:30-21:00；周六至周日 10:00-21:00 | 电话:17813654063,7.2,4.4,33,https://aos-comment.amap.com/B0J165YC7R/comment/74de58250fc1b52559e56c424a5519cc_2048_2048_80.jpg,116.37435,39.913948
,353,,亘古楼老北京家常菜,家常菜,亘古楼老北京家常菜,东槐里胡同与背阴胡同交叉口西南60米,2,3,0,,116.375325,39.912825
,353,,绿茶餐厅(西单老佛爷店),小锅土豆,绿茶餐厅(西单老佛爷店),西单北大街110号巴黎老佛爷百货五层 | 营业时间:周一至周日 10:00-22:00 | 电话:010-87876199;18888833174,3.2,4.6,150,http://store.is.autonavi.com/query_pic?id=stdcc12055-8642-4c5c-ad45-41aa171d70c3&user=search&operate=original,116.375178,39.913936
,353,,星巴克(老佛爷百货店),拿铁,星巴克(老佛爷百货店),北京城区西单北大街110号楼巴黎老佛爷百货F2层L2-2.23号 | 营业时间:周一至周日 10:00-22:00 | 电话:010-63211220,5,4.6,30,http://store.is.autonavi.com/showpic/e45e3a0043413101283377e6985510c9,116.374346,39.913929
,353,,川渝美食·烤鱼(背阴胡同店),烤鱼,川渝美食·烤鱼(背阴胡同店),北京城区背阴胡同甲30号 | 营业时间:周一至周日 09:30-24:00 | 电话:010-66085281;13683582998;15510696139,0.5,4.3,60,http://store.is.autonavi.com/showpic/9f0a107193128189f9513056ebbf2d70,116.376267,39.9131
,353,,卤校长重庆火锅(北京总店),牛肉,卤校长重庆火锅(北京总店),"北京城区西单北大街110号老佛爷百货F5层 | 营业时间:周五至周六 11:00-23:00；周一至周四,周日 11:00-22:00 | 电话:010-66058177",3.4,4.7,138,http://store.is.autonavi.com/query_pic?id=st9f6d11d1-96e3-4c1e-98c1-f9969184fd97&user=search&operate=original,116.375405,39.91425
,353,,新疆特色米粉(西单商业街店),鸡肉,新疆特色米粉(西单商业街店),"北京城区西单北大街背阴胡同32号 | 营业时间:周一至周五 11:30-14:00,17:00-20:00；周六至周日 12:00-20:30 | 电话:15611307738",4.6,4.5,50,https://aos-comment.amap.com/B000AA56DR/comment/98e2f81974480cd4b4f934f938386a7c_2048_2048_80.jpg,116.375927,39.912972
,354,,农小锅(西单华威约饭街店),中餐厅,农小锅(西单华威约饭街店),北京城区西单北大街130-152号华威大厦7层724 | 营业时间:周一至周日 10:00-21:00 | 电话:13911767876;17610570410,2.8,4.5,37,http://store.is.autonavi.com/query_pic?id=st90041bb3-4ff1-46aa-b79d-2b37dbac418c&user=search&operate=original,116.37453,39.911481
,354,,守艺人招牌酸辣粉(西单购物中心店),中餐厅,守艺人招牌酸辣粉(西单购物中心店),西单北大街132号西单购物中心,7.4,3.6,0,,116.374421,39.911259
,354,,郑红玉串串(西单华威约饭街店),串串,郑红玉串串(西单华威约饭街店),北京城区华威大厦8楼(西单地铁站F1西北口步行450米) | 营业时间:周一至周日 10:00-22:00 | 电话:13811716645,4.4,4.5,90,https://aos-comment.amap.com/B0J0RXMVX5/comment/04a914aa91e6ef605b346ebb5101d7f3_2048_2048_80.jpg,116.374394,39.911418
,354,,笔记安顺夺夺粉酸汤火锅(西单华威约饭街店),五花肉,笔记安顺夺夺粉酸汤火锅(西单华威约饭街店),西单北大街130号华威大厦8层 | 营业时间:周一至周日 10:30-21:00 | 电话:13520874002,5,4.6,80,https://aos-comment.amap.com/B0K0KMAGX3/comment/C446D7C6_4EBF_40AA_A344_095E1F059C47_L0_001_2016_151_1754823386700_83566853.jpg,116.374419,39.911407
,354,,麻宴麻辣香锅(西单华威约饭街店),单人餐,麻宴麻辣香锅(西单华威约饭街店),北京城区西单北大街130-152号7层762号 | 营业时间:周一至周日 10:00-22:00 | 电话:18547564197,0.5,4.1,58,https://aos-comment.amap.com/B0L6DNP0J3/comment/content_media_external_file_1000054187_ss__1768786487450_94821946.jpg,116.374556,39.911486
,354,,肆喜(西单华威约饭街店),奶油,肆喜(西单华威约饭街店),西单北大街130-152号7层735号 | 营业时间:周一至周日 10:00-22:00 | 电话:15313972502,9.6,4.1,32,https://aos-comment.amap.com/B0FFH0HJHU/comment/60edd5a776a1b6f27b54fb8f380565c0_2048_2048_80.jpg,116.374431,39.91129
,354,,拌面说(西单华威约饭街店),拌面,拌面说(西单华威约饭街店),西单北大街130号西单华威大厦约饭街7层 | 营业时间:周一至周日 10:30-21:30 | 电话:18610315920,5.2,4.2,32,https://store.is.autonavi.com/showpic/25df6fead1e438ed9a3324e8126dbec4,116.374425,39.911225
,354,,渝是乎(西单华威店),毛血旺,渝是乎(西单华威店),西单北大街130-152号西单华威大厦7层 | 营业时间:周一至周日 09:00-20:00 | 电话:010-66571520,5.1,4,46,http://store.is.autonavi.com/query_pic?id=st685f3818-aa5b-4c26-af3f-2328bd043ee7&user=search&operate=original,116.374321,39.911449
,354,,四季民福烤鸭店(西单华威约饭街店),烤鸭,四季民福烤鸭店(西单华威约饭街店),西单北大街130号华威大厦8层39号 | 营业时间:周一至周日 10:00-22:30 | 电话:010-66132633;18611190844,5.7,4.7,167,http://store.is.autonavi.com/query_pic?id=st59c23194-2049-497b-ab1e-b8f9371fcc9b&user=search&operate=original,116.374576,39.911511
,354,,喜家德虾仁水饺(西单华威约饭街店),肉丸,喜家德虾仁水饺(西单华威约饭街店),北京城区西单北大街130号华威商场7层约饭街 | 营业时间:周一至周日 10:00-21:00 | 电话:15534101410,1.4,4.5,37,http://store.is.autonavi.com/query_pic?id=stb4f5ff64-44da-4b38-b306-f0536c5ed31a&user=search&operate=original,116.374294,39.911431
,355,,瑞幸咖啡(新华社发行楼店),三明治,瑞幸咖啡(新华社发行楼店),北京城区宣武门西大街97号院2号楼一层101号 | 营业时间:周一至周六 07:00-21:00；周日 07:30-20:30 | 电话:4000100100,7.2,3.8,13,https://store.is.autonavi.com/showpic/b3310a26265d52240000001923438682?type=pic,116.367391,39.899968
,355,,大嘴烤翅东北菜,东北菜,大嘴烤翅东北菜,佟麟阁路44号 | 营业时间:周一至周日 11:00-01:30 | 电话:010-66079003,4.2,4.4,88,https://store.is.autonavi.com/showpic/0844931085ff93810000002257948430?type=pic,116.368606,39.903247
,355,,南航空厨,中餐厅,南航空厨,佟麟阁路与温家街交叉口东140米,0,3,19,,116.370275,39.901325
,355,,华天二友居肉饼(佟麟阁店),包子,华天二友居肉饼(佟麟阁店),佟麟阁路93号(长椿街地铁站B2东北口步行470米) | 营业时间:周一至周日 06:00-21:00 | 电话:010-66018803,4.1,4.5,33,https://store.is.autonavi.com/showpic/928d42dae2ef471ab7871b15b5b352ff,116.368451,39.900826
,355,,漫咖啡(宣武门店),咖啡厅,漫咖啡(宣武门店),佟麟阁路95号尚信商务楼内1层 | 营业时间:周一至周日 08:30-20:30 | 电话:15110418411,8,4.4,44,http://store.is.autonavi.com/query_pic?id=std94bcd24-5c27-41b9-8264-483081dff6c1&user=search&operate=original,116.36817,39.900552
,355,,庆丰包子铺(民源店),庆丰豆汁,庆丰包子铺(民源店),佟麟阁路93号(新华社西门对面) | 营业时间:周一至周日 06:00-21:00 | 电话:010-66085104,1.4,4.4,18,http://store.is.autonavi.com/showpic/0427e7cd99b1faec5dfaf9fd65e3e48f,116.368454,39.900761
,355,,顺承小院儿,烤大羊排,顺承小院儿,"宣武门西大街甲87号新华社正南门西侧 | 营业时间:周一至周日 10:30-14:30,17:00-22:30 | 电话:010-66186610;19901202907",8.3,4.5,103,http://store.is.autonavi.com/showpic/1aa4c61c3d75b5367523e4af2d6bae3c,116.369675,39.89996
,355,,瑞幸咖啡(新华通讯社店),生椰拿铁yyds,瑞幸咖啡(新华通讯社店),宣武门西大街57号新华通讯社图书馆一层 | 营业时间:周一至周五 09:00-18:00 | 电话:4000100100,6.8,3.9,13,https://store.is.autonavi.com/showpic/c287706810a95e84ab635a931ccf264d?operate=original,116.370525,39.900975
,358,,湘容和(金融街店),双人餐,湘容和(金融街店),"北京城区金融街23号平安大厦F1层 | 营业时间:周一至周日 11:30-14:00,16:30-21:00 | 电话:010-66210387",7,4.6,155,https://aos-comment.amap.com/B0FFHQSQOF/comment/content_media_external_file_100001045_1773577937652_86857048.jpg,116.359079,39.913103
,358,,北京君聚来臻品海鲜手工水饺店,盖饭,北京君聚来臻品海鲜手工水饺店,复兴门北大街5号月坛南街乙2号 | 营业时间:周一至周日 09:00-21:00 | 电话:18324611686,7.6,4.2,47,http://store.is.autonavi.com/showpic/eed872dcd438522f5bd7bb30c37a57b0,116.356114,39.912909
,358,,龙港酒楼,鸡肉,龙港酒楼,复兴门外北大街5号 | 营业时间:周一至周日 10:00-21:00 | 电话:010-68019722,8.8,4.6,115,http://store.is.autonavi.com/showpic/021a26d1f0a673129b2ccf548c24a8e3,116.356249,39.913128
,359,,COSTA COFFEE(凯晨世贸中心店),coffee,COSTA COFFEE(凯晨世贸中心店),复兴门内大街28号凯晨世贸中心中座1层C002 | 营业时间:周一至周五 07:00-19:00 | 电话:010-66019633,1.5,4,28,http://store.is.autonavi.com/showpic/8de4b5889a9f251d2fc63133211febde,116.364675,39.906125
,359,,双渔坐烤鱼麻辣香锅(闹市口店),双人餐,双渔坐烤鱼麻辣香锅(闹市口店),西单地铁站新文化街4-19号 | 营业时间:周一至周日 10:00-22:30 | 电话:13611380289,0.6,4.2,70,https://aos-comment.amap.com/B0FFHQQVQF/comment/a23fbd058cf2697fce294b1a383a89cb_2048_2048_80.jpg,116.363588,39.904432
,359,,杨国福麻辣烫(闹市口中街店),堂食,杨国福麻辣烫(闹市口中街店),北京城区闹市口中街33号中段二层 | 营业时间:周一至周日 10:00-24:00 | 电话:18600330620,8.2,4.2,53,https://img.alicdn.com/imgextra/i1/O1CN01hpPgOL1i4TZ2umDKr_!!6000000004359-49-tps-1080-1080.webp,116.36361,39.904807
,359,,星巴克(北京复兴门内店),摩卡星冰乐,星巴克(北京复兴门内店),复兴门内大街28号凯晨世贸中心西座南门一层 | 营业时间:周一至周六 07:00-18:00 | 电话:010-66055752,6.5,4.6,30,https://aos-comment.amap.com/B0FFG3U517/comment/%5B2026-02-02-11-48-16%5DB191B375-70DD-405B-AFDD-4C77CF0EB22_1770004102982_60369583.jpg,116.363817,39.906202
,359,,小田鸭烤鸭店,烤鸭,小田鸭烤鸭店,北京城区闹市口大街35号 | 营业时间:周一至周日 10:00-22:00 | 电话:010-66076793,6,4.6,88,https://aos-comment.amap.com/B000A8W5EO/comment/152bc5043a36a5434d00a19d6241ebcd_2048_2048_80.jpg,116.363585,39.904155
,359,,豫兴帅羊汤·烩面烧烤(金融街店),烩面,豫兴帅羊汤·烩面烧烤(金融街店),北京城区闹市口中街33号4-7-2豫兴帅羊汤烩面好利来蛋糕隔壁 | 营业时间:周一至周日 08:00-22:00 | 电话:15801189331,4.5,4.1,30,https://store.is.autonavi.com/showpic/fe7ba6c5b3fe6997f2e17f5d54785255,116.363587,39.904934
,359,,华天新川面馆(闹市口店),牛肉,华天新川面馆(闹市口店),"闹市口大街33号4-3、4-4 | 营业时间:周一至周日 06:00-14:30,16:00-21:30 2026-02-14至2026-02-25 周一至周日 全天关闭 | 电话:010-66083320;13439994445;13901301793",2.9,4.4,25,https://aos-comment.amap.com/B0FFGYW304/comment/content_media_external_file_100017792_1771849053747_59455309.jpg,116.363639,39.905031
,359,,伊京轩兰州牛肉面(闹市口店),牛肉面,伊京轩兰州牛肉面(闹市口店),北京城区闹市口大街4-12号 | 营业时间:周一至周日 07:00-23:00 | 电话:010-66030012;13099252129;13401052546,4,4.4,32,https://store.is.autonavi.com/showpic/0596ab6736002ecf9f9502e16bb4999d,116.363601,39.90468
,359,,真地道·鲜橙烤鸭(西单店),芥末墩,真地道·鲜橙烤鸭(西单店),文昌胡同42号 | 营业时间:周一至周日 11:00-21:00 | 电话:010-66068268,1.7,4.7,115,https://aos-comment.amap.com/B0FFGZAVF3/comment/fcc71d131ad8809ddd2b66ed57e00191_2048_2048_80.jpg,116.364662,39.905454
,359,,洞庭楚湘(闹市口店),鸡汤桃江竹茸菌,洞庭楚湘(闹市口店),"北京城区闹市口大街4-15号 | 营业时间:周一至周日 10:30-14:00,17:00-21:00 | 电话:13126680616",7.4,4.6,103,https://store.is.autonavi.com/showpic/a67ec595bda3b29d33cf336cfa31e338,116.363612,39.904509
,362,,瑞幸咖啡(新华社发行楼店),三明治,瑞幸咖啡(新华社发行楼店),北京城区宣武门西大街97号院2号楼一层101号 | 营业时间:周一至周六 07:00-21:00；周日 07:30-20:30 | 电话:4000100100,9,3.8,13,https://store.is.autonavi.com/showpic/b3310a26265d52240000001923438682?type=pic,116.367391,39.899968
,362,,瑞幸咖啡(环球财讯中心店),三明治,瑞幸咖啡(环球财讯中心店),宣武门外大街甲1号一层103内01号 | 营业时间:周六 07:30-18:00；周日 08:00-18:30；周一至周五 07:00-18:00 | 电话:4000100100,2.3,4.1,13,https://store.is.autonavi.com/showpic/c287706810a95e84ab635a931ccf264d?operate=original,116.373275,39.898275
,362,,华天二友居肉饼(佟麟阁店),包子,华天二友居肉饼(佟麟阁店),佟麟阁路93号(长椿街地铁站B2东北口步行470米) | 营业时间:周一至周日 06:00-21:00 | 电话:010-66018803,9.5,4.5,33,https://store.is.autonavi.com/showpic/928d42dae2ef471ab7871b15b5b352ff,116.368451,39.900826
,362,,漫咖啡(宣武门店),咖啡厅,漫咖啡(宣武门店),佟麟阁路95号尚信商务楼内1层 | 营业时间:周一至周日 08:30-20:30 | 电话:15110418411,5.1,4.4,44,http://store.is.autonavi.com/query_pic?id=std94bcd24-5c27-41b9-8264-483081dff6c1&user=search&operate=original,116.36817,39.900552
,362,,小耿串吧·川湘家常菜(长椿街店),川湘家常菜,小耿串吧·川湘家常菜(长椿街店),上斜街门牌号107号(长椿街地铁站C1东南口步行490米) | 营业时间:周一至周日 10:30-24:00,4.8,4.2,67,http://store.is.autonavi.com/showpic/0e3c6227299bbc2ee656ababf0c9b463,116.366757,39.896912
,362,,庆丰包子铺(民源店),庆丰豆汁,庆丰包子铺(民源店),佟麟阁路93号(新华社西门对面) | 营业时间:周一至周日 06:00-21:00 | 电话:010-66085104,4.1,4.4,18,http://store.is.autonavi.com/showpic/0427e7cd99b1faec5dfaf9fd65e3e48f,116.368454,39.900761
,362,,顺承小院儿,烤大羊排,顺承小院儿,"宣武门西大街甲87号新华社正南门西侧 | 营业时间:周一至周日 10:30-14:30,17:00-22:30 | 电话:010-66186610;19901202907",0.4,4.5,103,http://store.is.autonavi.com/showpic/1aa4c61c3d75b5367523e4af2d6bae3c,116.369675,39.89996
,364,,漫咖啡MAAN COFFEE(西单钟声胡同店),coffee,漫咖啡MAAN COFFEE(西单钟声胡同店),钟声胡同23号(西单地铁站C东北口步行210米) | 营业时间:周一至周日 07:30-20:00 | 电话:15901281610,2.3,4.4,22,http://store.is.autonavi.com/query_pic?id=std94bcd24-5c27-41b9-8264-483081dff6c1&user=search&operate=original,116.377821,39.909468
,364,,努努餐厅,中餐厅,努努餐厅,北京图书大厦三层(西单地铁站C东北口旁) | 营业时间:周一至周日 10:00-22:00,3.3,3.7,40,https://aos-comment.amap.com/B0LGSA1K55/comment/961BDD1D_162F_43A4_95A8_7D4E6F1F4AB0_L0_001_1500_200_1769593543963_80140655.jpg,116.377228,39.907822
,364,,北京图书大厦·咖啡厅,咖啡厅,北京图书大厦·咖啡厅,西单北大街176号西单商业街(西单地铁站C东北口旁) | 营业时间:周一至周日 09:00-22:00,2,3.9,29,http://store.is.autonavi.com/showpic/f0bd9f3fde6fb17a9b3d8366ee136057,116.377775,39.908225
,364,,% Arabica阿拉比卡咖啡(更新场店),堂食,% Arabica阿拉比卡咖啡(更新场店),北京城区西单北大街180号西单更新场M楼B16-118号 | 营业时间:周一至周日 07:00-21:00 | 电话:17721268263,8.9,4.5,46,https://aos-comment.amap.com/B0JAYRF3VO/comment/content_media_external_images_media_17521_1741857979981_65697835.jpg,116.375141,39.907956
,364,,松鹤楼面馆(图书大厦店),小酥肉,松鹤楼面馆(图书大厦店),北京图书大厦4层(西单地铁站C东北口步行50米) | 营业时间:周一至周日 10:30-20:30 | 电话:010-66055341,2.3,4.3,60,http://store.is.autonavi.com/query_pic?id=st4e59a81c-8dd5-4876-9cdf-1e3afe32ebe2&user=search&operate=original,116.377089,39.907859
,364,,星巴克臻选(汉光百货店),提拉米苏,星巴克臻选(汉光百货店),北京城区西单北大街176号汉光百货1楼(近小石虎胡同) | 营业时间:周一至周日 07:00-22:00 | 电话:010-66017188,4.3,4.6,30,https://aos-comment.amap.com/B0FFJKC1EL/comment/a4fd4e9b9217219c1c6fb34717d1bf50_2048_2048_80.jpg,116.37599,39.909262
,368,,京天红社区便民食品商店,北京菜,京天红社区便民食品商店,虎坊路甲2号(虎坊桥地铁站C东南口步行130米) | 营业时间:周一至周日 08:00-21:00 | 电话:17600173050;17600202863,5.5,4.2,0,http://store.is.autonavi.com/showpic/e6a11181e781e494ffd995c97399f2c0,116.385118,39.889137
,368,,蝎王府羊蝎子(虎坊桥店),大锅羊蝎子,蝎王府羊蝎子(虎坊桥店),"北京城区虎坊路4号 | 营业时间:10:00-24:00,2026年5月1日至2026年5月5日 10:00-24:00 | 电话:010-63131997",0.6,4.7,88,http://store.is.autonavi.com/showpic/7d4375b9957085a0fa45e52129a8cf2e,116.385102,39.888553
,368,,南城香(虎坊桥店),小吃街,南城香(虎坊桥店),北京城区虎坊路4号1、2层北侧 | 营业时间:周一至周日 06:00-21:00 | 电话:010-63178008;15321861531,8.6,4.5,22,http://store.is.autonavi.com/query_pic?id=st1f4d36d8-a299-4197-a0e1-9c6f3c864e58&user=search&operate=original,116.385127,39.888645
,368,,顶香牛肉拉面(虎坊桥店),烤串,顶香牛肉拉面(虎坊桥店),虎坊桥地铁站C出口240号-11 | 营业时间:周一至周日 00:00-24:00 | 电话:13161712335;13641116482,1.4,4.4,40,https://aos-comment.amap.com/B0FFJYUHXM/comment/B27819E4_DF63_4177_8C05_74DDBED54F46_L0_001_894_145_1757139148886_77577616.jpg,116.386567,39.8892
,368,,万国福地(虎坊桥店),牛肉,万国福地(虎坊桥店),南新华街98号(虎坊桥地铁站B东北口步行210米) | 营业时间:周一至周日 14:00-24:00 | 电话:13121912123,2.2,4.5,137,https://aos-comment.amap.com/B0JRNRJQ7Q/comment/20260315-de7d34aacce5da4a3f0360f1-4hfMEGJF7DT6IXWNimBgsM.jpg,116.384861,39.891001
,368,,牛村来人鲜牛肉火锅(前门店),牛肉,牛村来人鲜牛肉火锅(前门店),永安路175号(虎坊桥地铁站C口东南口步行350米) | 营业时间:周一至周日 11:00-22:00 2026-05-01至2026-05-05 周一至周日 11:00-22:00 | 电话:010-63156887,2,4.6,116,http://store.is.autonavi.com/showpic/5e1b654b0b8f409a7d8821484b445b12,116.385149,39.886719
,368,,刘记炙子烤肉(虎坊桥店),老北京炙子烤肉,刘记炙子烤肉(虎坊桥店),北京城区腊竹胡同85号 | 营业时间:周一至周日 11:00-22:30 | 电话:010-63044325,3.5,4.7,112,http://store.is.autonavi.com/showpic/cb71597952fb49cbe2208a72d72d6e6f,116.385245,39.888155
,368,,晋宝源大同刀削面(虎坊桥店),面食,晋宝源大同刀削面(虎坊桥店),"南新华街143号西房(虎坊桥地铁站B东北口步行260米) | 营业时间:周一至周日 10:30-12:00,14:00-23:00 2026-05-01至2026-05-05 周一至周日 10:30-23:00 | 电话:010-56232539;18612218918",1.2,4.5,25,https://aos-comment.amap.com/comment/content_service__1771330762760_80388913_1771330782562_52662217.jpg,116.384509,39.891422
,369,,Coffee Breath呼吸咖啡,coffee,Coffee Breath呼吸咖啡,琉璃厂东街姚江胡同一号 | 营业时间:周一至周日 10:00-19:00 2026-02-17至2026-02-23 周一至周日 10:00-18:00 | 电话:18513237527,7.6,4.6,41,https://store.is.autonavi.com/showpic/f7d8e3ad4ce6d78a0000002465352344?type=pic,116.386443,39.894903
,369,,安澜自在咖啡ANLAN Coffee,coffee,安澜自在咖啡ANLAN Coffee,小沙土园胡同与大安澜营胡同交叉口西南20米 | 营业时间:周一至周日 08:00-19:00 | 电话:15501194168,1.3,4.5,53,https://aos-comment.amap.com/B0K0SR6O97/comment/content_media_external_images_media_281143_ss__1742053223925_19551046.jpg,116.385697,39.894055
,369,,老北京兔儿爷(琉璃厂东街店),中餐厅,老北京兔儿爷(琉璃厂东街店),琉璃厂东街45号,0.4,3.9,0,https://store.is.autonavi.com/showpic/75bd0f62d4dcd93e59dd568e23fc6c34,116.388042,39.895193
,369,,老浒记烤鸭-北京菜(琉璃厂店),家常菜,老浒记烤鸭-北京菜(琉璃厂店),南新华街58之1-2 | 营业时间:周一至周日 10:30-21:30 | 电话:010-63043078,6.9,4.5,82,https://store.is.autonavi.com/showpic/bccaa5ffc1d5d1c50000000980312646?type=pic,116.384943,39.89438
,369,,静一餐厅(琉璃厂文化街店),排骨,静一餐厅(琉璃厂文化街店),"琉璃厂东街2号 | 营业时间:周一至周日 11:00-14:30,17:00-21:00 | 电话:13260236695",4.1,4.6,84,http://store.is.autonavi.com/showpic/ad4726b1332fdbd4e1f2fb13f8384cf7,116.389337,39.895208
,369,,胡同小馆,烤串,胡同小馆,北京城区延寿街94号 | 营业时间:周一至周日 10:30-24:00 2026-02-16至2026-02-23 周一至周日 10:00-24:00 | 电话:13366565888,4.4,4.3,53,https://store.is.autonavi.com/showpic/323349e892f4324d0000002096758818?type=pic,116.389248,39.896387
,369,,清真满记羊汤(琉璃厂文化街店),羊汤,清真满记羊汤(琉璃厂文化街店),北京市北京市西城区 | 营业时间:周一至周日 10:00-21:00 | 电话:13522577271,7.3,4.2,41,http://store.is.autonavi.com/showpic/fcf20c86b79c34093a7c358061f376a4,116.389382,39.895552
,369,,尼岔土家风味菜,豆腐,尼岔土家风味菜,"杨梅竹斜街133号 | 营业时间:周一至周日 11:00-14:30,17:00-21:30 | 电话:18519757830",6.8,4.7,117,https://store.is.autonavi.com/showpic/543e23d437ef8d8f0000001359502078?type=pic,116.389465,39.895088
,374,,老栅栏卤煮小肠,中餐厅,老栅栏卤煮小肠,大栅栏商业街与门框胡同交叉口东60米,5.7,3.4,0,https://store.is.autonavi.com/showpic/a16e3bd09435b40dc59454b05858a629,116.396874,39.896034
,374,,渔米知湘·湘菜(前门店),仔姜鸭,渔米知湘·湘菜(前门店),大栅栏街道廊坊二条8号 | 营业时间:周一至周日 10:00-22:30 | 电话:13910732854,5.5,4.5,68,https://aos-comment.amap.com/B0J3VC2FLZ/comment/6e91d5a64b42e244c76705d4e4498777_2048_2048_80.jpg,116.397453,39.897081
,374,,东来顺饭庄(大栅栏店),元东来顺外脊羊肉,东来顺饭庄(大栅栏店),大栅栏商业街7号吉龙老栅栏商场2层 | 营业时间:周一至周日 09:30-21:30 | 电话:010-63165836,3.9,4.6,150,https://store.is.autonavi.com/showpic/77711fb5bf822d710000002327872113?type=pic,116.396888,39.896087
,374,,六爷门框百年卤煮(门框胡同店),卤煮,六爷门框百年卤煮(门框胡同店),大栅栏门框胡同14-16号 | 营业时间:周一至周日 10:00-21:30 | 电话:13911269861,1.1,4.5,39,https://aos-comment.amap.com/B0L3GHHIFZ/comment/20260320-fca8d63cfbae5ff468172bb6-6isQhZYdy0X9J2YBgcjhau.jpg,116.395993,39.896955
,374,,百年前门炙子烤肉(大栅栏店),原切肥牛,百年前门炙子烤肉(大栅栏店),门框胡同23号(前门地铁站I西南口步行450米) | 营业时间:周一至周日 10:30-22:00 | 电话:18519814944,2.5,4.6,80,https://store.is.autonavi.com/showpic/11a4c31fd002e9f90000002302468527?type=pic,116.395958,39.896496
,374,,京晟小馆·烤鸭(前门店),双人餐,京晟小馆·烤鸭(前门店),门框胡同26号(前门地铁站I西南口步行470米) | 营业时间:周一至周日 10:30-22:00 | 电话:13436584159,6.4,4.6,79,http://store.is.autonavi.com/showpic/c8e9dae0126a2efc6e71b9c0e1343d7c,116.39609,39.896449
,374,,京福巷·烤鸭·北京菜(大栅栏店),双人餐,京福巷·烤鸭·北京菜(大栅栏店),廊房二条18号(前门地铁站I西南口步行280米) | 营业时间:周一至周日 10:00-22:00 | 电话:010-69128805;13240700146,7.7,4.5,52,https://aos-comment.amap.com/B0KU1SPKGS/comment/e78f9d48a8ddbef0848923b3fea3579b_2048_2048_80.jpg,116.397203,39.897088
,374,,同义轩褡裢火烧(门框胡同店),同义轩褡裢火烧(前门店),同义轩褡裢火烧(门框胡同店),门框胡同15号(前门地铁站I西南口步行410米) | 营业时间:周一至周日 10:00-22:00 | 电话:13641044553,9.1,4.5,45,https://aos-comment.amap.com/B0FFFLJW8T/comment/content_media_external_images_media_650_1741567897516_39665644.jpg,116.39589,39.896931
,374,,京晟·铜锅涮肉(前门总店),响铃卷,京晟·铜锅涮肉(前门总店),门框胡同24号 | 营业时间:周一至周日 10:00-22:00 2026-05-01至2026-05-05 周一至周日 10:00-22:00 | 电话:13522606297,4.7,4.7,70,https://aos-comment.amap.com/B0JU6S0RQC/comment/DE334CC8_5C9C_4E93_9E3D_882012A2A2AC_L0_001_1500_2000_1728023939153_84195396.jpg,116.396081,39.896492
,374,,京满·炭火铜锅涮肉(前门总店),安格斯牛板腱,京满·炭火铜锅涮肉(前门总店),北京城区廊房二条36号(前门地铁站I西南口步行310米) | 营业时间:周一至周日 10:00-22:00 | 电话:15001233114,5.2,4.5,70,http://store.is.autonavi.com/showpic/066a3581c0130054318810c81d6fb0e1,116.396675,39.897068
,374,,京味小吃家常菜,家常菜,京味小吃家常菜,廊房三条与门框胡同交叉口西北20米,5.8,3.5,63,https://store.is.autonavi.com/showpic/72d67128f90a979c85029c147c334a65,116.395905,39.896762
,374,,老郭刀削面(大栅栏西街商业店),排骨,老郭刀削面(大栅栏西街商业店),大栅栏西街110号大栅栏西街商业 | 营业时间:周一至周日 08:00-21:00 | 电话:13718738561;13787738561,6.1,2.9,13,http://store.is.autonavi.com/showpic/438865b8b5402a74154989ef90d55d5f,116.395899,39.896833
,374,,方砖厂69号炸酱面(前门大栅栏1796店),椒盐小酥肉,方砖厂69号炸酱面(前门大栅栏1796店),北京城区大栅栏街18号1796商场内一层最里侧 | 营业时间:周一至周日 10:00-22:00 | 电话:13467246523,2.2,4.7,34,https://aos-comment.amap.com/B0KAX59VAX/comment/7085c37bf469d30ff7ffe3a16bcc344a_2048_2048_80.jpg,116.3968,39.896079
,374,,柴氏福海清真菜·烤鸭店,清真菜馆,柴氏福海清真菜·烤鸭店,北京城区前门廊坊二条胡同北京坊二期南侧(爆肚冯对面) | 营业时间:周一至周日 11:00-21:30 | 电话:010-83898089,8.4,4.7,91,https://aos-comment.amap.com/B0L21ATA9L/comment/content_media_external_file_1000052055_ss__1771083077323_40587914.jpg,116.396166,39.897031
,374,,烤肉刘·清真老北京炙子烤肉(前门大街二条店),烤肉,烤肉刘·清真老北京炙子烤肉(前门大街二条店),大栅栏街道廊坊2条32号(前门地铁站I西南口步行300米) | 营业时间:周一至周日 10:00-02:00 | 电话:15027987876,8.6,4.6,85,https://aos-comment.amap.com/B0LDJKQD3Y/comment/content_media_external_file_8679_1771760515985_27790936.jpg,116.396859,39.897072
,374,,百年前门铜锅涮肉(大栅栏2店),精品肥牛,百年前门铜锅涮肉(大栅栏2店),北京城区大栅栏街16号23层(前门地铁站I西南口步行440米) | 营业时间:周一至周日 10:00-23:00 2026-05-01至2026-05-05 周一至周日 10:00-23:00 | 电话:13611267430;13611294186,2.2,4.7,67,https://store.is.autonavi.com/showpic/5a044fd435ab862c0000002470242103?type=pic,116.396762,39.895931
,374,,倞·餐厅PEKINGLIANG(前门店),罗勒香草烤春鸡,倞·餐厅PEKINGLIANG(前门店),"廊坊头条北京坊二期S2号楼二层01 | 营业时间:周一至周日 11:00-15:00,17:00-22:00 | 电话:18101066637;18500103623",2.5,4.5,92,https://aos-comment.amap.com/B0LUZ5UJMY/comment/content_media_external_file_1000078038_ss__1763344321390_67915767.jpg,116.396989,39.897411
,374,,大栅栏店老北京美食城,羊肉串,大栅栏店老北京美食城,大栅栏商业街与大栅栏街交叉口西60米 | 营业时间:周一至周日 10:00-23:30 | 电话:15843872130,7,4.5,48,https://aos-comment.amap.com/B0FFJK71V1/comment/F5C50920_1EB6_4E89_B77F_57766AF5891F_L0_001_2000_150_1764951991589_00352736.jpg,116.396912,39.896092
,374,,南门四季铜锅涮肉(前门大栅栏店),镇店之宝一品烧饼,南门四季铜锅涮肉(前门大栅栏店),北京城区前门大街大栅栏街18号1796商场二层(张一元旁) | 营业时间:周一至周日 10:30-22:00 | 电话:010-63179638,3.1,4.7,91,https://store.is.autonavi.com/showpic/39c5f5e32846b6d80000002471714808?type=pic,116.3968,39.896079
,374,,门框胡同百年卤煮总店,门框卤煮,门框胡同百年卤煮总店,北京城区大栅栏街门框胡同19-21号 | 营业时间:周一至周日 10:00-21:30 | 电话:15801034664;18301235815,8.2,4.6,47,http://store.is.autonavi.com/showpic/5c25eb5f7dbdf5433c8409707717def2,116.395847,39.89671
,374,,爆肚冯,麻酱,爆肚冯,北京城区廊房二条56号(前门地铁站I西南口步行380米) | 营业时间:周一至周日 10:30-21:30 | 电话:010-63083296,4.2,4.5,56,http://store.is.autonavi.com/showpic/c540c0943217522dec6fba40d49bc284,116.396036,39.897031
,377,,国家大剧院咖啡厅,下午茶,国家大剧院咖啡厅,西长安街2号国家大剧院1层(近人大会堂西路) | 营业时间:周二至周日 11:00-20:30 | 电话:010-66550502,1.4,4,42,https://aos-comment.amap.com/B0FFFDFBZ4/comment/dcd7784a8713a3223ce2d807b39ba61a_2048_2048_80.jpg,116.389723,39.904786
,377,,福牛居,手切鲜羊肉,福牛居,西交民巷134号(近国家大剧院) | 营业时间:周一至周日 11:00-22:00 | 电话:010-66062354,9.2,4.5,100,https://aos-comment.amap.com/B000A82SVL/comment/content_media_external_images_media_1000149213_ss__1742371707717_27475753.jpg,116.384752,39.90189
,377,,人民大会堂宴会厅,综合酒楼,人民大会堂宴会厅,西长安街天安门广场西侧(天安门西地铁站C西南口步行330米) | 营业时间:周一至周日 00:00-24:00,5.8,4.2,354,https://aos-comment.amap.com/B000A8758C/comment/content_media_external_file_8252_ss__1746840688073_56242171.jpg,116.393711,39.904989
,378,,阿范云南菜,干拌豆花米线,阿范云南菜,北京城区德外五路通街甲6号(近人定湖西门) | 营业时间:周一至周日 10:00-22:00 | 电话:13121180592;13240113541,8.8,4.6,91,https://aos-comment.amap.com/B000A25742/comment/20260318-de0095bbcdf97b1a5bb63471-2MiYiIwxfh8AMEvYZsPFTL.jpg,116.383201,39.957973
,378,,万萃苑烤鸭店,排骨,万萃苑烤鸭店,"北京城区人定湖西里13号(近德外桥向东五路通街自动化所北门) | 营业时间:周一至周日 10:00-14:00,17:00-21:00 2026-02-16至2026-02-23 周一至周日 10:00-21:00 | 电话:010-62015096;010-82080613",0.4,4.6,70,https://aos-comment.amap.com/B0FFFZS71A/comment/1DB0A45D_1DB5_48A3_8BC9_D0E0AFB48965_L0_001_1290_96_1773473593962_67032327.jpg,116.382797,39.957101
,378,,人定湖公园园艺推广中心,特色/地方风味餐厅,人定湖公园园艺推广中心,六铺炕街心15号人定湖公园(东南角),4.7,3.4,0,http://store.is.autonavi.com/showpic/e95e7b2f433e992ae4bc7b4c2943b0b0,116.386119,39.957215
,378,,华府家宴(六铺炕二巷店),素菜,华府家宴(六铺炕二巷店),"六铺炕小区三区 | 营业时间:周一至周日 07:00-09:00,11:00-13:30,17:00-20:30 | 电话:010-62045522;010-62069936",7.3,3.9,76,http://store.is.autonavi.com/showpic/8e50e053af20b83723cc1fde6562e27a,116.386222,39.955438
,382,,秀峰餐厅,家常菜,秀峰餐厅,苏家坨镇秀峰寺路5号北京鹫峰国家森林公园内(东北角) | 营业时间:周一至周日 09:00-20:00 | 电话:010-62455812,9.4,4.2,65,https://aos-comment.amap.com/B0FFFYUO2T/comment/20260314-a9ff5893f41b626986a8944b-6D9CDn4BGfS5s3TDytALr5.jpg,116.101213,40.064089
,382,,北京林业大学鹫峰校区鹫峰餐厅,麻婆豆腐,北京林业大学鹫峰校区鹫峰餐厅,苏家坨镇秀峰寺路6号 | 营业时间:周一至周日 08:00-17:00 | 电话:010-62455835,0.2,4.3,78,https://aos-comment.amap.com/B0FFIMXA4L/comment/5340806164ff1b1bc5bf405d501c953d_2048_2048_80.jpg,116.104394,40.064733
,384,,老佛爷铜炉蛙锅,中餐厅,老佛爷铜炉蛙锅,王庄路1号清华同方科技广场A座,6.3,3.1,67,,116.339325,39.999825
,384,,京城咖啡·赶考拿铁,咖啡厅,京城咖啡·赶考拿铁,北京城区北京城区双清路85号院 | 营业时间:周一至周日 08:00-20:30 | 电话:18301663648,3.7,4,24,https://store.is.autonavi.com/showpic/710993a0a9e984f20000002406580995,116.33903,40.004058
,384,,如意水饺(第1档口-凯时汇美食城店),特色/地方风味餐厅,如意水饺(第1档口-凯时汇美食城店),双清路与清华东路交叉口西北100米,8.8,2.7,20,,116.339375,40.001425
,388,,满陇山房,中餐厅,满陇山房,长春桥与长春桥路交叉口北80米,0.9,3.1,0,,116.296087,39.95953
,388,,澧飨饮膳四季,中餐厅,澧飨饮膳四季,万柳中路29号北京大学万柳学区公寓 | 营业时间:周一至周日 11:00-22:00,2.9,4.6,173,https://store.is.autonavi.com/showpic/4a484e938c28cb01a8a350a15d537b42,116.29827,39.961694
,388,,渔院丹江(万柳店),丹江水库鱼,渔院丹江(万柳店),万柳中路29号院(北大公寓底商) | 营业时间:周一至周日 10:30-21:00 | 电话:010-82566990;15117987832,5.7,4.7,123,https://store.is.autonavi.com/showpic/86a07354b945e0f61a5c7fbb30665b79,116.298575,39.961575
,388,,越来越湘大酒楼(万柳店),剁椒鱼头,越来越湘大酒楼(万柳店),"北京城区万柳亿城中心C座三层 | 营业时间:周一至周日 10:00-14:00,16:30-21:00 | 电话:010-58814588;13910064742",4.4,4.6,72,https://aos-comment.amap.com/B0HAOMI8TE/comment/78F2E276_C73A_4554_8634_73FA52707662_L0_001_1500_200_1744338730390_77405378.jpg,116.301502,39.960356
,388,,nowwa挪瓦咖啡(北京大学万柳学区店),咖啡厅,nowwa挪瓦咖啡(北京大学万柳学区店),万柳中路29号院2号楼一层02号,6.7,3.4,20,https://img.alicdn.com/imgextra/i2/O1CN01Fxw5041JPfV8LHt4Z_!!6000000001021-49-tps-1080-546.webp,116.297085,39.961082
,388,,东北小院,地三鲜,东北小院,万柳中路29号院3-4号楼首层1-18号 | 营业时间:周一至周日 11:00-24:00 2026-05-01至2026-05-05 周一至周日 11:00-24:00 | 电话:15201212876,8.2,4.5,64,https://store.is.autonavi.com/showpic/a4af33003d5e86a36ee42816d37ecaa6,116.298372,39.961715
,388,,金牛烧炭火烤肉(万柳店),烤肉,金牛烧炭火烤肉(万柳店),北京城区长春桥路万柳亿城中心C座二层 | 营业时间:周一至周日 10:30-22:30 | 电话:18515092557,9.5,4.5,101,https://aos-comment.amap.com/B0KGPU0B9Q/comment/E073C4EB_0620_4862_B4A2_653B3F022D5B_L0_001_1080_192_1773107192694_60236656.jpg,116.301601,39.960327
,388,,瑞幸咖啡(自营-北京实验店),生椰拿铁,瑞幸咖啡(自营-北京实验店),神州优车总部南门 | 电话:4000100100,1,3.5,13,https://store.is.autonavi.com/showpic/c287706810a95e84ab635a931ccf264d?operate=original,116.2977,39.959893
,388,,库迪咖啡(万柳亿城中心店),鲜气杨梅新品,库迪咖啡(万柳亿城中心店),北京城区北京城区长春桥路11号万柳亿城中心C1座大堂 | 营业时间:周一至周五 07:30-19:30 | 电话:17301205690,2.5,4.4,9,https://store.is.autonavi.com/showpic/7b0db620ddccbe9ff42ce59100617216?operate=original?operate=original?operate=original?operate=original,116.301584,39.960355
,388,,辣尚龙虾,龙虾,辣尚龙虾,万柳中路29号北京大学万柳学区公寓,2.8,3.6,55,,116.298425,39.961675
,391,,满陇山房,中餐厅,满陇山房,长春桥与长春桥路交叉口北80米,1.3,3.1,0,,116.296087,39.95953
,391,,澧飨饮膳四季,中餐厅,澧飨饮膳四季,万柳中路29号北京大学万柳学区公寓 | 营业时间:周一至周日 11:00-22:00,0.3,4.6,173,https://store.is.autonavi.com/showpic/4a484e938c28cb01a8a350a15d537b42,116.29827,39.961694
,391,,渔院丹江(万柳店),丹江水库鱼,渔院丹江(万柳店),万柳中路29号院(北大公寓底商) | 营业时间:周一至周日 10:30-21:00 | 电话:010-82566990;15117987832,6.4,4.7,123,https://store.is.autonavi.com/showpic/86a07354b945e0f61a5c7fbb30665b79,116.298575,39.961575
,391,,越来越湘大酒楼(万柳店),剁椒鱼头,越来越湘大酒楼(万柳店),"北京城区万柳亿城中心C座三层 | 营业时间:周一至周日 10:00-14:00,16:30-21:00 | 电话:010-58814588;13910064742",0.2,4.6,72,https://aos-comment.amap.com/B0HAOMI8TE/comment/78F2E276_C73A_4554_8634_73FA52707662_L0_001_1500_200_1744338730390_77405378.jpg,116.301502,39.960356
,391,,nowwa挪瓦咖啡(北京大学万柳学区店),咖啡厅,nowwa挪瓦咖啡(北京大学万柳学区店),万柳中路29号院2号楼一层02号,7.7,3.4,20,https://img.alicdn.com/imgextra/i2/O1CN01Fxw5041JPfV8LHt4Z_!!6000000001021-49-tps-1080-546.webp,116.297085,39.961082
,391,,东北小院,地三鲜,东北小院,万柳中路29号院3-4号楼首层1-18号 | 营业时间:周一至周日 11:00-24:00 2026-05-01至2026-05-05 周一至周日 11:00-24:00 | 电话:15201212876,8.7,4.5,64,https://store.is.autonavi.com/showpic/a4af33003d5e86a36ee42816d37ecaa6,116.298372,39.961715
,391,,金牛烧炭火烤肉(万柳店),烤肉,金牛烧炭火烤肉(万柳店),北京城区长春桥路万柳亿城中心C座二层 | 营业时间:周一至周日 10:30-22:30 | 电话:18515092557,4.7,4.5,101,https://aos-comment.amap.com/B0KGPU0B9Q/comment/E073C4EB_0620_4862_B4A2_653B3F022D5B_L0_001_1080_192_1773107192694_60236656.jpg,116.301601,39.960327
,391,,瑞幸咖啡(自营-北京实验店),生椰拿铁,瑞幸咖啡(自营-北京实验店),神州优车总部南门 | 电话:4000100100,5.7,3.5,13,https://store.is.autonavi.com/showpic/c287706810a95e84ab635a931ccf264d?operate=original,116.2977,39.959893
,391,,库迪咖啡(万柳亿城中心店),鲜气杨梅新品,库迪咖啡(万柳亿城中心店),北京城区北京城区长春桥路11号万柳亿城中心C1座大堂 | 营业时间:周一至周五 07:30-19:30 | 电话:17301205690,5.1,4.4,9,https://store.is.autonavi.com/showpic/7b0db620ddccbe9ff42ce59100617216?operate=original?operate=original?operate=original?operate=original,116.301584,39.960355
,391,,辣尚龙虾,龙虾,辣尚龙虾,万柳中路29号北京大学万柳学区公寓,0.3,3.6,55,,116.298425,39.961675
,398,,早点铺(门头馨东街店),中餐厅,早点铺(门头馨东街店),门头馨园北区东门东南50米,6.1,3.8,12,https://store.is.autonavi.com/showpic/fb147c096c381ffec95383dc9d8477b8,116.22606,39.978891
,398,,山西主食厨房(门头馨园北区店),冷面,山西主食厨房(门头馨园北区店),门头馨园北区东门旁 | 电话:18063247888,3.8,3.5,22,http://store.is.autonavi.com/showpic/2a0446434ff7df7f129c8828ce8eb62b,116.226017,39.978888
,398,,面食馆川湘家常菜,川湘家常菜,面食馆川湘家常菜,门头馨东街与门头馨园路交叉口东北160米,9.9,3.6,29,http://store.is.autonavi.com/showpic/179b66e07901ae9da1caa35259f9167e,116.226103,39.978977
,398,,大磊烧烤(馨园铁锅炖),特色/地方风味餐厅,大磊烧烤(馨园铁锅炖),北京城区北京城区门头馨园东区9号楼一层103二层203 | 营业时间:周一至周日 10:00-03:30 | 电话:15512367767,0.5,4.1,67,https://store.is.autonavi.com/showpic/d1ffad82906552a90bf5f9817c4fe7a2,116.226142,39.979091
,398,,清真老马食府(门头馨东街店),酸奶,清真老马食府(门头馨东街店),北京城区门头馨园东区西北门旁 | 营业时间:周一至周日 09:30-24:00 | 电话:010-62501866;18400878940,4.8,4.4,48,https://store.is.autonavi.com/showpic/781887f595bec72287799d58e3e9eab4,116.226252,39.979383
,402,,地摊烧烤,特色/地方风味餐厅,地摊烧烤,闵庄路82号门头馨园南区,5.3,2.9,110,,116.223425,39.975425
,402,,鑫源串吧铁锅炖,铁锅炖,鑫源串吧铁锅炖,门头馨园路与门头馨东街交叉口东80米,3.5,2,0,,116.226225,39.977825
,403,,料仓食堂&瓦窑meat,中餐厅,料仓食堂&瓦窑meat,"琉璃渠村后街与琉璃渠后街交叉口西280米 | 营业时间:周一至周日 08:00-14:30,16:30-21:00 | 电话:18500998618",7.8,4.4,75,https://aos-comment.amap.com/B0LG9AVIK6/comment/202601_09-13132_1767935665156_58840206.jpg,116.088268,39.969111
,403,,鸿福面馆,中餐厅,鸿福面馆,琉璃渠大街与石担路交叉口西400米 | 营业时间:周一至周日 10:00-22:00,3.9,3.6,14,https://store.is.autonavi.com/showpic/c4d473cd4c4d6397afd4151dbb7b45b9,116.087869,39.969888
,403,,宝顺宅院-私房菜(门头沟琉璃渠店),私房菜,宝顺宅院-私房菜(门头沟琉璃渠店),琉璃渠村后街与琉璃渠后街交叉口西260米 | 营业时间:周一至周日 09:30-01:00,6.6,3.7,153,,116.088218,39.971173
,405,,三时生活享院,中餐厅,三时生活享院,七王坟路91号南 | 营业时间:周一至周日 10:30-21:30 | 电话:010-62460279;18513056378;18611306276,3,4.4,96,,116.100777,40.082766
,405,,食育堂,中餐厅,食育堂,"北京城区北京城区七王坟村75-2 | 营业时间:周一至周日 10:00-13:30,16:00-20:00 | 电话:13241355338",6.9,4.1,67,https://store.is.autonavi.com/showpic/5a10b0275e2656587d80e7dd308aed06,116.098522,40.083327
,405,,山林咖啡,咖啡厅,山林咖啡,阳台山路33号,5.4,3.8,29,https://store.is.autonavi.com/showpic/908f17fbe83d45bc2426dee766aadb32,116.105471,40.067921
,406,,乡菜馆,中餐厅,乡菜馆,北安河路与台头村路交叉口西北60米,9,3,0,https://store.is.autonavi.com/showpic/769962f10131ca6782d384a01341424e,116.117143,40.10815
,406,,精品家常菜果木炭,中餐厅,精品家常菜果木炭,凤凰岭路与聂各庄路交叉口东120米,4.5,2.6,51,http://store.is.autonavi.com/showpic/8dbf019ea77c2da28e4b9eb2abea29ea,116.119039,40.107185
,406,,老饭盒(第1风味北京平艳小吃店),中餐厅,老饭盒(第1风味北京平艳小吃店),北安河路与台头村路交叉口北80米,4.2,2.9,14,,116.117325,40.108325
,406,,西山小厨早点,中餐厅,西山小厨早点,北安河路与台头村路交叉口东20米 | 营业时间:周一至周日 10:00-15:00,4.1,3.9,12,https://store.is.autonavi.com/showpic/bfcb036c9b583f63363be7c0bd1a2ad4,116.117739,40.107613
,406,,姥家大锅台·铁锅地灶(苏家坨店),五花肉,姥家大锅台·铁锅地灶(苏家坨店),凤凰岭路与聂各庄路交叉口东120米 | 营业时间:周一至周日 10:00-22:00 | 电话:010-62477081;13161900363,9.3,4.4,87,https://comment-oss-online.oss-cn-wulanchabu.aliyuncs.com/B0FFL9CJAP/comment/1EDC8E86_D67C_4998_9FF4_FB5387F455BB_L0_001_IMG_8477_1653134926941_ea32fd18.PNG,116.11901,40.107158
,406,,兰州老马家美食清真餐厅凤凰店,烤串,兰州老马家美食清真餐厅凤凰店,苏家坨镇台头村环岛南商房 | 营业时间:周一至周日 10:00-23:00 | 电话:13993099752,3.3,4.3,58,https://aos-comment.amap.com/B0FFH6WNQQ/comment/394430e0b125e32fd2b849f55e0ffdc8_2048_2048_80.jpg,116.11852,40.107178
,406,,味道香山烤鸭店(凤凰岭店),烤鸭,味道香山烤鸭店(凤凰岭店),苏家坨镇台头村凤凰岭路味道香山烤鸭店 | 营业时间:周一至周日 10:00-21:00 | 电话:18810866472,3.2,4.5,82,http://store.is.autonavi.com/showpic/65c044cb186d5d99bfe86cd98c8c7e71,116.118775,40.107185
,406,,牛头宴,牛头宴,牛头宴,凤凰岭路与聂各庄路交叉口东80米,0.1,3.7,89,https://store.is.autonavi.com/showpic/9a4f28188380a8194b64cf6da9999089,116.118448,40.107348
,406,,五谷丰香饺子馆(总店),豆腐,五谷丰香饺子馆(总店),苏家坨镇台头村 | 营业时间:周一至周日 10:00-21:00 | 电话:17710468832,8,4.5,55,https://aos-comment.amap.com/B000A8XR44/comment/IMG_20250323_135454_tem_1742709307088_89441731.jpg,116.118436,40.10732
,407,,乡菜馆,中餐厅,乡菜馆,北安河路与台头村路交叉口西北60米,0.5,3,0,https://store.is.autonavi.com/showpic/769962f10131ca6782d384a01341424e,116.117143,40.10815
,407,,老饭盒(第1风味北京平艳小吃店),中餐厅,老饭盒(第1风味北京平艳小吃店),北安河路与台头村路交叉口北80米,1.4,2.9,14,,116.117325,40.108325
,407,,锡盟风情,宫保鸡丁,锡盟风情,苏家坨镇凤凰岭路东北346路台头村车站西行200米 | 营业时间:周一至周五 09:00-21:00；周六至周日 08:00-21:00 | 电话:010-62460540,0.1,4.4,65,https://store.is.autonavi.com/showpic/78f44bb16c61ecaaa58ebded3e4072e9,116.115103,40.10834
,408,,红鸽私房粤菜,烧鹅,红鸽私房粤菜,"苏家坨镇温泉路南安河东公交站旁路北 | 营业时间:周一至周日 11:00-14:00,17:00-21:00 | 电话:15718820898;15910321823",3.5,4.6,97,http://store.is.autonavi.com/showpic/481cd91400564fdb50a25eb719eda9e3,116.143391,40.053154
,409,,四季民福烤鸭店(故宫店),小豆凉糕,四季民福烤鸭店(故宫店),南池子大街11号故宫东门旁(距趣拿步行780m) | 营业时间:周一至周日 00:00-21:30 | 电话:010-65267369;13521873487,5.7,4.8,181,http://store.is.autonavi.com/showpic/4b7d9bedcbdb8eff378f08fef54cfed2,116.402873,39.914525
,409,,河沿肉饼Beijing Pie(故宫店),肉饼,河沿肉饼Beijing Pie(故宫店),南池子大街11号1幢1层1号 | 营业时间:周二至周日 09:00-21:00 | 电话:010-65237811,6.6,4.6,61,https://store.is.autonavi.com/showpic/72ae16c2fb7aed3123ca1a018b19a721,116.402913,39.91461
,411,,渔蓝海鲜火锅(首都宾馆店),双人餐,渔蓝海鲜火锅(首都宾馆店),首都宾馆A座一层大堂吧东北角 | 营业时间:周一至周日 16:30-21:30 | 电话:010-58159566,3.5,4.6,163,https://aos-comment.amap.com/B0JRZGS12N/comment/982239bae377647ec1abd48304e1a1e9_2048_2048_80.jpg,116.409635,39.902001
,411,,食鼎轩烤鸭·私房菜(北京王府井台基厂大街店),家常菜,食鼎轩烤鸭·私房菜(北京王府井台基厂大街店),"台基厂大街10-1号 | 营业时间:周一至周日 09:30-14:00,16:30-21:30 2026-05-01至2026-05-05 周一至周日 09:30-14:00,16:30-21:30 | 电话:010-63445868;18519118048",3.2,4.6,70,https://aos-comment.amap.com/B0KGRMA21S/comment/content_media_external_file_100003357_1767011828140_18373911.jpg,116.411861,39.903494
,411,,北京隆和居美食城(正义路店),干锅千页豆腐,北京隆和居美食城(正义路店),东华门街道正义路8号(原市政府斜对面) | 营业时间:周一至周日 10:00-22:30 | 电话:010-65263265;13520777900,7.4,4.4,73,https://store.is.autonavi.com/showpic/72fbdf46904d9ac20000002152518124?type=pic,116.406444,39.903414
,411,,松鹤楼(台基厂店),松鼠桂鱼,松鹤楼(台基厂店),"北京城区台基厂大街10号(东郊民巷小学旁) | 营业时间:周一至周日 11:00-14:00,17:00-21:00 2026-02-17至2026-02-23 周一至周日 11:00-14:00,16:30-21:00 | 电话:010-65278195;010-65279255",2.7,4.5,153,http://store.is.autonavi.com/query_pic?id=st4e59a81c-8dd5-4876-9cdf-1e3afe32ebe2&user=search&operate=original,116.411839,39.903469
,411,,君庭中餐厅(首都宾馆店),牛肉,君庭中餐厅(首都宾馆店),"前门东大街3号首都宾馆东北门门房 | 营业时间:周一至周日 11:00-14:00,17:00-21:00 | 电话:010-58159788",4.9,4.4,213,https://aos-comment.amap.com/comment/content_service__1771506306909_36408294_1771506354089_05149994.jpg,116.408956,39.902119
,411,,奥华餐厅老张记(台基厂店),虾仁独面筋,奥华餐厅老张记(台基厂店),北京城区台基厂大街18-3号 | 营业时间:周一至周日 10:30-21:30 | 电话:010-65129289;010-65244021,6.5,4.6,62,http://store.is.autonavi.com/showpic/a44d4745fdde65bc76e850f893a9937b,116.411937,39.902869
,412,,冠香小馆,中餐厅,冠香小馆,大窦路14号水墨林溪一区 | 电话:15611915062,4.9,3.3,41,http://store.is.autonavi.com/showpic/c3638ad0c4ba3d2dfcdc4379ea49101c,116.066321,39.687017
,412,,山东人家·滕州辣子鸡,中餐厅,山东人家·滕州辣子鸡,"窦店镇腾龙家园五区4号1层-06 | 营业时间:周一至周日 09:00-14:00,16:00-22:00 | 电话:13011051658",3.4,4,25,https://aos-comment.amap.com/B0LB2GCE5P/comment/content_media_external_file_19790_ss__1757993106388_43713198.jpg,116.063853,39.688789
,412,,鲜合面馆,中餐厅,鲜合面馆,大窦路14号水墨林溪一区,1.8,3.5,20,https://store.is.autonavi.com/showpic/c51a896a907bce39c3ffe212393424f5,116.066375,39.686925
,412,,忆家饭店,浙江菜,忆家饭店,营业时间:周一至周日 09:00-22:00 | 电话:15910717582,5.1,3.5,36,http://store.is.autonavi.com/showpic/7089693e611239c636fe1696715241b2,116.063635,39.68388
,412,,草原风味烤羊腿,羊肉串,草原风味烤羊腿,大窦路与阎周路交汇处西南角(红绿灯) | 营业时间:周一至周日 09:00-22:00 | 电话:13520065843;13691441659,3,3.9,81,http://store.is.autonavi.com/showpic/570ef8833dd99d1e83437c4ebdf17783,116.067809,39.683892
,412,,客满堂驴肉馆,驴肉,客满堂驴肉馆,下坡店村一区6号 | 营业时间:周一至周日 08:00-21:00 | 电话:13426270211,6.8,4,70,http://store.is.autonavi.com/showpic/3184c8c9f5f3baf2bb0a54475ba8a4d9,116.06743,39.683938
,412,,张亮麻辣烫(北京信息大学店),麻辣烫,张亮麻辣烫(北京信息大学店),腾龙家园27号楼27-1 | 营业时间:周一至周日 10:00-21:00 | 电话:13718584778,7.8,3.7,30,https://img.alicdn.com/imgextra/i2/O1CN013Da1GK1Ex2GzcHFBd_!!6000000000417-49-tps-750-750.webp,116.066237,39.68718
,416,,冠香小馆,中餐厅,冠香小馆,大窦路14号水墨林溪一区 | 电话:15611915062,1.5,3.3,41,http://store.is.autonavi.com/showpic/c3638ad0c4ba3d2dfcdc4379ea49101c,116.066321,39.687017
,416,,山东人家·滕州辣子鸡,中餐厅,山东人家·滕州辣子鸡,"窦店镇腾龙家园五区4号1层-06 | 营业时间:周一至周日 09:00-14:00,16:00-22:00 | 电话:13011051658",9.1,4,25,https://aos-comment.amap.com/B0LB2GCE5P/comment/content_media_external_file_19790_ss__1757993106388_43713198.jpg,116.063853,39.688789
,416,,鲜合面馆,中餐厅,鲜合面馆,大窦路14号水墨林溪一区,0.9,3.5,20,https://store.is.autonavi.com/showpic/c51a896a907bce39c3ffe212393424f5,116.066375,39.686925
,416,,忆家饭店,浙江菜,忆家饭店,营业时间:周一至周日 09:00-22:00 | 电话:15910717582,5,3.5,36,http://store.is.autonavi.com/showpic/7089693e611239c636fe1696715241b2,116.063635,39.68388
,416,,草原风味烤羊腿,羊肉串,草原风味烤羊腿,大窦路与阎周路交汇处西南角(红绿灯) | 营业时间:周一至周日 09:00-22:00 | 电话:13520065843;13691441659,0.6,3.9,81,http://store.is.autonavi.com/showpic/570ef8833dd99d1e83437c4ebdf17783,116.067809,39.683892
,416,,客满堂驴肉馆,驴肉,客满堂驴肉馆,下坡店村一区6号 | 营业时间:周一至周日 08:00-21:00 | 电话:13426270211,2.3,4,70,http://store.is.autonavi.com/showpic/3184c8c9f5f3baf2bb0a54475ba8a4d9,116.06743,39.683938
,416,,张亮麻辣烫(北京信息大学店),麻辣烫,张亮麻辣烫(北京信息大学店),腾龙家园27号楼27-1 | 营业时间:周一至周日 10:00-21:00 | 电话:13718584778,1.6,3.7,30,https://img.alicdn.com/imgextra/i2/O1CN013Da1GK1Ex2GzcHFBd_!!6000000000417-49-tps-750-750.webp,116.066237,39.68718
,417,,luckin coffee瑞幸咖啡(万霖大厦店),三明治,luckin coffee瑞幸咖啡(万霖大厦店),上地街道农大南路88号万霖大厦1号楼一层1-105号 | 营业时间:周一至周日 07:30-21:00 | 电话:4000100100,8.5,4.1,13,https://store.is.autonavi.com/showpic/c287706810a95e84ab635a931ccf264d?operate=original,116.300981,40.02412
,417,,得道咖啡(万霖大厦店),巧克力,得道咖啡(万霖大厦店),万霖大厦东北门旁 | 营业时间:周一至周日 09:00-20:30 | 电话:15293578196;15652681902;18001062969,2,4.1,22,https://aos-comment.amap.com/B0JA1NMYJR/comment/content_media_external_images_media_100000059_1744269350930_30255966.jpg,116.301014,40.024185
,417,,西北狼烤羊腿串吧·盖饭(万霖大厦店),烤串,西北狼烤羊腿串吧·盖饭(万霖大厦店),农大南路88号万霖大厦1层 | 营业时间:周一至周日 11:00-01:00 | 电话:15701140333,2.8,4.3,66,http://store.is.autonavi.com/showpic/d98e3be09d3e213e1c7ccc4f98e84eea,116.300989,40.024191
,417,,川妹子烤鱼家常菜(农大南路店),烤鱼,川妹子烤鱼家常菜(农大南路店),"农大南路88号1号楼一层1008号 | 营业时间:周一至周日 09:30-14:00,16:30-22:30 | 电话:13683568588;18003578659",7.4,4.2,114,https://aos-comment.amap.com/B0FFFFCTMV/comment/979bc3fd468913004f91b9897e13bb8a_2048_2048_80.jpg,116.300908,40.02457
,417,,得道私厨,狮子头,得道私厨,"北京城区农大南路88号万霖大厦F1层 | 营业时间:周一至周日 11:00-14:00,17:00-22:00 2026-02-17至2026-02-23 周一至周日 10:00-14:00,17:00-22:00 | 电话:18001062969",8.2,4.5,231,https://store.is.autonavi.com/showpic/a2b8a906074ce83b0000002103956636?type=pic,116.300953,40.024167
,417,,富亿城·小酒馆·羊蝎子火锅,羊蝎子火锅,富亿城·小酒馆·羊蝎子火锅,北京城区树村农大南路88号1号楼B1-249,4.4,3.5,46,https://store.is.autonavi.com/showpic/625a728e528e181c4867866d4a92a659,116.300975,40.024175
,417,,亦早亦晚·豆腐脑·油条·馅饼(农大南路店),豆腐脑,亦早亦晚·豆腐脑·油条·馅饼(农大南路店),"农大南路88号万霖大厦F1层 | 营业时间:周一至周日 06:30-14:00,16:30-20:00 | 电话:13521838889;13622066693",8.8,4.2,21,https://aos-comment.amap.com/B0IBFH2A8L/comment/3814d1d7e0011acfe213b9bf16f5dc48_2048_2048_80.jpg,116.300891,40.024374
,417,,豆腐脑小碗菜,豆腐脑,豆腐脑小碗菜,农大南路88号万霖大厦F1层,1.9,3.3,0,https://store.is.autonavi.com/showpic/48d5ec60044110dbc76d57fae637eced,116.300952,40.024259
,417,,老浒记民俗酒楼(农大南路店),鸡肉,老浒记民俗酒楼(农大南路店),农大南路33号56号楼1-2层 | 营业时间:周一至周日 06:00-21:30 | 电话:010-62965748;010-62968412,3.4,4.4,105,http://aos-cdn-image.amap.com/sns/ugccomment/0297a1cd-2370-4251-bf69-9d3fae2c5ab0.jpg,116.300349,40.025197
,419,,库迪咖啡(上地科实大厦店),【爆款,库迪咖啡(上地科实大厦店),北京城区信息路甲28号科实大厦1层(楠火锅店内) | 营业时间:周一至周五 07:30-18:30 | 电话:13671055675,1.4,4,9,https://store.is.autonavi.com/showpic/7b0db620ddccbe9ff42ce59100617216?operate=original?operate=original?operate=original?operate=original,116.311896,40.034743
,419,,优贤农村大锅炖菜,中餐厅,优贤农村大锅炖菜,信息路甲28号科实大厦,6,2.9,0,https://store.is.autonavi.com/showpic/4c5439e04efbfa9d71dbdd49ad19942c,116.311925,40.034625
,419,,沂蒙山特色炒鸡,中餐厅,沂蒙山特色炒鸡,信息路甲28号科实大厦F1层,3.5,3.4,21,https://store.is.autonavi.com/showpic/ffce0eea59eeb5059ac4e44c2c702592,116.311875,40.034539
,419,,薯之缘砂锅麻酱土豆粉(第8档口天下膳食美食城店),中餐厅,薯之缘砂锅麻酱土豆粉(第8档口天下膳食美食城店),北京城区信息路甲28号科实大厦 | 营业时间:周一至周日 10:00-24:00,7.9,3,22,https://store.is.autonavi.com/showpic/c4ded9eccc1f1f342034e313b28956d4,116.311825,40.034525
,419,,门框胡同百年卤煮(上地店),单人餐,门框胡同百年卤煮(上地店),北京城区信息路甲28号科实大厦F1层 | 营业时间:周一至周日 10:00-22:00 | 电话:18710159363,6.5,4.5,49,https://aos-comment.amap.com/B0GKBCI1XQ/comment/2302F9B1_0535_4DF7_B8EF_278775952C12_L0_001_1170_1266_1742717240419_22278116.jpg,116.311688,40.034768
,419,,江边城外烤全鱼(科实大厦店),怪味烤鱼豆豉清江鱼,江边城外烤全鱼(科实大厦店),信息路甲28号科实大厦1层 | 营业时间:周一至周日 10:30-21:00 | 电话:010-82781832;13601241062;4006665353,8.2,4.5,81,http://store.is.autonavi.com/query_pic?id=stac932926-ab2e-4bb2-9870-4079f1db011c&user=search&operate=original,116.311733,40.034588
,419,,丝路传奇·中国拉面航母店(上地店),拉面,丝路传奇·中国拉面航母店(上地店),北京城区信息路甲28号科实大厦 | 营业时间:周一至周日 00:00-24:00 | 电话:13126875685,3.1,4.6,26,https://store.is.autonavi.com/showpic/5b08144bca127e380000001116748847?type=pic,116.31181,40.035052
,419,,三只羊铜锅涮肉,涮羊肉,三只羊铜锅涮肉,上地二街与信息路交叉口西南40米 | 营业时间:周一至周日 09:00-21:30 | 电话:010-82773986,4.4,4.5,93,https://aos-comment.amap.com/B0KBOZELLW/comment/2F31ECBA_5683_4C59_9F7F_F79D3657F9F2_L0_001_1500_200_1760877980523_58299987.jpg,116.310994,40.034077
,419,,香宝宝·新疆烤包子烤馕,烤馕,香宝宝·新疆烤包子烤馕,信息路甲28号科实大厦,8.1,3.3,29,,116.311575,40.035175
,419,,管氏翅吧(上地店),精酿梅汤,管氏翅吧(上地店),信息路甲28科实大厦A座 | 营业时间:周一至周日 11:00-24:00 | 电话:010-62987456;13260007359,6.4,4.7,85,http://store.is.autonavi.com/query_pic?id=stf0e84b3d-3735-4150-b766-66c549b277d9&user=search&operate=original,116.31156,40.035227
,419,,吕记羊肉罩烩饼(第20档口天下膳食美食城店),羊肉,吕记羊肉罩烩饼(第20档口天下膳食美食城店),信息路甲28号科实大厦,3.9,2.7,19,,116.311775,40.034575
,419,,缘味奔跑吧蛋炒饭,蛋炒饭,缘味奔跑吧蛋炒饭,信息路甲28号科实大厦,7.6,2.6,0,,116.311825,40.034575
,419,,阳坊胜利涮羊肉(龙泉湖写字楼店),酸梅汤,阳坊胜利涮羊肉(龙泉湖写字楼店),上地二街2号 | 营业时间:周一至周日 09:00-22:00 | 电话:010-82773986,0.2,2.6,128,http://store.is.autonavi.com/showpic/6615fca9f0f437b49e4a92299953c2dc,116.310986,40.034096
,419,,熊太婆·老武汉小吃(上地店),鲜肉藕夹,熊太婆·老武汉小吃(上地店),北京城区信息路甲28号1层01C | 营业时间:周一至周日 07:30-21:30 | 电话:18513399920,7.9,4.6,40,https://aos-comment.amap.com/B0L1AAICBP/comment/content_media_external_file_100000377_1768286806938_01202263.jpg,116.311616,40.035072
,420,,贤和斋,中餐厅,贤和斋,四季青镇旱河路368号木屋一号院 | 营业时间:周一至周日 10:00-22:30,0.5,3.8,0,http://store.is.autonavi.com/showpic/44e5ff9c5af40cadfeccb472370c1277,116.247837,39.94554
,422,,108融舍·四季主题餐厅,中餐厅,108融舍·四季主题餐厅,万泉庄路与万柳西路交叉口西60米长春健身园北门 | 营业时间:周一至周日 09:30-22:30 | 电话:17316081319,9,4.5,101,https://aos-comment.amap.com/B0LG3R9Y93/comment/892EC3A1_EED5_45E9_9729_616B796926FB_L0_001_1145_123_1758849107853_30501178.jpg,116.291175,39.966725
,423,,luckin coffee 瑞幸咖啡(火器营店),三明治,luckin coffee 瑞幸咖啡(火器营店),金源娱乐园北门西110米(火器营地铁站A西北口步行150米) | 营业时间:周一至周五 07:00-21:00；周六至周日 08:00-21:00,7.1,4.1,18,https://store.is.autonavi.com/showpic/c287706810a95e84ab635a931ccf264d?operate=original,116.287376,39.966415
,423,,108融舍·四季主题餐厅,中餐厅,108融舍·四季主题餐厅,万泉庄路与万柳西路交叉口西60米长春健身园北门 | 营业时间:周一至周日 09:30-22:30 | 电话:17316081319,5.2,4.5,101,https://aos-comment.amap.com/B0LG3R9Y93/comment/892EC3A1_EED5_45E9_9729_616B796926FB_L0_001_1145_123_1758849107853_30501178.jpg,116.291175,39.966725
,426,,早点铺(门头馨东街店),中餐厅,早点铺(门头馨东街店),门头馨园北区东门东南50米,3.1,3.8,12,https://store.is.autonavi.com/showpic/fb147c096c381ffec95383dc9d8477b8,116.22606,39.978891
,426,,地摊烧烤,特色/地方风味餐厅,地摊烧烤,闵庄路82号门头馨园南区,0.4,2.9,110,,116.223425,39.975425
,426,,鑫源串吧铁锅炖,铁锅炖,鑫源串吧铁锅炖,门头馨园路与门头馨东街交叉口东80米,3.9,2,0,,116.226225,39.977825
,429,,敢为天下鲜,中餐厅,敢为天下鲜,尚峰尚水尚峰园,1.6,2.6,0,,116.182225,40.047525
,429,,滩羊铺子南北疆特色汇(海淀温泉店),新疆手抓饭,滩羊铺子南北疆特色汇(海淀温泉店),"北京城区温泉镇司法所南门路南 | 营业时间:周一至周五 11:00-14:00,17:00-22:00；周六至周日 11:00-14:30,17:00-22:00 | 电话:13910251054",6.5,4.7,89,https://aos-comment.amap.com/B0J1ZHI8WH/comment/82216add619e0ff2bc9b51baa13005b4_2048_2048_80.jpg,116.180329,40.047565
,429,,百福寻味川菜·水煮鱼,爆炒腰花,百福寻味川菜·水煮鱼,温泉镇白家疃西路33号院1号楼3层101-F3-02/03 | 营业时间:周一至周日 10:00-21:30 | 电话:010-88876836;13051041568,1.2,4.4,97,https://aos-comment.amap.com/B0L65ZNOFU/comment/%5B2025-12-21-23-58-54%5D60FF9E5B-0FAD-4DC4-A04B-8FA6C2BB001_1766332735888_57328887.jpg,116.180965,40.046154
,429,,小太和安徽板面牛杂面,牛杂面,小太和安徽板面牛杂面,"北京城区显龙山19号1幢1层125 | 营业时间:周一至周日 00:00-09:59,10:00-24:00 | 电话:13121787185",2.7,3.9,23,http://store.is.autonavi.com/showpic/86d1787eefa8e470ac96277c5f82601a,116.178576,40.048779
,430,,牛肉板面(香山路店),板面,牛肉板面(香山路店),香山向阳新村226号 | 电话:15711132732,2.3,3.9,17,http://store.is.autonavi.com/showpic/c580f9674fc22a6d542dabe394961ef2,116.237202,40.000064
,432,,冠香小馆,中餐厅,冠香小馆,大窦路14号水墨林溪一区 | 电话:15611915062,5.3,3.3,41,http://store.is.autonavi.com/showpic/c3638ad0c4ba3d2dfcdc4379ea49101c,116.066321,39.687017
,432,,山东人家·滕州辣子鸡,中餐厅,山东人家·滕州辣子鸡,"窦店镇腾龙家园五区4号1层-06 | 营业时间:周一至周日 09:00-14:00,16:00-22:00 | 电话:13011051658",3.2,4,25,https://aos-comment.amap.com/B0LB2GCE5P/comment/content_media_external_file_19790_ss__1757993106388_43713198.jpg,116.063853,39.688789
,432,,鲜合面馆,中餐厅,鲜合面馆,大窦路14号水墨林溪一区,4.1,3.5,20,https://store.is.autonavi.com/showpic/c51a896a907bce39c3ffe212393424f5,116.066375,39.686925
,432,,忆家饭店,浙江菜,忆家饭店,营业时间:周一至周日 09:00-22:00 | 电话:15910717582,9,3.5,36,http://store.is.autonavi.com/showpic/7089693e611239c636fe1696715241b2,116.063635,39.68388
,432,,草原风味烤羊腿,羊肉串,草原风味烤羊腿,大窦路与阎周路交汇处西南角(红绿灯) | 营业时间:周一至周日 09:00-22:00 | 电话:13520065843;13691441659,3.8,3.9,81,http://store.is.autonavi.com/showpic/570ef8833dd99d1e83437c4ebdf17783,116.067809,39.683892
,432,,客满堂驴肉馆,驴肉,客满堂驴肉馆,下坡店村一区6号 | 营业时间:周一至周日 08:00-21:00 | 电话:13426270211,3.7,4,70,http://store.is.autonavi.com/showpic/3184c8c9f5f3baf2bb0a54475ba8a4d9,116.06743,39.683938
,432,,张亮麻辣烫(北京信息大学店),麻辣烫,张亮麻辣烫(北京信息大学店),腾龙家园27号楼27-1 | 营业时间:周一至周日 10:00-21:00 | 电话:13718584778,3.8,3.7,30,https://img.alicdn.com/imgextra/i2/O1CN013Da1GK1Ex2GzcHFBd_!!6000000000417-49-tps-750-750.webp,116.066237,39.68718
,433,,吉祥厨房,中餐厅,吉祥厨房,北四环西路68号(万泉河桥地铁站C东南口步行260米),7.2,3.5,0,http://store.is.autonavi.com/showpic/6e73e466e89840b6668c957c3a52d2e6,116.304319,39.984238
,433,,容海烧肉面(中关村店),中餐厅,容海烧肉面(中关村店),北四环西路68号中关村图书大厦F2层,0.2,2.8,12,,116.304637,39.984102
,433,,小厨当家·川湘小炒,中餐厅,小厨当家·川湘小炒,海淀大街与苏州街交叉口西120米,9,2.7,0,,116.304325,39.984325
,433,,昆仑天香美食广场(中关村图书大厦店),中餐厅,昆仑天香美食广场(中关村图书大厦店),北四环西路68号中关村图书大厦F1层 | 营业时间:周一至周日 09:00-21:00,1,4.5,19,https://store.is.autonavi.com/showpic/f14db3a3969501c903377c31dbc0e3eb,116.304818,39.984108
,433,,湘当馋芝士烤冷面臭豆腐(海淀中关村店),中餐厅,湘当馋芝士烤冷面臭豆腐(海淀中关村店),海淀大街与苏州街交叉口西80米,4.4,3.2,20,,116.304698,39.984116
,433,,晋状元刀削面(中关村店),刀削面,晋状元刀削面(中关村店),左岸工社南门西南50米(万泉河桥地铁站C东南口步行290米) | 营业时间:周一至周日 10:00-22:00 | 电话:13623595219,8.2,3.5,27,https://store.is.autonavi.com/showpic/c43204238216669ed7226c9ca67fc9d2,116.304674,39.98382
,433,,小谷姐姐麻辣拌·麻辣烫(左岸工社店),单人餐,小谷姐姐麻辣拌·麻辣烫(左岸工社店),海淀街道北四环西路68号左岸工社1层105室 | 营业时间:周一至周日 00:00-24:00 | 电话:15801111276,5.1,4.4,25,https://img.alicdn.com/imgextra/i1/O1CN019125401fyP4B1coyb_!!6000000004075-2-tps-267-202.png,116.305144,39.984443
,433,,草木禅房养生素食(北大店),单人餐,草木禅房养生素食(北大店),苏州街甲16号一层(万泉河桥地铁站C东南口步行440米) | 营业时间:周一至周日 16:30-21:00 | 电话:010-69558066,8.7,4.6,389,https://aos-comment.amap.com/B0FFLA3SA1/comment/974a4ad890c26d7a0c2cb9d0d2f610ce_2048_2048_80.jpg,116.305873,39.984145
,433,,遇见夏宫咖啡(中关村图书大厦店),咖啡厅,遇见夏宫咖啡(中关村图书大厦店),北四环西路68号中关村图书大厦F2层 | 营业时间:周一至周日 09:30-20:00 | 电话:15010613610,0.5,3.4,20,,116.304776,39.984333
,433,,农耕记外卖专门店(海淀大街店),土豆丝,农耕记外卖专门店(海淀大街店),北四环西路68号中关村图书大厦F2层 | 电话:15727317605,9.1,3.7,66,https://img.alicdn.com/imgextra/i1/O1CN01RxhfSE2803jxSBT2C_!!6000000007869-2-tps-332-336.png,116.304323,39.984353
,433,,柳小碗小碗菜,小碗菜,柳小碗小碗菜,海淀大街与苏州街交叉口西100米,3,3.4,0,,116.304534,39.984333
,433,,螺遇牛.牛杂螺蛳粉(北京中关村店),炸蛋,螺遇牛.牛杂螺蛳粉(北京中关村店),北京城区北四环西路68号院1层106号 | 营业时间:周一至周日 11:00-23:00 | 电话:17276386827,7.8,4.5,25,https://aos-comment.amap.com/B0L1CH5CS8/comment/content_media_external_file_405996_ss__1767052379947_40352221.jpg,116.305045,39.984524
,433,,烤鱼工房,烤鱼,烤鱼工房,海淀大街与苏州街交叉口西100米,3.5,2.6,0,,116.304575,39.984225
,433,,晋华府手擀面(中关村图书大厦店),牛肉,晋华府手擀面(中关村图书大厦店),中关村图书大厦南门旁(万泉河桥地铁站C东南口步行340米) | 营业时间:周一至周日 08:00-11:30 | 电话:15235909577;18035957561,0.8,4.1,30,http://store.is.autonavi.com/showpic/0783db4a81b00c69eb8571e8a49c2c14,116.305155,39.984169
,433,,秦川牛肉汤,牛肉汤,秦川牛肉汤,苏州街与海淀大街交叉口西80米,6.2,2.7,0,https://store.is.autonavi.com/showpic/e4844e24b29971eb0c0466a256b4ed47,116.304725,39.984225
,433,,开心饺子·手工大馅水饺,特色/地方风味餐厅,开心饺子·手工大馅水饺,北四环西路辅路与苏州街交叉口西南120米,0.1,2.5,0,,116.304367,39.984388
,433,,浣熊食堂(中关村店),特色/地方风味餐厅,浣熊食堂(中关村店),北四环西路68号2层202号,0.6,4.1,23,https://store.is.autonavi.com/showpic/5f25d0a906e3fbd61d4be5393fb44e80,116.304306,39.984111
,433,,饺子妞水饺物语,特色/地方风味餐厅,饺子妞水饺物语,北四环西路68号中关村图书大厦B1层 | 营业时间:周一至周日 09:00-21:00 | 电话:15382135787,6.3,4,16,https://store.is.autonavi.com/showpic/3d4cc8e1aecde45be35242b791b36372,116.304615,39.984188
,433,,袁记贵州羊肉粉,米粉,袁记贵州羊肉粉,海淀大街与苏州街交叉口西60米 | 营业时间:周一至周日 08:00-23:30 | 电话:18230931724,4.1,4.5,23,https://aos-comment.amap.com/B0J34H3HWC/comment/8713aa28194118b51c146aa155f0723d_2048_2048_80.jpg,116.304915,39.984112
,433,,三秦味道(左岸工社店),面食,三秦味道(左岸工社店),北四环西路68号左岸工社F1层 | 营业时间:周一至周日 10:30-24:00 | 电话:010-82676568;13371679508,3.4,4.4,50,http://store.is.autonavi.com/showpic/630a1dc758d0e7c49301729ac1ce88b1,116.304204,39.984137
,433,,马兰拉面汤专家(苏州街店),马兰拉面,马兰拉面汤专家(苏州街店),北京城区北四环西路68号中关村图书大厦 | 营业时间:周一至周日 06:30-21:30 | 电话:13521842263,0.2,4,24,https://store.is.autonavi.com/showpic/93daff4aa6076df01e99714495ab39bb,116.30408,39.984152
,433,,湘了个西(中关村店),黄焖汉寿大甲鱼,湘了个西(中关村店),海淀街道北四环西路68号左岸工社正门西南角 | 营业时间:周一至周日 10:30-22:00 | 电话:010-82623602;010-82623662;17611755365,5.3,4.6,63,https://aos-comment.amap.com/B0FFLK77US/comment/content_media_external_file_100003800_1757494250174_49079066.jpg,116.304033,39.984142
,434,,家味主食坊(柳浪家园店),中餐厅,家味主食坊(柳浪家园店),柳浪家园北里南3门旁,5,3.4,10,https://aos-comment.amap.com/B0JDS7RJ60/comment/content_media_external_images_media_1000039653_ss__1740350106425_91337733.jpg,116.296471,40.031544
,434,,海淀食堂(头壹号马连洼店),中餐厅,海淀食堂(头壹号马连洼店),马连洼北路8号万霖科技大厦F1层,4.6,3.8,21,,116.296884,40.03362
,434,,秦晋手擀面川湘菜(万霖科技大厦店),手擀面,秦晋手擀面川湘菜(万霖科技大厦店),马连洼北路8号B座一层108 | 营业时间:周一至周日 11:30-22:30 | 电话:13671298083;18311308186,8.9,4,80,https://store.is.autonavi.com/showpic/921fa6c9bb09433eff10909996a6239a,116.296764,40.033645
,434,,Tims天好咖啡(万霖科技大厦捷枫),柠檬气泡饮,Tims天好咖啡(万霖科技大厦捷枫),上地街道马连洼北路8号C座1层112室 | 营业时间:周一至周五 07:00-22:00；周六至周日 07:00-22:00 | 电话:15810066970,2.1,4.1,25,http://store.is.autonavi.com/query_pic?id=st1a318338-7770-4717-a3c2-d24271293e86&user=search&operate=original,116.297125,40.033475
,434,,家门口饺子馆,特色/地方风味餐厅,家门口饺子馆,马连洼北路8号万霖科技大厦F1层 | 营业时间:周一至周日 09:30-22:00 | 电话:18210422750,5.2,4.1,28,https://store.is.autonavi.com/showpic/e4c6e3e0df13db0991767160f4f67868,116.296841,40.033637
,434,,AK47烤羊腿串吧(柳浪家园店),秘制烤羊腿,AK47烤羊腿串吧(柳浪家园店),"马连洼北路万霖科技大厦C座2层 | 营业时间:周一至周日 11:00-14:00,16:30-23:00 2026-02-15至2026-02-23 周一至周日 全天关闭 | 电话:010-82480600",8.5,4.6,97,https://aos-comment.amap.com/B0FFIZL3UD/comment/2203f61065b8ccce49b68504c5975ae9_2048_2048_80.jpg,116.297787,40.033639
,434,,鲸鱼悦·鱼掌门鱼火锅(上地店),网红椰子冻,鲸鱼悦·鱼掌门鱼火锅(上地店),北京城区马连洼北路8号万霖科技大厦B座106 | 营业时间:周一至周日 10:00-22:00 | 电话:010-82708390,0.1,4.6,125,http://store.is.autonavi.com/showpic/f29110e619f82ad0d0ee2259dde24a68,116.296722,40.03364
,434,,全虾堂,蒜蓉小龙虾,全虾堂,"马连洼北路万霖科技大厦c座C105 | 营业时间:周一至周日 11:00-14:00,16:30-23:30 | 电话:17701370257",8.4,4.5,111,https://store.is.autonavi.com/showpic/5aeaffe2a0f823c10000002473798196?type=pic,116.297537,40.033593
,434,,阿彩妹·鲜烫牛肉米线(马连洼北路店),骨汤,阿彩妹·鲜烫牛肉米线(马连洼北路店),北京城区马连洼北路8号C座1层103室 | 营业时间:周一至周日 08:00-23:00 | 电话:13552437826,2.2,3.9,23,https://store.is.autonavi.com/showpic/ad3238f145987eab5db41cee7b32afbe,116.296925,40.033625
,434,,南城香(马连洼店),鸡肉,南城香(马连洼店),马连洼北路8号万霖科技大厦C座一层106室 | 营业时间:周一至周日 06:00-21:30 | 电话:18967287745,6.7,4.5,30,http://store.is.autonavi.com/query_pic?id=st1f4d36d8-a299-4197-a0e1-9c6f3c864e58&user=search&operate=original,116.297653,40.033641
,435,,luckin coffee 瑞幸咖啡(中关村创业大街北区店),coffee,luckin coffee 瑞幸咖啡(中关村创业大街北区店),北京城区西大街39号1层105 | 营业时间:周一至周五 07:00-18:30；周日 08:00-18:00 | 电话:4000100100,4.6,4.3,13,https://store.is.autonavi.com/showpic/c287706810a95e84ab635a931ccf264d?operate=original,116.306744,39.983867
,435,,京面老北京打卤面,中餐厅,京面老北京打卤面,苏州街与海淀大街交叉口西北40米,5,3.6,24,,116.305225,39.984175
,435,,啊臻味道米粉,中餐厅,啊臻味道米粉,中关村图书大厦南门旁(万泉河桥地铁站C东南口步行310米) | 营业时间:周一至周日 09:00-21:00,5.6,3.7,22,https://store.is.autonavi.com/showpic/fd3ce69a066bad890fef2fe29c654178,116.304925,39.984125
,435,,小谷姐姐麻辣拌·麻辣烫(左岸工社店),单人餐,小谷姐姐麻辣拌·麻辣烫(左岸工社店),海淀街道北四环西路68号左岸工社1层105室 | 营业时间:周一至周日 00:00-24:00 | 电话:15801111276,6.4,4.4,25,https://img.alicdn.com/imgextra/i1/O1CN019125401fyP4B1coyb_!!6000000004075-2-tps-267-202.png,116.305144,39.984443
,435,,草木禅房养生素食(北大店),单人餐,草木禅房养生素食(北大店),苏州街甲16号一层(万泉河桥地铁站C东南口步行440米) | 营业时间:周一至周日 16:30-21:00 | 电话:010-69558066,6.4,4.6,389,https://aos-comment.amap.com/B0FFLA3SA1/comment/974a4ad890c26d7a0c2cb9d0d2f610ce_2048_2048_80.jpg,116.305873,39.984145
,435,,十月咖啡书屋,咖啡厅,十月咖啡书屋,海淀西大街36号昊海楼F1层 | 营业时间:周一至周日 09:30-19:00 | 电话:16600026206,3.1,3.7,48,http://store.is.autonavi.com/showpic/da95d8c1e1dbd4e1c03ec4bae237cfdb,116.306656,39.984265
,435,,遇见夏宫咖啡(中关村图书大厦店),咖啡厅,遇见夏宫咖啡(中关村图书大厦店),北四环西路68号中关村图书大厦F2层 | 营业时间:周一至周日 09:30-20:00 | 电话:15010613610,0.3,3.4,20,,116.304776,39.984333
,435,,先启半步颠小酒馆(北京市苏州街店),炒饭,先启半步颠小酒馆(北京市苏州街店),北京城区中关村苏州街乙16号2层先启半步颠小酒馆 | 营业时间:周一至周日 11:00-23:00 | 电话:010-62662616,6.7,4.7,95,http://store.is.autonavi.com/query_pic?id=std9526a3d-4d1e-412f-85c6-c94ffa0aeec8&user=search&operate=original,116.306095,39.984525
,435,,螺遇牛.牛杂螺蛳粉(北京中关村店),炸蛋,螺遇牛.牛杂螺蛳粉(北京中关村店),北京城区北四环西路68号院1层106号 | 营业时间:周一至周日 11:00-23:00 | 电话:17276386827,8.8,4.5,25,https://aos-comment.amap.com/B0L1CH5CS8/comment/content_media_external_file_405996_ss__1767052379947_40352221.jpg,116.305045,39.984524
,435,,晋华府手擀面(中关村图书大厦店),牛肉,晋华府手擀面(中关村图书大厦店),中关村图书大厦南门旁(万泉河桥地铁站C东南口步行340米) | 营业时间:周一至周日 08:00-11:30 | 电话:15235909577;18035957561,2,4.1,30,http://store.is.autonavi.com/showpic/0783db4a81b00c69eb8571e8a49c2c14,116.305155,39.984169
,435,,芈重山老火锅(海淀桥店),牛肉,芈重山老火锅(海淀桥店),苏州街乙16号一楼102 | 营业时间:周一至周日 11:00-23:00 2026-02-14至2026-02-23 周一至周日 全天关闭 | 电话:010-53655210;010-82525518,8.3,4.7,117,https://store.is.autonavi.com/showpic/32ab70a522394f980000002238728903?type=pic,116.305915,39.984399
,435,,袁记贵州羊肉粉,米粉,袁记贵州羊肉粉,海淀大街与苏州街交叉口西60米 | 营业时间:周一至周日 08:00-23:30 | 电话:18230931724,3.3,4.5,23,https://aos-comment.amap.com/B0J34H3HWC/comment/8713aa28194118b51c146aa155f0723d_2048_2048_80.jpg,116.304915,39.984112
,436,,信江雅苑·江西小炒,中餐厅,信江雅苑·江西小炒,中关村南大街48号院内 | 营业时间:周一至周日 10:30-22:30 | 电话:13269710588,3.9,4.2,0,https://store.is.autonavi.com/showpic/a761123b17024260973a096543ffba2a,116.325621,39.945096
,436,,滇喜云南味,单人餐,滇喜云南味,中关村南大街48号4号楼1层133室 | 营业时间:周一至周日 09:00-21:00 | 电话:15687720869,3,4.5,32,https://store.is.autonavi.com/showpic/68fb048f738878878a0e1432197faba8,116.32547,39.944452
,436,,清真丝路美食兰州牛肉面,清真菜馆,清真丝路美食兰州牛肉面,中关村南大街与五塔寺路交叉口西北180米,0.1,3.4,26,,116.324225,39.943225
,441,,丹江渔村·小院(四季御园店),家常茄子丁,丹江渔村·小院(四季御园店),"北旱河路168号-3号西侧30米 | 营业时间:周一至周日 11:00-14:30,17:00-21:30 | 电话:010-68188819;010-68188823",8.7,4.8,204,http://store.is.autonavi.com/showpic/e15f31a7921476be19e758366f136b96,116.241517,39.977202
,441,,利峰饺子(香山御园店),烤鱼,利峰饺子(香山御园店),北旱河路168号-3号 | 营业时间:周一至周日 09:30-22:30 2026-05-01至2026-05-05 周一至周日 09:30-22:30 | 电话:010-88453393,0.3,4.5,66,http://store.is.autonavi.com/showpic/4eb151179a24395a422b1878bba0f0ce,116.241828,39.978201
,441,,京湘玉酒楼生态园(四季御园店),辣椒炒土猪肉,京湘玉酒楼生态园(四季御园店),"北京城区旱河路168-3 | 营业时间:周一至周日 09:30-14:00,16:30-21:00 | 电话:13717799714;18519638682",5.5,4.6,254,https://aos-comment.amap.com/B0J21CC9K4/headerImg/ec943902b82ab53d20a271cfd888c422_2048_2048_80.jpg,116.242814,39.977599
,441,,四季御园生态园,青岛啤酒,四季御园生态园,旱河路168号 | 营业时间:10:00-14:00；16:50-21:00 | 电话:010-88857777;010-88857788,6.1,4.2,120,https://store.is.autonavi.com/showpic/ef13dd313c5915e79cf9d9c8984498e4,116.241288,39.97757
,441,,聚宝源(香山店),麻酱烧饼,聚宝源(香山店),"北旱河路168号-3号 | 营业时间:周一至周日 09:30-14:00,16:30-21:30 2026-05-01至2026-05-05 周一至周日 09:30-14:00,16:30-21:30 | 电话:010-88857788;010-88857886",6.9,4.6,113,http://store.is.autonavi.com/query_pic?id=sta00d5c6c-2982-4522-bff3-db768d93c6ea&user=search&operate=original,116.241094,39.977758
,442,,这有一家徐州烧烤,特色/地方风味餐厅,这有一家徐州烧烤,北辛店386号 | 营业时间:周一至周日 17:00-24:00 | 电话:18614005119,8.1,3.7,42,https://store.is.autonavi.com/showpic/a413758d235e7b684453b449a20ffce0,116.738011,39.733389
,443,,老门框爆肚涮肉(田村店),门框沙葱山羊肉,老门框爆肚涮肉(田村店),北京城区田村路与致和路交叉口西南40米 | 营业时间:周一至周日 11:00-01:00 | 电话:010-68286158,8.1,4.6,92,https://store.is.autonavi.com/showpic/de0441c5aeeaf809c00370e7329a3fd5,116.245927,39.929207
,445,,晋味源刀削面川湘菜,刀削面,晋味源刀削面川湘菜,翠微小学北校区西南门东南210米 | 电话:13681438305,1.2,3.7,28,https://store.is.autonavi.com/showpic/da37911f21039c47de11f01f4e489941,116.161054,40.052405
,446,,鲁·早餐店,,鲁·早餐店,红枫路与杰王府路交叉口北60米(香山地铁站入口步行410米),7.4,3.1,0,,116.206375,39.991225
,446,,世纪金源金明苑中餐厅(香山店),中餐厅,世纪金源金明苑中餐厅(香山店),北上村路与杰王府路交叉口西南80米,9.6,2,111,,116.202775,39.991125
,446,,山众缘饭店(买卖街店),中餐厅,山众缘饭店(买卖街店),买卖街与杰王府路交叉口西北20米 | 营业时间:周一至周日 08:00-22:30,0.5,4.1,72,https://store.is.autonavi.com/showpic/7ed0a5ea7d2c68cf4341c463763cb386,116.203038,39.992637
,446,,早餐王记刀削面,刀削面,早餐王记刀削面,南辛村街与杰王府路交叉口东北120米,5.9,2.6,0,,116.208175,39.991325
,446,,禾美旺(香山店),油条,禾美旺(香山店),香山买卖街58号(香山地铁站出口步行280米) | 营业时间:周一至周日 06:00-20:00 | 电话:010-62865909,8.3,4.4,20,https://aos-comment.amap.com/B0FFH9DRFT/comment/0b88e77edbffb007f752b06396965dbf_2048_2048_80.jpg,116.203075,39.992452
,446,,那家小馆(香山店),酥皮虾,那家小馆(香山店),"香山买卖街乙58号 | 营业时间:周一至周日 11:00-14:00,17:00-21:00 | 电话:010-62862866;010-62868566",0.8,4.6,130,https://store.is.autonavi.com/showpic/04992e02b75238202c0a8617c6d4e9a6,116.202867,39.99213
,448,,三时生活享院,中餐厅,三时生活享院,七王坟路91号南 | 营业时间:周一至周日 10:30-21:30 | 电话:010-62460279;18513056378;18611306276,6.7,4.4,96,,116.100777,40.082766
,448,,山林咖啡,咖啡厅,山林咖啡,阳台山路33号,0.5,3.8,29,https://store.is.autonavi.com/showpic/908f17fbe83d45bc2426dee766aadb32,116.105471,40.067921
,448,,秀峰餐厅,家常菜,秀峰餐厅,苏家坨镇秀峰寺路5号北京鹫峰国家森林公园内(东北角) | 营业时间:周一至周日 09:00-20:00 | 电话:010-62455812,1.8,4.2,65,https://aos-comment.amap.com/B0FFFYUO2T/comment/20260314-a9ff5893f41b626986a8944b-6D9CDn4BGfS5s3TDytALr5.jpg,116.101213,40.064089
,448,,北京林业大学鹫峰校区鹫峰餐厅,麻婆豆腐,北京林业大学鹫峰校区鹫峰餐厅,苏家坨镇秀峰寺路6号 | 营业时间:周一至周日 08:00-17:00 | 电话:010-62455835,1.2,4.3,78,https://aos-comment.amap.com/B0FFIMXA4L/comment/5340806164ff1b1bc5bf405d501c953d_2048_2048_80.jpg,116.104394,40.064733
,449,,三时生活享院,中餐厅,三时生活享院,七王坟路91号南 | 营业时间:周一至周日 10:30-21:30 | 电话:010-62460279;18513056378;18611306276,9.2,4.4,96,,116.100777,40.082766
,449,,山林咖啡,咖啡厅,山林咖啡,阳台山路33号,9,3.8,29,https://store.is.autonavi.com/showpic/908f17fbe83d45bc2426dee766aadb32,116.105471,40.067921
,449,,秀峰餐厅,家常菜,秀峰餐厅,苏家坨镇秀峰寺路5号北京鹫峰国家森林公园内(东北角) | 营业时间:周一至周日 09:00-20:00 | 电话:010-62455812,8.8,4.2,65,https://aos-comment.amap.com/B0FFFYUO2T/comment/20260314-a9ff5893f41b626986a8944b-6D9CDn4BGfS5s3TDytALr5.jpg,116.101213,40.064089
,449,,北京林业大学鹫峰校区鹫峰餐厅,麻婆豆腐,北京林业大学鹫峰校区鹫峰餐厅,苏家坨镇秀峰寺路6号 | 营业时间:周一至周日 08:00-17:00 | 电话:010-62455835,9.6,4.3,78,https://aos-comment.amap.com/B0FFIMXA4L/comment/5340806164ff1b1bc5bf405d501c953d_2048_2048_80.jpg,116.104394,40.064733
,452,,中关村展示中心科学咖啡,咖啡厅,中关村展示中心科学咖啡,新建宫门路与海淀公园路交叉口东南140米,5.4,3.6,0,,116.293818,39.989376
,452,,无逸咖啡,咖啡厅,无逸咖啡,万柳镇新建宫门路2号海淀公园(西北角) | 营业时间:周一至周日 09:00-17:00 | 电话:15010613610,0.5,4.4,42,https://aos-comment.amap.com/B0L66M5GM2/comment/content_media_external_images_media_182931_ss__1735813794249_40263736.jpg,116.292775,39.988675
,454,,渔蓝海鲜火锅(首都宾馆店),双人餐,渔蓝海鲜火锅(首都宾馆店),首都宾馆A座一层大堂吧东北角 | 营业时间:周一至周日 16:30-21:30 | 电话:010-58159566,8.8,4.6,163,https://aos-comment.amap.com/B0JRZGS12N/comment/982239bae377647ec1abd48304e1a1e9_2048_2048_80.jpg,116.409635,39.902001
,454,,食鼎轩烤鸭·私房菜(北京王府井台基厂大街店),家常菜,食鼎轩烤鸭·私房菜(北京王府井台基厂大街店),"台基厂大街10-1号 | 营业时间:周一至周日 09:30-14:00,16:30-21:30 2026-05-01至2026-05-05 周一至周日 09:30-14:00,16:30-21:30 | 电话:010-63445868;18519118048",2.5,4.6,70,https://aos-comment.amap.com/B0KGRMA21S/comment/content_media_external_file_100003357_1767011828140_18373911.jpg,116.411861,39.903494
,454,,北京隆和居美食城(正义路店),干锅千页豆腐,北京隆和居美食城(正义路店),东华门街道正义路8号(原市政府斜对面) | 营业时间:周一至周日 10:00-22:30 | 电话:010-65263265;13520777900,4.6,4.4,73,https://store.is.autonavi.com/showpic/72fbdf46904d9ac20000002152518124?type=pic,116.406444,39.903414
,454,,松鹤楼(台基厂店),松鼠桂鱼,松鹤楼(台基厂店),"北京城区台基厂大街10号(东郊民巷小学旁) | 营业时间:周一至周日 11:00-14:00,17:00-21:00 2026-02-17至2026-02-23 周一至周日 11:00-14:00,16:30-21:00 | 电话:010-65278195;010-65279255",6.3,4.5,153,http://store.is.autonavi.com/query_pic?id=st4e59a81c-8dd5-4876-9cdf-1e3afe32ebe2&user=search&operate=original,116.411839,39.903469
,454,,君庭中餐厅(首都宾馆店),牛肉,君庭中餐厅(首都宾馆店),"前门东大街3号首都宾馆东北门门房 | 营业时间:周一至周日 11:00-14:00,17:00-21:00 | 电话:010-58159788",4.6,4.4,213,https://aos-comment.amap.com/comment/content_service__1771506306909_36408294_1771506354089_05149994.jpg,116.408956,39.902119
,454,,奥华餐厅老张记(台基厂店),虾仁独面筋,奥华餐厅老张记(台基厂店),北京城区台基厂大街18-3号 | 营业时间:周一至周日 10:30-21:30 | 电话:010-65129289;010-65244021,0.4,4.6,62,http://store.is.autonavi.com/showpic/a44d4745fdde65bc76e850f893a9937b,116.411937,39.902869
,455,,里头艺术餐厅,中餐厅,里头艺术餐厅,中华世纪坛B区B1层 | 电话:010-59802363;010-84187983,4.1,0.9,110,,116.321587,39.910752
,455,,味道CCTV·中餐厅(梅地亚中心店),肥肠,味道CCTV·中餐厅(梅地亚中心店),"羊坊店街道复兴路乙11号梅地亚中心二层 | 营业时间:周一至周日 11:30-14:00,17:30-21:00 | 电话:010-68550477",7.7,4.2,147,http://store.is.autonavi.com/showpic/d4f048e8b9acc6c9b5cc623449d7b66d,116.320196,39.910365
,455,,瑞幸咖啡(恩菲科技大厦店),陨石拿铁,瑞幸咖啡(恩菲科技大厦店),复兴路戊12号恩菲科技大厦一层大堂 | 营业时间:周一至周五 08:00-17:00 | 电话:4000100100,2.1,4.5,13,https://store.is.autonavi.com/showpic/c287706810a95e84ab635a931ccf264d?operate=original,116.32161,39.906093
,457,,北宫门餐厅,中餐厅,北宫门餐厅,颐和园路与青龙桥东街交叉口东200米,8.7,3.7,101,,116.277425,40.002825
,457,,尹三豆汁·尹三冰激淋(颐和园十丈亭店),单人餐,尹三豆汁·尹三冰激淋(颐和园十丈亭店),新建宫门路19号颐和园内石丈亭(石舫码头旁) | 营业时间:周一至周日 09:00-20:00 | 电话:13311221511,3.7,4.4,50,https://store.is.autonavi.com/showpic/6de66de81ba794270000000685838972?type=pic,116.270223,39.997824
,459,,三时生活享院,中餐厅,三时生活享院,七王坟路91号南 | 营业时间:周一至周日 10:30-21:30 | 电话:010-62460279;18513056378;18611306276,9.1,4.4,96,,116.100777,40.082766
,459,,北京林松苑农家饭馆,中餐厅,北京林松苑农家饭馆,苏家坨镇车耳营村村委会东侧,2.3,3.7,0,,116.09164,40.094789
,459,,满鼎香养生宴,中餐厅,满鼎香养生宴,龙泉寺南路70号 | 营业时间:周一至周日 10:00-20:00 | 电话:15652121819,8.4,2.7,0,https://store.is.autonavi.com/showpic/bc404e1c0eb4b8b22ae9ea51c1498926,116.087047,40.092802
,459,,食育堂,中餐厅,食育堂,"北京城区北京城区七王坟村75-2 | 营业时间:周一至周日 10:00-13:30,16:00-20:00 | 电话:13241355338",4,4.1,67,https://store.is.autonavi.com/showpic/5a10b0275e2656587d80e7dd308aed06,116.098522,40.083327
,459,,vonzrr?咖啡?西餐(车耳营店),咖啡厅,vonzrr?咖啡?西餐(车耳营店),车耳营村126号,5,3.4,0,,116.084501,40.094573
,459,,三空间咖啡&茶,咖啡厅,三空间咖啡&茶,乾坤山庄南侧210米 | 营业时间:周一至周日 11:00-19:00,3.3,4.1,53,,116.087075,40.092925
,459,,山居岁月咖啡简餐(凤凰岭店),咖啡厅,山居岁月咖啡简餐(凤凰岭店),凤凰山居东南侧160米,5,4.3,0,https://aos-comment.amap.com/comment/20260306-ed999d1e99446b22151f023f-72DDzb01EUA7RymkCmmKn5.jpg,116.093641,40.094675
,459,,凤凰岭牛头宴,牛舌,凤凰岭牛头宴,凤凰岭南路车耳营村吕祖洞 | 营业时间:周一至周日 10:00-22:00 | 电话:010-62487662,1.5,4.4,98,http://store.is.autonavi.com/showpic/3cdd45033ccc735570e12b2a1391f09e,116.08689,40.092831
,459,,十锅炖,豆腐,十锅炖,"车耳营68号 | 营业时间:周一至周日 11:00-14:30,16:00-22:30 | 电话:13381002711",7.4,4.6,111,https://aos-comment.amap.com/B0FFKKS07A/comment/content_media_external_file_1000035488_ss__1767444130810_32240591.jpg,116.090036,40.095403
,460,,云阿嫫MO·云南厨房(北京首店),中餐厅,云阿嫫MO·云南厨房(北京首店),"紫竹院街道民族大学西路58号云阿嫫云南厨房魏公村店 | 营业时间:周一至周四 11:00-14:00,16:30-22:00；周五至周日 11:00-22:00 2026-02-15至2026-02-22 周一至周日 全天关闭 | 电话:15349481412",0.9,4.6,89,https://aos-comment.amap.com/B0L2UCEJGZ/comment/file_media_Photo_2362_IMG_1763807178_2527_IMG_20251122_182438_jpg_ss__1764171499766_23406376.jpg,116.31724,39.950623
,460,,MINI-CO小咖咖啡(中央民族大学店),小确杏美式,MINI-CO小咖咖啡(中央民族大学店),北京城区中央民族大学理工楼1层 | 营业时间:周一至周五 07:30-18:00；周六 09:30-17:30 | 电话:13910932888,7.5,3.6,20,https://store.is.autonavi.com/showpic/91f3134b2707d319b0945ea8cb823106,116.319274,39.948754
,460,,小天府川菜馆(魏公村店),干锅鸭头,小天府川菜馆(魏公村店),中关村南路27号中央民族大学西门南 | 营业时间:周一至周日 10:00-24:00,6,4.6,63,https://store.is.autonavi.com/showpic/a61552657c23891c2c5f5e1d9209fc4a,116.317184,39.950782
,460,,库迪咖啡(鑫德嘉园底商店),杨枝甘露,库迪咖啡(鑫德嘉园底商店),北京城区北京城区民族大学西路66号鑫德嘉园1层A03 | 营业时间:周一至周日 07:30-18:30 | 电话:15031055523,9.4,4.1,9,https://store.is.autonavi.com/showpic/7b0db620ddccbe9ff42ce59100617216?operate=original?operate=original?operate=original?operate=original,116.317326,39.949289
,460,,田老师红烧肉(魏公村法华寺店),红烧肉饭,田老师红烧肉(魏公村法华寺店),民族大学西路60号院西2门旁 | 营业时间:周一至周日 00:00-24:00 | 电话:010-68461497,3.1,4.4,28,https://aos-comment.amap.com/B0FFFAJ43E/comment/content_media_external_file_100002013_1772159830573_29557771.jpg,116.317137,39.950953
,460,,西门羊汤,羊杂汤,西门羊汤,法华寺街临8号-03 | 营业时间:周一至周日 07:00-23:00 | 电话:15510299601,9.7,4.4,30,http://store.is.autonavi.com/showpic/c74f7f187b90566055e749af1ab3fa48,116.317123,39.951017
,463,,拓荒者,,拓荒者,海淀大街72号,7.7,3.4,81,https://aos-comment.amap.com/B0LGHGLQAW/comment/content_media_external_file_3835_1764414900079_16835486.jpg,116.307087,39.98286
,463,,WAKE Up&COFFEE醒山咖啡(中关村店),coffee,WAKE Up&COFFEE醒山咖啡(中关村店),创业大厦8号楼底商 | 营业时间:周一至周日 06:30-18:30 | 电话:18614031835,3.7,4.2,26,http://store.is.autonavi.com/showpic/585c7fadd4203a01618c370f65c2c197,116.306984,39.983489
,463,,luckin coffee 瑞幸咖啡(中关村创业大街北区店),coffee,luckin coffee 瑞幸咖啡(中关村创业大街北区店),北京城区西大街39号1层105 | 营业时间:周一至周五 07:00-18:30；周日 08:00-18:00 | 电话:4000100100,0.4,4.3,13,https://store.is.autonavi.com/showpic/c287706810a95e84ab635a931ccf264d?operate=original,116.306744,39.983867
,463,,创业食堂(中关村创业大街店),三杯鸡,创业食堂(中关村创业大街店),"中关村创业大街 | 营业时间:周一至周日 07:30-09:30,11:30-13:30,17:00-19:00 | 电话:010-62566487",4.1,3.8,25,http://store.is.autonavi.com/showpic/ee6dc3a64f41e34ef58c27decad93b57,116.306596,39.983728
,463,,熊太婆·老武汉小吃(苏州街店),三鲜豆皮,熊太婆·老武汉小吃(苏州街店),北京城区海淀大街25号 | 营业时间:周一至周日 07:30-21:30 | 电话:13161027296,0.3,4.6,47,https://aos-comment.amap.com/B0LBYHQLEB/comment/20260320-da08a13ef1fbae33e76bf0de-9kx7xhdVmDq8YXXAAwlb1x.jpg,116.307864,39.982562
,463,,中同·家有机蔬菜面,中餐厅,中同·家有机蔬菜面,海淀大街27号 | 营业时间:周一至周日 11:00-21:00,6.7,3.7,29,https://store.is.autonavi.com/showpic/7372fef6dfc0be3c0000002308198731,116.307175,39.982625
,463,,乔杉杉生烫牛肉米线(海淀大街店),中餐厅,乔杉杉生烫牛肉米线(海淀大街店),北京城区海淀大街27号1层101室 | 营业时间:周一至周日 09:00-21:00 | 电话:13811308099,9.2,4.2,30,https://store.is.autonavi.com/showpic/7c424cfe2eff22abda611e81521659fc,116.307235,39.982661
,463,,拓荒族Pioneer西餐厅(中关村创业大街店),单人餐,拓荒族Pioneer西餐厅(中关村创业大街店),北京城区北京城区中关村创业大街10号楼拓荒族1-2层 | 营业时间:周一至周日 11:00-22:00 | 电话:15600527779;15910909139,7.6,4.6,64,https://store.is.autonavi.com/showpic/c03fdb2ac70360a679b221fe54bc9675,116.307028,39.983043
,463,,超级碗(技术交易大厦店),厚蛋烧,超级碗(技术交易大厦店),海淀街道北四环西路66号中国技术交易大厦B1层 | 营业时间:周一至周日 09:30-20:00 | 电话:17710661152,6.9,4.1,30,https://store.is.autonavi.com/showpic/340711c61a09b2ae4ae0a7eebecd98ff,116.307785,39.983945
,463,,肯悦咖啡(武昌鱼店),咖啡厅,肯悦咖啡(武昌鱼店),苏州街31号,6.8,3.6,22,https://store.is.autonavi.com/showpic/453cbf6ae992967eea1ee78549b3ecb6,116.306041,39.983096
,463,,醉面(创业大街店),拌面,醉面(创业大街店),北京城区海淀大街27号天使大厦F1层 | 营业时间:周一至周日 10:00-22:00 | 电话:15633760893,8.2,4.4,28,http://store.is.autonavi.com/query_pic?id=stb6435500-844b-490c-95e0-c74a4665b6d8&user=search&operate=original,116.307201,39.982608
,463,,库迪咖啡(北京武昌鱼大厦店),生椰拿铁,库迪咖啡(北京武昌鱼大厦店),北京城区北京城区海淀大街35号1层101武昌鱼大厦入口 | 营业时间:周一至周日 07:00-20:00 | 电话:19231269228,9,4.2,9,https://store.is.autonavi.com/showpic/7b0db620ddccbe9ff42ce59100617216?operate=original?operate=original?operate=original?operate=original,116.306047,39.983026
,463,,湘海汇,生蚝,湘海汇,北京城区天使大厦东门旁 | 营业时间:周一至周日 10:30-21:30 | 电话:13269250789;13401014613,7.7,4.3,77,https://store.is.autonavi.com/showpic/7cb646182ccd6cd80000002419416881?type=pic,116.307969,39.982669
,464,,中国气象局社区南区职工餐厅(气象局小区南区店),中餐厅,中国气象局社区南区职工餐厅(气象局小区南区店),"北下关街道中关村南大街46号 | 营业时间:周一至周日 07:00-08:30,11:00-13:00；周一至周日 17:00-19:00",8.4,4.2,16,http://store.is.autonavi.com/showpic/c46e6f441834cb890f90a83c2112e176,116.328218,39.945087
,464,,中国气象局招待所餐厅,家常菜,中国气象局招待所餐厅,"中关村南大街46号 | 营业时间:周一至周日 10:00-14:00,17:00-21:30 | 电话:010-58995025;010-58995402",9,4.5,61,https://aos-comment.amap.com/B000A7XJWB/comment/content_media_external_images_media_236512_ss__1727761778115_85876887.jpg,116.329901,39.947838
,465,,满陇山房,中餐厅,满陇山房,长春桥与长春桥路交叉口北80米,7.5,3.1,0,,116.296087,39.95953
,465,,澧飨饮膳四季,中餐厅,澧飨饮膳四季,万柳中路29号北京大学万柳学区公寓 | 营业时间:周一至周日 11:00-22:00,4.5,4.6,173,https://store.is.autonavi.com/showpic/4a484e938c28cb01a8a350a15d537b42,116.29827,39.961694
,465,,渔院丹江(万柳店),丹江水库鱼,渔院丹江(万柳店),万柳中路29号院(北大公寓底商) | 营业时间:周一至周日 10:30-21:00 | 电话:010-82566990;15117987832,2.3,4.7,123,https://store.is.autonavi.com/showpic/86a07354b945e0f61a5c7fbb30665b79,116.298575,39.961575
,465,,越来越湘大酒楼(万柳店),剁椒鱼头,越来越湘大酒楼(万柳店),"北京城区万柳亿城中心C座三层 | 营业时间:周一至周日 10:00-14:00,16:30-21:00 | 电话:010-58814588;13910064742",4.4,4.6,72,https://aos-comment.amap.com/B0HAOMI8TE/comment/78F2E276_C73A_4554_8634_73FA52707662_L0_001_1500_200_1744338730390_77405378.jpg,116.301502,39.960356
,465,,nowwa挪瓦咖啡(北京大学万柳学区店),咖啡厅,nowwa挪瓦咖啡(北京大学万柳学区店),万柳中路29号院2号楼一层02号,0.2,3.4,20,https://img.alicdn.com/imgextra/i2/O1CN01Fxw5041JPfV8LHt4Z_!!6000000001021-49-tps-1080-546.webp,116.297085,39.961082
,465,,东北小院,地三鲜,东北小院,万柳中路29号院3-4号楼首层1-18号 | 营业时间:周一至周日 11:00-24:00 2026-05-01至2026-05-05 周一至周日 11:00-24:00 | 电话:15201212876,0.8,4.5,64,https://store.is.autonavi.com/showpic/a4af33003d5e86a36ee42816d37ecaa6,116.298372,39.961715
,465,,金牛烧炭火烤肉(万柳店),烤肉,金牛烧炭火烤肉(万柳店),北京城区长春桥路万柳亿城中心C座二层 | 营业时间:周一至周日 10:30-22:30 | 电话:18515092557,1.7,4.5,101,https://aos-comment.amap.com/B0KGPU0B9Q/comment/E073C4EB_0620_4862_B4A2_653B3F022D5B_L0_001_1080_192_1773107192694_60236656.jpg,116.301601,39.960327
,465,,瑞幸咖啡(自营-北京实验店),生椰拿铁,瑞幸咖啡(自营-北京实验店),神州优车总部南门 | 电话:4000100100,1.2,3.5,13,https://store.is.autonavi.com/showpic/c287706810a95e84ab635a931ccf264d?operate=original,116.2977,39.959893
,465,,库迪咖啡(万柳亿城中心店),鲜气杨梅新品,库迪咖啡(万柳亿城中心店),北京城区北京城区长春桥路11号万柳亿城中心C1座大堂 | 营业时间:周一至周五 07:30-19:30 | 电话:17301205690,8.8,4.4,9,https://store.is.autonavi.com/showpic/7b0db620ddccbe9ff42ce59100617216?operate=original?operate=original?operate=original?operate=original,116.301584,39.960355
,465,,辣尚龙虾,龙虾,辣尚龙虾,万柳中路29号北京大学万柳学区公寓,7.9,3.6,55,,116.298425,39.961675
,467,,LAVAZZA拉瓦萨咖啡(五棵松店),三明治,LAVAZZA拉瓦萨咖啡(五棵松店),复兴路69号院13号楼1层101冰上中心一层西门底商 | 营业时间:周一至周日 07:00-22:00 | 电话:15701165271,0.4,4.6,32,http://store.is.autonavi.com/query_pic?id=st8d3fef1a-b2ef-4def-ac6f-e1c1009e7b8b&user=search&operate=original,116.281933,39.909442
,467,,瑞幸咖啡(华熙LIVE·五棵松店),三明治,瑞幸咖啡(华熙LIVE·五棵松店),北京城区复兴路69号华熙LIVE·五棵松F1层111 | 营业时间:周一至周日 10:00-21:30 | 电话:4000100100,3.1,4.5,13,https://store.is.autonavi.com/showpic/c287706810a95e84ab635a931ccf264d?operate=original,116.282762,39.908903
,467,,Highland Mornings Cafe,咖啡厅,Highland Mornings Cafe,永定路街道复兴路五棵松华熙冰上中心下沉广场B101-1室 | 营业时间:周一至周日 10:00-18:00 | 电话:010-68265838;13810298988,9.3,4.6,38,https://aos-comment.amap.com/B0L34LFQSK/comment/content_media_external_file_145472_ss__1764300926099_03765911.jpg,116.281754,39.908807
,467,,NOWWA挪瓦咖啡(美宜佳北京五棵松华熙live店),奶咖,NOWWA挪瓦咖啡(美宜佳北京五棵松华熙live店),北京城区复兴路69号2号楼-1至2层101 | 营业时间:周一至周日 00:00-24:00 | 电话:18515452039,2.3,3.8,22,https://img.alicdn.com/imgextra/i2/O1CN01Fxw5041JPfV8LHt4Z_!!6000000001021-49-tps-1080-546.webp,116.280225,39.908725
,467,,库迪咖啡(华熙LIVE冰上商娱中心店),杨枝甘露,库迪咖啡(华熙LIVE冰上商娱中心店),北京城区西翠路华熙LIVE冰上中心一层126商铺 | 营业时间:周一至周日 07:30-21:30 | 电话:18310853682,10,4.4,9,https://store.is.autonavi.com/showpic/7b0db620ddccbe9ff42ce59100617216?operate=original?operate=original?operate=original?operate=original,116.283059,39.909477
,467,,小渔郎·海鲜蒸饺,海鲜酒楼,小渔郎·海鲜蒸饺,北京城区华熙五棵松商业广场南区67号 | 营业时间:周一至周日 11:00-21:30 | 电话:15010327369,8.4,4.5,93,https://store.is.autonavi.com/showpic/0fc6e9e78715d0758fd8c164841d2480,116.279003,39.909007
,467,,方中山胡辣汤(北京301医院店),牛肉,方中山胡辣汤(北京301医院店),"复兴路69号华熙LIVE·五棵松·写字楼 | 营业时间:周一至周日 06:00-14:00,17:00-21:00 | 电话:13810041637",6.9,4.6,21,https://store.is.autonavi.com/showpic/b8679d638536ce010000000962506459?type=pic,116.282894,39.908782
,467,,熙夜烧烤,特色/地方风味餐厅,熙夜烧烤,西翠路与复兴路辅路交叉口西北120米,6.3,2.3,0,,116.282125,39.908475
,467,,薛娇冷面王(华熙LIVE·五棵松店),芝士,薛娇冷面王(华熙LIVE·五棵松店),复兴路69号华熙LIVE·五棵松F1层G050 | 营业时间:周一至周日 10:00-21:00 | 电话:13311151882,2,3.6,26,https://store.is.autonavi.com/showpic/eda3c9248dee4170d66852b9f59a0a0b,116.279273,39.910204
,467,,螺大喜螺蛳粉(华熙LIVE·五棵松店),螺蛳粉,螺大喜螺蛳粉(华熙LIVE·五棵松店),复兴路69号华熙LIVE·五棵松F1层G051 | 营业时间:周一至周日 10:00-22:00 | 电话:18911188388,2.6,4.2,34,https://aos-comment.amap.com/B0IAJKN1KP/comment/b150f12e77b2c59b7a32b600870d0f7e_2048_2048_80.jpg,116.279198,39.910276
,469,,海淀食堂,中餐厅,海淀食堂,温泉水岸家园南区西北门旁,8,3.7,0,https://aos-comment.amap.com/B0L3M1PE67/comment/content_media_external_file_1000015804_ss__1761105908706_41172619.jpg,116.203225,40.046775
,469,,兰州老马家美食(温泉水岸家园店),拉面,兰州老马家美食(温泉水岸家园店),温泉镇太舟坞村水岸温泉社区16-17号配套商业楼一层西侧101 | 营业时间:周一至周日 10:30-23:00 | 电话:17701250865,9.1,4.3,33,http://store.is.autonavi.com/query_pic?id=st1c70706a-ddd6-4231-b85f-91ffd4561d53&user=search&operate=original,116.202688,40.046625
,469,,隆香源餐厅,毛血旺,隆香源餐厅,"温泉镇青年领秀创客工社D区一层1001 | 营业时间:周一至周日 09:00-14:00,17:00-23:30 | 电话:15510108160",6.7,4,57,http://store.is.autonavi.com/showpic/5719559d2173ae3d61f45da6a9987204,116.196504,40.039166
,469,,龙船人(温泉店),毛血旺,龙船人(温泉店),"太舟坞408号 | 营业时间:周一至周日 10:00-14:00,16:30-21:00 | 电话:010-62481002",8.2,4.2,162,http://store.is.autonavi.com/showpic/a70546bb3d020868396c19e8f5482d47,116.202874,40.04028
,469,,羊大爷涮肉(温泉店),涮羊肉,羊大爷涮肉(温泉店),"北京城区黑龙潭路太舟坞408号 | 营业时间:周一至周五 10:00-14:00,17:00-22:00；周六至周日 10:00-23:00 2026-02-15至2026-02-28 周一至周日 全天关闭 | 电话:13681181426",2.8,4.5,90,https://aos-comment.amap.com/B000A81AIJ/comment/content_media_external_file_1000016821_ss__1765328379577_22209187.jpg,116.203146,40.040218
,469,,金徕宴新京私房菜,私房菜,金徕宴新京私房菜,"北京城区温泉水岸家园18号楼三层301至305室 | 营业时间:周一至周日 10:00-14:00,17:00-21:00 | 电话:010-69105178",8.4,4.5,114,https://aos-comment.amap.com/B0LUVCDH6A/comment/68F225FD_46D1_443F_8D4C_E017A637BCF7_L0_001_1500_200_1765843280479_21692262.jpg,116.203074,40.04676
,469,,满巍明生炸鸡架(海淀天兰商场店),究极鸡腿肉,满巍明生炸鸡架(海淀天兰商场店),北京城区温泉镇温泉路临58号四层405-1号 | 营业时间:周一至周日 10:00-22:00 | 电话:13161239198,9.9,3.2,26,https://store.is.autonavi.com/showpic/8f26be208e0727fb02d82fc49f6a0e2e,116.204799,40.040805
,470,,山居岁月咖啡简餐(凤凰岭店),咖啡厅,山居岁月咖啡简餐(凤凰岭店),凤凰山居东南侧160米,4.6,4.3,0,https://aos-comment.amap.com/comment/20260306-ed999d1e99446b22151f023f-72DDzb01EUA7RymkCmmKn5.jpg,116.093641,40.094675
,470,,西山农场凤凰岭餐厅(装修中),烤鱼,西山农场凤凰岭餐厅(装修中),凤凰岭路19号 | 营业时间:周一至周日 09:00-21:00 | 电话:010-62465007;13240703686,6.3,4.5,82,http://store.is.autonavi.com/showpic/ab92061f67bd9eeb555b01ae7702eea1,116.098852,40.106171
,471,,古莲六十六号餐厅,中餐厅,古莲六十六号餐厅,古莲路66号院中关村温泉科技园二期东区,2.1,3.8,27,https://store.is.autonavi.com/showpic/543e6d336a74d3d641008973b37e0e4f,116.208279,40.052769
,471,,晋大嫂山西刀削面(林语店),中餐厅,晋大嫂山西刀削面(林语店),黑龙潭路保利西山林语小区12-101-102 | 营业时间:周一至周日 10:00-21:00 | 电话:15803595696,5.5,3.8,23,http://store.is.autonavi.com/showpic/f079a1773a0051f1d190f3319564d8de,116.213465,40.038299
,471,,社区餐厅,中餐厅,社区餐厅,黛石东路190号紫郡兰园,7.8,3.7,28,https://store.is.autonavi.com/showpic/2fc9664cbd8a4a315af0768efbb9325d,116.208622,40.043953
,471,,德为先林语餐厅田园农集,柠檬酸菜鱼,德为先林语餐厅田园农集,冷泉村林语山庄二区12号楼1至2层101号 | 营业时间:周一至周日 10:30-21:30 | 电话:010-82466550;010-82466551,8.4,4.2,76,https://store.is.autonavi.com/showpic/362a5d1a184112c3f84274c4cd5707d3,116.213419,40.038369
,473,,敢为天下鲜,中餐厅,敢为天下鲜,尚峰尚水尚峰园,1.8,2.6,0,,116.182225,40.047525
,473,,滩羊铺子南北疆特色汇(海淀温泉店),新疆手抓饭,滩羊铺子南北疆特色汇(海淀温泉店),"北京城区温泉镇司法所南门路南 | 营业时间:周一至周五 11:00-14:00,17:00-22:00；周六至周日 11:00-14:30,17:00-22:00 | 电话:13910251054",6.4,4.7,89,https://aos-comment.amap.com/B0J1ZHI8WH/comment/82216add619e0ff2bc9b51baa13005b4_2048_2048_80.jpg,116.180329,40.047565
,473,,小太和安徽板面牛杂面,牛杂面,小太和安徽板面牛杂面,"北京城区显龙山19号1幢1层125 | 营业时间:周一至周日 00:00-09:59,10:00-24:00 | 电话:13121787185",5.3,3.9,23,http://store.is.autonavi.com/showpic/86d1787eefa8e470ac96277c5f82601a,116.178576,40.048779
,474,,犟滷道金沙牛肉面餐厅,中餐厅,犟滷道金沙牛肉面餐厅,和盈中心,4.6,2.1,0,,116.338175,40.037025
,474,,相记杂粮煎饼,杂粮煎饼,相记杂粮煎饼,安宁庄东路28-30号毛纺北小区 | 电话:15135992482;16710137798,0.3,3.3,13,https://aos-comment.amap.com/B0JALR53BQ/comment/content_media_external_file_1000046357_ss__1742780584277_55162467.jpg,116.335046,40.03876
,474,,汕头八合里海记牛肉店(清河店),潮汕炸腐皮,汕头八合里海记牛肉店(清河店),"G6高速辅路由南向北清河小营桥北200米岔路内 | 营业时间:周一至周日 11:00-14:00,16:30-23:00 | 电话:010-62959199",3.3,4.7,144,http://store.is.autonavi.com/showpic/bd22081742dc4c39500371f2509ac8f9,116.340356,40.041384
,476,,瑞幸咖啡(北京舞蹈学院留学生公寓店),三明治,瑞幸咖啡(北京舞蹈学院留学生公寓店),北京城区万寿寺路与民族大学西路交叉口东120米 | 营业时间:周一至周日 00:00-24:00 | 电话:4000100100,1.2,3.9,13,http://store.is.autonavi.com/query_pic?id=st063d182e-3b14-4674-b7ff-6a22cb95da71&user=search&operate=original,116.318767,39.94634
,476,,天福号紫竹餐厅,咖啡厅,天福号紫竹餐厅,紫竹院公园问月楼艺术馆 | 营业时间:周一至周五 10:00-17:00；周六至周日 10:00-19:00,4.3,4.5,97,https://aos-comment.amap.com/B0H6CHZ79B/comment/content_media_external_file_1000036916_ss__1770864963369_36321961.jpg,116.317735,39.942657
,476,,舞动舌尖小馆·江西小炒(北京舞蹈学院店),小酥肉,舞动舌尖小馆·江西小炒(北京舞蹈学院店),"民族学院南路11号 | 营业时间:周一至周日 11:00-15:00,17:00-23:00 | 电话:13520824507",4.3,4.3,65,http://store.is.autonavi.com/showpic/44cf8570251f444394b10376a5a795dc,116.317413,39.946599
,477,,云阿蛮云南生烫牛肉米线(北京金隅嘉品店),中餐厅,云阿蛮云南生烫牛肉米线(北京金隅嘉品店),东坝中路38号金隅嘉品MallB1层 | 营业时间:周一至周日 10:00-22:00,9.7,3.5,34,https://aos-comment.amap.com/B0M6NHEM6G/comment/content_media_external_file_1000007354_ss__1768728108262_87140162.jpg,116.547837,39.95173
,477,,盒马工坊(金隅嘉品Mall店),中餐厅,盒马工坊(金隅嘉品Mall店),东坝中路38号金隅嘉品MallB2层,9.2,3.4,33,https://store.is.autonavi.com/showpic/f6095ca5642a81e86d80bfb9c79ba8ef,116.547633,39.951766
,477,,小幸疆·痴饭不疆就(东坝店),单人餐,小幸疆·痴饭不疆就(东坝店),北京城区北京城区东坝中路38号金隅嘉品MallB1层 | 营业时间:周一至周日 11:00-21:00 | 电话:15518090688,2.4,4,42,http://store.is.autonavi.com/showpic/5e475bfd6b92f972265c376b3858f6de,116.548009,39.951665
,477,,一起卷凉皮(金隅嘉品Mall店),卷凉皮,一起卷凉皮(金隅嘉品Mall店),东坝中路38号金隅嘉品Mall,8.1,2.2,13,,116.548025,39.951675
,477,,马记永·兰州牛肉面(金隅嘉品Mall店),椒麻鸡,马记永·兰州牛肉面(金隅嘉品Mall店),东坝乡东坝中路38号金隅嘉品Mall B1层 | 营业时间:周一至周日 10:30-21:00 | 电话:15010099789,4.1,4,33,http://store.is.autonavi.com/query_pic?id=stc0444e99-56e7-42fb-bccc-89bf671bff76&user=search&operate=original,116.547961,39.951886
,477,,阿香米线(北京金隅嘉品餐厅),米线,阿香米线(北京金隅嘉品餐厅),东坝中路38号金隅嘉品MallB1层 | 营业时间:周一至周日 10:00-22:00 | 电话:17721115571,7.7,4.3,38,http://store.is.autonavi.com/query_pic?id=stc24b423a-66e8-4f0e-9267-590ad2c4c33b&user=search&operate=original,116.548019,39.95199
,477,,一道湘·辣椒炒肉(金隅嘉品店),辣椒炒肉,一道湘·辣椒炒肉(金隅嘉品店),金隅嘉品Mall4层(东坝南地铁站C1口旁) | 营业时间:周一至周日 10:30-21:30 | 电话:010-52218918,9.4,4.2,49,https://aos-comment.amap.com/B0K1KRH6V3/comment/61224DA4_A01F_4602_9641_8F9C736079CA_L0_001_2000_150_1762041134980_86154957.jpg,116.548037,39.951669
,477,,海底捞火锅(金隅嘉品MALL店),黄土高原滩羊卷,海底捞火锅(金隅嘉品MALL店),北京城区东坝中路38号金隅嘉品MALL4层L401、L402、L423号商铺 | 营业时间:周一至周日 10:00-03:00 | 电话:010-65788667;010-89968198,2.1,4.7,120,https://store.is.autonavi.com/showpic/bcb84a02dd0ebb388d01c309af554414?operate=original,116.547699,39.951843
,482,,信江雅苑·江西小炒,中餐厅,信江雅苑·江西小炒,中关村南大街48号院内 | 营业时间:周一至周日 10:30-22:30 | 电话:13269710588,4.4,4.2,0,https://store.is.autonavi.com/showpic/a761123b17024260973a096543ffba2a,116.325621,39.945096
,482,,滇喜云南味,单人餐,滇喜云南味,中关村南大街48号4号楼1层133室 | 营业时间:周一至周日 09:00-21:00 | 电话:15687720869,3.5,4.5,32,https://store.is.autonavi.com/showpic/68fb048f738878878a0e1432197faba8,116.32547,39.944452
,482,,品诺咖啡-读者餐厅,摩卡咖啡,品诺咖啡-读者餐厅,中关村南大街33号国家图书馆院内综合楼1楼底商(近万寿寺路) | 营业时间:周一至周日 09:00-21:00 | 电话:010-88544518,0.7,4.2,46,https://aos-comment.amap.com/B0FFHWBNG7/headerImg/fceaf35c5055b052960afccad844c119_2048_2048_80.jpg,116.322263,39.94455
,482,,清真丝路美食兰州牛肉面,清真菜馆,清真丝路美食兰州牛肉面,中关村南大街与五塔寺路交叉口西北180米,7.7,3.4,26,,116.324225,39.943225
,482,,味炉小馆新湘菜(中关村店),特色菜,味炉小馆新湘菜(中关村店),中关村南大街33号国家图书馆内综合楼1层 | 营业时间:周一至周日 10:00-21:00 | 电话:010-88544518;18873259769,0.6,4.5,62,https://aos-comment.amap.com/B0FFKYG0MG/comment/content_media_external_file_100000138_1773599434968_21582945.jpg,116.322259,39.944371
,482,,国图餐厅,盖饭,国图餐厅,中关村南大街33号3号楼三层312 | 营业时间:周一至周五 07:00-20:00；周六至周日 11:00-20:00 | 电话:010-88545718;13811321564;15110150945,4.5,4.2,36,https://store.is.autonavi.com/showpic/5c33cd434e6c3f0149579b01f29d6ad6,116.322136,39.944601
,483,,罗澜湖畔餐厅,中餐厅,罗澜湖畔餐厅,稻香湖路28号 | 营业时间:周一至周日 10:00-21:00,5.2,4.3,110,https://aos-comment.amap.com/B0K0O5J4FO/headerImg/content_media_external_images_media_1000024912_ss_2_1733061714750_95788381.jpg,116.18244,40.093251
,483,,湖景食府(稻香湖路店),白菜,湖景食府(稻香湖路店),"苏家坨稻香湖路28号北京稻香·湖景酒店 | 营业时间:周一至周日 11:00-13:30,17:00-20:30 | 电话:010-58718888",1.5,4.5,100,https://store.is.autonavi.com/showpic/60f8131804a8e8324af00a6500bdac89,116.18158,40.09285
,483,,厚味酱肉坊(稻香湖路店),酱肉,厚味酱肉坊(稻香湖路店),"苏家坨镇稻香湖路28号北京稻香湖景酒店湖景食府 | 营业时间:周一至周五 10:00-14:00,17:00-23:00；周六至周日 11:00-23:00 | 电话:13521329127",3.2,4,46,https://aos-comment.amap.com/B0FFK66IRI/comment/e44215691ad0150a0f1f4bf071b55c26_2048_2048_80.jpg,116.181496,40.09278
,486,,地摊烧烤,特色/地方风味餐厅,地摊烧烤,闵庄路82号门头馨园南区,1.6,2.9,110,,116.223425,39.975425
,486,,鑫源串吧铁锅炖,铁锅炖,鑫源串吧铁锅炖,门头馨园路与门头馨东街交叉口东80米,6.6,2,0,,116.226225,39.977825
,487,,晋味源刀削面川湘菜,刀削面,晋味源刀削面川湘菜,翠微小学北校区西南门东南210米 | 电话:13681438305,8.2,3.7,28,https://store.is.autonavi.com/showpic/da37911f21039c47de11f01f4e489941,116.161054,40.052405
,489,,力学咖啡(中电建科技园店),咖啡厅,力学咖啡(中电建科技园店),北洼路29号中电建科技创新产业园A座大堂 | 营业时间:周六至周日 09:30-17:00；周一至周五 08:00-18:00,4.9,4.1,36,https://store.is.autonavi.com/showpic/ccd63e9a470ff94453b76aad837cd362,116.298225,39.932025
,490,,尚品食佳美食城,中餐厅,尚品食佳美食城,裕民路18号B1层 | 营业时间:周一至周日 10:00-21:00 | 电话:13811972231,3.1,4.4,16,http://store.is.autonavi.com/showpic/743b875ddb0a322ff0715e7a64db935a,116.382438,39.972312
,490,,和合谷(马甸店),宫保鸡丁拼台式卤肉饭,和合谷(马甸店),裕民路18号-5(北环中心)首层 | 营业时间:周一至周日 07:00-22:00 | 电话:010-82250722,1.1,4.5,33,https://aos-comment.amap.com/B0FFHENWAG/comment/80ea21ea-727b-44fe-9563-7989221fb2df.png,116.382111,39.972338
,490,,Manner Coffee(金澳国际店),海盐焦糖拿铁,Manner Coffee(金澳国际店),北三环中路239号 | 营业时间:周一至周日 07:00-20:00 | 电话:13062684770,4.5,4.5,20,https://aos-comment.amap.com/B0J64H7871/comment/20260310-dd697205b8388c765baa8cee-26DW0HXkSwQ7ikRyQjtVBq.jpg,116.378786,39.971687
,490,,武圣羊汤·西北面(裕民路店),烧饼,武圣羊汤·西北面(裕民路店),北环路中心一层 | 营业时间:周一至周日 08:30-22:00 | 电话:17710907565,3.5,4.4,23,http://store.is.autonavi.com/showpic/04174ad7c77b4e01b852b4771707c4d0,116.382301,39.972319
,490,,韩手一中国兰州拉面(北京金澳国际店),牛肉,韩手一中国兰州拉面(北京金澳国际店),马甸东路19号1层(马甸桥地铁站A西北口步行470米) | 营业时间:周一至周日 06:30-21:30 | 电话:18559326806,7,3.8,29,https://aos-comment.amap.com/comment/content_service__1769839517338_71720776_1769839526005_05858485.jpg,116.378769,39.971333
,490,,闽晨花饺,特色/地方风味餐厅,闽晨花饺,金澳国际东门旁 | 营业时间:周一至周日 06:00-13:00 | 电话:15601866065,3.9,3.7,10,https://store.is.autonavi.com/showpic/007e1f5be8107a85a14ffd32e4b65524,116.378807,39.971476
,490,,瑞幸咖啡(金澳国际中心店),美式,瑞幸咖啡(金澳国际中心店),马甸东路19号金澳国际中心一层 | 营业时间:周一至周日 07:30-18:00 | 电话:4000100100,7.2,4.5,13,https://store.is.autonavi.com/showpic/c287706810a95e84ab635a931ccf264d?operate=original,116.37856,39.970734
,490,,豫娃子胡辣汤(马甸桥店),胡辣汤,豫娃子胡辣汤(马甸桥店),马甸东路19号-139(马甸桥地铁站A西北口步行490米) | 营业时间:周一至周日 06:30-20:00 | 电话:15001045321,1,4.5,22,http://store.is.autonavi.com/showpic/7376c1e17621b73281ea321d7cb16246,116.378793,39.971586
,490,,晋来顺手擀面(马甸东路店),臊子油泼面,晋来顺手擀面(马甸东路店),北京城区马甸东路40号(马甸桥地铁站A西北口步行470米) | 营业时间:周一至周日 10:00-23:00 | 电话:18733759860,8.5,4.1,29,https://aos-comment.amap.com/B0FFIBHBUJ/comment/a3b1498952aca2a9783fc8ea6cc37465_2048_2048_80.jpg,116.378811,39.971372
,490,,裕民面馆(北环中心店),酸辣粉,裕民面馆(北环中心店),北环中心 | 营业时间:周一至周日 09:00-22:00 | 电话:18611939686,2.6,4.2,28,http://store.is.autonavi.com/showpic/b19504f62ed670835be76199bc359079,116.382386,39.97233
,491,,安徽太和牛肉板面(黑龙潭路店),中餐厅,安徽太和牛肉板面(黑龙潭路店),黑龙潭路与西北旺大桥交叉口西320米,0.4,3.2,19,,116.254475,40.043625
,493,,聚香阁(香山公园店),中餐厅,聚香阁(香山公园店),"香山饭店 | 营业时间:周一至周日 11:30-13:30,17:30-21:00 | 电话:010-62591166",1.2,3.4,89,https://store.is.autonavi.com/showpic/d7f2f01f41589b010000001392888826?type=pic,116.194671,39.989711
,493,,金盛坊云南米线(风味4北京市海淀区香山街道胡文琴刀削面馆),云南米线,金盛坊云南米线(风味4北京市海淀区香山街道胡文琴刀削面馆),买卖街与枫林路交叉口西南20米,2.2,2.9,36,,116.198375,39.991525
,493,,香山饭店咖啡厅,咖啡厅,香山饭店咖啡厅,闵庄路瑞王坟 | 电话:010-62591166,7.5,1.3,61,http://store.is.autonavi.com/showpic/54d2f952a310b3053ef5f59b,116.194611,39.989729
,493,,壮壮餐厅,地三鲜,壮壮餐厅,香山买卖街45号香山公园东门外9号停车场对面 | 营业时间:周一至周日 08:00-20:00 | 电话:15738645208,9.5,3.9,49,https://store.is.autonavi.com/showpic/a743cd7026ad2e0f6329c1c8a2186a81,116.198237,39.991503
,493,,大碗面(买卖街店),大碗面,大碗面(买卖街店),买卖街9号停车场对面 | 电话:13783383394,6.4,2.8,38,https://store.is.autonavi.com/showpic/8b5fb5b621c993502abc3db0d2ca8a80,116.198447,39.991505
,493,,一面刀削面馆·家常菜(胡文琴刀削面馆第1风味),家常菜,一面刀削面馆·家常菜(胡文琴刀削面馆第1风味),香山路买卖街48号 | 营业时间:周一至周日 09:30-22:00 | 电话:15311238022,10,3.5,45,https://aos-comment.amap.com/B0FFKT145Y/comment/56aa04052b6174eec9fe9ea7cb24c08b_2048_2048_80.jpg,116.198425,39.991475
,493,,驴肉火烧,螺蛳粉,驴肉火烧,香山买卖街45号 | 营业时间:周一至周日 10:00-22:00 | 电话:13366829643,8,3.4,24,https://store.is.autonavi.com/showpic/1fe100bd89f098c7426c9cdad2fc3e09,116.198088,39.991457
,493,,香河肉饼(买卖街店),香河肉饼,香河肉饼(买卖街店),买卖街与枫林路交叉口西南40米 | 营业时间:周一至周日 08:00-20:30 | 电话:15751810371,5.5,3.6,25,https://store.is.autonavi.com/showpic/37359b7683ceefa988673c908ca2785a,116.198255,39.991513
,494,,中关村展示中心科学咖啡,咖啡厅,中关村展示中心科学咖啡,新建宫门路与海淀公园路交叉口东南140米,0.8,3.6,0,,116.293818,39.989376
,494,,无逸咖啡,咖啡厅,无逸咖啡,万柳镇新建宫门路2号海淀公园(西北角) | 营业时间:周一至周日 09:00-17:00 | 电话:15010613610,0.8,4.4,42,https://aos-comment.amap.com/B0L66M5GM2/comment/content_media_external_images_media_182931_ss__1735813794249_40263736.jpg,116.292775,39.988675
,495,,瑞幸咖啡(海淀绿地中央广场店),三明治,瑞幸咖啡(海淀绿地中央广场店),林风二路38号院2号楼一层108室 | 营业时间:周一至周五 07:00-18:00；周六至周日 09:00-20:00 | 电话:4000100100,1.9,4.5,13,https://store.is.autonavi.com/showpic/c287706810a95e84ab635a931ccf264d?operate=original,116.193203,40.071584
,495,,沙县小吃,中餐厅,沙县小吃,绿地中央广场西1门北80米 | 营业时间:周一至周日 09:00-22:00,3.6,4.1,27,https://store.is.autonavi.com/showpic/a87cae0b8addffa602e2174cd013e6f5,116.192875,40.071375
,495,,海清小厨,中餐厅,海清小厨,林风二路绿地中央广场11号院3号楼 | 营业时间:周一至周日 10:30-21:30,9.1,3.7,30,http://store.is.autonavi.com/showpic/3ee1d179a5a7229337f221c0d89a699e,116.192126,40.072102
,495,,库迪咖啡(海淀绿地中央广场店),咖啡厅,库迪咖啡(海淀绿地中央广场店),绿地中央广场38号院2号楼底商(和合谷内) | 营业时间:周六至周日 09:00-18:00；周一至周五 08:00-19:00 | 电话:13260052254,7.3,3.9,19,https://store.is.autonavi.com/showpic/cea6272b71a5ab1a3ad788721dac880e,116.193014,40.071662
,495,,京穆提兰州牛肉面(海淀绿地中央广场店),拉面,京穆提兰州牛肉面(海淀绿地中央广场店),绿地中央广场3号楼111 | 营业时间:周一至周日 08:00-21:00 | 电话:17600751655,4,3.8,19,http://aos-cdn-image.amap.com/sns/ugccomment/4a375879-cae1-476f-83ec-920f5ab7ece6.jpg,116.191914,40.072158
,495,,纹篱·湘菜小炒,湖南菜(湘菜),纹篱·湘菜小炒,绿地中央广场林风二路38号院2号楼一层112底商拐角(库迪咖啡内) | 营业时间:周一至周日 10:00-23:00 | 电话:13260050743,1.9,3.6,29,https://store.is.autonavi.com/showpic/5812fcc5e3844d3c0e8126ab68b7d638,116.193175,40.071625
,495,,安徽板面烩面(海淀绿地中央广场店),烩面,安徽板面烩面(海淀绿地中央广场店),绿地中央广场西1门北90米 | 营业时间:周一至周日 09:00-23:00,2.7,3.6,17,http://store.is.autonavi.com/showpic/2be0f4e46e46baa226823b9601c8538c,116.192898,40.071413
,495,,金榜题名烤场,特色/地方风味餐厅,金榜题名烤场,绿地中央广场,4.2,2.2,78,,116.193175,40.071536
,495,,渝食北重庆小面,重庆小面,渝食北重庆小面,绿地中央广场西1门北80米 | 营业时间:周一至周六 09:00-23:00；周日 09:00-22:30 | 电话:19186344431,4.9,3.6,25,http://store.is.autonavi.com/showpic/008199b2b32e72a644fec7f3d019e4a7,116.192911,40.071395
,495,,驴肉火烧黄焖鸡米饭(海淀绿地中央广场店),驴肉火烧,驴肉火烧黄焖鸡米饭(海淀绿地中央广场店),绿地中央广场4-7号楼北1门旁 | 营业时间:周一至周日 10:00-21:00 | 电话:13373538260,2.4,3.7,28,http://store.is.autonavi.com/showpic/d4aac38d237df96450d8d725903ad685,116.192125,40.071759
,495,,小谷姐姐麻辣拌·麻辣烫(海淀绿地中央广场店),麻辣烫,小谷姐姐麻辣拌·麻辣烫(海淀绿地中央广场店),绿地中央广场4-7号楼北1门旁 | 营业时间:周一至周日 10:30-22:30 | 电话:18612864153,4.2,4.1,39,https://img.alicdn.com/imgextra/i1/O1CN019125401fyP4B1coyb_!!6000000004075-2-tps-267-202.png,116.191925,40.071775
,496,,杏林山庄餐厅,中餐厅,杏林山庄餐厅,甲1号杏林山庄内(近香山植物园),8.2,4.1,287,,116.216841,40.003923
,496,,黄叶村酒家,丸子,黄叶村酒家,卧佛寺路正白旗村39号曹雪芹纪念馆旁西侧30米 | 营业时间:周一至周日 11:00-19:00 | 电话:13811046202,4.7,4.3,109,https://aos-comment.amap.com/B0FFG3F7IR/comment/content_media_external_file_1000027756_ss__1757388747977_76954491.jpg,116.211847,39.999185
,496,,香山假日·品湘宴,鲈鱼,香山假日·品湘宴,"北京城区香山新营19号 | 营业时间:周一至周日 11:00-14:00,17:00-21:00 | 电话:010-62352828;18601229566",6.4,4.4,98,https://aos-comment.amap.com/B0FFGZHE3B/comment/content_media_external_file_100018033_1770085321191_00427601.jpg,116.200252,39.997841
,497,,金龙潭御瑞酒店·沪派坊中餐厅,上海熏鱼,金龙潭御瑞酒店·沪派坊中餐厅,"北京城区西三环北路71号金龙潭大饭店2层 | 营业时间:周一至周日 11:00-14:00,17:00-21:00 | 电话:010-68481562;15901371172",1.2,4.5,155,https://aos-comment.amap.com/B000A7WREV/comment/content_media_external_file_732_1756525806735_58221814.jpg,116.309544,39.938924
,497,,杭州小笼包,中餐厅,杭州小笼包,昌运宫路与西三环北路辅路交叉口东南20米,4.1,0.4,0,,116.310675,39.939225
,497,,傲牛日式烧肉(紫竹桥店),寿司,傲牛日式烧肉(紫竹桥店),"西三环北路昌运宫路4号楼1幢(紫竹桥东南角) | 营业时间:周一至周日 11:00-14:00,17:00-22:00 | 电话:010-68969199",2.2,3.8,126,https://aos-comment.amap.com/B0FFM71E1D/comment/78a833993d6375cadd11ca8eaced7d81_2048_2048_80.jpg,116.310655,39.939291
,497,,松涧宴信阳菜(花园桥店),锅包肉,松涧宴信阳菜(花园桥店),"北京城区中国公共关系协会西门旁 | 营业时间:周一至周日 10:00-14:30,16:30-22:30 | 电话:13401048584;18610519208",4.7,4.4,63,https://aos-comment.amap.com/B0L0NKQK1U/comment/content_media_external_file_1353_1772088987547_34224527.jpg,116.310618,39.935881
,497,,杨国福麻辣烫(国际财经中心店),麻辣烫,杨国福麻辣烫(国际财经中心店),北京城区西三环北路87号国际财经中心1层112 | 营业时间:周一至周日 08:00-22:00 | 电话:15711015210,7.6,4.3,27,https://img.alicdn.com/imgextra/i1/O1CN01hpPgOL1i4TZ2umDKr_!!6000000004359-49-tps-1080-1080.webp,116.309106,39.935957
,498,,畅春园食堂,烤鸭,畅春园食堂,颐和园路5号北京大学 | 营业时间:一层:06:50-08:30；11:00-13:30；17:00-19:00；三层:11:00-14:00；17:00-21:00 | 电话:010-62765088;18515253960,5.1,4.6,48,https://aos-comment.amap.com/B0FFG39TBQ/comment/content_media_external_images_media_1000013149_ss__1765851873967_16830652.jpg,116.303733,39.993919
,498,,花家怡园(清华西路店),疙瘩汤,花家怡园(清华西路店),"清华西路28号(圆明园地铁站A出口西侧院内) | 营业时间:周一至周五 11:00-14:00,17:00-22:00；周六至周日 11:00-22:00 | 电话:010-51283379;010-82169199",3.7,4.7,176,http://store.is.autonavi.com/showpic/16aed393c75b460bf7f801c8f276ce65,116.306592,39.999401
,498,,阳坊大都涮羊肉(北京邮电会议中心店),羊肉,阳坊大都涮羊肉(北京邮电会议中心店),"西苑挂甲屯5号 | 营业时间:周一至周日 10:00-14:00,17:00-21:00 | 电话:010-62538181;010-62547799;18600660591",3,4.3,94,https://aos-comment.amap.com/B0FFF404Z3/comment/88F873DC_9F06_4A02_86F5_969E23062059_L0_001_1290_202_1768470334132_74046644.jpg,116.300182,39.995508
,498,,佟园食堂,麻辣烫,佟园食堂,颐和园路5号 | 营业时间:早餐:07:00-09:00；午餐:11:00-13:00；晚餐:17:00-22:00(假期时段至20:00) | 电话:010-62752212,2.4,4.5,19,https://aos-comment.amap.com/B000A7U4SF/comment/6d6fd8f2d4595a031e637b54dd6deb49_2048_2048_80.jpg,116.306746,39.990992
,499,,大先生小碗菜(学院国际大厦店),小碗菜,大先生小碗菜(学院国际大厦店),知春路1号学院国际大厦B1层 | 营业时间:周一至周日 11:00-18:30 | 电话:17611070589;18612535414,0.8,3.6,25,https://aos-comment.amap.com/B0HR4X1MT1/comment/eb6313b0866ce6b0c9fdedd6692a3d85_2048_2048_80.jpg,116.353198,39.977341
,499,,Manner Coffee(学院国际大厦店),海盐焦糖拿铁,Manner Coffee(学院国际大厦店),知春路1号学院国际大厦F1层 | 营业时间:周一至周日 07:00-17:00 | 电话:18616607748,5.8,4.4,20,https://aos-comment.amap.com/B0KD0C06A0/comment/content_media_external_images_media_100003467_1735182046281_03882155.jpg,116.353186,39.977367
,499,,天唯阁中餐厅(唯实大厦店),牛肉,天唯阁中餐厅(唯实大厦店),"学院路39号唯实大厦唯实国际文化交流中心4层 | 营业时间:周一至周日 11:00-13:30,17:00-21:30 | 电话:010-62308899;010-82339999",4.7,4.4,172,https://aos-comment.amap.com/B0FFGWJJU1/comment/content_media_external_file_120490_1767865201236_91822045.jpg,116.352521,39.978876
,499,,北京唯实酒店绿洲咖啡园,生蚝,北京唯实酒店绿洲咖啡园,学院路39号唯实国际文化交流中心3层 | 营业时间:周二至周六 18:00-21:30 | 电话:010-62308899,1.5,4.4,190,http://store.is.autonavi.com/showpic/a815943cd397e4b7e37b8c27bee78b32,116.352725,39.978719
,499,,久食久美食广场(学院国际大厦店),羊肉汤,久食久美食广场(学院国际大厦店),知春路1号学院国际大厦B1层 | 营业时间:周一至周日 06:00-21:00 | 电话:18779660593,7.2,4.5,26,https://aos-comment.amap.com/B0FFGT38V9/comment/file_media_Photo_2001_IMG_1768955093_2174_IMG_20260121_082313_jpg_ss__1769034263199_78974658.jpg,116.353202,39.977255
,499,,瑞幸咖啡(首享科技大厦店),美式,瑞幸咖啡(首享科技大厦店),学院路51号首享科技大厦一层0106室 | 营业时间:周一至周日 07:00-22:00 | 电话:4000100100,4.4,4.5,13,https://store.is.autonavi.com/showpic/c287706810a95e84ab635a931ccf264d?operate=original,116.352934,39.978146
,499,,北京唯实建国饭店,薯条,北京唯实建国饭店,学院路39号(近知春路)北京航空航天大学学院路校区唯实大厦 | 电话:010-62308899,6.5,4.5,0,https://aos-comment.amap.com/B0JU9H88WI/comment/content_media_external_images_media_100002311_1727196067941_53917836.jpg,116.352811,39.978788
,500,,渔蓝海鲜火锅(首都宾馆店),双人餐,渔蓝海鲜火锅(首都宾馆店),首都宾馆A座一层大堂吧东北角 | 营业时间:周一至周日 16:30-21:30 | 电话:010-58159566,9.6,4.6,163,https://aos-comment.amap.com/B0JRZGS12N/comment/982239bae377647ec1abd48304e1a1e9_2048_2048_80.jpg,116.409635,39.902001
,500,,食鼎轩烤鸭·私房菜(北京王府井台基厂大街店),家常菜,食鼎轩烤鸭·私房菜(北京王府井台基厂大街店),"台基厂大街10-1号 | 营业时间:周一至周日 09:30-14:00,16:30-21:30 2026-05-01至2026-05-05 周一至周日 09:30-14:00,16:30-21:30 | 电话:010-63445868;18519118048",3.9,4.6,70,https://aos-comment.amap.com/B0KGRMA21S/comment/content_media_external_file_100003357_1767011828140_18373911.jpg,116.411861,39.903494
,500,,北京隆和居美食城(正义路店),干锅千页豆腐,北京隆和居美食城(正义路店),东华门街道正义路8号(原市政府斜对面) | 营业时间:周一至周日 10:00-22:30 | 电话:010-65263265;13520777900,9,4.4,73,https://store.is.autonavi.com/showpic/72fbdf46904d9ac20000002152518124?type=pic,116.406444,39.903414
,500,,松鹤楼(台基厂店),松鼠桂鱼,松鹤楼(台基厂店),"北京城区台基厂大街10号(东郊民巷小学旁) | 营业时间:周一至周日 11:00-14:00,17:00-21:00 2026-02-17至2026-02-23 周一至周日 11:00-14:00,16:30-21:00 | 电话:010-65278195;010-65279255",2.9,4.5,153,http://store.is.autonavi.com/query_pic?id=st4e59a81c-8dd5-4876-9cdf-1e3afe32ebe2&user=search&operate=original,116.411839,39.903469
,500,,君庭中餐厅(首都宾馆店),牛肉,君庭中餐厅(首都宾馆店),"前门东大街3号首都宾馆东北门门房 | 营业时间:周一至周日 11:00-14:00,17:00-21:00 | 电话:010-58159788",2.5,4.4,213,https://aos-comment.amap.com/comment/content_service__1771506306909_36408294_1771506354089_05149994.jpg,116.408956,39.902119
,500,,奥华餐厅老张记(台基厂店),虾仁独面筋,奥华餐厅老张记(台基厂店),北京城区台基厂大街18-3号 | 营业时间:周一至周日 10:30-21:30 | 电话:010-65129289;010-65244021,0.9,4.6,62,http://store.is.autonavi.com/showpic/a44d4745fdde65bc76e850f893a9937b,116.411937,39.902869
,502,,渔乐坊,中餐厅,渔乐坊,广源闸路与万寿寺路交叉口北20米,5.9,2.7,0,https://store.is.autonavi.com/showpic/94c54a5e883752da65cad4c5284e3918,116.313125,39.945793
,502,,粗粮卷饼王(金时美食城店),中餐厅,粗粮卷饼王(金时美食城店),西三环北路25号粗粮卷饼王(万寿寺地铁站A西北口步行60米) | 营业时间:周一至周日 08:00-20:00 | 电话:15056979815,3.9,3.6,17,http://store.is.autonavi.com/showpic/2073d92944bb5f2823609d3492686d34,116.309275,39.949225
,502,,"谭家牛铺,谭湘记湖南土菜",土菜,"谭家牛铺,谭湘记湖南土菜","万寿寺110号(万寿寺地铁站C东南口步行250米) | 营业时间:周一至周日 11:00-14:00,16:30-21:00 | 电话:010-68483566;13269870795",7.5,4.4,92,https://store.is.autonavi.com/showpic/2c74bbc178f3a632a3ec9318e4e8007c,116.312174,39.945588
,502,,味妙烤鱼吧(紫竹桥店),烤鱼,味妙烤鱼吧(紫竹桥店),北京城区万寿寺路90号 | 营业时间:周一至周日 10:00-22:30 | 电话:010-68464227;13718847673,4.5,4.3,100,https://store.is.autonavi.com/showpic/c75444b55ad651c7b1a095aac739e397,116.313147,39.945815
,502,,渝湘人家(万寿寺店),白斩鸡,渝湘人家(万寿寺店),万寿寺路烤鱼吧旁边(万寿寺地铁站C东南口步行410米) | 营业时间:周一至周日 09:30-23:00,8.6,4.1,58,https://aos-comment.amap.com/B0FFGJOOIC/comment/9235fdb4b7b7be8b64d9e2ee94a92b06_2048_2048_80.jpg,116.312947,39.945661
,502,,张记正宗烤炉鸡蛋灌饼(紫竹桥店),鸡蛋灌饼,张记正宗烤炉鸡蛋灌饼(紫竹桥店),中国共青团中央团校东门南160米(万寿寺地铁站A西北口旁) | 营业时间:周一至周日 05:00-21:00,7.7,3.4,13,https://store.is.autonavi.com/showpic/eb8dd38b05291d6b2556cd130d1186c2,116.309236,39.949043
,502,,东来顺饭庄(紫竹桥店),麻酱,东来顺饭庄(紫竹桥店),西三环北路25号沿街南1层(万寿寺地铁站A西北口旁) | 营业时间:周一至周日 10:30-21:30 2026-02-10至2026-03-04 周一至周日 11:00-21:00 | 电话:010-88569056;010-88569098,0.1,4.5,117,https://aos-comment.amap.com/B000A8X5UI/comment/7e5b7573347a3570024b66ec28980bea_2048_2048_80.jpg,116.309274,39.948989
,505,,花家怡园(清华西路店),疙瘩汤,花家怡园(清华西路店),"清华西路28号(圆明园地铁站A出口西侧院内) | 营业时间:周一至周五 11:00-14:00,17:00-22:00；周六至周日 11:00-22:00 | 电话:010-51283379;010-82169199",3.8,4.7,176,http://store.is.autonavi.com/showpic/16aed393c75b460bf7f801c8f276ce65,116.306592,39.999401
,505,,梦旅人咖啡馆快餐(成府路北河沿小区店),盖浇饭,梦旅人咖啡馆快餐(成府路北河沿小区店),成府北河沿15号(圆明园地铁站B东北口步行210米) | 营业时间:周一至周日 09:00-17:00 | 电话:13811005606,2.9,3.9,41,https://store.is.autonavi.com/showpic/817c4d91bdcbf1c14d9ee35123d97dd8,116.312453,39.999514
,507,,礼贤街麻辣鸭脖(礼贤街店),三道菜,礼贤街麻辣鸭脖(礼贤街店),礼贤街西四号 | 营业时间:周一至周日 09:30-02:00 | 电话:13683552827,3.3,4.6,34,https://aos-comment.amap.com/B0G3Y5VK7O/comment/file_media_Photo_1208_IMG_1769684709_1174_IMG_20260129_190329_jpg_ss__1769684725789_13615578.jpg,116.638853,40.322654
,507,,强子牛肋条,中餐厅,强子牛肋条,泉河街道于家园三区53号 | 营业时间:周一至周日 17:00-02:00,9.2,4.2,74,https://store.is.autonavi.com/showpic/8b0fa57b773a39b0c94997a09a54aac8,116.640425,40.325375
,507,,皖香园早餐,中餐厅,皖香园早餐,滨湖南街与进校路交叉口西20米,5.1,3.4,0,https://store.is.autonavi.com/showpic/1730067f1577f73c550fe0253f1ed4c0,116.641171,40.325372
,507,,南街儿小馆,宫保鸡丁,南街儿小馆,迎宾北路12号院南门旁 | 营业时间:周一至周日 09:00-22:00 | 电话:13811852408;13911033640,4,4,49,https://store.is.autonavi.com/showpic/f627189786daa1427f8cb50e84a73fd7,116.639016,40.32508
,507,,柒公主干锅焖饭,干锅焖饭,柒公主干锅焖饭,于家园三区57号 | 电话:15611010349,8.7,3.8,23,https://store.is.autonavi.com/showpic/11863359c6611de8e9327d528c49903a,116.641092,40.325394
,507,,礼贤街灌汤包主食厨房,灌汤包,礼贤街灌汤包主食厨房,金台园小区中区西门北80米 | 营业时间:周一至周日 05:00-13:00 | 电话:13436887719;18612202362,1.4,4,19,https://aos-comment.amap.com/B0GR6NWOWV/comment/content_media_external_file_100010818_1750294407520_11583296.jpg,116.64058,40.323877
,507,,小耿烧烤店,烤鸽子,小耿烧烤店,滨湖南街与进校路交叉口西40米 | 营业时间:周一至周日 16:00-03:00 | 电话:18513073093,6.6,3.9,66,https://store.is.autonavi.com/showpic/bc5e46f56dc39f19b41c7f3d77381f96,116.640649,40.325363
,507,,天天老张烧烤铜锅涮肉,牛肉串,天天老张烧烤铜锅涮肉,金台园105号 | 营业时间:周一至周日 16:30-01:00 | 电话:18511484153,5.4,4.2,96,https://aos-comment.amap.com/B000A7X881/comment/11c20815d10785718b722172e49f3a56_2048_2048_80.jpg,116.639541,40.325135
,507,,泰一味·铁锅炖大鹅(金台园店),铁锅炖大鹅,泰一味·铁锅炖大鹅(金台园店),滨湖南街金台园101号 | 营业时间:周一至周日 10:30-21:30 | 电话:010-85561979,4.3,4.2,50,https://aos-comment.amap.com/B0L0P71JZL/comment/content_media_external_file_8035_1766681644711_87606652.jpg,116.639005,40.324901
,508,,羊城美食·粤菜鸡煲(大钟寺店),招牌花都鸡,羊城美食·粤菜鸡煲(大钟寺店),"北京城区北三环西路31号31幢31-1 | 营业时间:周一至周日 11:00-14:00,17:00-24:00 2026-02-11至2026-03-03 周一至周日 11:00-14:30,17:00-21:30 | 电话:010-82185330;13501335882",7.6,4.6,107,https://aos-comment.amap.com/B0IK0US7TM/comment/content_media_external_file_3138_1771081191122_22920295.jpg,116.338259,39.970519
,508,,吃面撸串,撸串,吃面撸串,大钟寺北路与大钟寺西路交叉口东南60米,6.9,3.1,0,http://store.is.autonavi.com/showpic/edbba5e3a8c6221c84f504aed159ef69,116.33726,39.970478
,508,,清真·古穆兰·丝路美食(大钟寺店),椒麻鸡,清真·古穆兰·丝路美食(大钟寺店),西三环北路甲31号(大钟寺古玩市场北门) | 营业时间:周一至周日 09:00-24:00 | 电话:13993024506;15321762030;19231101141,6.1,4.5,63,http://store.is.autonavi.com/showpic/cfa4deb3ec79f441678b38458f62fe5a,116.337264,39.970502
,508,,福达际海鲜,海鲜酒楼,福达际海鲜,大钟寺西路与大钟寺北路交叉口东南60米 | 营业时间:周一至周日 07:00-19:00,10,1.3,0,,116.337275,39.970475
,508,,中国兰州牛肉拉面(爱家古玩城店),清真菜馆,中国兰州牛肉拉面(爱家古玩城店),北三环西路6号蓝景丽家明光家具建材城2层磁砖区L-1-10A | 营业时间:周一至周五 10:00-19:00； 周六 10:00-21:00,3,3.6,31,https://store.is.autonavi.com/showpic/49a3e31ac614b9d1328d17b42a48ba3e,116.337276,39.970486
,508,,食在我家灶台鱼(双榆树店),灶台鱼,食在我家灶台鱼(双榆树店),"中关村街道北三环大钟寺爱家收藏院内 | 营业时间:周一至周日 11:30-14:00,16:30-22:00 | 电话:010-82113302;13301308595",4.5,4.2,67,https://store.is.autonavi.com/showpic/ed703eb00abf9e745a853904cf453a88,116.336893,39.970352
,508,,鲜牛时尚潮汕牛肉火锅(太阳店),牛肉,鲜牛时尚潮汕牛肉火锅(太阳店),大钟寺东路太阳园13号楼1层103(东升地区) | 营业时间:周一至周日 22:00-04:00 | 电话:010-62120811;15010471354,6,4.4,83,http://store.is.autonavi.com/showpic/0141db60ba54dfec70c9a31b10e668ff,116.339153,39.970631
,508,,云香缘云南过桥米线(中嘉大厦店),米线,云香缘云南过桥米线(中嘉大厦店),中关村街道大钟寺东路168号太阳园小区13号楼地下一层1号 | 营业时间:周一至周日 08:00-22:00 | 电话:17812726805,7.1,4,25,http://store.is.autonavi.com/showpic/ef0a34472ddf322affa60a4c0d9904a4,116.33912,39.970515
,508,,啫啫煲鸡火锅,鸡火锅,啫啫煲鸡火锅,京仪科技大厦东南门旁,1.6,2.5,0,https://store.is.autonavi.com/showpic/71f77dcd22e1e574122372be13f4b322,116.338256,39.970545
,509,,中关村展示中心科学咖啡,咖啡厅,中关村展示中心科学咖啡,新建宫门路与海淀公园路交叉口东南140米,2,3.6,0,,116.293818,39.989376
,509,,无逸咖啡,咖啡厅,无逸咖啡,万柳镇新建宫门路2号海淀公园(西北角) | 营业时间:周一至周日 09:00-17:00 | 电话:15010613610,4.5,4.4,42,https://aos-comment.amap.com/B0L66M5GM2/comment/content_media_external_images_media_182931_ss__1735813794249_40263736.jpg,116.292775,39.988675
,509,,無界咖啡(海淀公园店),炸薯条,無界咖啡(海淀公园店),新建宫门路2号海淀公园西南门体育中心内 | 营业时间:周一至周日 09:30-21:00 | 电话:13520457539,7.4,4.5,48,http://store.is.autonavi.com/showpic/9b0ff8b01f3a2e5f829ab5a57ecb6df6,116.292751,39.984332
,510,,客来来cclara&sandwich(腾达大厦店),中餐厅,客来来cclara&sandwich(腾达大厦店),西直门外大街168号腾达大厦F2层 | 营业时间:周一至周五 08:00-20:00；周六至周日 09:00-18:00,3.5,3.3,21,,116.327282,39.938123
,510,,LAVAZZA拉瓦萨咖啡(北京方圆大厦店),咖啡厅,LAVAZZA拉瓦萨咖啡(北京方圆大厦店),甘家口街道中关村南大街甲56号一层1002 | 营业时间:周一至周日 07:30-22:00 | 电话:18701424687,3.7,3.8,0,http://store.is.autonavi.com/query_pic?id=st8d3fef1a-b2ef-4def-ac6f-e1c1009e7b8b&user=search&operate=original,116.32988,39.939081
,510,,星巴克(腾达大厦店),提拉米苏,星巴克(腾达大厦店),北京城区西直门外大街168号腾达大厦2层210号 | 营业时间:周六至周日 07:00-17:30；周一至周五 06:30-20:00 | 电话:010-88577710,7.3,4.6,30,http://store.is.autonavi.com/showpic/e45e3a0043413101283377e6985510c9,116.32682,39.937971
,510,,超级碗(腾达大厦店),虾仁,超级碗(腾达大厦店),西直门外大街168号腾达大厦二层超级碗 | 营业时间:周一至周日 09:30-20:00 | 电话:17801129961,9,4.2,32,https://aos-comment.amap.com/B0J3VC7UUW/comment/content_media_external_images_media_26608_ss__1743514916146_33464626.jpg,116.32667,39.938039
,510,,俏江南(北京腾达店),骨酥黄鱼,俏江南(北京腾达店),西直门外大街168号腾达大厦东配楼2层 | 营业时间:周一至周日 10:30-22:00 | 电话:010-88577163;010-88577182,9.4,4.5,127,https://aos-comment.amap.com/B0GU1KYJEH/comment/content_media_external_images_media_1000047590_ss__1765595814652_05806696.jpg,116.327403,39.938208
,511,,渔蓝海鲜火锅(首都宾馆店),双人餐,渔蓝海鲜火锅(首都宾馆店),首都宾馆A座一层大堂吧东北角 | 营业时间:周一至周日 16:30-21:30 | 电话:010-58159566,0.9,4.6,163,https://aos-comment.amap.com/B0JRZGS12N/comment/982239bae377647ec1abd48304e1a1e9_2048_2048_80.jpg,116.409635,39.902001
,511,,良苑烤鸭店(前门店),宫保鸡丁,良苑烤鸭店(前门店),"前门东大街14号楼前 | 营业时间:11:00-21:00,2026年春节期间07:00-09:30；10:30-21:00 | 电话:010-65122322",0,4.5,80,https://aos-comment.amap.com/B000A7C192/comment/5B6F0744_4E23_4727_BFA1_4FF00A1CB9F2_L0_001_2000_150_1760867253847_38700077.jpg,116.408677,39.900407
,511,,食鼎轩烤鸭·私房菜(北京王府井台基厂大街店),家常菜,食鼎轩烤鸭·私房菜(北京王府井台基厂大街店),"台基厂大街10-1号 | 营业时间:周一至周日 09:30-14:00,16:30-21:30 2026-05-01至2026-05-05 周一至周日 09:30-14:00,16:30-21:30 | 电话:010-63445868;18519118048",5.2,4.6,70,https://aos-comment.amap.com/B0KGRMA21S/comment/content_media_external_file_100003357_1767011828140_18373911.jpg,116.411861,39.903494
,511,,北京隆和居美食城(正义路店),干锅千页豆腐,北京隆和居美食城(正义路店),东华门街道正义路8号(原市政府斜对面) | 营业时间:周一至周日 10:00-22:30 | 电话:010-65263265;13520777900,5.5,4.4,73,https://store.is.autonavi.com/showpic/72fbdf46904d9ac20000002152518124?type=pic,116.406444,39.903414
,511,,松鹤楼(台基厂店),松鼠桂鱼,松鹤楼(台基厂店),"北京城区台基厂大街10号(东郊民巷小学旁) | 营业时间:周一至周日 11:00-14:00,17:00-21:00 2026-02-17至2026-02-23 周一至周日 11:00-14:00,16:30-21:00 | 电话:010-65278195;010-65279255",5.7,4.5,153,http://store.is.autonavi.com/query_pic?id=st4e59a81c-8dd5-4876-9cdf-1e3afe32ebe2&user=search&operate=original,116.411839,39.903469
,511,,君庭中餐厅(首都宾馆店),牛肉,君庭中餐厅(首都宾馆店),"前门东大街3号首都宾馆东北门门房 | 营业时间:周一至周日 11:00-14:00,17:00-21:00 | 电话:010-58159788",5.7,4.4,213,https://aos-comment.amap.com/comment/content_service__1771506306909_36408294_1771506354089_05149994.jpg,116.408956,39.902119
,511,,奥华餐厅老张记(台基厂店),虾仁独面筋,奥华餐厅老张记(台基厂店),北京城区台基厂大街18-3号 | 营业时间:周一至周日 10:30-21:30 | 电话:010-65129289;010-65244021,1.8,4.6,62,http://store.is.autonavi.com/showpic/a44d4745fdde65bc76e850f893a9937b,116.411937,39.902869
,512,,兰溪小馆(香山店),兰溪老鸭汤,兰溪小馆(香山店),"香山公园北门东北80米 | 营业时间:周一至周日 11:00-15:30,16:30-21:00 2026-05-01至2026-05-05 周一至周日 11:00-15:30,17:00-21:00 | 电话:010-82590630;13051248848",4.9,4.7,109,http://store.is.autonavi.com/showpic/fed637bef854ba8c5e5934646c110596,116.195265,39.995982
,512,,郭靖烤全羊(香山店),烤羊腿,郭靖烤全羊(香山店),苏家坨镇台头村村南(味道香山烤鸭店隔壁) | 营业时间:周一至周日 10:00-22:00 | 电话:13718661711;18310351711,7.8,3.4,118,http://store.is.autonavi.com/showpic/969dcd57accf495652452c1444e23d73,116.190608,39.999003
,514,,杏林山庄餐厅,中餐厅,杏林山庄餐厅,甲1号杏林山庄内(近香山植物园),1.4,4.1,287,,116.216841,40.003923
,514,,黄叶村酒家,丸子,黄叶村酒家,卧佛寺路正白旗村39号曹雪芹纪念馆旁西侧30米 | 营业时间:周一至周日 11:00-19:00 | 电话:13811046202,7.6,4.3,109,https://aos-comment.amap.com/B0FFG3F7IR/comment/content_media_external_file_1000027756_ss__1757388747977_76954491.jpg,116.211847,39.999185
,514,,香山假日·品湘宴,鲈鱼,香山假日·品湘宴,"北京城区香山新营19号 | 营业时间:周一至周日 11:00-14:00,17:00-21:00 | 电话:010-62352828;18601229566",5.3,4.4,98,https://aos-comment.amap.com/B0FFGZHE3B/comment/content_media_external_file_100018033_1770085321191_00427601.jpg,116.200252,39.997841
,515,,品春徽COFFEE,coffee,品春徽COFFEE,玉泉路与阜石路辅路交叉口东北80米 | 营业时间:周一至周六 09:00-22:00；周日 09:00-20:00 | 电话:010-68286595,2.6,4.2,45,https://store.is.autonavi.com/showpic/56b54e5ad831a41c4a7abc8f4bd5c951,116.253237,39.926656
,515,,园区食堂,中餐厅,园区食堂,阜石路辅路与玉泉路辅路交叉口东40米 | 营业时间:周一至周日 06:00-24:00,2.4,3.8,21,https://aos-comment.amap.com/B0JUL6C5MR/comment/content_media_external_file_100000847_1766878547061_06307954.jpg,116.25348,39.92591
,515,,可能湘菜馆(玉泉路店),五花肉,可能湘菜馆(玉泉路店),玉泉路2号 | 营业时间:周一至周日 11:00-21:30 | 电话:010-88623799;15811401125,4.1,4.5,80,https://store.is.autonavi.com/showpic/74d59ab61826c9800000002359476290?type=pic,116.253297,39.927649
,515,,No Dark光咖生活,咖啡厅,No Dark光咖生活,玉泉路2号龙徽1910文化创业产业园(北区)37幢一层102 | 营业时间:周一至周日 09:00-22:00 | 电话:13683198431,6.8,4.4,45,http://store.is.autonavi.com/showpic/41a9dc51f32e8a835ad4a4ae59e16664,116.254292,39.926893
,515,,北京家酒居餐饮有限责任公司,家常菜,北京家酒居餐饮有限责任公司,龙徽1910文创园南门内150米左侧 | 营业时间:周一至周日 11:00-22:00 | 电话:18500707963;18600937963,3.3,3.8,43,http://store.is.autonavi.com/showpic/450c44448c1ced93298f9e1b1759bb16,116.255264,39.926506
,515,,天月松间照·龙徽店,广东菜(粤菜),天月松间照·龙徽店,北京城区北京城区龙徽酿酒有限公司南门沿阜石路辅路向西50米 | 营业时间:周一至周日 10:00-23:00 | 电话:18511588365,2.6,4.6,271,https://aos-comment.amap.com/B0L1PD5TYZ/comment/82D8C04F_3987_408D_A760_F8B3591BF7E7_L0_001_2000_150_1770437710478_40196072.jpg,116.25498,39.925335
,515,,赛伊瑞尔丝路美食(龙徽店),牛肉,赛伊瑞尔丝路美食(龙徽店),"龙徽1910文化创意产业园西门北70米 | 营业时间:周一至周日 11:00-14:00,16:30-22:00 | 电话:010-68216676",7.6,4.6,148,https://aos-comment.amap.com/B0KBNZIGLU/comment/23686c1f16a5bf2671fbedafc5095b7c_2048_2048_80.jpg,116.253231,39.927226
,515,,大猫儿烧烤(田村店),羊肉串,大猫儿烧烤(田村店),龙徽1910文创园南门 | 营业时间:周一至周日 17:00-01:30 | 电话:13121609397,3.8,4.4,101,https://aos-comment.amap.com/B0FFL9ZEL2/comment/c8ce1a65e647ee59e4b05f19b2d53826_2048_2048_80.jpg,116.255623,39.925345
,515,,湘遇龙轩,辣椒炒肉,湘遇龙轩,玉泉路龙徽创意产业园冇街中庭湘遇龙轩 | 营业时间:周一至周日 10:30-22:00 | 电话:010-80930579,0.6,3.7,161,http://store.is.autonavi.com/showpic/c4cfe8fceba03d556e55f00249d1e359,116.25491,39.926511
,518,,早点铺(门头馨东街店),中餐厅,早点铺(门头馨东街店),门头馨园北区东门东南50米,7.7,3.8,12,https://store.is.autonavi.com/showpic/fb147c096c381ffec95383dc9d8477b8,116.22606,39.978891
,518,,山西主食厨房(门头馨园北区店),冷面,山西主食厨房(门头馨园北区店),门头馨园北区东门旁 | 电话:18063247888,1.9,3.5,22,http://store.is.autonavi.com/showpic/2a0446434ff7df7f129c8828ce8eb62b,116.226017,39.978888
,518,,面食馆川湘家常菜,川湘家常菜,面食馆川湘家常菜,门头馨东街与门头馨园路交叉口东北160米,6.3,3.6,29,http://store.is.autonavi.com/showpic/179b66e07901ae9da1caa35259f9167e,116.226103,39.978977
,518,,大磊烧烤(馨园铁锅炖),特色/地方风味餐厅,大磊烧烤(馨园铁锅炖),北京城区北京城区门头馨园东区9号楼一层103二层203 | 营业时间:周一至周日 10:00-03:30 | 电话:15512367767,6.7,4.1,67,https://store.is.autonavi.com/showpic/d1ffad82906552a90bf5f9817c4fe7a2,116.226142,39.979091
,518,,清真老马食府(门头馨东街店),酸奶,清真老马食府(门头馨东街店),北京城区门头馨园东区西北门旁 | 营业时间:周一至周日 09:30-24:00 | 电话:010-62501866;18400878940,2.8,4.4,48,https://store.is.autonavi.com/showpic/781887f595bec72287799d58e3e9eab4,116.226252,39.979383
,518,,鑫源串吧铁锅炖,铁锅炖,鑫源串吧铁锅炖,门头馨园路与门头馨东街交叉口东80米,0.2,2,0,,116.226225,39.977825
,519,,里头艺术餐厅,中餐厅,里头艺术餐厅,中华世纪坛B区B1层 | 电话:010-59802363;010-84187983,8.1,0.9,110,,116.321587,39.910752
,519,,同盛鑫西门铜锅涮肉,烤串,同盛鑫西门铜锅涮肉,"彩电中心宿舍小区北1门西80米 | 营业时间:周一至周日 09:30-14:30,16:30-21:30 2026-05-01至2026-05-05 周一至周日 09:30-14:30,16:30-21:30 | 电话:010-63979909",0.2,4.4,121,https://aos-comment.amap.com/B0IAJZSWWB/comment/content_media_external_file_100002081_1766277355311_89501542.jpg,116.31689,39.91087
,519,,饺子馆私家菜,私家菜,饺子馆私家菜,中央电视台制作区北门旁 | 营业时间:周一至周日 07:00-21:00,6.6,4.1,61,https://store.is.autonavi.com/showpic/54c722856c7015113c066bf0bff6766e,116.316891,39.910923
,519,,味道CCTV·中餐厅(梅地亚中心店),肥肠,味道CCTV·中餐厅(梅地亚中心店),"羊坊店街道复兴路乙11号梅地亚中心二层 | 营业时间:周一至周日 11:30-14:00,17:30-21:00 | 电话:010-68550477",4.6,4.2,147,http://store.is.autonavi.com/showpic/d4f048e8b9acc6c9b5cc623449d7b66d,116.320196,39.910365
,519,,粤湘荟,臭鳜鱼,粤湘荟,"复兴路丙11号 | 营业时间:周一至周日 09:30-14:30,16:30-21:30 | 电话:010-68239898;010-68523800",1.8,4.5,104,https://aos-comment.amap.com/B0JAD5DUPB/headerImg/6368d42d39cb1809657de17d37746ad2_2048_2048_80.jpg,116.316894,39.911014
,522,,丰台体育宾馆餐厅,中餐厅,丰台体育宾馆餐厅,丰体南路55号(大井地铁站B东北口步行280米),1.3,4,31,http://store.is.autonavi.com/showpic/d96c50d8364023f3e5b1ad8cf2bf2a2a,116.277355,39.866517
,522,,军民餐厅(丰体南路8号院店),中餐厅,军民餐厅(丰体南路8号院店),丰体南路8号院内居委会楼下(大井地铁站A西北口步行280米),1.3,2.9,69,,116.274133,39.86412
,524,,好客常来农家餐厅,中餐厅,好客常来农家餐厅,滦赤路与千小路交叉口西南400米,0.5,2.6,67,,116.454922,40.68071
,524,,北京知青食堂,鸡肉,北京知青食堂,千家店镇下湾村25号 | 营业时间:周一至周日 09:00-18:00 | 电话:010-60184304;18600835058,3.1,4.1,0,https://store.is.autonavi.com/showpic/905a3ae871330452e8873bebec97075e,116.46283,40.68417
,532,,渔蓝海鲜火锅(首都宾馆店),双人餐,渔蓝海鲜火锅(首都宾馆店),首都宾馆A座一层大堂吧东北角 | 营业时间:周一至周日 16:30-21:30 | 电话:010-58159566,4.5,4.6,163,https://aos-comment.amap.com/B0JRZGS12N/comment/982239bae377647ec1abd48304e1a1e9_2048_2048_80.jpg,116.409635,39.902001
,532,,良苑烤鸭店(前门店),宫保鸡丁,良苑烤鸭店(前门店),"前门东大街14号楼前 | 营业时间:11:00-21:00,2026年春节期间07:00-09:30；10:30-21:00 | 电话:010-65122322",2.6,4.5,80,https://aos-comment.amap.com/B000A7C192/comment/5B6F0744_4E23_4727_BFA1_4FF00A1CB9F2_L0_001_2000_150_1760867253847_38700077.jpg,116.408677,39.900407
,532,,食鼎轩烤鸭·私房菜(北京王府井台基厂大街店),家常菜,食鼎轩烤鸭·私房菜(北京王府井台基厂大街店),"台基厂大街10-1号 | 营业时间:周一至周日 09:30-14:00,16:30-21:30 2026-05-01至2026-05-05 周一至周日 09:30-14:00,16:30-21:30 | 电话:010-63445868;18519118048",2.4,4.6,70,https://aos-comment.amap.com/B0KGRMA21S/comment/content_media_external_file_100003357_1767011828140_18373911.jpg,116.411861,39.903494
,532,,北京隆和居美食城(正义路店),干锅千页豆腐,北京隆和居美食城(正义路店),东华门街道正义路8号(原市政府斜对面) | 营业时间:周一至周日 10:00-22:30 | 电话:010-65263265;13520777900,3.3,4.4,73,https://store.is.autonavi.com/showpic/72fbdf46904d9ac20000002152518124?type=pic,116.406444,39.903414
,532,,松鹤楼(台基厂店),松鼠桂鱼,松鹤楼(台基厂店),"北京城区台基厂大街10号(东郊民巷小学旁) | 营业时间:周一至周日 11:00-14:00,17:00-21:00 2026-02-17至2026-02-23 周一至周日 11:00-14:00,16:30-21:00 | 电话:010-65278195;010-65279255",1.3,4.5,153,http://store.is.autonavi.com/query_pic?id=st4e59a81c-8dd5-4876-9cdf-1e3afe32ebe2&user=search&operate=original,116.411839,39.903469
,532,,君庭中餐厅(首都宾馆店),牛肉,君庭中餐厅(首都宾馆店),"前门东大街3号首都宾馆东北门门房 | 营业时间:周一至周日 11:00-14:00,17:00-21:00 | 电话:010-58159788",0.3,4.4,213,https://aos-comment.amap.com/comment/content_service__1771506306909_36408294_1771506354089_05149994.jpg,116.408956,39.902119
,532,,奥华餐厅老张记(台基厂店),虾仁独面筋,奥华餐厅老张记(台基厂店),北京城区台基厂大街18-3号 | 营业时间:周一至周日 10:30-21:30 | 电话:010-65129289;010-65244021,3.5,4.6,62,http://store.is.autonavi.com/showpic/a44d4745fdde65bc76e850f893a9937b,116.411937,39.902869
,533,,好客常来农家餐厅,中餐厅,好客常来农家餐厅,滦赤路与千小路交叉口西南400米,5,2.6,67,,116.454922,40.68071
,533,,北京知青食堂,鸡肉,北京知青食堂,千家店镇下湾村25号 | 营业时间:周一至周日 09:00-18:00 | 电话:010-60184304;18600835058,2.4,4.1,0,https://store.is.autonavi.com/showpic/905a3ae871330452e8873bebec97075e,116.46283,40.68417
,537,,巡胃记烧烤铁锅炖,土豆,巡胃记烧烤铁锅炖,北京城区北京城区党校红绿灯路口北300米三里河桥头 | 营业时间:周一至周日 16:30-23:00 | 电话:15311886380,3.1,4.4,84,https://aos-comment.amap.com/B0JG4U9MM8/comment/content_media_external_images_media_18049_1678798580776_431a37a8.jpg,115.971801,40.474225
,537,,东北雪乡铁锅炖,铁锅炖,东北雪乡铁锅炖,妫水北街与庆隆街交叉口西360米 | 电话:13488810396,7.6,4,72,http://store.is.autonavi.com/showpic/85f685ffaaebabf44e2b4a1987b7b200,115.971792,40.474212
,537,,城北一锅(三里河店),长寿面,城北一锅(三里河店),延庆镇三里河桥西30米 | 营业时间:周一至周日 10:00-21:00 | 电话:13717806588,6,3.7,45,http://store.is.autonavi.com/showpic/0c6ad7e119e72d70bcabcf43703ba167,115.970932,40.473972
,538,,北京朝客小吃部,中餐厅,北京朝客小吃部,大榆树镇新宝庄村 | 营业时间:周一至周日 06:00-13:00 | 电话:15110168785,5.2,3.6,21,http://store.is.autonavi.com/showpic/1a0f1dc08c180d221e55341fd8bcc5d7,115.970818,40.404347
,538,,北京村里来客农家院,中餐厅,北京村里来客农家院,大榆树镇簸箕营村263号 | 电话:18811748826,5.4,3.9,0,https://store.is.autonavi.com/showpic/b9dfb20bdf205732622beab68e5f75df,115.970535,40.416037
,538,,北京归园私房菜,私房菜,北京归园私房菜,"大榆树镇新宝庄村村西散户4号 | 营业时间:周一至周日 10:00-14:00,17:00-21:00 | 电话:15110278872",1.7,4.4,71,http://store.is.autonavi.com/showpic/5665c14f07ae18c897fc4fcdbbef7bea,115.967244,40.402537
,538,,簸箕营温馨家园餐厅,茄子,簸箕营温馨家园餐厅,妫川路与小泥河路交叉口西北100米 | 营业时间:周一至周日 09:00-21:00 | 电话:13552807506,2.4,4.1,30,http://store.is.autonavi.com/showpic/5531d38279fbd32200e35bb38806156d,115.972824,40.412533
,539,,星光美食广场,中餐厅,星光美食广场,星光·视界公园B3区 | 营业时间:周一至周日 09:00-23:30,2.2,4.4,34,https://aos-comment.amap.com/B0KR611YH2/comment/content_media_external_images_media_15488_ss__1754976681374_41548024.jpg,116.373167,39.783074
,539,,沂蒙山炒鸡(第2档口星光美食城店),中餐厅,沂蒙山炒鸡(第2档口星光美食城店),星光·视界公园B3区,4.9,2.6,83,,116.373163,39.78308
,539,,黯然销魂大排档,大排档,黯然销魂大排档,团河西路369号北京国际露营公园(西北角) | 营业时间:周一至周日 17:00-02:00 | 电话:13161862255,9.5,3.8,75,,116.378806,39.785112
,540,,沪上虾煌,中餐厅,沪上虾煌,西顺城街与延农辅线交叉口北100米,2.7,3.7,92,https://store.is.autonavi.com/showpic/e40636b4e6b9b9ab41e637ee87c9461e,115.966575,40.458925
,540,,轻禾小厨中式健康菜(延庆店),中餐厅,轻禾小厨中式健康菜(延庆店),西顺城街与西街交叉口北100米,2.1,3,0,,115.966725,40.458925
,540,,王记大碗面家常菜,家常菜,王记大碗面家常菜,西关村35号 | 营业时间:周一至周日 09:00-21:00,2.2,3.6,28,http://store.is.autonavi.com/showpic/0a10e171b6311f12c5509c268cacad9f,115.96259,40.457657
,540,,永宁正宗火勺,火勺,永宁正宗火勺,康安小区北门北60米 | 营业时间:周一至周日 05:00-14:00 | 电话:15910313233,4.6,3.3,17,https://store.is.autonavi.com/showpic/f085e1fa55c908ac8973bdbf3a8e1435,115.966902,40.458281
,540,,铁城烤肉,烤肉,铁城烤肉,西顺城街与延农辅线交叉口北100米,6.8,2.1,65,,115.966625,40.458975
,540,,玲家小妹烤肉拌饭(西关店),烤肉拌饭,玲家小妹烤肉拌饭(西关店),延农辅线北侧,1.1,3.5,24,,115.96218,40.45774
,540,,桥头私房菜,私房菜,桥头私房菜,延庆镇西街12号(第一幼儿园西北100米) | 营业时间:周一至周日 09:00-21:30 | 电话:010-69189218;18518738585,5.5,3.5,58,https://store.is.autonavi.com/showpic/c229d8a261534e41de7ee969c97594c5,115.967693,40.458263
,540,,王记火锅冒菜豆花牛肉肥肠鸡(延庆店),豆花牛肉,王记火锅冒菜豆花牛肉肥肠鸡(延庆店),延农辅线与西顺城街交叉口西280米,1.7,2.8,0,,115.963475,40.457725
,540,,铜锅涮肉,铜锅涮肉,铜锅涮肉,延庆镇西关村西(原炭厂) | 营业时间:周一至周日 10:00-22:00,4.7,4,74,http://store.is.autonavi.com/showpic/b15ded0e17b011458ddaa346b69d538d,115.956576,40.456982
,541,,莜面大王,小黄鱼,莜面大王,妫川广场西门旁 | 营业时间:周一至周日 09:00-21:30 | 电话:010-69108601;13161131003;15801388665,7.9,4.4,68,http://store.is.autonavi.com/showpic/1638258e2da0018c7bcbdfa9439a60ef,115.975322,40.457665
,541,,包先生水煎包胡辣汤,水煎包,包先生水煎包胡辣汤,东顺城街与城隍庙街交叉口西北60米 | 营业时间:周一至周日 09:00-21:00,6.6,2.6,39,,115.975125,40.458575
,541,,育新餐厅,萝卜羊肉,育新餐厅,东顺城街妫川广场西侧 | 营业时间:周一至周日 08:00-20:30 | 电话:010-69101806,5.3,4.5,76,https://aos-comment.amap.com/B000A7R5R7/comment/59894aaa9e1cdf66b2735d0c3c179d16_2048_2048_80.jpg,115.975145,40.457869
,542,,旭杰然面馆,中餐厅,旭杰然面馆,百眼泉回迁楼西区底商7一1 | 营业时间:周一至周日 10:00-19:00,9.5,3.8,28,http://store.is.autonavi.com/showpic/2461b3763b628af71a827fff6daebdb2,115.977061,40.440068
,543,,餐饮店,中餐厅,餐饮店,妫水南街与迎宾环岛交叉口西60米,7.3,3.6,0,,115.984375,40.441825
,543,,巴蜀王婆大虾(延庆店),大虾,巴蜀王婆大虾(延庆店),妫水南街36号院2号楼一层 | 营业时间:周一至周日 10:30-22:00 | 电话:010-88998789,3.3,4.5,85,https://store.is.autonavi.com/showpic/1f71cd2a93c0bd367217bde66c6118ca,115.986798,40.442031
,543,,荣记·京湘宴,风吹猪脚炖莴笋,荣记·京湘宴,"百泉街10号院中关村(延庆)体育科技前沿技术创新中心 | 营业时间:周一至周日 10:30-14:00,17:00-21:00 | 电话:13269103876",6.1,4.5,96,http://store.is.autonavi.com/showpic/529929ed244de6079ca15f34fded38e6,115.984137,40.440684
,544,,名轩正宗山西刀削面,水煮肉,名轩正宗山西刀削面,诚远幼儿园南门旁 | 电话:15701229465,9.6,3.8,25,http://store.is.autonavi.com/showpic/79706fa36b2c1416f16f1fa30d2f2508,115.971174,40.487074
,544,,有家家宴,羊肉,有家家宴,孟庄村建东小区3号 | 营业时间:周一至周日 09:30-21:00 | 电话:010-60182288;18610590069,2.9,4.3,107,https://store.is.autonavi.com/showpic/cc0628dee32b72c2c7f07f49c6bc5487,115.971116,40.487061
,544,,益美香居家常菜馆,辣豆腐,益美香居家常菜馆,孟庄村团结路16号 | 营业时间:周一至周日 10:00-22:00 | 电话:13501195485,4.2,3.7,61,http://store.is.autonavi.com/showpic/20231e6d8d7cd0095cfafbbbdc079349,115.970307,40.487046
,544,,孟庄重庆火锅,重庆火锅,孟庄重庆火锅,孟庄村建东小区6号 | 营业时间:周一至周日 18:00-02:00,7.2,2.9,36,https://store.is.autonavi.com/showpic/8a8c6c029dcb6ffa10d237959051c35d,115.971103,40.487486
,544,,有家铜锅涮肉,铜锅涮肉,有家铜锅涮肉,团结路3号 | 营业时间:周一至周日 09:30-22:00,1.5,3.9,100,https://aos-comment.amap.com/B0L2RDM51H/comment/202511_14-19414_1763120514086_57847493.jpg,115.969647,40.486908
,544,,东北大公鸡,鸡肉,东北大公鸡,延庆镇孟庄村团结路1号1层 | 营业时间:周一至周日 09:00-21:30 | 电话:13910744148,2,4.3,65,http://store.is.autonavi.com/showpic/5ba6b9e1515ae7dc2e3d54072dfed548,115.969569,40.486911
,545,,姬香竹餐厅(体育场小区店),中餐厅,姬香竹餐厅(体育场小区店),体育场小区 | 营业时间:天09:00-23:00 | 电话:13269689433,1.3,3.7,26,http://store.is.autonavi.com/showpic/2a6aea7ebcb12dffb178882773aa0de0,115.992343,40.468108
,545,,锅王府羊蝎子(延庆店),双人餐,锅王府羊蝎子(延庆店),香苑小区南1门西50米 | 营业时间:周一至周日 09:00-21:00 | 电话:010-61112990;13269939139,3.9,4.5,78,https://aos-comment.amap.com/B0HU2AT94X/comment/A5C85A83_42CD_4266_9B0C_2B687927046A_L0_001_2000_150_1747706691150_40153014.jpg,115.992196,40.468081
,545,,广来福饺子馆家常菜,家常菜,广来福饺子馆家常菜,延庆区体育场小区南侧商业楼12号 | 营业时间:周一至周日 10:30-21:00 | 电话:010-69146127;13661312597,2.3,3.6,39,http://store.is.autonavi.com/showpic/48520f5eed762b0dc6a7fcc93010bbdb,115.993587,40.468496
,545,,石打石家常菜牛肉牛骨头锅,家常菜,石打石家常菜牛肉牛骨头锅,区体育场小区东19号 | 营业时间:周一至周日 10:00-22:00 | 电话:13717511134,7.4,3.5,196,http://store.is.autonavi.com/showpic/a873883eea90b50c4da87733ae6b6f99,115.994244,40.468602
,545,,芙蓉水湘(香苑店),小炒肉,芙蓉水湘(香苑店),香苑小区南2门旁 | 营业时间:周一至周日 09:00-21:00 | 电话:010-69188847,9.4,4.3,63,http://store.is.autonavi.com/showpic/3879b34329bb56505add8363c3170d60,115.99295,40.468257
,545,,北京妫川蒙香原火锅城(延庆店),羊肉,北京妫川蒙香原火锅城(延庆店),延庆区体育场小区 | 营业时间:周一至周日 09:00-21:00 | 电话:010-61123860,1.9,4,84,http://store.is.autonavi.com/showpic/c6ff5ce470ebcac539c9b04e7bc54e65,115.993871,40.468551
,545,,龙源骨头庄(延庆分店),羊肉,龙源骨头庄(延庆分店),香苑小区南1门东50米 | 营业时间:周一至周日 10:30-21:00 | 电话:13261662939;13601067156,5.5,3.8,92,http://store.is.autonavi.com/showpic/145853af319ab3683cce60b628154f3f,115.993147,40.468308
,545,,北京育新宏城大排面,鸡肉,北京育新宏城大排面,延庆镇香苑小区南侧商业楼6号 | 营业时间:周一至周日 00:00-24:00 | 电话:010-69176799;13716337392;18515697392,5.8,4.1,30,http://store.is.autonavi.com/showpic/a709a8b3cc677681c4f70a9722c5be97,115.992729,40.468209
,545,,富民益润饺子馆(延庆店),鸡肉,富民益润饺子馆(延庆店),区体育场小区商业楼南侧13号 | 营业时间:周一至周日 09:00-21:00 | 电话:010-69142526,5.6,3.9,36,http://store.is.autonavi.com/showpic/20aac5b76401f3ead8933bdcace44bf1,115.993508,40.468476
,545,,心连心饺子馆(延庆店),鸡肉,心连心饺子馆(延庆店),体育场小区11号 | 营业时间:周一至周日 09:00-21:00 | 电话:13520634729,9.3,4.2,39,http://store.is.autonavi.com/showpic/3e49560de35dd1511eebb40d80482481,115.993279,40.468322
,546,,马肉小酒馆,中餐厅,马肉小酒馆,区七中大桥红绿灯东南角 | 营业时间:周一至周日 08:00-22:00 | 电话:15116907590,7,3.8,0,https://store.is.autonavi.com/showpic/57df8dcc8aeb3e58473bb3a73d1ea74e,115.964222,40.465056
,546,,鸟兰花羊杂馆,中餐厅,鸟兰花羊杂馆,上水磨村17号西侧 | 营业时间:周一至周日 06:30-14:00 | 电话:15901177380,2,4,33,https://store.is.autonavi.com/showpic/994625fa39f27b7a568ab6f4ecb22064,115.962731,40.469019
,546,,大碗面,大碗面,大碗面,格兰路与医孟路交叉口西140米,3.7,3.3,26,https://store.is.autonavi.com/showpic/248ae469091d40a042a1b52997a329f3,115.971375,40.468325
,546,,焱森特色烧烤(北关店),炒饭,焱森特色烧烤(北关店),北靳路与018县道交叉口西北30米 | 营业时间:周一至周日 14:00-02:00 | 电话:13910067320,5.8,4.4,65,https://aos-comment.amap.com/B0FFHWQO4F/comment/file_media_Photo_740_IMG_1756488974_739_image_1756488874734_jpg.jpg,115.965012,40.465403
,546,,稻香颂肠粉·粥粉面世家,肠粉,稻香颂肠粉·粥粉面世家,北顺城街1号,5.3,3.6,28,http://store.is.autonavi.com/showpic/a10ec7a65ddf702a9a4a273f44d4b887,115.964508,40.465244
,546,,肥羊城(润川路店),肥羊,肥羊城(润川路店),西顺城街与高塔西街交叉口东120米 | 营业时间:周一至周日 10:00-22:00 | 电话:010-69102220,7.3,3.8,78,http://store.is.autonavi.com/showpic/12581e0144437aed1a38115f1e261519,115.96545,40.465229
,546,,杭州小笼包(孟家庄路61号院2号楼店),鸡蛋汤,杭州小笼包(孟家庄路61号院2号楼店),孟家庄路61号院2-6 | 营业时间:周一至周日 06:00-13:00 | 电话:18701061059,0.5,3.5,24,https://store.is.autonavi.com/showpic/223c77526f0f813d6d451f9372bd1dc3,115.971339,40.468326
,549,,玉双阁农家院(玉渡山店),,玉双阁农家院(玉渡山店),张山营镇玉皇庙村57号 | 电话:010-81183052;13522380076,8.5,4.9,0,https://store.is.autonavi.com/showpic/e37b380bb4f29cdee7f432bad025e2e8,115.895687,40.511736
,549,,屯里香灶台鱼铁锅炖(延庆总店),东北菜,屯里香灶台鱼铁锅炖(延庆总店),北京城区张山营镇西羊坊村公交站西100米路南 | 营业时间:周一至周日 10:00-22:00 | 电话:010-69113900;13261833788,4.2,4.6,77,http://store.is.autonavi.com/showpic/4e996b739c4258a8742170e6d5675617,115.911873,40.510902
,549,,五谷颐坊食养餐厅,中餐厅,五谷颐坊食养餐厅,玉下路与玉下街交叉口东140米 | 营业时间:周一至周日 07:30-23:00,2.3,2.1,78,,115.895125,40.513425
,549,,北京尚芭六号苑农家餐厅,中餐厅,北京尚芭六号苑农家餐厅,下板泉村西二巷15号 | 营业时间:4月至11月 周一至周日 06:30-22:00 | 电话:13910060986,0.8,3.8,0,https://store.is.autonavi.com/showpic/c5fe8f682af7320b579c74e68d163b6c,115.893906,40.504905
,549,,玉渡山观玉楼农家院餐厅,中餐厅,玉渡山观玉楼农家院餐厅,张山营镇玉皇庙 | 电话:13601392949,7.1,4.2,0,http://store.is.autonavi.com/showpic/0e1376ad5cf147f9095345db10fb65ca,115.896632,40.513616
,549,,臭馒儿咖啡厅,咖啡厅,臭馒儿咖啡厅,玉下街与古龙路交叉口北220米 | 营业时间:周一至周日 07:00-20:00 | 电话:15101067189,2.9,2.3,0,,115.895938,40.512753
,549,,玉渡农家院灶台鱼,灶台鱼,玉渡农家院灶台鱼,张山营镇西羊坊村二11号,8.4,3.6,0,https://store.is.autonavi.com/showpic/9e92b4ed4cdd83d6388dc1f94292c133,115.913804,40.511994
,550,,云间餐厅(延庆度假村店),中餐厅,云间餐厅(延庆度假村店),"CLUBMED地中海邻境北京延庆度假村员工宿舍北侧 | 营业时间:周一至周日 12:00-14:00,18:00-21:00",6.2,3.3,106,https://store.is.autonavi.com/showpic/cba29b5db86fc7235e973df9ba76d93a,115.820825,40.463125
,550,,柒拾味餐厅,中餐厅,柒拾味餐厅,"柒拾汤酒店南侧 | 营业时间:周一至周日 12:00-14:00,17:30-20:30",2.3,4.1,88,https://aos-comment.amap.com/B0KKLD5DRJ/comment/content_media_external_file_6705_ss__1767885979940_53169986.jpg,115.810675,40.469079
,552,,沪上虾煌,中餐厅,沪上虾煌,西顺城街与延农辅线交叉口北100米,6.5,3.7,92,https://store.is.autonavi.com/showpic/e40636b4e6b9b9ab41e637ee87c9461e,115.966575,40.458925
,552,,轻禾小厨中式健康菜(延庆店),中餐厅,轻禾小厨中式健康菜(延庆店),西顺城街与西街交叉口北100米,0.2,3,0,,115.966725,40.458925
,552,,王记大碗面家常菜,家常菜,王记大碗面家常菜,西关村35号 | 营业时间:周一至周日 09:00-21:00,7.3,3.6,28,http://store.is.autonavi.com/showpic/0a10e171b6311f12c5509c268cacad9f,115.96259,40.457657
,552,,永宁正宗火勺,火勺,永宁正宗火勺,康安小区北门北60米 | 营业时间:周一至周日 05:00-14:00 | 电话:15910313233,9.4,3.3,17,https://store.is.autonavi.com/showpic/f085e1fa55c908ac8973bdbf3a8e1435,115.966902,40.458281
,552,,玲家小妹烤肉拌饭(西关店),烤肉拌饭,玲家小妹烤肉拌饭(西关店),延农辅线北侧,9.9,3.5,24,,115.96218,40.45774
,552,,桥头私房菜,私房菜,桥头私房菜,延庆镇西街12号(第一幼儿园西北100米) | 营业时间:周一至周日 09:00-21:30 | 电话:010-69189218;18518738585,9.5,3.5,58,https://store.is.autonavi.com/showpic/c229d8a261534e41de7ee969c97594c5,115.967693,40.458263
,552,,五道菜削面馆(康安店),糖醋里脊,五道菜削面馆(康安店),湖北西路23-2号(近康安小区) | 营业时间:周一至周日 09:00-22:00 | 电话:010-81197605;13520923900,3.4,4.2,20,https://store.is.autonavi.com/showpic/bb34d10e309858cee4205b0b16788599,115.969232,40.455087
,552,,王记火锅冒菜豆花牛肉肥肠鸡(延庆店),豆花牛肉,王记火锅冒菜豆花牛肉肥肠鸡(延庆店),延农辅线与西顺城街交叉口西280米,9.5,2.8,0,,115.963475,40.457725
,553,,北京口上香餐厅,中餐厅,北京口上香餐厅,旧县镇米粮屯村 | 电话:13716382981,6,3.6,36,https://store.is.autonavi.com/showpic/8cfcd41f38c27640651501cbd050f258,116.056487,40.552319
,553,,北京有客悦居,中餐厅,北京有客悦居,旧县镇东羊坊村二区八巷25号 | 电话:15810851599,3.4,3.8,0,https://store.is.autonavi.com/showpic/d60804fe0809312065048b0c6a5f0aff,116.074371,40.54746
,554,,古长城餐厅,中餐厅,古长城餐厅,八达岭古长城自然风景区北门北110米,1.8,3.5,54,,115.987225,40.344025
,555,,北京刘家老店农家院,,北京刘家老店农家院,八达岭镇岔道村125号 | 营业时间:周一至周日 07:30-21:30 | 电话:13810999262,2.1,3.5,0,https://store.is.autonavi.com/showpic/e32b34d97817d6f33a18e091fae64c25,115.992133,40.364596
,555,,北京古城驿栈农家院,,北京古城驿栈农家院,岔道村115号 | 电话:010-69121518;13701379688,4.6,3.5,0,http://store.is.autonavi.com/showpic/f20b64ad7bc095d568a69b5eb57dac6e,115.991711,40.364318
,555,,八达岭艾苏小院,中餐厅,八达岭艾苏小院,八达岭镇岔道村164号 | 营业时间:周一至周日 09:00-21:00 | 电话:13716394187,4.9,3.9,0,https://store.is.autonavi.com/showpic/3cd77e60f1bed0b663bae4704cdeea6f,115.992355,40.365151
,555,,北京吉纳客民宿(八达岭店),中餐厅,北京吉纳客民宿(八达岭店),八达岭镇岔道村184号 | 电话:13701239337,6.8,4.1,0,https://store.is.autonavi.com/showpic/e00466f4ace18eed9ffb8b0342273591,115.991529,40.365559
,555,,北京君盛鑫佳农家餐厅,中餐厅,北京君盛鑫佳农家餐厅,岔西环岛与岔道路交叉口北38米 | 营业时间:周一至周日 06:00-21:00 | 电话:13901165172,10,4.3,57,http://store.is.autonavi.com/showpic/92ecea9a2ebda9c7f20a21f2830d4b71,115.991936,40.364154
,555,,大有食府,中餐厅,大有食府,八达岭岔道古城97号,1,3.9,89,https://aos-comment.amap.com/B0JU1XV6FN/comment/c349aa5d6239b45e561d56383849635c_2048_2048_80.jpg,115.993515,40.364801
,555,,江玉琴珍永农家院,中餐厅,江玉琴珍永农家院,八达岭镇岔道村164号 | 电话:010-69130800;13716394187,8.8,3.5,0,http://store.is.autonavi.com/showpic/fdeeb5aab572ede5576bf1025c2ff087,115.992385,40.365138
,555,,洞庭湘菜馆,中餐厅,洞庭湘菜馆,北京老艾农家院东北侧80米,9.3,2.8,0,,115.991582,40.36551
,555,,北京风味特色菜,特色菜,北京风味特色菜,岔道古城民俗旅游度假区西南侧90米,2.9,2.3,0,,115.992075,40.364175
,555,,田家大院(031县道),蛋炒饭,田家大院(031县道),八达岭镇岔道村113号 | 营业时间:周一至周日 07:30-20:00 | 电话:010-69121185;13051473218,7.6,4.1,77,https://aos-comment.amap.com/B0FFF3O3GD/comment/44d674613e07dbcd046139b1f68bfdfb_2048_2048_80.jpg,115.991802,40.36432
,556,,丁家小院,中餐厅,丁家小院,里炮新社区东侧190米,4,0.5,0,,115.932779,40.353449
,556,,川香美食(外石路店),中餐厅,川香美食(外石路店),外炮村东区二巷与外石路交叉口东北20米 | 营业时间:周一至周日 10:00-21:00,7.1,3.5,51,http://store.is.autonavi.com/showpic/8f5f37f5049cefe40ea42baea9c9f487,115.9314,40.361804
,556,,惠利美味饭店,中餐厅,惠利美味饭店,G6辅路与东环路交叉口东南80米,5.9,2.9,47,,115.932621,40.362226
,556,,早点小吃,中餐厅,早点小吃,G6辅路与东环路交叉口东南100米,5.3,3.6,0,http://store.is.autonavi.com/showpic/bed1a2462f77e86cd7a8f9f1059a07e2,115.932954,40.362228
,556,,瀛心小院(外石路分店),中餐厅,瀛心小院(外石路分店),"八达岭镇里炮村(北数第一排东数第五家) | 电话:010-56320606;010-56320606,36527941",1.8,4.7,0,https://store.is.autonavi.com/showpic/8f1240f7bc0a297419629c2c8a254682,115.934738,40.353554
,556,,火勺小吃,火勺,火勺小吃,G6辅路与东环路交叉口东南80米,4.3,3.7,12,http://store.is.autonavi.com/showpic/437c09a291690e7e8dfad5dcd8f88b9f,115.93259,40.362311
,556,,宇辰家宴·泥炉炖肉,炖肉,宇辰家宴·泥炉炖肉,长城四季全景台西南侧88号,7.6,4,77,https://store.is.autonavi.com/showpic/2d60a37f2315eaa467fe4c76b33c4cf1,115.9346,40.349567
,557,,北京彩豆园农家院,,北京彩豆园农家院,井庄镇柳沟村二区64号 | 营业时间:周一至周日 10:00-21:00,4.3,3.6,0,http://store.is.autonavi.com/showpic/bfb079bc0b7d95f2a9d28174a6e6ef02,116.099245,40.448197
,557,,春哥的院子(柳沟民俗旅游度假区店),中式素菜馆,春哥的院子(柳沟民俗旅游度假区店),柳沟新区东三排二号 | 电话:13910316897,2.2,4.9,0,https://store.is.autonavi.com/showpic/54f580069dd251a33503e604cf9ec850,116.099607,40.445958
,557,,北京井庄柳沟贾香云农家餐厅,中餐厅,北京井庄柳沟贾香云农家餐厅,鹏源鑫聚105号住宿南门旁,7.5,2.8,0,http://store.is.autonavi.com/showpic/10e38b7cf543a2adbd2afceadcede538,116.100264,40.447922
,557,,康祺家常菜餐厅(柳沟豆腐宴),家常菜,康祺家常菜餐厅(柳沟豆腐宴),柳沟村一20号 | 营业时间:周一至周日 10:00-20:30 | 电话:15010947588,2.7,3.8,40,https://aos-comment.amap.com/B0H0TRQ9JA/comment/2DE43EA5_7826_473E_9447_C30AAFCB9084_L0_001_1500_200_1747665533872_69452549.jpg,116.101037,40.44605
,557,,北京清鑫园农家餐厅,水煮肉片,北京清鑫园农家餐厅,柳沟民俗旅游度假区正门东南60米 | 电话:18983099573,8.2,3.1,0,http://store.is.autonavi.com/showpic/7e4e2e509f547c66dad0d46d53585854,116.100733,40.446241
,557,,柳沟豆腐宴春豆园41号,烤板筋,柳沟豆腐宴春豆园41号,柳沟村一区30号 | 营业时间:周一至周日 10:30-19:00 | 电话:15910349038,6.5,4.1,57,http://store.is.autonavi.com/showpic/e6eda731f188bac630c3e7446f03199b,116.10147,40.445686
,557,,柳沟村豆腐宴101号院,麻婆豆腐,柳沟村豆腐宴101号院,柳沟村101号 | 营业时间:周一至周日 09:00-19:00 | 电话:13911748281;15810121909,3.3,4.1,25,,116.100901,40.446309
,563,,庆丰包子铺(八达岭二店),炒肝,庆丰包子铺(八达岭二店),G6京藏高速58号出口八达岭长城内(西侧) | 营业时间:周一至周日 07:00-17:00 | 电话:13810644696,9.8,4.3,21,http://store.is.autonavi.com/showpic/45481a54d2e5720959cc12b0b7567972,116.009506,40.356187
,563,,八达岭饭店,烤串,八达岭饭店,G6京藏高速58号出口八达岭长城内(西侧) | 营业时间:周一至周日 09:00-14:00；每演出时长45分钟 演出时间:09:00，10:00，11:00，12:00，13:00，14:00共6场（请合理安排出行时间） | 电话:13512121717,4.7,4.4,64,http://store.is.autonavi.com/showpic/9b82560c07d844fb892999b1f6194efd,116.010252,40.35588
,563,,幸运咖(八达岭长城店),真橙冰萃咖,幸运咖(八达岭长城店),八达岭长城步行街老办公楼1层邮局旁西侧三间门店(长城国礼) | 电话:13426381341,9.9,4,13,https://aos-comment.amap.com/B0LDDZH5E6/comment/%5B2026-02-23-20-25-52%5DF0F4BD9D-60A8-41C6-B311-ACB24F1C7A4_1771849558711_19459507.jpg,116.008385,40.357262
,563,,商品部风味小吃,风味小吃,商品部风味小吃,G6京藏高速58号出口八达岭长城内,3.4,3.5,0,http://store.is.autonavi.com/showpic/30360b01af7741d1b054dc023a5dca07,116.00545,40.357732
,563,,北京八达岭长城胡家老店,鸡肉,北京八达岭长城胡家老店,八达岭镇岔道村14号东关1号隧道旁(八达岭长城水关长城) | 营业时间:周一至周日 08:00-22:00 | 电话:13716330738;15001153880,8.4,4,0,https://aos-comment.amap.com/B0FFLJ5JN3/comment/content_media_external_images_media_1000009969_ss__1741422797646_43021185.jpg,116.000874,40.361285
,565,,北京望园阁农家院,中餐厅,北京望园阁农家院,东官坊村西二街七巷5号 | 电话:13810264746,5.5,4.5,0,https://store.is.autonavi.com/showpic/a673cd4c331dcb37f84bfbf0064ee1ef,115.918007,40.427827
,565,,菡舍小厨,农家菜,菡舍小厨,"小大路与西大路交叉口西140米 | 营业时间:周一至周日 10:00-14:00,16:00-20:00 | 电话:13683338598",4.2,3.9,80,https://aos-comment.amap.com/B0JG446N20/comment/content_media_external_file_263_1759463398522_90331649.jpg,115.898796,40.425677
,565,,荷府私房菜,私房菜,荷府私房菜,"火烧营村村民委员会西侧120米 | 营业时间:周一至周日 09:30-14:00,16:30-21:00 | 电话:13910352351",5.8,4,92,http://store.is.autonavi.com/showpic/38c10cacb5a12130bc72da7987a36f3e,115.897374,40.426184
,567,,肯悦咖啡延庆贰店,咖啡厅,肯悦咖啡延庆贰店,夏都大厦以北H座一层 | 电话:18010132946,4.4,2.4,18,,115.974609,40.457033
,567,,莜面大王,小黄鱼,莜面大王,妫川广场西门旁 | 营业时间:周一至周日 09:00-21:30 | 电话:010-69108601;13161131003;15801388665,8.5,4.4,68,http://store.is.autonavi.com/showpic/1638258e2da0018c7bcbdfa9439a60ef,115.975322,40.457665
,567,,育新餐厅,萝卜羊肉,育新餐厅,东顺城街妫川广场西侧 | 营业时间:周一至周日 08:00-20:30 | 电话:010-69101806,1.7,4.5,76,https://aos-comment.amap.com/B000A7R5R7/comment/59894aaa9e1cdf66b2735d0c3c179d16_2048_2048_80.jpg,115.975145,40.457869
,572,,庭院果木香·农家菜,农家菜,庭院果木香·农家菜,昌流路3号 | 营业时间:周一至周日 09:00-22:00 | 电话:010-60782886;18810261643,3.4,4.5,68,https://aos-comment.amap.com/B0K3JH9ISJ/comment/content_media_external_file_1000040637_ss__1756627082550_41440308.jpg,116.077095,40.182385
,572,,海丽烧烤家常菜,家常菜,海丽烧烤家常菜,昌流路与流村环岛交叉口东260米,4.1,3.6,0,http://store.is.autonavi.com/showpic/a8b97a6990cdb66d6f3dd649ac215e8f,116.069607,40.173311
,572,,张记灶台鱼(流村镇店),宽粉,张记灶台鱼(流村镇店),流村镇昌流路世纪金龙超市旁 | 营业时间:周一至周日 10:00-22:00 | 电话:13381259789;13671005222,4.5,4.2,92,https://aos-comment.amap.com/B0HRDZWT2X/comment/588cbda5044c193970d4bfb997c267dd_2048_2048_80.jpg,116.068763,40.173286
,572,,海鲜厅,海鲜酒楼,海鲜厅,好运致远商贸有限公司南侧80米,8.2,3.2,0,https://aos-comment.amap.com/B0M6FHZE88/comment/content_media_external_file_34223_1770292642138_67038306.jpg,116.086793,40.181275
,573,,九兰饭馆,中餐厅,九兰饭馆,崔村镇中石化真顺加油站南200米 | 营业时间:周一至周日 09:30-23:00 | 电话:15910363362,4.8,4,0,https://aos-comment.amap.com/B0L1VOC0MF/comment/content_media_external_file_12177_ss__1757398404719_46448888.jpg,116.350944,40.217802
,573,,于爸星空小院,中餐厅,于爸星空小院,西崔村129号 | 电话:13911906786,1.4,4.3,0,http://store.is.autonavi.com/showpic/b886b99de45d38bb0fa4d22d46b9621d,116.354009,40.218093
,573,,聚友饭庄,京酱肉丝,聚友饭庄,崔村镇政府对面 | 营业时间:周一至周日 09:00-23:00 | 电话:13691375791,5,3.7,58,https://store.is.autonavi.com/showpic/d1a35240cb2227eee9c0cb9c762f5f74,116.353966,40.220214
,573,,顺时咖啡(Zentime Coffee),咖啡厅,顺时咖啡(Zentime Coffee),真顺村史馆 | 营业时间:周一至周日 10:00-18:00,9.8,4,31,http://store.is.autonavi.com/showpic/1a2226c179a6bc50cbcfa496dfb794ad,116.352454,40.228615
,573,,铜锅涮肉,烤肉,铜锅涮肉,"1983创意产业园·顺园南侧130米 | 营业时间:周一至周日 10:00-14:00,17:00-22:00 | 电话:13488779967",8.3,4,41,http://store.is.autonavi.com/showpic/184ce9364cdfce82c36035afd4357c32,116.352152,40.228894
,574,,九兰饭馆,中餐厅,九兰饭馆,崔村镇中石化真顺加油站南200米 | 营业时间:周一至周日 09:30-23:00 | 电话:15910363362,3.3,4,0,https://aos-comment.amap.com/B0L1VOC0MF/comment/content_media_external_file_12177_ss__1757398404719_46448888.jpg,116.350944,40.217802
,574,,于爸星空小院,中餐厅,于爸星空小院,西崔村129号 | 电话:13911906786,6.8,4.3,0,http://store.is.autonavi.com/showpic/b886b99de45d38bb0fa4d22d46b9621d,116.354009,40.218093
,574,,聚友饭庄,京酱肉丝,聚友饭庄,崔村镇政府对面 | 营业时间:周一至周日 09:00-23:00 | 电话:13691375791,7.4,3.7,58,https://store.is.autonavi.com/showpic/d1a35240cb2227eee9c0cb9c762f5f74,116.353966,40.220214
,574,,大合社私房菜馆,孜然羊肉,大合社私房菜馆,"崔村镇崔阿路大辛峰村 | 营业时间:周一至周日 10:30-14:00,16:30-21:30 | 电话:18301365618",8.8,4.3,35,https://store.is.autonavi.com/showpic/db58fc7008216a1f2bbb0de20a2f1eb3,116.350085,40.205903
,574,,三妹江湖菜(崔村店),宫保鸡丁,三妹江湖菜(崔村店),崔村镇大辛峰村535号 | 营业时间:周一至周日 10:30-22:00 | 电话:010-60725390,6.4,4.5,67,http://store.is.autonavi.com/showpic/9a2856ab667024d687469ffba36ee928,116.353442,40.207339
,574,,大昊饭店,手擀面,大昊饭店,崔阿路与昌金路交叉口西南40米 | 营业时间:周一至周日 09:00-22:00 | 电话:13810789486,1.4,4,42,http://store.is.autonavi.com/showpic/475e305e71160ac16faa0868facb4454,116.353038,40.206233
,578,,硬宝堡by硬舌酒肉(辛庄店),中餐厅,硬宝堡by硬舌酒肉(辛庄店),北京城区兴寿镇辛庄村48号 | 营业时间:周二至周日 11:30-21:00 | 电话:18500391493,0.6,4.4,96,https://aos-comment.amap.com/B0L22AZHQO/comment/content_media_external_file_1173_1766415436953_48294101.jpg,116.434625,40.225044
,578,,Nora‘s Garden Coffe&Bar,咖啡厅,Nora‘s Garden Coffe&Bar,桃西路b98号,9.2,3.3,0,http://store.is.autonavi.com/showpic/abee1b42ab769668872f9f5cc75f3dbe,116.433816,40.224331
,578,,有时空间,咖啡厅,有时空间,兴寿镇桃林村卫生室西北侧140米 | 营业时间:周五至周日 10:00-21:00,6.1,3.8,0,http://store.is.autonavi.com/showpic/379de656bf05c33d9578c63dbceacfd5,116.42854,40.235317
,578,,山西刀削面家常菜,家常菜,山西刀削面家常菜,兴寿镇桃林村卫生室东南侧260米,7.2,3.5,0,,116.430868,40.232018
,578,,陌野私厨,家常菜,陌野私厨,"兴寿镇桃林村653号 | 营业时间:周一至周日 11:30-14:00,17:00-20:00 | 电话:13521703319",1.6,4.6,100,https://store.is.autonavi.com/showpic/ae2d977d9eab9a2f9d607123bb77ae64,116.429677,40.231525
,578,,访咖啡,手冲咖啡,访咖啡,怀昌路南100米 | 营业时间:周二至周日 13:00-17:00 | 电话:13522510305,0.4,4.6,68,https://aos-comment.amap.com/B0FFJ33VZ2/comment/content_media_external_file_1000013834_ss__1767341095195_11507512.jpg,116.438415,40.226662
,578,,小蜗厨房,手撕鸡,小蜗厨房,"兴寿镇桃林村395号 | 营业时间:周二至周日 11:00-14:00,17:00-20:00 2026-05-17至2026-05-17 11:00-20:00 | 电话:17600181434;18810359602",9.5,4.6,87,http://aos-cdn-image.amap.com/sns/ugccomment/ba2acf97-2304-44af-97db-3da22af1f81c.jpg,116.426254,40.231081
,578,,清真百味斋,清真菜馆,清真百味斋,兴寿镇辛庄村56号 | 营业时间:周一至周日 09:00-21:00,8.5,3,0,https://store.is.autonavi.com/showpic/7e7fcb95112c2d1eca9df7ff7eb91b47,116.435,40.224595
,578,,彩虹天使咖啡屋,点心,彩虹天使咖啡屋,兴寿镇辛庄村45号 | 营业时间:周一至周五 09:00-18:00；周六至周日 09:00-19:00 | 电话:18548900931,5.7,4.7,39,http://store.is.autonavi.com/showpic/34b64d3603da164a2421a9c75bf74438,116.435274,40.224513
,578,,百年花园米线,米线,百年花园米线,桃辛路与桃西路交叉口东360米 | 电话:010-89216666,10,4.4,50,https://aos-comment.amap.com/B0KKGZ51UL/comment/content_media_external_images_media_10024_1743407909349_69587414.jpg,116.435021,40.224603
,581,,luckin coffee 瑞幸咖啡(昌平地铁站A口店),coffee,luckin coffee 瑞幸咖啡(昌平地铁站A口店),北京城区鼓楼南街与箭杆胡同交叉口西南60米 | 营业时间:周一至周日 07:00-22:00 | 电话:4000100100,6.5,4.5,13,https://store.is.autonavi.com/showpic/c287706810a95e84ab635a931ccf264d?operate=original,116.2332,40.221224
,581,,旺角美食汇(昌平鑫隆店),中餐厅,旺角美食汇(昌平鑫隆店),城北街道政府街16号3号楼鑫隆商厦西侧 | 营业时间:周一至周日 00:00-24:00 | 电话:13269701699,1.6,1.8,0,http://store.is.autonavi.com/showpic/09bf54be9144290be5c2dce2b3ce72b5,116.232186,40.219867
,581,,好适口(富力桃园店),八宝粥,好适口(富力桃园店),北京城区建材城富力桃园4号楼1层06 | 营业时间:周一至周日 06:00-22:00 | 电话:18501146898,4.4,4.2,23,https://aos-comment.amap.com/B0FFGHHRB3/comment/content_media_external_file_1000024554_ss__1758527397337_21471514.jpg,116.23321,40.220929
,581,,锡盟涮肉,涮肉,锡盟涮肉,政府街16号昌平地铁站A口西北口步行230米 | 营业时间:周一至周日 00:00-24:00 | 电话:18788629900,2.5,4.1,53,https://store.is.autonavi.com/showpic/2856466ce993565df0531f6d5690d268,116.232397,40.220128
,581,,阳光烤串,烤串,阳光烤串,东户部街(昌平地铁站A西北口步行360米) | 营业时间:周一至周日 17:00-01:00 | 电话:13521908404;15120060390,8,4.2,62,https://aos-comment.amap.com/B0FFKQCCD2/comment/content_media_external_file_19367_ss__1761889848272_12763975.jpg,116.231794,40.219441
,581,,兄弟烤肉拌饭(昌平新世纪店),烤肉拌饭,兄弟烤肉拌饭(昌平新世纪店),东户部街与政府南街交叉口东100米 | 电话:13717674639;15210363555,5.7,3.5,12,,116.231674,40.219568
,581,,巴西.烤肉饭.牛腩饭,烤肉拌饭,巴西.烤肉饭.牛腩饭,献陵卫胡同与顺市街交叉口东40米 | 营业时间:周一至周日 08:30-22:30 | 电话:13581789941,8,3.4,0,http://store.is.autonavi.com/showpic/4ef3d491ec1bbe7bdc113ca7dc7096e3,116.231841,40.222171
,581,,东北大馅饺子(昌平店),特色/地方风味餐厅,东北大馅饺子(昌平店),东户部街与政府南街交叉口东100米 | 营业时间:周一至周日 09:00-21:00 | 电话:15210363555,1.1,3.7,19,http://store.is.autonavi.com/showpic/648fe7836ac9c0980cc65c02c7f4bc3c,116.23167,40.219427
,581,,武圣羊汤(昌平店),酱羊蝎子,武圣羊汤(昌平店),政府街16号1号楼A-003阳光鑫隆底商 | 营业时间:周一至周日 07:30-23:00 | 电话:13311025725,9.4,4.3,21,https://store.is.autonavi.com/showpic/193001d9389b5c7ee520cd051a4d8792,116.232214,40.220263
,581,,利民小吃店,鸡肉,利民小吃店,"牛犄角胡同11号(昌平地铁站A西北口步行490米) | 营业时间:周一至周日 11:00-15:00,17:00-22:00 | 电话:13371710353",0.7,3.9,25,http://store.is.autonavi.com/showpic/30ea32ffa0ce74336c982a41bcf9da42,116.230878,40.222499
,582,,鸿运龙虾(回龙观店),龙虾,鸿运龙虾(回龙观店),回龙观风雅园2区南门20号 | 营业时间:周一至周日 16:00-04:00 | 电话:18518192777,7.3,4.3,93,https://store.is.autonavi.com/showpic/a364958e13ae9d75fa8d76485023765e,116.324258,40.081034
,583,,晋南惠民饭馆,中餐厅,晋南惠民饭馆,内环东路59号 | 电话:15534802211,8.4,3.4,0,http://store.is.autonavi.com/showpic/d4938de38589beea0a02c205b0e162ab,116.286975,40.223525
,583,,美味多主食坊,中餐厅,美味多主食坊,朝辛路与南环路交叉口北120米,4.3,3,16,https://store.is.autonavi.com/showpic/74be30ed987b59081255bec138791ef0,116.300025,40.214025
,583,,国惠家常菜,家常菜,国惠家常菜,双营东路与景昌南街交叉口南120米 | 营业时间:周一至周日 05:30-21:30 | 电话:13651184731;18600557863,5.9,4.1,46,http://store.is.autonavi.com/showpic/94246c789c7a526aa17e48a6a37005ac,116.296492,40.214204
,583,,八两涮肉,涮肉,八两涮肉,国惠村西门旁 | 营业时间:周一至周日 10:00-22:00 | 电话:010-89703626,5.6,3.6,77,http://store.is.autonavi.com/showpic/f20097f2f126843c8b8afe5b1e3193f4,116.296513,40.213482
,583,,小新哥蚝屋烧烤涮肉(景昌南街2号院店),烤串,小新哥蚝屋烧烤涮肉(景昌南街2号院店),"国惠村西门旁 | 营业时间:周一至周日 11:00-14:00,17:00-22:00 | 电话:13601053117",4.1,4.3,86,https://aos-comment.amap.com/B0H1RXDJXN/comment/content_media_external_file_1582_1755186417988_92842073.jpg,116.296499,40.213446
,583,,丝路疆宴·滩羊铺子,羊肉串,丝路疆宴·滩羊铺子,北京城区东营村后街8号 | 营业时间:周一至周日 10:30-24:00 | 电话:13263169594,1.7,4.4,62,https://aos-comment.amap.com/B0KDK97XFG/comment/20260324-d300075b20be75b30bbc601f-95Ukln5usMZ8WL7b5mDgNY.jpg,116.300114,40.213845
,583,,祥云路友饭庄,豆腐,祥云路友饭庄,南邵镇后街1号祥云路友饭庄 | 营业时间:周一至周日 09:00-21:30 | 电话:13699214281,7.2,4.5,75,https://aos-comment.amap.com/B0FFHTLIH0/comment/cd0e82c7b1167f723ac270693ce38c33_2048_2048_80.jpg,116.299976,40.214224
,584,,摩乐哥餐厅,中餐厅,摩乐哥餐厅,十三陵镇大宫门村157号 | 营业时间:周一至周日 10:30-18:30 | 电话:13601079577,4.1,4.2,33,https://store.is.autonavi.com/showpic/60f9f4df6f0ad666f6621ef9494ad82d,116.219535,40.247481
,584,,祥云农家乐旅游观光园(暂停营业),中餐厅,祥云农家乐旅游观光园(暂停营业),昌平十三陵镇大宫门村173号 | 电话:13121522000,1.3,3.3,0,http://store.is.autonavi.com/showpic/c89a71b98fa4ef985b7b6655ca90b3b8,116.219251,40.247369
,584,,虎山乡野烤房,中餐厅,虎山乡野烤房,虎山休闲区东院 | 营业时间:周一至周日 10:00-20:00 | 电话:18612060936,6.3,4.5,83,https://aos-comment.amap.com/B0LKSCISQT/comment/content_media_external_file_100001493_1774089460464_99711485.jpg,116.214617,40.256719
,584,,春归灶台鱼·铁锅炖·农家菜,农家菜,春归灶台鱼·铁锅炖·农家菜,大宫门村村民委员会东南侧80米 | 营业时间:周一至周日 09:00-22:00,8.8,3.8,51,https://store.is.autonavi.com/showpic/70c555531d7d59173529054bae779211,116.220461,40.248253
,584,,水库鱼农家饭家常菜刀削面,家常菜,水库鱼农家饭家常菜刀削面,大宫门村村委会南侧90米,6.9,3.6,0,https://store.is.autonavi.com/showpic/efc42d0b1e8acd4e0000000716554729?type=pic,116.219724,40.247872
,584,,红蕾农家乐旅游观光园,鸡肉,红蕾农家乐旅游观光园,十三陵镇大宫门村170号 | 营业时间:周一至周日 10:00-21:00 | 电话:010-89748230;13611289278,8.1,3.9,78,http://store.is.autonavi.com/showpic/b5a1cef77ae80f61440acb93b34ab974,116.219819,40.248816
,585,,开饭啦营养套餐,,开饭啦营养套餐,回南家园,1.2,1.9,0,,116.389675,40.085575
,585,,湘味蛙,中餐厅,湘味蛙,佳园公寓南侧120米 | 营业时间:周一至周日 10:00-22:00,9.1,2.7,57,,116.395975,40.084975
,585,,金麦德纯汤牛肉面,中餐厅,金麦德纯汤牛肉面,佳园公寓南侧120米 | 营业时间:周一至周日 10:00-22:00,10,2.3,33,,116.395925,40.084975
,585,,瑞幸咖啡(七棵树创意园店),生椰拿铁,瑞幸咖啡(七棵树创意园店),半截塔村55号25幢一层B1-2A号 | 电话:4000100100,0.4,2.3,13,https://store.is.autonavi.com/showpic/c287706810a95e84ab635a931ccf264d?operate=original,116.392961,40.087515
,585,,来宝冰城饺子馆(半截塔村第5分店),饺子宴,来宝冰城饺子馆(半截塔村第5分店),回南路沙县小吃(翠湖园别墅东北) | 电话:15701389245,7.2,3.1,17,http://store.is.autonavi.com/showpic/b68e8ae3df5e7d7960843aa2f8afc0c1,116.396145,40.085604
,587,,渔蓝海鲜火锅(首都宾馆店),双人餐,渔蓝海鲜火锅(首都宾馆店),首都宾馆A座一层大堂吧东北角 | 营业时间:周一至周日 16:30-21:30 | 电话:010-58159566,4.1,4.6,163,https://aos-comment.amap.com/B0JRZGS12N/comment/982239bae377647ec1abd48304e1a1e9_2048_2048_80.jpg,116.409635,39.902001
,587,,良苑烤鸭店(前门店),宫保鸡丁,良苑烤鸭店(前门店),"前门东大街14号楼前 | 营业时间:11:00-21:00,2026年春节期间07:00-09:30；10:30-21:00 | 电话:010-65122322",4.1,4.5,80,https://aos-comment.amap.com/B000A7C192/comment/5B6F0744_4E23_4727_BFA1_4FF00A1CB9F2_L0_001_2000_150_1760867253847_38700077.jpg,116.408677,39.900407
,587,,食鼎轩烤鸭·私房菜(北京王府井台基厂大街店),家常菜,食鼎轩烤鸭·私房菜(北京王府井台基厂大街店),"台基厂大街10-1号 | 营业时间:周一至周日 09:30-14:00,16:30-21:30 2026-05-01至2026-05-05 周一至周日 09:30-14:00,16:30-21:30 | 电话:010-63445868;18519118048",1.4,4.6,70,https://aos-comment.amap.com/B0KGRMA21S/comment/content_media_external_file_100003357_1767011828140_18373911.jpg,116.411861,39.903494
,587,,北京隆和居美食城(正义路店),干锅千页豆腐,北京隆和居美食城(正义路店),东华门街道正义路8号(原市政府斜对面) | 营业时间:周一至周日 10:00-22:30 | 电话:010-65263265;13520777900,1.6,4.4,73,https://store.is.autonavi.com/showpic/72fbdf46904d9ac20000002152518124?type=pic,116.406444,39.903414
,587,,松鹤楼(台基厂店),松鼠桂鱼,松鹤楼(台基厂店),"北京城区台基厂大街10号(东郊民巷小学旁) | 营业时间:周一至周日 11:00-14:00,17:00-21:00 2026-02-17至2026-02-23 周一至周日 11:00-14:00,16:30-21:00 | 电话:010-65278195;010-65279255",6.6,4.5,153,http://store.is.autonavi.com/query_pic?id=st4e59a81c-8dd5-4876-9cdf-1e3afe32ebe2&user=search&operate=original,116.411839,39.903469
,587,,君庭中餐厅(首都宾馆店),牛肉,君庭中餐厅(首都宾馆店),"前门东大街3号首都宾馆东北门门房 | 营业时间:周一至周日 11:00-14:00,17:00-21:00 | 电话:010-58159788",7.6,4.4,213,https://aos-comment.amap.com/comment/content_service__1771506306909_36408294_1771506354089_05149994.jpg,116.408956,39.902119
,587,,奥华餐厅老张记(台基厂店),虾仁独面筋,奥华餐厅老张记(台基厂店),北京城区台基厂大街18-3号 | 营业时间:周一至周日 10:30-21:30 | 电话:010-65129289;010-65244021,8.4,4.6,62,http://store.is.autonavi.com/showpic/a44d4745fdde65bc76e850f893a9937b,116.411937,39.902869
,588,,居庸四季养生宴,中餐厅,居庸四季养生宴,G6辅路东北侧,1.3,3.6,0,http://store.is.autonavi.com/showpic/aa21cfe41fdb8e174995858177dc3be6,116.10919,40.267474
,591,,桃喜咖啡,咖啡厅,桃喜咖啡,"桃峪口村191号 | 营业时间:周一,周三至周日 10:00-21:00",3.7,4.5,25,https://aos-comment.amap.com/B0KR7LLDI8/comment/content_media_external_file_1000049379_ss__1746844324246_85102323.jpg,116.442588,40.238177
,592,,桃喜咖啡,咖啡厅,桃喜咖啡,"桃峪口村191号 | 营业时间:周一,周三至周日 10:00-21:00",9.2,4.5,25,https://aos-comment.amap.com/B0KR7LLDI8/comment/content_media_external_file_1000049379_ss__1746844324246_85102323.jpg,116.442588,40.238177
,592,,西御园酒店-御园餐厅(暂停营业),牛肉炒饭,西御园酒店-御园餐厅(暂停营业),桃峪口水库北侧西御园会议度假中心内 | 营业时间:周一至周日 00:00-24:00 | 电话:010-61707450;010-61794292;13681316486,1.9,3.5,63,http://store.is.autonavi.com/showpic/81b8707822c44b21a767836801424916,116.444925,40.243125
,593,,晓红小吃铺(长陵镇),中餐厅,晓红小吃铺(长陵镇),怀长路与长陵路交叉口南420米 | 电话:15611680418,5.3,3.5,21,http://store.is.autonavi.com/showpic/f9df05d1f42cefb260bb43e300eb33fd,116.253472,40.297208
,593,,京白梨家常菜,家常菜,京白梨家常菜,延寿镇卫生院西北门旁 | 营业时间:周一至周日 10:00-22:00 | 电话:010-69797388,1.4,4.2,54,https://aos-comment.amap.com/B0J0D5KUWJ/comment/BCD30EFE_B39F_4E41_ADDA_F2ED2A6684C9_L0_001_1702_127_1757641605198_00105385.jpg,116.252048,40.295707
,593,,北京长陵随意家常菜,家常菜,北京长陵随意家常菜,北京西路37号 | 营业时间:周一至周日 08:00-22:00 | 电话:13716752036,2.9,3.9,24,https://store.is.autonavi.com/showpic/170bb8e3057db2836ac2f78cff14329a,116.252464,40.295937
,593,,永乐饸饹宴,素菜,永乐饸饹宴,环陵路93号 | 营业时间:周一至周日 10:00-21:00 | 电话:13436803175;13611095965,6,4.4,62,http://store.is.autonavi.com/showpic/6a223b4f69f7744226488fd3789f90d2,116.253913,40.296972
,593,,山西面馆,红叶,山西面馆,十三陵镇长陵村怀长路 | 营业时间:周一至周日 10:00-21:00 | 电话:18535909295,6.7,4,20,https://aos-comment.amap.com/B0FFFADNAW/comment/content_media_external_images_media_1000131043_ss__1731905683561_63693526.jpg,116.252001,40.297898
,593,,聚香缘铜锅涮肉,铜锅涮肉,聚香缘铜锅涮肉,长陵村19号 | 营业时间:周一至周日 10:00-22:00,3.7,3.9,104,http://store.is.autonavi.com/showpic/7b8fba425fc4342c8e54f974cb1103c7,116.252477,40.298495
,593,,昌顺马记(长陵总店),香肠,昌顺马记(长陵总店),延寿社区卫生服务中心北门东北150米 | 营业时间:周一至周日 06:00-14:00 | 电话:18231714762,6.5,4.6,20,https://aos-comment.amap.com/B0FFMHT5Z0/comment/content_media_external_file_16167_1770428055158_00751595.jpg,116.253494,40.296659
,595,,安民饸烙面炸酱面,饸烙面,安民饸烙面炸酱面,东二旗东路与八仙庄南大街交叉口南20米,9.3,3.2,0,https://store.is.autonavi.com/showpic/63a46621fe6590822b64858e4d7f44ca,116.437869,40.133799
,596,,肉夹馍肉饼,肉饼,肉夹馍肉饼,公园6号,1.8,2.6,0,https://store.is.autonavi.com/showpic/183ec8da9b969c29ab5846ea6d43b394,116.227958,40.209784
,599,,大同刀削面,中餐厅,大同刀削面,程远青年公寓东北侧60米,0.7,3.1,31,http://store.is.autonavi.com/showpic/0043ca8f17aa92f99f18c3a8c2006e75,116.262489,40.131504
,599,,渝小鲜鲜炖鸡公煲,中餐厅,渝小鲜鲜炖鸡公煲,北沙河南路与G6辅路交叉口西380米,8.8,3.2,0,,116.263817,40.131875
,599,,麻辣烫串串香(未来科学城店),中餐厅,麻辣烫串串香(未来科学城店),水工机械厂宿舍北门旁 | 营业时间:周一至周日 16:00-01:00,8.7,3.2,29,http://store.is.autonavi.com/showpic/f3e5ed33a123477f6dcb8a9d867d4e78,116.266755,40.132594
,599,,巧媳妇·手工水饺风味1北京蒙情餐饮店,手工水饺,巧媳妇·手工水饺风味1北京蒙情餐饮店,北沙河南路与G6辅路交叉口西400米,3.5,1.9,0,,116.263543,40.131841
,599,,华云楼烧麦饭庄(站前路店),爆肚,华云楼烧麦饭庄(站前路店),沙河镇昌平路141-118号(艾特酒店旁) | 营业时间:周一至周日 10:30-21:00 2026-02-17至2026-02-17 周一至周日 全天关闭 | 电话:010-69735918,4.5,4.6,74,https://store.is.autonavi.com/showpic/9999aeb8c244d99d0000000728534868?type=pic,116.266402,40.135121
,599,,如意馄饨(北京沙河北大桥店),葱油饼,如意馄饨(北京沙河北大桥店),"巩华城大街88号 | 营业时间:周一至周日 10:00-14:00,17:00-22:00 | 电话:18046551386",10,3.5,31,https://img.alicdn.com/imgextra/i3/O1CN01iBQRQf1JGxybm2qFj_!!6000000001002-0-tps-500-500.jpg,116.267852,40.132453
,599,,锅锅香,鱼香肉丝,锅锅香,沙河地区京藏高速公路朝宗桥公园南100米 | 营业时间:周一至周日 10:00-23:00 | 电话:13436566508,10,3.6,24,http://store.is.autonavi.com/showpic/a591051b2c16decaacf4150432f22278,116.263446,40.13179
,599,,徽州鸭头(水工机械厂宿舍店),鸭头,徽州鸭头(水工机械厂宿舍店),水工机械厂宿舍东门旁 | 电话:15655486827,3.2,0.3,14,http://store.is.autonavi.com/showpic/df0dc154156717d246163752f0ef9679,116.267657,40.132379
,600,,丁丁美食,中餐厅,丁丁美食,北京众人堂诊所西北侧130米,3.7,4,0,http://store.is.autonavi.com/showpic/6f78534da08971824dbbf972b0365351,116.315151,40.141501
,602,,121食堂,中餐厅,121食堂,北京城区中东路121号院一区八号楼底商 | 营业时间:周一至周日 11:00-24:00,8.6,3.6,0,https://store.is.autonavi.com/showpic/a1df2c4657af255bb9e1e095f7617779,116.386412,40.055079
,604,,老张水饺私房面,特色/地方风味餐厅,老张水饺私房面,公园绿地管理中心东南侧130米,5.3,1.4,0,,116.267075,40.215675
,604,,邻里香炒菜面食,面食,邻里香炒菜面食,昌怀北路与南丰路辅路交叉口东80米,6,2.2,0,,116.275725,40.210625
,605,,北京康陵正德春饼宴春玲农家院70号院,中餐厅,北京康陵正德春饼宴春玲农家院70号院,长陵镇康陵村70号 | 电话:010-89722268;13521879384,0.9,3.8,0,,116.212788,40.318298
,605,,燕子湖自助烧烤乐园,自助烧烤,燕子湖自助烧烤乐园,京银路与环陵路交叉口西北100米 | 营业时间:周一至周五 09:00-17:30；周六至周日 09:00-18:00,2.5,4,79,,116.207622,40.290927
,605,,康陵正德春饼宴25号院,自助餐,康陵正德春饼宴25号院,十三陵镇康陵村25号 | 营业时间:周一至周日 09:00-21:00 | 电话:13716630471,7.9,4.2,0,https://store.is.autonavi.com/showpic/177ec4a163e0e39f777bb59955ae2033,116.213702,40.318102
,606,,冠香小馆,中餐厅,冠香小馆,大窦路14号水墨林溪一区 | 电话:15611915062,6.5,3.3,41,http://store.is.autonavi.com/showpic/c3638ad0c4ba3d2dfcdc4379ea49101c,116.066321,39.687017
,606,,山东人家·滕州辣子鸡,中餐厅,山东人家·滕州辣子鸡,"窦店镇腾龙家园五区4号1层-06 | 营业时间:周一至周日 09:00-14:00,16:00-22:00 | 电话:13011051658",7.8,4,25,https://aos-comment.amap.com/B0LB2GCE5P/comment/content_media_external_file_19790_ss__1757993106388_43713198.jpg,116.063853,39.688789
,606,,鲜合面馆,中餐厅,鲜合面馆,大窦路14号水墨林溪一区,3.6,3.5,20,https://store.is.autonavi.com/showpic/c51a896a907bce39c3ffe212393424f5,116.066375,39.686925
,606,,忆家饭店,浙江菜,忆家饭店,营业时间:周一至周日 09:00-22:00 | 电话:15910717582,7.5,3.5,36,http://store.is.autonavi.com/showpic/7089693e611239c636fe1696715241b2,116.063635,39.68388
,606,,草原风味烤羊腿,羊肉串,草原风味烤羊腿,大窦路与阎周路交汇处西南角(红绿灯) | 营业时间:周一至周日 09:00-22:00 | 电话:13520065843;13691441659,5.4,3.9,81,http://store.is.autonavi.com/showpic/570ef8833dd99d1e83437c4ebdf17783,116.067809,39.683892
,606,,客满堂驴肉馆,驴肉,客满堂驴肉馆,下坡店村一区6号 | 营业时间:周一至周日 08:00-21:00 | 电话:13426270211,0.8,4,70,http://store.is.autonavi.com/showpic/3184c8c9f5f3baf2bb0a54475ba8a4d9,116.06743,39.683938
,606,,张亮麻辣烫(北京信息大学店),麻辣烫,张亮麻辣烫(北京信息大学店),腾龙家园27号楼27-1 | 营业时间:周一至周日 10:00-21:00 | 电话:13718584778,7.6,3.7,30,https://img.alicdn.com/imgextra/i2/O1CN013Da1GK1Ex2GzcHFBd_!!6000000000417-49-tps-750-750.webp,116.066237,39.68718
,609,,渔蓝海鲜火锅(首都宾馆店),双人餐,渔蓝海鲜火锅(首都宾馆店),首都宾馆A座一层大堂吧东北角 | 营业时间:周一至周日 16:30-21:30 | 电话:010-58159566,3,4.6,163,https://aos-comment.amap.com/B0JRZGS12N/comment/982239bae377647ec1abd48304e1a1e9_2048_2048_80.jpg,116.409635,39.902001
,609,,良苑烤鸭店(前门店),宫保鸡丁,良苑烤鸭店(前门店),"前门东大街14号楼前 | 营业时间:11:00-21:00,2026年春节期间07:00-09:30；10:30-21:00 | 电话:010-65122322",9.5,4.5,80,https://aos-comment.amap.com/B000A7C192/comment/5B6F0744_4E23_4727_BFA1_4FF00A1CB9F2_L0_001_2000_150_1760867253847_38700077.jpg,116.408677,39.900407
,609,,食鼎轩烤鸭·私房菜(北京王府井台基厂大街店),家常菜,食鼎轩烤鸭·私房菜(北京王府井台基厂大街店),"台基厂大街10-1号 | 营业时间:周一至周日 09:30-14:00,16:30-21:30 2026-05-01至2026-05-05 周一至周日 09:30-14:00,16:30-21:30 | 电话:010-63445868;18519118048",4.6,4.6,70,https://aos-comment.amap.com/B0KGRMA21S/comment/content_media_external_file_100003357_1767011828140_18373911.jpg,116.411861,39.903494
,609,,北京隆和居美食城(正义路店),干锅千页豆腐,北京隆和居美食城(正义路店),东华门街道正义路8号(原市政府斜对面) | 营业时间:周一至周日 10:00-22:30 | 电话:010-65263265;13520777900,6.6,4.4,73,https://store.is.autonavi.com/showpic/72fbdf46904d9ac20000002152518124?type=pic,116.406444,39.903414
,609,,松鹤楼(台基厂店),松鼠桂鱼,松鹤楼(台基厂店),"北京城区台基厂大街10号(东郊民巷小学旁) | 营业时间:周一至周日 11:00-14:00,17:00-21:00 2026-02-17至2026-02-23 周一至周日 11:00-14:00,16:30-21:00 | 电话:010-65278195;010-65279255",7.8,4.5,153,http://store.is.autonavi.com/query_pic?id=st4e59a81c-8dd5-4876-9cdf-1e3afe32ebe2&user=search&operate=original,116.411839,39.903469
,609,,君庭中餐厅(首都宾馆店),牛肉,君庭中餐厅(首都宾馆店),"前门东大街3号首都宾馆东北门门房 | 营业时间:周一至周日 11:00-14:00,17:00-21:00 | 电话:010-58159788",0.4,4.4,213,https://aos-comment.amap.com/comment/content_service__1771506306909_36408294_1771506354089_05149994.jpg,116.408956,39.902119
,609,,奥华餐厅老张记(台基厂店),虾仁独面筋,奥华餐厅老张记(台基厂店),北京城区台基厂大街18-3号 | 营业时间:周一至周日 10:30-21:30 | 电话:010-65129289;010-65244021,5.8,4.6,62,http://store.is.autonavi.com/showpic/a44d4745fdde65bc76e850f893a9937b,116.411937,39.902869
,610,,原味咖啡馆,咖啡厅,原味咖啡馆,北京城区香堂村1区14排香堂市场公交站 | 营业时间:周一至周日 09:00-18:00 | 电话:18611556735,10,3.6,48,https://store.is.autonavi.com/showpic/b612d2ded040f0ee2b11ac20bde1d4d3,116.366152,40.243757
,610,,涮肉小馆·润记,火锅店,涮肉小馆·润记,香堂环路与香北峪路交叉口东南400米 | 营业时间:周一至周日 10:00-20:00 | 电话:13301099575,5.7,3.1,106,https://store.is.autonavi.com/showpic/3c3a5642eb4e544225a0d83c5201770a,116.366755,40.244117
,610,,福瑞羊蝎子农家菜,羊蝎子,福瑞羊蝎子农家菜,香堂文化街与香堂环路交叉口西北340米 | 营业时间:周一至周日 10:00-21:00 | 电话:13552623016,8.2,3.7,32,http://store.is.autonavi.com/showpic/e117ef3af7028d3bdb9224ec32fe88da,116.364191,40.241732
,614,,北京讲礼月凡小吃店,中餐厅,北京讲礼月凡小吃店,讲礼人家西门北150米 | 电话:010-61781501;010-61791068;17735705851,1.4,3.3,0,https://store.is.autonavi.com/showpic/7cb3e49b06c7977e4ae9b2680d3cf3be,116.387452,40.147782
,614,,香河肉饼刀削面,刀削面,香河肉饼刀削面,福泽商厦南门旁 | 营业时间:周一至周日 09:00-23:00,5.9,3.5,20,https://store.is.autonavi.com/showpic/87801d4b8d70d6acef983106165d22f5,116.38745,40.148909
,614,,心太软讲礼驴肉家常菜,家常菜,心太软讲礼驴肉家常菜,讲礼人家西门旁 | 电话:17888845882,4.5,3.8,84,http://store.is.autonavi.com/showpic/8e1ece8bfa2cbbd263b9f6a8e83c95d1,116.387542,40.146577
,614,,食为天板面,板面,食为天板面,福泽商厦南门西南90米 | 营业时间:周一至周日 09:00-23:00 | 电话:17682846217;18656861449,9.9,3.7,15,http://store.is.autonavi.com/showpic/bb95efde9e44a80ec205b285a4abe356,116.387389,40.148605
,614,,河南烩面,河南烩面,河南烩面,秦上路339号 | 营业时间:周一至周日 10:30-23:00,8.4,3.5,0,http://store.is.autonavi.com/showpic/1d3164cf90f145ae2e11e895afbf666d,116.387452,40.147795
,614,,藤椒串串香,火锅店,藤椒串串香,福泽商厦南门南170米,1.5,2,0,,116.38745,40.147988
,614,,金祥烤全羊,烤全羊,金祥烤全羊,小汤山镇讲礼村 | 营业时间:周一至周日 11:00-23:00 | 电话:15201553661,1,4.1,87,http://store.is.autonavi.com/showpic/9295d96772eab66cc5d92ec5d029ea7e,116.387574,40.149027
,614,,极地烤坊,特色/地方风味餐厅,极地烤坊,讲礼村西16号 | 营业时间:周一至周日 10:00-20:30,9.4,3.9,83,https://store.is.autonavi.com/showpic/e73e5273559d9741300bd20dbe8ab8e7,116.37881,40.146625
,614,,讲礼驴肉馆237号,羊肉,讲礼驴肉馆237号,小汤山镇讲礼村237号 | 营业时间:周一至周日 09:00-21:00 | 电话:010-61781501;13552246509,3.2,4.1,84,http://store.is.autonavi.com/showpic/d1ce192d6be2e9d3cbc2e2726ebd72d2,116.387452,40.147795
,614,,独一处羊蝎子,羊蝎子,独一处羊蝎子,小汤山镇讲理村独一处羊蝎子 | 营业时间:周一至周日 09:00-23:45 | 电话:18811042022,3.9,1.7,77,http://store.is.autonavi.com/showpic/396591e67e4bcd68085880d8048294bf,116.387392,40.148982
,614,,香河肉饼(马讲路店),香河肉饼,香河肉饼(马讲路店),小汤山镇讲礼村317号,0.1,3.4,20,https://store.is.autonavi.com/showpic/4d6766660f484642828dc7d1d05b410b,116.387586,40.149013
,614,,烧烤英雄·户外烧烤食材半成品仓储店(小汤山店),鸡翅,烧烤英雄·户外烧烤食材半成品仓储店(小汤山店),小汤山镇讲礼村270号 | 营业时间:周一至周日 08:00-19:30 | 电话:15210356832,7.9,3.6,59,http://store.is.autonavi.com/showpic/0366aeed1378b43a52888c5a65039fa7,116.386514,40.150064
,615,,摩乐哥餐厅,中餐厅,摩乐哥餐厅,十三陵镇大宫门村157号 | 营业时间:周一至周日 10:30-18:30 | 电话:13601079577,7.7,4.2,33,https://store.is.autonavi.com/showpic/60f9f4df6f0ad666f6621ef9494ad82d,116.219535,40.247481
,615,,祥云农家乐旅游观光园(暂停营业),中餐厅,祥云农家乐旅游观光园(暂停营业),昌平十三陵镇大宫门村173号 | 电话:13121522000,7.5,3.3,0,http://store.is.autonavi.com/showpic/c89a71b98fa4ef985b7b6655ca90b3b8,116.219251,40.247369
,615,,虎山乡野烤房,中餐厅,虎山乡野烤房,虎山休闲区东院 | 营业时间:周一至周日 10:00-20:00 | 电话:18612060936,6.9,4.5,83,https://aos-comment.amap.com/B0LKSCISQT/comment/content_media_external_file_100001493_1774089460464_99711485.jpg,116.214617,40.256719
,615,,春归灶台鱼·铁锅炖·农家菜,农家菜,春归灶台鱼·铁锅炖·农家菜,大宫门村村民委员会东南侧80米 | 营业时间:周一至周日 09:00-22:00,4.1,3.8,51,https://store.is.autonavi.com/showpic/70c555531d7d59173529054bae779211,116.220461,40.248253
,615,,水库鱼农家饭家常菜刀削面,家常菜,水库鱼农家饭家常菜刀削面,大宫门村村委会南侧90米,6.7,3.6,0,https://store.is.autonavi.com/showpic/efc42d0b1e8acd4e0000000716554729?type=pic,116.219724,40.247872
,615,,红蕾农家乐旅游观光园,鸡肉,红蕾农家乐旅游观光园,十三陵镇大宫门村170号 | 营业时间:周一至周日 10:00-21:00 | 电话:010-89748230;13611289278,0.8,3.9,78,http://store.is.autonavi.com/showpic/b5a1cef77ae80f61440acb93b34ab974,116.219819,40.248816
,616,,好运来东北菜,东北菜,好运来东北菜,溪翁庄镇东智北1号院,9.8,3.8,39,https://store.is.autonavi.com/showpic/8c0387b82ed3271f084e67e41430dacd,116.833136,40.436966
,616,,安徽小院,中餐厅,安徽小院,吉顺街与密关路交叉口东北100米,6.9,3.7,0,,116.833625,40.435375
,616,,小吃店,中餐厅,小吃店,溪翁庄镇东智东村支部委员会西侧60米,4.1,2.4,0,,116.852307,40.420471
,616,,东北烧烤,特色/地方风味餐厅,东北烧烤,东智北路与密关路交叉口东80米,8.9,3.4,75,,116.833425,40.436675
,616,,小树林烧烤(立新庄村店),特色/地方风味餐厅,小树林烧烤(立新庄村店),密关路36号 | 营业时间:周一至周日 17:00-24:00 | 电话:13716268656;13911266623,8.3,4.2,58,http://store.is.autonavi.com/showpic/2a0c5174c3c0f06118e323ec71260bc5,116.835671,40.4385
,616,,北京香村酒家有限公司,臭鳜鱼,北京香村酒家有限公司,"化西路与密关路交叉口西440米 | 营业时间:周一至周日 08:30-14:00,16:30-21:00 | 电话:010-69065952",8.7,4.4,95,http://store.is.autonavi.com/showpic/c86296ca43e79c12078e9629f213c1e2,116.83478,40.416021
,616,,情深四合院私厨菜,鸡肉,情深四合院私厨菜,东智西村东达路东150米路北 | 营业时间:周一至周日 09:30-22:30 | 电话:010-69013365;13522100999,0.3,4.4,147,http://store.is.autonavi.com/showpic/b0076d2c09d10fcd788b9d26d421ba55?operate=original,116.837292,40.425848
,618,,丈头里餐馆,中餐厅,丈头里餐馆,马池口镇丈头村213号 | 营业时间:周一至周日 06:00-24:00 | 电话:010-60755505,9.7,4,40,https://aos-comment.amap.com/B0GUFAF4H3/comment/0eaabef5460e2992d5d70e55b20bf53b_2048_2048_80.jpg,116.140774,40.196479
,618,,山西大碗面,中餐厅,山西大碗面,乃丈路与亭丈路交叉口东220米 | 营业时间:周一至周日 09:00-22:00 | 电话:18636366289,3.5,3.9,26,https://store.is.autonavi.com/showpic/67c9dcf79198d0615a7ae1512900999a,116.142019,40.19517
,618,,北京华彬庄园绿色休闲健身俱乐部·转松苑餐厅,地三鲜,北京华彬庄园绿色休闲健身俱乐部·转松苑餐厅,"南口镇南口农场华彬庄园 | 营业时间:周一至周日 11:00-14:00,17:00-20:00 | 电话:010-89796868",2.7,3.7,168,http://store.is.autonavi.com/showpic/cbb3cfe454fed7aa52d1f185cf7bf386,116.125486,40.207823
,619,,桃喜咖啡,咖啡厅,桃喜咖啡,"桃峪口村191号 | 营业时间:周一,周三至周日 10:00-21:00",3.4,4.5,25,https://aos-comment.amap.com/B0KR7LLDI8/comment/content_media_external_file_1000049379_ss__1746844324246_85102323.jpg,116.442588,40.238177
,626,,顾氏牛肉汤,牛肉面,顾氏牛肉汤,南口镇南大街65号顾氏牛肉汤 | 营业时间:周一至周日 06:00-22:00 | 电话:13661332087,2.8,3.6,22,http://store.is.autonavi.com/showpic/cf49844a02ef10fdc8e4a2c310b07a4d,116.123656,40.23494
,626,,久羊烧烤,特色/地方风味餐厅,久羊烧烤,"南口南大街21号南口小区 | 营业时间:周一至周日 05:00-09:30,11:00-01:30",8.9,3.6,68,https://store.is.autonavi.com/showpic/766d2bb764cfce0e402be52806cb6673,116.124957,40.234525
,626,,砂锅米线,砂锅米线,砂锅米线,南口南大街21号南口小区,5.7,3.3,20,,116.125544,40.23455
,626,,关公羊汤驴肉火烧,羊肉,关公羊汤驴肉火烧,温南路与交通街交叉口东40米 | 营业时间:周一至周日 07:00-21:00 | 电话:13701229199,9.8,3.6,0,http://store.is.autonavi.com/showpic/df6c7e04e4c342aa21671773e3259166,116.123891,40.234589
,626,,鸿运来手擀面,茄子,鸿运来手擀面,"温南路与交通街交叉口东100米 | 营业时间:周一至周日 04:30-10:00,11:00-14:00；周一至周日 17:00-23:00 | 电话:13716719987",6.3,3.8,64,http://store.is.autonavi.com/showpic/81c12525eaba1dd1037b4ab21a0c40da,116.124435,40.234618
,627,,北京乡味乐居餐馆,素菜,北京乡味乐居餐馆,G6辅路与G6京藏高速出口交叉口东南60米 | 电话:13810801815,4.7,3.8,61,http://store.is.autonavi.com/showpic/9f6f05d0558cc94992e51e6bd2a5a49a,116.076766,40.28543
,628,,馋丫头食铺,中餐厅,馋丫头食铺,北京王府中西医结合医院南门西南80米 | 营业时间:周一至周日 09:00-20:00,8.6,2.5,0,,116.414237,40.104009
,628,,白鹿江西餐厅(王府花园店),牛肉,白鹿江西餐厅(王府花园店),"北七家镇王府花园398幢1层 | 营业时间:周一至周日 11:00-14:30,16:30-21:30 2026-02-15至2026-02-23 11:00-14:30,16:30-21:30 | 电话:010-81781538;010-81783433",9.9,4.4,85,http://store.is.autonavi.com/showpic/3328998ad0c793ca6975d0ca27b96195,116.40281,40.105113
,629,,东北麻辣烫,中餐厅,东北麻辣烫,"北京城区北京城区华龙苑中里慧邻坊市场,8号门脸 | 营业时间:周一至周日 11:00-01:00 | 电话:18510425333;18612384222",0.6,3.7,25,https://store.is.autonavi.com/showpic/b18e231b00480e5cae3396d15c7c7f3e,116.367975,40.078375
,629,,山西刀削面,中餐厅,山西刀削面,华龙苑中里北区西南2门南60米 | 电话:13313482309,1.6,3.7,20,http://store.is.autonavi.com/showpic/62ef386bd0080d675806b8a89d6fab9b,116.367697,40.079835
,629,,牛街小吃·早点,大火烧加肉,牛街小吃·早点,"东小口镇霍营村 | 营业时间:周一至周日 05:00-13:00,17:00-22:00 | 电话:18301071085",7.8,4.3,15,https://aos-comment.amap.com/B0IU7AG10C/comment/a2b727a4d4c41b6c0926d44a7dfb8f5a_2048_2048_80.jpg,116.367663,40.07976
,629,,好日子固始鹅块家常菜(霍营店),家常菜,好日子固始鹅块家常菜(霍营店),回龙观东大街246号 | 营业时间:周一至周日 10:00-22:00 | 电话:13552604350,5.8,3.8,67,https://aos-comment.amap.com/B0FFIY1Y3L/comment/C7CF5C22_FCA8_4AA4_87FE_E20B990DC8E3_L0_001_1178_85_1766285154437_83447658.jpg,116.367695,40.079611
,629,,兰州拉面(华龙苑中里店),清真菜馆,兰州拉面(华龙苑中里店),黄平路与回龙观东大街交叉口南180米 | 营业时间:周一至周日 09:00-24:00 | 电话:15609723247,1.3,3.7,33,http://store.is.autonavi.com/showpic/fc011d25edf913e9b3113e1cf735499f,116.367744,40.079594
,629,,潘记黄桥肉夹馍,肉夹馍,潘记黄桥肉夹馍,霍营乡黄平路好香来食府隔壁,8.3,1.6,12,,116.367975,40.078475
,633,,晓红小吃铺(长陵镇),中餐厅,晓红小吃铺(长陵镇),怀长路与长陵路交叉口南420米 | 电话:15611680418,5.9,3.5,21,http://store.is.autonavi.com/showpic/f9df05d1f42cefb260bb43e300eb33fd,116.253472,40.297208
,633,,京白梨家常菜,家常菜,京白梨家常菜,延寿镇卫生院西北门旁 | 营业时间:周一至周日 10:00-22:00 | 电话:010-69797388,3.9,4.2,54,https://aos-comment.amap.com/B0J0D5KUWJ/comment/BCD30EFE_B39F_4E41_ADDA_F2ED2A6684C9_L0_001_1702_127_1757641605198_00105385.jpg,116.252048,40.295707
,633,,北京长陵随意家常菜,家常菜,北京长陵随意家常菜,北京西路37号 | 营业时间:周一至周日 08:00-22:00 | 电话:13716752036,6.4,3.9,24,https://store.is.autonavi.com/showpic/170bb8e3057db2836ac2f78cff14329a,116.252464,40.295937
,633,,永乐饸饹宴,素菜,永乐饸饹宴,环陵路93号 | 营业时间:周一至周日 10:00-21:00 | 电话:13436803175;13611095965,8.9,4.4,62,http://store.is.autonavi.com/showpic/6a223b4f69f7744226488fd3789f90d2,116.253913,40.296972
,633,,山西面馆,红叶,山西面馆,十三陵镇长陵村怀长路 | 营业时间:周一至周日 10:00-21:00 | 电话:18535909295,6,4,20,https://aos-comment.amap.com/B0FFFADNAW/comment/content_media_external_images_media_1000131043_ss__1731905683561_63693526.jpg,116.252001,40.297898
,633,,聚香缘铜锅涮肉,铜锅涮肉,聚香缘铜锅涮肉,长陵村19号 | 营业时间:周一至周日 10:00-22:00,4.7,3.9,104,http://store.is.autonavi.com/showpic/7b8fba425fc4342c8e54f974cb1103c7,116.252477,40.298495
,633,,昌顺马记(长陵总店),香肠,昌顺马记(长陵总店),延寿社区卫生服务中心北门东北150米 | 营业时间:周一至周日 06:00-14:00 | 电话:18231714762,0.8,4.6,20,https://aos-comment.amap.com/B0FFMHT5Z0/comment/content_media_external_file_16167_1770428055158_00751595.jpg,116.253494,40.296659
,636,,安民饸烙面炸酱面,饸烙面,安民饸烙面炸酱面,东二旗东路与八仙庄南大街交叉口南20米,3.9,3.2,0,https://store.is.autonavi.com/showpic/63a46621fe6590822b64858e4d7f44ca,116.437869,40.133799
,640,,渔蓝海鲜火锅(首都宾馆店),双人餐,渔蓝海鲜火锅(首都宾馆店),首都宾馆A座一层大堂吧东北角 | 营业时间:周一至周日 16:30-21:30 | 电话:010-58159566,9.5,4.6,163,https://aos-comment.amap.com/B0JRZGS12N/comment/982239bae377647ec1abd48304e1a1e9_2048_2048_80.jpg,116.409635,39.902001
,640,,良苑烤鸭店(前门店),宫保鸡丁,良苑烤鸭店(前门店),"前门东大街14号楼前 | 营业时间:11:00-21:00,2026年春节期间07:00-09:30；10:30-21:00 | 电话:010-65122322",3.6,4.5,80,https://aos-comment.amap.com/B000A7C192/comment/5B6F0744_4E23_4727_BFA1_4FF00A1CB9F2_L0_001_2000_150_1760867253847_38700077.jpg,116.408677,39.900407
,640,,食鼎轩烤鸭·私房菜(北京王府井台基厂大街店),家常菜,食鼎轩烤鸭·私房菜(北京王府井台基厂大街店),"台基厂大街10-1号 | 营业时间:周一至周日 09:30-14:00,16:30-21:30 2026-05-01至2026-05-05 周一至周日 09:30-14:00,16:30-21:30 | 电话:010-63445868;18519118048",8,4.6,70,https://aos-comment.amap.com/B0KGRMA21S/comment/content_media_external_file_100003357_1767011828140_18373911.jpg,116.411861,39.903494
,640,,北京隆和居美食城(正义路店),干锅千页豆腐,北京隆和居美食城(正义路店),东华门街道正义路8号(原市政府斜对面) | 营业时间:周一至周日 10:00-22:30 | 电话:010-65263265;13520777900,4.1,4.4,73,https://store.is.autonavi.com/showpic/72fbdf46904d9ac20000002152518124?type=pic,116.406444,39.903414
,640,,松鹤楼(台基厂店),松鼠桂鱼,松鹤楼(台基厂店),"北京城区台基厂大街10号(东郊民巷小学旁) | 营业时间:周一至周日 11:00-14:00,17:00-21:00 2026-02-17至2026-02-23 周一至周日 11:00-14:00,16:30-21:00 | 电话:010-65278195;010-65279255",3.8,4.5,153,http://store.is.autonavi.com/query_pic?id=st4e59a81c-8dd5-4876-9cdf-1e3afe32ebe2&user=search&operate=original,116.411839,39.903469
,640,,君庭中餐厅(首都宾馆店),牛肉,君庭中餐厅(首都宾馆店),"前门东大街3号首都宾馆东北门门房 | 营业时间:周一至周日 11:00-14:00,17:00-21:00 | 电话:010-58159788",8.4,4.4,213,https://aos-comment.amap.com/comment/content_service__1771506306909_36408294_1771506354089_05149994.jpg,116.408956,39.902119
,640,,奥华餐厅老张记(台基厂店),虾仁独面筋,奥华餐厅老张记(台基厂店),北京城区台基厂大街18-3号 | 营业时间:周一至周日 10:30-21:30 | 电话:010-65129289;010-65244021,9,4.6,62,http://store.is.autonavi.com/showpic/a44d4745fdde65bc76e850f893a9937b,116.411937,39.902869
,641,,莘莘农家院,,莘莘农家院,崔村镇真顺村 | 营业时间:周一至周日 10:00-22:00 | 电话:13121280796,8.8,4,0,http://store.is.autonavi.com/showpic/ed1045767d692ac9503a92e4a3789288,116.349738,40.231084
,641,,乡情源,中餐厅,乡情源,北京城区崔村镇八家村130号 | 营业时间:周一至周日 09:00-21:00 | 电话:13021084000;18614018189,6,4,0,http://store.is.autonavi.com/showpic/a8a083363b25e9ffbe590adf89338fd9,116.3236,40.235323
,641,,小草食堂(暂停营业),中餐厅,小草食堂(暂停营业),崔村镇八家村214号 | 营业时间:周一至周日 10:00-22:00 | 电话:13716282739,5,4,28,http://store.is.autonavi.com/showpic/90917fb29e803e8ce6b3656b3fceab91,116.324636,40.237129
,641,,军都四季火锅店,四季火锅,军都四季火锅店,嗨爪俱乐部南侧,1.6,1.5,65,,116.330781,40.234402
,644,,北京市昌平区芳和顺饭庄,中餐厅,北京市昌平区芳和顺饭庄,十三陵镇北新村 | 电话:010-60762236,9,3.3,0,http://store.is.autonavi.com/showpic/b5069cb28885830268d3fa4b9c2ed587,116.248144,40.278935
,644,,北京泉琴餐厅,中餐厅,北京泉琴餐厅,水库东路与环湖路交叉口西北360米 | 营业时间:周一至周日 10:00-22:00,0.9,3.4,52,,116.250625,40.277625
,644,,金福记老三私房灶台鱼,双人餐,金福记老三私房灶台鱼,北京城区北新村南门西北360米 | 营业时间:周一至周日 10:30-22:00 | 电话:13693650094;13910410671,6.2,4.3,78,https://store.is.autonavi.com/showpic/864911bc22cc39e2cef1a60d3947e83d,116.24822,40.278974
,644,,顺兴灶台鱼,灶台鱼,顺兴灶台鱼,北新村南门东南90米 | 营业时间:明周日09:00-21:00,4.6,3.9,98,,116.251255,40.276852
,644,,小雨点私家菜,私家菜,小雨点私家菜,水库东路北新村 | 营业时间:周一至周日 08:30-21:00 | 电话:13716034546,6,3.7,26,http://store.is.autonavi.com/showpic/70a95b4c8c65c63a3e1f9698d5b3bc8c,116.250721,40.278822
,644,,陈家烙糕子宴,红烧肉,陈家烙糕子宴,十三陵北新村419号 | 营业时间:周一至周日 00:00-24:00 | 电话:13718030725;15801675326,4,3.6,0,http://store.is.autonavi.com/showpic/1d159aaa0bbee844782c4dab880d4b1f,116.252505,40.277451
,644,,慧成铁锅炖,铁锅炖,慧成铁锅炖,北新村南门旁 | 营业时间:周一至周日 09:00-22:00,4.1,3.9,64,,116.250528,40.277537
,644,,顺利灶台鱼铁锅炖(北新村店),鸡肉,顺利灶台鱼铁锅炖(北新村店),十三陵镇北新391号 | 营业时间:周一至周日 10:00-22:00 | 电话:13718803949,3.1,4,80,https://aos-comment.amap.com/B0IB1CG5KA/comment/90b4191f3b4d4a87a6f94a24dbe1d0d2_2048_2048_80.jpg,116.249814,40.278091
,645,,开心乐农家院,中餐厅,开心乐农家院,流村镇黄长路长峪城村58号 | 营业时间:周一至周日 00:00-24:00 | 电话:010-60708060;13641038944,4.1,3.8,56,http://store.is.autonavi.com/showpic/688a3be33f478ad8dda6c9c04b1730ac,115.90312,40.210105
,645,,798猪蹄宴,猪蹄,798猪蹄宴,长峪城村142号 | 营业时间:周一至周日 00:00-24:00 | 电话:15910458708,5.2,4.2,64,https://aos-comment.amap.com/B0FFK8WG3O/comment/ea05458f986ae6303e72e506b630421e_2048_2048_80.jpg,115.903643,40.205367
,645,,家的味道山古城猪蹄宴(黄长路店),猪蹄,家的味道山古城猪蹄宴(黄长路店),长峪城村村民委员会南侧210米 | 营业时间:周一至周日 07:00-20:00 | 电话:13488873907,2.5,4,66,https://aos-comment.amap.com/B0IUH1T0O1/comment/content_media_external_file_1000078931_ss__1749275194343_49276577.jpg,115.904021,40.204616
,645,,老城农家,猪蹄,老城农家,长峪城村57号 | 营业时间:明周日09:00-20:00 | 电话:13436945339,3.9,4.3,68,https://aos-comment.amap.com/B0FFFWTQAH/comment/e986b4fd0b0bf9f80e8b9a75dde05b38_2048_2048_80.jpg,115.902826,40.210461
,646,,北京乡味乐居餐馆,素菜,北京乡味乐居餐馆,G6辅路与G6京藏高速出口交叉口东南60米 | 电话:13810801815,8.7,3.8,61,http://store.is.autonavi.com/showpic/9f6f05d0558cc94992e51e6bd2a5a49a,116.076766,40.28543
,649,,宝盛轩饭庄,农家菜,宝盛轩饭庄,喇叭沟门乡(乡政府对面) | 营业时间:周一至周日 11:00-20:30 | 电话:010-60623619,5.5,4.2,60,https://aos-comment.amap.com/B0FFFADPHH/comment/file_media_Photo_1484_IMG_1760322570_1396_image_1760322470409_jpg.jpg,116.622616,40.901435
,649,,山泉谷饭店,宫保鸡丁,山泉谷饭店,喇叭沟门乡八旗广场南楼1号 | 营业时间:周一至周日 09:00-21:00 | 电话:18310873584,8.1,4,66,https://store.is.autonavi.com/showpic/5197f613d6099cd68a9e1f740f884d20,116.622811,40.90135
,649,,玉贵饭馆,鱼香肉丝,玉贵饭馆,喇叭沟原始森林公园 | 电话:13693067610,8.6,3.4,46,,116.622207,40.901674
,650,,韩家大院,,韩家大院,九渡河镇二道关村南头 | 电话:010-89603057,0.3,1.1,0,http://store.is.autonavi.com/showpic/6d42f8c2aff65b25694899d848947591,116.335701,40.42596
,650,,7·COFFEE,coffee,7·COFFEE,营业时间:周一至周日 09:00-18:00 | 电话:13716180602;18518553735,6.1,4.4,47,https://aos-comment.amap.com/B0IRNRX3HP/comment/1c5cdbb53b5a366a36e132b62c6fc7cb_2048_2048_80.jpg,116.334418,40.430384
,650,,国王派对餐厅,中餐厅,国王派对餐厅,九渡河镇二道关村134号 | 营业时间:周一至周日 09:00-22:00,9.3,3.9,72,http://store.is.autonavi.com/showpic/bb44d3de8e0affa3c458cc97544c07a4,116.334451,40.43016
,650,,栖乡迹餐厅,中餐厅,栖乡迹餐厅,栖乡迹精品民宿(怀柔风景区1号店)北侧 | 营业时间:周一至周日 09:00-20:00,7.1,2.9,96,,116.338375,40.425675
,655,,luckin coffee 瑞幸咖啡(北京电影学院怀柔校区店),coffee,luckin coffee 瑞幸咖啡(北京电影学院怀柔校区店),安平东路与和平南小街交叉口东200米,5,3,24,,116.694921,40.285011
,655,,润波羊棒骨火锅(杨宋店),单人餐,润波羊棒骨火锅(杨宋店),北京城区怀耿路7号 | 营业时间:周一至周日 10:00-22:00 | 电话:13031183560,3.2,4.3,67,https://aos-comment.amap.com/B0HUUDQJTL/comment/17fd8b009f8b14835d989816c155cbe0_2048_2048_80.jpg,116.687657,40.290443
,655,,山西面馆家常菜,家常菜,山西面馆家常菜,怀耿路与驸张路交叉口东80米 | 营业时间:周一至周日 09:30-22:30 | 电话:15001288168,7.9,3.6,20,http://store.is.autonavi.com/showpic/a54eed14c927f4280bd183a5f862d107,116.713667,40.287724
,655,,张记木桶鱼(怀柔店),蘑菇,张记木桶鱼(怀柔店),杨宋镇张各庄村151号 | 营业时间:周一至周日 11:00-22:00 | 电话:010-69690688,0.3,4.4,0,https://aos-comment.amap.com/B0FFKYGG00/comment/ac4593a1d31ad075d3e55db472e2ddf0_2048_2048_80.jpg,116.714831,40.290293
,655,,北京善品元酒家,鸡肉,北京善品元酒家,"北晨路北50米 | 营业时间:周一至周日 11:30-14:00,17:30-21:00 | 电话:13810560423",9,4.5,63,https://store.is.autonavi.com/showpic/1076fcb05f1fe16c0000001699416928?type=pic,116.689554,40.297942
,657,,渔蓝海鲜火锅(首都宾馆店),双人餐,渔蓝海鲜火锅(首都宾馆店),首都宾馆A座一层大堂吧东北角 | 营业时间:周一至周日 16:30-21:30 | 电话:010-58159566,1.7,4.6,163,https://aos-comment.amap.com/B0JRZGS12N/comment/982239bae377647ec1abd48304e1a1e9_2048_2048_80.jpg,116.409635,39.902001
,657,,良苑烤鸭店(前门店),宫保鸡丁,良苑烤鸭店(前门店),"前门东大街14号楼前 | 营业时间:11:00-21:00,2026年春节期间07:00-09:30；10:30-21:00 | 电话:010-65122322",9.3,4.5,80,https://aos-comment.amap.com/B000A7C192/comment/5B6F0744_4E23_4727_BFA1_4FF00A1CB9F2_L0_001_2000_150_1760867253847_38700077.jpg,116.408677,39.900407
,657,,食鼎轩烤鸭·私房菜(北京王府井台基厂大街店),家常菜,食鼎轩烤鸭·私房菜(北京王府井台基厂大街店),"台基厂大街10-1号 | 营业时间:周一至周日 09:30-14:00,16:30-21:30 2026-05-01至2026-05-05 周一至周日 09:30-14:00,16:30-21:30 | 电话:010-63445868;18519118048",8.6,4.6,70,https://aos-comment.amap.com/B0KGRMA21S/comment/content_media_external_file_100003357_1767011828140_18373911.jpg,116.411861,39.903494
,657,,北京隆和居美食城(正义路店),干锅千页豆腐,北京隆和居美食城(正义路店),东华门街道正义路8号(原市政府斜对面) | 营业时间:周一至周日 10:00-22:30 | 电话:010-65263265;13520777900,1.6,4.4,73,https://store.is.autonavi.com/showpic/72fbdf46904d9ac20000002152518124?type=pic,116.406444,39.903414
,657,,松鹤楼(台基厂店),松鼠桂鱼,松鹤楼(台基厂店),"北京城区台基厂大街10号(东郊民巷小学旁) | 营业时间:周一至周日 11:00-14:00,17:00-21:00 2026-02-17至2026-02-23 周一至周日 11:00-14:00,16:30-21:00 | 电话:010-65278195;010-65279255",6.8,4.5,153,http://store.is.autonavi.com/query_pic?id=st4e59a81c-8dd5-4876-9cdf-1e3afe32ebe2&user=search&operate=original,116.411839,39.903469
,657,,君庭中餐厅(首都宾馆店),牛肉,君庭中餐厅(首都宾馆店),"前门东大街3号首都宾馆东北门门房 | 营业时间:周一至周日 11:00-14:00,17:00-21:00 | 电话:010-58159788",5.2,4.4,213,https://aos-comment.amap.com/comment/content_service__1771506306909_36408294_1771506354089_05149994.jpg,116.408956,39.902119
,657,,奥华餐厅老张记(台基厂店),虾仁独面筋,奥华餐厅老张记(台基厂店),北京城区台基厂大街18-3号 | 营业时间:周一至周日 10:30-21:30 | 电话:010-65129289;010-65244021,8.8,4.6,62,http://store.is.autonavi.com/showpic/a44d4745fdde65bc76e850f893a9937b,116.411937,39.902869
,658,,水云间餐厅(响水湖长城风景区店),中餐厅,水云间餐厅(响水湖长城风景区店),渤海镇大榛峪村东200米响水湖长城自然风景区内(西侧) | 营业时间:周一至周日 10:00-22:00,7,3.6,55,https://aos-comment.amap.com/B0FFG863CP/comment/content_media_external_images_media_1067920_ss_2_1659225508354_7983bce8.jpg,116.462018,40.461807
,658,,云间咖啡,单人餐,云间咖啡,北京城区依山依舍·Courtyard亲子度假Villa山宿(怀柔景区店)北侧280米 | 营业时间:周一至周日 09:00-19:30 | 电话:18513517982,1.3,4.3,80,https://store.is.autonavi.com/showpic/8a1f1e396c37f64fe963509c1e0bb52a,116.450995,40.453159
,661,,北京向外鱼乐民宿,,北京向外鱼乐民宿,"怀柔镇红螺镇村122号 | 电话:010-53604949;+862126137886,17235823",4.3,4.5,0,https://store.is.autonavi.com/showpic/56bf81da437e04b40f1c6a5b7f8ff146,116.618363,40.36386
,661,,藕遇coffee,coffee,藕遇coffee,红螺镇村141号 | 营业时间:周一至周日 10:00-17:00 | 电话:18611063088,3,4.2,35,https://aos-comment.amap.com/B0JDSHRARV/headerImg/6f291aea15f424155e59493e209b1446_2048_2048_80.jpg,116.621434,40.362972
,661,,红螺湖渔村,烤羊腿,红螺湖渔村,北京城区红螺寺路与靶场路交叉口北460米 | 营业时间:周一至周日 10:00-20:00 | 电话:13716601013,7,4.5,78,https://aos-comment.amap.com/B0LA6U2CUS/comment/E3320F24_141D_4018_ACD3_8E6B97A102CA_L0_001_1500_200_1760189339084_64254224.jpg,116.619118,40.366539
,661,,第一家烧烤,特色/地方风味餐厅,第一家烧烤,怀柔镇红螺镇村10号 | 营业时间:周一至周日 17:00-22:00 | 电话:18710253835,8.7,3.7,44,http://store.is.autonavi.com/showpic/d6e2137c1f7b19064262fe50f64989fb,116.619836,40.363017
,661,,天地人饭店(红螺路),红烧肉,天地人饭店(红螺路),红螺镇村红螺镇路 | 营业时间:周一至周日 10:00-21:30 | 电话:010-60682803;13671053924,3.4,4.5,77,https://store.is.autonavi.com/showpic/3a9a75abc32129c8e147e7e50da887a4,116.617636,40.362962
,662,,野咖啡,咖啡厅,野咖啡,龙泉庄延长路东侧,6.8,1.6,40,,116.483169,40.4429
,667,,品位香居(迎宾路店),东北菜,品位香居(迎宾路店),迎宾路与开放路交叉口北80米 | 营业时间:周一至周日 09:00-21:00 2026-05-01至2026-05-05 周一至周日 09:00-21:00 | 电话:010-61612558,8.8,4.5,56,https://aos-comment.amap.com/B0HAJY570A/comment/IMG_20251013_183121_tem_1760352096104_33227555.jpg,116.639482,40.309516
,667,,熙小西家烤肉自助·烤涮一体(东关店),烤肉自助,熙小西家烤肉自助·烤涮一体(东关店),"迎宾中路2号2栋01 | 营业时间:周一至周日 10:00-14:00,17:00-22:00 2026-02-09至2026-02-23 周一至周日 全天关闭 | 电话:13811296629",5.9,4.5,141,https://aos-comment.amap.com/B0K23SQF4L/comment/content_media_external_file_740_1766393241936_69683544.jpg,116.639063,40.310719
,672,,百合·乡里乡亲东北菜,东北菜,百合·乡里乡亲东北菜,怀长路与庙高路交叉口南80米 | 营业时间:周一至周日 09:00-21:00,7.3,3.5,61,,116.627975,40.296625
,672,,小鲁早点,中餐厅,小鲁早点,南华大街与212县道交叉口西北60米,0.2,2.1,0,,116.624567,40.301805
,672,,悠闲小院,中餐厅,悠闲小院,石厂村221号 | 营业时间:周一至周日 09:00-22:00 | 电话:13911911293,3.4,3.6,87,http://store.is.autonavi.com/showpic/4c804b7d45419bcfcf21d7d24cddb207,116.624293,40.300507
,672,,山西刀削面(南华大街店),刀削面,山西刀削面(南华大街店),石厂村220号 | 营业时间:周一至周日 10:00-22:00 | 电话:15710005297,9,3.6,23,https://store.is.autonavi.com/showpic/57a05736fcf4933ba89a3a2fbe703654,116.624319,40.300825
,677,,渔蓝海鲜火锅(首都宾馆店),双人餐,渔蓝海鲜火锅(首都宾馆店),首都宾馆A座一层大堂吧东北角 | 营业时间:周一至周日 16:30-21:30 | 电话:010-58159566,0.2,4.6,163,https://aos-comment.amap.com/B0JRZGS12N/comment/982239bae377647ec1abd48304e1a1e9_2048_2048_80.jpg,116.409635,39.902001
,677,,良苑烤鸭店(前门店),宫保鸡丁,良苑烤鸭店(前门店),"前门东大街14号楼前 | 营业时间:11:00-21:00,2026年春节期间07:00-09:30；10:30-21:00 | 电话:010-65122322",0.9,4.5,80,https://aos-comment.amap.com/B000A7C192/comment/5B6F0744_4E23_4727_BFA1_4FF00A1CB9F2_L0_001_2000_150_1760867253847_38700077.jpg,116.408677,39.900407
,677,,食鼎轩烤鸭·私房菜(北京王府井台基厂大街店),家常菜,食鼎轩烤鸭·私房菜(北京王府井台基厂大街店),"台基厂大街10-1号 | 营业时间:周一至周日 09:30-14:00,16:30-21:30 2026-05-01至2026-05-05 周一至周日 09:30-14:00,16:30-21:30 | 电话:010-63445868;18519118048",5.1,4.6,70,https://aos-comment.amap.com/B0KGRMA21S/comment/content_media_external_file_100003357_1767011828140_18373911.jpg,116.411861,39.903494
,677,,北京隆和居美食城(正义路店),干锅千页豆腐,北京隆和居美食城(正义路店),东华门街道正义路8号(原市政府斜对面) | 营业时间:周一至周日 10:00-22:30 | 电话:010-65263265;13520777900,0.7,4.4,73,https://store.is.autonavi.com/showpic/72fbdf46904d9ac20000002152518124?type=pic,116.406444,39.903414
,677,,松鹤楼(台基厂店),松鼠桂鱼,松鹤楼(台基厂店),"北京城区台基厂大街10号(东郊民巷小学旁) | 营业时间:周一至周日 11:00-14:00,17:00-21:00 2026-02-17至2026-02-23 周一至周日 11:00-14:00,16:30-21:00 | 电话:010-65278195;010-65279255",2.6,4.5,153,http://store.is.autonavi.com/query_pic?id=st4e59a81c-8dd5-4876-9cdf-1e3afe32ebe2&user=search&operate=original,116.411839,39.903469
,677,,君庭中餐厅(首都宾馆店),牛肉,君庭中餐厅(首都宾馆店),"前门东大街3号首都宾馆东北门门房 | 营业时间:周一至周日 11:00-14:00,17:00-21:00 | 电话:010-58159788",4,4.4,213,https://aos-comment.amap.com/comment/content_service__1771506306909_36408294_1771506354089_05149994.jpg,116.408956,39.902119
,677,,奥华餐厅老张记(台基厂店),虾仁独面筋,奥华餐厅老张记(台基厂店),北京城区台基厂大街18-3号 | 营业时间:周一至周日 10:30-21:30 | 电话:010-65129289;010-65244021,9.3,4.6,62,http://store.is.autonavi.com/showpic/a44d4745fdde65bc76e850f893a9937b,116.411937,39.902869
,678,,昆仑决咖啡kunluncoffee,coffee,昆仑决咖啡kunluncoffee,开发区北路与杨雁路交叉口东140米 | 营业时间:周一至周五 09:00-18:00 | 电话:15510367895;17629871220,7.7,4.2,0,https://aos-comment.amap.com/B0JR3K8B7H/comment/2527f068f19ccde8027e71830e41d49a_2048_2048_80.jpg,116.680275,40.304175
,678,,杨宋Tmcoffee(凤翔大街),coffee,杨宋Tmcoffee(凤翔大街),杨宋镇北京建工集团有限责任公司 | 营业时间:周一至周日 09:00-17:30,5.8,3.9,0,http://store.is.autonavi.com/showpic/466148bcf09d3773515601d340bc0b8c,116.680555,40.301443
,678,,东北家常菜,中餐厅,东北家常菜,张自口村95号 | 营业时间:周一至周日 00:00-24:00,7.7,3.7,34,http://store.is.autonavi.com/showpic/9b5c7fd7c6e7eb8190897a413082f75b,116.685713,40.299626
,678,,驴香源全驴宴,全驴宴,驴香源全驴宴,中高路与前进北街交叉口北100米,0.8,3.8,53,https://store.is.autonavi.com/showpic/83026590dccfe284084ad1510fadd175,116.685857,40.298911
,678,,如意烤鸭家常菜(怀柔区杨宋镇张自口店),家常菜,如意烤鸭家常菜(怀柔区杨宋镇张自口店),"杨宋镇张自口村280号 | 营业时间:周一至周日 09:30-14:00,16:30-21:30",2,4.1,53,https://store.is.autonavi.com/showpic/a7c2c2011842fc3abda03777cc6c1147,116.685818,40.298988
,678,,Tm咖啡(海好影视基地店),泰式奶茶,Tm咖啡(海好影视基地店),杨宋镇凤翔一园1幢1层01 | 营业时间:周一至周日 10:30-17:00 | 电话:18313249721,5.2,4.2,28,http://store.is.autonavi.com/showpic/7d534819d2e9de3fb254bb8ed50ef010,116.681225,40.301775
,678,,阿龙老菜馆(张自口店),烤面筋,阿龙老菜馆(张自口店),杨宋镇张自口村280号 | 营业时间:周一至周日 10:00-22:00 | 电话:13811063631,7.1,3.7,68,https://aos-comment.amap.com/B000A8XNKX/headerImg/6d459f4f36081a5b00b7904defc8df81_2048_2048_80.jpg,116.685818,40.298988
,678,,羊汤烧饼,羊汤烧饼,羊汤烧饼,中高路与前进北街交叉口北40米,7,3.1,0,https://store.is.autonavi.com/showpic/d9ed3bb4c0c937593915f096dc91ec24,116.68566,40.298409
,678,,淼磊羊蝎子·火锅,羊蝎子,淼磊羊蝎子·火锅,中高路与前进北街交叉口北160米 | 营业时间:周一至周日 10:00-22:00 | 电话:13810506210,5.4,4,52,http://store.is.autonavi.com/showpic/6071416e935993ac01657ec662c4e8f2,116.685753,40.299542
,680,,渔蓝海鲜火锅(首都宾馆店),双人餐,渔蓝海鲜火锅(首都宾馆店),首都宾馆A座一层大堂吧东北角 | 营业时间:周一至周日 16:30-21:30 | 电话:010-58159566,0.4,4.6,163,https://aos-comment.amap.com/B0JRZGS12N/comment/982239bae377647ec1abd48304e1a1e9_2048_2048_80.jpg,116.409635,39.902001
,680,,食鼎轩烤鸭·私房菜(北京王府井台基厂大街店),家常菜,食鼎轩烤鸭·私房菜(北京王府井台基厂大街店),"台基厂大街10-1号 | 营业时间:周一至周日 09:30-14:00,16:30-21:30 2026-05-01至2026-05-05 周一至周日 09:30-14:00,16:30-21:30 | 电话:010-63445868;18519118048",3.1,4.6,70,https://aos-comment.amap.com/B0KGRMA21S/comment/content_media_external_file_100003357_1767011828140_18373911.jpg,116.411861,39.903494
,680,,北京隆和居美食城(正义路店),干锅千页豆腐,北京隆和居美食城(正义路店),东华门街道正义路8号(原市政府斜对面) | 营业时间:周一至周日 10:00-22:30 | 电话:010-65263265;13520777900,5.2,4.4,73,https://store.is.autonavi.com/showpic/72fbdf46904d9ac20000002152518124?type=pic,116.406444,39.903414
,680,,松鹤楼(台基厂店),松鼠桂鱼,松鹤楼(台基厂店),"北京城区台基厂大街10号(东郊民巷小学旁) | 营业时间:周一至周日 11:00-14:00,17:00-21:00 2026-02-17至2026-02-23 周一至周日 11:00-14:00,16:30-21:00 | 电话:010-65278195;010-65279255",2.4,4.5,153,http://store.is.autonavi.com/query_pic?id=st4e59a81c-8dd5-4876-9cdf-1e3afe32ebe2&user=search&operate=original,116.411839,39.903469
,680,,君庭中餐厅(首都宾馆店),牛肉,君庭中餐厅(首都宾馆店),"前门东大街3号首都宾馆东北门门房 | 营业时间:周一至周日 11:00-14:00,17:00-21:00 | 电话:010-58159788",6,4.4,213,https://aos-comment.amap.com/comment/content_service__1771506306909_36408294_1771506354089_05149994.jpg,116.408956,39.902119
,680,,奥华餐厅老张记(台基厂店),虾仁独面筋,奥华餐厅老张记(台基厂店),北京城区台基厂大街18-3号 | 营业时间:周一至周日 10:30-21:30 | 电话:010-65129289;010-65244021,2.8,4.6,62,http://store.is.autonavi.com/showpic/a44d4745fdde65bc76e850f893a9937b,116.411937,39.902869
,681,,宽沟生态餐厅,中餐厅,宽沟生态餐厅,北京唐韵会议中心东北侧290米,2,3.9,72,https://aos-comment.amap.com/B0J6GHMQ1L/comment/cb09f0cd018deb95d795aa63d35ece9b_2048_2048_80.jpg,116.602777,40.302649
,681,,断片土窑烤肉,中餐厅,断片土窑烤肉,桥梓镇后桥梓村北100米 | 营业时间:周一至周日 10:00-21:00 | 电话:16601293137;18701383002,2.9,4,90,https://store.is.autonavi.com/showpic/512cf6a3c191da9f0000000721326398?type=pic,116.577217,40.298485
,681,,青城香馆,中餐厅,青城香馆,杨家东庄93号,1.9,3.7,0,,116.590089,40.324643
,682,,龙泉饭庄(北宅村卫生服务站南),驴肉火烧,龙泉饭庄(北宅村卫生服务站南),桥梓镇北宅台关路龙泉小区(西区)旁 | 营业时间:周一至周日 08:30-22:30 | 电话:010-60670993,9.7,4,39,http://store.is.autonavi.com/showpic/2134e96e9899580614a193f223eaabce,116.560027,40.336333
,685,,mixicafe,咖啡厅,mixicafe,甘涧峪55号 | 营业时间:周一至周五 10:00-21:00；周六至周日 09:00-21:00 | 电话:18810822265,5.8,4.2,58,http://store.is.autonavi.com/showpic/c77404dc173fc1fab5e5b146e37953ef,116.587282,40.384634
,686,,涧山咖啡,咖啡厅,涧山咖啡,"北京城区北京城区怀北镇椴树岭村59号院 | 营业时间:周二,周日 09:00-18:00 2026-05-14至2026-05-14 全天关闭 | 电话:13311190707",3.8,4.1,36,https://store.is.autonavi.com/showpic/2e4e641ee93cf1db6bd9c94ee3e9a61d,116.671252,40.529249
,689,,渔蓝海鲜火锅(首都宾馆店),双人餐,渔蓝海鲜火锅(首都宾馆店),首都宾馆A座一层大堂吧东北角 | 营业时间:周一至周日 16:30-21:30 | 电话:010-58159566,8.6,4.6,163,https://aos-comment.amap.com/B0JRZGS12N/comment/982239bae377647ec1abd48304e1a1e9_2048_2048_80.jpg,116.409635,39.902001
,689,,良苑烤鸭店(前门店),宫保鸡丁,良苑烤鸭店(前门店),"前门东大街14号楼前 | 营业时间:11:00-21:00,2026年春节期间07:00-09:30；10:30-21:00 | 电话:010-65122322",8.2,4.5,80,https://aos-comment.amap.com/B000A7C192/comment/5B6F0744_4E23_4727_BFA1_4FF00A1CB9F2_L0_001_2000_150_1760867253847_38700077.jpg,116.408677,39.900407
,689,,食鼎轩烤鸭·私房菜(北京王府井台基厂大街店),家常菜,食鼎轩烤鸭·私房菜(北京王府井台基厂大街店),"台基厂大街10-1号 | 营业时间:周一至周日 09:30-14:00,16:30-21:30 2026-05-01至2026-05-05 周一至周日 09:30-14:00,16:30-21:30 | 电话:010-63445868;18519118048",2.2,4.6,70,https://aos-comment.amap.com/B0KGRMA21S/comment/content_media_external_file_100003357_1767011828140_18373911.jpg,116.411861,39.903494
,689,,北京隆和居美食城(正义路店),干锅千页豆腐,北京隆和居美食城(正义路店),东华门街道正义路8号(原市政府斜对面) | 营业时间:周一至周日 10:00-22:30 | 电话:010-65263265;13520777900,9.3,4.4,73,https://store.is.autonavi.com/showpic/72fbdf46904d9ac20000002152518124?type=pic,116.406444,39.903414
,689,,松鹤楼(台基厂店),松鼠桂鱼,松鹤楼(台基厂店),"北京城区台基厂大街10号(东郊民巷小学旁) | 营业时间:周一至周日 11:00-14:00,17:00-21:00 2026-02-17至2026-02-23 周一至周日 11:00-14:00,16:30-21:00 | 电话:010-65278195;010-65279255",2.4,4.5,153,http://store.is.autonavi.com/query_pic?id=st4e59a81c-8dd5-4876-9cdf-1e3afe32ebe2&user=search&operate=original,116.411839,39.903469
,689,,君庭中餐厅(首都宾馆店),牛肉,君庭中餐厅(首都宾馆店),"前门东大街3号首都宾馆东北门门房 | 营业时间:周一至周日 11:00-14:00,17:00-21:00 | 电话:010-58159788",9.5,4.4,213,https://aos-comment.amap.com/comment/content_service__1771506306909_36408294_1771506354089_05149994.jpg,116.408956,39.902119
,689,,奥华餐厅老张记(台基厂店),虾仁独面筋,奥华餐厅老张记(台基厂店),北京城区台基厂大街18-3号 | 营业时间:周一至周日 10:30-21:30 | 电话:010-65129289;010-65244021,2.6,4.6,62,http://store.is.autonavi.com/showpic/a44d4745fdde65bc76e850f893a9937b,116.411937,39.902869
,690,,嗨.金咖啡,冰美式,嗨.金咖啡,雁栖镇范崎路长元村242号 | 营业时间:周一至周日 07:00-24:00 | 电话:13810120507,0.1,4,36,http://store.is.autonavi.com/showpic/fc571857cba622e6c7808dab38673271,116.601911,40.412784
,690,,三芊花园咖啡,咖啡厅,三芊花园咖啡,雁栖镇长元村 | 营业时间:周一至周日 10:00-19:30 | 电话:13120078488,2.5,4.6,57,https://aos-comment.amap.com/B0KDNDPYQ0/comment/content_media_external_file_203575_ss__1768189226984_96816621.jpg,116.602177,40.41268
,690,,找渔餐厅,烤鱼,找渔餐厅,长寿园西侧70米 | 营业时间:周一至周日 09:00-22:00 | 电话:15001154440;18510987277,1,4.6,119,https://aos-comment.amap.com/B0JDM93PZT/comment/content_media_external_file_1677654_ss__1752767652414_18177743.jpg,116.601891,40.41252
,690,,印象融合菜,融合菜,印象融合菜,长寿园西侧80米,7.4,2.9,141,https://aos-comment.amap.com/B0I63MS2ET/headerImg/b2b00e395c926187cfc92795d4767803_2048_2048_80.jpg,116.601566,40.4129
,692,,PEAR梨,,PEAR梨,怀北镇河防口村64号 | 营业时间:周一至周日 08:30-18:30 | 电话:18510312106,4.7,4.7,59,https://aos-comment.amap.com/B0LBYCWDE3/comment/8F67DC0F_9E13_4345_BE77_B2010DA60E7A_L0_001_1536_204_1762130387521_98562802.jpg,116.672181,40.437623
,692,,山顶cafe,咖啡厅,山顶cafe,,5.1,2.6,46,,116.651703,40.448119
,693,,国奥乡居餐厅,涮肉,国奥乡居餐厅,辛桃路附近 | 营业时间:周一至周日 08:00-21:00,0.3,3.8,0,http://store.is.autonavi.com/showpic/fc0c67f650ad36398b73743f3052f138,116.537505,40.43252
,696,,大董·覠宴,下午茶,大董·覠宴,北京城区朝阳公园南路19号顺承酒店内园中园1层101 | 营业时间:周一至周日 11:00-22:00 | 电话:010-65012305;010-65012308,3.3,4.6,0,https://store.is.autonavi.com/showpic/1b06867b82b800bef29436554814d97f,116.485839,39.93555
,696,,北京郡王府郡庭,咖啡厅,北京郡王府郡庭,朝阳公园南路1号朝阳公园(东南角) | 营业时间:周一至周日 12:00-21:00 | 电话:17600271563;18514523260,9.3,4,266,https://aos-comment.amap.com/B0L0PH0Y24/comment/content_media_external_file_15948_ss__1772679350056_11772557.jpg,116.48638,39.935484
,697,,小牛靓灶·家味食堂(团结湖店),中餐厅,小牛靓灶·家味食堂(团结湖店),"朝阳公园路19号佳隆国际大厦B一层 | 营业时间:周一至周五 07:00-09:30,11:00-14:00 | 电话:13355367530",4.3,3.9,35,http://store.is.autonavi.com/showpic/e269050eaf0880d4ba4c73676b0196fd,116.472283,39.934441
,697,,Mimi咖啡,咖啡厅,Mimi咖啡,景园小街1号3号楼对面,0.3,3.9,0,http://store.is.autonavi.com/showpic/bb55a217649cbac691235f01bf2302c4,116.472996,39.936219
,697,,凤凰卫视咖啡厅,美式咖啡,凤凰卫视咖啡厅,朝阳公园路与博雅南街交叉口东120米 | 营业时间:周一至周日 08:30-19:00 | 电话:010-65360928,1,3.9,37,https://aos-comment.amap.com/B0I0K743QK/comment/content_media_external_images_media_156496_ss__1729387544534_11826622.jpg,116.474175,39.934725
,697,,Peony cafe(博雅园店),芝士蛋糕,Peony cafe(博雅园店),博雅园 | 营业时间:周二至周日 08:00-18:00 | 电话:17812080307,4.5,4.5,39,https://aos-comment.amap.com/B0FFLNPLN2/comment/c13fc71041d7f19cb073548eaab9d564_2048_2048_80.jpg,116.471175,39.935875
,697,,万顺福山东饺子,鲅鱼水饺,万顺福山东饺子,朝阳公园南路骏豪中央广场B1-122室 | 营业时间:周一至周日 08:30-21:00 | 电话:13161235850,2.9,4.3,33,https://store.is.autonavi.com/showpic/876bff6e27695243bc8440fd6bde78df,116.477637,39.932712
,698,,地球咖啡馆·着陆计划LANDING PROJECT(798店),咖啡厅,地球咖啡馆·着陆计划LANDING PROJECT(798店),798路与七星西街交叉口东北140米 | 营业时间:周一至周日 09:00-19:00,9,2.2,41,https://store.is.autonavi.com/showpic/d7501ed03bb7de8f0000002333070257?type=pic,116.49441,39.985348
,698,,铃木商店,堂食,铃木商店,酒仙桥北路9号院 | 营业时间:周一至周日 11:30-21:30 | 电话:18301309002,9.3,4.5,90,https://aos-comment.amap.com/B0HAA76AQP/comment/content_media_external_images_media_320925_ss__1732799469113_79100855.jpg,116.495349,39.987072
,698,,时光咖啡(北京798艺术区店),意面,时光咖啡(北京798艺术区店),酒仙桥四号798艺术区798中一街 | 营业时间:周一至周日 10:00-20:00 | 电话:13426336865,6.1,4.3,54,https://store.is.autonavi.com/showpic/b526321df1db3259af04750c1cafa475,116.494448,39.985503
,698,,%Arabica阿拉比卡咖啡(北京798木木美术馆店),柠檬茶,%Arabica阿拉比卡咖啡(北京798木木美术馆店),酒仙桥路2号798艺术区D-06号 | 营业时间:周一至周日 07:30-20:30 | 电话:19921334245,8,4.5,47,https://aos-comment.amap.com/B0GRJ7NVVG/comment/6199f70c38e02620b4e563a1a64d5014_2048_2048_80.jpg,116.495297,39.986127
,698,,胶东刘妈妈肉汁饺子(798店),玉米,胶东刘妈妈肉汁饺子(798店),"798艺术园区3818库-004 | 营业时间:周一至周五 10:30-14:00,16:30-20:30；周六至周日 10:30-20:30 2026-02-14至2026-02-23 周一至周日 全天关闭 | 电话:15953551403",10,4.7,49,https://aos-comment.amap.com/B0KDHDKTUB/comment/C31702D2_5786_4052_B769_8D1DB5CB0A32_L0_001_2000_150_1761029195127_95800521.jpg,116.49594,39.985808
,698,,文韵时光,黄油,文韵时光,北京城区酒仙桥路2号院707街红石广场东侧 | 营业时间:周一至周日 10:00-19:00 2026-05-01至2026-05-05 周一至周日 10:00-19:00 | 电话:010-59789203,9.5,3.9,63,http://store.is.autonavi.com/showpic/d370d61e8e20f69dddfefdc410a99fc3,116.493702,39.986664
,706,,米娜餐厅(宋庄店),一品羯羊脖,米娜餐厅(宋庄店),双塘街5b号 | 营业时间:周一至周日 11:00-21:00 | 电话:010-69597552;18519253130,3.4,4.7,70,https://aos-comment.amap.com/B0FFFZBKXM/comment/fe172478ed8655b3a8e815783ea77add_2048_2048_80.jpg,116.714047,39.968213
,706,,上山下乡家常菜(通州宋庄店),东北菜,上山下乡家常菜(通州宋庄店),原创艺术博展中心东门北110米 | 营业时间:周一至周日 10:00-22:00 | 电话:18611955299,6.4,4.5,61,https://store.is.autonavi.com/showpic/5f22ef6a493fff33eac0578eac48f5f8,116.718492,39.965554
,706,,主迪隐宴,中餐厅,主迪隐宴,双塘街与徐宋路交叉口西340米 | 营业时间:周一至周日 11:00-22:00 | 电话:13911782163,0.9,4.4,129,https://store.is.autonavi.com/showpic/4ff6e598b5efe1040000000964018298?type=pic,116.714925,39.967525
,706,,双月餐厅,中餐厅,双月餐厅,宋庄镇小堡村原创艺术博展中心门口北的二楼,3.9,3.6,41,https://store.is.autonavi.com/showpic/7804f1430ac93a00aeac67c779c486ae,116.718471,39.964869
,706,,晋大碗刀削面骨头,中餐厅,晋大碗刀削面骨头,徐宋路原创艺术博展中心,7.8,4,31,https://store.is.autonavi.com/showpic/bacba16038d6756d4576e26b9c1f3221,116.718148,39.965864
,706,,泓宣茶秀,中餐厅,泓宣茶秀,徐宋路原创艺术博展中心 | 电话:13501021053,9.5,4.1,0,https://store.is.autonavi.com/showpic/2e34fdfbe3f6305bca72fdf9a76bf315,116.717111,39.965901
,706,,流水席张记纸皮馅饼,中餐厅,流水席张记纸皮馅饼,原创艺术博展中心东门北60米 | 营业时间:周一至周五09:00-14:00；17:00-24:00周六至周日待确认 | 电话:17610513888,0.7,4.3,31,https://store.is.autonavi.com/showpic/2364801ac3ffc1deff41f9d68b0c7935,116.718483,39.965167
,706,,流水席水上鱼港,中餐厅,流水席水上鱼港,"原创艺术博展中心东门旁 | 营业时间:周一至周日 09:00-14:00,17:00-22:00",8.7,3.6,38,https://store.is.autonavi.com/showpic/3513fbbc7e41df49490f98190fa5394f,116.718441,39.965001
,706,,王师傅主食坊,中餐厅,王师傅主食坊,原创艺术博展中心东门北60米,8.3,3.1,19,https://store.is.autonavi.com/showpic/d80c78f37ccdcb74703a9ea43adb34c6,116.718475,39.965175
,706,,归屿Space·服装店,咖啡厅,归屿Space·服装店,沃德中心 | 营业时间:周一至周日 12:00-22:00,8.9,3.4,105,https://store.is.autonavi.com/showpic/ea4afe856f2d9cc315601a86fdfa0fa1,116.717487,39.964002
,708,,渔蓝海鲜火锅(首都宾馆店),双人餐,渔蓝海鲜火锅(首都宾馆店),首都宾馆A座一层大堂吧东北角 | 营业时间:周一至周日 16:30-21:30 | 电话:010-58159566,1.8,4.6,163,https://aos-comment.amap.com/B0JRZGS12N/comment/982239bae377647ec1abd48304e1a1e9_2048_2048_80.jpg,116.409635,39.902001
,708,,食鼎轩烤鸭·私房菜(北京王府井台基厂大街店),家常菜,食鼎轩烤鸭·私房菜(北京王府井台基厂大街店),"台基厂大街10-1号 | 营业时间:周一至周日 09:30-14:00,16:30-21:30 2026-05-01至2026-05-05 周一至周日 09:30-14:00,16:30-21:30 | 电话:010-63445868;18519118048",7.5,4.6,70,https://aos-comment.amap.com/B0KGRMA21S/comment/content_media_external_file_100003357_1767011828140_18373911.jpg,116.411861,39.903494
,708,,北京隆和居美食城(正义路店),干锅千页豆腐,北京隆和居美食城(正义路店),东华门街道正义路8号(原市政府斜对面) | 营业时间:周一至周日 10:00-22:30 | 电话:010-65263265;13520777900,0.2,4.4,73,https://store.is.autonavi.com/showpic/72fbdf46904d9ac20000002152518124?type=pic,116.406444,39.903414
,708,,松鹤楼(台基厂店),松鼠桂鱼,松鹤楼(台基厂店),"北京城区台基厂大街10号(东郊民巷小学旁) | 营业时间:周一至周日 11:00-14:00,17:00-21:00 2026-02-17至2026-02-23 周一至周日 11:00-14:00,16:30-21:00 | 电话:010-65278195;010-65279255",8.1,4.5,153,http://store.is.autonavi.com/query_pic?id=st4e59a81c-8dd5-4876-9cdf-1e3afe32ebe2&user=search&operate=original,116.411839,39.903469
,708,,君庭中餐厅(首都宾馆店),牛肉,君庭中餐厅(首都宾馆店),"前门东大街3号首都宾馆东北门门房 | 营业时间:周一至周日 11:00-14:00,17:00-21:00 | 电话:010-58159788",9,4.4,213,https://aos-comment.amap.com/comment/content_service__1771506306909_36408294_1771506354089_05149994.jpg,116.408956,39.902119
,708,,奥华餐厅老张记(台基厂店),虾仁独面筋,奥华餐厅老张记(台基厂店),北京城区台基厂大街18-3号 | 营业时间:周一至周日 10:30-21:30 | 电话:010-65129289;010-65244021,0,4.6,62,http://store.is.autonavi.com/showpic/a44d4745fdde65bc76e850f893a9937b,116.411937,39.902869
,713,,Tims天好咖啡(798艺术区捷枫店),全麦贝果,Tims天好咖啡(798艺术区捷枫店),酒仙桥2号院内11所39号楼 | 营业时间:周一至周日 07:00-22:00 | 电话:15810066970,8.4,3.7,28,http://store.is.autonavi.com/showpic/f38ff6d0298564dfbf670fb354c06b0f,116.495347,39.984872
,713,,星粤·廣東顺德菜(798店),双人餐,星粤·廣東顺德菜(798店),酒仙桥街道798艺术中心(尤伦斯当代对面) | 营业时间:周一至周日 10:00-21:30 | 电话:15041874760,4.6,4.3,82,https://aos-comment.amap.com/B0I1CXKF4T/comment/content_media_external_file_37697_ss__1747631085653_02076898.jpg,116.495154,39.984444
,713,,地球咖啡馆·着陆计划LANDING PROJECT(798店),咖啡厅,地球咖啡馆·着陆计划LANDING PROJECT(798店),798路与七星西街交叉口东北140米 | 营业时间:周一至周日 09:00-19:00,8.4,2.2,41,https://store.is.autonavi.com/showpic/d7501ed03bb7de8f0000002333070257?type=pic,116.49441,39.985348
,713,,时光咖啡(北京798艺术区店),意面,时光咖啡(北京798艺术区店),酒仙桥四号798艺术区798中一街 | 营业时间:周一至周日 10:00-20:00 | 电话:13426336865,8.8,4.3,54,https://store.is.autonavi.com/showpic/b526321df1db3259af04750c1cafa475,116.494448,39.985503
,713,,牛品匠·乐山跷脚牛肉·小吃(798店),牛杂煲,牛品匠·乐山跷脚牛肉·小吃(798店),大山子798艺术区2号路(紧邻爱马思艺术中心) | 营业时间:周一至周日 10:30-21:30 2026-02-13至2026-02-23 周一至周日 全天关闭 | 电话:13601224864,1.9,4.4,52,http://store.is.autonavi.com/showpic/fc60d4dbf5845e8645c386616733033f,116.493611,39.98571
,713,,万小馆川菜(北京798店),素菜,万小馆川菜(北京798店),酒仙桥2号798艺术区中二街 | 营业时间:周一至周日 10:30-21:30 2026-02-14至2026-02-23 周一至周日 全天关闭 | 电话:010-57626142;17701045978,1.4,4.5,75,https://aos-comment.amap.com/B0FFIESCVI/comment/content_media_external_file_43408_ss__1765009042214_44706979.jpg,116.495347,39.984872
,715,,文创园谯院儿饭店,中餐厅,文创园谯院儿饭店,崔各庄乡草场地335号,1.2,2.4,0,,116.509948,39.993953
,715,,一森家厨,单人餐,一森家厨,"崔各庄乡草场地280号 | 营业时间:周一至周日 10:00-14:30,17:00-22:00 | 电话:010-64313653;13683259747",8.3,4.5,87,https://aos-comment.amap.com/B0FFHHPW0N/comment/5b2581fa03948f3cee95b21ea55b2142_2048_2048_80.jpg,116.505984,39.995012
,715,,Z03咖啡(草场地宠物公园店),咖啡厅,Z03咖啡(草场地宠物公园店),崔各庄镇草场地国际艺术区329号 | 营业时间:周一至周日 11:00-18:00 | 电话:13602132574,8.1,4.5,37,https://aos-comment.amap.com/B0L3ASRFKV/comment/00DEAD82_E56C_4D86_B9F6_2C1DC8E3757C_L0_001_1500_200_1762922125744_08640632.jpg,116.507396,39.993942
,715,,蓝羊咖啡(草场地店),咖啡厅,蓝羊咖啡(草场地店),草场地艺术村166号创意园主义真家具旁红色玻璃房 | 营业时间:周一至周日 09:00-19:00,9.9,3.9,45,https://store.is.autonavi.com/showpic/d60ead095d62b579dbece868b961312d,116.507274,39.996412
,715,,根娃子美蛙鱼头川火锅(草场地店),牛蛙,根娃子美蛙鱼头川火锅(草场地店),"崔各庄镇草场地国际艺术区329号红墅文化产业公园 | 营业时间:周一至周日 11:00-14:00,17:00-22:00 | 电话:13552445619;13552861532",5.3,4.7,113,https://aos-comment.amap.com/B0I0RLXEI2/comment/662f23e3a13a628dfe52a4b36da84805_2048_2048_80.jpg,116.506294,39.995069
,715,,云栖小院(798店),豆腐,云栖小院(798店),"崔各庄五环到六环之间草场地国际艺术村169号 | 营业时间:周日 11:00-21:30；周一至周六 11:00-14:00,17:00-20:00 2026-02-15至2026-02-22 周一至周日 全天关闭 | 电话:010-53359690",0,4.6,105,https://aos-comment.amap.com/B0FFFCVDHQ/comment/%5B2026-02-27-20-53-02%5DC65831B6-074E-4E2D-A006-DB1CD336D86_1772196789843_73222136.jpg,116.506295,39.994936
,719,,春明簃coffee,coffee,春明簃coffee,东三环南路88号院-1首都图书馆 | 营业时间:周一至周日 10:00-18:00,6.4,3.8,31,,116.461875,39.870475
,719,,豫见信阳,中餐厅,豫见信阳,十八里店乡东三环南路17号 | 营业时间:周一至周日 11:00-22:00 | 电话:15810598505,8.7,4.5,93,https://aos-comment.amap.com/B0L1Z5MA7W/comment/content_media_external_file_9618_1768518007301_39965439.jpg,116.459947,39.86904
,719,,叁叁零鹤岗小串(潘家园店),双人餐,叁叁零鹤岗小串(潘家园店),东三环南路17号京瑞大厦F1层 | 营业时间:周一至周日 17:00-03:00 2026-02-12至2026-02-23 周一至周日 全天关闭 | 电话:010-53650789,9.4,4.6,65,https://aos-comment.amap.com/B0LAH5HWZF/comment/content_media_external_file_100003227_1751941814858_81772319.jpg,116.460045,39.869042
,719,,德润轩大排档,大排档,德润轩大排档,弘燕路与南新园西路交叉口西80米 | 营业时间:周一至周日 16:00-03:00 | 电话:18631021806,6,4.3,93,https://aos-comment.amap.com/B0JUF1VSCR/comment/DFB6F8A0_D609_46C4_A102_F9A8C783E7AE_L0_001_1080_192_1757351420163_26293717.jpg,116.463145,39.868251
,719,,华必和(十里河店),家常菜,华必和(十里河店),"弘燕路10号德元九和大厦一楼 | 营业时间:周一至周日 05:00-14:30,16:30-20:00 | 电话:010-67331855;15832909968",1.1,4.6,29,https://aos-comment.amap.com/B000A87O4G/comment/20260319-a70f0ddb1c1ab2802789c671-7uTahvSlMpx9oTp1koZNMM.jpg,116.4625,39.86778
,719,,106餐厅(十里河店),烤鸭,106餐厅(十里河店),弘燕路10号德元九和大厦3层 | 营业时间:周一至周日 11:00-22:00 | 电话:010-87922377,8.8,4.6,118,https://aos-comment.amap.com/B000A8W57H/comment/content_media_external_images_media_1000004728_ss__1731731770910_22677256.jpg,116.462913,39.867752
,720,,地球咖啡馆·着陆计划LANDING PROJECT(798店),咖啡厅,地球咖啡馆·着陆计划LANDING PROJECT(798店),798路与七星西街交叉口东北140米 | 营业时间:周一至周日 09:00-19:00,0.3,2.2,41,https://store.is.autonavi.com/showpic/d7501ed03bb7de8f0000002333070257?type=pic,116.49441,39.985348
,720,,铃木商店,堂食,铃木商店,酒仙桥北路9号院 | 营业时间:周一至周日 11:30-21:30 | 电话:18301309002,0.2,4.5,90,https://aos-comment.amap.com/B0HAA76AQP/comment/content_media_external_images_media_320925_ss__1732799469113_79100855.jpg,116.495349,39.987072
,720,,时光咖啡(北京798艺术区店),意面,时光咖啡(北京798艺术区店),酒仙桥四号798艺术区798中一街 | 营业时间:周一至周日 10:00-20:00 | 电话:13426336865,6.1,4.3,54,https://store.is.autonavi.com/showpic/b526321df1db3259af04750c1cafa475,116.494448,39.985503
,720,,%Arabica阿拉比卡咖啡(北京798木木美术馆店),柠檬茶,%Arabica阿拉比卡咖啡(北京798木木美术馆店),酒仙桥路2号798艺术区D-06号 | 营业时间:周一至周日 07:30-20:30 | 电话:19921334245,7.5,4.5,47,https://aos-comment.amap.com/B0GRJ7NVVG/comment/6199f70c38e02620b4e563a1a64d5014_2048_2048_80.jpg,116.495297,39.986127
,720,,牛品匠·乐山跷脚牛肉·小吃(798店),牛杂煲,牛品匠·乐山跷脚牛肉·小吃(798店),大山子798艺术区2号路(紧邻爱马思艺术中心) | 营业时间:周一至周日 10:30-21:30 2026-02-13至2026-02-23 周一至周日 全天关闭 | 电话:13601224864,8.4,4.4,52,http://store.is.autonavi.com/showpic/fc60d4dbf5845e8645c386616733033f,116.493611,39.98571
,720,,胶东刘妈妈肉汁饺子(798店),玉米,胶东刘妈妈肉汁饺子(798店),"798艺术园区3818库-004 | 营业时间:周一至周五 10:30-14:00,16:30-20:30；周六至周日 10:30-20:30 2026-02-14至2026-02-23 周一至周日 全天关闭 | 电话:15953551403",1.8,4.7,49,https://aos-comment.amap.com/B0KDHDKTUB/comment/C31702D2_5786_4052_B769_8D1DB5CB0A32_L0_001_2000_150_1761029195127_95800521.jpg,116.49594,39.985808
,720,,文韵时光,黄油,文韵时光,北京城区酒仙桥路2号院707街红石广场东侧 | 营业时间:周一至周日 10:00-19:00 2026-05-01至2026-05-05 周一至周日 10:00-19:00 | 电话:010-59789203,9.3,3.9,63,http://store.is.autonavi.com/showpic/d370d61e8e20f69dddfefdc410a99fc3,116.493702,39.986664
,721,,中日友好医院本部餐厅,中餐厅,中日友好医院本部餐厅,樱花园东街2号中日友好医院,9.2,4.2,28,https://store.is.autonavi.com/showpic/a7571d32581dcf5a760f4845f2e920bc,116.428225,39.974525
,721,,北京服装学院食堂,中餐厅,北京服装学院食堂,樱花园东街甲2号北京服装学院(近中日友好医院) | 营业时间:周一至周日 10:00-22:00,2.2,4.1,18,https://aos-comment.amap.com/B000A8431C/comment/7823401a5d3aa559c45553fcfebe48dc_2048_2048_80.jpg,116.432305,39.973998
,721,,库迪咖啡(北服樱花园校区校外店),杨枝甘露,库迪咖啡(北服樱花园校区校外店),北京城区北京服装学院和平街分校西门南230米 | 营业时间:周一至周五 07:30-19:30；周六至周日 08:00-19:30 | 电话:15611122181,0.8,4.3,9,https://store.is.autonavi.com/showpic/7b0db620ddccbe9ff42ce59100617216?operate=original?operate=original?operate=original?operate=original,116.429198,39.972928
,723,,谭笑风生(月色码头店),中餐厅,谭笑风生(月色码头店),奥林西路月色码头(奥林匹克公园地铁站D东南口步行160米) | 电话:13701027879,9.1,4.2,117,https://aos-comment.amap.com/B0LRR7K49J/comment/9E158024_26F3_4705_9B7B_12280E1097E2_L0_001_1500_200_1764514985915_09378529.jpg,116.394175,40.000175
,723,,云海肴云南菜(北投新奥购物中心店),傣味烤罗非鱼,云海肴云南菜(北投新奥购物中心店),湖景东路11号新奥购物中心B1层地铁奥林匹克公园站D口右前方30米四合院内 | 营业时间:周一至周日 10:00-22:00 | 电话:13718499739,2.1,4.6,70,http://store.is.autonavi.com/query_pic?id=st551050e0-0d1d-4ea9-8ab1-1b92e08a6a19&user=search&operate=original,116.39415,40.000008
,723,,星粤·廣東顺德菜(新奥店),双人餐,星粤·廣東顺德菜(新奥店),北辰东路与大屯路辅路交叉口东南160米 | 营业时间:周一至周日 10:00-21:30 | 电话:15227756509,1.4,4.4,103,https://aos-comment.amap.com/B0K3Z9K6HH/comment/AC4CCF3D_9D06_416E_9EE3_921F19FF12A8_L0_001_1500_2000_1735370987344_85543788.jpg,116.394034,40.00027
,723,,星巴克咖啡(北投新奥购物中心店),堂食,星巴克咖啡(北投新奥购物中心店),北京城区湖景东路9、11号2幢-1层-101内B1-05单元 | 营业时间:周一至周日 10:00-22:00 | 电话:010-84376352,9.3,4.7,30,http://store.is.autonavi.com/showpic/e45e3a0043413101283377e6985510c9,116.394158,39.999868
,723,,小吊梨汤·北京菜·烤鸭(新奥店),小豆凉糕,小吊梨汤·北京菜·烤鸭(新奥店),"湖景东路新奥回去中心地下一层西A出口处,地铁8号线D口出对面(新奥购物中心内.挨着云海肴,屈臣氏,好特卖) | 营业时间:周一至周日 11:00-15:00,17:00-21:00 | 电话:010-84437260",5.1,4.7,90,http://store.is.autonavi.com/showpic/a53da1b42050d41411bb62997c7a9ef9,116.394208,39.99997
,723,,山野碗·现炒川湘家常菜(鸟巢·新奥工美店),川湘家常菜,山野碗·现炒川湘家常菜(鸟巢·新奥工美店),北京城区北京城区天辰东路12号奥林匹克公园地铁站E口内新奥工美餐饮街 | 营业时间:周一至周日 10:00-21:00 | 电话:18210197044,2.8,3.9,30,https://aos-comment.amap.com/B0MBZZC4M8/comment/content_media_external_file_100014836_1772842228706_00142832.jpg,116.392566,39.999892
,723,,COSTA COFFEE(北投新奥购物中心店),抹茶拿铁,COSTA COFFEE(北投新奥购物中心店),湖景东路9号北投新奥购物中心B区H1层H1-93-02 | 营业时间:周一至周日 08:00-21:30 | 电话:010-84378772,4,4.6,34,https://aos-comment.amap.com/B0FFF6X7AP/comment/%5B2025-08-02-16-55-14%5D1CA0D357-258D-406E-B906-6D71A4B182F_1754124915168_42348706.jpg,116.394255,40.000206
,723,,小木船潮汕牛肉火锅(北投新奥购物中心店),潮汕牛肉火锅,小木船潮汕牛肉火锅(北投新奥购物中心店),湖景东路911号2幢-01层-101内B1-A03号 | 营业时间:周一至周日 10:00-22:00 | 电话:18614291326,6,4.5,129,https://store.is.autonavi.com/showpic/4bdaab97bc4aa07736b4948afe8ee5ad,116.394501,39.999017
,723,,北平机器(鸟巢店),炸鸡,北平机器(鸟巢店),湖景东路9号北投新奥购物中心地上 | 营业时间:周一至周日 16:30-01:30 | 电话:18301327937,2.3,4.7,154,https://aos-comment.amap.com/B0IR1DUZV1/comment/5d9cf5b3e4b79285f6c28722e4b64546_2048_2048_80.jpg,116.39443,40.00016
,723,,东来顺饭庄(北投新奥购物中心店),牛羊肉,东来顺饭庄(北投新奥购物中心店),北投新奥购物中心负一层西食街 | 营业时间:周一至周日 11:00-21:00 2026-05-01至2026-05-05 周一至周日 11:00-21:00 | 电话:010-62441688,2.9,4.6,116,http://store.is.autonavi.com/showpic/abb364f8b6cae4f88c688a9d00904c86,116.39425,39.999069
,723,,刘二姐襄阳牛肉面(鸟巢店),牛肉,刘二姐襄阳牛肉面(鸟巢店),北京城区天辰东路12号1幢-1层-102内E2刘二姐襄阳牛肉面鸟巢店 | 营业时间:周一至周日 10:00-21:00 | 电话:13801264273,8.5,4.5,26,https://store.is.autonavi.com/showpic/88071b77959715e10000000719584510?type=pic,116.392725,40.000175
,723,,山西特色美食(北投新奥购物中心店),肉夹馍,山西特色美食(北投新奥购物中心店),湖景东路9号北投新奥购物中心1F层 | 营业时间:周一至周日 10:00-22:00 | 电话:18735922882,2.6,4,28,https://aos-comment.amap.com/B0KRG7D1HS/comment/c1ac6e29-20f6-4b43-a81e-3153e35d4316.png,116.392661,39.999951
,723,,吉哆仔自助小火锅(奥林匹克店),自助小火锅,吉哆仔自助小火锅(奥林匹克店),北京城区奥林匹克公园地下美食街 | 营业时间:周一 10:00-21:30；周二至周日 10:30-21:30 | 电话:15510585725,6,4.4,56,https://store.is.autonavi.com/showpic/7767de288dd64cfb0000000719602441?type=pic,116.392925,40.000175
,723,,郑好食·馄饨王水饺(新奥购物中心店),馄饨王,郑好食·馄饨王水饺(新奥购物中心店),国家体育场北路与湖景西路交叉口西北140米,8.1,1.8,28,,116.394279,39.999154
,723,,印象巴渝麻辣香锅(新奥购物中心店),麻辣香锅,印象巴渝麻辣香锅(新奥购物中心店),湖景东路11号新奥广场B1楼食美汇美食广场内,9.6,1.7,113,,116.394334,39.999058
,724,,德比咖啡,咖啡厅,德比咖啡,北四环东路辅路与北四环东路入口交叉口西南200米,1.8,2.3,0,,116.447437,39.983248
,724,,玫瑰里.卓洱,咖啡厅,玫瑰里.卓洱,太阳宫北街2号院 | 营业时间:周一至周日 08:30-02:00 | 电话:15801598585,2.1,4.6,55,https://store.is.autonavi.com/showpic/e36fb78d4095deec0000002380950893?type=pic,116.44411,39.984244
,725,,21GRAMS COFFEE(四惠店),coffee,21GRAMS COFFEE(四惠店),通惠家园惠润园5号楼1层04-2商业 | 营业时间:周一至周日 10:00-19:00 | 电话:18518774813,6.9,4.1,26,http://store.is.autonavi.com/showpic/0f91d71b28fe3b7d458438c21bb84327,116.504342,39.908837
,725,,东方红酒窖,中餐厅,东方红酒窖,高碑店通惠河畔1071-1号 | 营业时间:周一至周日 09:30-23:00 | 电话:010-67399999,7.5,4.8,0,https://aos-comment.amap.com/B0FFFGSUQP/comment/content_media_external_file_100001638_1763855965230_63762945.jpg,116.505298,39.905591
,725,,海宴园林餐厅(海公馆),刺身,海宴园林餐厅(海公馆),"高碑店乡通惠河南街108号 | 营业时间:周一至周日 10:30-14:00,16:30-21:30 | 电话:010-87703360",2.5,4.5,386,https://aos-comment.amap.com/B0FFGNTMXC/comment/915275b6e5de1e1e8d674add739d9a5d_2048_2048_80.jpg,116.503418,39.904719
,725,,顺鼎记顺德菜(四惠店),双人餐,顺鼎记顺德菜(四惠店),"菩提园北门东290米 | 营业时间:周一至周日 10:30-14:00,17:00-22:00 2026-02-15至2026-02-23 周一至周日 全天关闭 | 电话:13718859913",7.6,4.6,103,https://aos-comment.amap.com/B0IGY7KX1F/comment/content_media_external_file_62179_ss__1759553169552_73148175.jpg,116.508989,39.905835
,725,,蒙宴·铜锅涮(四惠店),火锅店,蒙宴·铜锅涮(四惠店),"惠河南街1065号 | 营业时间:周一至周日 10:00-14:00,17:00-21:00 | 电话:010-53913955",9.7,4,56,https://aos-comment.amap.com/B0L0SRKYGA/comment/291C39DA_DB94_4BE2_9B73_16A76E35109E_L0_001_1500_200_1772783364977_04349533.jpg,116.506772,39.905824
,725,,56顶毡房,牛肉,56顶毡房,"北京城区四惠东地铁站惠河南街1065号 | 营业时间:周一至周日 11:00-14:00,17:00-21:00 | 电话:15711488956",4.7,4.6,0,https://store.is.autonavi.com/showpic/96c64f08cd5b4d6353af1ae54ebdce3a,116.506759,39.905815
,727,,798 COFFEE&商店(三里屯店),coffee,798 COFFEE&商店(三里屯店),三里屯西五街与三里屯北小街交叉口东60米 | 营业时间:周一至周日 07:00-19:00,0.1,4.3,41,https://aos-comment.amap.com/B0L0O5I6SB/comment/content_media_external_file_100013900_1773123535194_63387624.jpg,116.453025,39.942625
,727,,MOVE ON,卡布奇诺,MOVE ON,"三里屯北小街1号 | 营业时间:周六至周日11:00-19:00,周一至周五08:00-20:00,2026-02-2311:00-19:00 | 电话:18310094881",2.7,4.6,61,https://store.is.autonavi.com/showpic/824605ad90a0c13a830491f3a42a63e6,116.4526,39.942768
,727,,SAMOSA中巴友谊餐厅(三里屯店),双人餐,SAMOSA中巴友谊餐厅(三里屯店),"东直门外大街12号(亚朵酒店内一层) | 营业时间:周一至周日 11:30-15:00,17:00-22:00 | 电话:13121718795",6.3,4.5,89,https://aos-comment.amap.com/B0K2POCS9Y/comment/3A98E583_966E_4822_9461_56856D780A72_L0_001_2000_1500_1740120350517_50310524.jpg,116.454552,39.940889
,727,,亩尺七MUTSUKI Cafe&Yard,咖啡厅,亩尺七MUTSUKI Cafe&Yard,三里屯北小街1号 | 营业时间:周一至周日 10:30-19:00,3.1,4.5,23,https://aos-comment.amap.com/B0M63XAZH4/comment/C5787DCE_517F_40DA_A22D_52F26C25FCD9_L0_001_1512_201_1769743157555_56067063.jpg,116.453099,39.943599
,727,,肯悦咖啡蓝桥店,咖啡厅,肯悦咖啡蓝桥店,三里屯路南27号楼 | 营业时间:周一至周日 07:00-22:00 2026-05-01至2026-05-05 周一至周日 07:00-22:00 | 电话:18101338565,6.4,3.3,39,https://aos-comment.amap.com/B0KKXD20E0/comment/content_media_external_images_media_78049_ss__1770349792369_24011895.jpg,116.455421,39.939213
,727,,GeezCafe集思啡馆,手冲咖啡,GeezCafe集思啡馆,"三里屯西六街6号 | 营业时间:周一至周四,周六至周日 09:30-18:00；周五 09:30-23:00 | 电话:17610431121",8.5,4.6,40,https://aos-comment.amap.com/B0JUF9T33M/comment/ED35183D_AE45_41DA_BF9B_0DEF78A1651B_L0_001_1500_2000_1741868413894_29996604.jpg,116.453874,39.943841
,727,,金谷仓,担担面,金谷仓,三里屯北小街与西五路交叉口 | 营业时间:周一至周日 10:00-22:30 2026-02-15至2026-02-23 周一至周日 全天关闭 | 电话:010-64637389,3.9,4.5,120,https://aos-comment.amap.com/B0FFI1UJDX/comment/1BA04AEB_5362_4487_9467_BEDC3B8407EB_L0_001_1536_204_1762138328946_97496178.jpg,116.452598,39.942621
,727,,Cafe Flatwhite 福来西餐(塔园外交公寓店),拿铁,Cafe Flatwhite 福来西餐(塔园外交公寓店),北京城区新东路1号塔园外交公寓6-2-1-2 | 营业时间:周一至周五 08:00-21:00；周六至周日 09:00-21:00 | 电话:010-85321992,4.4,4.6,75,http://store.is.autonavi.com/showpic/bcfbbcf15f6db366d494c6c25c70525b,116.449915,39.945256
,727,,潭月烧鹅(三里屯太古里北区店),杨枝甘露,潭月烧鹅(三里屯太古里北区店),"北京城区三里屯路19号三里屯太古里北区LG层NLG-09a | 营业时间:周一至周日 11:30-14:00,17:30-21:00 | 电话:010-84059196;13260238153",1,4.6,203,http://store.is.autonavi.com/showpic/4bab4a1d0eaedc82c1c3565a34231ee2,116.454937,39.939022
,727,,panino TecA,柠檬,panino TecA,三里屯北小街1号 | 营业时间:周一至周日 08:30-22:00 | 电话:010-84541797,3.1,4.5,81,https://aos-comment.amap.com/B000A84K1M/comment/06cc42c2d0d36ef51b2d36a2c0e47a71_2048_2048_80.jpg,116.452578,39.943947
,727,,凯珍餐厅,炒饭,凯珍餐厅,三里屯路北三里屯24号楼1层106室 | 营业时间:周一至周日 10:00-21:30 | 电话:010-60240024;18518030024,0.7,4.7,111,http://store.is.autonavi.com/showpic/ce1df1e4e93e515dd48f431cff7df8cd,116.455086,39.939371
,727,,宴三里,米粥,宴三里,"三里屯北小街2号2层 | 营业时间:周一至周日 11:00-14:00,17:00-21:00 | 电话:13260102745",0.7,4.5,776,https://aos-comment.amap.com/B0HK55JGPB/comment/content_media_external_file_218861_ss__1759812952143_47742726.jpg,116.452807,39.945873
,727,,一坐一忘云南菜(三里屯店),香茅草烤罗非鱼,一坐一忘云南菜(三里屯店),"北京城区幸福三村北街1号 | 营业时间:周一至周四 11:00-16:00,17:00-21:30；周五至周日 11:00-15:00,17:00-21:30 | 电话:010-84540086",8,4.7,113,http://store.is.autonavi.com/showpic/26cf055ea8a4320e82a961ef17a9252b,116.452563,39.943521
,727,,Bocata,鸡肉,Bocata,"东直门外大街12号东门小楼1层卡塔尔大使官邸对面 | 营业时间:周一至周四,周日 11:00-23:00；周五至周六 11:00-24:00 | 电话:010-64175291",6.9,4.6,129,http://store.is.autonavi.com/showpic/37289c4f9391db1d75020c88242fd577,116.45512,39.940913
,729,,Care壳儿·爱的博物馆餐厅,下午茶,Care壳儿·爱的博物馆餐厅,798艺术区北4门旁 | 营业时间:周一至周日 10:00-21:00 | 电话:13381072888,0.2,3.8,190,https://aos-comment.amap.com/B0GR2CB3RU/comment/content_media_external_images_media_35895_1656601949980_b1c970be.jpg,116.496193,39.987656
,729,,铃木商店,堂食,铃木商店,酒仙桥北路9号院 | 营业时间:周一至周日 11:30-21:30 | 电话:18301309002,1.9,4.5,90,https://aos-comment.amap.com/B0HAA76AQP/comment/content_media_external_images_media_320925_ss__1732799469113_79100855.jpg,116.495349,39.987072
,729,,%Arabica阿拉比卡咖啡(北京798木木美术馆店),柠檬茶,%Arabica阿拉比卡咖啡(北京798木木美术馆店),酒仙桥路2号798艺术区D-06号 | 营业时间:周一至周日 07:30-20:30 | 电话:19921334245,1.3,4.5,47,https://aos-comment.amap.com/B0GRJ7NVVG/comment/6199f70c38e02620b4e563a1a64d5014_2048_2048_80.jpg,116.495297,39.986127
,729,,椒椒牛肋面馆(798店),椒椒牛肋面,椒椒牛肋面馆(798店),北京城区酒仙桥路4号798·751园区(东北角) | 营业时间:周一至周日 11:00-20:00 | 电话:15711284880,8.1,3.8,34,https://store.is.autonavi.com/showpic/ac8e452f923cf7de0000001893188094?type=pic,116.497401,39.986918
,729,,小万食堂(798艺术区店),烤羊肉筋,小万食堂(798艺术区店),798艺术区二号路B区十号(靠近大烟囱) | 营业时间:周一至周日 11:00-21:30 | 电话:13522522350;15801304356,4.6,4.6,87,https://aos-comment.amap.com/B000A81G0I/comment/41ea6130f4fdb1ad4d498d24d776002c_2048_2048_80.jpg,116.497942,39.986677
,729,,胶东刘妈妈肉汁饺子(798店),玉米,胶东刘妈妈肉汁饺子(798店),"798艺术园区3818库-004 | 营业时间:周一至周五 10:30-14:00,16:30-20:30；周六至周日 10:30-20:30 2026-02-14至2026-02-23 周一至周日 全天关闭 | 电话:15953551403",9.3,4.7,49,https://aos-comment.amap.com/B0KDHDKTUB/comment/C31702D2_5786_4052_B769_8D1DB5CB0A32_L0_001_2000_150_1761029195127_95800521.jpg,116.49594,39.985808
,732,,古哥哥麻辣烫串串(樱花东街店),烤面筋,古哥哥麻辣烫串串(樱花东街店),樱花园东街与北三环东路辅路交叉口北140米 | 营业时间:周一至周日 10:30-00:30 | 电话:18235987127,6.7,3.7,38,https://store.is.autonavi.com/showpic/9e503b3f3bad17832cdc259853b67c8f,116.425074,39.970804
,732,,沙县小吃(樱花园东街店),特色/地方风味餐厅,沙县小吃(樱花园东街店),樱花东街9号楼底商5单元,9.3,3.9,26,https://store.is.autonavi.com/showpic/c46f18a511fb48fa505538b55619bcee,116.425074,39.970804
,732,,巴依老爷新疆美食(和平东桥店),老爷自制酸奶,巴依老爷新疆美食(和平东桥店),樱花东街14号底商2商铺(一层) | 营业时间:周一至周日 11:00-23:00 | 电话:010-84281816,7,4.6,63,https://aos-comment.amap.com/B0G1MMVR1T/comment/content_media_external_file_288860_ss__1765194777729_94555367.jpg,116.425175,39.970059
,732,,毕派克咖啡,自助餐,毕派克咖啡,樱花园东街12号(近中日友好医院) | 营业时间:周一至周日 06:30-22:30 2026-02-14至2026-02-23 周一至周日 全天关闭 | 电话:010-64262184;13661085314,8.3,4.5,73,http://store.is.autonavi.com/showpic/7601a53f79537399083d8317d0693473,116.425089,39.970486
,732,,汇京楼烤鸭店,酸菜鱼,汇京楼烤鸭店,"樱花园东街12号 | 营业时间:10:00-21:30,2026-02-23至2026-12-31 09:00-21:30 | 电话:13263373617",4.2,4.5,95,https://store.is.autonavi.com/showpic/5e2936793e910b9f5f908cd72330a33e,116.425079,39.970685
,736,,PEBBLE COFFEE,coffee,PEBBLE COFFEE,东大桥路8号SOHO尚都西塔外围下沉广场B102 | 营业时间:周一至周日 10:00-19:00 2026-02-12至2026-02-23 周一至周日 全天关闭 | 电话:010-65915887,7.6,4.5,52,http://store.is.autonavi.com/showpic/e75e2d7c1c570bbaa061fbaeb522fbe9,116.451043,39.919055
,736,,星巴克(北京芳草地大厦二店),三明治,星巴克(北京芳草地大厦二店),朝外街道东大桥路9号一层101单元L1-AB1 | 营业时间:周一至周五 07:00-22:00；周六至周日 08:30-22:00 | 电话:010-85618513,9.9,4.6,30,http://store.is.autonavi.com/showpic/ec3440dbf3d8f9de23da5c7a0cf58ad7,116.449118,39.919877
,736,,illy(北京侨福芳草地购物中心店),下午茶,illy(北京侨福芳草地购物中心店),东大桥路9号侨福芳草地L2-05号 | 营业时间:周一至周日 08:00-21:30 | 电话:010-85631085,7.2,4.2,56,https://aos-comment.amap.com/B0FFI78TEL/comment/content_media_external_images_media_57007_ss__1741682933701_88305692.jpg,116.449034,39.919754
,736,,特勒昆·蒙古手把肉·精酿(东大桥店),内蒙羊杂汤,特勒昆·蒙古手把肉·精酿(东大桥店),"东大桥8号院尚都西塔3层1330 | 营业时间:周一至周日 10:30-14:00,17:00-22:00 2026-02-14至2026-02-23 全天关闭 | 电话:13520288919",2.6,4.5,132,http://store.is.autonavi.com/showpic/a28db5b3c36042c95fbdee7e01bc9194,116.45139,39.918603
,736,,闽滋味泉州老馆,双人餐,闽滋味泉州老馆,东大桥路8号院2号楼1层1123 | 营业时间:周一至周日 11:00-21:00 2026-02-13至2026-02-28 周一至周日 全天关闭 | 电话:13146364260,2.1,4.4,52,https://aos-comment.amap.com/B0KK9HI949/comment/20260312-8e0dd42a9f42630ddc4fec6c-AfERh7gisCI8Br0zm1vdVC.jpg,116.450962,39.918981
,736,,意利咖啡(北京侨福芳草地购物中心店),咖啡厅,意利咖啡(北京侨福芳草地购物中心店),东大桥路9号北京侨福芳草地购物中心,1.7,3.5,0,,116.448875,39.919525
,736,,盖码帮·长沙现炒盖码饭·小炒(SOHO尚都西塔店),堂食,盖码帮·长沙现炒盖码饭·小炒(SOHO尚都西塔店),SOHO尚都西塔 | 营业时间:周一至周日 10:30-21:00 2026-02-14至2026-02-23 周一至周日 全天关闭 | 电话:17607327717,3.8,4.4,57,https://aos-comment.amap.com/B0KUVMH143/comment/2d336b0a622549d4f85e5461f9700d8b_2048_2048_80.jpg,116.45073,39.918836
,736,,度小月·台湾菜(侨福芳草地购物中心店),油条,度小月·台湾菜(侨福芳草地购物中心店),东大桥路9号侨福芳草地LG2 | 营业时间:周一至周日 11:00-21:30 | 电话:010-85631105,8.4,4.3,95,https://store.is.autonavi.com/showpic/bf9817737908e8d7b6e6b9084e82cf0a,116.448303,39.919263
,736,,满福楼(侨福店),牛肉,满福楼(侨福店),北京城区东大桥路9号侨福芳草地购物中心LG2-01 | 营业时间:周一至周日 10:30-22:00 | 电话:010-64053088,3.9,4.7,136,https://store.is.autonavi.com/showpic/9be2f3183c1ff2420000002318054146?type=pic,116.449071,39.919443
,736,,瑞幸咖啡(尚都国际店),美式,瑞幸咖啡(尚都国际店),东大桥路8号院1号楼尚都国际一层西北大堂113A号 | 营业时间:周一至周五 07:00-20:00；周六至周日 08:00-18:00 | 电话:4000100100,4.4,4.5,13,https://store.is.autonavi.com/showpic/c287706810a95e84ab635a931ccf264d?operate=original,116.451493,39.919407
,736,,吉晟居砂锅面(SOHO尚都西塔店),麻辣烫,吉晟居砂锅面(SOHO尚都西塔店),SOHO尚都西塔一层1101 | 营业时间:周一至周日 10:30-21:00 | 电话:18612644320,1.3,4.6,31,https://aos-comment.amap.com/B0J1THIG97/comment/eb5c19bfa3a09e806ef3ff36cbafa035_2048_2048_80.jpg,116.450985,39.91905
,737,,PEBBLE COFFEE,coffee,PEBBLE COFFEE,东大桥路8号SOHO尚都西塔外围下沉广场B102 | 营业时间:周一至周日 10:00-19:00 2026-02-12至2026-02-23 周一至周日 全天关闭 | 电话:010-65915887,3.6,4.5,52,http://store.is.autonavi.com/showpic/e75e2d7c1c570bbaa061fbaeb522fbe9,116.451043,39.919055
,737,,luckin coffee 瑞幸咖啡(北京侨福芳草地大厦店),coffee,luckin coffee 瑞幸咖啡(北京侨福芳草地大厦店),北京城区芳草地北巷与化家胡同交叉口东南60米 | 营业时间:周六 10:00-21:30；周日 10:00-21:30；周一至周五 08:00-21:30 | 电话:4000100100,3.3,4.2,13,https://store.is.autonavi.com/showpic/135a4f41350376620000002041612670?type=pic,116.449175,39.919975
,737,,星巴克(北京芳草地大厦二店),三明治,星巴克(北京芳草地大厦二店),朝外街道东大桥路9号一层101单元L1-AB1 | 营业时间:周一至周五 07:00-22:00；周六至周日 08:30-22:00 | 电话:010-85618513,7.5,4.6,30,http://store.is.autonavi.com/showpic/ec3440dbf3d8f9de23da5c7a0cf58ad7,116.449118,39.919877
,737,,illy(北京侨福芳草地购物中心店),下午茶,illy(北京侨福芳草地购物中心店),东大桥路9号侨福芳草地L2-05号 | 营业时间:周一至周日 08:00-21:30 | 电话:010-85631085,7.4,4.2,56,https://aos-comment.amap.com/B0FFI78TEL/comment/content_media_external_images_media_57007_ss__1741682933701_88305692.jpg,116.449034,39.919754
,737,,特勒昆·蒙古手把肉·精酿(东大桥店),内蒙羊杂汤,特勒昆·蒙古手把肉·精酿(东大桥店),"东大桥8号院尚都西塔3层1330 | 营业时间:周一至周日 10:30-14:00,17:00-22:00 2026-02-14至2026-02-23 全天关闭 | 电话:13520288919",9,4.5,132,http://store.is.autonavi.com/showpic/a28db5b3c36042c95fbdee7e01bc9194,116.45139,39.918603
,737,,闽滋味泉州老馆,双人餐,闽滋味泉州老馆,东大桥路8号院2号楼1层1123 | 营业时间:周一至周日 11:00-21:00 2026-02-13至2026-02-28 周一至周日 全天关闭 | 电话:13146364260,6.3,4.4,52,https://aos-comment.amap.com/B0KK9HI949/comment/20260312-8e0dd42a9f42630ddc4fec6c-AfERh7gisCI8Br0zm1vdVC.jpg,116.450962,39.918981
,737,,意利咖啡(北京侨福芳草地购物中心店),咖啡厅,意利咖啡(北京侨福芳草地购物中心店),东大桥路9号北京侨福芳草地购物中心,1,3.5,0,,116.448875,39.919525
,737,,盖码帮·长沙现炒盖码饭·小炒(SOHO尚都西塔店),堂食,盖码帮·长沙现炒盖码饭·小炒(SOHO尚都西塔店),SOHO尚都西塔 | 营业时间:周一至周日 10:30-21:00 2026-02-14至2026-02-23 周一至周日 全天关闭 | 电话:17607327717,2.6,4.4,57,https://aos-comment.amap.com/B0KUVMH143/comment/2d336b0a622549d4f85e5461f9700d8b_2048_2048_80.jpg,116.45073,39.918836
,737,,度小月·台湾菜(侨福芳草地购物中心店),油条,度小月·台湾菜(侨福芳草地购物中心店),东大桥路9号侨福芳草地LG2 | 营业时间:周一至周日 11:00-21:30 | 电话:010-85631105,2.2,4.3,95,https://store.is.autonavi.com/showpic/bf9817737908e8d7b6e6b9084e82cf0a,116.448303,39.919263
,737,,满福楼(侨福店),牛肉,满福楼(侨福店),北京城区东大桥路9号侨福芳草地购物中心LG2-01 | 营业时间:周一至周日 10:30-22:00 | 电话:010-64053088,7,4.7,136,https://store.is.autonavi.com/showpic/9be2f3183c1ff2420000002318054146?type=pic,116.449071,39.919443
,737,,江宁府·生煎(SOHO尚都西塔店),生煎,江宁府·生煎(SOHO尚都西塔店),北京城区东大桥路8号SOHO·尚都西塔F1层W1135 | 营业时间:周一至周日 07:30-23:00 | 电话:13241160706;18832243668,5.3,4.1,22,https://aos-comment.amap.com/B0FFK88EQ8/comment/DF0337ED_A627_4CF0_B9DC_E74437D7A788_L0_001_1500_200_1770453563893_84441072.jpg,116.451558,39.918958
,737,,武圣羊汤·西北面(SOHO尚都店),素菜,武圣羊汤·西北面(SOHO尚都店),东大桥路8号SOHO尚都西塔F1层 | 营业时间:周一至周日 07:00-11:30 | 电话:17777869262,4.3,4.2,32,http://store.is.autonavi.com/showpic/ef7f8fddc83aac3753b85971265603b5,116.451131,39.919037
,737,,瑞幸咖啡(尚都国际店),美式,瑞幸咖啡(尚都国际店),东大桥路8号院1号楼尚都国际一层西北大堂113A号 | 营业时间:周一至周五 07:00-20:00；周六至周日 08:00-18:00 | 电话:4000100100,0.2,4.5,13,https://store.is.autonavi.com/showpic/c287706810a95e84ab635a931ccf264d?operate=original,116.451493,39.919407
,737,,Roof Cafe饮冰室(北京侨福芳草地购物中心),美式咖啡,Roof Cafe饮冰室(北京侨福芳草地购物中心),东大桥路9号北京侨福芳草地购物中心L10层L10-01 | 营业时间:周一至周日 10:00-19:00 | 电话:010-56628530,6.1,4.5,46,https://aos-comment.amap.com/B0FFHU8I2H/comment/48763885dc7305f228ef533672dd2d70_2048_2048_80.jpg,116.448343,39.919844
,737,,吉晟居砂锅面(SOHO尚都西塔店),麻辣烫,吉晟居砂锅面(SOHO尚都西塔店),SOHO尚都西塔一层1101 | 营业时间:周一至周日 10:30-21:00 | 电话:18612644320,8,4.6,31,https://aos-comment.amap.com/B0J1THIG97/comment/eb5c19bfa3a09e806ef3ff36cbafa035_2048_2048_80.jpg,116.450985,39.91905
,739,,luckin coffee 瑞幸咖啡(竞园国际影像产业基地店),coffee,luckin coffee 瑞幸咖啡(竞园国际影像产业基地店),北京城区竞园艺术中心11号附近 | 营业时间:周一至周五 07:30-18:30；周六 07:30-19:30；周日 08:00-18:00 | 电话:4000100100,7.3,4.6,13,https://store.is.autonavi.com/showpic/c287706810a95e84ab635a931ccf264d?operate=original,116.510616,39.895208
,739,,快餐东北菜,东北菜,快餐东北菜,广渠路北侧方家村高架铁路桥西侧116号A区一层内13 | 营业时间:周一至周日 10:00-20:00 | 电话:15810132428,2.1,3.6,24,http://store.is.autonavi.com/showpic/5f130566d6f7ac3dbc7f0747405524d0,116.508808,39.893845
,739,,家予润手工水饺,单人餐,家予润手工水饺,广渠路与广渠东路交叉口北120米 | 电话:18834834763,6.7,3.2,17,http://store.is.autonavi.com/showpic/422f8105540c3d2ef4c73c45bb66c9ed,116.50878,39.893964
,739,,麦田归来·轻食拌饭(四惠店),单人餐,麦田归来·轻食拌饭(四惠店),广渠路3号竞园国际影像产业基地F1层 | 营业时间:周一至周日 08:30-20:30 | 电话:18510673978,7.9,4.1,24,http://store.is.autonavi.com/showpic/9de1ab8c726531e625b2f9f902a76405,116.510609,39.895448
,739,,世纪民福南门涮肉(百子湾店),火锅店,世纪民福南门涮肉(百子湾店),"北京城区广渠路5号 | 营业时间:周一至周日 10:00-14:00,17:00-22:00 | 电话:13020095709",4,4.3,70,https://aos-comment.amap.com/9f73de4ea63029e6e7547991/comment/content_service__1771395913107_22069507_1771396046999_68538225.jpg,116.511225,39.893475
,739,,唐尧烧烤(百子湾店),特色/地方风味餐厅,唐尧烧烤(百子湾店),广渠东路唐家村5号 | 营业时间:周一至周日 17:00-24:00 | 电话:15801031002,8.2,4,45,http://store.is.autonavi.com/showpic/44b43766aa342aa9ff0664e34d727d0e,116.509238,39.893326
,739,,后巷串吧(百子湾店),羊肉串,后巷串吧(百子湾店),广渠路与广渠东路交叉口东200米 | 营业时间:周一至周日 17:00-03:00 | 电话:18516814656,3.2,3.8,63,https://store.is.autonavi.com/showpic/bcffd2e2f219902c7cb6feb21ec418ec,116.51107,39.893518
,739,,龙娃炭烤羊腿(百子湾店),肉串,龙娃炭烤羊腿(百子湾店),广渠路唐家村5号竞园往西150米 | 营业时间:周一至周日 15:00-24:00 | 电话:010-87215766,5.7,4.3,81,https://aos-comment.amap.com/B0FFGCXSO5/comment/12CB6FF2_49F8_40D4_AA05_05130F338E06_L0_001_1440_1080_1763801356086_87860871.jpg,116.509764,39.893343
,739,,南小街京味小馆,鸡肉,南小街京味小馆,广渠路与广百西路交叉口东220米 | 电话:15011513175,8.5,3.3,50,http://store.is.autonavi.com/showpic/d2051b8dd6d967b2652a969aafa37a79,116.509906,39.893352
,739,,烤炉鸡蛋灌饼,鸡蛋灌饼,烤炉鸡蛋灌饼,广渠路与广百西路交叉口东200米 | 营业时间:周一至周日 06:00-22:30,3.2,3.4,9,https://store.is.autonavi.com/showpic/219c140851b83ed1437605cc28370b96,116.509796,39.893347
,741,,沐甘泽Coffee(央美店),coffee,沐甘泽Coffee(央美店),花家地南街与自来水厂北路交叉口西北280米 | 营业时间:周一至周日 09:00-22:00,8.9,3.8,23,https://aos-comment.amap.com/B0KU5ZPIXQ/comment/D31E386F_C1E4_4465_81B0_6A2A2E0A6FA0_L0_001_1536_204_1767878634809_40142859.jpg,116.464425,39.983575
,741,,大碗先生,中餐厅,大碗先生,花家地南街与自来水厂北路交叉口西北300米,7.6,3.5,46,,116.463925,39.983475
,741,,阿彩妹鲜烫牛肉米线(望京花家地店),中餐厅,阿彩妹鲜烫牛肉米线(望京花家地店),望京花家地1号楼1层101内1 | 营业时间:周一至周日 10:00-22:00 | 电话:15210731916,5,3.8,33,https://aos-comment.amap.com/B0MB4HYN43/comment/content_media_external_file_10682_1772349742459_10451115.jpg,116.468493,39.985425
,741,,老重庆地摊火锅,火锅店,老重庆地摊火锅,北京城区花家地1号楼01层101内03 | 电话:13172158721,4.2,3.9,80,https://store.is.autonavi.com/showpic/046ba9817fe2e60f9dfb5cd907ec1604,116.468479,39.985391
,741,,中央美术学院3食堂,特色小吃,中央美术学院3食堂,"中央美术学院19号楼 | 营业时间:周一至周日 07:00-09:00,11:00-13:00；周一至周日 17:00-19:00",1.5,4.4,19,https://aos-comment.amap.com/B0FFH1IEL6/comment/0d4115c57f53216252b48043ae485015_2048_2048_80.jpg,116.462186,39.985331
,741,,宽板凳老灶火锅(望京花家地店),金针肥牛,宽板凳老灶火锅(望京花家地店),花家地南街花家地小区十六号楼底 | 营业时间:周一至周日 11:00-23:00 2026-02-13至2026-02-25 周一至周日 全天关闭 | 电话:17610166299,8.4,4.6,126,https://aos-comment.amap.com/B0FFFS40JI/comment/74ff08dad7893b037bc5d29ae6bd58db_2048_2048_80.jpg,116.46827,39.98384
,741,,淮扬菜·熟食面点,面点,淮扬菜·熟食面点,望花路与花家地街交叉口西南100米,0.6,2.9,28,http://store.is.autonavi.com/showpic/e98cf49c9a8f039c43773e7b18d8389e,116.468388,39.985324
,743,,Manner Coffee(北京751店),coffee,Manner Coffee(北京751店),797路与706北一街交叉口南200米 | 营业时间:周一至周五 07:00-16:30；周六至周日 07:00-19:00 | 电话:18621192164,5.5,2.1,20,https://store.is.autonavi.com/showpic/b9be01f3535eb4010000002469900214?type=pic,116.496219,39.984402
,743,,Tims天好咖啡(798艺术区捷枫店),全麦贝果,Tims天好咖啡(798艺术区捷枫店),酒仙桥2号院内11所39号楼 | 营业时间:周一至周日 07:00-22:00 | 电话:15810066970,6,3.7,28,http://store.is.autonavi.com/showpic/f38ff6d0298564dfbf670fb354c06b0f,116.495347,39.984872
,743,,树上咖啡,卡布奇诺,树上咖啡,北京城区酒仙桥路4号北京798艺术区中二街 | 营业时间:周一至周日 09:00-21:00 | 电话:15863158338,3.8,4.3,51,https://aos-comment.amap.com/B000A874V7/comment/content_media_external_file_100002770_1772345721072_41146474.jpg,116.495325,39.984413
,743,,星粤·廣東顺德菜(798店),双人餐,星粤·廣東顺德菜(798店),酒仙桥街道798艺术中心(尤伦斯当代对面) | 营业时间:周一至周日 10:00-21:30 | 电话:15041874760,6,4.3,82,https://aos-comment.amap.com/B0I1CXKF4T/comment/content_media_external_file_37697_ss__1747631085653_02076898.jpg,116.495154,39.984444
,743,,at cafe,意面,at cafe,酒仙桥路4号北京798艺术区(东南角) | 营业时间:周一至周日 10:00-21:00 | 电话:010-59789942;18911261615,5.9,4.5,76,http://store.is.autonavi.com/showpic/f763caf2182f8e5c4dabd997fae7dcf3,116.496383,39.983998
,743,,Peet's Coffee皮爷咖啡(UCCA店),摘星芝士蛋糕,Peet's Coffee皮爷咖啡(UCCA店),北京城区酒仙桥路4号798艺术区内尤伦斯当代艺术中心 | 营业时间:周一至周五 10:00-18:30；周六至周日 09:00-18:30 2026-02-15至2026-02-20 周一至周日 全天关闭；2026-02-23至2026-02-23 周一至周日 09:00-18:30 | 电话:13269429326,1.9,4.5,44,https://aos-comment.amap.com/B0J1TSCN6Y/comment/content_media_external_images_media_1000047152_ss__1753938468173_60733502.jpg,116.494949,39.984182
,743,,万小馆川菜(北京798店),素菜,万小馆川菜(北京798店),酒仙桥2号798艺术区中二街 | 营业时间:周一至周日 10:30-21:30 2026-02-14至2026-02-23 周一至周日 全天关闭 | 电话:010-57626142;17701045978,6.2,4.5,75,https://aos-comment.amap.com/B0FFIESCVI/comment/content_media_external_file_43408_ss__1765009042214_44706979.jpg,116.495347,39.984872
,743,,宽饭(798店),腊味煲仔饭,宽饭(798店),北京城区酒仙桥路4号798艺术区东街南口(火车头广场方向) | 营业时间:周一至周日 10:00-21:00 | 电话:010-57161896;13522837940,5.6,4.5,61,https://aos-comment.amap.com/B0FFFVN09J/headerImg/781620401ba162bd720a89abb9644fd3_2048_2048_80.jpg,116.496321,39.984648
,744,,永全红烧牛肉面·烧饼夹肘子,烧饼夹肘子,永全红烧牛肉面·烧饼夹肘子,北皋路与京旺东路交叉口东北40米 | 营业时间:周一至周日 10:00-21:00 | 电话:15811146141,5.3,3.8,20,https://store.is.autonavi.com/showpic/920dea274c21042b0dcfd31587ac67e3,116.530125,40.007525
,744,,刘记·羊汤(京旺家园店),肚包肉,刘记·羊汤(京旺家园店),崔各庄乡京旺家园1区B2-8号楼一层西13门 | 营业时间:周一至周日 09:00-21:00 | 电话:13621035869,3.1,4.3,20,https://store.is.autonavi.com/showpic/2fd1428d7de3d95e88ec449866340c87,116.532088,40.007835
,744,,鑫旺居(京旺家园一区店),锅包肉,鑫旺居(京旺家园一区店),崔各庄乡京旺家园一区14号楼独栋一层2-4门 | 营业时间:周一至周日 09:00-22:00 | 电话:010-52663855,8.7,4.5,78,https://store.is.autonavi.com/showpic/63f1dcd523da2c7b0000002348752616?type=pic,116.529894,40.007812
,744,,鲜鲜烤鱼,香辣烤鱼,鲜鲜烤鱼,京旺家园一区西门南100米 | 营业时间:周一至周日 10:30-22:30 | 电话:13401031240;15117967628,0.1,3.9,80,https://store.is.autonavi.com/showpic/1b1e899c43add44b2a0d7cb11ec7a931,116.529825,40.008225
,744,,武家小馆(京旺家园一区店),鸡爪,武家小馆(京旺家园一区店),梓林路京旺家园一区7号楼底商 | 营业时间:周一至周日 09:30-23:00 | 电话:13911366333;15801201595,6.8,3.8,64,,116.532279,40.008719
,745,,蟹兴楼(蟹岛店),爆三样,蟹兴楼(蟹岛店),蟹岛冰雪大世界入口西南100米 | 营业时间:09:30-14:00；每天17:00-21:00 | 电话:010-84324707;010-84324708;13051057819,6.2,3.3,95,http://aos-cdn-image.amap.com/sns/ugccomment/222d81d4-9c06-414b-a08b-051d4dd66d46.jpg,116.547433,40.017249
,745,,蟹岛婚恋之梦,综合酒楼,蟹岛婚恋之梦,蟹岛路1号蟹岛度假村内(近机场高速苇沟出口) | 营业时间:周一至周日 10:00-18:00 | 电话:010-84324696;010-84324910;010-84335311,6.4,4.4,505,http://store.is.autonavi.com/showpic/a71269253a7b094fa77c5c2080fc54d2,116.547044,40.018332
,748,,VOYAGE COFFEE,coffee,VOYAGE COFFEE,酒仙桥路798艺术区陶瓷三街南口往东15米院内 | 营业时间:周一至周日 10:00-18:00 | 电话:15600656798;18501929206,4.4,4.7,46,https://aos-comment.amap.com/comment/content_service__1769329990192_27748232_1769330806022_72567054.jpg,116.496017,39.982619
,748,,有肉食·虎九闽菜(798艺术区店),中餐厅,有肉食·虎九闽菜(798艺术区店),七星西街与798路交叉口东南120米 | 营业时间:周一至周日 09:00-21:00,7.4,1.8,74,,116.494125,39.983225
,748,,渝小厨,中餐厅,渝小厨,酒仙桥路4号798艺术区内(南侧) | 营业时间:周一至周日 09:00-22:00 | 电话:15010636802,0.5,3.6,25,,116.495685,39.982762
,748,,孟林厨房,冰粉,孟林厨房,"798陶瓷二街南 | 营业时间:周一至周五 11:00-15:00,17:00-21:00；周六至周日 11:00-21:00 | 电话:17611293610",5.7,4.6,78,https://aos-comment.amap.com/B0FFLCMIXR/comment/97630AA9_35F1_491C_83A9_A17AF7A775A9_L0_001_1500_200_1763203799444_97386889.jpg,116.494829,39.982915
,748,,MONAL绿宝石·中巴友谊餐厅,单人餐,MONAL绿宝石·中巴友谊餐厅,北京城区798陶瓷二街 | 营业时间:周一至周日 11:30-21:00 2026-02-16至2026-02-20 周一至周日 全天关闭 | 电话:13521784069,8.7,4.6,81,https://aos-comment.amap.com/B0LA7ZR8CY/comment/9BE14DDD_652B_466A_A327_7E87328BC8D9_L0_001_2048_153_1748230962560_59700327.jpg,116.494722,39.983074
,748,,树上咖啡,卡布奇诺,树上咖啡,北京城区酒仙桥路4号北京798艺术区中二街 | 营业时间:周一至周日 09:00-21:00 | 电话:15863158338,5.9,4.3,51,https://aos-comment.amap.com/B000A874V7/comment/content_media_external_file_100002770_1772345721072_41146474.jpg,116.495325,39.984413
,748,,云水姑娘·云南菜(798店),原味汽锅鸡,云水姑娘·云南菜(798店),酒仙桥路4号院内(国营第七九八厂中区)26幢一层2号 | 营业时间:周一至周日 10:30-21:30 | 电话:010-65179678;18701539722,5.7,4.6,108,http://store.is.autonavi.com/showpic/5e8ee7ccdd060dafd48222c17e71448d,116.493646,39.983212
,748,,星粤·廣東顺德菜(798店),双人餐,星粤·廣東顺德菜(798店),酒仙桥街道798艺术中心(尤伦斯当代对面) | 营业时间:周一至周日 10:00-21:30 | 电话:15041874760,7.5,4.3,82,https://aos-comment.amap.com/B0I1CXKF4T/comment/content_media_external_file_37697_ss__1747631085653_02076898.jpg,116.495154,39.984444
,748,,食度面馆(陶瓷二街),小盘牛肉,食度面馆(陶瓷二街),酒仙桥路4号798艺术工厂院内 | 营业时间:周一至周日 10:00-19:00 | 电话:010-59789975;18611804215,2.2,4.4,45,http://store.is.autonavi.com/showpic/13b471551e1048ed6530840274f7cc55,116.494663,39.983051
,748,,Peet's Coffee皮爷咖啡(UCCA店),摘星芝士蛋糕,Peet's Coffee皮爷咖啡(UCCA店),北京城区酒仙桥路4号798艺术区内尤伦斯当代艺术中心 | 营业时间:周一至周五 10:00-18:30；周六至周日 09:00-18:30 2026-02-15至2026-02-20 周一至周日 全天关闭；2026-02-23至2026-02-23 周一至周日 09:00-18:30 | 电话:13269429326,6.1,4.5,44,https://aos-comment.amap.com/B0J1TSCN6Y/comment/content_media_external_images_media_1000047152_ss__1753938468173_60733502.jpg,116.494949,39.984182
,748,,Tims天好咖啡(东方梅地亚捷枫),柠檬气泡饮,Tims天好咖啡(东方梅地亚捷枫),4号院3号楼101单元及大堂部分面积 | 营业时间:周一至周五 07:00-22:00；周六至周日 07:00-22:00 | 电话:15810066970,7.2,3.3,29,http://store.is.autonavi.com/showpic/5070d814ba647c03f7134f6674783502,116.495627,39.982848
,748,,吸溜溜丛林小馆,牛肉,吸溜溜丛林小馆,798艺术园区陶瓷一街E6楼4号 | 营业时间:周一至周日 09:30-21:30 | 电话:15010658032,9.9,4.4,55,https://aos-comment.amap.com/B0H3SSKG2G/comment/9cf55082d8713686d845775287ef4d54_2048_2048_80.jpg,116.493916,39.983191
,748,,TURBO 涡轮餐吧(798艺术区店),经典牛肉汉堡,TURBO 涡轮餐吧(798艺术区店),酒仙桥路4号北京798艺术区(西南角) | 营业时间:周一至周日 11:00-21:00 | 电话:15712942818,1.1,4.5,87,https://aos-comment.amap.com/B0J23S8RSG/comment/1c2d50f6008d63145eb2cbc001868c48_2048_2048_80.jpg,116.493641,39.983459
,749,,一品烧鸽·东北菜,东北菜,一品烧鸽·东北菜,崔各庄乡何各庄村50号 | 营业时间:周一至周日 10:00-02:00,5.4,4.4,80,https://store.is.autonavi.com/showpic/89d2a2386a6327e6c96ed521d0c671ca,116.497877,40.04182
,749,,山里边山外边贵州菜,中餐厅,山里边山外边贵州菜,崔各庄乡马泉营村村北顺白路133号院B区18号平房101室 | 营业时间:周一至周日 11:00-24:00 | 电话:010-89996019;16620228837,2.1,4.6,113,https://aos-comment.amap.com/B0LRDU774W/comment/E960DB20_1A3B_4E1C_B5B3_E5C7F8EF741A_L0_001_1922_114_1757548708667_70856124.jpg,116.503038,40.041076
,749,,川鲁1号,五香牛肉,川鲁1号,"北京城区顺白路一号地国际艺术园A区7号楼1层102 | 营业时间:周一至周日 10:00-14:00,16:30-22:00 | 电话:13269060096;18612556878",7.8,4.5,30,https://aos-comment.amap.com/B0J65MJ3QO/headerImg/4b0934a1d299b76582d69641d8650560_2048_2048_80.jpg,116.498576,40.042704
,749,,牛善源潮汕鲜牛肉火锅,吊龙,牛善源潮汕鲜牛肉火锅,顺白路何各庄一号地国际文化艺术园A区 | 营业时间:周一至周日 11:00-22:00 | 电话:010-64348668;13167346122,0.2,4.4,100,https://aos-comment.amap.com/B0JDZHBOI9/comment/202512_04-15101_1764832240674_98373419.jpg,116.49841,40.042842
,749,,信阳味道,固始鹅块,信阳味道,崔各庄乡何各庄村2号 | 营业时间:周一至周日 09:30-23:00 | 电话:15937610531,7.8,4.3,85,https://aos-comment.amap.com/B0IDRKG6GS/headerImg/ba3c70dd87a456b2282c2dfb04087e3f_2048_2048_80.jpg,116.498331,40.041807
,749,,老北京家常菜炸酱面,家常菜,老北京家常菜炸酱面,儿童希望之家东北侧70米 | 营业时间:周一至周日 09:00-22:00,0.2,3.9,34,http://store.is.autonavi.com/showpic/e89defc816d1ac6c5a3d8ec66a25990e,116.496156,40.041822
,749,,玖斤油.台州家烧小海鲜,小黄鱼,玖斤油.台州家烧小海鲜,"崔各庄顺白路129号(玖斤油鹅肠火锅2层) | 营业时间:周一至周日 09:00-14:00,16:30-21:30 | 电话:15370458818",2.5,4.6,136,https://store.is.autonavi.com/showpic/7887a223a5c4b1490cde46bfa06fd873,116.496685,40.041884
,749,,KAOKAO烤烤?丹东海鲜烧烤(崔各庄店),海鲜疙瘩汤,KAOKAO烤烤?丹东海鲜烧烤(崔各庄店),崔各庄乡马泉营村村北顺白路133号院B区平方5号101-105室 | 营业时间:周一至周日 10:30-24:00 | 电话:010-64379775,5.4,4.5,196,https://aos-comment.amap.com/B0J3273J4M/comment/content_media_external_images_media_131441_ss__1764510495896_69372854.jpg,116.502983,40.041673
,749,,莲池一荟,特色/地方风味餐厅,莲池一荟,何各庄新村12号 | 营业时间:周一至周日 10:00-20:00 | 电话:15011391360,4.3,4.4,167,,116.498226,40.041178
,749,,玖斤油鹅肠火锅,鱼豆腐,玖斤油鹅肠火锅,"顺白路何各庄村129号 | 营业时间:周一至周日 11:00-14:00,16:30-21:30 2026-02-17至2026-02-23 周一至周日 11:00-14:00,16:30-21:30 | 电话:010-84566690;13301378919",4.2,4.5,136,https://aos-comment.amap.com/B0FFHIWZVS/headerImg/1e7bbc594c697fe0a4890acf1be70c98_2048_2048_80.jpg,116.496682,40.041881
,749,,红砖院子,黄油,红砖院子,顺白路何各庄368号红砖美术馆1层106室 | 营业时间:周二至周日 10:00-18:30 | 电话:010-84591791,7.9,4.1,120,https://aos-comment.amap.com/B0FFF9K39Y/comment/content_media_external_file_27423_ss__1757785610368_81599551.jpg,116.499075,40.042225
,750,,ZOO COFFEE(山水文园店),coffee,ZOO COFFEE(山水文园店),弘燕东路山水米兰商业街A14-A15 | 营业时间:周一至周日 09:30-20:00,6.9,4.4,41,https://img.alicdn.com/imgextra/i3/3695320962/O1CN01N6wosc1Iydj1CfYeY_!!3695320962-0-kbcontentapng.jpg,116.484074,39.867484
,750,,山水宴,中餐厅,山水宴,弘燕东路与北杨庄路交叉口东南200米,1.3,3.5,0,,116.482675,39.866175
,750,,牧心斋(山水文园东园店),中餐厅,牧心斋(山水文园东园店),南磨房镇弘燕东路山水文园东园底商A-17B | 电话:13777725414,8.4,4.3,0,http://store.is.autonavi.com/showpic/8b33035bd7a3a5c59baa595743a6cb2d,116.4838,39.867523
,750,,双龙卢记四喜丸子,鸡米花,双龙卢记四喜丸子,弘燕东路双龙南里东区131号楼3门101(烧饼切面店旁边) | 营业时间:周一至周日 08:30-20:00 | 电话:13810361610,2,3.8,33,https://aos-comment.amap.com/B0FFFW7MMV/headerImg/29a1ed31d0724a818f670f928ad7b48c_2048_2048_80.jpg,116.48419,39.868779
,752,,陕味手擀面,手擀面,陕味手擀面,北京城区黄村西大街1幢1层 | 营业时间:周一至周日 09:00-23:00 | 电话:15835906929,0.5,3.5,0,https://store.is.autonavi.com/showpic/33acb8c212c1514971cfcedf5b0d3085,116.339085,39.731548
,752,,幸运咖(黄村西大街店),桂花米酿椰乳茶,幸运咖(黄村西大街店),黄村西大街与兴丰大街交叉口西60米 | 营业时间:周一至周日 07:00-24:00 | 电话:13717810104,8.8,4,14,https://store.is.autonavi.com/showpic/3d3937b2f98158830000002471682442?type=pic,116.338817,39.731582
,752,,鑫巴蜀菜馆,毛血旺,鑫巴蜀菜馆,兴丰街75号 | 营业时间:周一至周日 10:00-22:00 | 电话:010-69265333;18516957926,1.3,4.6,71,http://store.is.autonavi.com/showpic/9dfe9da5c0b04c66b533e8cd0dde64d1,116.339186,39.732533
,752,,麦多和馅饼(环美酒店),酸辣粉,麦多和馅饼(环美酒店),黄村西大街北京市大兴区文化馆对面 | 营业时间:周一至周日 07:00-20:00,3.4,3.9,12,https://store.is.autonavi.com/showpic/2576fc9dcc68efe1a3999bde9483da15,116.338925,39.731525
,754,,北京新拾玖五棵松餐饮(华熙LIVE·五棵松店),中餐厅,北京新拾玖五棵松餐饮(华熙LIVE·五棵松店),万寿路西街与西翠路交叉口西420米,1.2,3.6,204,https://aos-comment.amap.com/B0J2CL3OJA/comment/7d9fe7cd-bf87-432c-a79e-280f5860e575.png,116.278575,39.910675
,754,,朱记乳鸽王·鸽皇餐厅(五棵松华熙店),中餐厅,朱记乳鸽王·鸽皇餐厅(五棵松华熙店),"西四环中路出口与西四环中路辅路交叉口东360米 | 营业时间:周一至周五 11:00-14:00,17:00-21:30；周六至周日 11:00-14:00,17:00-22:00",0.6,4.3,97,https://store.is.autonavi.com/showpic/db37079fef1e30efd07a537e9b65d2ac,116.277825,39.910675
,754,,蚝想要,中餐厅,蚝想要,华熙LIVE·五棵松 | 电话:13501265576,4.4,2.3,38,,116.278925,39.910125
,754,,新京熹·北京涮肉(华熙LIVE·五棵松店),双人餐,新京熹·北京涮肉(华熙LIVE·五棵松店),复兴路69号16幢1层-G807 | 营业时间:周一至周日 11:00-23:00 | 电话:010-53606611;18610301163,3.5,4.6,199,https://aos-comment.amap.com/B0IKVSDO30/comment/f3250ef4f252da4f8703ff43f01368f2_2048_2048_80.jpg,116.278754,39.910757
,754,,探鱼(北京五棵松万达店),四川菜(川菜),探鱼(北京五棵松万达店),北京城区北京城区复兴路69号五棵松万达广场4F-4013号商铺 | 电话:17313673185,1.5,4,93,http://store.is.autonavi.com/query_pic?id=st389abb54-e064-49e1-aaef-3c5c2ffe1872&user=search&operate=original,116.277505,39.910506
,754,,朱记·顺德菜·手工现炒(五棵松华熙店),干炒牛河,朱记·顺德菜·手工现炒(五棵松华熙店),"复兴路69-1号华熙LIVE·五棵松B1层 | 营业时间:周六至周日 11:00-22:00；周一至周五 11:00-14:00,17:00-21:30 | 电话:13527060982;15030018097",7.8,4.5,113,http://store.is.autonavi.com/showpic/8fb0390472de72647c551e521bb691a5,116.277613,39.910608
,754,,亚克西新疆美食,清真菜馆,亚克西新疆美食,万寿路西街与西翠路交叉口西380米,7.6,1.3,0,https://aos-comment.amap.com/B0KUSATSUI/comment/fdf280d25d3b9414b24374a68adfe84a_2048_2048_80.jpg,116.278886,39.910221
,754,,苏小牛精酿主题烤吧(华熙live店),牛肉,苏小牛精酿主题烤吧(华熙live店),复兴路69号华熙live101-208号(巴黎贝甜北5米) | 营业时间:周一至周日 11:00-01:30 | 电话:15811091135,1.4,4.6,90,http://store.is.autonavi.com/showpic/ca18589cada951c13ddc25dfdd8d9362,116.27852,39.910105
,754,,桐味小食重庆小面抄手酸辣粉(华熙LIVE·五棵松店),米粉,桐味小食重庆小面抄手酸辣粉(华熙LIVE·五棵松店),复兴路69号华熙LIVE·五棵松F1层G030/G031 | 营业时间:周一至周日 10:00-22:00 | 电话:18710064166,1.3,4,35,http://store.is.autonavi.com/showpic/61575348e184ed6e66a1048413d1bec4,116.278784,39.910136
,754,,薛娇冷面王(华熙LIVE·五棵松店),芝士,薛娇冷面王(华熙LIVE·五棵松店),复兴路69号华熙LIVE·五棵松F1层G050 | 营业时间:周一至周日 10:00-21:00 | 电话:13311151882,6.7,3.6,26,https://store.is.autonavi.com/showpic/eda3c9248dee4170d66852b9f59a0a0b,116.279273,39.910204
,754,,螺大喜螺蛳粉(华熙LIVE·五棵松店),螺蛳粉,螺大喜螺蛳粉(华熙LIVE·五棵松店),复兴路69号华熙LIVE·五棵松F1层G051 | 营业时间:周一至周日 10:00-22:00 | 电话:18911188388,2.7,4.2,34,https://aos-comment.amap.com/B0IAJKN1KP/comment/b150f12e77b2c59b7a32b600870d0f7e_2048_2048_80.jpg,116.279198,39.910276
,754,,费大厨辣椒炒肉(华熙LIVE·五棵松店),辣椒炒肉,费大厨辣椒炒肉(华熙LIVE·五棵松店),复兴路69号华熙LIVE·五棵松B1层007 | 营业时间:周一至周五 10:30-21:30；周六至周日 10:30-22:00 | 电话:010-68158105,7.9,4.7,75,http://store.is.autonavi.com/query_pic?id=st58816a2f-9ad4-4e86-9e49-e4e874d66031&user=search&operate=original,116.277419,39.910493
,754,,金鼎轩(五棵松华熙店),重庆辣子鸡,金鼎轩(五棵松华熙店),北京城区复兴路69号华熙LIVE五棵松南区B1层050-053号 | 营业时间:周一至周日 07:30-22:00 | 电话:010-68180518;15810032265,1.4,4.8,97,https://store.is.autonavi.com/showpic/4835570149cb7d30a82daba85349cf41,116.278228,39.909983
,760,,渔蓝海鲜火锅(首都宾馆店),双人餐,渔蓝海鲜火锅(首都宾馆店),首都宾馆A座一层大堂吧东北角 | 营业时间:周一至周日 16:30-21:30 | 电话:010-58159566,2,4.6,163,https://aos-comment.amap.com/B0JRZGS12N/comment/982239bae377647ec1abd48304e1a1e9_2048_2048_80.jpg,116.409635,39.902001
,760,,良苑烤鸭店(前门店),宫保鸡丁,良苑烤鸭店(前门店),"前门东大街14号楼前 | 营业时间:11:00-21:00,2026年春节期间07:00-09:30；10:30-21:00 | 电话:010-65122322",5.5,4.5,80,https://aos-comment.amap.com/B000A7C192/comment/5B6F0744_4E23_4727_BFA1_4FF00A1CB9F2_L0_001_2000_150_1760867253847_38700077.jpg,116.408677,39.900407
,760,,食鼎轩烤鸭·私房菜(北京王府井台基厂大街店),家常菜,食鼎轩烤鸭·私房菜(北京王府井台基厂大街店),"台基厂大街10-1号 | 营业时间:周一至周日 09:30-14:00,16:30-21:30 2026-05-01至2026-05-05 周一至周日 09:30-14:00,16:30-21:30 | 电话:010-63445868;18519118048",5.3,4.6,70,https://aos-comment.amap.com/B0KGRMA21S/comment/content_media_external_file_100003357_1767011828140_18373911.jpg,116.411861,39.903494
,760,,北京隆和居美食城(正义路店),干锅千页豆腐,北京隆和居美食城(正义路店),东华门街道正义路8号(原市政府斜对面) | 营业时间:周一至周日 10:00-22:30 | 电话:010-65263265;13520777900,7.2,4.4,73,https://store.is.autonavi.com/showpic/72fbdf46904d9ac20000002152518124?type=pic,116.406444,39.903414
,760,,松鹤楼(台基厂店),松鼠桂鱼,松鹤楼(台基厂店),"北京城区台基厂大街10号(东郊民巷小学旁) | 营业时间:周一至周日 11:00-14:00,17:00-21:00 2026-02-17至2026-02-23 周一至周日 11:00-14:00,16:30-21:00 | 电话:010-65278195;010-65279255",9.7,4.5,153,http://store.is.autonavi.com/query_pic?id=st4e59a81c-8dd5-4876-9cdf-1e3afe32ebe2&user=search&operate=original,116.411839,39.903469
,760,,君庭中餐厅(首都宾馆店),牛肉,君庭中餐厅(首都宾馆店),"前门东大街3号首都宾馆东北门门房 | 营业时间:周一至周日 11:00-14:00,17:00-21:00 | 电话:010-58159788",1.1,4.4,213,https://aos-comment.amap.com/comment/content_service__1771506306909_36408294_1771506354089_05149994.jpg,116.408956,39.902119
,760,,奥华餐厅老张记(台基厂店),虾仁独面筋,奥华餐厅老张记(台基厂店),北京城区台基厂大街18-3号 | 营业时间:周一至周日 10:30-21:30 | 电话:010-65129289;010-65244021,2.8,4.6,62,http://store.is.autonavi.com/showpic/a44d4745fdde65bc76e850f893a9937b,116.411937,39.902869
,761,,六面寿面馆(新辰里店),中餐厅,六面寿面馆(新辰里店),北辰东路8号新辰里购物中心B1层东侧外 | 营业时间:周一至周日 10:00-22:00 | 电话:18515601626,9,4.2,24,https://aos-comment.amap.com/B0L2SD5PQN/comment/29D34C8A_D606_4F17_B7C4_D23D3FD0B43A_L0_001_1500_200_1765352884663_97869496.jpg,116.406997,39.991533
,761,,遵义虾子羊肉粉(北辰店),中餐厅,遵义虾子羊肉粉(北辰店),安立路安慧里三区6号楼一层6-3 | 营业时间:周一至周日 00:00-24:00 | 电话:18610690361,6,4.5,24,https://aos-comment.amap.com/comment/content_service__1770901212243_21604068_1770901231033_72718243.jpg,116.409118,39.992071
,761,,芈重山·冒菜&冒肚(新辰里亚运村店),冒菜,芈重山·冒菜&冒肚(新辰里亚运村店),北京城区北辰东路8号院1号楼-1层-101号041 | 营业时间:周一至周日 10:00-22:00 | 电话:17718515331,1.5,4.1,99,https://aos-comment.amap.com/comment/content_service__1769865039544_20307189_1769865059263_05216517.jpg,116.406903,39.991679
,761,,星巴克(北京北辰时代大厦店),冰美式,星巴克(北京北辰时代大厦店),北辰东路8号院1号楼一层108单元 | 营业时间:周一至周日 07:00-18:00 | 电话:010-84976008,0.4,3.6,36,http://store.is.autonavi.com/showpic/538fe143a310b13376488651,116.406825,39.991575
,761,,萍姐火锅(鸟巢·新辰里店),双人餐,萍姐火锅(鸟巢·新辰里店),北京城区北辰东路25号楼新辰里购物中心(亚运村店)B1层026号 | 营业时间:周一至周日 10:00-24:00 | 电话:13621374880,3.5,4.6,113,https://store.is.autonavi.com/showpic/16f161c97924c7570000000980300550?type=pic,116.406877,39.991415
,761,,阿招.鸡煲(新辰里店),大排档,阿招.鸡煲(新辰里店),北辰东路25号楼新辰里购物中心(亚运村店)B1层 | 营业时间:周一至周日 10:00-24:00 | 电话:13522875107;18201244612,2.8,4.7,111,https://aos-comment.amap.com/B0J64A62RK/comment/cc409486-b37f-4ae2-8750-7e8fe309b70e.png,116.406859,39.991353
,761,,和府捞面(北京新辰里店),泡菜,和府捞面(北京新辰里店),北辰东路8号新辰里购物中心B1-032 | 营业时间:周一至周日 10:00-21:00 | 电话:4001616777,3.7,4.4,30,http://store.is.autonavi.com/query_pic?id=st2eeeb9c7-e911-4ec1-bed7-17dc20dfccf6&user=search&operate=original,116.406511,39.991119
,761,,渝信川菜(北京新辰里店),渝信毛血旺（份）,渝信川菜(北京新辰里店),北京城区北辰东路8号院1号楼2层202号018室 | 营业时间:周一至周日 10:00-21:00 | 电话:010-64922568,5.3,4.4,84,https://store.is.autonavi.com/showpic/f8cf32871da093db0000001401060610?type=pic,116.406499,39.991238
,761,,兰湘子·湘菜小炒(北京亚运村新辰里店),湖南菜(湘菜),兰湘子·湘菜小炒(北京亚运村新辰里店),北京城区北辰东路8号新辰里购物中心3F | 营业时间:周一至周日 10:00-22:00 | 电话:18700805233,6.3,4.2,64,https://aos-comment.amap.com/B0LKHLQOG7/comment/4441AB1B_CB5E_4096_BE2C_DD5ADED7F177_L0_001_1500_200_1766647164425_93079552.jpg,116.406592,39.991558
,761,,Manner Coffee(亚运村新辰里购物中心店),烤坚果拿铁,Manner Coffee(亚运村新辰里购物中心店),北辰东路25号楼新辰里购物中心(亚运村店)b1层 | 营业时间:周一至周日 07:00-17:00 | 电话:16621025509,7.9,4.4,20,https://store.is.autonavi.com/showpic/b6bd53deff03d23f4c74631c0023b636,116.40663,39.991285
,761,,星巴克咖啡(北辰时代大厦东路第三店),红茶鸳鸯,星巴克咖啡(北辰时代大厦东路第三店),北京城区北辰东路8号北辰时代大厦1层108号 | 营业时间:周一至周日 07:30-21:30 | 电话:010-84971720,6.4,4.1,30,https://img.alicdn.com/imgextra/i1/O1CN01QpffkC1ZBxUdcUGdS_!!6000000003157-2-tps-500-374.png,116.406844,39.991375
,761,,初色海鲜自助(亚运村新辰里购物中心店),麻辣小龙虾,初色海鲜自助(亚运村新辰里购物中心店),"北辰东路8新辰里商场5层 | 营业时间:周六至周日 11:00-14:30,17:00-21:00；周一至周五 11:30-14:00,17:00-21:00 2026-02-15至2026-02-23 周一至周日 11:00-14:30,17:00-21:00 | 电话:010-80880789",4.2,4.7,309,http://store.is.autonavi.com/showpic/b46684d0d2e1902bf78d307dddf1c002,116.406551,39.991283
,765,,瑞福顺驴肉馆,小面,瑞福顺驴肉馆,红墅文化产业园西门南70米 | 营业时间:周一至周日 09:00-23:00 | 电话:15117985021,8.6,3.8,33,https://aos-comment.amap.com/B0HRVL2QJM/comment/0feedback_sendimag_1741859981019_18174675.jpg,116.528257,39.881513
,765,,山西刀削面,青椒,山西刀削面,红墅文化产业园西门旁 | 营业时间:周一至周日 09:00-23:00 | 电话:13834711561,0.3,3.6,25,https://store.is.autonavi.com/showpic/195c4abf74d11dd85f67b5f257ff15e8,116.528166,39.882106
,766,,渝湘小馆,中餐厅,渝湘小馆,单店中路与平房路交叉口南100米,1.5,2.9,49,,116.540027,39.957028
,766,,Hi-Town海塘轻食·咖啡,咖啡厅,Hi-Town海塘轻食·咖啡,单店中路与平房路交叉口西南80米 | 营业时间:周一至周日 11:00-23:00 | 电话:13161253530,3.6,4.2,92,https://store.is.autonavi.com/showpic/70209108eb1e953b0000000730778771?type=pic,116.539825,39.957275
,766,,Hi-Town海塘餐吧,提拉米苏,Hi-Town海塘餐吧,朝新嘉园西里一区5号楼201 | 营业时间:周一至周日 11:00-23:00 | 电话:13161253530;13901253530;19527195437,9.5,4.6,103,https://aos-comment.amap.com/B0IRTZC2QF/comment/5ec7e930d74fe1043d9fd1cb24a3e522_2048_2048_80.jpg,116.539967,39.957139
,766,,LD瓦罐煨汤,瓦罐煨汤,LD瓦罐煨汤,悦和园小区5-111 | 营业时间:周一至周日 10:00-24:00 | 电话:18701655746,0.1,4.1,31,http://store.is.autonavi.com/showpic/62af8d3867c7b41fd44145ef9f4b5ae6,116.540003,39.957079
,767,,东窑成都美食,中餐厅,东窑成都美食,金榆路辅路与金盏路交叉口西北300米,1.4,2.9,0,https://store.is.autonavi.com/showpic/073f00485ab8aa395c201fca72b859d1,116.606676,39.999347
,767,,姚师傅正宗固始鹅块,中餐厅,姚师傅正宗固始鹅块,金盏路健欣康大药房旁 | 营业时间:周一至周日 10:00-24:00,6.7,4.2,54,https://aos-comment.amap.com/B0L337BM7X/comment/F0101B94_E2C3_4442_AEB3_D44937BAD702_L0_001_2000_112_1761673452402_30794196.jpg,116.607553,39.997214
,767,,山西特色刀削面食馆,中餐厅,山西特色刀削面食馆,金盏镇东窑村村口 | 电话:13601194136,8.1,3.8,13,https://store.is.autonavi.com/showpic/d30af54e0220d22c94aafc0575b5eaa9,116.607591,39.997269
,767,,老味道家常菜馆(金盏店),酸菜鱼,老味道家常菜馆(金盏店),金盏乡东窑村114号 | 营业时间:周一至周日 09:30-23:00 | 电话:010-60249866;13683529032;15369907689,0.8,4.2,67,https://store.is.autonavi.com/showpic/f59fdaf1593f3ac0ac4dec44df7027f0,116.607888,39.997362
,769,,Manner Coffee(横琴人寿大厦店),coffee,Manner Coffee(横琴人寿大厦店),建国路108号横琴人寿大厦F1层 | 营业时间:周一至周日 07:00-17:00 | 电话:18616665043,0,4.2,20,,116.465351,39.907492
,769,,金鼎轩(建国路店),京味烧茄子,金鼎轩(建国路店),北京城区建国路112号惠普大厦M层 | 营业时间:周一至周日 07:00-20:00 | 电话:010-65678831;18810222193,6.1,4.4,53,http://store.is.autonavi.com/showpic/b2df7750e370d48615ce4e17c798133c,116.464411,39.907558
,769,,星巴克(北京万达广场2店),奶油,星巴克(北京万达广场2店),北京城区建国路甲92号北京世茂大厦首层102号单元 | 营业时间:周一至周五 07:00-20:00；周六至周日 08:00-17:00 | 电话:010-85809015,9.5,4.6,30,http://store.is.autonavi.com/showpic/ec3440dbf3d8f9de23da5c7a0cf58ad7,116.471215,39.907716
,769,,第六季海鲜自助餐厅(世茂大厦店),海鲜自助餐,第六季海鲜自助餐厅(世茂大厦店),"建国路甲92号世茂大厦B座3层302 | 营业时间:周二至周五 11:00-14:00,17:00-21:00；周一 10:30-14:00,17:00-21:00；周六至周日 10:30-14:30,16:30-21:30 | 电话:010-65261488;010-65261499",8,4.7,309,https://store.is.autonavi.com/showpic/9e45ade7aaac7b6a0000002423500384?type=pic,116.471231,39.907698
,769,,三样菜·玺川府(国贸店),激情水煮笋壳鱼,三样菜·玺川府(国贸店),"北京城区景祥街瑞赛商务楼1楼 | 营业时间:周一至周日 11:00-14:00,16:30-22:00 | 电话:010-65161777;010-65172999;13911921318",2.4,4.7,171,http://store.is.autonavi.com/showpic/070afd5ef4e1c61a22d880f0c1f01989,116.46482,39.906406
,769,,渝满天·小面抄手(南朗家园店),煎蛋,渝满天·小面抄手(南朗家园店),建国路南朗家园北区甲1号平方 | 营业时间:周一至周日 06:00-23:30 | 电话:18101212070,2.8,4.1,24,http://store.is.autonavi.com/showpic/bca3916a798d7c51a92325ecec3d33c7,116.465855,39.907311
,769,,晟堂·烤鸭·传统京鲁菜(国贸店),菠菜拌毛蛤,晟堂·烤鸭·传统京鲁菜(国贸店),北京城区北京城区瑞赛商务楼1层 | 营业时间:周一至周日 11:00-22:00 | 电话:010-65069909;010-65069989,7.8,4.6,135,https://aos-comment.amap.com/B0LD3LMY3A/comment/content_media_external_images_media_100000020_1755791127005_70973707.jpg,116.465525,39.906425
,769,,花家怡园(国贸店),霸王别鸡,花家怡园(国贸店),"建国路甲92号扬子江健康大厦(原世茂大厦)C座3层301 | 营业时间:周一至周日 10:30-14:00,16:30-22:00 | 电话:010-85809080;15901203722",9.2,4.7,137,http://store.is.autonavi.com/showpic/e860b2151086d75ede4ac8317670473d,116.47077,39.907675
,769,,恰八斗湘菜馆(国贸店),鸡肉,恰八斗湘菜馆(国贸店),"南郎家园1号星程酒店北侧 | 营业时间:周一至周五 11:00-14:30,17:00-22:00；周六至周日 11:00-22:00 | 电话:010-65680632",5.3,4.6,69,https://aos-comment.amap.com/B000A84G4R/comment/content_media_external_file_100001966_1751639685579_53855254.jpg,116.466639,39.907779
,771,,四季民福烤鸭店(乐成中心店),,四季民福烤鸭店(乐成中心店),北京城区东三环中路22号楼乐成中心SPACE3-2层 | 营业时间:周五至周日 10:30-22:30；周一至周四 10:30-21:30 | 电话:010-82686500;13126624387,6.9,4.6,162,https://store.is.autonavi.com/showpic/e03d5486a9d8bc070000000972566926?type=pic,116.462266,39.894016
,771,,星巴克咖啡(乐成中心SPACE3店),三明治,星巴克咖啡(乐成中心SPACE3店),北京城区东三环中路22号楼乐成中心1层1-15号(双井地铁站E口旁) | 营业时间:周一至周日 07:00-22:00 | 电话:010-67723170,3.7,4.7,30,https://store.is.autonavi.com/showpic/618b5f24cecd37070000002368832434?type=pic,116.46225,39.894473
,771,,luckin coffee 瑞幸咖啡(乐成中心SPACE3店),下午茶,luckin coffee 瑞幸咖啡(乐成中心SPACE3店),北京城区东三环中路20号乐成中心SPACE3 B1层 | 营业时间:周一至周五 08:00-21:00；周六 08:30-21:00；周日 08:30-21:30 | 电话:4000100100,8.9,4.3,13,https://store.is.autonavi.com/showpic/c287706810a95e84ab635a931ccf264d?operate=original,116.462225,39.894075
,771,,M Stand(乐成中心SPACE3店),千层蛋糕,M Stand(乐成中心SPACE3店),东三环中路1层10号(双井地铁站B2东北口步行70米) | 营业时间:周一至周日 07:30-21:30 2026-02-18至2026-02-23 周一至周日 10:00-21:30 | 电话:18502142710,4.8,4.4,37,https://store.is.autonavi.com/showpic/2dc52ce43ba3e2b70000001883206902?type=pic,116.462575,39.893975
,771,,呷哺呷哺(北京乐成中心店),双人餐,呷哺呷哺(北京乐成中心店),东三环中路22号楼B1层0101内B1-10号 | 营业时间:周一至周日 10:30-21:30 | 电话:13581595055,7.8,4.3,60,https://img.alicdn.com/imgextra/i4/O1CN01DMKADK29azGyAma4w_!!6000000008085-2-tps-180-180.png,116.462493,39.894437
,771,,小吊梨汤·北京菜·烤鸭(双井店),双人餐,小吊梨汤·北京菜·烤鸭(双井店),北京城区东三环中路22号楼三层3-07号 | 营业时间:周一至周日 10:30-21:30 | 电话:010-87753430,0.8,4.6,90,http://store.is.autonavi.com/query_pic?id=st848eaa2f-b070-4012-8476-0bde7b0a0d11&user=search&operate=original,116.462543,39.89439
,771,,荣小馆(乐成中心SPACE3店),家烧大黄鱼,荣小馆(乐成中心SPACE3店),"东三环中路24号乐成中心Space3三层(双井地铁站E口旁) | 营业时间:周一至周日 07:00-10:00,11:00-16:00,17:00-21:00 | 电话:010-87773077",4.1,4.6,160,http://store.is.autonavi.com/query_pic?id=st07482925-d490-46f3-af5d-6e4bf80c0f46&user=search&operate=original,116.462499,39.894497
,771,,喜家德虾仁水饺(乐成店),拌饭,喜家德虾仁水饺(乐成店),北京城区东三环中路22号楼乐成中心地下一层B1-21室 | 营业时间:周一至周日 09:00-21:30 | 电话:15201333579,3.9,4.4,34,http://store.is.autonavi.com/query_pic?id=stb4f5ff64-44da-4b38-b306-f0536c5ed31a&user=search&operate=original,116.462575,39.894475
,771,,乐膳内厨(乐成中心SPACE3店),排骨,乐膳内厨(乐成中心SPACE3店),东三环中路20号乐成中心SPACE3B1层 | 营业时间:周六至周日 10:30-19:30；周一至周五 07:30-19:00 | 电话:18911990006,5.7,3.7,26,https://aos-comment.amap.com/B0K6N76WZJ/comment/1a13442ef1de6fa3bb5262220505b4c1_2048_2048_80.jpg,116.462626,39.894302
,771,,库迪咖啡(北京乐成中心店),杨枝甘露,库迪咖啡(北京乐成中心店),东三环中路20号乐成中心SPACE3 F2层 | 营业时间:周一至周日 08:00-20:00 | 电话:13121197978,0.8,4.1,9,https://store.is.autonavi.com/showpic/7b0db620ddccbe9ff42ce59100617216?operate=original?operate=original?operate=original?operate=original,116.462514,39.894415
,771,,bluefrog蓝蛙(乐成中心SPACE3店),汉堡,bluefrog蓝蛙(乐成中心SPACE3店),北京城区东三环中路20号乐成中心SPACE3 F1层 | 营业时间:周一至周日 10:00-23:00 | 电话:010-87700288,0,4.6,119,https://aos-comment.amap.com/B0FFIY3OY9/comment/5371e3cc86f9f1c9edc80e28b6fa482f_2048_2048_80.jpg,116.462782,39.893901
,771,,Manner Coffee(乐成中心SPACE3店),海盐焦糖拿铁,Manner Coffee(乐成中心SPACE3店),东三环中路20号乐成中心SPACE3B1层 | 营业时间:周一至周日 07:00-17:00 | 电话:13162094842,9.2,4.4,20,https://aos-comment.amap.com/B0JDZNXUY1/comment/content_media_external_file_1000014858_ss__1766226872959_69846118.jpg,116.462478,39.894404
,771,,四季民福烤鸭店(双井店),烤鸭,四季民福烤鸭店(双井店),东三环南路八棵杨甲1号南9号(北京歌剧舞剧院) | 营业时间:周五至周日 10:30-22:30；周一至周四 10:30-21:30 | 电话:010-68000097;13011236529,2,4.8,186,http://store.is.autonavi.com/query_pic?id=st59c23194-2049-497b-ab1e-b8f9371fcc9b&user=search&operate=original,116.462489,39.892073
,771,,嗦哈哈·云贵川小罐米粉(乐成中心创始店),米粉,嗦哈哈·云贵川小罐米粉(乐成中心创始店),北京城区东三环中路22号楼B1层-11 | 营业时间:周一至周日 10:00-21:30 | 电话:13661050824,0.5,4.3,30,https://aos-comment.amap.com/B0L3ACVKCY/comment/content_media_external_file_1000014879_ss__1766157412238_05386397.jpg,116.462427,39.894295
,771,,烙老五辣鸡肠旺面水城羊肉粉,米粉,烙老五辣鸡肠旺面水城羊肉粉,广渠路48号(双井地铁站G东南口步行140米) | 营业时间:周一至周日 10:00-22:00 2026-02-10至2026-02-26 周一至周日 全天关闭 | 电话:010-57206569,6.8,4.4,28,https://aos-comment.amap.com/B0JDOMJIUX/comment/0d9a7c0d4438586cdb72a6db10f6592e_2048_2048_80.jpg,116.463756,39.892739
,771,,方砖厂69号炸酱面(双井店),红烧牛肉面,方砖厂69号炸酱面(双井店),乐成中心3层03号08室 | 营业时间:周一至周日 10:00-21:30 | 电话:13552686285,0.7,4.7,44,https://aos-comment.amap.com/B0I0Z5CX6C/comment/content_media_external_file_4463_1766200937790_38616621.jpg,116.462552,39.894477
,771,,湘辣辣鲜炒黄牛肉(乐成中心SPACE3店),豆腐,湘辣辣鲜炒黄牛肉(乐成中心SPACE3店),北京城区东三环中路22号楼负1层-0101内B1-15号 | 营业时间:周一至周日 10:30-21:30 | 电话:010-53606109,8.5,4.5,72,https://aos-comment.amap.com/B0KUTMBT1H/comment/content_media_external_images_media_1356976_ss__1742215047882_07768262.jpg,116.462507,39.894436
,771,,超级碗 FOODBOWL(乐成中心店),豆腐,超级碗 FOODBOWL(乐成中心店),北京城区东三环中路20号乐成中心Space3B1-09号 | 营业时间:周一至周日 10:00-20:00 | 电话:13011887646,5.1,4.2,32,https://aos-comment.amap.com/B0H1T7K6S2/comment/content_media_external_images_media_332626_ss__1772458950587_25142833.jpg,116.462675,39.894276
,771,,谷田稻香(乐成中心SPACE3店),酸菜鱼,谷田稻香(乐成中心SPACE3店),北京城区东三环中路20号乐成中心SPACE3 B1层 | 营业时间:周一至周日 10:00-21:00 | 电话:18600735460,1.8,4.2,30,https://img.alicdn.com/imgextra/i3/O1CN014kVQTY1snUdXY5bBP_!!6000000005811-2-tps-485-471.png,116.462498,39.894492
,771,,张记正宗烤炉鸡蛋灌饼(双井地铁站店),鸡蛋灌饼,张记正宗烤炉鸡蛋灌饼(双井地铁站店),广渠路与八棵杨东路交叉口西140米 | 营业时间:周一至周日 06:00-21:00 | 电话:18738626538,4.5,3.9,13,https://aos-comment.amap.com/B0JR1DR73R/comment/content_media_external_images_media_100007618_1744345419148_78550231.jpg,116.463382,39.893158
,772,,Manner Coffee(国贸商城北区西段店),coffee,Manner Coffee(国贸商城北区西段店),建国门外大街1号国贸商城北区西段B1层3B111A、3B111B | 营业时间:周一至周日 07:00-17:00 | 电话:13041610681,8.1,4.6,20,https://aos-comment.amap.com/B0I2HU6NXC/comment/ac566c21a22687f993525ba16fd40596_2048_2048_80.jpg,116.458756,39.912799
,772,,Arabica(国贸商城店),咖啡咖啡,Arabica(国贸商城店),建国门外大街1号商城地上一层3L106A号铺位 | 营业时间:周一至周日 06:30-21:30 | 电话:19121167712,0.4,4.6,36,https://aos-comment.amap.com/B0H1U909OB/comment/fe110dd1871f036544643e84420303a1_2048_2048_80.jpg,116.459079,39.912396
,772,,星巴克(国贸商城3期A座店),抹茶星冰乐,星巴克(国贸商城3期A座店),北京城区国贸商城3期A座2层 | 营业时间:周六至周日 08:00-21:30；周一至周五 07:00-21:30 | 电话:010-82184858,4.5,4.6,30,http://store.is.autonavi.com/showpic/d6138110c203246a0441826ec3676758,116.458554,39.912774
,772,,满朋轩·清真,清真菜馆,满朋轩·清真,"建国门外大街1号院 | 营业时间:周一至周日 11:30-14:30,17:30-21:30 | 电话:010-67168000",2.5,4.4,185,https://aos-comment.amap.com/B0L3DR5QIS/comment/20260316-8c851587fc4fc59ebb1580ac-2NLmCfDcP5Q9pnL5UyvkWk.jpg,116.458537,39.912321
,772,,瑞幸咖啡(数码01大厦店),美式,瑞幸咖啡(数码01大厦店),建国门外大街1号国贸商城北区L1层 | 营业时间:周六至周日 07:30-18:00；周一至周五 07:00-20:00 | 电话:4000100100,9.5,4.5,13,https://store.is.autonavi.com/showpic/c287706810a95e84ab635a931ccf264d?operate=original,116.459048,39.913161
,772,,金悦(国贸大酒店),虾仁,金悦(国贸大酒店),"建国门外大街1号北京国贸大酒店4层 | 营业时间:周一至周日 11:00-14:30,17:00-21:30 | 电话:13031001890;13031006809",7.3,4.6,274,https://aos-comment.amap.com/B0K6GDZR44/comment/f33096f77b8d54710315ce9dd093d393_2048_2048_80.jpg,116.458525,39.912375
,777,,瑞幸咖啡(日坛北路店),三明治,瑞幸咖啡(日坛北路店),日坛北路6号日坛公园北门西侧底商 | 营业时间:周一至周五 07:00-20:00；周日 07:00-18:00；周六 07:00-18:30 | 电话:4000100100,1.8,4.4,13,https://store.is.autonavi.com/showpic/c287706810a95e84ab635a931ccf264d?operate=original,116.442617,39.917529
,777,,FUN·丝路秀音乐餐厅,中餐厅,FUN·丝路秀音乐餐厅,日坛北路日坛上街39号B1 | 营业时间:周一至周日 06:00-02:00,8.8,4.5,131,https://store.is.autonavi.com/showpic/e7beefc3f20d816385e75b70bd2d7aaf,116.443288,39.917823
,777,,来一杯·精酿串啤堂(日坛店),中餐厅,来一杯·精酿串啤堂(日坛店),"北京城区神路街39号10幢-01层-108部分 | 营业时间:周五至周六 17:30-03:00；周一至周四,周日 17:30-01:30 | 电话:15601130798",5.9,4.4,79,https://aos-comment.amap.com/B0K0V7HOWL/comment/content_media_external_file_100000950_1749363410075_27980242.jpg,116.443369,39.917822
,777,,喜家德饺子酒馆(日坛路国雅大厦店),冻柠茶,喜家德饺子酒馆(日坛路国雅大厦店),北京城区雅宝路1号国雅大厦一层1005、1006商铺 | 营业时间:周一至周日 09:00-21:00 | 电话:010-85638524,2.9,4.5,50,http://store.is.autonavi.com/query_pic?id=stb4f5ff64-44da-4b38-b306-f0536c5ed31a&user=search&operate=original,116.440304,39.916174
,777,,紫光园·烤鸭·北京菜(日坛店),双人餐,紫光园·烤鸭·北京菜(日坛店),"神路街39-1号 | 营业时间:周一至周日 05:00-10:00,10:30-21:30 | 电话:15230303386",8.7,4.7,60,http://store.is.autonavi.com/showpic/4e65939d3edf6774fd513868b3370c81,116.443512,39.917559
,777,,遇京湘,双人餐,遇京湘,北京城区日坛上街39号B1层(日坛公园北门对面) | 营业时间:周一至周日 11:00-23:00 2026-02-13至2026-02-25 周一至周日 全天关闭 | 电话:18611604382,2,4.5,98,https://aos-comment.amap.com/B0JGJRZ2KS/comment/IMG_20240911_194740_tem_1726055579071_42774575.jpg,116.443367,39.917856
,777,,陈记荣德面庄(日坛国际贸易中心店),口水鸡,陈记荣德面庄(日坛国际贸易中心店),"日坛北路17号院2号楼1021陈记荣德面庄 | 营业时间:周一至周日 10:00-02:00 2026-02-16至2026-02-16 周一 全天关闭；2026-02-17至2026-02-23 周二至周日,周一 10:00-20:00 | 电话:17801267397",8.9,4.6,38,https://store.is.autonavi.com/showpic/74a0f44df50d35bd478e6e3743da876c,116.44277,39.91797
,777,,北京林家一餐饮有限公司(国雅大厦店),牛肉,北京林家一餐饮有限公司(国雅大厦店),"雅宝路1号国雅大厦F1层 | 营业时间:周一至周日 11:00-14:00,16:00-21:30 | 电话:010-60170099;18516890099",3.2,4.6,173,https://aos-comment.amap.com/B0J1JHWEAQ/comment/content_media_external_file_100001966_1768438849673_10212644.jpg,116.440711,39.916416
,777,,现磨咖啡,现磨咖啡,现磨咖啡,朝外街道朝阳门外日坛北路6号日坛公园内(北侧),6.4,3,0,https://store.is.autonavi.com/showpic/db8ba908ca7e828cea2f06104da50d80,116.443325,39.917325
,777,,罗妈砂锅(北京朝阳区日坛北路店),砂锅菜,罗妈砂锅(北京朝阳区日坛北路店),北京城区日坛北路6号日坛公园北门西侧1层110 | 营业时间:周一至周日 10:00-24:00 2026-02-11至2026-02-26 周一至周日 全天关闭 | 电话:13013882885,4.9,4.5,36,https://aos-comment.amap.com/B0K1YLFVVI/comment/20260312-415fa992df9e7ee6b6f2bc11-6LhlwCmK95r9ccSUwpgjYJ.jpg,116.44295,39.91751
,777,,徐记隆江猪脚饭,素食,徐记隆江猪脚饭,日坛北路6号(日坛公园北门西侧) | 营业时间:周一至周日 11:00-21:00 | 电话:13901012800;16601201305,7.6,4.2,40,https://aos-comment.amap.com/B0HGVMMH6W/headerImg/fb410179bd40d41f817cc4271fbe9523_2048_2048_80.jpg,116.44309,39.917543
,777,,喀什噶尔新疆餐厅,羊肉串,喀什噶尔新疆餐厅,日坛39号上街1-26号 | 营业时间:周一至周日 10:00-23:30 | 电话:13775611583;18861452333,8.6,4.5,82,https://store.is.autonavi.com/showpic/1a134b4f7c49c5ad76bad0a8af444511,116.443943,39.918129
,777,,祥隆餐厅·烫饭·烤串大排档(日坛店),西红柿鸡蛋肉沫小白菜烫饭,祥隆餐厅·烫饭·烤串大排档(日坛店),日坛北路19号雅宝城国际大厦F1层 | 营业时间:周一至周日 10:30-24:00 | 电话:18600736559,9.1,4.6,49,https://aos-comment.amap.com/B0LUUYI3Z5/comment/70FE135D_36B2_4C07_9299_71E4167151D5_L0_001_1280_170_1762702086145_27586054.jpg,116.441547,39.91795
,777,,云龙苑水八块重庆老火锅(日坛公园店),重庆老火锅,云龙苑水八块重庆老火锅(日坛公园店),朝外街道朝阳门外日坛北路6号日坛公园内(北侧) | 营业时间:周一至周日 10:00-22:00,4.5,2.2,82,https://store.is.autonavi.com/showpic/7976615d861abf3b99e449d15d1b0071,116.443114,39.917485
,778,,cotticoffee(三里屯SOHO商场3号楼店),coffee,cotticoffee(三里屯SOHO商场3号楼店),三里屯SOHO商场3(工人体育场地铁站D口步行320米),4.1,3.7,0,http://store.is.autonavi.com/showpic/6854bc3f6c65ef3a18d7c4af38c06c1d,116.452937,39.932618
,778,,luckin coffee 瑞幸咖啡(三里屯SOHO商场3号楼店),coffee,luckin coffee 瑞幸咖啡(三里屯SOHO商场3号楼店),工人体育场北路8号三里屯SOHO商场3 F1层 | 电话:4000100100,5,4.6,15,https://store.is.autonavi.com/showpic/c287706810a95e84ab635a931ccf264d?operate=original,116.45296,39.933163
,778,,旮旮角角贵州菜(三里屯店),中餐厅,旮旮角角贵州菜(三里屯店),工人体育场北路8号三里屯SOHO商场1号楼F5层 | 营业时间:周一至周日 11:00-21:30,2.4,4.4,104,https://aos-comment.amap.com/comment/content_service_5147281e5c6c1f71724881912dc3cb43_1768552965108_70067897.jpg,116.45277,39.933085
,778,,旺发鸡公煲,中餐厅,旺发鸡公煲,三里屯SOHO商场1号楼(工人体育场地铁站D口步行250米),7.3,2.9,60,,116.452887,39.933198
,778,,霸气大叔·干锅鸭头·川菜烧烤(三里屯创始店),口水鸡,霸气大叔·干锅鸭头·川菜烧烤(三里屯创始店),"中国红街乙2号一层101(工人体育场地铁站F口步行240米) | 营业时间:周一至周日 11:00-14:00,15:00-05:00 | 电话:15600917917",6.3,4.5,102,https://aos-comment.amap.com/B0H05RHGC9/comment/DD051BD5_84D6_4BD2_9A15_A83FD69C2C0E_L0_001_1290_62_1772035583477_22088487.jpg,116.45099,39.93269
,778,,YASCAFE亚瑟咖啡,咖啡厅,YASCAFE亚瑟咖啡,北京城区北京城区工人体育场北路8号三里屯SOHO商场1号楼B1层 | 营业时间:周一至周日 10:00-18:00,0.8,3.6,33,https://store.is.autonavi.com/showpic/fc6ad85f75cc1c82acc18c4d7640d1c0,116.453075,39.932875
,778,,瑞吉咖啡,咖啡厅,瑞吉咖啡,中国红街1号楼(工人体育场地铁站F口步行160米),4.9,2.9,0,,116.45086,39.933098
,778,,星巴克(北京三里屯SOHO一店),巧克力,星巴克(北京三里屯SOHO一店),北京城区北京城区工人体育场北路8号院1号楼1层1118 | 营业时间:周一至周日 07:00-21:30 | 电话:010-85900279,0.5,4.6,30,http://store.is.autonavi.com/showpic/ec3440dbf3d8f9de23da5c7a0cf58ad7,116.453273,39.932847
,778,,重庆大厦火锅烧烤,烤串,重庆大厦火锅烧烤,"北京城区工人体育场东路甲二号中国红街大厦1号楼3层301 | 营业时间:周日 11:00-03:00；周五至周六 11:00-05:00；周三至周四 11:00-14:30,17:00-03:00；周一至周二 17:00-01:30 | 电话:13691052395",4.6,4.7,105,https://aos-comment.amap.com/B0K22LBFDZ/comment/5969F5FB_F1FB_4C6E_A8B2_535F74AA85FF_L0_001_1179_131_1767675575118_68657312.jpg,116.450845,39.933004
,778,,星厚厨私房菜(三里屯店),皇家貢椒淮山药蒸鲜牛肋,星厚厨私房菜(三里屯店),"三里屯SOHO三号商场三层3309.3310 | 营业时间:周一至周日 11:30-14:00,17:00-22:00 | 电话:13911101677",9.4,4.6,234,https://aos-comment.amap.com/B0HD7KOWIP/comment/82d06ad4bb0f57407d03fdadfe860481_2048_2048_80.jpg,116.453184,39.932405
,778,,七嗦湖南米粉(三里屯SOHO商场3号楼店),米粉,七嗦湖南米粉(三里屯SOHO商场3号楼店),工人体育场北路8号三里屯SOHO商场3 B1层 | 营业时间:周一至周日 00:00-24:00 | 电话:17600396077,6.7,4.4,30,http://store.is.autonavi.com/showpic/23e55b1ec5a11acbc0237c0dde2fca94,116.452876,39.932649
,778,,潇湘阁(三里屯SOHO店),金钱蛋,潇湘阁(三里屯SOHO店),北京城区三里屯SOHO1号商场B1-117/下沉广场赛百味路口往里走30米 | 营业时间:周一至周日 10:30-21:30 2026-02-15至2026-02-22 周一至周日 全天关闭 | 电话:010-59359018,1,4.8,90,http://store.is.autonavi.com/showpic/fb9385000be5c7c33b3aa9637b88655a,116.452867,39.933111
,778,,库迪咖啡(三里屯SOHO商场3号楼店),鲜气杨梅新品,库迪咖啡(三里屯SOHO商场3号楼店),北京城区三里屯SOHO商场3号楼北侧(中国银行西侧) | 营业时间:周一至周日 07:30-20:00 | 电话:18630797630,1.3,4.5,9,https://store.is.autonavi.com/showpic/7b0db620ddccbe9ff42ce59100617216?operate=original?operate=original?operate=original?operate=original,116.452861,39.932718
,778,,机电厂老火锅(三里屯店),鲜牛黄喉,机电厂老火锅(三里屯店),北京城区工人体育场东路丙2号1层111 | 营业时间:周一至周日 11:30-02:00 2026-02-15至2026-02-21 周一至周日 全天关闭 | 电话:13522175475,4.1,4.7,80,https://store.is.autonavi.com/showpic/cb168573496531000000002248346184?type=pic,116.450987,39.932412
,778,,破店肥哈·海鲜·烧烤(三里屯店),麻辣烫,破店肥哈·海鲜·烧烤(三里屯店),"北京市朝阳区工人体育场东路甲2号1层107-108 | 营业时间:11:00-14:00；16:30-02:00,2026-02-16至2026-02-18休息2026-02-1916:30-02:00 | 电话:13520967821",1.3,4.7,85,https://aos-comment.amap.com/B0I2LH7A02/comment/202507_31-11504_1753933844974_39021868.jpg,116.45076,39.932824
,778,,辣小章辽源麻辣面,麻辣面,辣小章辽源麻辣面,三里屯SOHO1号商场负一层B1/120 | 营业时间:周一至周日 10:30-23:30 | 电话:13911095205,7.7,4.6,38,https://aos-comment.amap.com/B0L62UCUVU/comment/content_media_external_file_27180_ss__1760485265500_92549154.jpg,116.452968,39.932846
,779,,明洞食光,中餐厅,明洞食光,"北京城区立水桥北8号奥北南区(近立军路) | 营业时间:周一至周日 11:00-13:30,17:00-21:30 | 电话:13944394665",5.4,3.7,32,https://aos-comment.amap.com/B0L2FH1MN0/comment/content_media_external_file_48188_ss__1761041793753_83620207.jpg,116.409954,40.053994
,779,,湘遇湘菜馆,中餐厅,湘遇湘菜馆,立清路1号明天第一城6号院,5.4,2.7,0,,116.409975,40.049473
,779,,萱薇小馆,中餐厅,萱薇小馆,北京城区立水花木中心下沉广场,9.3,3,47,https://store.is.autonavi.com/showpic/373b52e9a8e56dda79c38586dcd91906,116.410024,40.049542
,779,,门框胡同百年卤煮·龙德广场店(第14档口咱家食堂美食城店),卤煮,门框胡同百年卤煮·龙德广场店(第14档口咱家食堂美食城店),立汤路与安立路交叉口西180米,0.3,3.9,52,,116.410075,40.049125
,779,,甄食汇手工凉皮放心包子,手工凉皮,甄食汇手工凉皮放心包子,立清路1号明天第一城6号院,0.2,1.9,0,,116.410013,40.049352
,779,,花小小新疆炒米粉(咱家食堂美食城),新疆炒米粉,花小小新疆炒米粉(咱家食堂美食城),立清路1号明天第一城6号院2号楼咱家食堂美食城 | 营业时间:周一至周日 10:00-22:00 | 电话:17610773586,4.9,3.2,10,http://store.is.autonavi.com/showpic/bd9c182629594dfc6b68cfabcf177b1c,116.410054,40.049357
,779,,李记·爆肚粉,爆肚粉,李记·爆肚粉,立汤路与安立路交叉口西160米,3.2,2.5,0,,116.410225,40.049175
,779,,香河肉饼·砂锅(立水桥店),香河肉饼,香河肉饼·砂锅(立水桥店),"立水桥6号院,花卉市场里面 | 营业时间:周一至周日 09:00-22:00 | 电话:15771803940",0.6,3.7,23,http://store.is.autonavi.com/showpic/fb1ff5f9a44d12f67fe4f64856920773,116.410054,40.049368
,779,,麻不怕私家麻辣拌(咱家食堂美食城第11档口店),麻辣拌,麻不怕私家麻辣拌(咱家食堂美食城第11档口店),立清路1号明天第一城6号院,6.6,3.5,18,,116.410025,40.049475
,782,,包烧米线(林奥CITY PARK购物中心店),花甲米线,包烧米线(林奥CITY PARK购物中心店),清林东路4号院林奥CYTY PARKB楼002J | 营业时间:周一至周日 10:00-22:00 | 电话:17611628815,9,3.7,26,http://store.is.autonavi.com/showpic/15a6b3500dd8da77f583f1a12c6fffca,116.408042,40.03526
,783,,永和大王(南湖公园店),中餐厅,永和大王(南湖公园店),阜通西大街20号南湖公园内(南侧) | 电话:010-53673581;4008159797,4.3,3.5,19,,116.46,39.98
,783,,氪度咖啡(卷石天地店),卡布奇诺,氪度咖啡(卷石天地店),望京街道望京西路甲50-1号卷石天地大厦A座一层 | 营业时间:周一至周日 08:00-20:00 | 电话:13910516944,1.4,4.3,51,http://store.is.autonavi.com/showpic/2114cfae647a3877f71bc33ef3e373c1,116.457962,39.983902
,783,,合兴烤鸭,烤鸭,合兴烤鸭,"卷石天地大厦B座东门东北80米 | 营业时间:周一至周日 09:30-14:00,17:00-21:30 | 电话:010-64703533;010-84710385;13263206024",0.2,4.5,116,https://aos-comment.amap.com/B0FFFR0P86/comment/B465F4B8_0AAD_4FE3_9959_E9193F29F364_L0_001_1536_204_1762402257550_82972924.jpg,116.458969,39.984643
,783,,老孟家东北原味小烧烤,特色/地方风味餐厅,老孟家东北原味小烧烤,望京西路与阜通西大街辅路交叉口东南140米,8.3,4.2,108,,116.458525,39.983475
,783,,中央美术学院第二食堂,脆皮鸡,中央美术学院第二食堂,花家地南街8号中央美术学院13号楼1层 | 营业时间:周一至周日 07:00-19:30 | 电话:010-64771000;010-64771288,2.9,4.3,18,http://store.is.autonavi.com/showpic/092ed25569817428728972906540706c,116.46324,39.981805
,783,,徽荣府·徽韵家宴·北京烤鸭(望京店),鱼汤八公山豆腐,徽荣府·徽韵家宴·北京烤鸭(望京店),望京街道卷石天地大厦B座5层 | 营业时间:周一至周日 10:00-21:00 | 电话:010-83050222;010-83050258,6.9,4.8,120,https://aos-comment.amap.com/B0L1ZDMNLA/comment/content_media_external_file_100025738_1768832156720_16614929.jpg,116.458593,39.984102
,784,,金日升l肘子饭卤肉饭(北苑店),,金日升l肘子饭卤肉饭(北苑店),来广营乡红军营村53号二层北侧,3.5,2.9,29,,116.436675,40.029675
,784,,Infinity Coffee·无穷咖啡(北苑店),coffee,Infinity Coffee·无穷咖啡(北苑店),天融生活广场,2.4,2.7,0,,116.436675,40.029725
,784,,武小五面馆(天融生活广场店),中餐厅,武小五面馆(天融生活广场店),来广营乡红军营东路53号天融生活广场二层浣熊食堂第21号档口,8.8,3.3,20,,116.436475,40.029575
,784,,知味儿餐厅(北苑店),中餐厅,知味儿餐厅(北苑店),"来广营乡红军营村53号一层北01号 | 营业时间:周一至周日 10:30-14:00,17:00-21:30 | 电话:13681044195",0.2,4.3,54,https://aos-comment.amap.com/B0L3KLBX95/comment/content_media_external_file_1000145538_ss__1763192528598_83401182.jpg,116.436625,40.029725
,784,,簋街麻辣小龙虾,中餐厅,簋街麻辣小龙虾,红军营东路与北苑中街交叉口西北120米,4,0,0,,116.436575,40.029775
,784,,虎头军煎饼(天融生活广场店),中餐厅,虎头军煎饼(天融生活广场店),北苑中街11-1号,3.2,3.6,16,https://store.is.autonavi.com/showpic/b3cf985d49d9afbbb4e562ff60bbb2c2,116.436625,40.029325
,784,,食客现炒大王(天融生活广场店),中餐厅,食客现炒大王(天融生活广场店),红军营东路53号 | 营业时间:周一至周日 06:00-21:00,9.9,4,19,https://store.is.autonavi.com/showpic/1c9508361792ce180000002416630218?type=pic,116.43655,40.029028
,784,,泉阔山城老菜馆(北苑店),水煮牛肉,泉阔山城老菜馆(北苑店),红军营东路53号 | 营业时间:周一至周日 10:00-03:00 | 电话:13611342524;18211183154,6.2,4.5,59,https://aos-comment.amap.com/B0J3SH816R/comment/3c20aaa33b6cf83a45bdf41e5a5228ed_2048_2048_80.jpg,116.436675,40.029725
,784,,忘江湖海鲜,海鲜酒楼,忘江湖海鲜,红军营东路与北苑中街交叉口北100米,6.5,2,75,,116.436913,40.029693
,784,,赵记永兴楼牛羊肉泡馍馆小炒(第3档口天融美食城店),牛羊肉泡馍,赵记永兴楼牛羊肉泡馍馆小炒(第3档口天融美食城店),天融生活广场,6.8,3.5,0,,116.43664,40.029336
,784,,望京街烧烤,特色/地方风味餐厅,望京街烧烤,天融生活广场,6.1,3,0,,116.436672,40.029575
,784,,曼玲粥店(北苑店),皮蛋瘦肉粥,曼玲粥店(北苑店),来广营乡红军营东路53号天融美食城 | 营业时间:周一至周日 00:00-24:00 | 电话:15811456468;19833210053,5.9,4.1,24,http://store.is.autonavi.com/query_pic?id=stc3277489-d22a-4254-abee-ea1945a1b0e5&user=search&operate=original,116.436325,40.029525
,784,,线杆杆湖南米粉(天融生活广场店),米粉,线杆杆湖南米粉(天融生活广场店),红军营东路53号南门市房1层6号 | 营业时间:周一至周日 10:00-24:00 | 电话:18173330713,4.5,4.5,39,https://aos-comment.amap.com/comment/content_service_09ae37beb40fdfa565a2a2a8769ba44a_1767772430836_12322046.jpg,116.43643,40.029005
,784,,香里缘过桥米线(天融生活广场店),过桥米线,香里缘过桥米线(天融生活广场店),天融生活广场 | 电话:18622062646,6.9,4.2,24,https://aos-comment.amap.com/B0K07O82FT/comment/content_media_external_images_media_1000067297_ss__1769679755072_04129854.jpg,116.436531,40.029008
,784,,山西刀削面(天融生活广场店),面食,山西刀削面(天融生活广场店),来广营乡红军营村53号物美超市(北苑东路店) | 营业时间:周一至周日 10:30-22:00 | 电话:18618263973,1.1,4,24,https://aos-comment.amap.com/B0I3F91JTH/comment/85e1540f64c17f56e112c50440724b13_2048_2048_80.jpg,116.436449,40.02902
,784,,小谷姐姐麻辣拌·麻辣烫(红军营店),麻辣烫,小谷姐姐麻辣拌·麻辣烫(红军营店),北京城区红军营东路53号物美二层 | 营业时间:周一至周日 10:00-22:00 | 电话:13522404150,1.8,3.9,22,https://img.alicdn.com/imgextra/i1/O1CN019125401fyP4B1coyb_!!6000000004075-2-tps-267-202.png,116.436689,40.029389
,785,,山西刀削面(垡头街),中餐厅,山西刀削面(垡头街),垡头西里3区1号楼底商,2.6,3.5,27,http://store.is.autonavi.com/showpic/65393220db47127154ff4475a30ede51,116.509956,39.864417
,785,,张永发面馆,中餐厅,张永发面馆,垡头西里3区北门北100米 | 电话:19535744446,6.7,3.6,20,https://store.is.autonavi.com/showpic/ea4dc75f43795fc2d1d934616e3f091b,116.509973,39.86427
,785,,六姐河南烩面.固始鹅块,固始鹅块,六姐河南烩面.固始鹅块,垡头街53号 | 营业时间:周一至周日 10:00-01:00 | 电话:18310572676,7.8,3.7,36,https://store.is.autonavi.com/showpic/d41d5839c70ff9f74ee85af8d18f3d85,116.509621,39.864496
,785,,小宋烧烤(垡头店),家常菜,小宋烧烤(垡头店),垡头西里三区 | 营业时间:周一至周日 16:00-03:30 | 电话:13001200069;13651207005,7,4.2,77,https://store.is.autonavi.com/showpic/360dad571c4128c1c93b5045d3a052dd,116.50996,39.863852
,785,,临沂特色炒鸡,山东菜(鲁菜),临沂特色炒鸡,垡头一区南院小区南3门西200米,5.8,2.3,0,,116.509937,39.864398
,785,,小亚克西疆味餐厅,清真菜馆,小亚克西疆味餐厅,垡头西里3区北门旁,5.2,3.3,0,https://store.is.autonavi.com/showpic/0fce57af801b21794e1d3152822b57df,116.509975,39.863875
,785,,红烧牛肉面,红烧牛肉面,红烧牛肉面,垡头西里3区北门北100米,3.2,2.3,19,https://store.is.autonavi.com/showpic/3aaa719208e1e1a82fc04938d68db1a6,116.509925,39.864275
,785,,香河肉饼·驴肉火烧,香河肉饼,香河肉饼·驴肉火烧,垡头西里3区北门北130米 | 营业时间:周一至周日 10:00-22:30,0.3,3.8,19,http://store.is.autonavi.com/showpic/3b2e9c1d0e022189df76d56e460b5f8a,116.50972,39.864434
,785,,云妹子过桥米线(第1号档口物茂美食城店),鱼豆腐菌菇米线,云妹子过桥米线(第1号档口物茂美食城店),垡头西里3区北门北130米 | 营业时间:周一至周日 09:30-24:00 | 电话:13683580367,9.7,4.4,22,https://store.is.autonavi.com/showpic/fd8dd6dc5355b9c2c86ddfe20d696650,116.509948,39.864447
,786,,唐炖小馆(通州店),干锅手撕菌,唐炖小馆(通州店),"宋庄镇徐辛庄路口亚德盛业商务楼底商 | 营业时间:周一至周日 10:00-14:00,16:30-21:30 | 电话:010-80540362",7.1,4.6,86,https://aos-comment.amap.com/B0FFLKV3I5/comment/content_media_external_file_5910_1754882879744_88034928.jpg,116.67731,39.986745
,786,,笑口福(悦邻商厦店),正宗牛肉板面,笑口福(悦邻商厦店),悦邻商厦南门旁 | 营业时间:周一至周日 06:00-20:30 | 电话:17812771673;18401798431,2.2,4,21,https://aos-comment.amap.com/B0JA6XI47M/comment/0feedback_sendimag_1743409221333_09814492.jpg,116.677385,39.986744
,787,,清真西域美食赛楼蘭(垡头翠成馨园西区店),烤串,清真西域美食赛楼蘭(垡头翠成馨园西区店),"垡头南武路翠城馨园224号楼底商 | 营业时间:09:30-02:00,2026年5月1日至2026年5月5日 09:30-02:00 | 电话:13209383817",6.7,4.4,54,https://store.is.autonavi.com/showpic/90d12bcac37e16fe0a66fe8b7b628003,116.509683,39.857468
,788,,mo'mo restaurant bar西餐厅,咖啡厅,mo'mo restaurant bar西餐厅,北京城区仰山路万科星园甲号1层C3号 | 营业时间:周一至周日 08:00-22:00 | 电话:15230436785;17710625529,5.4,3.5,18,https://store.is.autonavi.com/showpic/5f62ef9377e7feaf58388efde645ae86,116.414583,40.028926
,788,,九川江重庆菜·水煮鱼(暖山生活店),水煮鱼,九川江重庆菜·水煮鱼(暖山生活店),红军营南路36号暖山生活F1层 | 营业时间:周一至周日 11:00-22:00 2026-02-15至2026-02-22 周一至周日 全天关闭 | 电话:010-53672917,1.5,4.5,97,https://aos-comment.amap.com/B0KUO7VC7C/comment/88545ec2fecc72b5dae6af1926ede2b1_2048_2048_80.jpg,116.415087,40.031798
,788,,二爷爆肚面,爆肚面,二爷爆肚面,万科星园(北苑路北地铁站A1西南口步行390米),6.1,1.9,0,,116.414575,40.029125
,788,,聚源兴南门涮肉,羊肉,聚源兴南门涮肉,万科星园东门北80米(北苑路北地铁站A1西南口步行400米) | 营业时间:周一至周日 10:00-23:00 | 电话:15210379903;15510003657;18400879040,2.5,4.5,89,https://aos-comment.amap.com/B0KKARTEIA/comment/file_media_Photo_2715_IMG_1759109547_2528_IMG_20250924_161051_1_jpg_ss_2.jpg,116.414563,40.029049
,789,,不二馄饨,中餐厅,不二馄饨,瑞祥里东区西北门西南70米 | 营业时间:周一至周日 16:30-03:00,6.1,3.3,26,https://store.is.autonavi.com/showpic/6532d6918d1442bb4d9b2cd07579441a,116.613708,39.911632
,789,,蜀香诱惑水煮椒麻鱼(管庄店),单人餐,蜀香诱惑水煮椒麻鱼(管庄店),瑞祥里东区西北门西南80米 | 营业时间:周一至周日 09:30-22:30 | 电话:18310079065,0.2,4.5,56,https://store.is.autonavi.com/showpic/d699f5056466007776013f0aaed77a0e,116.6135,39.91162
,789,,紫光园·烤鸭·小馆(瑞祥里店),双人餐,紫光园·烤鸭·小馆(瑞祥里店),"管庄朝阳路3号院瑞祥里小区13号楼 | 营业时间:周一至周日 05:30-14:00,16:30-21:30 | 电话:17600654310",5.1,4.6,60,http://store.is.autonavi.com/query_pic?id=stc56029d4-8f36-4428-b61d-aded6ac2fe6d&user=search&operate=original,116.612936,39.911535
,789,,杨中烧烤(管庄店),烤串,杨中烧烤(管庄店),管庄瑞祥里小区13号楼一层3门 | 营业时间:周一至周日 17:00-02:00 | 电话:15901303311,5,4.3,84,https://aos-comment.amap.com/B0FFHTNYUU/comment/4159ea22-21b1-4ce4-aea3-c7ee40304cdd.png,116.613223,39.911578
,789,,石榴花餐厅·海鲜·闽菜,牛肉,石榴花餐厅·海鲜·闽菜,"瑞祥路管庄乡瑞祥里18号楼 | 营业时间:周一至周日 10:00-14:00,17:00-21:00 | 电话:010-81919666;15899669155",5.7,4.7,97,https://aos-comment.amap.com/B0FFMBC3QE/comment/content_media_external_file_20953_ss__1752060744114_66405829.jpg,116.612463,39.910939
,789,,新伊兰蘭州牛肉面(管庄店),牛肉面,新伊兰蘭州牛肉面(管庄店),管庄乡瑞祥里小区13号楼一层 | 营业时间:周一至周日 10:00-24:00 | 电话:15011355250;17673044421,9.2,4,18,http://store.is.autonavi.com/showpic/3e45b5a1547121cdda54c6f2bca1e44c,116.6134,39.911649
,790,,杨记京味煎饼,中餐厅,杨记京味煎饼,武圣东路与松榆北路交叉口西南200米,9,3.9,12,https://aos-comment.amap.com/B0JR3OA71U/comment/1b381122f6153d61eec5c36d70591269_2048_2048_80.jpg,116.470859,39.874758
,790,,郭通天宫院小吃(松榆里店),单人餐,郭通天宫院小吃(松榆里店),北京城区松榆里6号楼1-111 | 营业时间:周一至周日 06:00-21:00 | 电话:15726625697,4,4.4,17,https://store.is.autonavi.com/showpic/6058e21648483328f41f91faab6d82d6,116.47134,39.874481
,790,,东北烧烤家常菜·风味快餐(武圣东路店),家常菜,东北烧烤家常菜·风味快餐(武圣东路店),武圣东路与松榆北路交叉口南160米 | 营业时间:周一至周日 10:00-02:00 | 电话:13146350888,0,4,72,http://store.is.autonavi.com/showpic/1eb1731c341316ae775143e68b05ebf5,116.472434,39.874729
,790,,紫光园·小馆(松榆里店),小酥肉,紫光园·小馆(松榆里店),松榆东里37号楼一层104 | 营业时间:周一至周日 10:00-21:30 | 电话:15801261187;18618319262,2.7,4.5,60,http://store.is.autonavi.com/query_pic?id=stc56029d4-8f36-4428-b61d-aded6ac2fe6d&user=search&operate=original,116.472423,39.874602
,790,,山西刀削面,板面,山西刀削面,松榆西里1号楼东门旁 | 营业时间:周一至周日 09:00-23:30 | 电话:13610697896,1.3,4,23,https://store.is.autonavi.com/showpic/1216ef685db31c90b3e6cd53dc0d412d,116.467873,39.875645
,790,,清真·牛黑记烤肉涮肉(北工大店),油豆皮,清真·牛黑记烤肉涮肉(北工大店),北京城区西大望路松榆里社区6号楼底商 | 营业时间:周一至周日 11:00-22:00 | 电话:15811483441,8.4,4.5,100,https://store.is.autonavi.com/showpic/c46c9f81ca1b13711d5a42a67d2820e5,116.471286,39.874496
,790,,呱呱烧鸡酱肉(松榆里店),猪头肉,呱呱烧鸡酱肉(松榆里店),"武圣路松榆里28号楼一层西侧 | 营业时间:周一至周日 09:00-12:00,15:30-19:00 | 电话:18910629696",7.8,4.1,32,https://aos-comment.amap.com/B000A87S0F/comment/eda055c5f4fac2272a304103641ab543_2048_2048_80.jpg,116.467881,39.875286
,790,,冯姐麻辣烫串吧,麻辣烫,冯姐麻辣烫串吧,松榆东里37号楼 | 营业时间:周一至周日 11:00-24:00 | 电话:13439381582,5.6,4.1,32,https://store.is.autonavi.com/showpic/288500e1da07e6d4683d9fee122c6304,116.472421,39.874538
,793,,这边包子铺(北苑店),担担面,这边包子铺(北苑店),清苑路润泽悦溪 | 营业时间:周一至周日 06:00-21:00 | 电话:15233950912,0.2,4.1,34,http://store.is.autonavi.com/showpic/9c68b8dd9abbafbddc39cf55b3a8b013,116.433268,40.05273
,796,,STAR SHIP coffee,coffee,STAR SHIP coffee,金田公园内(南侧) | 营业时间:周一至周日 08:00-22:00 | 电话:15686476212,6.2,4.1,43,https://aos-comment.amap.com/B0JABCQHPE/headerImg/8437203ac37d7e6a3f0e5c32c66303e8_2048_2048_80.jpg,116.563472,39.879966
,796,,行咖啡singcoffee,coffee,行咖啡singcoffee,豆各庄科普园区东侧90米,4.3,3.6,26,,116.558375,39.889425
,797,,三汤五味(北京银泰中心店),串串,三汤五味(北京银泰中心店),回龙观西大街华联商场三楼(国贸地铁站C东南口步行160米) | 营业时间:周一至周日 10:00-22:00 | 电话:18501188580,3.5,3.1,40,https://comment-oss-online.oss-cn-wulanchabu.aliyuncs.com/B0HAUYQWUL/comment/6971AD4F_D97F_47A2_B01F_3A172F2D273E_L0_001_IMG_5639.HEIC,116.459511,39.907416
,797,,M Stand(北京银泰中心店),卡布奇诺,M Stand(北京银泰中心店),建国门外大街2号院6号楼银泰中心地下一层B48-1号 | 营业时间:周一至周日 07:00-21:30 | 电话:18501630372,6.4,4.4,37,https://aos-comment.amap.com/B0HK6A3KKG/comment/abef2f484798ca185ca77987436c2389_2048_2048_80.jpg,116.458678,39.907433
,797,,喜家德鲍鱼水饺(北京银泰in01店),土豆丝,喜家德鲍鱼水饺(北京银泰in01店),北京城区建国门外大街2号银泰中心in01地下一层B53号商铺 | 营业时间:周一至周日 09:30-21:30 | 电话:17610381917,0.5,4.4,50,http://store.is.autonavi.com/query_pic?id=stb4f5ff64-44da-4b38-b306-f0536c5ed31a&user=search&operate=original,116.458842,39.907664
,797,,星巴克(北京银泰中心店),抹茶星冰乐,星巴克(北京银泰中心店),建国门外大街2号北京银泰中心IN01地下1楼 | 营业时间:周一至周五 07:00-21:30；周六至周日 10:30-21:30 | 电话:010-85171658,2.3,4.6,30,http://store.is.autonavi.com/showpic/e45e3a0043413101283377e6985510c9,116.458518,39.907301
,797,,费大厨辣椒炒肉(银泰中心店),柠檬茶,费大厨辣椒炒肉(银泰中心店),北京城区银泰中心L1层 | 营业时间:周一至周日 11:00-21:00 | 电话:010-65171788,2.2,4.6,91,http://store.is.autonavi.com/query_pic?id=st58816a2f-9ad4-4e86-9e49-e4e874d66031&user=search&operate=original,116.459695,39.90726
,797,,雍雅合鲜(北京银泰中心店),涮菜,雍雅合鲜(北京银泰中心店),"建国门外大街2号北京银泰中心in01L3层314、315 | 营业时间:周一至周日 11:00-14:00,17:00-21:30 | 电话:010-53602227",8.8,4.5,477,http://store.is.autonavi.com/showpic/7e25969110e1bf73342818e90565b71d,116.460172,39.90754
,797,,新荣记(北京建国门外大街店),点心,新荣记(北京建国门外大街店),"建国门外大街2号北京银泰中心A座5层(国贸地铁站出入口旁) | 营业时间:11:30-15:30；17:00-21:30,2026年5月1日至2026年5月5日 11:30-15:30；17:00-21:30 | 电话:010-85171636;010-85171789",8.4,4.7,651,http://store.is.autonavi.com/showpic/1ba44e55f00f63e86dfc6651d923163a,116.459146,39.90753
,797,,超级碗FOODBOWL(银泰IN01店),牛肉,超级碗FOODBOWL(银泰IN01店),北京城区建国门外大街银泰中心in01地下1层B6号 | 营业时间:周一至周日 09:30-20:00 | 电话:18511619003,5.2,4.2,31,https://aos-comment.amap.com/B0JG17DVTK/comment/0279dddfc68a1cea19f010f667dc9f48_2048_2048_80.jpg,116.458174,39.907309
,797,,麻六记(北京银泰中心店),牛肉,麻六记(北京银泰中心店),建国门外大街2号北京银泰中心in01L3层311、312、313 | 营业时间:周一至周日 11:00-21:00 | 电话:010-65218665,1.1,4.6,106,https://aos-comment.amap.com/B0J1B7NBEG/comment/content_media_external_images_media_14159_ss__1751296036036_36205575.jpg,116.459682,39.907662
,797,,羊屋小杉,羊生蚝,羊屋小杉,"北京城区北京银泰中心in01三层305 | 营业时间:周一至周日 11:30-14:00,17:30-24:00 2026-02-15至2026-02-23 周一至周日 全天关闭 | 电话:13693254096",4.7,4.6,201,https://store.is.autonavi.com/showpic/96111a81780eb8f20000002376826724?type=pic,116.458885,39.907536
,797,,新京熹·北京涮肉(北京银泰中心店),羊肉,新京熹·北京涮肉(北京银泰中心店),建国门外大街2号北京银泰中心in01L1层114、115 | 营业时间:周一至周日 11:00-22:00 | 电话:17812553935,9.7,4.6,196,https://aos-comment.amap.com/B0KU4AX3MS/comment/A5339255_E7D3_4A5F_8E7A_7FCD8F01FC5F_L0_001_2000_150_1764150545574_74359688.jpg,116.458684,39.907424
,797,,荣小馆(北京银泰中心店),脆皮乳鸽,荣小馆(北京银泰中心店),"北京城区建国门外大街2号北京银泰中心in01A座B1层 | 营业时间:07:00-09:30；11:00-15:30；17:00-21:00,2026年春节期间07:00-09:30；11:00-15:30；17:00-21:00 | 电话:010-85171699",8.6,4.6,160,http://store.is.autonavi.com/query_pic?id=st07482925-d490-46f3-af5d-6e4bf80c0f46&user=search&operate=original,116.458656,39.907573
,797,,NANA蛋包饭(北京银泰中心店),蛋包饭,NANA蛋包饭(北京银泰中心店),建外街道建国门外大街57号北京银泰中心in01 | 营业时间:周一至周日 10:30-21:00,8.9,3.7,46,https://store.is.autonavi.com/showpic/ed678115a726a617a558bd4d6eba2bf0,116.458934,39.907468
,797,,黑马小灶锅包肉(北京国贸银泰店),锅包肉,黑马小灶锅包肉(北京国贸银泰店),建国门外大街2号北京银泰中心in01B1层B23号 | 营业时间:周一至周日 10:00-21:00 | 电话:15652090060,6.3,4.4,46,https://aos-comment.amap.com/B0L0OSICGX/comment/863A9E1B_58B3_4CD8_9FF0_F6C832EA05AF_L0_001_2000_150_1767059247007_37297675.jpg,116.460246,39.907374
,798,,山西面馆,中餐厅,山西面馆,盛昌路9号院 | 营业时间:周一至周日 06:00-21:00,0.2,3.3,0,,116.519925,39.867925
,798,,礼遇福乡土小炒,中餐厅,礼遇福乡土小炒,G1京哈高速入口与G1京哈高速交叉口南80米,7.6,2.7,110,,116.516875,39.869575
,798,,京鼎咖啡厅,咖啡厅,京鼎咖啡厅,王四营路与陶庄路交叉口西北260米,5.8,1.6,0,,116.520044,39.872477
,798,,老粤西私房菜,私房菜,老粤西私房菜,"王四营乡高碑店路99号北京CBD国际高尔夫球会二楼 | 营业时间:周一至周日 11:00-14:00,16:00-23:00 | 电话:15010150298",8.1,4.5,271,https://aos-comment.amap.com/B0G3MR1P4G/comment/content_media_external_file_100004881_1766998089447_91580504.jpg,116.521292,39.872343
,799,,PT Coffee普通咖啡馆(苹果社区北区3号楼A座店),coffee,PT Coffee普通咖啡馆(苹果社区北区3号楼A座店),百子湾路32号苹果社区北区3号楼A座F2层 | 营业时间:周一至周日 09:00-18:00 | 电话:18611421312,6.3,4.4,32,http://store.is.autonavi.com/showpic/a5a88ec76e9b528ca3c53dc6cdb8811a,116.46911,39.899871
,799,,Unconditional Love Coffee(苹果社区北区3号楼A座店),coffee,Unconditional Love Coffee(苹果社区北区3号楼A座店),百子湾路32号院3号楼A座012号 | 营业时间:周一至周日 08:30-00:30 | 电话:010-58263652,2.7,4.1,59,http://store.is.autonavi.com/showpic/82f0f50aa2a5fe77a71f22ab6a531713,116.469084,39.899827
,799,,82号小院串串香,串串香,82号小院串串香,北京城区百子湾路32号院苹果社区北区6号楼1层22号 | 营业时间:周一至周日 16:00-24:00 | 电话:010-65944778,1.8,4.6,124,http://store.is.autonavi.com/showpic/2d0906dc7c30101869233846fb50957e,116.471089,39.899344
,799,,蓉城张妈妈特色川味馆(苹果社区店),冰粉,蓉城张妈妈特色川味馆(苹果社区店),百子湾路32号院3号楼1层11号(苹果社区北区3号楼A座底商) | 营业时间:周一至周日 11:00-22:00 2026-02-03至2026-02-28 周一至周日 全天关闭 | 电话:18611866444,7.9,4.6,88,http://store.is.autonavi.com/query_pic?id=st6d452cc5-779c-498e-b79d-7dd11e0bb962&user=search&operate=original,116.468878,39.899976
,799,,沙县小吃(百子湾路店),卤肉饭,沙县小吃(百子湾路店),百子湾路32号苹果社区北区3号楼A座F1层 | 营业时间:周一至周日 07:30-22:00 | 电话:13859136309,7.3,4.2,28,https://aos-comment.amap.com/B0FFF7LHM5/comment/1e569f831d314365ec05a643ad57ee0d_2048_2048_80.jpg,116.469229,39.899901
,799,,汕头八合里海记牛肉店(国贸店),双人餐,汕头八合里海记牛肉店(国贸店),双井桥百子湾路37号 | 营业时间:周一至周日 11:00-22:00 | 电话:010-87755058;18510986558,2.6,4.7,96,http://store.is.autonavi.com/query_pic?id=st724a6e9a-91b8-4e08-813e-dc551cdf86ff&user=search&operate=original,116.462976,39.900927
,799,,Buddy.Cafe(苹果社区北区店),柠檬,Buddy.Cafe(苹果社区北区店),百子湾路32号院6号楼1层29号 | 营业时间:周一至周日 09:00-18:00 2026-02-21至2026-02-23 周一至周日 10:00-18:00 | 电话:18311280711,6.6,4.6,32,https://aos-comment.amap.com/B0HBH5TPEF/comment/11f292f8bdc1605378e553eab4bf82e3_2048_2048_80.jpg,116.470756,39.899549
,799,,小小酒家(百子湾路店),溜肝尖,小小酒家(百子湾路店),"北京城区百子湾路西段32院003 | 营业时间:周一至周日 11:00-15:00,17:00-22:00 | 电话:14701239594;18612371979",4.9,4.6,61,https://store.is.autonavi.com/showpic/28a1592b6d185fd30000000986992461?type=pic,116.469117,39.899935
,799,,木子烧鸟屋,烧鸟,木子烧鸟屋,百子湾路西向东150米路南 | 营业时间:周一至周日 17:30-02:00 2026-02-14至2026-02-23 周一至周日 全天关闭 | 电话:18510605620,1.1,4.6,145,http://store.is.autonavi.com/showpic/2ef2540839b73ee2e5c70334c9c5e395,116.464054,39.900526
,799,,PlanB(苹果社区北区店),牛肉三明治,PlanB(苹果社区北区店),北京城区百子湾路32号苹果社区北区 | 营业时间:周一至周日 11:00-23:00 | 电话:010-58264575,1.1,4.5,105,http://store.is.autonavi.com/showpic/4703517014c11e5871aa3b35a42fce8c,116.471277,39.899908
,799,,瑞幸咖啡(苹果社区店),生椰拿铁,瑞幸咖啡(苹果社区店),百子湾南二路32号3号楼底商A座商业7号 | 营业时间:周一至周五 07:00-18:00；周六至周日 09:00-20:00 | 电话:4000100100,2.5,4.6,13,https://store.is.autonavi.com/showpic/c287706810a95e84ab635a931ccf264d?operate=original,116.469118,39.899845
,799,,虾匠手抓小龙虾·炭火烧烤 (国贸店),臭豆腐龙虾,虾匠手抓小龙虾·炭火烧烤 (国贸店),"北京城区百子湾37号(国贸地铁3号东楼南700米) | 营业时间:周一至周日 11:00-14:00,16:00-02:00 | 电话:010-63910206;18610177000",1.8,4.5,146,https://aos-comment.amap.com/B0JDBRGHNA/comment/f6983fc628d2024b54c8e96e757ae978_2048_2048_80.jpg,116.463461,39.900887
,801,,瑞幸咖啡(万科时代中心·望京店),三明治,瑞幸咖啡(万科时代中心·望京店),"望京街9号望京国际商业中心E座一层1207 | 营业时间:周一至周五,周日 07:00-19:30；周六 07:00-20:30 | 电话:4000100100",0.9,4,13,https://store.is.autonavi.com/showpic/c287706810a95e84ab635a931ccf264d?operate=original,116.470293,39.996171
,801,,吉祥馄饨(望京西园店),中餐厅,吉祥馄饨(望京西园店),望京东湖街道广顺南大街3号望京西园四区,2,3.4,18,https://store.is.autonavi.com/showpic/fe2a1bf29acac7e20000000801408205?type=pic,116.469075,39.995925
,801,,浣熊食堂(望京店),中餐厅,浣熊食堂(望京店),北京城区望京西园四区423号一层(望京地铁站C口西南口步行310米) | 营业时间:周一至周日 00:00-24:00 | 电话:4006020900,1.4,4.5,26,https://store.is.autonavi.com/showpic/110c39f2d763caa50000000801170582?type=pic,116.468678,39.995483
,801,,黄记煌三汁焖锅,中餐厅,黄记煌三汁焖锅,望京东湖街道广顺南大街3号望京西园四区,5.9,3.6,76,https://store.is.autonavi.com/showpic/520758d06b124ee60000000840606781?type=pic,116.468675,39.995575
,801,,芈重山老火锅(望京店),双人餐,芈重山老火锅(望京店),望京东湖街道广顺南大街3号望京西园四区420号楼1层420-5-085 | 营业时间:周一至周日 11:00-02:00 | 电话:010-64781399,7.4,4.8,129,https://store.is.autonavi.com/showpic/be7eaa501d90718c0000001754006131?type=pic,116.468928,39.996644
,801,,马路牙子大排档(望京店),双人餐,马路牙子大排档(望京店),广顺北大街望京西园四区423号楼美食城103 | 营业时间:周一至周日 17:00-03:00 2026-02-15至2026-02-26 周一至周日 全天关闭 | 电话:15210990019,4,4.5,93,https://aos-comment.amap.com/B0FFIWU8UA/comment/content_media_external_file_100002441_1763199373510_67052454.jpg,116.468629,39.995404
,801,,熊大爷现包饺子(望京西园店),堂食,熊大爷现包饺子(望京西园店),望京西园四区420号楼420-5 | 营业时间:周一至周日 10:00-23:00 | 电话:15201240007,9.1,4,23,https://aos-comment.amap.com/B0JG7HZLC3/comment/20260319-9c3a2cd80dfb81c1a76d2565-4Kq4hXjDWmd5WN9iI6Dr8g.jpg,116.468925,39.996575
,801,,厨禾企业团餐盒饭工作餐,工作餐,厨禾企业团餐盒饭工作餐,望京东湖街道广顺南大街3号望京西园四区,8.5,2.8,13,,116.468775,39.995775
,801,,蜀尚品·现做鲜鱼馆,火锅店,蜀尚品·现做鲜鱼馆,广顺北大街43号 | 营业时间:周一至周日 10:00-04:00 | 电话:010-88807499;18515579809,9.8,4.5,103,https://aos-comment.amap.com/B0M6ZC27IZ/comment/3F90C653_F2CB_441B_BD5A_8A636DB7F5A0_L0_001_1278_170_1770045108920_34409239.jpg,116.468815,39.996621
,801,,向阳庄烧烤店(望京西园店),烤鸡翅,向阳庄烧烤店(望京西园店),"宏昌路望京西园4区420号楼2层(广顺北大街至宏昌路地铁15号线望京站C出口对面小区内) | 营业时间:周一至周日 10:00-14:00,16:00-22:00 | 电话:13717591399",1.6,4,106,https://aos-comment.amap.com/B000A849RY/comment/AAA6A5DC_EFB7_41CE_9D6F_BCDC22EB565E_L0_001_2000_1500_1734842481936_70297473.jpg,116.469476,39.996524
,801,,库迪咖啡(望京韩国城浣熊食堂店),生椰拿铁,库迪咖啡(望京韩国城浣熊食堂店),北京城区北京城区阜通西大街望京韩国城浣熊厨房1层 | 营业时间:周一至周日 07:00-19:00 | 电话:15101516039,0.6,4.1,9,https://store.is.autonavi.com/showpic/b6257193fab8feb30000000725594134?type=pic,116.468546,39.995836
,801,,香河肉饼(望京西园四区店),糖醋里脊,香河肉饼(望京西园四区店),北京城区望京西园四区418号楼下 | 营业时间:周一至周日 17:00-05:00 | 电话:15010430890;18101099602,4.9,4.4,71,http://store.is.autonavi.com/showpic/b58996db4a70da608adf075b62881ba6,116.471817,39.995531
,801,,冯四娘跷脚牛肉(望京店),跷脚牛肉,冯四娘跷脚牛肉(望京店),望京东湖街道广顺南大街3号望京西园四区,7.8,3.4,90,,116.46869,39.995698
,801,,安客葱鸡(望京店),韩式炸鸡,安客葱鸡(望京店),望京西园4区423号楼1层(望京地铁站H西南口步行260米) | 营业时间:周一至周日 10:00-22:00 | 电话:010-57126363;15911116840;18501982480,0.6,4.1,66,http://store.is.autonavi.com/showpic/592263efbde7071833c4a5bf6890c5c2,116.468526,39.995795
,801,,朋朋黄汤拉面(广顺北大街店),黄汤拉面全家福,朋朋黄汤拉面(广顺北大街店),"北京城区望京东湖街道广顺南大街3号望京西园四区 | 营业时间:周一至周日 00:00-04:00,04:00-24:00 | 电话:15611272070;18400978105",1.9,4.6,24,https://store.is.autonavi.com/showpic/c930ab062571c2bc0000000841448416?type=pic,116.468738,39.995371
,804,,PT Coffee普通咖啡馆(苹果社区北区3号楼A座店),coffee,PT Coffee普通咖啡馆(苹果社区北区3号楼A座店),百子湾路32号苹果社区北区3号楼A座F2层 | 营业时间:周一至周日 09:00-18:00 | 电话:18611421312,6.2,4.4,32,http://store.is.autonavi.com/showpic/a5a88ec76e9b528ca3c53dc6cdb8811a,116.46911,39.899871
,804,,Unconditional Love Coffee(苹果社区北区3号楼A座店),coffee,Unconditional Love Coffee(苹果社区北区3号楼A座店),百子湾路32号院3号楼A座012号 | 营业时间:周一至周日 08:30-00:30 | 电话:010-58263652,2.1,4.1,59,http://store.is.autonavi.com/showpic/82f0f50aa2a5fe77a71f22ab6a531713,116.469084,39.899827
,804,,库迪咖啡(北京苹果社区店),【蕉个新朋友,库迪咖啡(北京苹果社区店),北京城区百子湾32号苹果社区北区6号楼1层69号 | 营业时间:周一至周五 07:30-20:30；周六至周日 07:30-20:30 | 电话:15001080824,9.5,4.3,9,https://store.is.autonavi.com/showpic/7b0db620ddccbe9ff42ce59100617216?operate=original?operate=original?operate=original?operate=original,116.469225,39.899675
,804,,82号小院串串香,串串香,82号小院串串香,北京城区百子湾路32号院苹果社区北区6号楼1层22号 | 营业时间:周一至周日 16:00-24:00 | 电话:010-65944778,6.7,4.6,124,http://store.is.autonavi.com/showpic/2d0906dc7c30101869233846fb50957e,116.471089,39.899344
,804,,蓉城张妈妈特色川味馆(苹果社区店),冰粉,蓉城张妈妈特色川味馆(苹果社区店),百子湾路32号院3号楼1层11号(苹果社区北区3号楼A座底商) | 营业时间:周一至周日 11:00-22:00 2026-02-03至2026-02-28 周一至周日 全天关闭 | 电话:18611866444,1.3,4.6,88,http://store.is.autonavi.com/query_pic?id=st6d452cc5-779c-498e-b79d-7dd11e0bb962&user=search&operate=original,116.468878,39.899976
,804,,沙县小吃(百子湾路店),卤肉饭,沙县小吃(百子湾路店),百子湾路32号苹果社区北区3号楼A座F1层 | 营业时间:周一至周日 07:30-22:00 | 电话:13859136309,0.5,4.2,28,https://aos-comment.amap.com/B0FFF7LHM5/comment/1e569f831d314365ec05a643ad57ee0d_2048_2048_80.jpg,116.469229,39.899901
,804,,Buddy.Cafe(苹果社区北区店),柠檬,Buddy.Cafe(苹果社区北区店),百子湾路32号院6号楼1层29号 | 营业时间:周一至周日 09:00-18:00 2026-02-21至2026-02-23 周一至周日 10:00-18:00 | 电话:18311280711,8.2,4.6,32,https://aos-comment.amap.com/B0HBH5TPEF/comment/11f292f8bdc1605378e553eab4bf82e3_2048_2048_80.jpg,116.470756,39.899549
,804,,小小酒家(百子湾路店),溜肝尖,小小酒家(百子湾路店),"北京城区百子湾路西段32院003 | 营业时间:周一至周日 11:00-15:00,17:00-22:00 | 电话:14701239594;18612371979",0.3,4.6,61,https://store.is.autonavi.com/showpic/28a1592b6d185fd30000000986992461?type=pic,116.469117,39.899935
,804,,老瀛洲驴肉火烧店,烧味,老瀛洲驴肉火烧店,二十二院街艺术区西1门旁 | 营业时间:周一至周日 07:30-22:00 | 电话:13466725648;18618188078,8.2,4.4,21,https://aos-comment.amap.com/B0H37XELI0/comment/47014c89dcd1b4e3dcb8cc63e555179f_2048_2048_80.jpg,116.469516,39.899949
,804,,木子烧鸟屋,烧鸟,木子烧鸟屋,百子湾路西向东150米路南 | 营业时间:周一至周日 17:30-02:00 2026-02-14至2026-02-23 周一至周日 全天关闭 | 电话:18510605620,5.6,4.6,145,http://store.is.autonavi.com/showpic/2ef2540839b73ee2e5c70334c9c5e395,116.464054,39.900526
,804,,PlanB(苹果社区北区店),牛肉三明治,PlanB(苹果社区北区店),北京城区百子湾路32号苹果社区北区 | 营业时间:周一至周日 11:00-23:00 | 电话:010-58264575,6.6,4.5,105,http://store.is.autonavi.com/showpic/4703517014c11e5871aa3b35a42fce8c,116.471277,39.899908
,804,,瑞幸咖啡(苹果社区店),生椰拿铁,瑞幸咖啡(苹果社区店),百子湾南二路32号3号楼底商A座商业7号 | 营业时间:周一至周五 07:00-18:00；周六至周日 09:00-20:00 | 电话:4000100100,7,4.6,13,https://store.is.autonavi.com/showpic/c287706810a95e84ab635a931ccf264d?operate=original,116.469118,39.899845
,805,,PEBBLE COFFEE,coffee,PEBBLE COFFEE,东大桥路8号SOHO尚都西塔外围下沉广场B102 | 营业时间:周一至周日 10:00-19:00 2026-02-12至2026-02-23 周一至周日 全天关闭 | 电话:010-65915887,6.7,4.5,52,http://store.is.autonavi.com/showpic/e75e2d7c1c570bbaa061fbaeb522fbe9,116.451043,39.919055
,805,,luckin coffee 瑞幸咖啡(北京侨福芳草地大厦店),coffee,luckin coffee 瑞幸咖啡(北京侨福芳草地大厦店),北京城区芳草地北巷与化家胡同交叉口东南60米 | 营业时间:周六 10:00-21:30；周日 10:00-21:30；周一至周五 08:00-21:30 | 电话:4000100100,8.4,4.2,13,https://store.is.autonavi.com/showpic/135a4f41350376620000002041612670?type=pic,116.449175,39.919975
,805,,星巴克(北京芳草地大厦二店),三明治,星巴克(北京芳草地大厦二店),朝外街道东大桥路9号一层101单元L1-AB1 | 营业时间:周一至周五 07:00-22:00；周六至周日 08:30-22:00 | 电话:010-85618513,9.1,4.6,30,http://store.is.autonavi.com/showpic/ec3440dbf3d8f9de23da5c7a0cf58ad7,116.449118,39.919877
,805,,illy(北京侨福芳草地购物中心店),下午茶,illy(北京侨福芳草地购物中心店),东大桥路9号侨福芳草地L2-05号 | 营业时间:周一至周日 08:00-21:30 | 电话:010-85631085,0.1,4.2,56,https://aos-comment.amap.com/B0FFI78TEL/comment/content_media_external_images_media_57007_ss__1741682933701_88305692.jpg,116.449034,39.919754
,805,,闽滋味泉州老馆,双人餐,闽滋味泉州老馆,东大桥路8号院2号楼1层1123 | 营业时间:周一至周日 11:00-21:00 2026-02-13至2026-02-28 周一至周日 全天关闭 | 电话:13146364260,5.5,4.4,52,https://aos-comment.amap.com/B0KK9HI949/comment/20260312-8e0dd42a9f42630ddc4fec6c-AfERh7gisCI8Br0zm1vdVC.jpg,116.450962,39.918981
,805,,盖码帮·长沙现炒盖码饭·小炒(SOHO尚都西塔店),堂食,盖码帮·长沙现炒盖码饭·小炒(SOHO尚都西塔店),SOHO尚都西塔 | 营业时间:周一至周日 10:30-21:00 2026-02-14至2026-02-23 周一至周日 全天关闭 | 电话:17607327717,6,4.4,57,https://aos-comment.amap.com/B0KUVMH143/comment/2d336b0a622549d4f85e5461f9700d8b_2048_2048_80.jpg,116.45073,39.918836
,805,,度小月·台湾菜(侨福芳草地购物中心店),油条,度小月·台湾菜(侨福芳草地购物中心店),东大桥路9号侨福芳草地LG2 | 营业时间:周一至周日 11:00-21:30 | 电话:010-85631105,7.6,4.3,95,https://store.is.autonavi.com/showpic/bf9817737908e8d7b6e6b9084e82cf0a,116.448303,39.919263
,805,,山西刀削面(东大桥店),油泼面,山西刀削面(东大桥店),东大桥路7号 | 营业时间:周一至周日 09:00-23:00 | 电话:18511605168,4.5,4.2,24,https://store.is.autonavi.com/showpic/139f16df60a5734f18e219f3ea8c581b,116.449344,39.920484
,805,,满福楼(侨福店),牛肉,满福楼(侨福店),北京城区东大桥路9号侨福芳草地购物中心LG2-01 | 营业时间:周一至周日 10:30-22:00 | 电话:010-64053088,6.1,4.7,136,https://store.is.autonavi.com/showpic/9be2f3183c1ff2420000002318054146?type=pic,116.449071,39.919443
,805,,瑞幸咖啡(尚都国际店),美式,瑞幸咖啡(尚都国际店),东大桥路8号院1号楼尚都国际一层西北大堂113A号 | 营业时间:周一至周五 07:00-20:00；周六至周日 08:00-18:00 | 电话:4000100100,3.8,4.5,13,https://store.is.autonavi.com/showpic/c287706810a95e84ab635a931ccf264d?operate=original,116.451493,39.919407
,805,,吉晟居砂锅面(SOHO尚都西塔店),麻辣烫,吉晟居砂锅面(SOHO尚都西塔店),SOHO尚都西塔一层1101 | 营业时间:周一至周日 10:30-21:00 | 电话:18612644320,0.7,4.6,31,https://aos-comment.amap.com/B0J1THIG97/comment/eb5c19bfa3a09e806ef3ff36cbafa035_2048_2048_80.jpg,116.450985,39.91905
,806,,品味煎饼,中餐厅,品味煎饼,东坝大街与德平东路交叉口西南60米,6.8,3.3,29,,116.554425,39.975025
,806,,融柳大铁牛螺蛳粉(东坝晏河湾店),中餐厅,融柳大铁牛螺蛳粉(东坝晏河湾店),北京城区东坝乡晏河湾家园9号院7号楼103 | 营业时间:周一至周日 10:30-23:00,6.3,4,22,https://store.is.autonavi.com/showpic/a18975f766a06bedc9912b2263c6da8c,116.553204,39.974967
,806,,情怀小街串串香,串串香,情怀小街串串香,北京城区东坝大街与德平东路交叉口西60米 | 营业时间:周一至周日 10:30-02:00 | 电话:15035063083;15934476559,8.7,3.9,43,https://store.is.autonavi.com/showpic/41a80e25774ac672edd4ec641c18fdf7,116.554099,39.975091
,806,,苏姐红油鸡公煲,四川菜(川菜),苏姐红油鸡公煲,东坝路13号晏河湾小区9号院4区北门 | 营业时间:周一至周日 10:00-22:00 | 电话:18511450017,0.8,4.3,37,https://store.is.autonavi.com/showpic/3115dc5126dd259d9e8cb8b65a1ac0bc,116.553323,39.975101
,806,,京香包子川菜馆,小炒黄牛肉,京香包子川菜馆,北京城区东坝乡晏河湾家园9号院1号楼1层103号 | 营业时间:周一至周日 05:00-23:00 | 电话:13240152241,0.7,3.7,8,https://store.is.autonavi.com/showpic/5d93547302573c6af5d3752c877a4f91,116.553994,39.975047
,806,,小笼包胡辣汤,小笼包,小笼包胡辣汤,东坝乡宴河湾家园9号院1号楼1层102 | 营业时间:周一至周日 05:30-22:00 | 电话:18612009050,3.1,4.3,17,https://store.is.autonavi.com/showpic/67b9d077a92bb0c3dc1f8ccf4d3d10bd,116.553817,39.975017
,806,,龙悦平价海鲜,平价海鲜,龙悦平价海鲜,德平东路与东坝大街交叉口西南60米 | 营业时间:周一至周日 07:00-22:00 | 电话:13521499917,5,3.8,0,https://store.is.autonavi.com/showpic/414f4ae20189f1189e3089c8ae61d2f9,116.554325,39.975025
,806,,董记板面,板面,董记板面,驹子房路13号靠近晏河湾家园(东坝北地铁站F口步行190米),2.2,3.8,12,https://store.is.autonavi.com/showpic/e140a8f869c56690e22d6d595d076fc6,116.553325,39.975025
,806,,味派菜园子,湖南菜(湘菜),味派菜园子,"北京城区北京城区晏河湾家园4区北门9号院7号楼201 | 营业时间:周一至周日 10:30-14:30,16:30-22:00 | 电话:15611562219",8.7,4.4,56,https://aos-comment.amap.com/B0L39CSMPI/comment/content_media_external_file_23425_ss__1761347942185_36813958.jpg,116.553439,39.974928
,806,,旺柴原切炭火烤肉,炭火烤肉,旺柴原切炭火烤肉,德平东路9号晏河湾家园四区(东坝北地铁站F口步行150米) | 营业时间:周一至周日 16:30-01:30,2.7,4.3,88,https://store.is.autonavi.com/showpic/cd6a201a3674f92754018345b838f7e6,116.553817,39.974905
,806,,川神麻辣烫麻辣香锅,牛骨汤麻辣烫,川神麻辣烫麻辣香锅,北京城区东坝乡晏河湾家园7地块底商一层107 | 营业时间:周一至周日 10:30-23:00 | 电话:13011049222,4.1,4.1,30,https://store.is.autonavi.com/showpic/4bb39eff382a46e38fbdd0c6c970be9f,116.554082,39.974953
,806,,库迪咖啡(东坝晏河湾家园店),生椰拿铁,库迪咖啡(东坝晏河湾家园店),北京城区东坝乡晏河湾14号院4号楼113(东坝北地铁站A口) | 营业时间:周一至周日 06:30-20:00 | 电话:15810501432,9.1,4.5,9,https://store.is.autonavi.com/showpic/7b0db620ddccbe9ff42ce59100617216?operate=original?operate=original?operate=original?operate=original,116.554959,39.976023
,806,,申记羊汤烩面,羊汤烩面,申记羊汤烩面,东坝大街与德平东路交叉口西60米,0.4,3,16,,116.554325,39.975125
,808,,渔蓝海鲜火锅(首都宾馆店),双人餐,渔蓝海鲜火锅(首都宾馆店),首都宾馆A座一层大堂吧东北角 | 营业时间:周一至周日 16:30-21:30 | 电话:010-58159566,4.9,4.6,163,https://aos-comment.amap.com/B0JRZGS12N/comment/982239bae377647ec1abd48304e1a1e9_2048_2048_80.jpg,116.409635,39.902001
,808,,良苑烤鸭店(前门店),宫保鸡丁,良苑烤鸭店(前门店),"前门东大街14号楼前 | 营业时间:11:00-21:00,2026年春节期间07:00-09:30；10:30-21:00 | 电话:010-65122322",1.2,4.5,80,https://aos-comment.amap.com/B000A7C192/comment/5B6F0744_4E23_4727_BFA1_4FF00A1CB9F2_L0_001_2000_150_1760867253847_38700077.jpg,116.408677,39.900407
,808,,食鼎轩烤鸭·私房菜(北京王府井台基厂大街店),家常菜,食鼎轩烤鸭·私房菜(北京王府井台基厂大街店),"台基厂大街10-1号 | 营业时间:周一至周日 09:30-14:00,16:30-21:30 2026-05-01至2026-05-05 周一至周日 09:30-14:00,16:30-21:30 | 电话:010-63445868;18519118048",3,4.6,70,https://aos-comment.amap.com/B0KGRMA21S/comment/content_media_external_file_100003357_1767011828140_18373911.jpg,116.411861,39.903494
,808,,北京隆和居美食城(正义路店),干锅千页豆腐,北京隆和居美食城(正义路店),东华门街道正义路8号(原市政府斜对面) | 营业时间:周一至周日 10:00-22:30 | 电话:010-65263265;13520777900,3.7,4.4,73,https://store.is.autonavi.com/showpic/72fbdf46904d9ac20000002152518124?type=pic,116.406444,39.903414
,808,,松鹤楼(台基厂店),松鼠桂鱼,松鹤楼(台基厂店),"北京城区台基厂大街10号(东郊民巷小学旁) | 营业时间:周一至周日 11:00-14:00,17:00-21:00 2026-02-17至2026-02-23 周一至周日 11:00-14:00,16:30-21:00 | 电话:010-65278195;010-65279255",10,4.5,153,http://store.is.autonavi.com/query_pic?id=st4e59a81c-8dd5-4876-9cdf-1e3afe32ebe2&user=search&operate=original,116.411839,39.903469
,808,,君庭中餐厅(首都宾馆店),牛肉,君庭中餐厅(首都宾馆店),"前门东大街3号首都宾馆东北门门房 | 营业时间:周一至周日 11:00-14:00,17:00-21:00 | 电话:010-58159788",6.7,4.4,213,https://aos-comment.amap.com/comment/content_service__1771506306909_36408294_1771506354089_05149994.jpg,116.408956,39.902119
,808,,奥华餐厅老张记(台基厂店),虾仁独面筋,奥华餐厅老张记(台基厂店),北京城区台基厂大街18-3号 | 营业时间:周一至周日 10:30-21:30 | 电话:010-65129289;010-65244021,8.4,4.6,62,http://store.is.autonavi.com/showpic/a44d4745fdde65bc76e850f893a9937b,116.411937,39.902869
,811,,Grid Coffee(北京亚洲金融大厦店),coffee,Grid Coffee(北京亚洲金融大厦店),北京城区北京城区天辰东路1号院亚洲金融大厦B1-17 | 营业时间:周一至周五 07:30-18:00 | 电话:17813622505,3.6,4,28,https://store.is.autonavi.com/showpic/a0e8d386ce1ea5beac917537011b79cc,116.389547,40.008509
,811,,湖南饭店,中餐厅,湖南饭店,科荟南路与北中轴景观大道交叉口东北40米,6.2,2.7,36,,116.393075,40.007175
,811,,以沫咖啡,咖啡厅,以沫咖啡,奥体森林公园南门西侧以沫咖啡,0.2,4.1,29,http://store.is.autonavi.com/showpic/7aef534dd8e85e11c77d0f4afd4bdde8,116.391469,40.011902
,811,,元想空间META SPACE(亚洲金融大厦店),咖啡厅,元想空间META SPACE(亚洲金融大厦店),亚洲金融大厦B1层b1-28 | 营业时间:周一至周日 09:00-02:00 | 电话:15001387048,8.4,3.7,26,http://store.is.autonavi.com/showpic/2b490c47b0de13de291aa81f42c479c4,116.38968,40.008384
,812,,福禄饺子(荟聚店),特色/地方风味餐厅,福禄饺子(荟聚店),荟聚购物中心,9,2.8,0,,116.327425,39.786075
,813,,欢乐美食坊(泡泡玛特城市乐园店),中餐厅,欢乐美食坊(泡泡玛特城市乐园店),朝阳公园南路1号朝阳公园 | 营业时间:周一至周日 11:00-20:00,3.4,3.3,114,https://aos-comment.amap.com/B0J0DKH700/comment/9e6fc978743efa4f5a08ac25596a0066_2048_2048_80.jpg,116.480525,39.943125
,813,,欧肥手痒(微博IN店),中餐厅,欧肥手痒(微博IN店),北京城区朝阳公园微博IN跨次元引力场2层 | 营业时间:周一至周日 11:00-22:00 | 电话:18500152505,7.4,4.4,0,http://store.is.autonavi.com/showpic/71227f6ab12c83f77784591466df0fe1,116.485812,39.946683
,813,,爆脾气生炸鸡架(朝阳公园店),中餐厅,爆脾气生炸鸡架(朝阳公园店),北京城区微博in跨次元引力场B1层0002-2号 | 营业时间:周一至周日 10:00-21:30 | 电话:13294964016,6.7,3.2,29,https://store.is.autonavi.com/showpic/ea419075f9c58c4cd9711da2c2e669cd,116.485163,39.947165
,813,,醉人椒麻辣香锅(朝阳公园店),双人餐,醉人椒麻辣香锅(朝阳公园店),北京城区朝阳公园南路1号39幢-1至5层B1层0022-1、0023-1 | 营业时间:周一至周日 10:00-20:30 | 电话:15543178884,4.6,3.9,55,https://store.is.autonavi.com/showpic/e5fa5783b86ce0120000002320074354?type=pic,116.485501,39.94729
,813,,Mzo咖啡,咖啡厅,Mzo咖啡,朝阳公园南路1号朝阳公园,9.1,3.6,37,https://store.is.autonavi.com/showpic/d033523f50eade26422a78373bfe91d7,116.479275,39.944675
,813,,SPARKer Cafe,咖啡厅,SPARKer Cafe,北京城区微博in跨次元引力场2层2004铺 | 营业时间:周一至周日 10:00-21:00,4.9,4.1,0,https://aos-comment.amap.com/B0M6CLVMJI/comment/979380F1_946C_4A66_B270_90D5FED8C4E2_L0_001_2000_150_1768703219923_89050884.jpg,116.486043,39.946829
,813,,animatecafestand北京店,咖啡厅,animatecafestand北京店,朝阳公园南路1号朝阳公园,6.8,3.9,0,,116.482632,39.944188
,815,,书湘门地·中国十佳湘菜(亮马河店),九年百合炖官燕,书湘门地·中国十佳湘菜(亮马河店),东三环北路8号(亮马河饭店2层) | 营业时间:周一至周日 10:00-22:00 | 电话:010-65906888,5.5,4.7,204,https://aos-comment.amap.com/B0KKRU09PU/comment/20260203-dd9720eaf9a0fc16c17bc53e-6Mg9kU9PmqAAHJAdV3HTnD.jpg,116.462763,39.946073
,815,,筷赣·江西农家菜(麦子店店),农家菜,筷赣·江西农家菜(麦子店店),"北京城区麦子店街28号1层102 | 营业时间:周一至周日 09:30-14:30,16:30-21:30 | 电话:13810062219",2.5,4.3,65,https://aos-comment.amap.com/B0L2ULFDP9/comment/38EB0624_2A18_4499_B71F_F7F831E9A32F_L0_001_2000_112_1760834239799_48966593.jpg,116.466789,39.944034
,815,,北平食府·臻悦私宴(亮马桥店),双人餐,北平食府·臻悦私宴(亮马桥店),"东三环北路16号 | 营业时间:周一至周日 10:30-14:30,17:00-22:00 | 电话:010-65811121;15201146010",2.3,4.7,135,http://store.is.autonavi.com/query_pic?id=stc6731bc2-0748-44e1-b91f-69ff3f7e6a67&user=search&operate=original,116.463264,39.943664
,815,,星巴克(亮马河大厦店),星冰乐,星巴克(亮马河大厦店),北京城区北京城区东三环北路8号北京亮马河大厦 | 营业时间:周六至周日 08:30-17:00；周一至周五 07:00-17:30 | 电话:010-65001484,0.2,4.4,30,http://store.is.autonavi.com/showpic/ec3440dbf3d8f9de23da5c7a0cf58ad7,116.464296,39.945661
,815,,丹江渔村·小院(农展馆店),活翘嘴鲌,丹江渔村·小院(农展馆店),"东三环北路16号 | 营业时间:周一至周日 10:30-14:00,17:00-21:30 | 电话:010-61901696",4.3,4.7,216,https://store.is.autonavi.com/showpic/30d9b5960984e4dbd19593eae2bb3241,116.462356,39.937638
,815,,德祥南门涮肉(亮马桥店),涮肉,德祥南门涮肉(亮马桥店),北京城区东三环北路16号5幢1层101 | 营业时间:周一至周日 10:30-22:30 | 电话:010-65940991;13051550976,1.1,4.6,126,https://aos-comment.amap.com/B0I2D7YQ37/comment/content_media_external_file_64369_1770814372171_05182192.jpg,116.465723,39.944092
,815,,新京熹·北京涮肉(农展馆店),涮肉,新京熹·北京涮肉(农展馆店),农展馆北路16号(农业展览馆地铁站A西北口步行310米) | 营业时间:周一至周日 10:00-24:00 | 电话:010-53352223;15001138419,0.4,4.6,200,https://store.is.autonavi.com/showpic/44b0a394363844a30000002334624302?type=pic,116.463286,39.94399
,815,,种子咖啡,美式咖啡,种子咖啡,东三环北路16号(全国农业展览馆平房) | 营业时间:周一至周日 10:00-20:00 | 电话:13522030002,0.6,4.5,34,http://store.is.autonavi.com/showpic/f824382483789d4ee9e9d4e9ac41b687,116.463044,39.942088
,815,,湖小龍The Long House(三里屯总店),臭豆腐,湖小龍The Long House(三里屯总店),"三里屯东三街4号(团结湖地铁站A西北口步行450米) | 营业时间:周一至周日 10:00-14:00,16:00-01:00 | 电话:010-62988858;18801066656",6.5,4.6,393,https://aos-comment.amap.com/B0FFLI4L6K/comment/content_media_external_images_media_932668_ss__1766378355335_31697515.jpg,116.460451,39.937862
,815,,南门记忆涮肉(麦子店店),至尊雪花肥牛,南门记忆涮肉(麦子店店),麦子店街28号1层102 | 营业时间:周一至周日 10:30-22:30 | 电话:13810073328,3.9,4.5,73,https://aos-comment.amap.com/B0LRRSKFU3/comment/content_media_external_file_100000760_1763226390290_45554672.jpg,116.466806,39.944006
,815,,无名居(农展馆店),蘑菇,无名居(农展馆店),"农展馆北路40号院 | 营业时间:周一至周日 11:00-14:00,17:00-21:30 | 电话:010-65021537;010-65021568",1.9,4.6,242,https://img.alicdn.com/imgextra/i3/3695320962/O1CN01jd1Ptb1IydgnkWJJF_!!3695320962-0-kbcontentapng.jpg,116.466026,39.944658
,815,,瓯膳·温州海鲜,螃蟹,瓯膳·温州海鲜,"北京城区北京城区东三环北路16号-2 | 营业时间:周一至周日 11:00-14:00,16:30-21:30 2026-02-15至2026-02-16 周一至周日 全天关闭 | 电话:13911978617;15811338877",2.5,4.6,283,https://aos-comment.amap.com/B0KRCR8JU3/comment/content_media_external_file_1000010033_ss__1772838414973_10689624.jpg,116.4623,39.936969
,815,,亮马河饭店翠雅咖啡厅,龙虾,亮马河饭店翠雅咖啡厅,"东三环北路8号亮马河饭店3层 | 营业时间:周一至周日 12:00-14:00,18:00-21:00 | 电话:010-65906611;010-65906688",4.2,4.2,182,https://aos-comment.amap.com/B000A81JWE/comment/b2efa6cc0c2fa2b8c2bf28e0c475fba0_2048_2048_80.jpg,116.462665,39.94596
,820,,国栋百货商行,中餐厅,国栋百货商行,太阳宫共济国际酒店斜对面小河边直走,8.4,4,0,https://store.is.autonavi.com/showpic/04747057d649dbd4501e24e41bb91b9b,116.460985,39.97157
,820,,正宗固始鹅块,中餐厅,正宗固始鹅块,北四环东路2号 | 营业时间:周一至周日 10:00-24:00 | 电话:15810407988,7.9,3.6,62,http://store.is.autonavi.com/showpic/804afeec09dc46ab5b14c5d2d228ac25,116.464698,39.972608
,820,,丁氏固始鹅块,固始鹅块,丁氏固始鹅块,北四环东路2号顺景温泉旁坝北村41号丁氏固始鹅块 | 营业时间:周一至周日 10:30-21:30 | 电话:13439164231,7.2,4.4,86,https://aos-comment.amap.com/B0FFG732Z3/comment/b9f3a39300ca676ae6f860b9871692d4_2048_2048_80.jpg,116.464733,39.972254
,820,,巫山烤鱼川湘家常菜(四元桥店),烤鱼,巫山烤鱼川湘家常菜(四元桥店),"望京街道惜缘酒家东坝河北村58号 | 营业时间:周一至周日 10:00-14:00,17:00-22:00 | 电话:13071135535",4,3.7,54,https://aos-comment.amap.com/B0G10LHHHT/comment/a77cc75974bb84692c037094a839a088_2048_2048_80.jpg,116.464709,39.972423
,823,,丽亭酒店-中餐厅,中餐厅,丽亭酒店-中餐厅,高碑店路与高碑店古家具一条街交叉口东260米,4.5,3.6,0,http://store.is.autonavi.com/showpic/9a30e318a2cbc2a950a1ecb84bce3575,116.532925,39.903423
,823,,壹馆(通惠Found店),中餐厅,壹馆(通惠Found店),惠河南街135号 | 营业时间:周一至周日 10:00-21:00,8.9,3.6,0,https://store.is.autonavi.com/showpic/fd012bf85589531965d1a1c74810cd27,116.534399,39.903618
,823,,徽州宏记古典家具(高碑店店),中餐厅,徽州宏记古典家具(高碑店店),高碑店村古典家具街112A | 营业时间:周一至周日 09:30-18:30 | 电话:010-85759590,7.6,3.1,0,http://store.is.autonavi.com/showpic/b23c447f89e3e5fbfad32927840e6090,116.533675,39.902592
,823,,好好吃肉,烤菜,好好吃肉,"高碑店东区H区54-1号 | 营业时间:周一至周日 10:00-14:00,17:00-22:00 | 电话:15811161849",2.3,4.4,133,http://store.is.autonavi.com/showpic/e636eff537704d7aa390c50e3f3f2277,116.532865,39.904826
,823,,丽亭酒店-融合菜,融合菜,丽亭酒店-融合菜,高碑店路与高碑店古家具一条街交叉口东260米,0.7,3.3,0,https://store.is.autonavi.com/showpic/7de63009ebd36754da3b218fd73a29a1,116.532907,39.903461
,824,,杨记湘臭鳜鱼(老君堂店),江湖菜,杨记湘臭鳜鱼(老君堂店),北京城区十八里店乡老君堂村518号 | 营业时间:周一至周日 10:00-22:00 | 电话:010-67387837,7.9,3.8,65,https://store.is.autonavi.com/showpic/4f79ef611c1ff2824f760ab898733928,116.520113,39.836811
,824,,福建美食城,海蛎煎,福建美食城,万龙振华国际物流有限公司西侧50米 | 营业时间:周一至周日 10:00-22:00 | 电话:010-67379799;18600709333,2.8,4.6,123,https://store.is.autonavi.com/showpic/5fb0afd6da302925717c9fdc5e1e0149,116.520254,39.836857
,824,,宝财诚老北京涮肉(老君堂店),红糖糍粑,宝财诚老北京涮肉(老君堂店),十八里店老君堂村518号 | 营业时间:周一至周日 10:30-23:30 2026-02-14至2026-02-25 周一至周日 全天关闭 | 电话:18801159739,4.8,4.3,88,https://aos-comment.amap.com/B0HR7MOS38/comment/content_media_external_file_27001_1765470273039_67333918.jpg,116.519689,39.83691
,824,,粗粮人民供销社(老君堂店),辣子鸡,粗粮人民供销社(老君堂店),十八里店老君堂公园对面 | 营业时间:周一至周日 11:00-22:00 | 电话:010-87307792;13051369996,3.9,4.1,71,http://store.is.autonavi.com/showpic/40ac3a37608bcba84f6909708bd94400,116.519122,39.837022
,824,,粗粮铁锅炖家常菜,铁锅炖,粗粮铁锅炖家常菜,老君堂南路与新村东路交叉口东140米 | 电话:010-87307792,1.5,4,0,https://store.is.autonavi.com/showpic/a815ec09046f89820281a33c78481eef,116.519067,39.836969
,824,,老阿妈蒙古村(老君堂店),风干牛肉炖干菜,老阿妈蒙古村(老君堂店),"北京城区十八里店老君堂村518号-15号 | 营业时间:周一至周日 09:30-14:00,16:30-21:30 | 电话:010-87332788",3.7,4.6,119,http://store.is.autonavi.com/showpic/52465f39cf8503cff4aeb4b33f28725e,116.518694,39.837024
,832,,大马勺·老味道东北菜(第7档口和贵坊美食城店),东北菜,大马勺·老味道东北菜(第7档口和贵坊美食城店),青年路西里3号国美第一城3号院,2.7,2.2,31,,116.516387,39.934593
,832,,新亿美食广场(国美第一城3号院店),中餐厅,新亿美食广场(国美第一城3号院店),营业时间:周一至周日 08:00-21:00,5.2,4.5,45,https://store.is.autonavi.com/showpic/5d85218bea60fb5c7fabe9909bae01cd,116.516507,39.934421
,832,,晨曦鲍鱼饭,中餐厅,晨曦鲍鱼饭,青年路西里3号国美第一城3号院,1.4,2.8,0,,116.516525,39.934425
,832,,柱哥盒饭自助,中餐厅,柱哥盒饭自助,青年路3号院9号楼底商F1-17 | 营业时间:周一至周日 10:00-21:00 | 电话:13426241111;18010013391,6.8,4.1,47,http://store.is.autonavi.com/showpic/50eb6947388baf8a502c607867e3d537,116.514692,39.934732
,832,,老家大烩菜·特色铁锅焖面,中餐厅,老家大烩菜·特色铁锅焖面,青年路西里3号国美第一城3号院,7.6,0.3,0,,116.515788,39.934204
,832,,老汉口黑鸭煲(青年路店),中餐厅,老汉口黑鸭煲(青年路店),青年路西里3号国美第一城3号院,4.4,3.4,31,,116.516375,39.934575
,832,,轻禾小厨现炒健康菜,中餐厅,轻禾小厨现炒健康菜,青年路西里3号国美第一城3号院,3.1,3.1,29,,116.516375,39.934475
,832,,相遇·串串麻辣烫(国美第一城店),串串麻辣烫,相遇·串串麻辣烫(国美第一城店),青年路西里3号院10号楼一层F1-28 | 营业时间:周一至周日 11:00-04:00 | 电话:18235991673,1.3,4.3,44,https://store.is.autonavi.com/showpic/84386662972cdf9c07961330847307ae,116.516449,39.934591
,832,,阿娇云南过桥米线(第1档口新亿美食广场美食城店),云南过桥米线,阿娇云南过桥米线(第1档口新亿美食广场美食城店),青年路西里3号国美第一城3号院,2.9,3.4,22,,116.515725,39.934325
,832,,山西面馆(国美第一城3号院店),刀削面,山西面馆(国美第一城3号院店),青年路国美第一城3号院10号楼 | 营业时间:周一至周日 10:30-22:30 | 电话:15901491856,1,3.8,19,http://store.is.autonavi.com/showpic/d227c382a6758ba89e3b6e68982d77cd,116.516237,39.934585
,832,,老北京汪记卤煮火烧(国美第一城3号院店),卤煮火烧,老北京汪记卤煮火烧(国美第一城3号院店),北京城区青年路西里3号国美第一城3号院 | 营业时间:周一至周日 09:30-23:30 | 电话:15724719874,6.5,4.4,33,https://aos-comment.amap.com/B0J2LL0DY2/comment/8B3A317C_00BB_4588_84D5_D35135B99AF1_L0_001_1500_200_1768370941748_76266064.jpg,116.514754,39.934592
,832,,农耕记·湖南土菜(国美第一城青年路店),土菜,农耕记·湖南土菜(国美第一城青年路店),青年路西里3号国美第一城3号院 | 营业时间:周一至周日 08:30-21:00 | 电话:15200103475,6.1,3.8,66,https://img.alicdn.com/imgextra/i1/O1CN01RxhfSE2803jxSBT2C_!!6000000007869-2-tps-332-336.png,116.51652,39.934608
,832,,DOME曈粤古法手工顺德菜,意面,DOME曈粤古法手工顺德菜,"青年路西里1号院2号楼1层103-2层204 | 营业时间:周一至周日 10:30-14:00,17:00-22:00 | 电话:010-85799555;13520196292;18701058116",1.1,4.6,103,https://aos-comment.amap.com/B0JGV16J0O/comment/20260313-afb3073e8ad6cbb3e2a05f97-7auw1ASKPRD6nndZdSZTQV.jpg,116.51637,39.935172
,832,,柱子铁锅炖(青年路店),排骨,柱子铁锅炖(青年路店),青年路国美第一城三号院9号楼一层底商北门1-17 | 营业时间:周一至周日 10:30-22:30 | 电话:13426241111;13426241851,0.4,3.7,58,https://aos-comment.amap.com/B0I3TA9JY1/comment/b9317fff5dccefae0e85de2e31120837_2048_2048_80.jpg,116.51476,39.934636
,832,,好大哥烧烤(国美第一城3号院店),特色/地方风味餐厅,好大哥烧烤(国美第一城3号院店),青年路西里3号国美第一城3号院 | 营业时间:周一至周日 16:00-04:00 | 电话:13621290708,5.7,3.8,74,https://store.is.autonavi.com/showpic/38f2bc1ef9729b006f49ff5907757730,116.516343,39.934568
,832,,嘎嘎香东北老饭盒(青年路店),素菜,嘎嘎香东北老饭盒(青年路店),达德南一路3号院靠近国美第一城 | 营业时间:周一至周日 10:00-22:00 | 电话:15910702476,0.5,4,16,https://store.is.autonavi.com/showpic/255bbc8b0ea1e289eaba80c28177d91e?operate=original?operate=original,116.516531,39.934385
,832,,沙县小吃(青年路店),葱油拌面,沙县小吃(青年路店),青年路西里3号院10号楼1层F1-15 | 营业时间:周一至周日 07:00-23:30 | 电话:18069102041,9.5,4.2,15,https://store.is.autonavi.com/showpic/22726bf4b76947665d364c919ab2ace6,116.515825,39.934607
,832,,麻小·麻辣诱惑(青年路店),蒜蓉小龙虾,麻小·麻辣诱惑(青年路店),青年路西里3号国美第一城3号院 | 营业时间:周一至周日 10:00-02:30 | 电话:13671258295;15901058146,0.7,3.9,114,,116.516569,39.934402
,832,,蹄花礼麻辣猪蹄排骨锅,麻辣猪蹄,蹄花礼麻辣猪蹄排骨锅,青年路西里3号国美第一城3号院,8.9,2.6,0,https://store.is.autonavi.com/showpic/b7ec6018fc2e7f94c3c177e71ac55825,116.514725,39.934625
,833,,TIANROAST咖啡体验馆(751店),下午茶,TIANROAST咖啡体验馆(751店),酒仙桥北路751D·PARKB7(奥迪办公楼南侧) | 营业时间:周一至周五 09:00-19:00；周六至周日 09:00-19:30 | 电话:15911187665,7.1,4.7,67,https://aos-comment.amap.com/B0FFM2NB6X/comment/content_media_external_file_1000010417_ss__1758093248343_77429259.jpg,116.499856,39.984231
,833,,福来融合西餐,中餐厅,福来融合西餐,797路与706北四街交叉口南220米,4.1,3.9,135,,116.498875,39.984375
,833,,Atencoffee,单人餐,Atencoffee,北京城区797路与706北四街交叉口南180米 | 营业时间:周一至周日 10:00-19:00 | 电话:13810307593,2.3,4.1,43,https://store.is.autonavi.com/showpic/76af2cd985c98b6fdc7fa0d49674b82f,116.49892,39.984596
,833,,ACE&CLUB车谷咖啡(车谷小镇店),咖啡厅,ACE&CLUB车谷咖啡(车谷小镇店),酒仙桥798园区炉区南广场车谷小镇一层 | 营业时间:周一至周日 10:00-19:00,4.2,4.3,46,https://store.is.autonavi.com/showpic/f475b6c0fb8209043c387ec0dbb7b4d6,116.499916,39.982309
,833,,引擎广场咖啡,咖啡厅,引擎广场咖啡,万红路与酒仙桥东路交叉口北240米,0.5,3.3,0,,116.499375,39.982575
,833,,锈,咖啡厅,锈,北京城区酒仙桥路4号自控正东集团院内B11号1层1-1室 | 营业时间:周一至周日 10:00-22:00 | 电话:15321108590,2.7,4.6,58,https://aos-comment.amap.com/B0L279KNBE/comment/content_media_external_file_100013642_1763808361206_53084818.jpg,116.499271,39.982647
,833,,BERRY BEANS(751店),拿破仑,BERRY BEANS(751店),酒仙桥街道798艺术区751D-PARK时尚回廊A18号南侧 | 营业时间:周一至周日 10:30-18:00 | 电话:19520035751,1.1,4.6,39,https://aos-comment.amap.com/B0K33R6VS2/comment/B5766443_0D25_4989_B745_4BA7FF05F787_L0_001_2000_1238_1734875902694_61618387.jpg,116.498985,39.983404
,834,,库迪咖啡(朝阳民生大厦店),【爆款,库迪咖啡(朝阳民生大厦店),北京城区北京城区呼家楼街道东三环北路38号院民生大厦南门东侧底商 | 营业时间:周一至周四 08:00-22:00；周五至周日 08:00-22:30 | 电话:17710803358,3.6,4.4,9,https://store.is.autonavi.com/showpic/7b0db620ddccbe9ff42ce59100617216?operate=original?operate=original?operate=original?operate=original,116.46274,39.920927
,834,,芈重山冒菜冒肚(好世界店),冒菜,芈重山冒菜冒肚(好世界店),东三环北路好世界商场负一楼012 | 营业时间:周一至周日 11:00-21:30 | 电话:17718515331,7.9,4.3,38,https://aos-comment.amap.com/B0L1A7KD22/comment/2745D3C1_C48E_4449_A85F_7D3BA761B92F_L0_001_1500_200_1766140534489_86423478.jpg,116.463125,39.921425
,834,,四季民福烤鸭店(呼家楼店),北京烤鸭,四季民福烤鸭店(呼家楼店),向军南里二巷5号15号楼(呼家楼站D西南口步行190m) | 营业时间:周一至周四 10:30-21:30；周五至周日 10:30-22:30 | 电话:010-87096298,3.3,4.8,182,http://store.is.autonavi.com/query_pic?id=st59c23194-2049-497b-ab1e-b8f9371fcc9b&user=search&operate=original,116.460554,39.922029
,834,,星巴克臻选(好世界店),卡布奇诺,星巴克臻选(好世界店),北京城区北京城区东三环北路38号泰康金融大厦南侧一层底商 | 营业时间:周一至周日 07:00-21:30 | 电话:010-85280910,9.5,4.6,30,https://aos-comment.amap.com/B0IGCUCBFM/comment/content_media_external_file_2134067_ss__1766212025167_48838954.jpg,116.462378,39.921796
,834,,喜煮捞自助旋转小火锅(好世界店),双人餐,喜煮捞自助旋转小火锅(好世界店),北京城区东三环北路38号院4号楼B1 | 营业时间:周一至周日 10:45-20:45 | 电话:15600459078,9.7,4.5,46,https://store.is.autonavi.com/showpic/4e206d2c4eb480740000002342900466?type=pic,116.463068,39.921524
,834,,芈重山老火锅(好世界店),双人餐,芈重山老火锅(好世界店),东三环北路38号院好世界商场二楼L218 | 营业时间:周一至周日 11:00-22:00 2026-05-01至2026-05-05 周一至周日 11:00-22:00 | 电话:010-85284678,4.3,4.7,126,https://aos-comment.amap.com/B0I1JA976T/comment/content_media_external_images_media_8037_1726489815342_93626603.jpg,116.463442,39.921091
,834,,重山钵钵(朝阳剧场店),双人餐,重山钵钵(朝阳剧场店),东三环北路36幢1层南侧底商3号 | 营业时间:周一至周日 10:00-23:00 | 电话:010-65001095;18581437331,2.2,4.6,49,https://aos-comment.amap.com/B0G3CC6F64/comment/content_media_external_images_media_1000065100_ss__1744631542389_41578688.jpg,116.4622,39.922204
,834,,大得涮肉(国贸CBD店),大得羊肉串,大得涮肉(国贸CBD店),北京城区东三环北路38号院好世界商业广场2层L220号 | 营业时间:周一至周日 11:00-23:00 | 电话:010-85280979,2.9,4.5,99,https://aos-comment.amap.com/B0FFHQV7DU/comment/AB1CE86B_7E50_46A5_A85D_4F1543C22975_L0_001_2000_150_1763563880475_64834046.jpg,116.462964,39.92112
,834,,桐薪手擀面,手擀面,桐薪手擀面,东三环北路38号好世界B1层,6.9,3.6,22,,116.462875,39.921425
,834,,星巴克(北京呼家楼店),抹茶星冰乐,星巴克(北京呼家楼店),呼家楼1号京广商务中心1层大堂102号 | 营业时间:周一至周五 07:00-18:00 | 电话:010-65973907,4.9,4.6,30,http://store.is.autonavi.com/showpic/e45e3a0043413101283377e6985510c9,116.461103,39.921494
,834,,叶幺孃·爆炒三嫩(呼家楼店),爆炒腰花,叶幺孃·爆炒三嫩(呼家楼店),"东三环北路38号院4号楼好世界商场负1层B1-26号 | 营业时间:周一至周四 11:00-15:00,17:00-22:00；周五至周日 11:00-22:00 2026-02-11至2026-02-25 周一至周日 全天关闭 | 电话:18589713470",4.8,4.6,69,https://store.is.autonavi.com/showpic/1a21004762656c120000001593694210?type=pic,116.462725,39.921375
,834,,大懒龙(好世界店),牛肉,大懒龙(好世界店),东三环北路38号院四号楼好世界B1层(7鲜超市门口) | 营业时间:周一至周日 06:30-21:00 | 电话:010-85280925;19893208311,6.7,4.3,20,https://aos-comment.amap.com/B0FFG8N71S/comment/content_media_external_file_2136518_ss__1769087015617_69880043.jpg,116.463175,39.921125
,834,,柳叶刀烧烤(呼家楼店),特色/地方风味餐厅,柳叶刀烧烤(呼家楼店),北京城区东三环北路好世界F1层柳叶刀烧烤 | 营业时间:周一至周日 10:30-01:00 | 电话:13121050836;13613107105,1.5,4.5,89,https://aos-comment.amap.com/B0L1A7KKRR/comment/202512_25-18395_1766659200913_52595027.jpg,116.462679,39.921032
,834,,瑞幸咖啡(好世界店),生椰拿铁,瑞幸咖啡(好世界店),东三环北路38号4号楼好世界广场负一层B22-1号 | 营业时间:周一至周五 07:00-18:00；周六至周日 09:00-20:00 | 电话:4000100100,1.5,4.5,13,https://store.is.autonavi.com/showpic/c287706810a95e84ab635a931ccf264d?operate=original,116.462686,39.92125
,834,,威海味海鲜(好世界店),豆腐,威海味海鲜(好世界店),"东三环北路38号院好世界广场B1层b27-1商铺 | 营业时间:周一至周日 11:00-14:00,17:00-21:00 | 电话:13581518210;15114774512",1.5,4.6,92,https://store.is.autonavi.com/showpic/47935e1a563ecb780000002282462483?type=pic,116.462814,39.921776
,834,,浩海火烧云傣家菜(京广店),鸡肉,浩海火烧云傣家菜(京广店),东三环北路38号院4号楼好世界商场B1层B-16 | 营业时间:周一至周五 11:00-22:30；周六至周日 10:30-22:30 | 电话:010-85280914,9.6,4.8,105,http://store.is.autonavi.com/showpic/db5cbd5c954eea07f21e66ef951ced84,116.462879,39.921089
,834,,张记烤炉鸡蛋灌饼(朝阳剧场写字楼店),鸡蛋灌饼,张记烤炉鸡蛋灌饼(朝阳剧场写字楼店),北京市朝阳区东三环北路36号朝阳剧场北门底商南侧3 | 营业时间:周一至周日 06:00-21:00 | 电话:15236765863;15711367539,4.3,4.1,13,https://store.is.autonavi.com/showpic/566d056326f8bbccdcb5144b12928d9f,116.462402,39.922623
,835,,渔蓝海鲜火锅(首都宾馆店),双人餐,渔蓝海鲜火锅(首都宾馆店),首都宾馆A座一层大堂吧东北角 | 营业时间:周一至周日 16:30-21:30 | 电话:010-58159566,7.6,4.6,163,https://aos-comment.amap.com/B0JRZGS12N/comment/982239bae377647ec1abd48304e1a1e9_2048_2048_80.jpg,116.409635,39.902001
,835,,良苑烤鸭店(前门店),宫保鸡丁,良苑烤鸭店(前门店),"前门东大街14号楼前 | 营业时间:11:00-21:00,2026年春节期间07:00-09:30；10:30-21:00 | 电话:010-65122322",4,4.5,80,https://aos-comment.amap.com/B000A7C192/comment/5B6F0744_4E23_4727_BFA1_4FF00A1CB9F2_L0_001_2000_150_1760867253847_38700077.jpg,116.408677,39.900407
,835,,食鼎轩烤鸭·私房菜(北京王府井台基厂大街店),家常菜,食鼎轩烤鸭·私房菜(北京王府井台基厂大街店),"台基厂大街10-1号 | 营业时间:周一至周日 09:30-14:00,16:30-21:30 2026-05-01至2026-05-05 周一至周日 09:30-14:00,16:30-21:30 | 电话:010-63445868;18519118048",0.8,4.6,70,https://aos-comment.amap.com/B0KGRMA21S/comment/content_media_external_file_100003357_1767011828140_18373911.jpg,116.411861,39.903494
,835,,北京隆和居美食城(正义路店),干锅千页豆腐,北京隆和居美食城(正义路店),东华门街道正义路8号(原市政府斜对面) | 营业时间:周一至周日 10:00-22:30 | 电话:010-65263265;13520777900,4.8,4.4,73,https://store.is.autonavi.com/showpic/72fbdf46904d9ac20000002152518124?type=pic,116.406444,39.903414
,835,,松鹤楼(台基厂店),松鼠桂鱼,松鹤楼(台基厂店),"北京城区台基厂大街10号(东郊民巷小学旁) | 营业时间:周一至周日 11:00-14:00,17:00-21:00 2026-02-17至2026-02-23 周一至周日 11:00-14:00,16:30-21:00 | 电话:010-65278195;010-65279255",5.8,4.5,153,http://store.is.autonavi.com/query_pic?id=st4e59a81c-8dd5-4876-9cdf-1e3afe32ebe2&user=search&operate=original,116.411839,39.903469
,835,,君庭中餐厅(首都宾馆店),牛肉,君庭中餐厅(首都宾馆店),"前门东大街3号首都宾馆东北门门房 | 营业时间:周一至周日 11:00-14:00,17:00-21:00 | 电话:010-58159788",3.9,4.4,213,https://aos-comment.amap.com/comment/content_service__1771506306909_36408294_1771506354089_05149994.jpg,116.408956,39.902119
,835,,奥华餐厅老张记(台基厂店),虾仁独面筋,奥华餐厅老张记(台基厂店),北京城区台基厂大街18-3号 | 营业时间:周一至周日 10:30-21:30 | 电话:010-65129289;010-65244021,1.7,4.6,62,http://store.is.autonavi.com/showpic/a44d4745fdde65bc76e850f893a9937b,116.411937,39.902869
,836,,爱情岛餐厅,中餐厅,爱情岛餐厅,金盏乡楼梓庄南1号蓝调庄园,2.5,1.7,122,,116.608175,39.965625
,836,,漫屿咖啡(蓝调庄园店),咖啡厅,漫屿咖啡(蓝调庄园店),金盏乡楼梓庄南1号蓝调庄园 | 营业时间:周一至周日 09:00-21:00,2.3,4.5,20,https://store.is.autonavi.com/showpic/13b1c84b9c66502bb87d82404d0c846e,116.611844,39.964283
,836,,蓝调庄园·蓝味坊餐厅,私房菜,蓝调庄园·蓝味坊餐厅,"金盏乡楼梓庄蓝调庄园内 | 营业时间:周一至周日 11:00-14:00,17:00-21:00 2026-02-10至2026-03-04 周一至周日 11:00-14:00,17:00-21:00 | 电话:010-65780277",4.8,4.5,119,https://aos-comment.amap.com/B0H067HHG1/comment/60a7330f20ad6d7f270b5c569bfb5f52_2048_2048_80.jpg,116.606101,39.96584
,841,,Manner Coffee(北京751店),coffee,Manner Coffee(北京751店),797路与706北一街交叉口南200米 | 营业时间:周一至周五 07:00-16:30；周六至周日 07:00-19:00 | 电话:18621192164,9.7,2.2,20,https://store.is.autonavi.com/showpic/b9be01f3535eb4010000002469900214?type=pic,116.496219,39.984402
,841,,TIANROAST咖啡体验馆(751店),下午茶,TIANROAST咖啡体验馆(751店),酒仙桥北路751D·PARKB7(奥迪办公楼南侧) | 营业时间:周一至周五 09:00-19:00；周六至周日 09:00-19:30 | 电话:15911187665,8.1,4.7,67,https://aos-comment.amap.com/B0FFM2NB6X/comment/content_media_external_file_1000010417_ss__1758093248343_77429259.jpg,116.499856,39.984231
,841,,Triple·T山野农夫,中餐厅,Triple·T山野农夫,797路与706北三街交叉口南240米 | 电话:13391670897,1.1,1.5,40,,116.497242,39.984157
,841,,天边砂锅焖面(北京798艺术区店),中餐厅,天边砂锅焖面(北京798艺术区店),751D·PARK北京时尚设计广场A11号(小柯剧场对面) | 营业时间:周一至周日 11:00-21:00 | 电话:13520711107,5.6,4.5,45,https://store.is.autonavi.com/showpic/d04a30423b57ad980000002468680922?type=pic,116.498052,39.984259
,841,,珍爱时刻Botanica植物园餐厅,中餐厅,珍爱时刻Botanica植物园餐厅,酒仙桥路北路751园区北1门直行400米右转50米A11楼 | 营业时间:周一至周日 11:30-21:30 | 电话:010-56181908;18010019787,9.7,2.1,0,http://store.is.autonavi.com/showpic/889269345f0a4c15ace60852a0fa0557,116.498055,39.984253
,841,,福来融合西餐,中餐厅,福来融合西餐,797路与706北四街交叉口南220米,7,3.9,135,,116.498875,39.984375
,841,,Atencoffee,单人餐,Atencoffee,北京城区797路与706北四街交叉口南180米 | 营业时间:周一至周日 10:00-19:00 | 电话:13810307593,0.1,4.1,43,https://store.is.autonavi.com/showpic/76af2cd985c98b6fdc7fa0d49674b82f,116.49892,39.984596
,841,,瑞幸咖啡(751D-P小柯剧场店),厚乳拿铁,瑞幸咖啡(751D-P小柯剧场店),酒仙桥路4号751D-PARK北京时尚设计广场小柯剧场一层 | 营业时间:周一至周五 07:00-19:30；周六 07:00-20:30；周日 08:00-19:30 | 电话:4000100100,4.6,4.5,13,https://store.is.autonavi.com/showpic/c287706810a95e84ab635a931ccf264d?operate=original,116.498191,39.984417
,841,,at cafe,意面,at cafe,酒仙桥路4号北京798艺术区(东南角) | 营业时间:周一至周日 10:00-21:00 | 电话:010-59789942;18911261615,1.9,4.5,76,http://store.is.autonavi.com/showpic/f763caf2182f8e5c4dabd997fae7dcf3,116.496383,39.983998
,841,,BERRY BEANS(751店),拿破仑,BERRY BEANS(751店),酒仙桥街道798艺术区751D-PARK时尚回廊A18号南侧 | 营业时间:周一至周日 10:30-18:00 | 电话:19520035751,3.3,4.6,39,https://aos-comment.amap.com/B0K33R6VS2/comment/B5766443_0D25_4989_B745_4BA7FF05F787_L0_001_2000_1238_1734875902694_61618387.jpg,116.498985,39.983404
,841,,gaga(751图书馆店),牛排,gaga(751图书馆店),北京城区酒仙路4号正东集团院内A71层(751图书馆首层) | 营业时间:周一至周日 10:00-22:00 | 电话:15811046644,1.5,4.6,98,https://aos-comment.amap.com/B0K63PNICD/comment/3f6482bae2a8dabc84f8ab13d1c4ab90_2048_2048_80.jpg,116.49752,39.984392
,841,,宽饭(798店),腊味煲仔饭,宽饭(798店),北京城区酒仙桥路4号798艺术区东街南口(火车头广场方向) | 营业时间:周一至周日 10:00-21:00 | 电话:010-57161896;13522837940,6.5,4.5,61,https://aos-comment.amap.com/B0FFFVN09J/headerImg/781620401ba162bd720a89abb9644fd3_2048_2048_80.jpg,116.496321,39.984648
,842,,渔蓝海鲜火锅(首都宾馆店),双人餐,渔蓝海鲜火锅(首都宾馆店),首都宾馆A座一层大堂吧东北角 | 营业时间:周一至周日 16:30-21:30 | 电话:010-58159566,6,4.6,163,https://aos-comment.amap.com/B0JRZGS12N/comment/982239bae377647ec1abd48304e1a1e9_2048_2048_80.jpg,116.409635,39.902001
,842,,良苑烤鸭店(前门店),宫保鸡丁,良苑烤鸭店(前门店),"前门东大街14号楼前 | 营业时间:11:00-21:00,2026年春节期间07:00-09:30；10:30-21:00 | 电话:010-65122322",8.8,4.5,80,https://aos-comment.amap.com/B000A7C192/comment/5B6F0744_4E23_4727_BFA1_4FF00A1CB9F2_L0_001_2000_150_1760867253847_38700077.jpg,116.408677,39.900407
,842,,食鼎轩烤鸭·私房菜(北京王府井台基厂大街店),家常菜,食鼎轩烤鸭·私房菜(北京王府井台基厂大街店),"台基厂大街10-1号 | 营业时间:周一至周日 09:30-14:00,16:30-21:30 2026-05-01至2026-05-05 周一至周日 09:30-14:00,16:30-21:30 | 电话:010-63445868;18519118048",5.9,4.6,70,https://aos-comment.amap.com/B0KGRMA21S/comment/content_media_external_file_100003357_1767011828140_18373911.jpg,116.411861,39.903494
,842,,北京隆和居美食城(正义路店),干锅千页豆腐,北京隆和居美食城(正义路店),东华门街道正义路8号(原市政府斜对面) | 营业时间:周一至周日 10:00-22:30 | 电话:010-65263265;13520777900,3.5,4.4,73,https://store.is.autonavi.com/showpic/72fbdf46904d9ac20000002152518124?type=pic,116.406444,39.903414
,842,,松鹤楼(台基厂店),松鼠桂鱼,松鹤楼(台基厂店),"北京城区台基厂大街10号(东郊民巷小学旁) | 营业时间:周一至周日 11:00-14:00,17:00-21:00 2026-02-17至2026-02-23 周一至周日 11:00-14:00,16:30-21:00 | 电话:010-65278195;010-65279255",8.2,4.5,153,http://store.is.autonavi.com/query_pic?id=st4e59a81c-8dd5-4876-9cdf-1e3afe32ebe2&user=search&operate=original,116.411839,39.903469
,842,,君庭中餐厅(首都宾馆店),牛肉,君庭中餐厅(首都宾馆店),"前门东大街3号首都宾馆东北门门房 | 营业时间:周一至周日 11:00-14:00,17:00-21:00 | 电话:010-58159788",3.7,4.4,213,https://aos-comment.amap.com/comment/content_service__1771506306909_36408294_1771506354089_05149994.jpg,116.408956,39.902119
,842,,奥华餐厅老张记(台基厂店),虾仁独面筋,奥华餐厅老张记(台基厂店),北京城区台基厂大街18-3号 | 营业时间:周一至周日 10:30-21:30 | 电话:010-65129289;010-65244021,6.3,4.6,62,http://store.is.autonavi.com/showpic/a44d4745fdde65bc76e850f893a9937b,116.411937,39.902869
,845,,星巴克(钰珵大厦店),三明治,星巴克(钰珵大厦店),北京城区北四环中路27号钰珵大厦F1层 | 营业时间:周一至周五 08:30-18:00 | 电话:010-64854010,5.9,4.3,30,https://aos-comment.amap.com/B0L21HSPRS/comment/C09A4B8A_9E10_4DA0_B49A_8FA0F9D10BF3_L0_001_1280_170_1768100628377_05325627.jpg,116.387049,39.989569
,845,,水岸餐厅(水立方店),中餐厅,水岸餐厅(水立方店),水立方2层 | 营业时间:【正常】全年 10:00-14:00；16:00-22:00 | 电话:13911181451,9.7,2.8,47,https://store.is.autonavi.com/showpic/d8ab09740cb91f03c26c8a2685eaddbd,116.39074,39.993216
,845,,吉祥馄饨(北京双奥美食街店),特色/地方风味餐厅,吉祥馄饨(北京双奥美食街店),北京城区北京鸟巢双奥美食街 | 电话:18911070883,1.6,3.9,26,https://store.is.autonavi.com/showpic/e3693a9712e1c0ec2d2cf51813963a03,116.391598,39.991708
,846,,石磨坊酒楼(文化街新店),东北菜,石磨坊酒楼(文化街新店),文化新大街1703号 | 营业时间:周一至周日 10:30-23:00 | 电话:010-87739270;15901407091,2.1,4.7,57,https://store.is.autonavi.com/showpic/bbb590210fc03eb5a5581d570eb6362f,116.540353,39.900558
,846,,印玖·融合菜(空中花园景观店),双人餐,印玖·融合菜(空中花园景观店),"北京城区文化新大街1744号印象里文创园D座4层-5层 | 营业时间:周一至周日 11:00-14:00,17:00-22:00 | 电话:13521766572",3.1,4.6,161,https://aos-comment.amap.com/B0FFKJIJO1/comment/ef2757011605820363e3c49f5958e520_2048_2048_80.jpg,116.539782,39.898713
,846,,南门涮肉,火锅店,南门涮肉,文化新大街与高碑店大街交叉口西北300米 | 营业时间:周一至周日 11:00-24:00,1.1,3.9,0,,116.540375,39.900225
,846,,大酒缸老北京菜(文化新大街店),烧味,大酒缸老北京菜(文化新大街店),高碑店乡华声天桥新文化大街 | 营业时间:周一至周日 10:00-22:00 | 电话:010-87739186;13552158280,5.4,2.6,101,https://aos-comment.amap.com/B000AAF6G7/headerImg/1aa4986bcd4ee6b22b579856db6373da_2048_2048_80.jpg,116.542881,39.898137
,852,,龙福居小馆,中餐厅,龙福居小馆,平房镇石各庄桥平安聚源建材家居A座底商 | 营业时间:周一至周日 09:00-23:00,8.4,4,47,http://store.is.autonavi.com/showpic/b6820c207dc8e5a9eabe12ba27db10fd,116.565854,39.9405
,852,,观娱咖啡,羊肉,观娱咖啡,观唐艺术区8号馆 | 营业时间:周一至周日 10:00-24:00 | 电话:010-84305050;13366558831,5.9,4.5,94,https://store.is.autonavi.com/showpic/27f26a9d96c28c457b3aa2b982decc73,116.573694,39.941996
,856,,Grid Coffee(北京北辰荟店),coffee,Grid Coffee(北京北辰荟店),北京城区北辰西路北辰荟购物中心1层L115号店铺 | 营业时间:周一至周日 08:00-21:30 | 电话:17601682867,5.6,4.6,30,https://aos-comment.amap.com/B0K6BCGK4I/comment/content_media_external_file_1000027008_ss__1751112514455_85484376.jpg,116.38804,40.00241
,856,,雀咖啡QUE COFFEE,coffee,雀咖啡QUE COFFEE,北辰西路与大屯路辅路交叉口东北120米 | 营业时间:周一至周日 07:30-21:00,5.1,2.2,52,,116.387425,40.003125
,856,,FOODBOWL超级碗(亚运村北辰荟店),三文鱼,FOODBOWL超级碗(亚运村北辰荟店),北辰西路6号院北辰荟B1层 | 营业时间:周一至周日 10:00-21:00 | 电话:15600135142,8.1,4.3,39,https://aos-comment.amap.com/B0JK95FO4H/comment/4A9C11C7_FF2C_471E_99BF_1C67C7A6EADD_L0_001_2000_112_1761892545122_64072744.jpg,116.387753,40.003208
,856,,瑞幸咖啡(北辰荟店),三明治,瑞幸咖啡(北辰荟店),北辰西路6号院北辰荟F3层 | 营业时间:周一至周日 10:00-21:30,3.2,4.5,12,https://store.is.autonavi.com/showpic/c287706810a95e84ab635a931ccf264d?operate=original,116.387782,40.003653
,856,,杭小满鲜牛肉面馆(北京北辰荟店),中餐厅,杭小满鲜牛肉面馆(北京北辰荟店),北京城区北京城区北辰西路6号院北辰荟购物中心B1层106号 | 营业时间:周一至周日 10:00-22:00 | 电话:15110082606,9.1,4.2,45,https://aos-comment.amap.com/comment/20260320-db38acce79054956012d1689-AvLIRnhQ65e8An0L8J5t7Y.jpg,116.387525,40.003025
,856,,川麒水煮鱼·川菜(鸟巢店),农家粉蒸排骨,川麒水煮鱼·川菜(鸟巢店),"北京城区北辰西路北辰荟购物中心三楼北侧潇湘府 | 营业时间:周一至周日 10:30-14:00,16:30-21:30 | 电话:010-53322363",0.8,4.5,102,https://aos-comment.amap.com/B0K6BDDC3O/comment/90faeea510c774d302eff79fc9b9eee0_2048_2048_80.jpg,116.387761,40.003452
,856,,布同新派北京炸酱面(北辰荟店),大排档,布同新派北京炸酱面(北辰荟店),奥运村街道北辰西路6号院1号楼北辰荟购物中心地下一层B109号商铺 | 营业时间:周一至周日 10:30-21:00 2026-02-15至2026-02-23 全天关闭,9.2,4.4,29,https://aos-comment.amap.com/B0LAHCIPW0/comment/C6ECA87D_4F41_46A4_8E1D_5E43E0FB1CBD_L0_001_1500_200_1769162439909_28542557.jpg,116.38754,40.003281
,856,,橙堡地中海餐厅,女武神甜白小麦,橙堡地中海餐厅,北辰西路北辰荟B座3层 | 营业时间:周一至周日 10:30-22:00 | 电话:010-61222518;15801038439,1.3,4.5,150,https://store.is.autonavi.com/showpic/3dbde5001d35f2290000001177474948?type=pic,116.3877,40.003451
,856,,欢喜Curry咖喱餐厅(北辰荟店),炸薯条,欢喜Curry咖喱餐厅(北辰荟店),奥运村街道北辰西路6号院1号楼-4至3层101内3层L307号 | 营业时间:周一至周日 10:00-22:00 | 电话:18631449100,2,4.2,79,https://store.is.autonavi.com/showpic/33fc057936aa200da65cfee2a1e9c17e,116.387849,40.003699
,856,,喜家德虾仁水饺(北辰荟店),特色/地方风味餐厅,喜家德虾仁水饺(北辰荟店),北京城区北辰荟B1层101室 | 营业时间:周一至周日 10:00-21:30 | 电话:15510012023,2.1,4.3,47,http://store.is.autonavi.com/query_pic?id=stb4f5ff64-44da-4b38-b306-f0536c5ed31a&user=search&operate=original,116.387508,40.003125
,856,,闽海肴(北辰荟店),现煎海蛎煎,闽海肴(北辰荟店),北辰西路与大屯路交叉口北辰荟商场二楼 | 营业时间:周一至周日 11:00-23:00 | 电话:13146896566;17611131616,2.6,4.5,106,https://aos-comment.amap.com/B0K2N4O7EH/comment/641557FA_C3E7_45DD_952D_C1588E6A5C4E_L0_001_2000_150_1762588353711_48840922.jpg,116.387613,40.003111
,856,,新京熹·北京涮肉(鸟巢店),羊肉串,新京熹·北京涮肉(鸟巢店),北京城区北辰西路北辰荟商场3楼L313 | 营业时间:周一至周日 11:00-22:00 | 电话:010-53398929;13810698243,5.8,4.6,173,https://aos-comment.amap.com/B0K6M7BGI4/comment/content_media_external_file_9268_1760223507788_44386867.jpg,116.38798,40.002839
,856,,新太二·鲜料川菜(北京北辰荟店),螺丝椒小炒肉,新太二·鲜料川菜(北京北辰荟店),北京城区北辰西路国家会议中心大酒店北侧约120米北辰荟2F-203-204-205号铺 | 营业时间:周一至周日 11:00-21:30 | 电话:4006092822,0.9,4.6,80,https://aos-comment.amap.com/B0K66LVDDN/comment/20260309-0284e999f1915bc10f90e996-7mAACXJEHUu832Smd01gEn.jpg,116.387761,40.003452
,856,,遇见小面(北辰荟店),酥掉渣芝麻烧饼(1个),遇见小面(北辰荟店),北辰西路北辰荟负一层B102 | 营业时间:周一至周日 10:00-21:30 | 电话:4007628000,3.7,4.4,29,http://store.is.autonavi.com/query_pic?id=st76ac7abf-ce14-451a-91eb-7b65c7c54343&user=search&operate=original,116.387675,40.003173
,858,,冯记包子铺(定福家园北里1号院店),中餐厅,冯记包子铺(定福家园北里1号院店),定福家园北里1号定福家园北里1号院 | 电话:16600062788,7.5,1,17,,116.566307,39.926048
,858,,社区便民主食坊,中餐厅,社区便民主食坊,筑福家园黄渠中街5号院东区,7.7,3.2,0,,116.571675,39.926075
,858,,路边边串串香麻辣烫,中餐厅,路边边串串香麻辣烫,定福家园北里1号定福家园北里1号院,9.5,3,57,,116.566675,39.925975
,858,,山西面食馆(定福家园店),山西面食,山西面食馆(定福家园店),定福家园北里1号定福家园北里1号院 | 营业时间:周一至周日 09:30-24:00 | 电话:15135068681,9.9,3.9,26,https://store.is.autonavi.com/showpic/cc9d5ef159b0b7356a45463f6c94f817,116.566633,39.926069
,858,,疆湖故巷,清真菜馆,疆湖故巷,北京城区北京城区平房乡黄渠村定福家园北里1号院6号楼1层09号 | 营业时间:周一至周日 10:30-23:30 | 电话:13581935636,5.2,4.1,50,https://store.is.autonavi.com/showpic/9b5a91d0a0676f1b28e6ceb9fe011563,116.566532,39.926
,858,,青年火锅店,火锅店,青年火锅店,定福家园北里1号定福家园北里1号院 | 营业时间:周一至周日 10:00-22:00,8.2,3,76,https://aos-comment.amap.com/B0LKJZ1819/comment/C07D4149_80FE_4874_9302_BE602084A1D7_L0_001_1500_200_1771426434955_25032689.jpg,116.566925,39.927075
,858,,川湘小馆(定福家园店),炒饭,川湘小馆(定福家园店),定福家园北里小区国象商业FDS-13 | 营业时间:周一至周日 10:00-22:00 | 电话:18519898880,4.3,4,83,http://store.is.autonavi.com/showpic/322007b374d35b5ec04a99f23f933182,116.566484,39.926019
,858,,味多汁烤肉拌饭,烤肉拌饭,味多汁烤肉拌饭,定福家园北里1号定福家园北里1号院,8.3,2.2,0,,116.566825,39.926275
,858,,杭州小笼包(定福家园北里店),牛肉面,杭州小笼包(定福家园北里店),定福家园北里1号定福家园北里1号院 | 营业时间:周一至周日 06:00-21:00 | 电话:15727355717;19836644475,8.5,3.9,20,http://store.is.autonavi.com/showpic/a0c34b33bd93aa2316f9a31df41315b8,116.566761,39.926015
,858,,老马烧烤,特色/地方风味餐厅,老马烧烤,朝阳北路与三间房西路交叉口西北240米 | 营业时间:周一至周日 17:00-01:00 | 电话:15311688760,3.8,4.4,53,https://store.is.autonavi.com/showpic/c698095a65a25d98afbb2482160e871b,116.566087,39.926015
,860,,京湘汇(来广营店),湖南菜(湘菜),京湘汇(来广营店),北京城区新勇路新北路甲6号京湘汇 | 营业时间:周一至周日 10:00-21:00 | 电话:010-87889938;15510533118,6.4,4.3,41,http://store.is.autonavi.com/showpic/5028d2a0b95ff0560c948154661e8db5,116.449899,40.02661
,861,,紫藤咖啡花园,咖啡厅,紫藤咖啡花园,太阳宫中路6号太阳宫公园内部(南侧),9.5,4.2,30,https://aos-comment.amap.com/B0J14R25F0/comment/content_media_external_file_1000185539_ss__1769018503426_92220201.jpg,116.455275,39.974125
,864,,京城王婆大虾羊蝎子烧烤(金盏店),中餐厅,京城王婆大虾羊蝎子烧烤(金盏店),东苇路02号 | 营业时间:周一至周日 00:00-24:00 | 电话:15010502995,9.2,4.1,76,https://aos-comment.amap.com/B0LAUA73D0/comment/content_media_external_file_181601_ss__1761043546751_18024603.jpg,116.564112,40.007149
,864,,北京汉汤泉餐厅,中餐厅,北京汉汤泉餐厅,东苇路辅路与长店中街交叉口南80米,2.7,3.6,140,https://store.is.autonavi.com/showpic/34d7e25d8cd5f7634339a69ea89f3690,116.564171,40.006931
,864,,彬彬家常菜,家常菜,彬彬家常菜,金盏乡小店村 | 电话:13520863056,6,3.8,54,https://store.is.autonavi.com/showpic/19688c5d748375663333e247e1ef15f1,116.565619,40.008061
,864,,杨子烧烤川香家常菜铁锅柴鸡筋头巴脑,家常菜,杨子烧烤川香家常菜铁锅柴鸡筋头巴脑,金盏乡小店村九零空间 | 电话:13810951830,5.1,3.5,90,https://store.is.autonavi.com/showpic/8a7ed2d3971cc8b82c264f47b0ba7f2d,116.565755,40.00809
,864,,顺峰南门涮肉(金盏店),火锅店,顺峰南门涮肉(金盏店),东苇路辅路与长店中街交叉口南60米,4.4,3.4,40,,116.56414,40.007098
,864,,哈尔滨烧烤海鲜大排档,烧烤海鲜,哈尔滨烧烤海鲜大排档,东苇路辅路与长店中街交叉口东140米 | 营业时间:周一至周日 10:00-22:00 | 电话:13718188116,4.6,3.6,82,https://store.is.autonavi.com/showpic/e126fc4a079418bf2aa29f8f0af871ec,116.566059,40.008136
,864,,晋大碗山西刀削面,鸡肉,晋大碗山西刀削面,金盏镇小店村福来德超市北 | 营业时间:周一至周日 09:00-23:00 | 电话:18512382663,0.5,3.7,40,http://store.is.autonavi.com/showpic/1b8f1efbf91fbd562755ef5f7dbae0d1,116.5659,40.008182
,865,,鸿粤阁,,鸿粤阁,新北路甲一号 | 营业时间:周一至周日 10:00-22:00,8.7,2.3,32,,116.448375,40.031725
,866,,旺角友记正宗隆江猪脚饭(牡丹园店),中餐厅,旺角友记正宗隆江猪脚饭(牡丹园店),花园北路20号牡丹园北里6号楼 | 营业时间:周一至周日 10:00-22:30 | 电话:13691565802,8.7,3.8,34,https://aos-comment.amap.com/B0LGZKPQ36/comment/content_media_external_file_1000211380_ss__1755825602612_30676921.jpg,116.374641,39.980397
,866,,碗碗香麻辣香锅,中餐厅,碗碗香麻辣香锅,小关西后街与牡丹园中路交叉口北20米,8.1,2.5,21,,116.372675,39.980575
,866,,罄酒馆,中餐厅,罄酒馆,花园北路25号小关(厂南区)14号楼 | 营业时间:周一至周日 16:00-02:00 | 电话:18612256319,4,4.5,74,https://aos-comment.amap.com/B0KDXC02LU/comment/content_media_external_images_media_1000155457_ss__1745672085480_22016339.jpg,116.375116,39.980672
,866,,辰茂鸿翔酒店·鸿锦轩餐厅,中餐厅,辰茂鸿翔酒店·鸿锦轩餐厅,"龙翔路15号鸿翔大厦F2层 | 营业时间:周一至周日 09:30-12:00,14:00-17:00,17:00-21:00 | 电话:010-59838808",0.8,4,121,https://store.is.autonavi.com/showpic/503abc10ca8305a95db8422eaa759f2d,116.374733,39.982368
,866,,津北十八道天津菜,单人餐,津北十八道天津菜,"小关西后街与牡丹园中路交叉口西20米 | 营业时间:周一至周日 09:30-14:30,16:30-22:00 | 电话:18201531213",5.7,4.4,66,https://store.is.autonavi.com/showpic/d7a2249042c36390bbb5bc3a57808302,116.372447,39.980554
,866,,七鲜咖啡(辰茂鸿翔酒店店),咖啡厅,七鲜咖啡(辰茂鸿翔酒店店),龙翔路15号靠近北京辰茂鸿翔酒店 | 营业时间:周一至周日 08:00-21:00,4.9,3.9,13,https://store.is.autonavi.com/showpic/cc367b574ca84331fcfde4c78f83080f,116.37444,39.982573
,866,,最重庆·俏幺妹川菜馆(龙翔路店),四川菜(川菜),最重庆·俏幺妹川菜馆(龙翔路店),龙翔路26-7 | 营业时间:周一至周日 10:00-23:30 | 电话:18983540620,5.4,3.9,55,http://store.is.autonavi.com/showpic/3fbeeaa6a7ead4d0912d0ad8afd09cfe,116.375464,39.981927
,866,,胶东海鲜大排档(北太平庄店),大排档,胶东海鲜大排档(北太平庄店),龙翔路商业楼26号(花园东路国安剧院东) | 营业时间:周一至周日 10:30-02:00 | 电话:010-62374169;13552917001,9.5,4.6,122,https://store.is.autonavi.com/showpic/6c458429649f62b60000000955256401?type=pic,116.375392,39.981943
,866,,大漠楼兰新疆美食(牡丹园店),大盘鸡,大漠楼兰新疆美食(牡丹园店),花园北路32-1号 | 营业时间:周一至周日 10:00-14:00，16:30-24:00 | 电话:010-62066616;18810974867,1.3,2.2,56,https://aos-comment.amap.com/B0FFHBVFW9/comment/cd33d223d904589915c45d8c0391e72d_2048_2048_80.jpg,116.372796,39.980549
,866,,山西刀削面家常菜(牡丹园店),家常菜,山西刀削面家常菜(牡丹园店),计一厂宿舍东北1门旁 | 营业时间:周一至周日 10:00-24:00,5.4,3.9,23,https://store.is.autonavi.com/showpic/b13178d473c7a7523961b37c6de7d46e,116.372725,39.980548
,866,,川渝香家常菜烤鱼,家常菜,川渝香家常菜烤鱼,龙翔路川渝香26-7号 | 营业时间:周一至周日 00:00-24:00 | 电话:18983540620,2.6,3.7,78,http://store.is.autonavi.com/showpic/3c3a97343260ed832ec11cee61a738ff,116.375365,39.981935
,866,,玉勇家常菜(计一厂宿舍店),家常菜,玉勇家常菜(计一厂宿舍店),花园北路丙28号 | 营业时间:周一至周日 09:30-22:00 | 电话:13520880188,9.1,4.5,67,https://aos-comment.amap.com/B000A84BGQ/comment/content_media_external_file_28846_ss__1762615194370_36906831.jpg,116.372687,39.980056
,866,,大得涮肉(牡丹园店),手切鲜羊上脑,大得涮肉(牡丹园店),龙翔路15号辰茂翔酒店1层 | 营业时间:周一至周日 11:00-24:00 | 电话:010-84388438,4.9,4.5,99,https://aos-comment.amap.com/B0FFFT894K/comment/file_media_Photo_42195_IMG_1772266633_39119_image_1772266532999_jp_1772266708947_39803944.jpg,116.374808,39.982319
,866,,刘记烧饼夹肉,烧饼夹肉,刘记烧饼夹肉,小规模花园北路皮革学校西南侧4号楼1层102号 | 营业时间:周一至周日 08:00-23:30,9.1,3.7,35,https://store.is.autonavi.com/showpic/de28e07405e4cba05ce207df9e1c2b9b,116.372901,39.980663
,866,,阿杰烧烤,特色/地方风味餐厅,阿杰烧烤,小关斜街与小关西后街交叉口西北40米 | 营业时间:周一至周日 14:00-02:00 | 电话:13167387292,0.3,4,51,https://store.is.autonavi.com/showpic/d8107d2c3dd57e818f66aa2ddd4dcca2,116.372901,39.980663
,866,,和平串店羊蝎子烧烤,羊肉串,和平串店羊蝎子烧烤,龙翔路36号 | 营业时间:周一至周日 16:00-02:00 2026-02-13至2026-02-23 周一至周日 全天关闭 | 电话:13664385251,8.9,4.5,65,http://store.is.autonavi.com/showpic/1c1aff77903f1134f21df89cfb67e79c,116.371193,39.981834
,866,,巴依老爷新疆美食(牡丹园店),馕包肉,巴依老爷新疆美食(牡丹园店),花园北路25号小关(厂南区)5号楼1层101 | 营业时间:周一至周日 10:30-23:00 | 电话:010-53821780,5.8,4.6,63,http://store.is.autonavi.com/showpic/7f09ead84c83d093d4da21c9f81a4855,116.374699,39.981923
,867,,猫屋咖啡吧商务茶饮包场(芍药居北里店),下午茶,猫屋咖啡吧商务茶饮包场(芍药居北里店),芍药贝里315号楼商业区16号 | 营业时间:周一至周日 10:30-23:30 | 电话:010-84298620;13161764831,9.5,4.3,61,https://aos-comment.amap.com/B0I2CB7EBS/comment/8D24BCFE_8828_4152_8997_25B1A629CEE4_L0_001_1500_2000_1739792214925_54580287.jpg,116.432283,39.983778
,867,,胖鼓鼓杭州小笼包,中餐厅,胖鼓鼓杭州小笼包,芍药居电话局西门旁 | 营业时间:周一至周日 06:00-22:00,6.4,3.9,18,https://store.is.autonavi.com/showpic/049a558ef1516133b9c25b8e27599b7b,116.427465,39.985474
,867,,山西刀削面(惠新东桥店),家常菜,山西刀削面(惠新东桥店),高原街11号1层 | 营业时间:周一至周日 08:30-23:00 | 电话:010-84613201,5.1,4.2,21,https://store.is.autonavi.com/showpic/374fb4ca71e034a5fe567dfca7dd8533,116.427462,39.985712
,867,,GC咖啡(芍药居北里店),红丝绒蛋糕,GC咖啡(芍药居北里店),育慧南路317-6号路边 | 营业时间:周一至周日 10:00-19:00 | 电话:18504359018,3.3,4.4,42,https://aos-comment.amap.com/B0J0G7JM0T/comment/3e05464df2ac1c9af5589c2bd621558f_2048_2048_80.jpg,116.431464,39.985588
,867,,肉夹馍,肉夹馍,肉夹馍,育慧南路318-6号芍药居北里,5.7,2,0,,116.431925,39.983875
,867,,小胖麻辣烫串串(高原街店),酸菜鱼,小胖麻辣烫串串(高原街店),育慧街2号院北门东120米 | 营业时间:周六至周日 16:30-01:30；周一至周五 11:30-01:30 | 电话:17718579642,8.6,4.2,28,https://aos-comment.amap.com/B0ID54DYSM/comment/4bf75108ebe4bd2438d6ef93be0b1bc5_2048_2048_80.jpg,116.427479,39.985407
,867,,如意馄饨(芍药居北里店),鸡肉,如意馄饨(芍药居北里店),育慧南路芍药居北里318-8号 | 营业时间:周一至周日 09:00-22:00 | 电话:13041049158;15300228049,4.6,4.5,22,https://img.alicdn.com/imgextra/i3/O1CN01iBQRQf1JGxybm2qFj_!!6000000001002-0-tps-500-500.jpg,116.431204,39.986484
,868,,品珍徽宴·徽菜融合菜(亚运村鸟巢店),徽州刀板香,品珍徽宴·徽菜融合菜(亚运村鸟巢店),"安立路99号名人国际大酒店二层 | 营业时间:周一至周日 11:00-14:00,17:00-21:30 | 电话:010-88728688;17800237652",1.4,4.6,138,https://store.is.autonavi.com/showpic/c91bce33d5e3850e0000000983722492?type=pic,116.407034,39.995784
,868,,丝路小馆兰州牛肉面,清真菜馆,丝路小馆兰州牛肉面,北京城区北京城区北京城区亚运村安慧里二期四号楼一层4-3内02号 | 营业时间:周一至周日 10:20-24:00 | 电话:15701349241;18501112683,6.9,4.1,28,https://store.is.autonavi.com/showpic/697dda2715ad9b130000001402676648?type=pic,116.410393,39.994822
,868,,湘宴新湘菜(亚运村鸟巢店),湘味臭鳜鱼2条,湘宴新湘菜(亚运村鸟巢店),"北京城区亚运村街道安慧里2区4号楼北2层 | 营业时间:周一至周日 11:00-15:00,16:30-21:30 | 电话:13269822234",2.1,4.5,97,https://aos-comment.amap.com/B0J0MSV51X/comment/7BDC9062_AFBF_4D41_8261_DC99E8AC8394_L0_001_2000_150_1769224868545_65958934.jpg,116.408785,39.994741
,868,,Manner Coffee(远大中心店),烤坚果拿铁,Manner Coffee(远大中心店),慧忠路5号远大中心F1层 | 营业时间:周一至周五 08:00-15:30 | 电话:13003185475,0.7,4.1,20,https://aos-comment.amap.com/B0K6BD7PI5/comment/3c86eae8739f358d24290eb6d5562c19_2048_2048_80.jpg,116.410116,39.995481
,868,,一手店(飘亮店),猪肉,一手店(飘亮店),安立路安慧北里321号 | 营业时间:周一至周日 08:00-20:30 | 电话:13371733860,2.9,4.1,24,http://store.is.autonavi.com/showpic/4aef1da8e57f4114bab9e4922488a11e,116.408072,39.996416
,868,,杭州包子铺(安慧北街店),米线,杭州包子铺(安慧北街店),安立路辅路与安慧北街交叉口南40米 | 营业时间:周一至周日 09:00-21:00 | 电话:18858537470,8.5,4.1,22,https://aos-comment.amap.com/B0KBOGBUJJ/comment/E1CC4C49_D0F0_4C51_BEEE_70BD2333B9C4_L0_001_2000_150_1767832134158_69229752.jpg,116.407853,39.995963
,870,,家乡小厨(元老胡同店),东北菜,家乡小厨(元老胡同店),朝外大街乙12号吉祥里 | 营业时间:周一至周日 10:00-23:30 | 电话:18911719315,8.3,4.3,71,http://store.is.autonavi.com/showpic/3c148eeffce96e732c952c688b4c4b46,116.442534,39.924957
,870,,湘遇老伙计湖南热炒(北京首店),中餐厅,湘遇老伙计湖南热炒(北京首店),"北京城区The box朝外年轻力中心A座L3层-03 | 营业时间:周一至周日 11:00-22:00 2026-02-11至2026-02-21 周一至周日 全天关闭；2026-02-22至2026-03-04 周一至周日 11:00-14:00,16:00-21:00 | 电话:13261364899",3,4.4,60,https://store.is.autonavi.com/showpic/b503d6c9fb5a92de0000002360012608?type=pic,116.444426,39.922901
,870,,八旗烤肉(朝外店),八旗烤肉,八旗烤肉(朝外店),朝阳门外大街乙12号 | 营业时间:周一至周日 11:30-23:30 2026-02-16至2026-02-16 周一 全天关闭；2026-02-17至2026-02-22 周二至周日 11:30-20:00 | 电话:18911555289,6.1,4.6,96,https://aos-comment.amap.com/B0J1GLCBGW/comment/dbaa5d1f6145f3fbfc5594199194dad3_2048_2048_80.jpg,116.443208,39.922964
,870,,烤肉刘·清真老北京炙子烤肉(三里屯工体店),原切肥牛卷,烤肉刘·清真老北京炙子烤肉(三里屯工体店),工人体育场南路7号西平房1幢1-3号7幢一层 | 营业时间:周一至周日 10:30-02:00 | 电话:15910911573,0.8,4.6,87,https://aos-comment.amap.com/B0LAXR3X53/comment/content_media_external_file_274821_ss__1765258407237_73643866.jpg,116.446344,39.924478
,870,,老诚一锅(朝外店),夫妻肺片,老诚一锅(朝外店),朝外大街吉祥里209老诚一锅(朝外店) | 营业时间:周一至周日 09:30-01:00 | 电话:010-65880991,3.5,4.4,101,http://store.is.autonavi.com/showpic/bab39c2f63e1ef85bea46caf3c406138,116.442422,39.924868
,870,,禧芗莲·烧菜瓦罐汤(北京朝阳门店),忘不了炒米粉,禧芗莲·烧菜瓦罐汤(北京朝阳门店),朝外大街吉祥里209号 | 营业时间:周一至周日 11:00-22:00 2026-02-16至2026-02-22 周一至周日 11:00-20:30 | 电话:18601140757,6.1,4.6,100,https://store.is.autonavi.com/showpic/9c942625309796f20000002410260334?type=pic,116.442574,39.924289
,870,,辉佐参鸡汤(朝阳门店),桂圆莲子参鸡汤,辉佐参鸡汤(朝阳门店),唐缘小区-吉祥里209号 | 营业时间:周一至周日 10:00-24:00 | 电话:010-56025999;17886903272,0.9,4.6,68,https://aos-comment.amap.com/B0FFKM6B1J/comment/ADAFF20E_A3EC_4921_9CC6_617005A5C5E7_L0_001_2000_150_1773556650544_85750205.jpg,116.442473,39.924289
,870,,六日都烤牛内脏专门店(总店),烤鲜牛肚,六日都烤牛内脏专门店(总店),朝阳门外大街209号 | 营业时间:周一至周日 11:30-24:00 | 电话:010-85630789,3.9,4.7,101,https://aos-comment.amap.com/B0L6BHD9LK/comment/5720A6AD_AD1B_4DE7_A251_51CDAED68265_L0_001_2016_151_1773556039545_22537683.jpg,116.442585,39.924238
,870,,襄阳驻京办·隆中宾馆餐厅,热干面,襄阳驻京办·隆中宾馆餐厅,"朝阳门外大街吉祥里小区205号楼 | 营业时间:周一至周日 11:00-14:00,17:00-21:30 2026-05-01至2026-05-05 周一至周日 11:00-14:00,17:00-21:30 | 电话:010-65529345;17521009397",1.7,4.5,111,https://aos-comment.amap.com/B0FFJ6BSB2/comment/content_media_external_file_1000001650_ss__1762080085168_75088614.jpg,116.442184,39.925132
,870,,吴记潮汕小馆(朝阳门店),精品卤水拼盘,吴记潮汕小馆(朝阳门店),北京城区朝阳门外大街吉祥里209号配套商业楼2楼 | 营业时间:周一至周日 10:00-24:00 | 电话:010-68900422,7.4,4.5,85,https://store.is.autonavi.com/showpic/701c0daddaab3d860000001642892605?type=pic,116.442494,39.924303
,870,,老北京涮肉,老北京涮肉,老北京涮肉,朝阳门外大街吉祥里204号楼一层,1.8,3,0,,116.442534,39.924957
,871,,BINARY COFFEE·二进制咖啡(塑三文创园店),coffee,BINARY COFFEE·二进制咖啡(塑三文创园店),南皋路129号20号楼105室 | 营业时间:周一至周日 08:00-20:00 | 电话:15028409082,9,4.4,34,http://store.is.autonavi.com/showpic/875e3bbb7a0147b0fe815e6b4afc577c,116.519927,40.00217
,871,,元气满满餐厅,中餐厅,元气满满餐厅,崔各庄镇南皋路129号北京市塑料三厂,9.4,2,16,,116.520102,40.002063
,871,,晋味食客城之香美食,京酱肉丝,晋味食客城之香美食,南皋路129号26幢平房101室 | 营业时间:周一至周日 09:00-23:00 | 电话:15296759598,9.6,4.2,23,http://store.is.autonavi.com/showpic/e8c1a9028a03df1d314c3f777dfb281a,116.520518,40.001654
,871,,影博咖啡,咖啡厅,影博咖啡,"北京城区中国电影博物馆二层 | 营业时间:周一,周三至周日 09:00-17:30",3.4,3.8,0,https://aos-comment.amap.com/B0LRMOYER6/comment/content_media_external_file_58545_1769870031971_74917358.jpg,116.520571,39.996366
,872,,你好·西藏·藏式下午茶(亚运村店),下午茶,你好·西藏·藏式下午茶(亚运村店),北苑路与北四环东路辅路交叉口东南60米 | 营业时间:周一至周日 10:30-21:00,4.5,3.3,51,,116.413825,39.987925
,872,,臻享私厨(老李私家小炒店),中餐厅,臻享私厨(老李私家小炒店),北四环亚运村街道安慧里四区15号中国五矿大厦,4.3,3.4,19,,116.413275,39.989425
,872,,渔皇宴·江南菜·烤鸭(中国五矿大厦店),乌鸡猪肚煲,渔皇宴·江南菜·烤鸭(中国五矿大厦店),安慧里四区15号楼(惠新西街北口地铁站A西北口步行490米) | 营业时间:周一至周日 10:30-22:00 | 电话:010-64923875;15010774845,8.2,4.5,147,https://aos-comment.amap.com/B0JKLU4TE1/comment/content_media_external_file_100001194_1773491563219_97745855.jpg,116.412917,39.989084
,872,,小空杯咖啡,咖啡厅,小空杯咖啡,北京城区安慧里四区15号楼院1号楼1层103室(速8酒店东侧20米) | 营业时间:周三至周日 10:00-18:00；周二 12:00-18:00 | 电话:13910705774,7.5,4.5,53,https://store.is.autonavi.com/showpic/03c3ff33230d79971d1db93807ba96f6,116.413,39.989261
,872,,唐宫·粤菜海鲜(西藏大厦店),唐宫虾饺皇,唐宫·粤菜海鲜(西藏大厦店),北四环东路118号西藏大厦首层 | 营业时间:周一至周五 09:00-21:30；周六至周日 08:00-21:30 2026-05-01至2026-05-05 周一至周日 08:00-21:30 | 电话:010-64985543;13521818232,6.3,4.6,127,http://store.is.autonavi.com/showpic/b64ec7817928e840b2fb8292aa586b14,116.41392,39.987875
,872,,望京小腰(亚运村总店),家常菜,望京小腰(亚运村总店),安慧里四区1号楼 | 营业时间:周一至周日 17:00-01:00 | 电话:13552450977;13718931873,3.7,4.4,72,https://store.is.autonavi.com/showpic/f2094f85291a56330000002383982798?type=pic,116.414166,39.989918
,872,,水产公社海鲜市集火锅 (亚运村店),招牌蒜茸粉丝蒸扇贝,水产公社海鲜市集火锅 (亚运村店),"北京城区北四环东路安慧里四区15号中国五矿大厦一层 | 营业时间:周一至周五 10:30-14:00,16:30-21:30；周六至周日 10:30-15:30,16:30-21:30 | 电话:010-65078888",6.4,4.7,129,http://store.is.autonavi.com/showpic/361b934f7edee1392e135908853474d4,116.413169,39.989104
,872,,万龙洲(亚运村店),盐焗细花螺,万龙洲(亚运村店),"亚运村安慧里四区15号中国五矿大厦二层 | 营业时间:周一至周五 10:30-14:00,16:30-22:00；周六至周日 10:30-15:30,16:30-21:30 | 电话:010-64969861;010-64989898",2,4.7,132,http://store.is.autonavi.com/showpic/10d3e82896fc558942ebda8f8e3f1ad7,116.41304,39.989101
,872,,左陕右甘(亚运村店),臊子面,左陕右甘(亚运村店),北京城区安慧里四区1号搂21号 | 营业时间:周一至周日 11:00-22:00 | 电话:010-64961764,7.9,4.6,35,https://aos-comment.amap.com/B0FFH12P6C/comment/D027F066_A9BF_4201_94DB_27F18F547379_L0_001_2000_150_1764208223888_04750006.jpg,116.414246,39.99031
,872,,北京西藏大厦·香帕拉藏餐厅,自助餐,北京西藏大厦·香帕拉藏餐厅,"北四环东路118号西藏大厦a座2层 | 营业时间:周一至周日 10:00-14:00,17:00-21:00",9.5,4.2,103,https://aos-comment.amap.com/B000A985UE/comment/content_media_external_file_1000280033_ss__1761566644866_59616754.jpg,116.413848,39.987899
,872,,小碗良食社区食堂(亚运村店),鸭肉,小碗良食社区食堂(亚运村店),"北京城区安慧里四区东南门东北50米 | 营业时间:周一至周日 06:30-09:30,11:00-14:00,17:00-20:30 | 电话:13041108070",3.1,4.5,33,http://store.is.autonavi.com/showpic/75b96cadef1a1793c2500ee6836c19aa,116.414119,39.989998
,873,,蟹兴楼(蟹岛店),爆三样,蟹兴楼(蟹岛店),蟹岛冰雪大世界入口西南100米 | 营业时间:09:30-14:00；每天17:00-21:00 | 电话:010-84324707;010-84324708;13051057819,6.9,3.3,95,http://aos-cdn-image.amap.com/sns/ugccomment/222d81d4-9c06-414b-a08b-051d4dd66d46.jpg,116.547433,40.017249
,873,,蟹岛婚恋之梦,综合酒楼,蟹岛婚恋之梦,蟹岛路1号蟹岛度假村内(近机场高速苇沟出口) | 营业时间:周一至周日 10:00-18:00 | 电话:010-84324696;010-84324910;010-84335311,7.4,4.4,505,http://store.is.autonavi.com/showpic/a71269253a7b094fa77c5c2080fc54d2,116.547044,40.018332
,874,,怪兽不厌食,中餐厅,怪兽不厌食,林萃东路与大屯路辅路交叉口北260米,5.9,3.2,0,,116.380575,40.004225
,874,,易湘缘(鸟巢店),小炒肉,易湘缘(鸟巢店),"大屯路南沙滩101号 | 营业时间:周一至周日 11:00-14:30,16:30-21:30 2026-02-15至2026-02-23 周一至周日 全天关闭 | 电话:13141192206",3,4.4,75,https://store.is.autonavi.com/showpic/b35097fc2366318ad0e0a02a940db561,116.381659,40.001618
,874,,小炒黄牛肉,小炒黄牛肉,小炒黄牛肉,中国联通南沙滩营业厅东门旁,4.2,2.6,0,,116.381375,40.001625
,874,,晋德顺手擀面,手擀面,晋德顺手擀面,中国联通南沙滩营业厅东门西50米 | 营业时间:周一至周日 09:00-23:00,1.9,3.9,17,https://store.is.autonavi.com/showpic/ac80acde5876be1f0617f5d7258675d4,116.381199,40.001645
,874,,美口鲜·现炒现做下饭菜(大屯路店),猪肉,美口鲜·现炒现做下饭菜(大屯路店),大屯北路101号 | 营业时间:周一至周日 06:00-22:00 | 电话:15201261629,6.5,4.3,30,https://store.is.autonavi.com/showpic/c5378b43492825a40000002317782049?type=pic,116.381391,40.001645
,874,,巴依老爷·新疆美食(奥体鸟巢店),红柳烤肉,巴依老爷·新疆美食(奥体鸟巢店),大屯路142号 | 营业时间:周一至周日 11:00-23:00 | 电话:15110208181,1.9,4.6,78,https://store.is.autonavi.com/showpic/3d5507e3617c3f6783ce513157daecab,116.38079,40.001523
,874,,西北风味(大屯路店),豆腐,西北风味(大屯路店),大屯路3号 | 营业时间:周一至周日 09:00-21:00 | 电话:13717785027,4.9,4,19,http://store.is.autonavi.com/showpic/43a4a53b16c9bb180742a96a3750eab7,116.38021,40.003968
,877,,Grid Coffee(北京亚洲金融大厦店),coffee,Grid Coffee(北京亚洲金融大厦店),北京城区北京城区天辰东路1号院亚洲金融大厦B1-17 | 营业时间:周一至周五 07:30-18:00 | 电话:17813622505,9.6,4,28,https://store.is.autonavi.com/showpic/a0e8d386ce1ea5beac917537011b79cc,116.389547,40.008509
,877,,湖南饭店,中餐厅,湖南饭店,科荟南路与北中轴景观大道交叉口东北40米,2.7,2.7,36,,116.393075,40.007175
,877,,以沫咖啡,咖啡厅,以沫咖啡,奥体森林公园南门西侧以沫咖啡,1.2,4.1,29,http://store.is.autonavi.com/showpic/7aef534dd8e85e11c77d0f4afd4bdde8,116.391469,40.011902
,877,,元想空间META SPACE(亚洲金融大厦店),咖啡厅,元想空间META SPACE(亚洲金融大厦店),亚洲金融大厦B1层b1-28 | 营业时间:周一至周日 09:00-02:00 | 电话:15001387048,5.1,3.7,26,http://store.is.autonavi.com/showpic/2b490c47b0de13de291aa81f42c479c4,116.38968,40.008384
,878,,牛老大(工体店),中餐厅,牛老大(工体店),工人体育场北路13号世茂国际中心B1层 | 电话:13718959201,5.6,1,22,,116.448684,39.933984
,878,,粤食佳啫啫煲(三里屯店),双人餐,粤食佳啫啫煲(三里屯店),"北京城区三里屯路11号北三里社区 | 营业时间:周一至周四,周日 11:00-21:30；周五至周六 11:00-22:00 | 电话:010-53511588;13126705819",7.4,4.6,149,https://aos-comment.amap.com/B0H3SSJTF5/comment/6a2a3dff8b46a38a5eee29ab141e01d4_2048_2048_80.jpg,116.450717,39.93489
,878,,霸气大叔·干锅鸭头·川菜烧烤(三里屯创始店),口水鸡,霸气大叔·干锅鸭头·川菜烧烤(三里屯创始店),"中国红街乙2号一层101(工人体育场地铁站F口步行240米) | 营业时间:周一至周日 11:00-14:00,15:00-05:00 | 电话:15600917917",7.7,4.5,102,https://aos-comment.amap.com/B0H05RHGC9/comment/DD051BD5_84D6_4BD2_9A15_A83FD69C2C0E_L0_001_1290_62_1772035583477_22088487.jpg,116.45099,39.93269
,878,,善方医院咖啡厅(世茂广场工三店),咖啡厅,善方医院咖啡厅(世茂广场工三店),世茂国际中心3号楼(工人体育场地铁站B口步行80米),2.7,3.8,12,http://store.is.autonavi.com/showpic/a2119248af86bad14c07929e6bf2d5a6,116.448858,39.934562
,878,,小张串吧(工体店),工作餐,小张串吧(工体店),幸福一村甲55号附近(近幸福一村三巷) | 营业时间:周一至周日 10:00-07:00 | 电话:010-64154335,7.7,4.5,100,https://aos-comment.amap.com/B0FFGK75M2/comment/b24d5abe201ab027e02ecdd849b3e4c5_2048_2048_80.jpg,116.448518,39.934321
,878,,星巴克(北京工体北路店),巧克力,星巴克(北京工体北路店),北京城区工人体育场北路13号北京世茂百货F1层E103 | 营业时间:周一至周日 07:00-18:00 | 电话:010-84059070,0.3,4.6,30,http://store.is.autonavi.com/showpic/e45e3a0043413101283377e6985510c9,116.449826,39.935407
,878,,重庆大厦火锅烧烤,烤串,重庆大厦火锅烧烤,"北京城区工人体育场东路甲二号中国红街大厦1号楼3层301 | 营业时间:周日 11:00-03:00；周五至周六 11:00-05:00；周三至周四 11:00-14:30,17:00-03:00；周一至周二 17:00-01:30 | 电话:13691052395",8.7,4.7,105,https://aos-comment.amap.com/B0K22LBFDZ/comment/5969F5FB_F1FB_4C6E_A8B2_535F74AA85FF_L0_001_1179_131_1767675575118_68657312.jpg,116.450845,39.933004
,878,,方德彪贵州烙锅(三里屯旗舰店),贵州烙锅,方德彪贵州烙锅(三里屯旗舰店),中国红街3号楼(工人体育场地铁站F口步行260米) | 营业时间:周一至周日 11:30-05:00 | 电话:15201213027,9.7,4.4,75,https://store.is.autonavi.com/showpic/b50b7f269309f5070000001123222385?type=pic,116.450768,39.932201
,878,,东四民芳(世茂工三店),鱼头泡饼里的饼,东四民芳(世茂工三店),工体北路13号世茂广场·工三3层 | 营业时间:周一至周日 10:00-22:00 | 电话:010-64094688;010-64094988,0.4,4.6,109,https://aos-comment.amap.com/B0FFHLDUBT/comment/content_media_external_images_media_295143_ss__1767014695891_85655951.jpg,116.449739,39.934561
,878,,机电厂老火锅(三里屯店),鲜牛黄喉,机电厂老火锅(三里屯店),北京城区工人体育场东路丙2号1层111 | 营业时间:周一至周日 11:30-02:00 2026-02-15至2026-02-21 周一至周日 全天关闭 | 电话:13522175475,8.1,4.7,80,https://store.is.autonavi.com/showpic/cb168573496531000000002248346184?type=pic,116.450987,39.932412
,878,,漂亮火锅(世茂广场店),鸡肉,漂亮火锅(世茂广场店),"工人体育场北路13号院世茂工三4层0401号 | 营业时间:周一至周日 11:30-14:00,17:00-22:30 | 电话:13264491790",1.8,4.6,169,https://aos-comment.amap.com/B0IRSSEDG9/comment/A6C0F65D_1D63_494A_836F_CEDFB79A9F4E_L0_001_1500_2000_1730884388427_90465379.jpg,116.449231,39.934639
,878,,阁上阁鸭血粉丝汤(世茂广场店),鸭血粉丝汤,阁上阁鸭血粉丝汤(世茂广场店),工人体育场北路13号世茂广场工三店B1层 | 营业时间:周一至周日 10:00-21:00 | 电话:010-58349838,6,3.9,27,http://store.is.autonavi.com/showpic/0d911e1c81632d523d73520c450ae432,116.449351,39.934823
,878,,破店肥哈·海鲜·烧烤(三里屯店),麻辣烫,破店肥哈·海鲜·烧烤(三里屯店),"北京市朝阳区工人体育场东路甲2号1层107-108 | 营业时间:11:00-14:00；16:30-02:00,2026-02-16至2026-02-18休息2026-02-1916:30-02:00 | 电话:13520967821",4.4,4.7,85,https://aos-comment.amap.com/B0I2LH7A02/comment/202507_31-11504_1753933844974_39021868.jpg,116.45076,39.932824
,879,,水岸餐厅(水立方店),中餐厅,水岸餐厅(水立方店),水立方2层 | 营业时间:【正常】全年 10:00-14:00；16:00-22:00 | 电话:13911181451,5.2,2.8,47,https://store.is.autonavi.com/showpic/d8ab09740cb91f03c26c8a2685eaddbd,116.39074,39.993216
,879,,王老六铁锅炖鱼(鸟巢盘古店),中餐厅,王老六铁锅炖鱼(鸟巢盘古店),"亚运村街道安翔里1号老故事503文创园东门 | 营业时间:周一至周日 10:00-14:00,16:30-23:30 2026-05-01至2026-05-05 周一至周日 11:00-14:00,16:30-23:30 | 电话:15101182989",9.5,4.5,86,https://store.is.autonavi.com/showpic/1e54f28290f6a0e452d9765e4502ecb3,116.385915,39.99249
,879,,花聚小馆(亚运村店),中餐厅,花聚小馆(亚运村店),北四环中路27号盘古大观 | 营业时间:周一至周日 11:00-23:00,9.4,3.3,500,,116.386775,39.993425
,879,,吉祥馄饨(北京双奥美食街店),特色/地方风味餐厅,吉祥馄饨(北京双奥美食街店),北京城区北京鸟巢双奥美食街 | 电话:18911070883,4.4,3.9,26,https://store.is.autonavi.com/showpic/e3693a9712e1c0ec2d2cf51813963a03,116.391598,39.991708
,879,,阿招.鸡煲(鸟巢店),鸡煲,阿招.鸡煲(鸟巢店),西一路老故事文创园东门109楼 | 营业时间:周一至周四 11:00-23:00；周五至周日 11:00-24:00 | 电话:15701093665,6.8,4.6,99,https://aos-comment.amap.com/B0KKMDFWCI/comment/content_media_external_file_100021689_1763363779338_62936497.jpg,116.385854,39.992373
,881,,小村二匠·串烧食堂(安贞环宇荟店),串烧,小村二匠·串烧食堂(安贞环宇荟店),安定路5号院北京安贞环宇荟F4层(安贞门地铁站出入口旁) | 营业时间:周一至周日 10:00-22:00 | 电话:18600510717,2.2,4.3,0,https://aos-comment.amap.com/B0LRZS1OD4/comment/3EE00B3F_48FA_439C_A88B_0893414DA207_L0_001_2000_150_1773073719781_04188482.jpg,116.406625,39.977675
,881,,乾元大都涮肉,小龙虾,乾元大都涮肉,"安定路甲24号安贞门地铁站C口对过东南角 | 营业时间:周一至周日 11:00-13:30,17:00-23:30 2026-05-01至2026-05-05 周一至周日 11:00-13:30,17:00-23:30 | 电话:010-64438756;13701151890",3.6,4.6,111,https://aos-comment.amap.com/B0FFIP2REA/comment/3BD0932C_19EB_4EA0_8FAD_50E613DF76DF_L0_001_2000_150_1764945570229_77418695.jpg,116.40779,39.976303
,881,,星巴克臻选北京安贞环宇荟店,巧克力,星巴克臻选北京安贞环宇荟店,安定路5号环宇荟购物中心1层 | 营业时间:周一至周日 07:00-21:00 | 电话:010-64197131,5.2,4.7,30,https://aos-comment.amap.com/B0FFIRD6OU/comment/0b0c475b75ac7aeed246e7e8252d4805_2048_2048_80.jpg,116.406058,39.977548
,881,,麻六记(安贞环宇荟店),毛血旺,麻六记(安贞环宇荟店),安定路5号院北京安贞环宇荟F2层(安贞门地铁站B东北口旁) | 营业时间:周一至周日 10:00-21:00 | 电话:010-88467840,5.6,4.6,109,https://aos-comment.amap.com/B0H1URY10Z/comment/d099af09c396eb03d8ea57e6dec5aa92_2048_2048_80.jpg,116.406547,39.977682
,881,,三泉冷面(安贞环宇荟店),气泡冷面,三泉冷面(安贞环宇荟店),北京城区北京安贞环宇荟B1层B104-1B104-2单元 | 营业时间:周一至周日 09:00-21:30 | 电话:17310958570,5.3,4.7,60,https://aos-comment.amap.com/B0JU7CMP9V/comment/03ED2E3C_A235_460B_A78D_CAAC788C77CB_L0_001_2000_150_1759890310943_83288123.jpg,116.406499,39.977699
,881,,嗨串界麻辣串(安贞环宇荟店),麻辣串,嗨串界麻辣串(安贞环宇荟店),安定路5号院北京安贞环宇荟B1层 | 营业时间:周一至周日 10:00-22:00 | 电话:13621002263,0.9,3.9,36,https://aos-comment.amap.com/B0JU419R6X/comment/B3B6D593_14EF_47D7_9421_07992FDA278F_L0_001_2000_150_1759854888788_96643869.jpg,116.406352,39.977691
,882,,观巢下午茶,下午茶,观巢下午茶,北辰桥与北辰路交叉口西北60米,9.4,3.2,0,,116.393775,39.987675
,882,,旺星园食府,中餐厅,旺星园食府,北辰西路辅路与华亭南街交叉口东100米 | 营业时间:周一至周日 10:00-20:00 | 电话:13901145611,5.1,4.4,156,http://store.is.autonavi.com/showpic/198ea16031b4a8e6c472462fa6280a44,116.388569,39.985977
,882,,水苗寨龙湖咖啡,咖啡厅,水苗寨龙湖咖啡,中华民族园北园,8,2.3,40,,116.391068,39.98526
,882,,老北京风味餐厅,炸酱面,老北京风味餐厅,北京城区北京奥林匹克公园3号安检口外东侧一层01号 | 营业时间:周一至周日 10:00-22:00 | 电话:17801369580,9.4,4.3,27,https://aos-comment.amap.com/B0LRBCO9VE/comment/file_media_Photo_4322_IMG_1771646457_4083_IMG_20260221_115917_jpg_ss__1771647590479_94854476.jpg,116.39401,39.986812
,882,,湘宴·湘粤菜·私人订制(民族园店),甲鱼,湘宴·湘粤菜·私人订制(民族园店),"北京城区民族园1号一层 | 营业时间:周一至周五,周日 11:00-14:00,17:00-21:00；周六 11:00-21:00 | 电话:010-83685928;13910269628",1.2,4.3,298,https://aos-comment.amap.com/B0KR0ULI53/comment/content_media_external_file_100009604_1758729299140_40166758.jpg,116.388118,39.986112
,883,,廣順興(亚运村·鸟巢店),中餐厅,廣順興(亚运村·鸟巢店),慧中北里413号楼1层至3层101内一层 | 营业时间:周一至周日 10:30-22:00 | 电话:13126769080,2,4.5,87,https://store.is.autonavi.com/showpic/0ec832809d931be0ebc09f1c994a95a7,116.400926,40.004045
,883,,即醒咖啡,咖啡厅,即醒咖啡,大屯北路与湖景东路交叉口东140米 | 营业时间:周一至周日 10:00-20:30 | 电话:17600299780,4.3,2.1,0,,116.398325,40.004825
,883,,捞捞福海鲜火锅(亚运村店),小羊肋卷,捞捞福海鲜火锅(亚运村店),大屯北路慧忠北里218号 | 营业时间:周一至周日 10:00-22:00 2026-05-01至2026-05-05 周一至周日 10:00-22:00 | 电话:010-85584333;010-85584666,9.9,4.7,297,https://aos-comment.amap.com/B000A85ZDE/comment/BC63958B_4E0E_4F7F_B8EB_D7C4838A404A_L0_001_1500_2000_1734831197459_91846573.jpg,116.401941,40.005402
,883,,中国科学技术馆-观众餐厅,意大利面,中国科学技术馆-观众餐厅,北辰东路5号中国科学技术馆内 | 营业时间:周二至周日 09:00-17:00 | 电话:010-59041000,0.8,4.2,47,https://aos-comment.amap.com/B0FFF3O6ID/comment/a57dd764-f0e2-4eed-b4c8-26231e464f66.png,116.398478,40.006021
,884,,任性淮南牛肉汤(世贸天阶北街店),中餐厅,任性淮南牛肉汤(世贸天阶北街店),光华路甲9号世贸天阶北街,6.8,3.4,29,,116.452363,39.916902
,884,,湘村范自选餐厅,中餐厅,湘村范自选餐厅,世贸天阶南街,7.1,3.2,31,https://store.is.autonavi.com/showpic/7c1f27e2d7c950e7919c2da84122b1f4,116.452525,39.916341
,884,,碗口居(东大桥店),中餐厅,碗口居(东大桥店),光华路甲9号世贸天阶北街,3.9,2.4,0,,116.452148,39.916778
,884,,米村拌饭(世贸天阶店),中餐厅,米村拌饭(世贸天阶店),"北京城区光华路甲9号世贸天阶地下1层142号商铺,世贸天阶西门东门扶梯都可以进遇见小面旁边对面喜家德 | 营业时间:周一至周日 10:00-21:00 | 电话:15940017882",2.3,4.3,33,http://store.is.autonavi.com/query_pic?id=st596b1fbb-f39e-4563-a573-71db96d80dc8&user=search&operate=original,116.45217,39.916649
,884,,Tims天好咖啡(世贸天阶店),全麦贝果,Tims天好咖啡(世贸天阶店),光华路甲9号世贸天阶F1 | 营业时间:周一至周日 08:00-22:00 | 电话:010-52061027,8.5,4.4,30,http://store.is.autonavi.com/query_pic?id=st1a318338-7770-4717-a3c2-d24271293e86&user=search&operate=original,116.452107,39.916861
,884,,牛三斤潮汕鲜牛肉火锅(世贸天阶北街店),单人餐,牛三斤潮汕鲜牛肉火锅(世贸天阶北街店),光华路9号世贸天阶北街B1层 | 营业时间:周一至周日 09:00-22:00 | 电话:17710960972,1.6,4.5,95,https://aos-comment.amap.com/B0L2GRTTPO/comment/content_media_external_file_7188_ss__1767961390222_43251982.jpg,116.451737,39.916845
,884,,小鲜岛(世贸天阶南街店),双人餐,小鲜岛(世贸天阶南街店),光华路9号世贸天阶地下一层B133 | 营业时间:周一至周日 10:00-21:30 2026-05-01至2026-05-05 周一至周日 10:00-21:30 | 电话:010-65924056,6.2,4.6,118,https://aos-comment.amap.com/B0H6P9UGMF/comment/3eede32e907b53b60dc76afc395ba463_2048_2048_80.jpg,116.451364,39.916372
,884,,铭门盛宴艺术海鲜姿造(世贸天阶店),新西兰大澳鲍姿造,铭门盛宴艺术海鲜姿造(世贸天阶店),"光华路9号世贸天阶中心北区四层 | 营业时间:周一至周日 11:30-14:00,17:30-21:00 | 电话:010-65006599;010-65008558",2.9,4.8,486,http://store.is.autonavi.com/showpic/d3319d0f01ed8209f970a9d34f809b76,116.452802,39.916853
,884,,Manner Coffee(世贸天阶北街店),烤坚果拿铁,Manner Coffee(世贸天阶北街店),光华路甲9号世贸天阶北街B1层B1K6 | 营业时间:周一至周日 07:00-17:00 | 电话:13041617362,0.2,4.3,20,https://store.is.autonavi.com/showpic/409e2c54e300ff5b0000002452370281?type=pic,116.452426,39.916689
,884,,瑞幸咖啡(世贸天阶店),牛油果森林瑞纳冰,瑞幸咖啡(世贸天阶店),光华路甲9号世贸天阶南街负一层B1K8号 | 营业时间:周一至周日 10:00-21:30 | 电话:4000100100,4.2,4.4,13,https://store.is.autonavi.com/showpic/c287706810a95e84ab635a931ccf264d?operate=original,116.452433,39.916505
,884,,和府捞面(北京世贸天阶店),牛肉,和府捞面(北京世贸天阶店),光华路9号世贸天阶南街B1-147号铺 | 营业时间:周一至周日 10:00-21:30 | 电话:13639410819;18148924139;4001616777,5.8,4.3,32,http://store.is.autonavi.com/query_pic?id=st2eeeb9c7-e911-4ec1-bed7-17dc20dfccf6&user=search&operate=original,116.452279,39.916438
,884,,马记永·兰州牛肉面(世贸天阶南街店),牛肉,马记永·兰州牛肉面(世贸天阶南街店),世贸天阶南街 | 营业时间:周一至周日 10:30-21:00 | 电话:15330239457;18447117030,9.2,4.3,40,http://store.is.autonavi.com/query_pic?id=stc0444e99-56e7-42fb-bccc-89bf671bff76&user=search&operate=original,116.45263,39.916288
,884,,山野板扎·云贵川Bistro(中骏世界城店),特色/地方风味餐厅,山野板扎·云贵川Bistro(中骏世界城店),北京城区金汇路6号中骏世界城F1层 | 营业时间:周一至周日 11:00-22:00 2026-05-01至2026-05-05 周一至周日 11:00-22:00 | 电话:15313309073,1,4.6,133,https://aos-comment.amap.com/B0L2BHJ25R/comment/72ECB66A_ED00_4049_BECD_EC461079CCC3_L0_001_1240_165_1768035281068_55323184.jpg,116.452351,39.917376
,884,,隆江猪脚饭(世贸天阶店),特色/地方风味餐厅,隆江猪脚饭(世贸天阶店),光华路甲9号世贸天阶北街B1层,4.9,3.6,30,https://store.is.autonavi.com/showpic/45a1abb67228103e89e7265f6a73f517,116.452292,39.91686
,884,,凉皮先生·米线·肉夹馍(世贸天阶店),米线,凉皮先生·米线·肉夹馍(世贸天阶店),北京城区光华路9号1号楼-1层-01商业内B145 | 营业时间:周一至周日 09:30-21:30 | 电话:18910208712,3.7,4,24,http://store.is.autonavi.com/query_pic?id=st66bd71ad-dd09-4287-ad52-a2db1fe7a3d9&user=search&operate=original,116.452017,39.916492
,884,,百乐汇厨房就餐区(世贸天阶北街店),综合酒楼,百乐汇厨房就餐区(世贸天阶北街店),光华路9号世贸天阶b座 | 营业时间:周一至周日 09:30-20:30 | 电话:010-65871298;15510253765,9.7,3.5,24,https://aos-comment.amap.com/B0FFF6S4AJ/comment/content_media_external_images_media_1000011863_ss__1731824214011_63824434.jpg,116.452132,39.916953
,884,,水木锦堂铁板烧(世贸天阶店),美乃滋焗大虾,水木锦堂铁板烧(世贸天阶店),光华路9号世贸天阶中心北区4层 | 营业时间:周一至周日 10:30-22:00 | 电话:010-65063368,7.7,4.6,260,http://store.is.autonavi.com/showpic/3aaf02da24c36167097824b5045605bc,116.452412,39.917081
,884,,煲仔皇(世贸天阶店),腊味四宝煲仔饭,煲仔皇(世贸天阶店),光华路9号1号楼负一层-01商业内B124 | 营业时间:周一至周日 10:00-21:00 | 电话:010-52061008,1.6,4.3,39,http://store.is.autonavi.com/showpic/90735bd33528b88be2dc1e2407a65bc2,116.452587,39.916797
,884,,遇见小面(世贸天阶店),葱酥骨汤抄手,遇见小面(世贸天阶店),光华路甲9号世贸天阶北街B1层 | 营业时间:周一至周日 11:00-21:00 | 电话:4007628000,8.8,4.3,27,http://store.is.autonavi.com/query_pic?id=st76ac7abf-ce14-451a-91eb-7b65c7c54343&user=search&operate=original,116.452187,39.916675
,884,,京城小江南·北京菜·上海菜·白鱼(世贸天阶店),蒋家一碗香,京城小江南·北京菜·上海菜·白鱼(世贸天阶店),北京城区光华路9号世贸天阶北街B1层106号 | 营业时间:周一至周日 10:30-22:00 | 电话:13522428489,7.3,4.6,66,http://store.is.autonavi.com/showpic/87b09d6974398356ccbd6abc64d2c027,116.450931,39.916619
,884,,哆啦仙煎饼麻辣烫(世贸天阶南街店),麻辣烫,哆啦仙煎饼麻辣烫(世贸天阶南街店),盒马鲜生东大桥店内哆啦仙美食档口 | 营业时间:周一至周日 10:00-22:00 | 电话:18795690835,1.1,3.3,19,http://store.is.autonavi.com/showpic/4a44a92cb5995f0588206076eadaa8a9,116.452378,39.916197
,886,,同盛鑫西门铜锅涮肉,烤串,同盛鑫西门铜锅涮肉,"彩电中心宿舍小区北1门西80米 | 营业时间:周一至周日 09:30-14:30,16:30-21:30 2026-05-01至2026-05-05 周一至周日 09:30-14:30,16:30-21:30 | 电话:010-63979909",7.5,4.4,121,https://aos-comment.amap.com/B0IAJZSWWB/comment/content_media_external_file_100002081_1766277355311_89501542.jpg,116.31689,39.91087
,886,,饺子馆私家菜,私家菜,饺子馆私家菜,中央电视台制作区北门旁 | 营业时间:周一至周日 07:00-21:00,2.8,4.1,61,https://store.is.autonavi.com/showpic/54c722856c7015113c066bf0bff6766e,116.316891,39.910923
,886,,味道CCTV·中餐厅(梅地亚中心店),肥肠,味道CCTV·中餐厅(梅地亚中心店),"羊坊店街道复兴路乙11号梅地亚中心二层 | 营业时间:周一至周日 11:30-14:00,17:30-21:00 | 电话:010-68550477",7.5,4.2,147,http://store.is.autonavi.com/showpic/d4f048e8b9acc6c9b5cc623449d7b66d,116.320196,39.910365
,886,,粤湘荟,臭鳜鱼,粤湘荟,"复兴路丙11号 | 营业时间:周一至周日 09:30-14:30,16:30-21:30 | 电话:010-68239898;010-68523800",8.8,4.5,104,https://aos-comment.amap.com/B0JAD5DUPB/headerImg/6368d42d39cb1809657de17d37746ad2_2048_2048_80.jpg,116.316894,39.911014
,891,,嘉和一品粥(奥林匹克公园中心区店),中餐厅,嘉和一品粥(奥林匹克公园中心区店),天辰东路9号 | 营业时间:周一至周日 10:30-22:00,1,4.2,25,https://store.is.autonavi.com/showpic/c0a53422c91cc30ff686c1981c5a4879?operate=original?operate=original?operate=original?operate=original,116.393052,39.995542
,891,,彼岸咖啡(北京奥园city街店),咖啡厅,彼岸咖啡(北京奥园city街店),天辰东路与慧忠路交叉口东北180米 | 营业时间:周一至周日 10:00-22:00,4,2.1,58,,116.392725,39.995875
,891,,东华门小吃·炸酱面(奥林匹克公园中心店),炸酱面,东华门小吃·炸酱面(奥林匹克公园中心店),北中轴线景观大道双奥潮园1号 | 营业时间:周一至周日 10:00-22:00,1.8,4,38,https://store.is.autonavi.com/showpic/2b6a0714e73d6bf00000002395086797?type=pic,116.393009,39.995627
,891,,北京北辰洲际酒店啡扬咖啡厅·自助餐厅(北辰世纪中心店),自助早餐,北京北辰洲际酒店啡扬咖啡厅·自助餐厅(北辰世纪中心店),北辰西路8号北京北辰洲际酒店1层 | 营业时间:周一至周日 06:30-22:30 | 电话:010-84371343;010-84371345,0.1,4.1,191,https://store.is.autonavi.com/showpic/431bfeb4eab9a769360414e550752ac9,116.388224,39.998238
,896,,成隆粤宴·融合菜(亚运村鸟巢店),东星斑拼鲍鱼,成隆粤宴·融合菜(亚运村鸟巢店),"北京城区北四环中路北辰东路8号北京国际会议中心首层 | 营业时间:周一至周日 10:00-15:00,16:30-21:00 | 电话:010-64976877;010-64977988;13911986550",3,4.7,161,https://aos-comment.amap.com/B0JG1RFZHQ/comment/0BD190E4_FD87_4DB0_979C_A2C2820890C1_L0_001_960_144_1761209282076_72487364.jpg,116.402952,39.989191
,896,,奥体2食堂,中餐厅,奥体2食堂,国家奥林匹克体育中心体育馆西北门旁,8.5,4.5,19,,116.398746,39.986417
,896,,粲庐·川商北京之家,四川菜(川菜),粲庐·川商北京之家,"北京城区安定路1号奥体中心东南门内西行300米 | 营业时间:周一至周日 11:30-14:00,17:00-21:00 | 电话:010-67670967;13520536611",6.1,4.5,0,https://store.is.autonavi.com/showpic/1abc1854243116766942b5352f49c27a,116.401329,39.983324
,896,,京北嘉华·湖景海鲜餐厅,特色/地方风味餐厅,京北嘉华·湖景海鲜餐厅,安定路1号国家奥林匹克体育中心 | 营业时间:周一至周日 14:00-01:00 | 电话:16601208886,5.9,4.5,285,https://store.is.autonavi.com/showpic/09fe11a20c0e45d4ebe1e856b2b27adf,116.401075,39.983425
,896,,稻道鲜御园酒家(奥体店),虾饺,稻道鲜御园酒家(奥体店),"安定路1号国家奥林匹克体育中心北门内 | 营业时间:周一至周日 11:00-14:00,17:00-22:00 2026-02-13至2026-02-24 周一至周日 全天关闭 | 电话:010-84376318;010-84376366",0.9,4.6,275,https://aos-comment.amap.com/B000A85PRA/comment/content_media_external_file_45713_ss__1764972243429_70995787.jpg,116.401258,39.986724
,896,,五洲食府(北京五洲大酒店),铁板烧,五洲食府(北京五洲大酒店),"北辰东路8号北京五洲大酒店一层 | 营业时间:周一至周日 11:30-13:30,17:30-21:00 | 电话:13901154300",5.3,4.2,117,http://store.is.autonavi.com/showpic/29d9d5a8d8ec628f4a61ad8985b0d348,116.404225,39.989375
,897,,小金朝族饭馆(工体西门店),冷面,小金朝族饭馆(工体西门店),"东营房十条6号 | 营业时间:周一至周日 10:30-15:00,17:00-22:00 2026-02-13至2026-02-22 周一至周日 全天关闭 | 电话:010-85306614;13621346782;18101272495",1.8,4.6,72,https://aos-comment.amap.com/B0FFFHV7LC/comment/content_media_external_images_media_521265_1682919432022_b483b0a8.jpg,116.439788,39.929799
,897,,郭通天宫院小吃(吉市口店),双人餐,郭通天宫院小吃(吉市口店),聚龙商务楼西门旁 | 营业时间:周一至周日 04:30-21:00 | 电话:15726625697,6.3,4.5,23,https://aos-comment.amap.com/B0KKO4MTEY/comment/content_media_external_file_100001761_1771428225390_77812035.jpg,116.440633,39.929257
,897,,羊城美食,大排档,羊城美食,"新中街四条乙20号新中街社区小区 | 营业时间:周一至周日 11:00-14:30,17:00-02:00 | 电话:010-64108022;17610822188",2.8,4.6,106,https://aos-comment.amap.com/B0FFLFB1V4/comment/082F7B0E_A4C0_49F1_A2B8_04BE2D43916C_L0_001_1536_204_1765524626514_64163698.jpg,116.441294,39.934266
,897,,小张烤串家常菜,家常菜,小张烤串家常菜,东营房八条一号院北1门旁 | 营业时间:周一至周日 00:00-24:00 2026-02-16至2026-02-22 周一至周日 17:00-09:00 | 电话:010-65537038;15210033632;18910946907,7.3,4.5,75,https://store.is.autonavi.com/showpic/1aa70448e40fcfe30000001268978459?type=pic,116.439669,39.930971
,897,,新新湘菜馆,小炒黄牛肉,新新湘菜馆,新中街8号 | 营业时间:周一至周日 10:30-22:00 | 电话:13611318705;17601359779,7,4.7,83,http://store.is.autonavi.com/showpic/05df5d63b7cdf5c51f1ace4b3330c329,116.439948,39.934506
,897,,赣姐江西小炒(永利国际购物中心店),小炒黄牛肉,赣姐江西小炒(永利国际购物中心店),北京城区工人体育场北路21号永利国际购物中心 | 营业时间:周一至周日 10:30-22:00 2026-02-14至2026-02-23 全天关闭 | 电话:18612916821,4.5,4.6,78,https://aos-comment.amap.com/B0KRU955IY/comment/content_media_external_file_1000012874_ss__1770772656232_54681071.jpg,116.444238,39.934469
,897,,王丽丽老火锅(新中街社区小区店),毛肚,王丽丽老火锅(新中街社区小区店),北京城区新中街2号楼西侧 | 营业时间:周一至周日 10:30-01:00 2026-02-15至2026-02-23 周一至周日 全天关闭 | 电话:13520198357,8.7,4.5,113,https://aos-comment.amap.com/B0JUMZ1K7V/comment/content_media_external_file_171202_1772235296369_62280862.jpg,116.440519,39.934025
,897,,明华川菜馆(新中街店),泡菜,明华川菜馆(新中街店),新中街二条8号 | 营业时间:周一至周日 09:00-23:30 | 电话:010-64174973,4.8,4.4,61,https://aos-comment.amap.com/B0FFF9UNDK/comment/4BD3E891_D5DF_4528_BF5C_8642C02247AF_L0_001_1500_2000_1767338396168_55710747.jpg,116.439984,39.934642
,897,,佟爷老北京炙子烤肉(工体店),香菜牛肉,佟爷老北京炙子烤肉(工体店),"北京城区东直门街道东营房八条小区 | 营业时间:10:30-04:00,2026年春节期间10:30-04:00 | 电话:010-85633941",7.1,4.6,103,https://aos-comment.amap.com/B0LB25PPQP/comment/content_media_external_file_1000011526_ss__1749995733194_08272671.jpg,116.440075,39.930875
,900,,潘家园夜市,中餐厅,潘家园夜市,"潘家园路与华威路交叉口东140米 | 营业时间:4月8日至10月7日周一至周二,周四 09:00-21:00；周三,周五09:00-23:00,周六06:00-23:00,周日07:00-21:00",1.2,4.6,41,https://aos-comment.amap.com/B0JRB57IEZ/comment/4EBD0D90_C055_4A70_921E_16A6409762AE_L0_001_2048_153_1765427205408_92029879.jpg,116.457694,39.875986
,900,,西域之情,中餐厅,西域之情,潘家园路与潘家园桥交叉口西南140米,2.2,4.2,0,https://store.is.autonavi.com/showpic/112800793614e5606086101316d2117b,116.458263,39.875456
,900,,紫光园清真北京小吃(潘家园店),堂食,紫光园清真北京小吃(潘家园店),华威里18号(潘家园地铁站A西北口步行430米) | 营业时间:周一至周日 08:00-20:00 | 电话:13731729111,9,4.6,28,http://store.is.autonavi.com/query_pic?id=stc56029d4-8f36-4428-b61d-aded6ac2fe6d&user=search&operate=original,116.456297,39.876017
,900,,超食汇川湘家常菜,川湘家常菜,超食汇川湘家常菜,华威西里甲7号楼1层101室4号 | 营业时间:周一至周日 10:00-24:00 | 电话:13581797113,0.5,4.1,28,https://aos-comment.amap.com/B0LRX93D54/comment/content_media_external_file_1000051005_ss__1763092266574_21834109.jpg,116.455783,39.874737
,900,,管氏翅吧(潘家园店),招牌管氏烤鸡翅,管氏翅吧(潘家园店),潘家园路华威里18号楼潘家园旧货市场内西北角 | 营业时间:周一至周日 11:00-24:00 | 电话:18911105742,8.5,4.6,84,http://store.is.autonavi.com/query_pic?id=stf0e84b3d-3735-4150-b766-66c549b277d9&user=search&operate=original,116.456457,39.876018
,900,,星巴克咖啡(北京市潘家园旧货市场店),星冰乐,星巴克咖啡(北京市潘家园旧货市场店),潘家园街道潘家园路潘家园旧货市场北商房2-3号市场 | 营业时间:周五 07:00-22:00；周日 07:00-21:00 | 电话:010-82184741,2.5,4.6,30,https://aos-comment.amap.com/B0FFIRGJY4/comment/2E4C8892_A5FA_4D1D_83D2_583F29FF799C_L0_001_1500_2000_1734580878033_04356345.jpg,116.457466,39.876051
,900,,鑫红碗饸饹面(潘家园旧货市场店),烤串,鑫红碗饸饹面(潘家园旧货市场店),华威里18号潘家园旧货市场内北商房1层17号 | 营业时间:周一至周日 10:00-22:00 | 电话:13621212504;17778111056,6.1,4.2,23,https://aos-comment.amap.com/B0HDAUXXLO/comment/content_media_external_images_media_209283_1658215606569_dc6aedfc.jpg,116.456417,39.876005
,900,,豫香苑餐厅,牛肉,豫香苑餐厅,"潘家园华威里28号北京河南大厦2层 | 营业时间:周一至周日 11:30-14:30,17:30-21:30 | 电话:010-67751188;010-67773006",5.6,4.5,103,http://store.is.autonavi.com/showpic/64c90a2c15e3f9c046df8b796493cfcb,116.457839,39.873408
,900,,汤喜郎羊汤烧饼,羊汤烧饼,汤喜郎羊汤烧饼,北京市朝阳区华威西里甲7号楼1层101室8号 | 营业时间:周一至周日 07:00-23:00 | 电话:13241196868,9,4.5,32,https://store.is.autonavi.com/showpic/ed12c215e74317ac6744af2aedba7e3f,116.455776,39.874851
,900,,一锅满羊蝎子(潘家园店),蝎子羊排火锅,一锅满羊蝎子(潘家园店),北京城区华威西里社群甲7号楼2层201-1号 | 营业时间:周一至周日 10:00-24:00 | 电话:14701223334;18519106968,6.6,4.4,76,https://store.is.autonavi.com/showpic/10d4aa70c4cd99bf0000002356230162?type=pic,116.455807,39.874893
,900,,食悦江南·淮扬菜(潘家园店),陈年老酒熟醉蟹,食悦江南·淮扬菜(潘家园店),"华威里28号河南大厦3层 | 营业时间:周一至周日 11:00-14:00,17:00-21:00 2026-02-24至2026-03-12 全天关闭 | 电话:13730294064;18612487977",9,4.7,158,http://store.is.autonavi.com/showpic/9104c44a1eea6bc25c2a497ef8b324ea,116.457768,39.873406
,900,,龙聚园驴肉馆,驴肉火烧,龙聚园驴肉馆,北京城区华威西里甲7号楼2层2012室 | 营业时间:周一至周日 09:00-23:00 | 电话:15601316616,7.2,4.2,55,https://store.is.autonavi.com/showpic/ae7c1c73fefd3c87bff596ac059c2060,116.455793,39.874959
,902,,冠香小馆,中餐厅,冠香小馆,大窦路14号水墨林溪一区 | 电话:15611915062,2.1,3.3,41,http://store.is.autonavi.com/showpic/c3638ad0c4ba3d2dfcdc4379ea49101c,116.066321,39.687017
,902,,山东人家·滕州辣子鸡,中餐厅,山东人家·滕州辣子鸡,"窦店镇腾龙家园五区4号1层-06 | 营业时间:周一至周日 09:00-14:00,16:00-22:00 | 电话:13011051658",0.2,4,25,https://aos-comment.amap.com/B0LB2GCE5P/comment/content_media_external_file_19790_ss__1757993106388_43713198.jpg,116.063853,39.688789
,902,,鲜合面馆,中餐厅,鲜合面馆,大窦路14号水墨林溪一区,5.5,3.5,20,https://store.is.autonavi.com/showpic/c51a896a907bce39c3ffe212393424f5,116.066375,39.686925
,902,,忆家饭店,浙江菜,忆家饭店,营业时间:周一至周日 09:00-22:00 | 电话:15910717582,8.9,3.5,36,http://store.is.autonavi.com/showpic/7089693e611239c636fe1696715241b2,116.063635,39.68388
,902,,草原风味烤羊腿,羊肉串,草原风味烤羊腿,大窦路与阎周路交汇处西南角(红绿灯) | 营业时间:周一至周日 09:00-22:00 | 电话:13520065843;13691441659,3.3,3.9,81,http://store.is.autonavi.com/showpic/570ef8833dd99d1e83437c4ebdf17783,116.067809,39.683892
,902,,客满堂驴肉馆,驴肉,客满堂驴肉馆,下坡店村一区6号 | 营业时间:周一至周日 08:00-21:00 | 电话:13426270211,5.4,4,70,http://store.is.autonavi.com/showpic/3184c8c9f5f3baf2bb0a54475ba8a4d9,116.06743,39.683938
,902,,张亮麻辣烫(北京信息大学店),麻辣烫,张亮麻辣烫(北京信息大学店),腾龙家园27号楼27-1 | 营业时间:周一至周日 10:00-21:00 | 电话:13718584778,3.9,3.7,30,https://img.alicdn.com/imgextra/i2/O1CN013Da1GK1Ex2GzcHFBd_!!6000000000417-49-tps-750-750.webp,116.066237,39.68718
,906,,中交一公局集团108新线高速第8标段项目食堂,中餐厅,中交一公局集团108新线高速第8标段项目食堂,南窖乡花港村退役军人服务站西北侧150米,5.8,3.8,0,http://store.is.autonavi.com/showpic/c21db844171bcad2afdf7dfdc23dac46,115.841778,39.80583
,906,,财旺聚餐厅,中餐厅,财旺聚餐厅,"北京城区南窖乡花港村检查站南40米 | 营业时间:周一至周日 09:00-13:30,16:30-21:00 | 电话:13521088161;15810034089",2.2,3.6,0,https://store.is.autonavi.com/showpic/b20241070988001347cd7b58f2f83231,115.846737,39.801418
,906,,油罐咖啡CLUB,咖啡厅,油罐咖啡CLUB,京昆路 | 营业时间:周一至周日 10:00-18:00 | 电话:18910027417,9.9,4.6,54,https://store.is.autonavi.com/showpic/d915fc10fa1112a10000002387628065?type=pic,115.829328,39.816556
,907,,UNIQUE有客餐厅,奶酪,UNIQUE有客餐厅,大石窝镇三岔村65号 | 营业时间:周一至周日 11:00-20:00 | 电话:13366375075,7.2,4.5,128,http://store.is.autonavi.com/showpic/f6a39a1d8bd98ab69d71054182df9431,115.79886,39.613682
,908,,冠香小馆,中餐厅,冠香小馆,大窦路14号水墨林溪一区 | 电话:15611915062,1.3,3.3,41,http://store.is.autonavi.com/showpic/c3638ad0c4ba3d2dfcdc4379ea49101c,116.066321,39.687017
,908,,山东人家·滕州辣子鸡,中餐厅,山东人家·滕州辣子鸡,"窦店镇腾龙家园五区4号1层-06 | 营业时间:周一至周日 09:00-14:00,16:00-22:00 | 电话:13011051658",4.1,4,25,https://aos-comment.amap.com/B0LB2GCE5P/comment/content_media_external_file_19790_ss__1757993106388_43713198.jpg,116.063853,39.688789
,908,,鲜合面馆,中餐厅,鲜合面馆,大窦路14号水墨林溪一区,9.9,3.5,20,https://store.is.autonavi.com/showpic/c51a896a907bce39c3ffe212393424f5,116.066375,39.686925
,908,,忆家饭店,浙江菜,忆家饭店,营业时间:周一至周日 09:00-22:00 | 电话:15910717582,6.2,3.5,36,http://store.is.autonavi.com/showpic/7089693e611239c636fe1696715241b2,116.063635,39.68388
,908,,草原风味烤羊腿,羊肉串,草原风味烤羊腿,大窦路与阎周路交汇处西南角(红绿灯) | 营业时间:周一至周日 09:00-22:00 | 电话:13520065843;13691441659,6.6,3.9,81,http://store.is.autonavi.com/showpic/570ef8833dd99d1e83437c4ebdf17783,116.067809,39.683892
,908,,客满堂驴肉馆,驴肉,客满堂驴肉馆,下坡店村一区6号 | 营业时间:周一至周日 08:00-21:00 | 电话:13426270211,8.5,4,70,http://store.is.autonavi.com/showpic/3184c8c9f5f3baf2bb0a54475ba8a4d9,116.06743,39.683938
,908,,张亮麻辣烫(北京信息大学店),麻辣烫,张亮麻辣烫(北京信息大学店),腾龙家园27号楼27-1 | 营业时间:周一至周日 10:00-21:00 | 电话:13718584778,2.2,3.7,30,https://img.alicdn.com/imgextra/i2/O1CN013Da1GK1Ex2GzcHFBd_!!6000000000417-49-tps-750-750.webp,116.066237,39.68718
,914,,小渝馆(燕山店),夫妻肺片,小渝馆(燕山店),燕房路81号 | 营业时间:周一至周日 10:00-22:00 | 电话:17338649372,4.5,4,56,https://store.is.autonavi.com/showpic/9b409c7a5d5e6db016181062b15c1bea,115.978235,39.715777
,914,,囍客烧烤齐齐哈尔家庭烤肉,家庭拌肉,囍客烧烤齐齐哈尔家庭烤肉,北京城区燕房路宏塔社区18号 | 营业时间:周一至周日 16:00-01:00,4.8,3.4,0,https://store.is.autonavi.com/showpic/5f77ff58730f6e51f3c7b8c89229e447,115.97596,39.715214
,914,,北京市房山区燕山嘉禾手擀面,手擀面,北京市房山区燕山嘉禾手擀面,燕山燕房路3号 | 营业时间:周一至周日 10:00-22:00,8.7,3.5,27,http://store.is.autonavi.com/showpic/b87e0d43e7f5cb226a94912e6cf3150c,115.977666,39.715441
,914,,佳起私厨涮肉坊(燕山店),涮肉,佳起私厨涮肉坊(燕山店),燕房路宏塔社区宏塔粮店西侧 | 营业时间:周一，周三至周日 11:30-13:30，17:00-21:30 | 电话:15901288519,8.4,3.6,82,https://store.is.autonavi.com/showpic/10cf654c83911ed6166d2103d76a1b1b,115.975904,39.714986
,914,,牛大骨火锅,火锅店,牛大骨火锅,燕房路38号 | 营业时间:周一至周日 09:30-24:00 | 电话:18310908789,5.6,3,68,https://store.is.autonavi.com/showpic/a59b3892134adef896adb3c5e49e8c4c,115.978294,39.715861
,914,,宏伟烧烤,特色/地方风味餐厅,宏伟烧烤,经五路与纬七路交叉口东340米,2,2.2,0,,115.977594,39.715088
,914,,南京小笼包,胡辣汤,南京小笼包,经五路与纬七路交叉口东200米 | 营业时间:周一至周日 04:00-12:00 | 电话:18518204151,3.2,3.5,20,http://store.is.autonavi.com/showpic/94f81fd20ac2f0ee52c11cb07df355b7,115.975938,39.715225
,916,,科记烧烤,中餐厅,科记烧烤,月华大街与太平庄环路交叉口北340米,8.3,1.2,97,,116.126,39.73666
,916,,聚仙坊山珍涮肉,涮肉,聚仙坊山珍涮肉,太平庄东里通尚苑南门西140米 | 营业时间:周一至周日 10:00-22:00 | 电话:13691088847,9,4.2,57,https://aos-comment.amap.com/B0HK6Z2451/headerImg/5928a8e97c687c33bd21f3bf12d35d4f_2048_2048_80.jpg,116.121362,39.733402
,916,,郝记烧烤,特色/地方风味餐厅,郝记烧烤,西潞街道北潞园综合楼一楼1008 | 营业时间:周一至周日 17:00-01:00 | 电话:13269528287;13995738961,0.6,3.9,87,http://store.is.autonavi.com/showpic/71e357756c5675068109bfac564ac173,116.125964,39.736651
,916,,顺金祥饺子馆(佰佳便民广场店),羊肉串,顺金祥饺子馆(佰佳便民广场店),西潞街道北潞春家园A2西侧一层1010 | 营业时间:周一至周日 16:30-24:00 | 电话:010-87715600;13391989888;18811022788,2.2,4.4,22,https://store.is.autonavi.com/showpic/a6a0247d9a01b3fb8745de95c3ab2c11,116.125877,39.736699
,917,,浓香美食城,中餐厅,浓香美食城,长阳镇长韩路天泰新景温泉家园18号楼2层01-02 | 电话:13716584767;17710029721,9.5,2.7,41,http://store.is.autonavi.com/showpic/e40f47e2a887675d0a3bb80d85a1be86,116.220683,39.774964
,917,,郑州烩面(长韩路店),中餐厅,郑州烩面(长韩路店),天泰新景家园西2门北50米 | 营业时间:周一至周日 09:00-22:00 | 电话:18638526588,5.4,3.7,33,http://store.is.autonavi.com/showpic/b969aad25b15bd790a50cddcc7504b0d,116.220638,39.775852
,920,,盛德宫刘淑芬铁锅炖,东北炖菜,盛德宫刘淑芬铁锅炖,长阳路张家场路口向北20米盛德宫餐饮有限公司旁 | 营业时间:周一至周日 10:00-22:00 | 电话:13910711191,2,4.5,85,https://aos-comment.amap.com/B0KGPRXQW6/comment/content_media_external_file_100036538_1762609885631_72962117.jpg,116.202209,39.753061
,920,,沪咖·鲜果咖啡(北京房山万科半岛店),李梅梅,沪咖·鲜果咖啡(北京房山万科半岛店),长阳镇祥云街10号院沪上阿姨(北京房山万科半岛店) | 营业时间:周一至周五 09:00-20:00；周六至周日 10:00-22:00 | 电话:15101660511,0.7,2.6,14,,116.208676,39.75335
,920,,桃之夭夭音乐串吧,水煮牛肉,桃之夭夭音乐串吧,"长阳路甲3号 | 营业时间:周一至周日 10:00-14:00,17:00-23:00 | 电话:13331155660",3.4,3.4,99,,116.20502,39.75213
,925,,峡谷饸饹面,饸饹面,峡谷饸饹面,宛平县抗日政府旧址东侧60米,3,2.1,0,,115.765375,40.151875
,926,,永平餐厅,中餐厅,永平餐厅,龙下路与房易路交叉口西220米,4.6,2.5,0,,115.906273,39.613823
,926,,东北石锅饭店,农家菜,东北石锅饭店,龙下路 | 营业时间:周一至周日 09:00-21:00 | 电话:13581711160,6.5,4,47,https://store.is.autonavi.com/showpic/cac1ed4b128bf9c58b99e80c4e7e4b29,115.903849,39.612466
,926,,保定唐记驴肉馆,特色/地方风味餐厅,保定唐记驴肉馆,房易路与龙下路交叉口南160米,2.4,3.2,34,,115.908225,39.612297
,929,,山西面馆,中餐厅,山西面馆,房窑路和琉陶路交界处 | 营业时间:周一至周日 09:00-24:00 | 电话:13501364291,1.2,3.6,12,https://store.is.autonavi.com/showpic/78116390f2ca6c1efc33ebbcbeed8c3b,116.179819,39.612202
,929,,红色主题餐厅,中餐厅,红色主题餐厅,琉璃河镇社区卫生服务中心窑上分中心北门旁,7.4,3.3,0,,116.198538,39.614748
,929,,陈氏固始鹅块(窑上店),固始鹅块,陈氏固始鹅块(窑上店),琉璃河镇房窑路窑上村中心小学对面陈氏固始鹅块 | 营业时间:周一至周日 10:00-23:00 | 电话:18336297775,1.4,3.4,46,http://store.is.autonavi.com/showpic/3c7ecccfd4cfb06039bfd91c3773dc65,116.199125,39.614925
,929,,大头亮羊汤烩面河南非遗(大陶村店),羊汤烩面,大头亮羊汤烩面河南非遗(大陶村店),大陶村村民委员会东侧,0.7,4.1,16,https://store.is.autonavi.com/showpic/b0797238f131290bb2995b7ab76a0827,116.17934,39.612205
,930,,尝羊焱,中餐厅,尝羊焱,"悦盛路1号院悦都汇F2层 | 营业时间:周一至周日 11:00-14:00,17:00-22:00 | 电话:15011335812",5.4,4.5,53,https://store.is.autonavi.com/showpic/985cadef6597009a0000002464612015?type=pic,116.183044,39.763629
,930,,麦东老味道(奥莱悦都汇店),中餐厅,麦东老味道(奥莱悦都汇店),营业时间:周一至周日 06:00-20:30,3,3.6,66,http://store.is.autonavi.com/showpic/a522273f1ee1e90674944949f7e49e64,116.182888,39.763592
,930,,晋飨悦刀削面·川湘菜,刀削面,晋飨悦刀削面·川湘菜,悦盛路1号院1号楼悦都汇,9.8,3.1,0,https://store.is.autonavi.com/showpic/ca57c07ef1482f830d5025d864c5f114,116.182825,39.763375
,930,,邢隆南虎哥烧烤,精牛燕翅,邢隆南虎哥烧烤,"悦盛路1号楼1号院一层104 | 营业时间:4月至10月 周一至周日 11:00-02:00；1月至3月,11月至12月 周一至周日 10:00-01:00 | 电话:13718532064;15210385690",3.2,4.2,58,https://store.is.autonavi.com/showpic/773507ea381132d039ec14facc1b28d7,116.183216,39.763858
,932,,吉发瓦香鸡·单锅现炒(第四档口佳泽龙达美食城店),瓦香鸡,吉发瓦香鸡·单锅现炒(第四档口佳泽龙达美食城店),军留庄小区,6.1,2,16,,116.204525,39.761675
,932,,蒸鲜·顺德桑拿鸡,蒸鲜,蒸鲜·顺德桑拿鸡,军留庄小区,1.8,3,0,,116.205425,39.761475
,932,,烤炉鸡蛋灌饼,鸡蛋灌饼,烤炉鸡蛋灌饼,祥云街与怡和北路交叉口西北60米,2.6,2.9,0,,116.205475,39.761575
,933,,怡园生态餐厅,宫保鸡丁,怡园生态餐厅,"燕东路 | 营业时间:周一至周日 09:00-14:00,16:30-21:00 | 电话:010-80342200;010-80342298;13716686880",7.2,4.5,105,https://store.is.autonavi.com/showpic/b4b99d0759b194742c613439039aafdf,115.965989,39.729305
,934,,晋味源刀削面川湘菜,刀削面,晋味源刀削面川湘菜,小水河路 | 营业时间:周一至周日 10:00-23:00 | 电话:13803491805,0.6,3.9,23,http://store.is.autonavi.com/showpic/72717f0ff2cf4e0b0d776b43a263202f,116.036568,39.724855
,934,,百花酒家(小水河路店),豆腐,百花酒家(小水河路店),北京城区阎村镇焦庄村西兴阎街东20米 | 营业时间:周一至周日 11:00-21:00 | 电话:13910246311,0.7,4.6,56,http://store.is.autonavi.com/showpic/822cfb203f8ba830a197747b93499a20,116.037566,39.726403
,936,,老来乐餐厅,中餐厅,老来乐餐厅,鲁班路与圣园大街交叉口西南180米,3.6,3.6,22,,115.949055,39.599291
,936,,韩村河农贸市场,中餐厅,韩村河农贸市场,"鲁班路与圣园大街交叉口西南220米 | 营业时间:06:00-21:15,仅供参考,实际以商家为准 | 电话:15110152922",5,3.7,0,http://store.is.autonavi.com/showpic/113b50c656fd2ac61bb482ea3e38ab95,115.948971,39.598977
,936,,鸽子田瓦缸烧烤,单人餐,鸽子田瓦缸烧烤,鲁班路北京韩村河旅游景村 | 营业时间:周一至周日 17:00-23:00 | 电话:13910914632,9.9,4.3,113,https://aos-comment.amap.com/B0G17UVPG0/comment/5CDE01B4_D285_43A2_9E3D_C7E88B245F16_L0_001_1170_145_1759904416799_30832383.jpg,115.957599,39.600162
,936,,林子烧烤(韩村河店),大排档,林子烧烤(韩村河店),韩村河镇韩村河村五区1排3号 | 营业时间:周一至周日 17:00-24:00 | 电话:13521767626,3.8,3.7,79,http://store.is.autonavi.com/showpic/09fac6528fcbaaf7a3cddd70affcebbf,115.955727,39.600117
,936,,四季鲜手工水饺,手工水饺,四季鲜手工水饺,韩村河镇韩村河市场 | 营业时间:周一至周日 08:00-20:00 | 电话:13621240334,9.6,3.2,0,http://store.is.autonavi.com/showpic/01fc7e7bc77f0300fb3d0caf045f24f6,115.949297,39.598695
,937,,鑫手勺大铁锹(城关店),东北菜,鑫手勺大铁锹(城关店),福胜家园底商9号 | 营业时间:周一至周日 10:30-14:00，16:00-22:00,3.6,3.8,68,https://store.is.autonavi.com/showpic/8feb14f8014558d1006d1c61f0f139fa,115.987376,39.702436
,937,,兰州拉面,中餐厅,兰州拉面,青年北路与北大寺街交叉口北60米,1.4,0.9,0,,115.988625,39.705075
,937,,比饺有爱,中餐厅,比饺有爱,房山东大街15号十字路口福胜家园1号楼底商18号 | 营业时间:周一至周日 10:00-20:30 | 电话:18513370881,1.2,3.8,33,http://store.is.autonavi.com/showpic/051782e43274b08b78d292277ec78817,115.988081,39.702431
,937,,钱记饭庄,中餐厅,钱记饭庄,东大街北侧福胜家园,2.7,3.9,56,,115.98735,39.702885
,937,,鄢老三川菜小馆,双人餐,鄢老三川菜小馆,城关街道办事处东大街北侧福胜家园1号楼1-2层 | 营业时间:周一至周日 09:00-22:00 | 电话:18611853310,10,4.3,51,https://store.is.autonavi.com/showpic/752f4c5c268b13da2aed1a22b256df1f,115.987543,39.702419
,937,,小柒家第一锹东北菜(房山店),小龙虾,小柒家第一锹东北菜(房山店),"城关街道办事处东大街北侧福胜家园1号楼1至2层9号 | 营业时间:周一至周日 11:00-14:00,16:30-22:00 2026-02-11至2026-02-23 周一至周日 全天关闭 | 电话:13261873492",8.4,4.5,71,http://store.is.autonavi.com/showpic/a2bf87417bde94750465db93a1b68ec1,115.987298,39.702445
,937,,西北老马拉面,清真菜馆,西北老马拉面,东大街北侧福胜家园(房山城关地铁站A1西口步行490米),8.9,3.8,22,https://store.is.autonavi.com/showpic/08ca712db9a7ce73c60bafd7c7c70cc8,115.988221,39.702559
,937,,宜顺和齐齐哈尔烧烤火锅食材(福胜家园店),火锅食材,宜顺和齐齐哈尔烧烤火锅食材(福胜家园店),福胜家园东门旁(房山城关地铁站A1西口步行450米) | 营业时间:周一至周日 09:00-21:00 | 电话:15510072678,7.1,3.5,0,https://store.is.autonavi.com/showpic/f6236aa960e16b57e8652b3e100deea7,115.988329,39.70357
,937,,梁然烤鱼吧(房山城关店),烤鱼,梁然烤鱼吧(房山城关店),东大街北侧福胜家园底商15号 | 营业时间:周一至周五 09:30-23:00；周六至周日 09:30-22:30 | 电话:13011275326;15552399339,5.7,3.9,50,http://store.is.autonavi.com/showpic/041514c0c3e85fe7391409d597077403,115.987798,39.70233
,937,,小院烧烤,特色/地方风味餐厅,小院烧烤,青年北路与北大寺街交叉口北80米 | 电话:15616689324,6.2,3.6,74,https://store.is.autonavi.com/showpic/68bd198f40675cd9c0b67013a1ede04b,115.988275,39.705275
,939,,主食厨房,中餐厅,主食厨房,南韩苑小区C区南侧,6.4,1.8,0,,115.93637,39.643223
,939,,山西大碗面(南韩继村店),中餐厅,山西大碗面(南韩继村店),奥龙嘉苑北1门北60米 | 营业时间:周一至周日 09:00-22:00 | 电话:17696242998,2.4,3.7,21,http://store.is.autonavi.com/showpic/30a7cbdf70ade6b1a74fbb9bb25095c0,115.931675,39.643302
,939,,徐氏私房酱肉,中餐厅,徐氏私房酱肉,"南韩苑小区C区东侧220米 | 营业时间:点06:00-12:00,熟食12:00-24:00",0.9,3.5,22,https://store.is.autonavi.com/showpic/abd5309bfefce0c462e64ee2a9f347a8,115.938825,39.643025
,939,,缘香阁,中餐厅,缘香阁,南韩苑小区南门旁,5.9,2.4,0,https://store.is.autonavi.com/showpic/e25f726f256e8d99cde68f5fa1cd8b45,115.936565,39.643239
,939,,韩村河服务区餐厅,中餐厅,韩村河服务区餐厅,G5京昆高速与韩村河服务区交叉口东440米,4.5,4.1,0,https://store.is.autonavi.com/showpic/bda772f6b96c8d54baa832c9eb19bc15,115.943628,39.625308
,939,,老王烧烤|早点,特色/地方风味餐厅,老王烧烤|早点,奥龙嘉苑西北门旁 | 营业时间:周一至周日 06:00-23:00 | 电话:18210216017,7.1,3.5,32,http://store.is.autonavi.com/showpic/013eb374d40f1be9a535bdc99b2654d0,115.930663,39.643008
,939,,炉巷沧州火锅鸡·呼伦贝尔铜锅涮肉,铜锅涮肉,炉巷沧州火锅鸡·呼伦贝尔铜锅涮肉,房易路与瓦井村路交叉口东南460米,0.5,2.6,79,,115.930525,39.637475
,940,,天和饭庄(东风街店),中餐厅,天和饭庄(东风街店),"东风南里22号楼101号 | 营业时间:周一至周日 10:00-14:00,17:00-23:00",4.8,3.7,29,https://store.is.autonavi.com/showpic/5f8811acdcd20f2a67c6526af136e7da,115.96278,39.752986
,940,,燕福春饼店(东风南里店),宫保鸡丁,燕福春饼店(东风南里店),东风街道双泉西路5号 | 营业时间:周一至周日 09:00-23:00 | 电话:010-81341555,2.7,4.3,51,https://store.is.autonavi.com/showpic/b62512b20c9c3ed2392db88f5534459a,115.963309,39.753548
,940,,双福鑫驴肉馆2店,特色/地方风味餐厅,双福鑫驴肉馆2店,岗北路4号,9.6,3.5,0,https://store.is.autonavi.com/showpic/54ccb66a25680061ca7fd13b1ae50f61,115.963359,39.750318
,941,,伟明烧烤,小龙虾,伟明烧烤,房易路与东长沟村路交叉口北160米 | 营业时间:周一至周日 09:30-02:00 | 电话:13552659739,8.9,4.1,40,http://store.is.autonavi.com/showpic/5f1e7f9f455dc8b1a20c7aeb671912dd,115.897009,39.573146
,941,,杨记肉饼,肉饼,杨记肉饼,房易路与白云路交叉口西南100米,5.1,3.3,0,,115.897275,39.574075
,941,,张亮麻辣烫(房易路店),麻辣烫,张亮麻辣烫(房易路店),长沟镇西长沟村村委会北侧路西商铺 | 营业时间:周一至周日 11:00-19:00 | 电话:13521729814,6.1,4.2,30,https://img.alicdn.com/imgextra/i2/O1CN013Da1GK1Ex2GzcHFBd_!!6000000000417-49-tps-750-750.webp,115.897328,39.573912
,942,,吉羊食府,中餐厅,吉羊食府,吉羊村吉洄路北50米 | 营业时间:周一至周日 10:00-20:00 | 电话:19908175367,8.8,3.6,66,http://store.is.autonavi.com/showpic/626dcdad9b39da7c29388f38970495b8,115.993858,39.620888
,942,,好味道食府(吉洄路店),中餐厅,好味道食府(吉洄路店),"石楼镇吉羊村南一区四号 | 营业时间:周一至周日 09:00-14:00,16:30-21:00 | 电话:13269446227",10,3.8,50,https://store.is.autonavi.com/showpic/7b3963cdc19223eec0db9ced17d92829,115.992231,39.620867
,942,,山西刀削面川湘菜,中餐厅,山西刀削面川湘菜,佳乐福缘超市西侧,0.5,3.1,0,https://store.is.autonavi.com/showpic/4123ac11d68f607a09f3d7d388e68826,115.994135,39.620941
,942,,山西面馆,中餐厅,山西面馆,北京城区吉羊村南一区7号,6.2,3.7,29,https://store.is.autonavi.com/showpic/6ec59dffd70b40ef2afd6bd57ae939ef,115.992636,39.620889
,942,,悦心咖啡,咖啡厅,悦心咖啡,二站大街59号 | 营业时间:周一至周日 09:00-19:00 | 电话:15901083530,0.3,3.8,33,http://store.is.autonavi.com/showpic/7b1ea3adcb3583f6b6427684a1579604,115.978226,39.626856
,942,,老贯烧烤,特色/地方风味餐厅,老贯烧烤,吉洄路与房琉路交叉口东360米,2.2,2.1,54,,115.990411,39.620753
,942,,羊蝎子铁锅柴鸡,羊蝎子,羊蝎子铁锅柴鸡,吉洄路南侧 | 营业时间:周一至周日 10:30-22:30 | 电话:18210075391,5.2,3.6,64,http://store.is.autonavi.com/showpic/4eda53d66efee70eeee16398bb8cbc51,115.993304,39.620898
,943,,九渡桥(马兰总店),,九渡桥(马兰总店),青年南路12号 | 营业时间:周一至周日 08:00-20:30 | 电话:010-89333190,9.8,3.9,0,https://aos-comment.amap.com/B0FFIL8B6K/headerImg/fc37b74218f1189d0cf9c8fa4a6c23cb_2048_2048_80.jpg,115.993208,39.698809
,943,,龙洋酒楼·宴会厅,中餐厅,龙洋酒楼·宴会厅,"青年南路12号 | 营业时间:周一至周日 09:30-14:00,16:30-21:00 | 电话:010-69313848",2.2,4.3,0,,115.998525,39.700074
,943,,龙洋餐厅,干炸丸子,龙洋餐厅,"城关街道办事处饶乐府一区190号1幢1层01龙洋餐厅 | 营业时间:周一至周日 09:30-14:00,16:30-21:00 2026-05-01至2026-05-05 周一至周日 09:30-14:00,16:30-21:00 | 电话:010-69313848",5.5,4.6,95,https://aos-comment.amap.com/B0KKODZPU1/comment/E7F15663_D452_4114_8E46_9344052FF7F7_L0_001_1115_56_1760157887298_02422551.jpg,115.998684,39.700432
,943,,塞疆蘭食府,清真菜馆,塞疆蘭食府,城关街道青年南路12号 | 营业时间:周一至周日 10:00-23:30,2.9,4,36,https://store.is.autonavi.com/showpic/6ffd361ab4e97e8ea055ff3f965c194a,115.99275,39.69899
,943,,瑞幸咖啡(雍和航星科技园店),生椰拿铁,瑞幸咖啡(雍和航星科技园店),东滨河路乙1号航星科技园一层1-A3号 | 电话:4000100100,9.5,3.5,13,https://store.is.autonavi.com/showpic/c287706810a95e84ab635a931ccf264d?operate=original,115.993367,39.700134
,943,,轧饸饹,饸饹,轧饸饹,城关镇兴房苑小区4号楼105号 | 营业时间:周一至周日 11:00-22:00 | 电话:13521107908;13521596917,5.9,3.8,20,https://aos-comment.amap.com/B0FFFYKB0A/comment/content_media_external_file_378_1766413118195_62102232.jpg,115.993418,39.697927
,944,,东北家香菜,中餐厅,东北家香菜,东关家园100号院(原果之家)东侧50米,8,3.6,56,http://store.is.autonavi.com/showpic/1b1e7257ed785e59dc6daf809efa494e,116.151435,39.734343
,944,,恋羊官,中餐厅,恋羊官,多宝路与昊天大街交叉口东360米,2.8,3.3,0,,116.151975,39.735575
,944,,房子与山咖啡店,咖啡厅,房子与山咖啡店,北京城区伟业嘉园西里5号楼2号底商 | 营业时间:周一至周日 10:00-20:30 2026-02-16至2026-02-19 周一至周日 全天关闭 | 电话:13141099897,0.8,4.5,29,https://store.is.autonavi.com/showpic/0a11d0aafed78faf0000000719556261?type=pic,116.158095,39.732976
,944,,小黑海鲜烧烤,海鲜烧烤,小黑海鲜烧烤,阳光公寓(良乡东路店)东侧 | 营业时间:周一至周日 16:00-01:00,0.1,4,108,https://store.is.autonavi.com/showpic/6574fc79a6935e909798a1db95fe4f2f,116.153022,39.730605
,944,,天水麻辣烫串串香,火锅店,天水麻辣烫串串香,多宝路与昊天大街交叉口东南380米,7.7,2.6,0,,116.151575,39.734225
,944,,地摊火锅烧烤,火锅烧烤,地摊火锅烧烤,东关村47号东关家园 | 营业时间:周一至周日 18:00-24:00,0.2,3.5,44,,116.150765,39.733555
,944,,西域帕米尔(良乡东路店),烤肉,西域帕米尔(良乡东路店),良乡大学城西良乡东路伟业家园西里底商 | 营业时间:周一至周日 09:00-23:00 | 电话:15701235998,3.8,4,62,https://aos-comment.amap.com/B0FFJITR5J/comment/e85c8aa00289da03c8157f8e303de739_2048_2048_80.jpg,116.157878,39.731365
,944,,齐市鑫夜烤肉,烤肉,齐市鑫夜烤肉,东关家园88号院东北侧,0.7,2.3,72,,116.15148,39.734446
,944,,老五炖吊子卤煮火烧特色酱猪蹄焖酥鱼(原乡东关店),烧味,老五炖吊子卤煮火烧特色酱猪蹄焖酥鱼(原乡东关店),"二街铁路东南里 | 营业时间:周一至周日 10:00-15:00,17:00-23:00 | 电话:18511577645;18601209101",5,4.4,53,https://store.is.autonavi.com/showpic/3ca09ab85316d1360000002425638537?type=pic,116.153398,39.730613
,944,,安徽板面牛杂面,牛杂面,安徽板面牛杂面,东关家园88号院东北侧70米,9.2,2.8,22,,116.151725,39.734775
,944,,石家庄牛肉板面(星光公寓店),牛肉板面,石家庄牛肉板面(星光公寓店),东关街114号星光公寓 | 营业时间:周一至周日 10:00-23:00 | 电话:19261109199,1.1,3.5,0,http://store.is.autonavi.com/showpic/4c094acf8da73ccd2a20d18c2e7ef41c,116.15179,39.734903
,944,,万州烤鱼(东关家园店),特色/地方风味餐厅,万州烤鱼(东关家园店),"东关村东关家园1号楼 | 营业时间:周一至周日 11:30-14:00,17:00-01:00 | 电话:15201596001",1.2,3.6,59,https://store.is.autonavi.com/showpic/ad54c31c2aaccc279fd816947e2e3f48,116.150266,39.733031
,944,,渝小记巫山烤全鱼,辣子鸡,渝小记巫山烤全鱼,拱辰街道良乡东路1-10号(伟业嘉园西里) | 营业时间:周一至周日 10:30-23:00 | 电话:15814839666;18600698027,7.3,4.3,72,https://store.is.autonavi.com/showpic/34f49811fd4f7ce80000002423350066?type=pic,116.157723,39.731352
,944,,刚子锅贴烧烤,鸡翅,刚子锅贴烧烤,山区东关家园(良乡东路)57号公寓 | 营业时间:周一至周日 09:00-24:00 | 电话:13261259711,0.9,4.2,61,https://store.is.autonavi.com/showpic/eae2cc1e4930e35bcf1a2cc9c2417789,116.150453,39.732941
,945,,固始汉鹅块,中餐厅,固始汉鹅块,窦店镇于庄村OK幼儿园旁 | 营业时间:周一至周日 10:00-23:00 | 电话:13321166354;13661133310,3.8,3.6,73,https://store.is.autonavi.com/showpic/c90d8a467793d7b3ffe4bd7ae36656cd,116.075109,39.674791
,945,,夫妻早餐,中餐厅,夫妻早餐,沁馥家园北门西北50米 | 营业时间:周一至周日 04:00-16:00 | 电话:15946175258,5.3,4,13,http://store.is.autonavi.com/showpic/8621eb20e69ca5d1821ae8cecf57e835,116.072594,39.675098
,945,,沂蒙山铁锅炒鸡·深山走地鸡((房山店)),双人餐,沂蒙山铁锅炒鸡·深山走地鸡((房山店)),窦店镇于庄村红绿灯往东98号 | 电话:13910936627,0.5,3.5,33,http://store.is.autonavi.com/showpic/945e602b77480baca0fc3bffe08d2ef9,116.072201,39.675121
,945,,老汉口·黑鸭煲(房山店),四川菜(川菜),老汉口·黑鸭煲(房山店),大于路与大窦路交叉口东200米,9.3,2.5,0,,116.07226,39.675098
,945,,聚福源东北家常菜,大棒骨,聚福源东北家常菜,沁馥家园北门旁 | 营业时间:周一至周日 09:30-22:00 | 电话:15192639711,0.2,3.7,24,http://store.is.autonavi.com/showpic/dafb5c9303921a79bc90e78468d8968e,116.073138,39.675112
,945,,山西面食馆,山西面食,山西面食馆,窦店镇于庄村凯翔公寓对面 | 电话:17094206992,8.4,3.5,0,http://store.is.autonavi.com/showpic/67e5af095856c3aa9c306367b598ac75,116.07182,39.675086
,945,,汕荣记·潮汕牛肉粿条·湿炒牛肉饭(第1档口荣安兴晟美食城店),潮汕牛肉粿条,汕荣记·潮汕牛肉粿条·湿炒牛肉饭(第1档口荣安兴晟美食城店),大于路与大窦路交叉口东200米,5.2,3.1,22,,116.072226,39.67516
,945,,马子华牛肉面(大于路店),牛肉面,马子华牛肉面(大于路店),大于路与大窦路交叉口东160米,1.3,3.2,22,https://store.is.autonavi.com/showpic/338e46178c349f621cb32a2fa1574afd,116.07181,39.675064
,945,,馋嘴猫美食城重庆小面,重庆小面,馋嘴猫美食城重庆小面,大于路与大窦路交叉口东120米 | 电话:18883921766,2.6,3.2,24,http://store.is.autonavi.com/showpic/11ff13af800fadb5830ca4df28e1c4b8,116.071388,39.674902
,945,,铁锅炖,铁锅炖,铁锅炖,窦店镇于庄村四区98号 | 营业时间:周一至周日 10:00-22:00 | 电话:13522097059;13910936627,4.4,3.7,37,http://store.is.autonavi.com/showpic/0d479184c2a78e069c81605db503d616,116.071995,39.675093
,945,,茶饭有肆(第5档口于庄美食城店),鱼香肉丝,茶饭有肆(第5档口于庄美食城店),大于路与大窦路交叉口东180米 | 营业时间:周一至周日 10:30-21:00 | 电话:17326952209,5.3,2.5,22,http://store.is.autonavi.com/showpic/755c58520a83785218e7a10cee940762,116.072185,39.674966
,946,,渔蓝海鲜火锅(首都宾馆店),双人餐,渔蓝海鲜火锅(首都宾馆店),首都宾馆A座一层大堂吧东北角 | 营业时间:周一至周日 16:30-21:30 | 电话:010-58159566,6.5,4.6,163,https://aos-comment.amap.com/B0JRZGS12N/comment/982239bae377647ec1abd48304e1a1e9_2048_2048_80.jpg,116.409635,39.902001
,946,,良苑烤鸭店(前门店),宫保鸡丁,良苑烤鸭店(前门店),"前门东大街14号楼前 | 营业时间:11:00-21:00,2026年春节期间07:00-09:30；10:30-21:00 | 电话:010-65122322",8.2,4.5,80,https://aos-comment.amap.com/B000A7C192/comment/5B6F0744_4E23_4727_BFA1_4FF00A1CB9F2_L0_001_2000_150_1760867253847_38700077.jpg,116.408677,39.900407
,946,,食鼎轩烤鸭·私房菜(北京王府井台基厂大街店),家常菜,食鼎轩烤鸭·私房菜(北京王府井台基厂大街店),"台基厂大街10-1号 | 营业时间:周一至周日 09:30-14:00,16:30-21:30 2026-05-01至2026-05-05 周一至周日 09:30-14:00,16:30-21:30 | 电话:010-63445868;18519118048",2.8,4.6,70,https://aos-comment.amap.com/B0KGRMA21S/comment/content_media_external_file_100003357_1767011828140_18373911.jpg,116.411861,39.903494
,946,,北京隆和居美食城(正义路店),干锅千页豆腐,北京隆和居美食城(正义路店),东华门街道正义路8号(原市政府斜对面) | 营业时间:周一至周日 10:00-22:30 | 电话:010-65263265;13520777900,7.4,4.4,73,https://store.is.autonavi.com/showpic/72fbdf46904d9ac20000002152518124?type=pic,116.406444,39.903414
,946,,松鹤楼(台基厂店),松鼠桂鱼,松鹤楼(台基厂店),"北京城区台基厂大街10号(东郊民巷小学旁) | 营业时间:周一至周日 11:00-14:00,17:00-21:00 2026-02-17至2026-02-23 周一至周日 11:00-14:00,16:30-21:00 | 电话:010-65278195;010-65279255",8.7,4.5,153,http://store.is.autonavi.com/query_pic?id=st4e59a81c-8dd5-4876-9cdf-1e3afe32ebe2&user=search&operate=original,116.411839,39.903469
,946,,君庭中餐厅(首都宾馆店),牛肉,君庭中餐厅(首都宾馆店),"前门东大街3号首都宾馆东北门门房 | 营业时间:周一至周日 11:00-14:00,17:00-21:00 | 电话:010-58159788",3.6,4.4,213,https://aos-comment.amap.com/comment/content_service__1771506306909_36408294_1771506354089_05149994.jpg,116.408956,39.902119
,946,,奥华餐厅老张记(台基厂店),虾仁独面筋,奥华餐厅老张记(台基厂店),北京城区台基厂大街18-3号 | 营业时间:周一至周日 10:30-21:30 | 电话:010-65129289;010-65244021,2.4,4.6,62,http://store.is.autonavi.com/showpic/a44d4745fdde65bc76e850f893a9937b,116.411937,39.902869
,950,,东北烧烤,中餐厅,东北烧烤,河北镇邮局旁 | 营业时间:周一至周日 16:00-24:00,8.8,3.5,46,https://store.is.autonavi.com/showpic/fb9b1190d55fbfbfac4e0d41304a9c62,115.939775,39.817825
,950,,文鑫饭店,中餐厅,文鑫饭店,河北镇人民政府西南侧210米 | 营业时间:周一至周日 10:00-21:00 | 电话:15010684065,0.5,3.6,0,https://store.is.autonavi.com/showpic/5541193d358f1c0a44fd384df4f98d08,115.936274,39.819042
,950,,莳光小馆,中餐厅,莳光小馆,河北村村委会东侧190米 | 营业时间:周一至周日 09:00-21:00 | 电话:13681181277,6.1,3.8,54,https://store.is.autonavi.com/showpic/7129f4276b09121e7fd4a071df210791,115.935992,39.818927
,950,,飘香阁餐厅,中餐厅,飘香阁餐厅,京昆路与李各庄路交叉口西40米,0.6,4.1,0,https://store.is.autonavi.com/showpic/0840781eac838faa07cf9e113fdebf72,115.939507,39.817602
,950,,手擀面拨鱼儿羊汤涮肉,手擀面,手擀面拨鱼儿羊汤涮肉,河北镇河北村 | 营业时间:周一至周日 10:00-21:00,3,4,24,http://store.is.autonavi.com/showpic/51b68e6010f2080005e13a829777e624,115.937027,39.819083
,950,,中国兰州拉面,牛肉,中国兰州拉面,京昆路与李各庄路交叉口西南40米 | 营业时间:周一至周日 06:00-22:00 | 电话:18093091810,1.3,3.9,22,https://store.is.autonavi.com/showpic/b6c2957a3eca0bcc642ec581d0b2e1e5,115.93974,39.817468
,950,,老温烧烤,羊肉串,老温烧烤,京昆路河北镇邮局车站旁2号 | 营业时间:周一至周日 16:30-22:30 | 电话:15011271165,7.8,4.3,55,https://store.is.autonavi.com/showpic/96bee6dbf72ad290a8106f91429ab2ab,115.938812,39.817491
,950,,双翼小吃店,鱼香肉丝,双翼小吃店,京昆路与李各庄路交叉口西南40米 | 电话:010-60378862,6.9,4,0,https://store.is.autonavi.com/showpic/1f6ebb00af4a3ff1df71208661098993,115.939716,39.817388
,950,,双翼饭店,麻婆豆腐,双翼饭店,镇政府路口西50米 | 营业时间:周一至周日 09:30-21:00 | 电话:13141058083;15210351495,2.4,3.7,41,https://aos-comment.amap.com/B0FFG58MV8/headerImg/40634754a49fe4440fe44498a5af8275_2048_2048_80.jpg,115.937433,39.819277
,951,,云居饭店(北京云居寺店),农家菜,云居饭店(北京云居寺店),河北街1号(水头村委会往北150米) | 营业时间:周一至周日 09:00-20:00 | 电话:13716669794,7.8,4.3,0,https://store.is.autonavi.com/showpic/2128188118a84dc0550a9d104dac806a,115.771202,39.616185
,952,,渔蓝海鲜火锅(首都宾馆店),双人餐,渔蓝海鲜火锅(首都宾馆店),首都宾馆A座一层大堂吧东北角 | 营业时间:周一至周日 16:30-21:30 | 电话:010-58159566,4,4.6,163,https://aos-comment.amap.com/B0JRZGS12N/comment/982239bae377647ec1abd48304e1a1e9_2048_2048_80.jpg,116.409635,39.902001
,952,,良苑烤鸭店(前门店),宫保鸡丁,良苑烤鸭店(前门店),"前门东大街14号楼前 | 营业时间:11:00-21:00,2026年春节期间07:00-09:30；10:30-21:00 | 电话:010-65122322",3.6,4.5,80,https://aos-comment.amap.com/B000A7C192/comment/5B6F0744_4E23_4727_BFA1_4FF00A1CB9F2_L0_001_2000_150_1760867253847_38700077.jpg,116.408677,39.900407
,952,,食鼎轩烤鸭·私房菜(北京王府井台基厂大街店),家常菜,食鼎轩烤鸭·私房菜(北京王府井台基厂大街店),"台基厂大街10-1号 | 营业时间:周一至周日 09:30-14:00,16:30-21:30 2026-05-01至2026-05-05 周一至周日 09:30-14:00,16:30-21:30 | 电话:010-63445868;18519118048",5.2,4.6,70,https://aos-comment.amap.com/B0KGRMA21S/comment/content_media_external_file_100003357_1767011828140_18373911.jpg,116.411861,39.903494
,952,,北京隆和居美食城(正义路店),干锅千页豆腐,北京隆和居美食城(正义路店),东华门街道正义路8号(原市政府斜对面) | 营业时间:周一至周日 10:00-22:30 | 电话:010-65263265;13520777900,7.6,4.4,73,https://store.is.autonavi.com/showpic/72fbdf46904d9ac20000002152518124?type=pic,116.406444,39.903414
,952,,松鹤楼(台基厂店),松鼠桂鱼,松鹤楼(台基厂店),"北京城区台基厂大街10号(东郊民巷小学旁) | 营业时间:周一至周日 11:00-14:00,17:00-21:00 2026-02-17至2026-02-23 周一至周日 11:00-14:00,16:30-21:00 | 电话:010-65278195;010-65279255",2.3,4.5,153,http://store.is.autonavi.com/query_pic?id=st4e59a81c-8dd5-4876-9cdf-1e3afe32ebe2&user=search&operate=original,116.411839,39.903469
,952,,君庭中餐厅(首都宾馆店),牛肉,君庭中餐厅(首都宾馆店),"前门东大街3号首都宾馆东北门门房 | 营业时间:周一至周日 11:00-14:00,17:00-21:00 | 电话:010-58159788",2.9,4.4,213,https://aos-comment.amap.com/comment/content_service__1771506306909_36408294_1771506354089_05149994.jpg,116.408956,39.902119
,952,,奥华餐厅老张记(台基厂店),虾仁独面筋,奥华餐厅老张记(台基厂店),北京城区台基厂大街18-3号 | 营业时间:周一至周日 10:30-21:30 | 电话:010-65129289;010-65244021,2.7,4.6,62,http://store.is.autonavi.com/showpic/a44d4745fdde65bc76e850f893a9937b,116.411937,39.902869
,953,,小山坡农家饭,农家饭,小山坡农家饭,西村胡同与云居寺路交叉口东北160米 | 营业时间:周一至周日 09:00-23:00 | 电话:13910606298,3.1,4.4,56,https://aos-comment.amap.com/B0JKKGA3KN/comment/b737c2d11532a52893d9be57ba2ee1a5_2048_2048_80.jpg,115.791468,39.603382
,956,,俏巴小吃,中餐厅,俏巴小吃,窦店镇白草洼商业街40号 | 营业时间:周一至周日 05:30-21:00 | 电话:18801026997,2.1,3.8,0,http://store.is.autonavi.com/showpic/983e0adc7c9638f22dafcab74dec4699,116.051459,39.627392
,956,,晋大碗刀削面家常菜,家常菜,晋大碗刀削面家常菜,琉璃河镇立教村5区138号 | 营业时间:周一至周日 09:00-22:00 | 电话:13834711813;15935983619,5.2,2.9,41,http://store.is.autonavi.com/showpic/047d730150973202d556ae27d869031f,116.069606,39.621295
,956,,傻子餐厅串吧店,烤面筋,傻子餐厅串吧店,华城家园东南2门西南340米 | 营业时间:周一至周日 17:30-24:00 | 电话:13120460400;18801306462,4.7,3.5,48,http://store.is.autonavi.com/showpic/8f7cd8bc271207bc25eee0730fa72c55,116.050408,39.62616
,957,,柳青餐厅,,柳青餐厅,上方山国家森林公园-上方山云水洞西门南70米 | 营业时间:周一至周日 00:00-24:00,2.6,3.8,46,https://aos-comment.amap.com/B000A7YC3A/comment/content_media_external_file_164420_ss__1748751172944_44296515.jpg,115.813406,39.667446
,958,,晋大碗刀削面家常菜,家常菜,晋大碗刀削面家常菜,琉璃河镇立教村5区138号 | 营业时间:周一至周日 09:00-22:00 | 电话:13834711813;15935983619,4.3,2.9,41,http://store.is.autonavi.com/showpic/047d730150973202d556ae27d869031f,116.069606,39.621295
,958,,聚味源饭店,烤串,聚味源饭店,(立教健身公园南侧约150米) | 营业时间:周一至周日 10:00-24:00 | 电话:13366995236,8.6,3.5,95,http://aos-cdn-image.amap.com/sns/ugccomment/ad3a8717-44c3-4cb4-8a62-01862c7b0e47.jpg,116.069967,39.621144
,958,,傻子餐厅串吧店,烤面筋,傻子餐厅串吧店,华城家园东南2门西南340米 | 营业时间:周一至周日 17:30-24:00 | 电话:13120460400;18801306462,6.5,3.5,48,http://store.is.autonavi.com/showpic/8f7cd8bc271207bc25eee0730fa72c55,116.050408,39.62616
,971,,老火记包子·牛肉蒸饺,牛肉蒸饺,老火记包子·牛肉蒸饺,新西路与季庄东路交叉口东南220米 | 营业时间:周一至周日 05:30-19:30,7.7,3.7,36,https://store.is.autonavi.com/showpic/d46131f5b5e7a4e618d74844e4b17f0e,116.836674,40.380495
,971,,馋嘴儿烧鸡酱肉,猪耳朵,馋嘴儿烧鸡酱肉,康居小区北区17号楼平房 | 营业时间:周一至周五 07:30-20:30 | 电话:13439768524;18610680924,1.7,3.6,31,http://store.is.autonavi.com/showpic/f819ad8b8b02f7529a945569e741499f,116.836625,40.380288
,971,,北京林家饸饹店,面食,北京林家饸饹店,康居小区15号楼底商 | 电话:13693325859,8.4,3.5,26,http://store.is.autonavi.com/showpic/6753fc5755c40c0a5762df9584fdc583,116.83664,40.38049
,974,,渔蓝海鲜火锅(首都宾馆店),双人餐,渔蓝海鲜火锅(首都宾馆店),首都宾馆A座一层大堂吧东北角 | 营业时间:周一至周日 16:30-21:30 | 电话:010-58159566,1.9,4.6,163,https://aos-comment.amap.com/B0JRZGS12N/comment/982239bae377647ec1abd48304e1a1e9_2048_2048_80.jpg,116.409635,39.902001
,974,,良苑烤鸭店(前门店),宫保鸡丁,良苑烤鸭店(前门店),"前门东大街14号楼前 | 营业时间:11:00-21:00,2026年春节期间07:00-09:30；10:30-21:00 | 电话:010-65122322",5.2,4.5,80,https://aos-comment.amap.com/B000A7C192/comment/5B6F0744_4E23_4727_BFA1_4FF00A1CB9F2_L0_001_2000_150_1760867253847_38700077.jpg,116.408677,39.900407
,974,,食鼎轩烤鸭·私房菜(北京王府井台基厂大街店),家常菜,食鼎轩烤鸭·私房菜(北京王府井台基厂大街店),"台基厂大街10-1号 | 营业时间:周一至周日 09:30-14:00,16:30-21:30 2026-05-01至2026-05-05 周一至周日 09:30-14:00,16:30-21:30 | 电话:010-63445868;18519118048",2.1,4.6,70,https://aos-comment.amap.com/B0KGRMA21S/comment/content_media_external_file_100003357_1767011828140_18373911.jpg,116.411861,39.903494
,974,,北京隆和居美食城(正义路店),干锅千页豆腐,北京隆和居美食城(正义路店),东华门街道正义路8号(原市政府斜对面) | 营业时间:周一至周日 10:00-22:30 | 电话:010-65263265;13520777900,9.3,4.4,73,https://store.is.autonavi.com/showpic/72fbdf46904d9ac20000002152518124?type=pic,116.406444,39.903414
,974,,松鹤楼(台基厂店),松鼠桂鱼,松鹤楼(台基厂店),"北京城区台基厂大街10号(东郊民巷小学旁) | 营业时间:周一至周日 11:00-14:00,17:00-21:00 2026-02-17至2026-02-23 周一至周日 11:00-14:00,16:30-21:00 | 电话:010-65278195;010-65279255",3.8,4.5,153,http://store.is.autonavi.com/query_pic?id=st4e59a81c-8dd5-4876-9cdf-1e3afe32ebe2&user=search&operate=original,116.411839,39.903469
,974,,君庭中餐厅(首都宾馆店),牛肉,君庭中餐厅(首都宾馆店),"前门东大街3号首都宾馆东北门门房 | 营业时间:周一至周日 11:00-14:00,17:00-21:00 | 电话:010-58159788",3,4.4,213,https://aos-comment.amap.com/comment/content_service__1771506306909_36408294_1771506354089_05149994.jpg,116.408956,39.902119
,974,,奥华餐厅老张记(台基厂店),虾仁独面筋,奥华餐厅老张记(台基厂店),北京城区台基厂大街18-3号 | 营业时间:周一至周日 10:30-21:30 | 电话:010-65129289;010-65244021,6,4.6,62,http://store.is.autonavi.com/showpic/a44d4745fdde65bc76e850f893a9937b,116.411937,39.902869
,978,,团圆饭庄(康居南区),,团圆饭庄(康居南区),康居南区底商15号楼 | 营业时间:周一至周日 10:00-21:30,2.1,3.3,0,http://store.is.autonavi.com/showpic/b56779d4adc37e78671a1a5c2127cb6e,116.835925,40.378116
,978,,大清花(密云店),压锅大丰收,大清花(密云店),果园云光环岛南50米路西 | 营业时间:周一至周五09:30-14:00；16:30-21:00；周六至周日及节假日09:30-21:00 | 电话:010-69020515,4.3,3.5,113,https://store.is.autonavi.com/showpic/fb887ad0a07bec6111f3f43c00ea2810,116.834292,40.376274
,978,,憨丁鱼籽砂锅(康居店),憨丁鱼籽砂锅,憨丁鱼籽砂锅(康居店),康居南区商业楼15号楼甲14号 | 营业时间:周一至周日 10:00-22:00 2026-02-16至2026-02-18 周一至周日 全天关闭 | 电话:010-69046186;15116906889,4.9,4.5,55,https://aos-comment.amap.com/B000A87BOV/comment/file_media_Photo_1993_IMG_1767954623_1842_mmexport1767954523464_jp_1768208432840_85359835.jpg,116.835925,40.378116
,978,,于记板面包子铺(北京香香园肉饼店),板面,于记板面包子铺(北京香香园肉饼店),新西路与果园北街交叉口北120米 | 电话:18325509735,7.5,1.8,12,,116.834258,40.375962
,978,,晟景·喜宴(密云店),毛氏红烧肉,晟景·喜宴(密云店),新西路云光商场8幢1层 | 营业时间:周一至周日 09:00-18:00 | 电话:18519468767,8,4.4,88,https://aos-comment.amap.com/B0K6THOYD1/comment/C0B6EA1A_60EB_489B_BF0F_428E71AF8128_L0_001_1500_200_1759832125858_90750662.jpg,116.834071,40.37735
,978,,今儿有局儿私房菜,私房菜,今儿有局儿私房菜,新西路77-2号 | 营业时间:周一至周日 06:15-22:45 | 电话:15210443152,2.9,2.4,37,http://store.is.autonavi.com/showpic/a3f46ad24b0a72dfcc4288619ad1efa5,116.834266,40.376088
,978,,北调儿铜炉鸡锅(密云店),鸡锅,北调儿铜炉鸡锅(密云店),西门外大街与新西路交叉口东北20米,0.8,2.3,50,,116.835525,40.377975
,978,,张亮麻辣烫(康居店),麻辣烫,张亮麻辣烫(康居店),康居南区转角楼40楼15号甲09号 | 营业时间:周一至周日 09:00-21:00 | 电话:15801678893,2.1,3.7,30,https://img.alicdn.com/imgextra/i2/O1CN013Da1GK1Ex2GzcHFBd_!!6000000000417-49-tps-750-750.webp,116.835397,40.378119
,981,,六合居,中餐厅,六合居,"密云镇沙河大队白石岭村24号院 | 营业时间:周一至周日 10:00-14:00,16:30-21:00 | 电话:15810809302",7.5,4.2,59,https://aos-comment.amap.com/B0LR4CQ6AM/comment/content_media_external_file_100012724_1763691120115_09277756.jpg,116.850875,40.404925
,981,,天天鲜,中餐厅,天天鲜,云河上苑小区东门旁,3.1,3.4,0,https://store.is.autonavi.com/showpic/d788936b721a68e654de47956d237e36,116.843575,40.400375
,982,,北京阳光街得来速餐厅,中餐厅,北京阳光街得来速餐厅,滨河路与阳光街交叉口东南40米,7,3.9,0,https://store.is.autonavi.com/showpic/af1a8c0cff4c84d115fcea1fe785aae5,116.836853,40.361904
,984,,北京德金民俗饭庄,,北京德金民俗饭庄,太师屯镇车道峪村181号 | 电话:13552740762;18600644920,0.4,3.9,0,https://store.is.autonavi.com/showpic/38d37b52a47b67cf8f84c12d007ec433,117.201866,40.58067
,984,,北京乐在小酒窝客栈,中餐厅,北京乐在小酒窝客栈,太师屯车道峪村 | 电话:13701083395,0.8,3.7,0,http://store.is.autonavi.com/showpic/34710f1030238ce3bc64f3d3442d1ce0,117.201276,40.580422
,984,,北京国昆农家院,中餐厅,北京国昆农家院,"太师屯车道峪村24号,近车道峪桥 | 电话:13910776003",0.3,4.6,0,https://store.is.autonavi.com/showpic/3399add9b960952ee9f668d9138151cd,117.199482,40.580085
,984,,德金民俗饭庄,中餐厅,德金民俗饭庄,北京德金民俗饭庄北侧,6,2.8,144,,117.201866,40.58067
,984,,路达饭庄,鱼头泡饼,路达饭庄,太师屯镇车道峪村松曹路 | 营业时间:周一至周日 07:00-22:00 | 电话:13691419802,3.6,3.8,58,https://aos-comment.amap.com/B0FFFAD4YS/comment/0feedback_sendimage_1659434249869_14792ddf.jpeg,117.19997,40.580293
,985,,渔蓝海鲜火锅(首都宾馆店),双人餐,渔蓝海鲜火锅(首都宾馆店),首都宾馆A座一层大堂吧东北角 | 营业时间:周一至周日 16:30-21:30 | 电话:010-58159566,3.6,4.6,163,https://aos-comment.amap.com/B0JRZGS12N/comment/982239bae377647ec1abd48304e1a1e9_2048_2048_80.jpg,116.409635,39.902001
,985,,良苑烤鸭店(前门店),宫保鸡丁,良苑烤鸭店(前门店),"前门东大街14号楼前 | 营业时间:11:00-21:00,2026年春节期间07:00-09:30；10:30-21:00 | 电话:010-65122322",4.1,4.5,80,https://aos-comment.amap.com/B000A7C192/comment/5B6F0744_4E23_4727_BFA1_4FF00A1CB9F2_L0_001_2000_150_1760867253847_38700077.jpg,116.408677,39.900407
,985,,食鼎轩烤鸭·私房菜(北京王府井台基厂大街店),家常菜,食鼎轩烤鸭·私房菜(北京王府井台基厂大街店),"台基厂大街10-1号 | 营业时间:周一至周日 09:30-14:00,16:30-21:30 2026-05-01至2026-05-05 周一至周日 09:30-14:00,16:30-21:30 | 电话:010-63445868;18519118048",7.2,4.6,70,https://aos-comment.amap.com/B0KGRMA21S/comment/content_media_external_file_100003357_1767011828140_18373911.jpg,116.411861,39.903494
,985,,北京隆和居美食城(正义路店),干锅千页豆腐,北京隆和居美食城(正义路店),东华门街道正义路8号(原市政府斜对面) | 营业时间:周一至周日 10:00-22:30 | 电话:010-65263265;13520777900,8.1,4.4,73,https://store.is.autonavi.com/showpic/72fbdf46904d9ac20000002152518124?type=pic,116.406444,39.903414
,985,,松鹤楼(台基厂店),松鼠桂鱼,松鹤楼(台基厂店),"北京城区台基厂大街10号(东郊民巷小学旁) | 营业时间:周一至周日 11:00-14:00,17:00-21:00 2026-02-17至2026-02-23 周一至周日 11:00-14:00,16:30-21:00 | 电话:010-65278195;010-65279255",1.7,4.5,153,http://store.is.autonavi.com/query_pic?id=st4e59a81c-8dd5-4876-9cdf-1e3afe32ebe2&user=search&operate=original,116.411839,39.903469
,985,,君庭中餐厅(首都宾馆店),牛肉,君庭中餐厅(首都宾馆店),"前门东大街3号首都宾馆东北门门房 | 营业时间:周一至周日 11:00-14:00,17:00-21:00 | 电话:010-58159788",0.5,4.4,213,https://aos-comment.amap.com/comment/content_service__1771506306909_36408294_1771506354089_05149994.jpg,116.408956,39.902119
,985,,奥华餐厅老张记(台基厂店),虾仁独面筋,奥华餐厅老张记(台基厂店),北京城区台基厂大街18-3号 | 营业时间:周一至周日 10:30-21:30 | 电话:010-65129289;010-65244021,3.7,4.6,62,http://store.is.autonavi.com/showpic/a44d4745fdde65bc76e850f893a9937b,116.411937,39.902869
,986,,叮当小馆,中餐厅,叮当小馆,冠华苑·棠棣园东门西北160米 | 营业时间:周一至周日 06:00-21:30,8.8,3.8,10,https://store.is.autonavi.com/showpic/d8945eeb18a9d4efd5e94e72d01523e5,116.406612,40.11806
,986,,驿站大食堂(宝迪商业中心店),中餐厅,驿站大食堂(宝迪商业中心店),立汤路58号宝迪商业中心F1层,6.5,3.6,17,http://store.is.autonavi.com/showpic/f9469184d162a5621924227e583e30cf,116.412473,40.118006
,986,,袁记云饺(冠华苑3号商业楼店),堂食,袁记云饺(冠华苑3号商业楼店),冠华苑3号商业楼 | 营业时间:周一至周日 08:00-21:00 | 电话:13511029757,0.1,3.8,23,https://store.is.autonavi.com/showpic/24d8c4f250f7147f3ac600fc4842f0ff?operate=original?operate=original?operate=original?operate=original,116.407207,40.118076
,986,,邻里家常菜(冠华苑店),家常菜,邻里家常菜(冠华苑店),冠华苑·紫薇园西北门南50米 | 营业时间:周一至周日 10:30-22:30 | 电话:13381452315,9.3,3.4,75,http://store.is.autonavi.com/showpic/c8705bc4df1cbe0248e45cd16e7794ae,116.406829,40.119233
,986,,土家湘菜(宝迪商业中心店),油泼面,土家湘菜(宝迪商业中心店),立汤路58号宝迪商业中心F1层 | 营业时间:周一至周日 10:30-22:00 | 电话:010-81778188;13261898788;18310005257,4.1,3.4,56,https://aos-comment.amap.com/B0FFKTCCYQ/comment/a8e3b84dd0d7ca859fd9a02f9bf647d1_2048_2048_80.jpg,116.412475,40.118175
,986,,王记麻辣烫(定泗路店),羊肉串,王记麻辣烫(定泗路店),冠华苑·棠棣园 | 电话:13241523320,4.9,2.5,43,http://store.is.autonavi.com/showpic/6fb1ad4e63f718c80193ae5f9984c281,116.406678,40.11799
,988,,渔民家(密云创始店),炸花椒芽,渔民家(密云创始店),"石城镇北石城村72号 | 营业时间:周一至周日 10:00-20:30 | 电话:18501331191;+861056320612,28433803",7.9,4.2,0,https://aos-comment.amap.com/B0IGHZD06D/comment/c34cfcba4c1569df8400470c30dd303f_2048_2048_80.jpg,116.819179,40.550352
,989,,天然阁饭庄,农家菜,天然阁饭庄,石城镇黄土梁村39号 | 电话:13911721587,3.4,3.6,0,http://store.is.autonavi.com/showpic/0d078c708cfb381e09a2e9d984318fdd,116.747729,40.635148
,990,,渔码头灶台鱼,灶台鱼,渔码头灶台鱼,石城镇石城村南石城52号 | 营业时间:周一至周日 10:00-21:00 | 电话:17611135239;18518067389,1.3,4.1,73,https://store.is.autonavi.com/showpic/41ba39ece08d3cee937d56ad17294bc5,116.820975,40.540287
,992,,渔蓝海鲜火锅(首都宾馆店),双人餐,渔蓝海鲜火锅(首都宾馆店),首都宾馆A座一层大堂吧东北角 | 营业时间:周一至周日 16:30-21:30 | 电话:010-58159566,4.9,4.6,163,https://aos-comment.amap.com/B0JRZGS12N/comment/982239bae377647ec1abd48304e1a1e9_2048_2048_80.jpg,116.409635,39.902001
,992,,食鼎轩烤鸭·私房菜(北京王府井台基厂大街店),家常菜,食鼎轩烤鸭·私房菜(北京王府井台基厂大街店),"台基厂大街10-1号 | 营业时间:周一至周日 09:30-14:00,16:30-21:30 2026-05-01至2026-05-05 周一至周日 09:30-14:00,16:30-21:30 | 电话:010-63445868;18519118048",7.9,4.6,70,https://aos-comment.amap.com/B0KGRMA21S/comment/content_media_external_file_100003357_1767011828140_18373911.jpg,116.411861,39.903494
,992,,北京隆和居美食城(正义路店),干锅千页豆腐,北京隆和居美食城(正义路店),东华门街道正义路8号(原市政府斜对面) | 营业时间:周一至周日 10:00-22:30 | 电话:010-65263265;13520777900,5.1,4.4,73,https://store.is.autonavi.com/showpic/72fbdf46904d9ac20000002152518124?type=pic,116.406444,39.903414
,992,,松鹤楼(台基厂店),松鼠桂鱼,松鹤楼(台基厂店),"北京城区台基厂大街10号(东郊民巷小学旁) | 营业时间:周一至周日 11:00-14:00,17:00-21:00 2026-02-17至2026-02-23 周一至周日 11:00-14:00,16:30-21:00 | 电话:010-65278195;010-65279255",7.4,4.5,153,http://store.is.autonavi.com/query_pic?id=st4e59a81c-8dd5-4876-9cdf-1e3afe32ebe2&user=search&operate=original,116.411839,39.903469
,992,,君庭中餐厅(首都宾馆店),牛肉,君庭中餐厅(首都宾馆店),"前门东大街3号首都宾馆东北门门房 | 营业时间:周一至周日 11:00-14:00,17:00-21:00 | 电话:010-58159788",0.1,4.4,213,https://aos-comment.amap.com/comment/content_service__1771506306909_36408294_1771506354089_05149994.jpg,116.408956,39.902119
,992,,奥华餐厅老张记(台基厂店),虾仁独面筋,奥华餐厅老张记(台基厂店),北京城区台基厂大街18-3号 | 营业时间:周一至周日 10:30-21:30 | 电话:010-65129289;010-65244021,8.1,4.6,62,http://store.is.autonavi.com/showpic/a44d4745fdde65bc76e850f893a9937b,116.411937,39.902869
,996,,向阳民俗饭庄,中餐厅,向阳民俗饭庄,半城子村三小区36号 | 营业时间:周一至周日 07:15-22:15 | 电话:010-81097158,8.4,3.6,51,http://store.is.autonavi.com/showpic/709db2e78eb6aaf52e38bd670da28b5b,117.03856,40.625852
,999,,北京家峪居民俗饭庄,中餐厅,北京家峪居民俗饭庄,"京密路西南30米 | 营业时间:周一,周五至周日 00:00-24:00",9.9,3.4,0,http://store.is.autonavi.com/showpic/cfc55fec4a183a5d993558a4e520d6bd,116.97921,40.405163
,999,,早点小吃(京密路店),中餐厅,早点小吃(京密路店),京密路与龚羊路交叉口西60米 | 电话:15001033523,0.3,3.7,10,http://store.is.autonavi.com/showpic/ec89cdb3a098292a463f169002289742,116.957134,40.406668
,999,,正宗安徽板面,中餐厅,正宗安徽板面,京密路与龚羊路交叉口西60米,3.3,3.1,0,,116.957084,40.406668
,999,,红军饭庄,京酱肉丝,红军饭庄,穆家峪镇羊山村穆家峪羊山农贸产品市场五72号 | 营业时间:周一至周日 09:00-21:00 | 电话:13681375381,7.5,4.5,90,https://store.is.autonavi.com/showpic/a858e4ecf28a43b05754c0f00f1299b8,116.957525,40.406682
,999,,晓苹酒家(京密路店),鱼头,晓苹酒家(京密路店),穆九路1号 | 营业时间:周一至周日 08:30-21:30 | 电话:010-61051082;13436924037,2.5,3.7,58,https://store.is.autonavi.com/showpic/2472aa465e78e9b95f3e0c575fc6c9a0,116.957425,40.406692
,1001,,福聚全来饭庄,,福聚全来饭庄,石城镇王庄村密关路附近 | 电话:010-61025333;13436841121;15911156987,3.3,3.2,0,http://store.is.autonavi.com/showpic/580c63c53b9c1f6d5f5afbe4164bec97,116.817069,40.528418
,1001,,路友缘鑫居农家饭庄,,路友缘鑫居农家饭庄,王庄路与密关路交叉口西40米 | 营业时间:周一至周日 08:00-22:30 | 电话:010-61025742;13716716198,1.6,4,52,https://store.is.autonavi.com/showpic/41fd48742328f388ca7be3116956a699,116.816826,40.528391
,1001,,北京王庄回香居民俗饭庄,中餐厅,北京王庄回香居民俗饭庄,王庄路与密关路交叉口西80米 | 营业时间:周一至周日 08:00-20:00 | 电话:17319199937,6.5,2.8,0,http://store.is.autonavi.com/showpic/c28043002ff6e1fdfcbcf1f37a43fe86,116.816458,40.528282
,1001,,维乐餐厅,中餐厅,维乐餐厅,密关路与王庄路交叉口北80米 | 营业时间:周一至周日 09:00-20:00,2.8,4.1,256,http://store.is.autonavi.com/showpic/ecbe99dab82b2b931bf5ce22af1c7e17,116.817356,40.529013
,1001,,猫咪家的鱼馆·水库鱼主题餐厅(云水花溪店),双人餐,猫咪家的鱼馆·水库鱼主题餐厅(云水花溪店),石城镇水库西线公路176-1 | 营业时间:周一至周日 08:00-20:00 | 电话:010-69019958;18501366075,1.2,4.5,89,https://store.is.autonavi.com/showpic/c142928f8e24192a0000002302652999?type=pic,116.816888,40.509247
,1001,,云蒙峡Alisa峡谷咖啡,咖啡厅,云蒙峡Alisa峡谷咖啡,营业时间:周一至周日 10:00-18:00 | 电话:18600260282,5.1,4.4,67,http://store.is.autonavi.com/showpic/a020ed3d4b4e843b8405000ae4a87366,116.801412,40.521645
,1001,,王庄杂粮饼,杂粮饼,王庄杂粮饼,王庄路与密关路交叉口西40米,6.8,1.9,14,https://store.is.autonavi.com/showpic/2aceb11382ceb79dfdab4a031d4e6015,116.816832,40.528446
,1001,,明儿见餐饮小院,私房菜,明儿见餐饮小院,密关路1号 | 营业时间:周一至周日 00:00-24:00 | 电话:15726663193,9.7,3.1,137,http://store.is.autonavi.com/showpic/bb856d08d4e09f13b98059ff2fbd54b3,116.817235,40.523539
,1002,,北福兴饭庄(溪翁庄店),东北铁锅炖,北福兴饭庄(溪翁庄店),"溪翁庄镇走马庄村滑雪场西侧路北400米 | 营业时间:周一至周日 08:30-14:00,16:00-21:00 | 电话:15901353375",8.9,4.4,92,http://store.is.autonavi.com/showpic/9353877124fd4c03e7c98fdeed595b8e,116.877385,40.474784
,1002,,北京祝桂兰民俗餐馆,中餐厅,北京祝桂兰民俗餐馆,溪翁庄镇荞麦峪村57号 | 电话:13520339738,4.1,3.8,0,https://store.is.autonavi.com/showpic/74d16c5b1e304e6d064489f9c9139797,116.883842,40.47802
,1002,,圣霖荷园,中餐厅,圣霖荷园,溪翁庄镇鱼街 | 营业时间:周一至周日 08:00-22:00 | 电话:010-69012888,4.2,4.4,0,http://store.is.autonavi.com/showpic/9df24ed6c4ef528a4bb5059669d1f3b5,116.875747,40.475606
,1002,,太德家宴,中餐厅,太德家宴,云佛山滑雪场西侧50米 | 营业时间:周一至周日 11:00-20:00 | 电话:13001079331,7.9,4.6,118,https://aos-comment.amap.com/B0L6SR5B8R/comment/content_media_external_file_100000091_1769589248341_43643466.jpg,116.878122,40.474508
,1002,,宝玉吉祥民俗院,中餐厅,宝玉吉祥民俗院,环南线125号 | 营业时间:周一至周日 00:00-24:00 | 电话:18516960288,1.9,3.4,0,http://store.is.autonavi.com/showpic/81b97b9f71d1b2349fba5d5126a50e69,116.884151,40.477434
,1002,,佰家坊灶台鱼,双人餐,佰家坊灶台鱼,溪翁庄镇走马庄村-密云水库鱼王美食一条街东段路北 | 营业时间:周一至周日 09:00-21:00 | 电话:15210340164;18610488879,0.6,4.5,105,https://store.is.autonavi.com/showpic/4a6ed10fbe4c2dccfc1f87fd94a42c3f,116.876067,40.474715
,1002,,金麦渔村(北京总店),小酥肉,金麦渔村(北京总店),北京城区水库鱼王美食街路北 | 营业时间:周一至周日 09:00-20:30 | 电话:010-69014931;13120325303,6,4.5,88,https://store.is.autonavi.com/showpic/46ff683a4b562abc7b207763ebc74470,116.86676,40.475004
,1002,,鱼大厨农家美食城,小龙虾,鱼大厨农家美食城,溪翁庄镇口门子东南200米 | 营业时间:周一至周日 08:00-22:00 | 电话:010-69012178;15011026201,9.3,4.4,0,http://store.is.autonavi.com/showpic/a432a357ad317c4b4e38e038ef06a40f,116.867045,40.474608
,1002,,燕北云山美食城,白菜豆腐,燕北云山美食城,溪翁庄镇云佛山滑雪场斜对面 | 营业时间:周一至周日 09:00-21:00 | 电话:010-69016677;13801227277,8.6,4.6,82,https://aos-comment.amap.com/B000A8XMIM/comment/EC90584C_DE1C_4A07_8D41_AD3BBE48116B_L0_001_2016_151_1753074408302_87843516.jpg,116.878823,40.47529
,1004,,旺京小院(琉辛路1号分店),,旺京小院(琉辛路1号分店),石城镇张家坟新村27号 | 电话:18513607645,0.8,4.7,0,https://store.is.autonavi.com/showpic/00718c557e40201f4bcaa2b2008880dd,116.794113,40.610392
,1004,,傍水居饭庄,中餐厅,傍水居饭庄,石城镇张家坟村傍水居饭庄 | 电话:18800022876,2.9,3.8,0,http://store.is.autonavi.com/showpic/7e1a7892bdb2f37eec47bf0a68bdc840,116.794121,40.611083
,1004,,逆旅餐饮,中餐厅,逆旅餐饮,石城镇捧河岩塌山村东口 | 营业时间:周一至周日 00:00-24:00 | 电话:13301318037,0.3,2.2,0,https://store.is.autonavi.com/showpic/53a12e7b54ee52e0a051b404f026cbd2,116.804032,40.616856
,1004,,忆·拾光TIME,咖啡厅,忆·拾光TIME,临水居农家院西侧90米,5.8,3.2,62,,116.802322,40.616447
,1005,,短腿儿柯基&coffee,coffee,短腿儿柯基&coffee,石佛寺东侧200米 | 营业时间:周一至周日 09:00-21:00 | 电话:13031119138,3.6,4.5,37,https://store.is.autonavi.com/showpic/971e6ccf066e39e40000001608648258?type=pic,116.039556,40.339387
,1005,,龙漫餐厅(八达岭店),中餐厅,龙漫餐厅(八达岭店),石佛寺村10号,5.9,3.7,76,,116.039919,40.339428
,1006,,古镇南街小吃店,中餐厅,古镇南街小吃店,古北口镇卫生院东门旁,6.6,2.8,28,,117.164729,40.69009
,1006,,海棠小院(北京密云古北口镇店),中餐厅,海棠小院(北京密云古北口镇店),古北口镇古北口村东关西队主街一号 | 电话:13341042384;13341062565,5.6,4.1,0,https://store.is.autonavi.com/showpic/e230ebfcbdfaca19f3385f66a15b892f,117.172263,40.685786
,1006,,北京古北雅阁火锅店,火锅店,北京古北雅阁火锅店,西横街与京密路交叉口东北20米,8.9,3.2,0,http://store.is.autonavi.com/showpic/a726bd040d262151f4fc95e84d647efc,117.163382,40.688887
,1010,,北京司马台聚满园民俗院,,北京司马台聚满园民俗院,司马台新村小岭32-6号(紧邻村口) | 电话:010-69035846;13716063236;13911044124,7.5,4.3,0,https://store.is.autonavi.com/showpic/324c165168d00b40ce16a536396e27c9,117.232608,40.658701
,1010,,阳光庄园(一区干二路分店),,阳光庄园(一区干二路分店),"一区干二路小岭古北水镇小岭民俗村阳光庄园民宿客栈 | 电话:010-56320606;18701472331;010-56320606,3272281",8.5,3.6,0,https://store.is.autonavi.com/showpic/1f5fd8c023be0ae9e66d45a2f848730a,117.232488,40.659204
,1010,,古北情缘民俗饭庄,中餐厅,古北情缘民俗饭庄,丁家小院西南门旁 | 营业时间:周一至周日 08:00-24:00 | 电话:13241667885;13264460889;13520488595,0.5,4,0,http://store.is.autonavi.com/showpic/3f82d6fced33b600528d073e9260c9c8,117.210558,40.651136
,1011,,猫咪家的鱼馆·水库鱼主题餐厅(云水花溪店),双人餐,猫咪家的鱼馆·水库鱼主题餐厅(云水花溪店),石城镇水库西线公路176-1 | 营业时间:周一至周日 08:00-20:00 | 电话:010-69019958;18501366075,2.1,4.5,89,https://store.is.autonavi.com/showpic/c142928f8e24192a0000002302652999?type=pic,116.816888,40.509247
,1011,,云蒙峡Alisa峡谷咖啡,咖啡厅,云蒙峡Alisa峡谷咖啡,营业时间:周一至周日 10:00-18:00 | 电话:18600260282,7.8,4.4,67,http://store.is.autonavi.com/showpic/a020ed3d4b4e843b8405000ae4a87366,116.801412,40.521645
,1011,,明儿见餐饮小院,私房菜,明儿见餐饮小院,密关路1号 | 营业时间:周一至周日 00:00-24:00 | 电话:15726663193,6.7,3.1,137,http://store.is.autonavi.com/showpic/bb856d08d4e09f13b98059ff2fbd54b3,116.817235,40.523539
,1015,,河南羊肉烩面,一碗面,河南羊肉烩面,桥西街与卢沟桥交叉口西80米 | 营业时间:周一至周日 09:00-22:00 | 电话:13552110394,2.6,3.9,35,https://aos-comment.amap.com/B0H2OAAFZU/comment/313fc2e5af4f5df674b63fbbd03a6354_2048_2048_80.jpg,116.216054,39.849677
,1015,,北方面语,中餐厅,北方面语,卢沟桥南里10号宛平城内(西侧) | 营业时间:周一至周日 08:00-20:00,2.6,3.8,27,https://aos-comment.amap.com/comment/content_service__1772461601725_06703754_1772461606528_27309109.jpg,116.224195,39.851021
,1015,,要潮人民咖啡馆(宛平城店),清咖,要潮人民咖啡馆(宛平城店),北京城区北京城区宛平城城内街甲23号 | 营业时间:周一至周日 10:00-17:00 | 电话:18612309984,8.6,4.6,21,https://aos-comment.amap.com/B0K6R5BR46/comment/content_media_external_file_89607_ss__1771310726045_67560203.jpg,116.224677,39.851318
,1016,,黑牛山齐齐哈尔烤牛肉,中餐厅,黑牛山齐齐哈尔烤牛肉,星河城冬季星空东3门旁 | 营业时间:周一至周日 10:00-05:00 | 电话:15101612242,8.8,4.6,89,https://store.is.autonavi.com/showpic/aa30f48705030019feecd8e350de2c84,116.364675,39.844259
,1016,,陕十一·凉皮肉夹馍(角门店),凉皮肉夹馍,陕十一·凉皮肉夹馍(角门店),北京城区嘉园三里3号楼3-3幢1层A1021 | 营业时间:周一至周日 10:00-20:00 | 电话:13521474010,7.6,3.1,0,https://store.is.autonavi.com/showpic/645698aa64a1fc2f27bc91062df76d49,116.366055,39.84234
,1016,,紫光园清真北京小吃(星河城冬季星空店),奶皮子,紫光园清真北京小吃(星河城冬季星空店),马家堡街道镇国寺北街4号院路13号 | 营业时间:周一至周日 08:00-20:00 | 电话:19993879715,4.1,4.5,60,http://store.is.autonavi.com/query_pic?id=stc56029d4-8f36-4428-b61d-aded6ac2fe6d&user=search&operate=original,116.364676,39.844593
,1016,,江君府臭鳜鱼(镇国寺店),徽菜,江君府臭鳜鱼(镇国寺店),北京城区镇国寺北街4号院13号楼2层 | 营业时间:周一至周日 10:30-22:00 | 电话:010-87589916,3.3,4.5,96,https://store.is.autonavi.com/showpic/9f976f8a8cafd28d2e17a041002a8756,116.364653,39.844375
,1016,,庆丰包子铺(明日商厦店),梅干菜包子,庆丰包子铺(明日商厦店),嘉园路东105号(角门西地铁站E西北口步行470米) | 营业时间:周一至周日 06:00-21:00 2026-02-15至2026-02-22 周一至周日 全天关闭 | 电话:010-87568550,2,4.5,24,http://store.is.autonavi.com/showpic/0907f6a254fd119d777cd48d6f22e929,116.365404,39.845005
,1016,,高水杨米粉(明日商厦店),牛肉,高水杨米粉(明日商厦店),北京城区嘉园三里3号楼底商102(明日嘉园西门) | 营业时间:周一至周日 10:00-23:00 | 电话:13801393695,6,4.5,32,https://aos-comment.amap.com/B0I1THCAGQ/comment/fa13bffc7037997e5d7c1151faa4f2e5_2048_2048_80.jpg,116.365417,39.844853
,1016,,祁姥姥家现熬疙瘩汤(角门店),疙瘩汤,祁姥姥家现熬疙瘩汤(角门店),北京城区嘉园三里3号楼3-3幢1层A1021 | 电话:13521474010,5.9,3.4,29,,116.365454,39.844253
,1016,,湘味淳·浏阳小炒生态鱼头(嘉园路店),酸辣鸡杂,湘味淳·浏阳小炒生态鱼头(嘉园路店),镇国寺北街4号院13号楼底商 | 营业时间:周一至周日 10:30-21:30 2026-05-01至2026-05-05 周一至周日 10:30-21:30 | 电话:010-67572723;18518455488,3,4.6,79,https://store.is.autonavi.com/showpic/24a724b18f851898443e57fda345d815,116.364651,39.844709
,1016,,成都小厨(嘉园路),麻辣馋嘴蛙,成都小厨(嘉园路),马家堡街道镇国寺北街4号院13号楼1层106号 | 营业时间:周一至周日 10:00-23:00 2026-05-01至2026-05-05 周一至周日 10:00-23:00 | 电话:010-87567300,3.1,4.5,81,http://store.is.autonavi.com/showpic/24c880b2bcb8526607fa19506a8caed4,116.364651,39.844478
,1019,,杨氏杭州小笼包(南岗洼店),中餐厅,杨氏杭州小笼包(南岗洼店),周口店路与石油库路交叉口东北100米,4.6,3.7,19,http://store.is.autonavi.com/showpic/62156cf69184f1091eeab6f36eb35f1c,116.19269,39.794119
,1019,,江西小炒(周口店路店),中餐厅,江西小炒(周口店路店),周口店路北岗洼 | 电话:13959510924,8.4,3.9,32,https://store.is.autonavi.com/showpic/3d4350e39d84f7b6f8ae4b0d5b4b04e5,116.192739,39.79429
,1019,,隔壁老张烧烤,中餐厅,隔壁老张烧烤,石油库路与周口店路交叉口西60米,2.1,3.6,21,,116.191684,39.793554
,1019,,黄焖鸡过桥米线,中餐厅,黄焖鸡过桥米线,周口店路与石油库路交叉口东北80米,0.9,3,35,,116.19265,39.794067
,1019,,上海灌汤包(周口店路店),南瓜饼,上海灌汤包(周口店路店),王佐镇南岗洼村公交车站 | 电话:18654056638,2.4,3.7,19,"http://s-pic.oss-cn-beijing.aliyuncs.com/desensitize/images/publish/61678537.jpg?x-oss-process=image/watermark,image_d2F0ZXJtYXJrLmpwZw",116.191854,39.792121
,1019,,东子卤煮火烧(周口店路店),卤煮火烧,东子卤煮火烧(周口店路店),北岗洼54号路东 | 营业时间:周一至周日 09:00-22:00 | 电话:13520468918;17352748449,3.7,3.7,46,http://aos-cdn-image.amap.com/sns/ugccomment/ccb6a52d-aafd-4899-a796-d0dc05f35cd6.jpg,116.192712,39.79419
,1019,,鑫湘连乡土家常菜,家常菜,鑫湘连乡土家常菜,"周口店路与石油库路交叉口西南160米 | 营业时间:周一至周日 11:30-14:30,17:30-23:00",4.9,3.4,57,https://store.is.autonavi.com/showpic/264890f7c7b7e04ca67943b6e1fc1828,116.190875,39.792425
,1019,,聚仁和牛肉板面,牛肉板面,聚仁和牛肉板面,周口店路与石油库路交叉口北140米,0.3,3.6,18,http://store.is.autonavi.com/showpic/3b5032310b2ee169fcf82475a5ef5fdd,116.19252,39.794651
,1019,,二姐东北大馅饺子,特色/地方风味餐厅,二姐东北大馅饺子,周口店路与石油库路交叉口北80米 | 电话:15049677065,2.1,3.3,0,https://store.is.autonavi.com/showpic/86cba2eff934d3baea2e0c2286002b4d,116.192379,39.794174
,1019,,梅子饺子馆,特色/地方风味餐厅,梅子饺子馆,周口店路与石油库路交叉口西南140米,5.9,3.9,27,http://store.is.autonavi.com/showpic/aff6c5a2b64733f124256ad0a8160def,116.191109,39.792481
,1019,,小四川私房菜,私房菜,小四川私房菜,"南岗洼洗浴 | 营业时间:周一至周日 10:00-14:30,16:30-23:00 | 电话:13011090109",4.7,4.1,40,http://store.is.autonavi.com/showpic/14bf4f5b0ace8852c6e743e60d2796aa,116.191221,39.793582
,1019,,麻辣烫,麻辣烫,麻辣烫,王佐镇南岗洼村138号 | 营业时间:周一至周日 17:00-03:00,1.3,3.7,18,http://store.is.autonavi.com/showpic/f9092e012c742b40306f2dea14ba332f,116.191558,39.792072
,1023,,富邻居社区餐厅,中餐厅,富邻居社区餐厅,富锦嘉园二区 | 营业时间:周一至周日 06:00-21:00 | 电话:13476911666,2.3,4,12,https://store.is.autonavi.com/showpic/966e55ac99af598306c255858e6ae677,116.284622,39.816781
,1024,,四个朋友(银座和谐广场店),中餐厅,四个朋友(银座和谐广场店),北京市万丰路68号院银座和谐广场写字楼9层9015 | 营业时间:周一至周日 00:00-24:00 | 电话:18511111777,3.7,4.3,32,https://store.is.autonavi.com/showpic/1f1d1ff17fa3d6547d19ea02b63fc593,116.296146,39.882541
,1024,,Tims天好咖啡(银座和谐广场店),奶咖,Tims天好咖啡(银座和谐广场店),万丰路68号院银座和谐广场1F层 | 营业时间:周一至周五 07:30-22:00；周六至周日 07:30-22:00 | 电话:010-59829567,4.6,4.3,34,http://store.is.autonavi.com/query_pic?id=st38519e2d-32b5-4c06-a3f8-a4018fd659bf&user=search&operate=original,116.296318,39.882104
,1024,,半天妖烤鱼(银座和谐广场店),羊肉串,半天妖烤鱼(银座和谐广场店),万丰路68号院银座和谐广场五楼506 | 营业时间:周一至周日 10:00-21:00 | 电话:18301511203,0.8,4.2,46,http://store.is.autonavi.com/query_pic?id=st6cbff809-1a75-44c4-aa35-8508d1158637&user=search&operate=original,116.29641,39.882183
,1025,,山河屯铁锅炖(富丰桥店),五花肉,山河屯铁锅炖(富丰桥店),恒富花园一号楼1层(丰台南路地铁站D西南口步行370米) | 营业时间:周一至周日 10:00-23:30 | 电话:010-88119288;13021996587,9.1,4.6,93,https://aos-comment.amap.com/B0JKZHPBOO/comment/0255fc4b45fcf71625851f6928e88f91_2048_2048_80.jpg,116.29584,39.836659
,1025,,川湘家常菜(韩庄东路店),川湘家常菜,川湘家常菜(韩庄东路店),丰台南路108号(老诚一锅对面) | 营业时间:周一至周日 06:30-20:00,4.2,3.8,27,https://store.is.autonavi.com/showpic/5f8c0805bcc7f68f3d66a67a2588008b,116.2935,39.840345
,1025,,宝源南门涮肉(丰台科技公园店),火锅店,宝源南门涮肉(丰台科技公园店),北京城区恒富中街2号院1号楼底商 | 营业时间:周一至周日 10:00-23:00 | 电话:13263166787,3.8,4.4,83,https://store.is.autonavi.com/showpic/6c48089d93455d810000001342986195?type=pic,116.295804,39.836713
,1025,,羊满墙羊蝎子火锅(丰台科兴店),羊肉,羊满墙羊蝎子火锅(丰台科兴店),北京城区科兴路5号 | 营业时间:周一至周日 10:30-22:00 | 电话:13611153057,6,4.6,72,https://store.is.autonavi.com/showpic/79a7da2898c72d780000001097206072?type=pic,116.293641,39.837222
,1025,,会来斋涮肉·穿越食空(看丹桥店),鸳鸯锅,会来斋涮肉·穿越食空(看丹桥店),"韩庄子东里东北3门旁 | 营业时间:周一至周日 10:00-14:30,16:30-22:00 | 电话:010-83677791",6.8,4.3,59,https://aos-comment.amap.com/B0FFH2PPP7/comment/5076AA73_004A_4E13_A58C_96267FA687C9_L0_001_1502_2000_1730034847511_98812926.jpg,116.293244,39.840061
,1029,,安徽板面(草桥集贸市场店),中餐厅,安徽板面(草桥集贸市场店),花乡乡草桥集贸市场,3,2.2,20,,116.361359,39.852331
,1029,,寻香记东北家常菜馆,中餐厅,寻香记东北家常菜馆,南三环西路入口与南三环西路交叉口南180米 | 营业时间:周一至周日 10:00-21:00,3.9,2.9,56,https://store.is.autonavi.com/showpic/73029d49af74b126984b21355d6cf6a6,116.36151,39.852552
,1029,,山西主食,中餐厅,山西主食,花乡草桥东路草桥集贸市场内,4.4,1.8,0,,116.361468,39.85233
,1029,,晋味主食厨房(右安南桥店),中餐厅,晋味主食厨房(右安南桥店),凯德MALL大峡谷店西3门旁 | 营业时间:周一至周日 05:30-22:00,4.2,3.8,14,https://store.is.autonavi.com/showpic/5f12a06e042ec515754efa82033cd2a8,116.366076,39.853881
,1029,,曼玲粥店,中餐厅,曼玲粥店,玺萌鹏苑西2门西北110米,3.2,3.8,19,http://store.is.autonavi.com/query_pic?id=stc3277489-d22a-4254-abee-ea1945a1b0e5&user=search&operate=original,116.361638,39.852829
,1029,,杭州小笼包(草桥集贸市场店),中餐厅,杭州小笼包(草桥集贸市场店),北京城区草桥集贸市场东门进来第一家 | 营业时间:周一至周日 02:00-14:00 | 电话:18612147956,0.2,3.9,23,https://aos-comment.amap.com/B0LACMD347/comment/e6137f38-fbdc-423d-891e-80396427d9f0.png,116.361625,39.851925
,1029,,大槐树山西面食,刀削面,大槐树山西面食,南三环西路11号 | 营业时间:周一至周日 10:00-22:30 | 电话:15210477523;18511318120,8.3,3.8,16,http://store.is.autonavi.com/showpic/308b9f24ffba4529d307bc57d74d1225,116.362162,39.854568
,1029,,复煮咖啡(新华创新产业园店),咖啡厅,复煮咖啡(新华创新产业园店),草桥东路2号院1号楼首农双创中心大厦 | 营业时间:周一至周日 07:30-15:30,8,4,26,https://aos-comment.amap.com/B0L3UCHFZT/comment/33660588_E376_4BAC_9888_1F453E287ACC_L0_001_1500_200_1769513731389_28441521.jpg,116.360259,39.851285
,1029,,小满手工粉(北京凯德MALL·大峡谷店),手工粉,小满手工粉(北京凯德MALL·大峡谷店),南三环西路16号凯德MALL·大峡谷1号楼B1层17号 | 营业时间:周一至周日 10:00-21:30 | 电话:13522759925,7.9,4.2,40,https://store.is.autonavi.com/showpic/f9da6aaaa2740e92ef7c89973c51fe7f,116.365993,39.853945
,1029,,会香斋马氏酱牛肉(草桥店),牛肉,会香斋马氏酱牛肉(草桥店),北甲地路与草桥东路交叉口东180米 | 营业时间:周一至周日 08:00-19:00 | 电话:17501089526,5.6,3.7,0,http://store.is.autonavi.com/showpic/f2772c9ded87c15456794026b4872342,116.361375,39.852525
,1029,,小辉秘制烤羊腿(草桥店),特色/地方风味餐厅,小辉秘制烤羊腿(草桥店),首农双创中心大厦西门东180米,5.9,3.4,79,http://store.is.autonavi.com/showpic/cd951d9e69bac783ce81393fbce190ce,116.361247,39.852503
,1029,,瑞幸咖啡(凯德MALL大峡谷店),生椰拿铁,瑞幸咖啡(凯德MALL大峡谷店),南三环西路16号凯德MALL商场一层K13A | 营业时间:周一至周日 10:00-22:00 | 电话:4000100100,5.3,4.3,13,https://store.is.autonavi.com/showpic/c287706810a95e84ab635a931ccf264d?operate=original,116.366242,39.854393
,1029,,张记羊杂汤(草桥集贸市场店),羊杂汤,张记羊杂汤(草桥集贸市场店),北甲地路1号CY-9草桥集贸市场 | 营业时间:06:30-20:00 | 电话:13121411380;15893138379,8.1,3.6,21,http://store.is.autonavi.com/showpic/6baaa221755e14105b303128bc06a967,116.36163,39.85218
,1029,,晋来顺手擀面马家堡店,臊子油泼面,晋来顺手擀面马家堡店,丰开苑小区西侧 | 营业时间:周一至周日 11:00-23:00 | 电话:15311155938,6.2,4.3,29,http://store.is.autonavi.com/showpic/22888719056e887d703be39c1fe8c0d0,116.366025,39.853675
,1029,,油条豆腐脑(草桥集贸店),葱花饼,油条豆腐脑(草桥集贸店),花乡北甲地路甲28号草桥集贸市场 | 电话:13945308372,4.9,3.7,0,http://store.is.autonavi.com/showpic/41f4354377fa13b0856891499af4f036,116.361305,39.852356
,1029,,云海肴云南菜(首地大峡谷店),香茅草烤鱼,云海肴云南菜(首地大峡谷店),南三环西路16号凯德MALL·大峡谷F4层 | 营业时间:周一至周日 11:00-21:00 | 电话:010-87576066,7.6,4.5,70,http://store.is.autonavi.com/query_pic?id=st551050e0-0d1d-4ea9-8ab1-1b92e08a6a19&user=search&operate=original,116.366357,39.854463
,1031,,和街肉饼(丰管路店),肉饼,和街肉饼(丰管路店),丰管路5号盛鑫嘉园(泥洼地铁站A2西北口步行210米) | 营业时间:周一至周日 06:00-22:00,4.5,3.8,24,http://store.is.autonavi.com/showpic/354e4c9706f756c63f98d8908d2ffc43,116.302976,39.85809
,1031,,南城香(丰管路店),麻酱,南城香(丰管路店),北京城区丰管路5号院盛鑫嘉园5号楼1层108室 | 营业时间:周一至周日 06:00-22:30 | 电话:010-83833600;15235984878,5.3,4.3,28,http://store.is.autonavi.com/query_pic?id=st1f4d36d8-a299-4197-a0e1-9c6f3c864e58&user=search&operate=original,116.303183,39.85807
,1032,,香远斋烤全羊,烤全羊,香远斋烤全羊,葆台路711-b号(大葆台地铁站C东南口步行500米) | 营业时间:周一至周日 10:00-22:00 | 电话:15810136111;18612836123;18810749198,5.7,3.8,73,https://aos-comment.amap.com/B0FFH89M5F/comment/d1f5658805e37ff763e941a179022970_2048_2048_80.jpg,116.296734,39.808673
,1033,,乘之堂茶空间(模式口大街店),中餐厅,乘之堂茶空间(模式口大街店),模式口大街34号院 | 营业时间:周一至周日 09:30-20:00 | 电话:18613858018,3.3,4.3,104,https://store.is.autonavi.com/showpic/021c6dd1fe59fcca0000002452230211?type=pic,116.161971,39.935176
,1033,,驼铃全羊汤,大饼,驼铃全羊汤,九中教工宿舍楼西南门旁 | 营业时间:周一至周日 06:00-21:00 | 电话:15624919016,1.5,4.1,25,https://aos-comment.amap.com/B0J0FDID2E/comment/6c308a5f3699cba892b2eb0458a3137a_2048_2048_80.jpg,116.162311,39.935317
,1033,,景山徽宴,景山松茸臭鳜鱼,景山徽宴,金顶街街道模式口大街56号 | 营业时间:周一至周日 11:00-21:30 2026-05-01至2026-05-05 周一至周日 11:00-21:30 | 电话:010-53677771;17600610008,9,4.4,94,http://store.is.autonavi.com/showpic/cf0d8df21a863e5d15a6b20235662557,116.161504,39.936123
,1033,,魔王咖啡商店,松饼,魔王咖啡商店,北京城区模式口大街37号 | 营业时间:周一至周日 10:00-18:00 | 电话:13120091798,9.6,4.5,43,https://aos-comment.amap.com/B0KR1HNHKV/comment/content_media_external_images_media_100003686_1738645724699_04018677.jpg,116.161647,39.935923
,1034,,晋周刀削面家常菜,刀削面,晋周刀削面家常菜,金桥东街9号院4号楼中贡广场一层,4.1,3.7,25,http://store.is.autonavi.com/showpic/a11b8400e88bba0fc37ada280c171a28,116.422648,39.838085
,1034,,杭州小笼包(世华水岸店),小面,杭州小笼包(世华水岸店),世华水岸F区北1门旁 | 营业时间:周一至周日 06:00-21:00 | 电话:18257595938,5.7,3.6,20,http://store.is.autonavi.com/showpic/e531f9337f71c8befaedb1d7293b4014,116.425713,39.836391
,1034,,聚京民福烤鸭店(石榴庄店),烤鸭,聚京民福烤鸭店(石榴庄店),"北京城区金桥东街9号院4号楼-1层 | 营业时间:周一至周日 10:00-14:00,17:00-21:00 | 电话:13161998085;13716575110",3,4.6,102,https://store.is.autonavi.com/showpic/38543acee7fec6480000001873370026?type=pic,116.422381,39.838005
,1035,,社区食堂,中餐厅,社区食堂,南宫路与长青路交叉口西40米,7.8,3.7,19,https://store.is.autonavi.com/showpic/889f2dce3b3a249192c410d8cdea62c4,116.15002,39.798752
,1035,,禾禾涮老北京炸酱面,单人餐,禾禾涮老北京炸酱面,"长青路109号-1号 | 营业时间:周一至周日 09:00-14:00,16:00-21:00 2026-05-01至2026-05-05 周一至周日 09:00-14:00,17:00-21:00 | 电话:010-83380566",8.4,4.2,48,https://aos-comment.amap.com/B0FFG7KSDH/comment/content_media_external_images_media_254075_ss__1735138538990_35782665.jpg,116.149956,39.798724
,1035,,京榜题名北京菜,地三鲜,京榜题名北京菜,"长青路与南宫路交叉口西100米 | 营业时间:周一至周日 06:00-14:30,17:00-21:00 | 电话:18611728605",3.7,3.5,36,https://store.is.autonavi.com/showpic/09c81750c4245bb43bc5cb94f5dc40c2,116.149438,39.798331
,1035,,小宋烧烤,特色/地方风味餐厅,小宋烧烤,贺福路与泉湖东路交叉口东南320米,2.5,3.4,69,,116.142725,39.791625
,1035,,宽哥.肥肠鸡(南宫店),素菜,宽哥.肥肠鸡(南宫店),"长青路113号 | 营业时间:周一至周日 11:00-14:00,17:00-22:00 2026-05-01至2026-05-04 周一至周日 09:00-22:00 | 电话:010-68806058;13031139308",5.2,4.3,67,https://store.is.autonavi.com/showpic/2ddc8f2a7ca6d4d4aa55b2533424dbe9,116.148498,39.797416
,1035,,牧焱铁锅炖,鲜牛八筋锅,牧焱铁锅炖,北京城区长青路109-8号 | 营业时间:周一至周日 10:00-22:00 | 电话:19520151165,6,4.1,58,https://store.is.autonavi.com/showpic/fa0d6fdb26ba705a4d4142ff474c3ff9,116.14939,39.798155
,1035,,邹三姐·千层肚火锅·鲜货·手工菜(王佐店),鲜腰片,邹三姐·千层肚火锅·鲜货·手工菜(王佐店),王佐镇长青路107号 | 营业时间:周一至周五 10:00-22:00；周六至周日 10:00-22:00 | 电话:010-83898366,8.2,4.6,99,https://store.is.autonavi.com/showpic/4fb3bfd7f79c547cb89c811c06e98cd6,116.150544,39.799165
,1038,,小月苑七里职工餐厅,中餐厅,小月苑七里职工餐厅,现况环岛与晓月西路交叉口东南200米,8.1,4.3,0,http://store.is.autonavi.com/showpic/1656b6733100876460d8072180a8bbf2,116.24699,39.830573
,1038,,宛平宴·粤菜·烤鸭(卢沟桥店),烤鸭,宛平宴·粤菜·烤鸭(卢沟桥店),"宛平街道晓月七里3号楼 | 营业时间:周一至周日 11:00-14:00,17:00-21:00 | 电话:18612840305",8.2,4.4,98,https://store.is.autonavi.com/showpic/0a8ee45ef629cc93fb4f500a5d5fe4b3,116.242235,39.833366
,1039,,国数餐厅,中餐厅,国数餐厅,北京国家数字出版基地北侧,6.7,3.7,234,http://store.is.autonavi.com/showpic/3d5fef6615591470be3cd86f9b18a6be,116.262877,39.835537
,1041,,中铁兴都胡同里食堂,中餐厅,中铁兴都胡同里食堂,大红门南路与和义庄北街交叉口东北220米,3.1,2.7,0,,116.396025,39.818875
,1041,,胖子早点家常小炒家常肉饼,家常小炒,胖子早点家常小炒家常肉饼,松林庄小区,3.1,3.1,0,,116.393825,39.817775
,1041,,香河肉饼过桥米线(顺和写字楼店),过桥米线,香河肉饼过桥米线(顺和写字楼店),和义西里北街8号顺和写字楼附近 | 电话:13306257879,9.9,3.6,16,https://store.is.autonavi.com/showpic/e80d731f9349900f8dc2d4700917ed57,116.395785,39.817511
,1044,,京满朋涮肉羊蝎子(看丹桥店),,京满朋涮肉羊蝎子(看丹桥店),韩庄子西里16号楼一层1号 | 营业时间:周一至周日 08:00-24:00 | 电话:010-63726089,1.4,4.5,89,http://store.is.autonavi.com/showpic/7fb2c7d17e4950fbd16aadc0d0773448,116.291432,39.839907
,1044,,元南门涮肉·炭火铜锅(丰台南路店),A眼肥牛,元南门涮肉·炭火铜锅(丰台南路店),韩庄子西里16号1层03号 | 营业时间:周一至周日 10:00-24:00 | 电话:010-69355035;13011284313,6.8,4.5,79,https://aos-comment.amap.com/B0K3M7T4ST/comment/content_media_external_images_media_1000057866_ss__1765248470670_98498124.jpg,116.291516,39.839771
,1044,,三羊鼎单县羊汤(韩庄子市场分店),中餐厅,三羊鼎单县羊汤(韩庄子市场分店),北京城区丰台南路176号 | 营业时间:周一至周日 06:30-01:00 | 电话:15990937936,2.1,4.3,24,https://aos-comment.amap.com/B0L1M6FNDE/comment/F7271612_B335_4171_A6B7_9DF2CF0C3FFD_L0_001_1500_200_1757642838905_63325672.jpg,116.291446,39.839951
,1044,,吊炉烧饼,吊炉烧饼,吊炉烧饼,韩庄东路与科兴路交叉口西北200米,9.4,2.9,17,,116.293075,39.838675
,1044,,川湘家常菜(韩庄东路店),川湘家常菜,川湘家常菜(韩庄东路店),丰台南路108号(老诚一锅对面) | 营业时间:周一至周日 06:30-20:00,1.9,3.8,27,https://store.is.autonavi.com/showpic/5f8c0805bcc7f68f3d66a67a2588008b,116.2935,39.840345
,1044,,了辛·爆汁烤冷面(看丹桥店),烤冷面,了辛·爆汁烤冷面(看丹桥店),韩庄路与丰台南路交叉口南180米 | 营业时间:周一至周日 10:00-22:00,7.3,4.1,16,https://store.is.autonavi.com/showpic/590d3c8832ffeb3828b0da49290d236a,116.291458,39.839873
,1044,,羊满墙羊蝎子火锅(丰台科兴店),羊肉,羊满墙羊蝎子火锅(丰台科兴店),北京城区科兴路5号 | 营业时间:周一至周日 10:30-22:00 | 电话:13611153057,7.1,4.6,72,https://store.is.autonavi.com/showpic/79a7da2898c72d780000001097206072?type=pic,116.293641,39.837222
,1044,,老北京卤煮,老北京卤煮,老北京卤煮,韩庄路与丰台南路交叉口南160米,5.3,3.8,0,,116.291448,39.839938
,1044,,伊记门钉肉饼,门钉肉饼,伊记门钉肉饼,韩庄子小区东1门旁 | 营业时间:周一至周日 06:00-21:00,9.9,3.6,41,,116.291445,39.839956
,1044,,会来斋涮肉·穿越食空(看丹桥店),鸳鸯锅,会来斋涮肉·穿越食空(看丹桥店),"韩庄子东里东北3门旁 | 营业时间:周一至周日 10:00-14:30,16:30-22:00 | 电话:010-83677791",8.1,4.3,59,https://aos-comment.amap.com/B0FFH2PPP7/comment/5076AA73_004A_4E13_A58C_96267FA687C9_L0_001_1502_2000_1730034847511_98812926.jpg,116.293244,39.840061
,1047,,星光美食广场,中餐厅,星光美食广场,星光·视界公园B3区 | 营业时间:周一至周日 09:00-23:30,3.3,4.4,34,https://aos-comment.amap.com/B0KR611YH2/comment/content_media_external_images_media_15488_ss__1754976681374_41548024.jpg,116.373167,39.783074
,1047,,沂蒙山炒鸡(第2档口星光美食城店),中餐厅,沂蒙山炒鸡(第2档口星光美食城店),星光·视界公园B3区,3,2.6,83,,116.373163,39.78308
,1047,,黯然销魂大排档,大排档,黯然销魂大排档,团河西路369号北京国际露营公园(西北角) | 营业时间:周一至周日 17:00-02:00 | 电话:13161862255,9.2,3.8,75,,116.378806,39.785112
,1048,,梵飨XIANG·绿野·宠物友好·户外烧烤,户外烧烤,梵飨XIANG·绿野·宠物友好·户外烧烤,天弓高尔夫一层打位右侧,9.9,3.5,53,,116.268562,39.872478
,1048,,大妮麻辣烫羊肉串(大屯路店),麻辣烫,大妮麻辣烫羊肉串(大屯路店),碾子坟280号 | 营业时间:周一至周日 16:00-02:00,6.6,3.8,0,https://store.is.autonavi.com/showpic/3ccda3a9feafa2e9d5894a620520c7a9,116.273458,39.874927
,1049,,禧宴婚礼堂,中餐厅,禧宴婚礼堂,双林东路5号院2号楼 | 电话:13439387777;13521550088,8.8,4.6,0,https://store.is.autonavi.com/showpic/d7719260b22cca7e4491d7a71849134f,116.256826,39.876338
,1049,,正耀胡同禧宴·新京菜(小屯路店),烤鸭,正耀胡同禧宴·新京菜(小屯路店),"北京城区双林东路5号院2号楼 | 营业时间:周一至周日 11:00-14:00,17:00-21:00 | 电话:010-63778222;13911655630;18101075309",5.7,4.6,105,https://store.is.autonavi.com/showpic/1208a5e88ecb19a51efd1ae3e7f2a81c,116.256896,39.875812
,1049,,巴音浩日娲酒楼,综合酒楼,巴音浩日娲酒楼,"城区北京双林东路5号院1号楼 | 营业时间:周一至周日 11:00-14:00,17:00-21:30 | 电话:010-66138888;18001123657",9.1,4.6,140,https://aos-comment.amap.com/B0L0ZAEI8F/comment/content_media_external_file_100001212_1773636997548_30759874.jpg,116.256414,39.876387
,1050,,丰盛园灶台鱼(园博园店原太子峪店),东北菜,丰盛园灶台鱼(园博园店原太子峪店),北京城区大灰厂东路8号众诚大厦2层 | 营业时间:周一至周日 10:30-21:30 | 电话:18210318419;18510535682,0.9,4.6,100,https://aos-comment.amap.com/B0I0RHX31A/comment/content_media_external_file_6554_ss__1765710684512_82584365.jpg,116.160054,39.862732
,1050,,勾魂凉皮·传统西安味(园博园第1风味店),中餐厅,勾魂凉皮·传统西安味(园博园第1风味店),大灰厂东路8号院首联世纪生活广场F2层 | 营业时间:周一至周日 09:00-21:00,7,3.1,25,https://store.is.autonavi.com/showpic/738945c377c77a2dd09379f886bb3d60,116.161375,39.863475
,1050,,小扳手烤肉(众诚大厦店),冷面,小扳手烤肉(众诚大厦店),长辛店大灰厂东路八号院众诚大厦三层 | 营业时间:周一至周日 11:00-21:30 | 电话:13426138789;15712989725;18275016294,1.7,4.2,68,https://aos-comment.amap.com/B0JGPGGD9X/comment/86f6af2568e5d2de26edf56c8252f384_2048_2048_80.jpg,116.16007,39.862758
,1050,,呷哺呷哺(北京首联世纪广场),单人餐,呷哺呷哺(北京首联世纪广场),大灰厂东路8号院首联世纪生活广场项目一层F1-04号 | 营业时间:周一至周日 10:00-21:30 | 电话:4008177878,8.3,4.3,60,https://img.alicdn.com/imgextra/i4/O1CN01DMKADK29azGyAma4w_!!6000000008085-2-tps-180-180.png,116.161335,39.863368
,1050,,烤味居原味烧烤大肉串,原味烧烤,烤味居原味烧烤大肉串,大灰厂东路与辛庄2号路交叉口西南200米,4.8,2.7,65,http://store.is.autonavi.com/showpic/0ccabb72f61415300ddae7e6e5def280,116.160277,39.862638
,1050,,权美甲鱼府(南营店),双人餐,权美甲鱼府(南营店),"北京城区大灰厂东路8号院众诚大厦F1层 | 营业时间:周一至周日 10:00-14:00,17:00-21:30 | 电话:13260219410",4.5,4.4,88,https://aos-comment.amap.com/B0JBGCKWSV/headerImg/0705504830a9c8a25440a1495d891c4b_2048_2048_80.jpg,116.15981,39.86264
,1050,,虾吃虾涮(南营首联广场店),双人餐,虾吃虾涮(南营首联广场店),北宫镇大灰厂东路8号院首联世纪生活广场(辛庄2号路) | 营业时间:周一至周日 10:00-21:00 | 电话:010-83885499,4.5,4.2,75,http://store.is.autonavi.com/query_pic?id=st2b7214c3-90eb-49fb-a308-765af8371c48&user=search&operate=original,116.161477,39.863143
,1050,,华春家常菜,家常菜,华春家常菜,"大灰厂东路8号院众诚大厦F1层 | 营业时间:周一至周日 11:00-14:00,17:00-21:00 | 电话:15201633181",3.9,4.2,63,http://store.is.autonavi.com/showpic/3492bfd043b6f8153fea770f36c24c78,116.1603,39.862565
,1050,,米村拌饭(首联生活广场店),年糕,米村拌饭(首联生活广场店),北京城区大灰厂东路8号院首联生活广场F1-05(呷浦呷浦旁边) | 营业时间:周一至周日 09:00-21:00 | 电话:18842331231,2.6,4.4,41,http://store.is.autonavi.com/query_pic?id=st596b1fbb-f39e-4563-a573-71db96d80dc8&user=search&operate=original,116.161681,39.863394
,1050,,库迪咖啡(首联世纪生活广场店),杨枝甘露,库迪咖啡(首联世纪生活广场店),大灰厂东路8号院首联世纪生活广场F2层 | 营业时间:周一至周日 08:00-21:00 | 电话:15701381329,2.1,4.3,9,https://img.alicdn.com/imgextra/i1/O1CN01kkVpI81YwNz4k48ya_!!6000000003123-2-tps-135-135.png,116.161255,39.863407
,1050,,李记地摊烧烤,特色/地方风味餐厅,李记地摊烧烤,大灰厂东路乙18号靠近辛庄村村民委员会,3.9,3.6,0,,116.161425,39.863775
,1050,,醉面(首联世纪广场店),葱油拌面,醉面(首联世纪广场店),大灰厂东路8号院首联世纪生活广场F1层 | 营业时间:周一至周日 10:00-21:00 | 电话:15802289602,7,4.1,23,https://aos-comment.amap.com/B0JKU6GYNZ/comment/4fd4326fa863336296799ea138411548_2048_2048_80.jpg,116.160852,39.86332
,1052,,瑞幸咖啡(南中轴文化科技园店),三明治,瑞幸咖啡(南中轴文化科技园店),北京城区南苑路15-3号1层11号 | 营业时间:周一至周五 07:00-20:00 | 电话:4000100100,6.5,4.4,13,https://store.is.autonavi.com/showpic/c287706810a95e84ab635a931ccf264d?operate=original,116.398211,39.848373
,1052,,聚京民福烤鸭店(木樨园店),双人餐,聚京民福烤鸭店(木樨园店),南苑路永定门外海户屯166号院海兴大酒店东侧2楼 | 营业时间:周一至周日 10:00-21:30 | 电话:010-87866299,2.7,4.6,95,https://aos-comment.amap.com/B0FFJCOXB5/comment/20260317-b3e805de8302bf9769d995c2-1vGfXkwMv0Z5Z9hvHKuKrI.jpg,116.399675,39.851457
,1052,,楚尊小馆(海户屯店),热干面,楚尊小馆(海户屯店),"南苑路166号4幢110号楚尊小馆 | 营业时间:周一至周日 06:30-14:30,16:30-21:30 | 电话:010-53656675",1.7,4,44,https://store.is.autonavi.com/showpic/7e2c5ccc24ea15c141c175d0ac708411,116.39977,39.85145
,1053,,元唐家宴·经典东北菜(梅市口路店),东北菜,元唐家宴·经典东北菜(梅市口路店),"梅市口路133号京荟广场c座美仑酒店一层 | 营业时间:周一至周日 10:30-14:00,16:30-21:00 | 电话:010-68682268",7.4,4.5,160,https://aos-comment.amap.com/B0FFKY20ME/comment/content_media_external_file_100015077_1747197246932_39818102.jpg,116.250173,39.880732
,1053,,京搓(北京卢沟桥京荟店),中餐厅,京搓(北京卢沟桥京荟店),梅市口路133号京荟广场D座一层106号 | 营业时间:周一至周日 11:00-24:00 | 电话:18311270860,2.1,4.6,221,https://aos-comment.amap.com/B0LGGSSNLO/comment/82DA0ACE_BF48_47A5_ABD5_F05A1CA8B8BE_L0_001_1170_131_1772342332244_77989484.jpg,116.250122,39.881542
,1053,,云南米线,云南米线,云南米线,小屯北街11号欢乐水魔方,2.6,2.3,16,,116.249075,39.884825
,1053,,唐宴·川鲁菜,四川菜(川菜),唐宴·川鲁菜,"梅市口路133号京荟广场 | 营业时间:周一至周日 11:00-14:00,16:30-21:00",4.9,3,92,https://store.is.autonavi.com/showpic/22393ed4b9bc95e7e6ea06bd13865157,116.249925,39.881025
,1053,,渝江记忆老重庆火锅(京荟广场店),牛肉,渝江记忆老重庆火锅(京荟广场店),梅市口路133号京荟广场B座102号 | 营业时间:周一至周日 10:30-21:30 | 电话:010-68686388,4.5,4.3,123,http://store.is.autonavi.com/showpic/cbc45a756e75622006dac9f52acc04ce,116.250875,39.880875
,1053,,乖古咖啡(京荟广场店),生椰拿铁,乖古咖啡(京荟广场店),小屯路京荟广场三层 | 营业时间:周一至周日 08:30-20:00 | 电话:17343039549,0.1,4.2,47,https://aos-comment.amap.com/B0IUDUJIR6/comment/bf21728f1aab1c0ff4fc5b21e02bf47d_2048_2048_80.jpg,116.250455,39.881607
,1053,,晓晓粉面当家(第一风味北京荟鼓小吃店),粉面,晓晓粉面当家(第一风味北京荟鼓小吃店),梅市口路133号京荟广场,4.7,2.6,0,,116.251166,39.88098
,1053,,大鼓米线(京荟广场店),红糖糍粑,大鼓米线(京荟广场店),北京城区小屯村梅市口路133号B座106号 | 营业时间:周一至周日 10:00-21:00 | 电话:17839727667,5.4,4.4,36,http://store.is.autonavi.com/query_pic?id=stafaf93d8-2fd2-417b-a578-70eb38cd3b79&user=search&operate=original,116.251198,39.881016
,1053,,湘澧园(京荟广场店),臭鳜鱼,湘澧园(京荟广场店),"梅市口路133号京荟广场F1层 | 营业时间:周一至周日 09:30-14:30,16:30-21:30 | 电话:010-68667883;13120466278",3.7,4.5,140,http://store.is.autonavi.com/showpic/9a783494c61c2c170bf7f2ee60bd7356,116.250508,39.881564
,1053,,拌将麻辣拌·麻辣烫(小屯路店),菠菜刀削面,拌将麻辣拌·麻辣烫(小屯路店),北京城区北京城区京荟广场B座 | 营业时间:周一至周日 00:00-24:00 | 电话:15201327703,5.6,3.1,26,,116.250873,39.880853
,1053,,张亮麻辣烫(京荟广场店),麻辣烫,张亮麻辣烫(京荟广场店),梅市口路133号京荟广场F1层 | 营业时间:周一至周日 11:00-20:30 | 电话:13801237840,3.1,4,30,https://img.alicdn.com/imgextra/i2/O1CN013Da1GK1Ex2GzcHFBd_!!6000000000417-49-tps-750-750.webp,116.250884,39.880776
,1055,,亿大碗牛肉面,中餐厅,亿大碗牛肉面,住总·旗胜家园西区东门南250米 | 营业时间:周一至周日 05:00-21:00,3.8,3.7,21,https://aos-comment.amap.com/B0M6ASYAF2/comment/content_media_external_images_media_1000025600_ss__1773033921740_85094136.jpg,116.357973,40.066672
,1055,,合兴屯铁锅炖,双人餐,合兴屯铁锅炖,北京城区东北王老二铁锅炖 | 营业时间:周一至周日 09:30-22:00 | 电话:15011580706,0.2,4.3,71,https://aos-comment.amap.com/B0LRTOBABP/comment/087E4F19_7959_4D40_BE7E_FC8A28AD3BB2_L0_001_1206_155_1769948812201_84635125.jpg,116.358006,40.066118
,1055,,紫光园(西三旗店),烤鸭,紫光园(西三旗店),西三旗北路11号靠近建材城西路9号院 | 营业时间:【特殊】2026-02-10至2026-02-22 06:00-10:00；10:30-22:00 | 电话:010-82911292;19894127390,4.8,4.7,60,http://store.is.autonavi.com/query_pic?id=stc56029d4-8f36-4428-b61d-aded6ac2fe6d&user=search&operate=original,116.354507,40.065255
,1055,,石记北方手工水饺,特色/地方风味餐厅,石记北方手工水饺,建材城西路9号院东门旁 | 营业时间:周一至周日 07:00-21:00 | 电话:18888871908,0.8,3.6,25,https://aos-comment.amap.com/B0LDJKLUAU/comment/A1BDB295_40AF_4ED9_9556_5ABA1B99DD25_L0_001_1500_200_1762252368046_91103814.jpg,116.35521,40.065499
,1055,,众思园家常菜(西三旗店),精品烤鱼,众思园家常菜(西三旗店),回龙观镇枫丹丽舍西路2号楼1至2层116 | 营业时间:周一至周日 10:00-23:00 | 电话:13439050345;13683200414,3.7,4.3,46,https://store.is.autonavi.com/showpic/5526ee06da4dd1739d120b78e92b0748,116.358003,40.066294
,1055,,张亮麻辣烫(旗胜家园店),麻辣烫,张亮麻辣烫(旗胜家园店),枫丹丽舍西路2-17号 | 营业时间:周一至周日 10:30-02:30 | 电话:13011153031,4.4,4.2,30,https://img.alicdn.com/imgextra/i2/O1CN013Da1GK1Ex2GzcHFBd_!!6000000000417-49-tps-750-750.webp,116.357999,40.066231
,1056,,星巴克北京万丰路店,三明治,星巴克北京万丰路店,北京城区莲宝中路西侧万丰路68号和谐广场一层 | 营业时间:周一至周日 06:30-22:00 | 电话:010-63254312,1.8,4.6,30,http://store.is.autonavi.com/showpic/e45e3a0043413101283377e6985510c9,116.297515,39.882336
,1056,,善诚滕州菜煎饼(银座和谐广场店),中餐厅,善诚滕州菜煎饼(银座和谐广场店),万丰路68号院银座和谐广场B1层 | 营业时间:周一至周日 10:00-21:00,1.7,3.6,18,https://store.is.autonavi.com/showpic/c18ebf31dd12fca23701f5ec6775916d,116.297525,39.882325
,1056,,现烙肉饼,中餐厅,现烙肉饼,万丰路68号院银座和谐广场,2.4,1.7,20,,116.297425,39.882325
,1056,,粤个厨子·私厨做饭服务(银座和谐广场店),中餐厅,粤个厨子·私厨做饭服务(银座和谐广场店),万丰路68号院银座和谐广场,7.2,2.1,150,,116.297425,39.882325
,1056,,辣哥辣妹(银座和谐广场店),中餐厅,辣哥辣妹(银座和谐广场店),万丰路68号院银座和谐广场B1层 | 营业时间:周一至周日 10:00-22:00,3.4,3.6,30,,116.297525,39.882325
,1056,,黄婆婆砂锅(银座和谐广场店),中餐厅,黄婆婆砂锅(银座和谐广场店),万丰路68号院银座和谐广场4F层 | 营业时间:周一至周日 10:00-21:30 | 电话:15210132896,8.8,4,36,https://store.is.autonavi.com/showpic/a3b2455691de61380000000975844033?type=pic,116.297525,39.882325
,1056,,大吉利·潮汕鲜牛肉火锅(银座和谐广场店),双人餐,大吉利·潮汕鲜牛肉火锅(银座和谐广场店),北京城区万丰路68号银座和谐广场4层419 | 营业时间:周一至周日 11:00-21:30 | 电话:17801505530,7.6,4.6,85,http://store.is.autonavi.com/query_pic?id=st1041ca13-003c-49a7-89e5-de9d11081ea3&user=search&operate=original,116.297325,39.882455
,1056,,绿茶餐厅(北京银座和谐店),双人餐,绿茶餐厅(北京银座和谐店),万丰路68号院银座和谐广场4F层 | 营业时间:周一至周日 10:00-21:30 | 电话:010-56676397,7.3,4.5,150,http://store.is.autonavi.com/query_pic?id=stdcc12055-8642-4c5c-ad45-41aa171d70c3&user=search&operate=original,116.297397,39.882495
,1056,,奥特牛东方好面(银座和谐广场店),堂食,奥特牛东方好面(银座和谐广场店),万丰路68号院银座和谐广场5层505 | 营业时间:周一至周日 10:00-21:00 | 电话:13269361267,7.5,3.9,31,https://aos-comment.amap.com/B0JAFHCEA0/comment/39ee86b73dc83738fe75905f0eca8d79_2048_2048_80.jpg,116.297525,39.882275
,1056,,日昌餐馆(银座和谐广场店),煲仔饭,日昌餐馆(银座和谐广场店),万丰路68号院银座和谐广场4F层 | 营业时间:周一至周日 10:00-21:30 | 电话:18513113236,5.6,4.4,85,http://store.is.autonavi.com/query_pic?id=st92ab9b1b-b788-47bc-8806-0680d171d615&user=search&operate=original,116.297345,39.882316
,1056,,煲仔皇(银座和谐广场店),牛肉,煲仔皇(银座和谐广场店),万丰路68号院银座和谐广场5F层 | 营业时间:周一至周日 10:00-21:00 | 电话:15201135208,4.6,4.1,40,http://store.is.autonavi.com/showpic/ddef2faec957e8d69cee9df9ae1dcc4e,116.297299,39.882331
,1056,,善诚枣庄辣子鸡·鲁南糁汤(银座和谐广场店),糁汤,善诚枣庄辣子鸡·鲁南糁汤(银座和谐广场店),万丰路68号院银座和谐广场B1层 | 营业时间:周一至周日 10:00-22:00,0.3,3.6,35,https://aos-comment.amap.com/B0L25MBWI7/comment/content_media_external_file_10683_1772811056775_73791944.jpg,116.297375,39.882275
,1056,,兰湘子·湘菜小炒(北京银座和谐广场店),长沙臭豆腐,兰湘子·湘菜小炒(北京银座和谐广场店),北京城区万丰路68号院和谐广场4层413号商铺 | 营业时间:周一至周日 10:00-22:00 2026-02-16至2026-02-23 周一至周日 09:30-21:30 | 电话:18311281595,0.5,4.5,49,https://aos-comment.amap.com/B0K6VMUILW/comment/content_media_external_images_media_1000495956_ss__1771247632851_94161592.jpg,116.297515,39.882336
,1056,,过桥缘·过桥米线(北京和谐广场店),鸡腿,过桥缘·过桥米线(北京和谐广场店),北京城区万丰路68号院和谐广场五层519号 | 营业时间:周一至周日 10:00-21:30 | 电话:15201291161,1.7,4.5,30,https://aos-comment.amap.com/B0JDAH2W88/comment/202602_22-20170_1771762663720_28094604.jpg,116.29739,39.882308
,1056,,小谷姐姐麻辣拌·麻辣烫(银座店),麻辣烫,小谷姐姐麻辣拌·麻辣烫(银座店),北京城区万丰路68号院银座和谐广场B106号 | 营业时间:周一至周日 10:00-21:30 | 电话:13141198233,6.5,3.9,21,https://img.alicdn.com/imgextra/i1/O1CN019125401fyP4B1coyb_!!6000000004075-2-tps-267-202.png,116.297342,39.882318
,1056,,尚品麻辣香锅,麻辣香锅,尚品麻辣香锅,万丰路68号院银座和谐广场B1层 | 营业时间:周一至周日 10:00-21:00 | 电话:15696377076,2.7,3,48,https://store.is.autonavi.com/showpic/7cf9d5d1895b4d482b8fc189649c33b4,116.297325,39.882325
,1057,,南宫民族温泉养生园齐鲁餐厅(南宫温泉养生园店),毛血旺,南宫民族温泉养生园齐鲁餐厅(南宫温泉养生园店),"临泉路与南宫迎宾路交叉口西240米 | 营业时间:周一至周日 11:00-14:00,17:00-21:00 | 电话:010-83317817",2.3,4.1,68,http://store.is.autonavi.com/showpic/2231b45c53ced80ff25c91ff02c3033c,116.15356,39.792844
,1058,,杰鲜生碗菜,中餐厅,杰鲜生碗菜,王佐镇南宫梧桐林23号店铺 | 营业时间:周一10:30-20:30；周二10:30-20:30；周三10:30-20:30；周四10:30-20:30；周五10:30-20:30；周六10:30-20:30；周七10:30-20:30,0.5,3.1,23,https://store.is.autonavi.com/showpic/a2621124df1c8f86cb69ef83c01d77c7,116.151166,39.806482
,1058,,森林面馆(梧桐林美食广场店),中餐厅,森林面馆(梧桐林美食广场店),王佐镇南宫美食街梧桐林20-23号 | 营业时间:周一至周日 10:00-24:00,2.2,3.5,13,https://store.is.autonavi.com/showpic/49144ad4e7fc5fa637ca7f48f24eeb92,116.151166,39.806482
,1058,,水世界便民食堂(南宫温泉水世界店),中餐厅,水世界便民食堂(南宫温泉水世界店),王佐镇福宫路39号南宫温泉水世界(西南角) | 营业时间:周一至周日 09:30-21:00,5.9,3.3,12,http://store.is.autonavi.com/showpic/c37e98fba25fc77a55543fb88465b114,116.152614,39.805697
,1058,,南宫温泉度假酒店中餐厅,泰式菠萝海鲜炒饭,南宫温泉度假酒店中餐厅,王佐镇福宫路39号南宫温泉度假酒店2楼 | 营业时间:周一至周日 11:00-14:00，17:00-21:00 | 电话:010-83315893,8,3.7,56,http://store.is.autonavi.com/showpic/fabde98b175de498f85b2d9357e3cf13,116.154664,39.804854
,1058,,捌零小馆,臭桂鱼,捌零小馆,福宫路西侧美食街3号 | 营业时间:周一至周日 10:30-14:00 | 电话:18710108852,9.7,3.4,76,http://store.is.autonavi.com/showpic/f39c90c1c88a4d666f294deee5d6c909,116.1514,39.80461
,1058,,大喜虾蟹烧烤(南宫商业街店),虾蟹,大喜虾蟹烧烤(南宫商业街店),王佐镇南宫梧桐林美食广场 | 营业时间:周一至周日 10:30-23:00 | 电话:13846903844;13946668469,4.6,3.2,0,http://store.is.autonavi.com/showpic/a67dc524e11f765ceffc15b2f00f1011,116.15094,39.806454
,1060,,丰西油库食堂,中餐厅,丰西油库食堂,循环经济产业园西北侧310米,2.3,3.7,0,,116.268475,39.805925
,1060,,豫东小馆,中餐厅,豫东小馆,永合庄村村委会西南侧120米,4.1,3.5,0,https://store.is.autonavi.com/showpic/9cc176ebfcd6a1e18f27c40b9916487f,116.266825,39.817125
,1065,,中建工地食堂,中餐厅,中建工地食堂,长辛店村委会连山岗村民组西侧220米,8.5,2.2,0,,116.186125,39.830225
,1065,,咱家餐厅(建设三里西),中餐厅,咱家餐厅(建设三里西),长辛店镇连山岗早市 | 营业时间:周一至周日 10:00-22:00 | 电话:13693077204,5.6,3.5,39,,116.187431,39.831836
,1065,,一品黄焖鸡,清蒸鲈鱼,一品黄焖鸡,连杨街与连霞路交叉口南440米 | 电话:13661130478;15300030568,4.4,3.6,0,http://store.is.autonavi.com/showpic/144964c302b0b033c0c0c4d7490cab8c,116.188506,39.831686
,1065,,羊老大,羊肉串,羊老大,二七厂路建设三里小区西北侧(长辛店连山岗早市南门) | 营业时间:周一至周日 11:00-22:00 | 电话:15801039907,7.1,4.2,81,https://aos-comment.amap.com/B0FFIZ6FKH/comment/3e969ac10c17c7302d4afcb59be6398d_2048_2048_80.jpg,116.189166,39.831511
,1065,,杭州小笼包连山岗,酸辣粉,杭州小笼包连山岗,连杨街与连霞路交叉口南440米 | 电话:13588518435,0.8,3.5,19,https://aos-comment.amap.com/B0I0BOGLVG/comment/385ab2e7f63e5c755108ff730dcc6117_2048_2048_80.jpg,116.188471,39.831652
,1065,,福满堂饺子馆(二七厂店),麻酱拉皮,福满堂饺子馆(二七厂店),长辛店崔村152号 | 营业时间:周一至周日 10:00-22:00 | 电话:18600264345,1.6,4.1,46,http://store.is.autonavi.com/showpic/48871c42f5d412d48bb5be9633af2fbc,116.191564,39.831665
,1066,,一品香豆腐坊(东高地益民商业一条街店),中餐厅,一品香豆腐坊(东高地益民商业一条街店),东高地南街与万源路交叉口西140米 | 营业时间:周一至周日 06:00-22:00 | 电话:13691500752,5.5,3.5,0,http://store.is.autonavi.com/showpic/978576f9dd9b4e4beba75306de8160f3,116.422501,39.805454
,1066,,云南过桥米线,中餐厅,云南过桥米线,万源北路恒信天泰写字楼西五,3.3,0.3,0,,116.424275,39.804375
,1066,,郝人家四道菜,中餐厅,郝人家四道菜,万源路与红星街交叉口东南80米,5,2.2,0,,116.42436,39.804648
,1066,,袁记云饺(北京市大兴区东高地店),云吞,袁记云饺(北京市大兴区东高地店),旧宫镇万源路8号恒信天泰写字楼A座三楼3322室 | 营业时间:周一至周日 07:00-21:00 | 电话:15810918963,1.8,4.1,23,https://store.is.autonavi.com/showpic/24d8c4f250f7147f3ac600fc4842f0ff?operate=original?operate=original?operate=original?operate=original,116.424275,39.803989
,1066,,塞疆蘭食府,单人餐,塞疆蘭食府,"旧宫镇旧宫西路93号3幢1层11号 | 营业时间:10:00-01:00,2026年2月16日至2月23日10:00-01:00 | 电话:18813013580",4.8,4.2,52,http://store.is.autonavi.com/showpic/fe18dfce957697beb54b37a3c6dcdcff,116.424275,39.803975
,1066,,南城香(万源路店),柠檬茶,南城香(万源路店),旧宫镇旧宫西路93号3幢1层3号 | 营业时间:周一至周日 06:00-22:00 | 电话:13810895583;15810601518,1.3,4.5,29,http://store.is.autonavi.com/query_pic?id=st1f4d36d8-a299-4197-a0e1-9c6f3c864e58&user=search&operate=original,116.424284,39.804449
,1066,,柳州肥姨妈大骨螺蛳粉(万源路店),柳州豆腐酿,柳州肥姨妈大骨螺蛳粉(万源路店),旧宫镇旧宫西路93号8幢5号 | 营业时间:周一至周日 10:00-22:30 | 电话:19932026616,5.9,4.5,35,http://store.is.autonavi.com/showpic/8bedf67a573d564e5907c9ccece0624b,116.424312,39.804028
,1066,,安徽特色正宗牛肉板面,正宗牛肉板面,安徽特色正宗牛肉板面,旧宫镇万源路5号(航天博物馆对面) | 营业时间:周一至周日 09:00-23:00 | 电话:13295585978,6.4,3.9,21,http://store.is.autonavi.com/showpic/d6c6d1787ebb1df4721ca6c5536db09c,116.42424,39.804292
,1066,,好滋味凉皮肉夹馍(东高地店),牛肉,好滋味凉皮肉夹馍(东高地店),东高地20栋东侧平房东高地综合市场西区9号 | 电话:15652648278;18311336390,6.5,2.5,12,,116.424181,39.805552
,1066,,宫廷香酥牛肉饼·凉皮(万源路店),牛肉饼,宫廷香酥牛肉饼·凉皮(万源路店),大兴区恒信写字楼1层 | 营业时间:周一至周日 06:00-22:00 | 电话:15552011389;17853067783,5.6,3.7,16,https://store.is.autonavi.com/showpic/5b97798a19fef8160e4ed2442c5d172e,116.424236,39.804316
,1066,,大圣斋清真熟食店,筋头巴脑,大圣斋清真熟食店,"东高地街道万源路1号 | 营业时间:周一,周日 08:30-19:30 | 电话:13522671906;16601529413",3.8,3.3,0,https://store.is.autonavi.com/showpic/f5297fa5bf0e36f942584a9ccf818190,116.423869,39.80554
,1066,,航天第一烤(恒信天泰写字楼店),羊肉串,航天第一烤(恒信天泰写字楼店),万源北路恒信天泰写字楼A座底商 | 营业时间:周一至周日 17:00-02:00 | 电话:13521885395;18811391885,2.7,4,85,http://store.is.autonavi.com/showpic/c55cb1267c39c77efd7bf43ca61899e6,116.424299,39.804733
,1066,,张亮麻辣烫(万源路店),麻辣烫,张亮麻辣烫(万源路店),旧宫西路93号恒信天泰写字楼F1层 | 营业时间:周一至周日 00:00-24:00 | 电话:13691574338,0.7,4.2,30,https://img.alicdn.com/imgextra/i2/O1CN013Da1GK1Ex2GzcHFBd_!!6000000000417-49-tps-750-750.webp,116.424286,39.804374
,1068,,潇湘涟水情(张家界驻京办店),湖南菜(湘菜),潇湘涟水情(张家界驻京办店),"南三环西路3号院1号楼一楼 | 营业时间:周一至周日 11:00-14:00,17:00-21:00 | 电话:18513898627",5.6,4.4,79,https://store.is.autonavi.com/showpic/9983581ac9d7006defd6b410b5246f7a,116.378116,39.859108
,1068,,成都小厨(马家堡店),酸菜鱼,成都小厨(马家堡店),马家堡西里北区东门旁 | 营业时间:周一至周日 11:00-23:00 | 电话:18410222777;18511512029,7,4,42,https://aos-comment.amap.com/B0I0RDUAZ2/comment/C5048B5E_B463_4196_9BBF_35B5BF03BED6_L0_001_2000_150_1769042736403_17018946.jpg,116.376729,39.856559
,1069,,千灵山间文创餐厅,中餐厅,千灵山间文创餐厅,山地冰雪大本营西北侧90米,3.5,2.7,0,,116.087875,39.854875
,1069,,戒台寺-大斋堂,中餐厅,戒台寺-大斋堂,永定镇马鞍山(近108国道)戒台寺景区内(南侧),9,3.6,0,https://store.is.autonavi.com/showpic/c9175ed9814521bf0000000963234841?type=pic,116.08692,39.869581
,1070,,乘之堂茶空间(模式口大街店),中餐厅,乘之堂茶空间(模式口大街店),模式口大街34号院 | 营业时间:周一至周日 09:30-20:00 | 电话:18613858018,1.3,4.3,104,https://store.is.autonavi.com/showpic/021c6dd1fe59fcca0000002452230211?type=pic,116.161971,39.935176
,1070,,驼铃全羊汤,大饼,驼铃全羊汤,九中教工宿舍楼西南门旁 | 营业时间:周一至周日 06:00-21:00 | 电话:15624919016,0.6,4.1,25,https://aos-comment.amap.com/B0J0FDID2E/comment/6c308a5f3699cba892b2eb0458a3137a_2048_2048_80.jpg,116.162311,39.935317
,1070,,景山徽宴,景山松茸臭鳜鱼,景山徽宴,金顶街街道模式口大街56号 | 营业时间:周一至周日 11:00-21:30 2026-05-01至2026-05-05 周一至周日 11:00-21:30 | 电话:010-53677771;17600610008,6.8,4.4,94,http://store.is.autonavi.com/showpic/cf0d8df21a863e5d15a6b20235662557,116.161504,39.936123
,1070,,魔王咖啡商店,松饼,魔王咖啡商店,北京城区模式口大街37号 | 营业时间:周一至周日 10:00-18:00 | 电话:13120091798,8.1,4.5,43,https://aos-comment.amap.com/B0KR1HNHKV/comment/content_media_external_images_media_100003686_1738645724699_04018677.jpg,116.161647,39.935923
,1072,,信阳特色家常菜,中餐厅,信阳特色家常菜,射击场路22号 | 营业时间:周一至周日 09:00-22:00 | 电话:010-89080798;13910687019,3,3.8,59,https://store.is.autonavi.com/showpic/855227e13de781772ec88035558fba9c,116.167326,39.873078
,1072,,大部落烧烤(园博园店),豆角焖面,大部落烧烤(园博园店),长辛店北宫路远通越洋大厦1s12 | 营业时间:周一至周日 16:00-04:00 | 电话:15011513662,3.3,0.9,63,http://store.is.autonavi.com/showpic/d77549fd93da4fd08149835a74941979,116.16341,39.878666
,1073,,万国福气火烧夹,中餐厅,万国福气火烧夹,卢沟桥城内街101号中国人民抗日战争纪念馆内(南侧),9.3,2.8,19,https://store.is.autonavi.com/showpic/0f03b3a29b3b8cf524951b5f00f9ef2a,116.225975,39.851425
,1073,,北方面语,中餐厅,北方面语,卢沟桥南里10号宛平城内(西侧) | 营业时间:周一至周日 08:00-20:00,3.1,3.8,27,https://aos-comment.amap.com/comment/content_service__1772461601725_06703754_1772461606528_27309109.jpg,116.224195,39.851021
,1073,,鸿雲楼·齐齐哈尔爱上贵州小吃,中餐厅,鸿雲楼·齐齐哈尔爱上贵州小吃,卢沟桥城内街101号中国人民抗日战争纪念馆内(南侧),8.7,2,36,,116.225875,39.851425
,1073,,宛平熹玥,双人餐,宛平熹玥,北京城区宛平城东门城内街甲1号 | 营业时间:周一至周日 10:00-19:00 | 电话:18515938810,3.1,4.1,45,https://store.is.autonavi.com/showpic/61c16066a52a8d2893d5bd0227a28cc3,116.229275,39.852075
,1073,,留声咖啡(宛平城店),咖啡厅,留声咖啡(宛平城店),北京城区宛平城内街甲16号 | 营业时间:周一至周日 09:00-18:30 | 电话:18510969089,4,4.4,48,https://aos-comment.amap.com/B0LROCW5AM/comment/content_media_external_file_331886_ss__1767504038549_36975724.jpg,116.228104,39.851581
,1073,,南城香(宛平城店),奶皮子,南城香(宛平城店),卢沟桥南里10号宛平城内(东侧) | 营业时间:周一至周日 10:00-20:00 | 电话:15893673602,6.2,4.5,30,http://store.is.autonavi.com/query_pic?id=st1f4d36d8-a299-4197-a0e1-9c6f3c864e58&user=search&operate=original,116.227878,39.851546
,1073,,要潮人民咖啡馆(宛平城店),清咖,要潮人民咖啡馆(宛平城店),北京城区北京城区宛平城城内街甲23号 | 营业时间:周一至周日 10:00-17:00 | 电话:18612309984,9.9,4.6,21,https://aos-comment.amap.com/B0K6R5BR46/comment/content_media_external_file_89607_ss__1771310726045_67560203.jpg,116.224677,39.851318
,1073,,阿姐碳炉牛杂煲,牛杂煲,阿姐碳炉牛杂煲,城内街9号 | 营业时间:周一至周日 11:00-22:00 | 电话:18515941559,9.3,4,49,https://store.is.autonavi.com/showpic/0f4b72154569e043167e69ded9f8d89a,116.228809,39.851728
,1073,,馄饨侯(宛平城店),特色/地方风味餐厅,馄饨侯(宛平城店),营业时间:周一至周日 10:00-20:00 | 电话:15001138797,3.5,4.4,31,https://aos-comment.amap.com/B0L1ZUNMOP/comment/content_media_external_file_289884_ss__1761994415896_49704257.jpg,116.227075,39.851421
,1074,,老李馕坑烤羊排(北京西罗园店),披萨,老李馕坑烤羊排(北京西罗园店),北京城区西罗园一区13号楼底商西罗园北路物美超市往北100米 | 营业时间:周一至周日 11:00-23:00 | 电话:010-67260585;16601170789,5.3,4.5,91,https://aos-comment.amap.com/B0GUJ7TDDA/comment/04577EC5_7120_499B_8383_589E5BB76750_L0_001_1998_192_1746585884624_92691253.jpg,116.392425,39.862049
,1074,,伊穆清西北滩羊宴(西罗园路店),滩羊,伊穆清西北滩羊宴(西罗园路店),"西罗园一区13号楼1层01 | 营业时间:10:00-24:00,2026年5月1日至2026年5月5日 10:00-24:00 | 电话:15346805426",3.5,4.4,50,https://aos-comment.amap.com/B0K16SSJ1S/comment/8DA47708_3F4A_4329_B9B7_BEA7F71CECB0_L0_001_1500_200_1760239824781_84069615.jpg,116.392459,39.862162
,1074,,锦州烧烤(西罗园店),烤玉米,锦州烧烤(西罗园店),"西罗园二区25号楼底商 | 营业时间:周一至周日 11:00-14:00,17:00-01:00 | 电话:18310082607",2.9,4.3,40,https://aos-comment.amap.com/B0KDN6N3NL/comment/E73FB5DB_327C_4715_825D_40B098AC6147_L0_001_790_671_1749801473050_21555508.jpg,116.391007,39.859474
,1074,,金元宝东北私房菜(西罗园四社区店),烤鱼,金元宝东北私房菜(西罗园四社区店),西罗园路洋桥北西罗园4区甲20号楼 | 营业时间:周一至周日 10:30-22:00 | 电话:010-87298439;13661189477,1.9,4.4,47,https://aos-comment.amap.com/comment/content_service__1768884488963_50601116_1768884490641_64834872.jpg,116.389627,39.861458
,1074,,南城香(西罗园店),牛肉,南城香(西罗园店),北京城区西罗园一区13号楼一层108 | 营业时间:周一至周日 06:00-22:00 | 电话:010-87286988;13391828158,1.4,4.4,29,http://store.is.autonavi.com/query_pic?id=st1f4d36d8-a299-4197-a0e1-9c6f3c864e58&user=search&operate=original,116.392442,39.861655
,1074,,晋B·2008刀削面(西罗园店),豆腐,晋B·2008刀削面(西罗园店),西罗园4区甲34号 | 营业时间:周一至周日 10:30-22:00 | 电话:15235255664,3.2,4.5,34,https://aos-comment.amap.com/B0FFLGK4IY/comment/3d8b1b235883b4d0dae486d7a0c436ad_2048_2048_80.jpg,116.388406,39.860983
,1074,,渝家小厨(庆仁园店),酸辣汤,渝家小厨(庆仁园店),北京城区西罗园一区15号楼 | 营业时间:周一至周日 09:00-01:00 | 电话:13301171761,9.1,4.3,36,https://aos-comment.amap.com/B000A8UI1M/comment/content_media_external_file_22166_ss__1768532138839_03364237.jpg,116.392582,39.860919
,1074,,西罗园老年餐厅(西罗园四社区店),韭菜盒子,西罗园老年餐厅(西罗园四社区店),"西罗园一区15号楼1层4号 | 营业时间:周一至周日 06:00-09:30,11:00-14:00,17:00-22:00 | 电话:15699906698",6.2,4.1,30,http://store.is.autonavi.com/showpic/ae15e6696a0dcfc796f61e5c37c88596,116.389969,39.863266
,1075,,立早,,立早,右外西三条与西三条交叉口西南180米,1,2.2,0,,116.359669,39.864304
,1075,,福欣园东北家常菜,东北菜,福欣园东北家常菜,右安门外大街玉林东里三区5号楼下 | 营业时间:周一至周日 10:30-22:00 | 电话:18801015584,8.9,4.5,57,https://aos-comment.amap.com/B0FFKLO5WL/comment/1EBBE24C_9F4D_4D3D_B7B5_9FA42A6C648C_L0_001_1290_155_1769358596134_48884401.jpg,116.361408,39.864229
,1075,,玉林王记小吃店,中餐厅,玉林王记小吃店,右外西三条与西三条交叉口南140米 | 营业时间:周一至周日 05:30-10:00 | 电话:13522040745,1.4,4.3,16,https://store.is.autonavi.com/showpic/0e19fb937ec5e9913385cb505261dc7d,116.361375,39.864025
,1075,,菜老包(右安门店),中餐厅,菜老包(右安门店),玉林南路与玉林东路交叉口东北140米 | 营业时间:周一至周日 08:00-20:30,0.7,3.1,36,https://store.is.autonavi.com/showpic/59539bae1c487294e6d979b43209485e,116.361366,39.863024
,1075,,北李妈妈菜(西铁营万达店),北李妈妈菜,北李妈妈菜(西铁营万达店),西铁营中路1号西铁营万达广场五层5012B5013 | 营业时间:周一至周日 10:00-22:00 | 电话:18601952195,2.2,4.4,82,http://store.is.autonavi.com/query_pic?id=stb8fef597-4254-45f0-83fc-4cec6a8f01b7&user=search&operate=original,116.356819,39.860734
,1075,,旺顺阁·鱼头泡饼(西铁营万达广场店),双人餐,旺顺阁·鱼头泡饼(西铁营万达广场店),西铁营中路1号北京西铁营万达广场F6层6010、6010A、6011、6012A | 营业时间:周一至周日 10:00-21:00 2026-05-01至2026-05-05 周一至周日 10:00-21:00 | 电话:010-83495829;18210965185,3,4.5,108,http://store.is.autonavi.com/query_pic?id=st7303f4a1-b32e-4f88-9f4a-da59fbc5db38&user=search&operate=original,116.356816,39.860903
,1075,,星巴克(北京佑安国际店),巧克力,星巴克(北京佑安国际店),北京城区北京城区右安门街道西铁营中路2号院17号楼佑安国际大厦一层 | 营业时间:周六至周日 08:00-16:00；周一至周五 07:00-18:00 | 电话:010-81031594,8.9,4.4,30,https://aos-comment.amap.com/B0IGZGWPQ2/comment/4d83c74a4686d58c2ed42dfbfb108417_2048_2048_80.jpg,116.357577,39.86056
,1075,,Peet's皮爷咖啡(西铁营万达店),摘星奶砖拿铁,Peet's皮爷咖啡(西铁营万达店),北京城区西铁营中路1号院1号楼1F1013号商铺 | 营业时间:周一至周日 07:30-21:30 | 电话:18511728065,8.1,4.4,34,https://aos-comment.amap.com/B0J6VZ8J09/comment/content_media_external_images_media_1000012782_ss__1728637415933_90638147.jpg,116.356652,39.860876
,1075,,库迪咖啡(佑安国际大厦店),杨枝甘露,库迪咖啡(佑安国际大厦店),北京城区西铁营中路2号院佑安国际大厦F1层101内106号 | 营业时间:周一至周日 07:30-21:30 | 电话:13910216077,1.4,4.1,9,https://store.is.autonavi.com/showpic/7b0db620ddccbe9ff42ce59100617216?operate=original?operate=original?operate=original?operate=original,116.358064,39.860876
,1075,,喜来客面馆(玉林东里三区西区店),油泼面,喜来客面馆(玉林东里三区西区店),玉林东里三区西区12号楼西门旁 | 营业时间:周一至周日 05:30-22:00 | 电话:13521248990,0.2,4.2,25,https://aos-comment.amap.com/B0JAR1V9RK/headerImg/content_media_external_images_media_1000937732_ss__1735302212959_46029299.jpg,116.360114,39.863569
,1075,,荔银肠粉(西铁营万达广场店),荔银状元肠粉,荔银肠粉(西铁营万达广场店),西铁营中路1号西铁营万达广场店F5层(西铁营地铁站C口旁) | 营业时间:周一至周日 11:00-21:30 | 电话:19520134660,1,4.3,46,https://store.is.autonavi.com/showpic/f8a624b2fd5e67ac9765eeac7e9f89c2,116.356653,39.860798
,1076,,河南羊肉烩面,一碗面,河南羊肉烩面,桥西街与卢沟桥交叉口西80米 | 营业时间:周一至周日 09:00-22:00 | 电话:13552110394,3.5,3.9,35,https://aos-comment.amap.com/B0H2OAAFZU/comment/313fc2e5af4f5df674b63fbbd03a6354_2048_2048_80.jpg,116.216054,39.849677
,1076,,北方面语,中餐厅,北方面语,卢沟桥南里10号宛平城内(西侧) | 营业时间:周一至周日 08:00-20:00,8.6,3.8,27,https://aos-comment.amap.com/comment/content_service__1772461601725_06703754_1772461606528_27309109.jpg,116.224195,39.851021
,1076,,要潮人民咖啡馆(宛平城店),清咖,要潮人民咖啡馆(宛平城店),北京城区北京城区宛平城城内街甲23号 | 营业时间:周一至周日 10:00-17:00 | 电话:18612309984,2.3,4.6,21,https://aos-comment.amap.com/B0K6R5BR46/comment/content_media_external_file_89607_ss__1771310726045_67560203.jpg,116.224677,39.851318
,1077,,瑞丰鼎,一碗面,瑞丰鼎,"北京城区丰体北路3号(丰台体育中心) | 营业时间:周一至周日 11:00-14:00,17:00-21:00 | 电话:010-63853608;13552970193;13910467180;18519344835",4.9,4.6,122,https://aos-comment.amap.com/B000A7Q8IT/comment/content_media_external_file_1000071776_ss__1768489298692_95088442.jpg,116.279881,39.868573
,1077,,丰台体育宾馆餐厅,中餐厅,丰台体育宾馆餐厅,丰体南路55号(大井地铁站B东北口步行280米),9,4,31,http://store.is.autonavi.com/showpic/d96c50d8364023f3e5b1ad8cf2bf2a2a,116.277355,39.866517
,1077,,状元甲(丰体店),单人餐,状元甲(丰体店),"北京城区丰体北路2号 | 营业时间:周一至周日 10:00-14:00,16:30-21:00 | 电话:18515354886",7.7,4.7,79,https://aos-comment.amap.com/B0J1CZCFVB/comment/3299520ee83a32703dfe4e20f257003e_2048_2048_80.jpg,116.280265,39.868352
,1077,,湖湘土菜,湖南菜(湘菜),湖湘土菜,丰体北路5号国丰大厦,5.5,2.9,0,,116.279275,39.868625
,1077,,赣炉江西菜,特色菜,赣炉江西菜,"丰体北路2号栋1层101 | 营业时间:周一至周日 11:00-14:00,17:00-21:30 2026-02-14至2026-02-23 周一至周日 全天关闭 | 电话:13263132331",2.7,4.5,86,https://store.is.autonavi.com/showpic/f37eca91dbc393e2c51189c17d8d8141,116.280115,39.868291
,1079,,内蒙牛羊肉·火锅烧烤食材,火锅烧烤,内蒙牛羊肉·火锅烧烤食材,堤北路与燕堤西街交叉口东南240米 | 营业时间:周一至周日 08:00-23:00 | 电话:18610216196,1.8,3.5,0,https://store.is.autonavi.com/showpic/68459aa55777bd90da5726c1e6c4e218,116.172075,39.894375
,1079,,水顶香铜锅涮肉烧烤大排档,烧烤大排档,水顶香铜锅涮肉烧烤大排档,"堤南路2号院12号楼2层203 | 营业时间:周一至周日 09:00-13:30,17:00-23:30 | 电话:13120255898",6.8,3.5,63,http://store.is.autonavi.com/showpic/fc2a68b8c6e1b66ba4b0ff12e075cefa,116.175182,39.892851
,1079,,子美马路边儿烧烤,牛肉,子美马路边儿烧烤,燕堤南路2号院10号楼2层211 | 营业时间:周一至周日 10:30-22:30 | 电话:18600863850,1.5,3.9,66,https://aos-comment.amap.com/B0FFKUN412/comment/d0931364bec16f451b3e8b74a20d1cde_2048_2048_80.jpg,116.173149,39.893727
,1080,,luckincoffee瑞幸咖啡(石景山古城南路步行街店),coffee,luckincoffee瑞幸咖啡(石景山古城南路步行街店),古城南路与古城公园西街交叉口西40米,4.9,3.3,14,https://store.is.autonavi.com/showpic/d0ed0e1909f5be900000001792316704?type=pic,116.191975,39.911075
,1080,,京小碗(石景山店),中餐厅,京小碗(石景山店),古城南路托儿所浴室1号楼1层101号 | 营业时间:周一至周日 10:00-21:00 2026-02-14至2026-02-23 周一至周日 全天关闭 | 电话:13126659959,8.8,4.5,38,https://aos-comment.amap.com/B0LGYR97U4/comment/8B911BAF_8021_42B3_9344_5E0450DCBAC4_L0_001_2000_150_1759059485522_34720037.jpg,116.192465,39.910836
,1080,,聚福南门铜锅涮肉·羊蝎子(石景山八角店),单人餐,聚福南门铜锅涮肉·羊蝎子(石景山八角店),古城南路与古城公园西街交叉口西南20米 | 营业时间:周一至周日 10:00-23:00 | 电话:18510159234,8,4.5,72,http://store.is.autonavi.com/showpic/7959bc06474782666a435cf355665805,116.192253,39.91085
,1080,,嘟嘟饺子馆·川湘家常菜,川湘家常菜,嘟嘟饺子馆·川湘家常菜,古城南路与古城公园西街交叉口南20米 | 营业时间:周一至周日 09:00-23:00 | 电话:18516927656,7.8,3.9,39,https://aos-comment.amap.com/B0KUL1FOQF/comment/%5B2026-02-08-18-11-08%5DE67BBA8C-3449-450C-B525-70A5D598FE4_1770545470761_02066913.jpg,116.19229,39.91085
,1080,,愚何野浇头烤鱼(古城路店),烤鱼,愚何野浇头烤鱼(古城路店),古城公园西街与古城南路交叉口西北20米,1,2.5,88,,116.192137,39.911102
,1080,,老边饺子馆(古城公园西街店),特色/地方风味餐厅,老边饺子馆(古城公园西街店),古城路58栋东门旁 | 营业时间:周一至周日 10:00-22:00 2026-05-01至2026-05-05 周一至周日 10:00-22:00 | 电话:13269903707,1,4.4,66,https://store.is.autonavi.com/showpic/b94c692ef429f12281dabe7737b2e190,116.192387,39.911093
,1080,,景泰冯记电烤串(石景山店),电烤串,景泰冯记电烤串(石景山店),古城南路与古城公园西街交叉口东40米 | 营业时间:周一至周日 10:00-22:00 | 电话:13810729335;18500729335,3.1,3.7,27,https://store.is.autonavi.com/showpic/f3d8d87f3a707c6cb834899062071201,116.192675,39.911025
,1080,,牛街老爆肚满(八角街道·八角南路社区店),红烧牛肉面,牛街老爆肚满(八角街道·八角南路社区店),"古城东街星座超市1号楼1层12号 | 营业时间:周一,周日 05:00-23:30；周二至周六 05:30-23:30 | 电话:13126579870",5.9,4.5,58,http://store.is.autonavi.com/showpic/b026b6195728005fdbd9ec3af32f2c6d,116.194704,39.910834
,1080,,赵师傅炸鸡店(八角街道·八角南路社区店),鸡肉,赵师傅炸鸡店(八角街道·八角南路社区店),八角南路1号八角街道·八角南路社区 | 营业时间:周一至周日 08:30-21:00 | 电话:15210190812;18514029335,3.1,4.2,25,https://aos-comment.amap.com/comment/content_service__1772165208826_59835673_1772165211471_43211997.jpg,116.194591,39.910842
,1080,,弄溪里.渔湘雅院,黄焖甲鱼,弄溪里.渔湘雅院,北京城区古城南路8号 | 营业时间:周一至周日 11:00-22:00 | 电话:010-68815791,8.9,4.6,108,https://store.is.autonavi.com/showpic/baebc717fad807cbb9e7f9c238e98dc6,116.192612,39.910845
,1088,,渔蓝海鲜火锅(首都宾馆店),双人餐,渔蓝海鲜火锅(首都宾馆店),首都宾馆A座一层大堂吧东北角 | 营业时间:周一至周日 16:30-21:30 | 电话:010-58159566,9.4,4.6,163,https://aos-comment.amap.com/B0JRZGS12N/comment/982239bae377647ec1abd48304e1a1e9_2048_2048_80.jpg,116.409635,39.902001
,1088,,食鼎轩烤鸭·私房菜(北京王府井台基厂大街店),家常菜,食鼎轩烤鸭·私房菜(北京王府井台基厂大街店),"台基厂大街10-1号 | 营业时间:周一至周日 09:30-14:00,16:30-21:30 2026-05-01至2026-05-05 周一至周日 09:30-14:00,16:30-21:30 | 电话:010-63445868;18519118048",3,4.6,70,https://aos-comment.amap.com/B0KGRMA21S/comment/content_media_external_file_100003357_1767011828140_18373911.jpg,116.411861,39.903494
,1088,,北京隆和居美食城(正义路店),干锅千页豆腐,北京隆和居美食城(正义路店),东华门街道正义路8号(原市政府斜对面) | 营业时间:周一至周日 10:00-22:30 | 电话:010-65263265;13520777900,8.1,4.4,73,https://store.is.autonavi.com/showpic/72fbdf46904d9ac20000002152518124?type=pic,116.406444,39.903414
,1088,,松鹤楼(台基厂店),松鼠桂鱼,松鹤楼(台基厂店),"北京城区台基厂大街10号(东郊民巷小学旁) | 营业时间:周一至周日 11:00-14:00,17:00-21:00 2026-02-17至2026-02-23 周一至周日 11:00-14:00,16:30-21:00 | 电话:010-65278195;010-65279255",2.5,4.5,153,http://store.is.autonavi.com/query_pic?id=st4e59a81c-8dd5-4876-9cdf-1e3afe32ebe2&user=search&operate=original,116.411839,39.903469
,1088,,君庭中餐厅(首都宾馆店),牛肉,君庭中餐厅(首都宾馆店),"前门东大街3号首都宾馆东北门门房 | 营业时间:周一至周日 11:00-14:00,17:00-21:00 | 电话:010-58159788",7.6,4.4,213,https://aos-comment.amap.com/comment/content_service__1771506306909_36408294_1771506354089_05149994.jpg,116.408956,39.902119
,1088,,奥华餐厅老张记(台基厂店),虾仁独面筋,奥华餐厅老张记(台基厂店),北京城区台基厂大街18-3号 | 营业时间:周一至周日 10:30-21:30 | 电话:010-65129289;010-65244021,4.8,4.6,62,http://store.is.autonavi.com/showpic/a44d4745fdde65bc76e850f893a9937b,116.411937,39.902869
,1091,,库迪咖啡(北京工业职业学院店),五常米乳拿铁,库迪咖啡(北京工业职业学院店),北京城区北京工业职业学院食堂3层 | 电话:13381021396,3.5,3.2,9,https://store.is.autonavi.com/showpic/7b0db620ddccbe9ff42ce59100617216?operate=original?operate=original?operate=original?operate=original,116.223015,39.906304
,1091,,蚝海·鲜蚝料理级自助(石景山万达广场店),五花肉,蚝海·鲜蚝料理级自助(石景山万达广场店),"石景山路乙18号万达广场北京石景山店4F层 | 营业时间:周一至周五 11:00-14:00,17:00-22:00；周六至周日 11:00-22:00 | 电话:18600611898",0.3,4.5,147,https://aos-comment.amap.com/B0I14CCQON/comment/826B3268_457A_4B94_9066_48690FC3CAB9_L0_001_750_1000_1730216990771_26849085.jpg,116.224609,39.905936
,1091,,喜家德虾仁水饺(石景山万达店),卤肉饭,喜家德虾仁水饺(石景山万达店),"北京城区石景山路乙18号院石景山万达3F303,305 | 营业时间:周一至周日 09:30-21:30 | 电话:16710151930",7.9,4.5,37,http://store.is.autonavi.com/query_pic?id=stb4f5ff64-44da-4b38-b306-f0536c5ed31a&user=search&operate=original,116.224623,39.906404
,1091,,泉歌·井焰铁板烧(石景山万达广场店),大虾,泉歌·井焰铁板烧(石景山万达广场店),"万达广场C座4层 | 营业时间:周六至周日 11:00-21:30；周一至周五 11:00-14:00,17:00-21:30 | 电话:18613859136",3.3,4.5,214,https://aos-comment.amap.com/B0IAHU75FU/comment/99a1cdabd9950776dad66fd4cddf7468_2048_2048_80.jpg,116.224428,39.906066
,1091,,海底捞火锅(石景山万达广场店),捞派鱼饼,海底捞火锅(石景山万达广场店),北京城区石景山路乙18号万达广场C栋四层 | 营业时间:周一至周日 10:00-07:00 | 电话:010-88689558,0.7,4.7,120,https://store.is.autonavi.com/showpic/bcb84a02dd0ebb388d01c309af554414?operate=original,116.224404,39.90583
,1091,,农小锅(北京石景山万达店),鸡肉,农小锅(北京石景山万达店),北京城区石景山路乙18号万达广场(北京石景山店)B1 | 营业时间:周一至周日 10:00-22:00 | 电话:18611195534,4.8,4.2,39,http://store.is.autonavi.com/query_pic?id=st90041bb3-4ff1-46aa-b79d-2b37dbac418c&user=search&operate=original,116.224264,39.906342
,1092,,渔蓝海鲜火锅(首都宾馆店),双人餐,渔蓝海鲜火锅(首都宾馆店),首都宾馆A座一层大堂吧东北角 | 营业时间:周一至周日 16:30-21:30 | 电话:010-58159566,8.4,4.6,163,https://aos-comment.amap.com/B0JRZGS12N/comment/982239bae377647ec1abd48304e1a1e9_2048_2048_80.jpg,116.409635,39.902001
,1092,,良苑烤鸭店(前门店),宫保鸡丁,良苑烤鸭店(前门店),"前门东大街14号楼前 | 营业时间:11:00-21:00,2026年春节期间07:00-09:30；10:30-21:00 | 电话:010-65122322",3.7,4.5,80,https://aos-comment.amap.com/B000A7C192/comment/5B6F0744_4E23_4727_BFA1_4FF00A1CB9F2_L0_001_2000_150_1760867253847_38700077.jpg,116.408677,39.900407
,1092,,食鼎轩烤鸭·私房菜(北京王府井台基厂大街店),家常菜,食鼎轩烤鸭·私房菜(北京王府井台基厂大街店),"台基厂大街10-1号 | 营业时间:周一至周日 09:30-14:00,16:30-21:30 2026-05-01至2026-05-05 周一至周日 09:30-14:00,16:30-21:30 | 电话:010-63445868;18519118048",0.3,4.6,70,https://aos-comment.amap.com/B0KGRMA21S/comment/content_media_external_file_100003357_1767011828140_18373911.jpg,116.411861,39.903494
,1092,,北京隆和居美食城(正义路店),干锅千页豆腐,北京隆和居美食城(正义路店),东华门街道正义路8号(原市政府斜对面) | 营业时间:周一至周日 10:00-22:30 | 电话:010-65263265;13520777900,9.3,4.4,73,https://store.is.autonavi.com/showpic/72fbdf46904d9ac20000002152518124?type=pic,116.406444,39.903414
,1092,,松鹤楼(台基厂店),松鼠桂鱼,松鹤楼(台基厂店),"北京城区台基厂大街10号(东郊民巷小学旁) | 营业时间:周一至周日 11:00-14:00,17:00-21:00 2026-02-17至2026-02-23 周一至周日 11:00-14:00,16:30-21:00 | 电话:010-65278195;010-65279255",5.1,4.5,153,http://store.is.autonavi.com/query_pic?id=st4e59a81c-8dd5-4876-9cdf-1e3afe32ebe2&user=search&operate=original,116.411839,39.903469
,1092,,君庭中餐厅(首都宾馆店),牛肉,君庭中餐厅(首都宾馆店),"前门东大街3号首都宾馆东北门门房 | 营业时间:周一至周日 11:00-14:00,17:00-21:00 | 电话:010-58159788",2.3,4.4,213,https://aos-comment.amap.com/comment/content_service__1771506306909_36408294_1771506354089_05149994.jpg,116.408956,39.902119
,1092,,奥华餐厅老张记(台基厂店),虾仁独面筋,奥华餐厅老张记(台基厂店),北京城区台基厂大街18-3号 | 营业时间:周一至周日 10:30-21:30 | 电话:010-65129289;010-65244021,3.6,4.6,62,http://store.is.autonavi.com/showpic/a44d4745fdde65bc76e850f893a9937b,116.411937,39.902869
,1093,,乘之堂茶空间(模式口大街店),中餐厅,乘之堂茶空间(模式口大街店),模式口大街34号院 | 营业时间:周一至周日 09:30-20:00 | 电话:18613858018,4.2,4.3,104,https://store.is.autonavi.com/showpic/021c6dd1fe59fcca0000002452230211?type=pic,116.161971,39.935176
,1093,,驼铃全羊汤,大饼,驼铃全羊汤,九中教工宿舍楼西南门旁 | 营业时间:周一至周日 06:00-21:00 | 电话:15624919016,5.4,4.1,25,https://aos-comment.amap.com/B0J0FDID2E/comment/6c308a5f3699cba892b2eb0458a3137a_2048_2048_80.jpg,116.162311,39.935317
,1093,,景山徽宴,景山松茸臭鳜鱼,景山徽宴,金顶街街道模式口大街56号 | 营业时间:周一至周日 11:00-21:30 2026-05-01至2026-05-05 周一至周日 11:00-21:30 | 电话:010-53677771;17600610008,5.6,4.4,94,http://store.is.autonavi.com/showpic/cf0d8df21a863e5d15a6b20235662557,116.161504,39.936123
,1093,,魔王咖啡商店,松饼,魔王咖啡商店,北京城区模式口大街37号 | 营业时间:周一至周日 10:00-18:00 | 电话:13120091798,9.2,4.5,43,https://aos-comment.amap.com/B0KR1HNHKV/comment/content_media_external_images_media_100003686_1738645724699_04018677.jpg,116.161647,39.935923
,1096,,帛香居(鲁谷店),三道菜,帛香居(鲁谷店),鲁谷路29号(近台湾美食街) | 营业时间:周一至周日 11:00-23:00 | 电话:010-68668931,2.6,3.7,26,https://store.is.autonavi.com/showpic/e55ce08f20e6f2140000000741738205?type=pic,116.243324,39.904096
,1097,,Zip Coffee Mosi,coffee,Zip Coffee Mosi,模式口地铁站B口步行330米 | 营业时间:周一至周日 10:00-18:30 | 电话:13366106868,7.2,4.3,50,https://aos-comment.amap.com/B0G3UX4FRQ/comment/0695313E_793A_4194_B9A3_42D8CFB83B6F_L0_001_IMG_9324_1668325797597_b3dee8f5.JPG,116.158823,39.934507
,1097,,信阳传统美食,中餐厅,信阳传统美食,模南小区路与模式口大街交叉口东南20米,2.4,2.8,24,https://store.is.autonavi.com/showpic/869c382562a653f0665122c880ddbabe,116.158575,39.934375
,1097,,六必居(模式口店),中餐厅,六必居(模式口店),模式口大街129号(模式口地铁站A口步行130米) | 营业时间:周一至周日 08:30-19:30 | 电话:18600813002,9.3,4.2,19,https://aos-comment.amap.com/B0KBGR5F3U/comment/18e81a19f7c4600156b24fd1eaf896e7_2048_2048_80.jpg,116.156967,39.934424
,1097,,富邻粥档,中餐厅,富邻粥档,模式口大街167号(模式口地铁站B口步行390米) | 营业时间:周二至周日 17:00-23:00 2026-02-17至2026-02-22 周一至周日 全天关闭；2026-02-24至2026-03-01 周一至周日 全天关闭；2026-03-03至2026-03-04 周一至周日 全天关闭 | 电话:15810157091,5,4.4,64,https://aos-comment.amap.com/B0LRUHDJ70/comment/content_media_external_file_20431_1768375594101_40407793.jpg,116.159609,39.934309
,1097,,羊阿羊手工驴打滚,中餐厅,羊阿羊手工驴打滚,模式口大街142-1号(模式口地铁站B口步行260米) | 营业时间:周五至周日 08:00-12:00,8.5,3.6,17,http://store.is.autonavi.com/showpic/095ea9d253c4485e0831e26933c6b455,116.158601,39.933999
,1097,,聚得源,中餐厅,聚得源,模式口大街170号 | 营业时间:周一至周日 07:00-19:30,5.7,3.3,29,https://store.is.autonavi.com/showpic/2ba92bc1331d4cb7dd897ef06a089684,116.159927,39.934149
,1097,,大理云南过桥米线(模式口大街店),云南过桥米线,大理云南过桥米线(模式口大街店),模式口大街与模式口北小街交叉口东南20米 | 电话:15011346459,1.7,4,25,http://store.is.autonavi.com/showpic/d49a94e59b76fc8bc54c89eca3925651,116.159925,39.934225
,1097,,和众大油条炸老虎北京总店,大油条,和众大油条炸老虎北京总店,驼铃古道166号 | 营业时间:周一至周日 07:00-19:00 | 电话:13051230271,5.8,4.4,16,https://aos-comment.amap.com/B0L36Z9RU8/comment/content_media_external_file_816_1768452442684_45038244.jpg,116.159397,39.93422
,1097,,早点见面杂粮煎饼,杂粮煎饼,早点见面杂粮煎饼,金顶街街道模式口大街74号(模式口地铁站B口步行420米) | 电话:13521852097,8.3,3.6,15,https://store.is.autonavi.com/showpic/49b8b2faeb1e4f8d5210fb2272436e65,116.159803,39.934376
,1097,,禧裕轩老北京四季涮肉,涮肉,禧裕轩老北京四季涮肉,金顶街道模式口大街驼铃古道93号院(模式口地铁站A口旁) | 营业时间:周一至周日 10:30-21:00 | 电话:15901355150,4.8,4.3,96,http://store.is.autonavi.com/showpic/31baf824fbaa72d16bc1ab6bb91994de,116.155925,39.934725
,1097,,老北京焖酥鱼,烙饼,老北京焖酥鱼,模式口南小街139号(模式口地铁站B口步行280米) | 营业时间:周一至周日 09:00-21:00 | 电话:13811124117,5.8,3.6,18,https://store.is.autonavi.com/showpic/ed21913e2caac4ed455fec82a49c88f2,116.158477,39.934191
,1097,,信阳牛肉汤,牛肉汤,信阳牛肉汤,模式口大街与模南小区路交叉口西20米 | 营业时间:周一至周日 09:30-22:00 | 电话:15939747157,8.4,3.7,26,https://aos-comment.amap.com/B0JRT16ZAC/comment/file_media_Photo_25773_IMG_1761638523_23499_IMG_20251028_160023_jpg_ss__1761830054027_53205775.jpg,116.158325,39.934395
,1097,,信阳胡氏猪油馍,猪油馍,信阳胡氏猪油馍,模南小区路与模式口大街交叉口西南20米 | 营业时间:周一至周日 09:30-22:00,4.5,4.2,12,https://aos-comment.amap.com/B0JR9HH1N0/comment/0C08E940_0001_42FE_8A7B_F7F6E1F8B67A_L0_001_1500_200_1765534524948_86609811.jpg,116.158422,39.934368
,1100,,马家饸饹面,饸饹面,马家饸饹面,宏雲路与东韭路交叉口南320米 | 电话:13801087209,6,4,19,http://store.is.autonavi.com/showpic/e86933caf16e204fd38b1aa221abee8b,116.03265,39.959727
,1104,,槐源饭馆,中餐厅,槐源饭馆,妙峰山镇下苇甸村中街6号 | 营业时间:周一至周日 09:00-21:00 | 电话:15810116891,2.4,3.5,47,http://store.is.autonavi.com/showpic/2eb2230d5d775274b7a9f9a68e43b59f,116.02297,40.003666
,1104,,东北小吃,羊杂汤,东北小吃,"下安路与京拉线交叉口西北280米 | 营业时间:周一至周日 10:30-14:00,16:30-21:00 | 电话:13681249497",6.5,3.5,35,http://store.is.autonavi.com/showpic/b04fda04be3c50c0f73edec410aeb8f9,116.023106,40.003294
,1105,,东马山家餐厅,农家小炒肉,东马山家餐厅,东马各庄村 | 营业时间:周一至周日 10:00-20:00 | 电话:13810514720,3.3,4,89,,116.021674,39.968379
,1105,,饸饹面馆,饸饹面,饸饹面馆,东韭路与东石古岩路交叉口东380米 | 营业时间:周一至周日 09:00-16:00,3.2,3.8,27,https://aos-comment.amap.com/B0KRC97NJC/comment/content_media_external_file_1000064366_ss__1756549725310_70888721.jpg,116.02624,39.970871
,1109,,巴江涮肉馆,羊肉,巴江涮肉馆,北京城区北京城区东辛房街道东辛房东街79号 | 营业时间:周一至周日 10:00-22:00 | 电话:13911786579,0.9,4.5,88,https://store.is.autonavi.com/showpic/05bf7783eb49ed75fbb118e7b6a8cc47,116.081304,39.936501
,1111,,村口火锅鸡,火锅鸡,村口火锅鸡,龙泉镇赵家洼村2排4号 | 营业时间:周一至周日 11:00-21:00 | 电话:15001378343,0.5,3.9,54,https://store.is.autonavi.com/showpic/fae2f134ff5b6cd3aa243bded57f14d2,116.063292,39.918057
,1112,,便民大食堂(中门寺南坡店),中餐厅,便民大食堂(中门寺南坡店),中门寺南坡23号 | 营业时间:周一至周五 05:30-21:00； 周六至周日 05:30-21:00 | 电话:13911562555,3.7,4.2,21,http://store.is.autonavi.com/showpic/8f87151e56804f9968ec0d1dc6807ce6,116.087095,39.929073
,1112,,山西面馆(中门寺街),中餐厅,山西面馆(中门寺街),大峪南路中门花园临街24号 | 营业时间:周一至周日 10:00-22:00 | 电话:15910494195,4.3,3.7,28,https://store.is.autonavi.com/showpic/3bdb6961a0a4f454ebb4d263632e7939,116.087784,39.931289
,1112,,金源老汤牛肉拉面,中餐厅,金源老汤牛肉拉面,"中门花园良实家园东北门南110米 | 营业时间:周一至周日 06:00-14:30,17:00-21:30 | 电话:18501057069",2.8,3.9,21,http://store.is.autonavi.com/showpic/fa5b6156fea58a8721f23655ba0870bd,116.087745,39.931074
,1112,,固始农家菜(中门寺街),农家菜,固始农家菜(中门寺街),"大峪中门花园 | 营业时间:周一至周日 10:30-14:00,16:30-21:00 | 电话:13261129319",2.2,3.7,36,https://store.is.autonavi.com/showpic/f977e368b6ac819e3b965a3b2d10c4ed,116.087561,39.93078
,1112,,彩虹咖啡,咖啡厅,彩虹咖啡,中门寺南路71号 | 营业时间:周六至周日 10:00-18:00 | 电话:13581688090,8,2.2,0,https://aos-comment.amap.com/B0KUORW5ZH/comment/b64f71861eb96dc1e845d3a9745ea8f6_2048_2048_80.jpg,116.078764,39.923385
,1112,,中鼎信石锅鱼,石锅鱼,中鼎信石锅鱼,中门花园 | 营业时间:周一至周日 09:00-21:00 2026-02-15至2026-02-16 周一至周日 全天关闭 | 电话:010-61892284;13716219688,1.4,4.5,116,https://aos-comment.amap.com/B000A85SGC/comment/content_media_external_images_media_1000010125_ss__1765836592087_32206505.jpg,116.087653,39.930856
,1112,,马先生馅筋(中门花园良实家园店),腊八蒜肥肠,马先生馅筋(中门花园良实家园店),中门寺街69号中门花园良实家园 | 营业时间:周一至周日 17:00-24:00 | 电话:18610173515,4.1,4.5,77,http://store.is.autonavi.com/showpic/d3e6129380c6118802bc1484e35f7184,116.087781,39.931729
,1113,,咱家小院(香杏路店),中餐厅,咱家小院(香杏路店),花露蝴蝶园东北侧170米 | 营业时间:周一至周五 10:00-20:00；周六至周日 09:00-20:00 | 电话:13811016560,3.6,3.9,196,,116.084125,39.999975
,1113,,金溪羊蝎子火锅 固始鹅块,固始鹅块,金溪羊蝎子火锅 固始鹅块,军庄村马路东五号 | 电话:18513009888,8,3.5,0,https://store.is.autonavi.com/showpic/3e71d94d63bc57f7aaf8acab0ae619d8,116.090311,39.99938
,1113,,天美鹤小院,小酥肉,天美鹤小院,"109国道 | 营业时间:周一至周日 11:00-14:00,17:00-22:00 | 电话:13146626023;18310023782",6,3.8,93,,116.090772,39.99936
,1113,,灶台鱼川菜火锅(京拉线店),川菜火锅,灶台鱼川菜火锅(京拉线店),军庄镇军庄村北大街6号院3号 | 营业时间:周一至周日 09:00-22:00 | 电话:18310023782,3.4,3.6,90,http://store.is.autonavi.com/showpic/b3f14c6eef22186e171f53924709a0e5,116.090595,39.999144
,1113,,瞪眼明烙饼夹一切(军庄店),烙饼,瞪眼明烙饼夹一切(军庄店),北大街22号 | 营业时间:周一至周日 07:00-16:00,6.7,4.3,51,https://store.is.autonavi.com/showpic/6734b306575d31240000000738412319,116.08957,39.999726
,1113,,109烧饼夹热肘子(装修中),羊杂汤,109烧饼夹热肘子(装修中),军庄镇军庄村马路西2号院1号 | 营业时间:周一至周日 06:30-14:00 2026-02-15至2026-02-23 周一至周日 全天关闭 | 电话:13021133366,7.1,4.5,44,https://store.is.autonavi.com/showpic/50291b782a11ab39528b7c3fcc0e2ec9,116.089105,39.99982
,1113,,金溪鸡火锅,鸡火锅,金溪鸡火锅,京拉线与南大街交叉口西北180米,9.9,1.6,97,,116.090237,39.999316
,1114,,南石洋岩洞咖啡,咖啡厅,南石洋岩洞咖啡,南石洋岩洞咖啡北侧,4.9,3.3,33,,115.796075,40.137575
,1116,,首钢一九菜馆,中餐厅,首钢一九菜馆,北京城区首钢滑雪大跳台南门东90米 | 营业时间:周一至周日 10:00-21:00 | 电话:010-88295819,6.1,4.6,59,https://store.is.autonavi.com/showpic/8f86fdf40c47b1fe0000000979298723?type=pic,116.152957,39.910348
,1116,,心跳咖啡,咖啡厅,心跳咖啡,群明湖西街与群明湖北路交叉口南260米,2.5,0.3,66,,116.150775,39.912425
,1116,,顽酷心跳咖啡,咖啡厅,顽酷心跳咖啡,群明湖北路与动力街交叉口南400米 | 营业时间:周一至周日 10:00-18:00,7.1,4,66,https://store.is.autonavi.com/showpic/4b40648dc5c8c75c0000002428022414?type=pic,116.1517,39.911247
,1116,,聚宝源(首钢店),涮羊肉,聚宝源(首钢店),北京城区石景山路68号群明湖南路1号院4号楼2层 | 营业时间:周一至周日 10:30-21:30 | 电话:010-88292520,5.1,4.7,133,http://store.is.autonavi.com/query_pic?id=sta00d5c6c-2982-4522-bff3-db768d93c6ea&user=search&operate=original,116.153674,39.910382
,1117,,金泽餐馆,中餐厅,金泽餐馆,"琉璃渠村后街与琉璃渠后街交叉口西北140米 | 营业时间:周一至周日 10:30-13:30,17:00-22:30 | 电话:13521905963;15535953991",2.2,3.6,29,http://store.is.autonavi.com/showpic/7c234320b5abb83a7af6b2c19818d2db,116.089608,39.970865
,1117,,幸福涮肉,涮肉,幸福涮肉,"三家店西街129号 | 营业时间:周一至周日 11:00-14:00,17:00-21:00 | 电话:13911265561",7.2,4.1,86,https://store.is.autonavi.com/showpic/71826ebc30d3290b21274f819f1bfa0b,116.099806,39.970553
,1117,,聚乡阁餐厅,茄子,聚乡阁餐厅,"龙泉镇琉璃渠后街6号 | 营业时间:周一至周日 10:00-14:00,17:00-22:00 | 电话:18515629169",0.9,3.7,44,https://aos-comment.amap.com/B0HA9D6TDD/comment/afd155dc927ea436a84dd2c7ea1c5b0d_2048_2048_80.jpg,116.090507,39.970509
,1117,,一尺花园(琉璃窑店),薯条,一尺花园(琉璃窑店),琉璃渠大街2号金隅琉璃文化创意产业园14幢 | 营业时间:周一至周日 10:00-20:30 | 电话:18017265193,0.8,4.7,59,https://aos-comment.amap.com/B0J3RDZ773/comment/613F8E5E_B027_43C7_844F_A796E33A1092_L0_001_1512_201_1755830829559_72494212.jpg,116.090335,39.968765
,1117,,重庆小面,重庆小面,重庆小面,菜家府路与三家店西街交叉口西20米,9.7,3.7,26,,116.099575,39.969525
,1119,,小笼功夫(门头沟店),中餐厅,小笼功夫(门头沟店),阁外山水蓝龙家园西北门西50米,6.7,2.2,22,,116.104482,39.948425
,1119,,7号院烧鸽子(门头沟店),乳鸽,7号院烧鸽子(门头沟店),"滨河路18号北侧楼一楼 | 营业时间:周一至周日 10:30-14:30,17:00-21:30 2026-02-17至2026-02-23 周一至周日 11:00-14:00,17:00-21:00 | 电话:010-56288777",3.1,4.6,78,http://store.is.autonavi.com/showpic/d3527255e4dff8a45e1bf697ddb398c5,116.108612,39.944274
,1119,,江子馅筋(1号店),堂食,江子馅筋(1号店),桥东社区15号楼旁大院内波波馅筋(1号店) | 营业时间:周一至周日 17:00-24:00 | 电话:13389955797;18500207028,8.5,4.1,83,http://store.is.autonavi.com/showpic/71c8bda4670ccbe4e085865d288e37bb,116.1047,39.946328
,1119,,捞力王捞汁小海鲜,捞汁小海鲜,捞力王捞汁小海鲜,石担路辅路与桥东街交叉口西北200米,0.9,2.4,93,,116.105125,39.946475
,1119,,小胖饺子馆,特色/地方风味餐厅,小胖饺子馆,蓝龙家园2一3号 | 营业时间:周一至周日 05:30-21:00,7.9,3.5,13,http://store.is.autonavi.com/showpic/3e144f26222bf12ca6338ee628ab8d94,116.104237,39.948134
,1120,,小笼功夫(门头沟店),中餐厅,小笼功夫(门头沟店),阁外山水蓝龙家园西北门西50米,7.3,2.2,22,,116.104482,39.948425
,1120,,江子馅筋(1号店),堂食,江子馅筋(1号店),桥东社区15号楼旁大院内波波馅筋(1号店) | 营业时间:周一至周日 17:00-24:00 | 电话:13389955797;18500207028,8.1,4.1,83,http://store.is.autonavi.com/showpic/71c8bda4670ccbe4e085865d288e37bb,116.1047,39.946328
,1120,,捞力王捞汁小海鲜,捞汁小海鲜,捞力王捞汁小海鲜,石担路辅路与桥东街交叉口西北200米,5.3,2.4,93,,116.105125,39.946475
,1120,,小胖饺子馆,特色/地方风味餐厅,小胖饺子馆,蓝龙家园2一3号 | 营业时间:周一至周日 05:30-21:00,1.2,3.5,13,http://store.is.autonavi.com/showpic/3e144f26222bf12ca6338ee628ab8d94,116.104237,39.948134
,1122,,FiveOnes bike cafe,咖啡厅,FiveOnes bike cafe,北京城区保利欢乐大都会7-15(石门营便利蜂一排) | 营业时间:周一至周日 10:00-18:00 | 电话:13810134956,0.2,4.4,18,https://store.is.autonavi.com/showpic/ff7ce7df3e446a86b24e01aeb070126c,116.108152,39.895611
,1122,,烩饼大烩菜杠杠香,大烩菜,烩饼大烩菜杠杠香,石担路与冯石环路交叉口北140米,2.8,2.4,0,,116.108225,39.895725
,1122,,老家味手工水饺,手工水饺,老家味手工水饺,永安路与何各庄东街交叉口南100米 | 营业时间:周一至周日 08:00-22:30 | 电话:15600227798,0.3,3.6,26,http://store.is.autonavi.com/showpic/41b6b21b26086af41241185a1650b956,116.108937,39.896294
,1122,,西域美食兰州老马食府(欢乐大都汇店),拌面,西域美食兰州老马食府(欢乐大都汇店),"冯石环路416号院10号楼1层10-7、10-8 | 营业时间:周一至周日 10:30-14:00,16:30-24:00 | 电话:18500943389",9.1,4.1,33,http://store.is.autonavi.com/showpic/387c001cbabe7ebff9e631b201758a21,116.10856,39.895525
,1122,,金饺源现包水饺(欢乐大都会店),皮蛋瘦肉粥,金饺源现包水饺(欢乐大都会店),永安路与何各庄东街交叉口南120米 | 营业时间:周一至周日 08:00-23:30 | 电话:18201087762,5.5,3.5,19,http://store.is.autonavi.com/showpic/abdf327cc6367ca49f9773b75ae9119d,116.108641,39.896107
,1122,,面条儿京魂,皮蛋瘦肉粥,面条儿京魂,欢乐大都汇7-14(便利蜂那排) | 营业时间:周一至周日 10:00-20:30 | 电话:13717991103,8.8,4,24,http://store.is.autonavi.com/showpic/116dda55e21036eb6adae8cd5e4c8817,116.108088,39.895554
,1122,,武圣羊汤(北京门头沟冯石环路店),羊肉串,武圣羊汤(北京门头沟冯石环路店),"北京城区冯石环路416号院10-12 | 营业时间:周一至周日 08:30-14:00,16:30-22:00 | 电话:18801086320",6,4.1,29,https://aos-comment.amap.com/B0JUBAAQYM/comment/6dbd88e84062058584219a9637d017c3_2048_2048_80.jpg,116.108321,39.895266
,1122,,大鹏品莅湘菜,蛋炒饭,大鹏品莅湘菜,"大都汇9-13 | 营业时间:周一至周日 11:00-14:00,16:30-22:00 | 电话:13910502398",0.3,3.8,64,https://store.is.autonavi.com/showpic/d09564bed34fb867da86a49b127d3518,116.108794,39.895747
,1122,,鼎鑫铁锅炖,铁锅炖,鼎鑫铁锅炖,"保利首开·欢乐大都汇冯石环路416号院7-17 | 营业时间:周一至周日 00:00-03:00,11:00-24:00 | 电话:15210180953",0.7,4.3,83,https://aos-comment.amap.com/B0IU9ZS1KL/comment/b20e1761b708891697b13b4137c86266_2048_2048_80.jpg,116.107989,39.895498
,1122,,徽州鸭头(石担路店),鸭头,徽州鸭头(石担路店),永安路与何各庄东街交叉口南140米,5.3,2.8,30,https://aos-comment.amap.com/B0M6CHUL4V/comment/20260322-15f9c3d11174497c98171807-AXdfuU5Nthi855d4mHMfkD.jpg,116.108929,39.895818
,1123,,幸福涮肉,涮肉,幸福涮肉,"三家店西街129号 | 营业时间:周一至周日 11:00-14:00,17:00-21:00 | 电话:13911265561",1.1,4.1,86,https://store.is.autonavi.com/showpic/71826ebc30d3290b21274f819f1bfa0b,116.099806,39.970553
,1123,,串哥烤串,羊肉串,串哥烤串,琉璃渠后街181号 | 营业时间:周一至周日 18:00-24:00 | 电话:13521483727,0.1,4.3,55,http://store.is.autonavi.com/showpic/aa1c5cdc5990aa87e2b48a13f9ae11b1,116.090451,39.974784
,1123,,聚乡阁餐厅,茄子,聚乡阁餐厅,"龙泉镇琉璃渠后街6号 | 营业时间:周一至周日 10:00-14:00,17:00-22:00 | 电话:18515629169",0.1,3.7,44,https://aos-comment.amap.com/B0HA9D6TDD/comment/afd155dc927ea436a84dd2c7ea1c5b0d_2048_2048_80.jpg,116.090507,39.970509
,1124,,蜗艾蜗家艾公馆(德露苑店),中餐厅,蜗艾蜗家艾公馆(德露苑店),滨河德露苑 | 营业时间:周一至周日 09:00-21:00,1.8,3.6,83,https://store.is.autonavi.com/showpic/87197ad6623e3f2aef79cfbf8f4def7f,116.117438,39.928576
,1125,,徽味馆(门头沟城子店),中餐厅,徽味馆(门头沟城子店),"城子街道新桥大街亿达生活广场 | 营业时间:周一至周日 10:30-14:00,16:30-22:00 | 电话:010-69854288",1.9,4.5,81,http://store.is.autonavi.com/showpic/3e87baf01e9bd712ae2cf7647ce20681,116.099014,39.951373
,1125,,老年驿站餐厅,中餐厅,老年驿站餐厅,一号路与城子东街交叉口东北240米,1.6,3.6,13,http://store.is.autonavi.com/showpic/6e44fbfbccafadcea75714bdf7ab2e5e,116.101888,39.954271
,1125,,味美饸饹面家常菜(城子大街),家常菜,味美饸饹面家常菜(城子大街),城子大街40号院1号楼1层111 | 营业时间:周一至周日 07:00-21:00,4.5,3.9,23,http://store.is.autonavi.com/showpic/6a50f8e5bb280d25264cd286020c500e,116.099134,39.951258
,1125,,连记烤肉,烤肉,连记烤肉,新桥大街与城子东街交叉口南140米 | 营业时间:周一至周日 10:00-21:30 | 电话:18513478596,5,2.1,92,http://store.is.autonavi.com/showpic/89fdfc9522528b4aa08723e021b25dd2,116.099067,39.951214
,1128,,园园农家小院,,园园农家小院,北京市门头沟妙峰山镇炭厂31号 | 营业时间:周一至周日 08:00-21:00 | 电话:13220112512,3.8,3.9,69,http://store.is.autonavi.com/showpic/07fd1065509f71154541ec71a37acc69,115.976688,40.041107
,1128,,山水农家(炭厂大街店),,山水农家(炭厂大街店),X003神泉峡风景区 | 营业时间:周一至周日 08:00-20:00 | 电话:18710209879,0.4,3.3,0,http://store.is.autonavi.com/showpic/4781a8d825474984b345dacfd0e3f05a,115.97672,40.041097
,1128,,炭锅菜民俗风味餐厅(暂停营业),中餐厅,炭锅菜民俗风味餐厅(暂停营业),炭厂大街与炭厂村南路交叉口西160米 | 营业时间:周一至周日 10:00-22:00 | 电话:18510633808,8.3,3.1,0,http://store.is.autonavi.com/showpic/e5c1ee60eb2cdcf95099c1ff496cadc9,115.977389,40.040875
,1128,,秀萍农家宴,中餐厅,秀萍农家宴,炭厂大街与炭厂村南路交叉口西北100米 | 电话:010-68685938;18515966616,3.6,3.7,44,http://store.is.autonavi.com/showpic/78dec5a13e3543a1abcba06bff9f430e,115.97865,40.041136
,1128,,如意饺子宴,饺子宴,如意饺子宴,炭厂大街与炭厂村南路交叉口西北120米 | 电话:18515520236,0.1,3.3,0,http://store.is.autonavi.com/showpic/062868315d144ab2bbf7cd4d34eba0bc,115.978646,40.041358
,1130,,亿大碗牛肉面,中餐厅,亿大碗牛肉面,住总·旗胜家园西区东门南250米 | 营业时间:周一至周日 05:00-21:00,0.2,3.7,21,https://aos-comment.amap.com/B0M6ASYAF2/comment/content_media_external_images_media_1000025600_ss__1773033921740_85094136.jpg,116.357973,40.066672
,1130,,合兴屯铁锅炖,双人餐,合兴屯铁锅炖,北京城区东北王老二铁锅炖 | 营业时间:周一至周日 09:30-22:00 | 电话:15011580706,6.5,4.3,71,https://aos-comment.amap.com/B0LRTOBABP/comment/087E4F19_7959_4D40_BE7E_FC8A28AD3BB2_L0_001_1206_155_1769948812201_84635125.jpg,116.358006,40.066118
,1130,,紫光园(西三旗店),烤鸭,紫光园(西三旗店),西三旗北路11号靠近建材城西路9号院 | 营业时间:【特殊】2026-02-10至2026-02-22 06:00-10:00；10:30-22:00 | 电话:010-82911292;19894127390,9.1,4.7,60,http://store.is.autonavi.com/query_pic?id=stc56029d4-8f36-4428-b61d-aded6ac2fe6d&user=search&operate=original,116.354507,40.065255
,1130,,石记北方手工水饺,特色/地方风味餐厅,石记北方手工水饺,建材城西路9号院东门旁 | 营业时间:周一至周日 07:00-21:00 | 电话:18888871908,4.9,3.6,25,https://aos-comment.amap.com/B0LDJKLUAU/comment/A1BDB295_40AF_4ED9_9556_5ABA1B99DD25_L0_001_1500_200_1762252368046_91103814.jpg,116.35521,40.065499
,1130,,众思园家常菜(西三旗店),精品烤鱼,众思园家常菜(西三旗店),回龙观镇枫丹丽舍西路2号楼1至2层116 | 营业时间:周一至周日 10:00-23:00 | 电话:13439050345;13683200414,7.5,4.3,46,https://store.is.autonavi.com/showpic/5526ee06da4dd1739d120b78e92b0748,116.358003,40.066294
,1130,,张亮麻辣烫(旗胜家园店),麻辣烫,张亮麻辣烫(旗胜家园店),枫丹丽舍西路2-17号 | 营业时间:周一至周日 10:30-02:30 | 电话:13011153031,2,4.2,30,https://img.alicdn.com/imgextra/i2/O1CN013Da1GK1Ex2GzcHFBd_!!6000000000417-49-tps-750-750.webp,116.357999,40.066231
,1131,,一介野生WSM Coffee(潭柘厚院店),coffee,一介野生WSM Coffee(潭柘厚院店),潭柘厚院西侧 | 营业时间:周一至周日 10:00-18:00 | 电话:13036259672,9.3,4.6,57,https://aos-comment.amap.com/B0KD9X9NNB/comment/content_media_external_file_1000112093_ss__1759807983653_09725843.jpg,116.049951,39.896518
,1131,,乐宴砂锅居,中餐厅,乐宴砂锅居,潭柘新区4号潭柘新区4号院,9.6,2.8,49,,116.053675,39.885125
,1136,,V8咖啡(南庄村店),咖啡厅,V8咖啡(南庄村店),妙峰山镇南庄村 | 营业时间:周一至周日 00:00-24:00 | 电话:18510113296,0.9,4.5,28,https://store.is.autonavi.com/showpic/9c3afefe65a312918c8d32543cc23cc9,116.044427,40.032493
,1136,,弯豆咖啡,咖啡厅,弯豆咖啡,妙峰山镇樱桃沟村,6.6,3.3,33,http://store.is.autonavi.com/showpic/3620404b7a4f1ecea28cc0bf54cb9faf,116.048626,40.039508
,1145,,天方包子,中餐厅,天方包子,徐宋路与小堡北街交叉口西北60米 | 营业时间:周一至周日 00:00-24:00 | 电话:13707675859,1.4,4.2,23,https://store.is.autonavi.com/showpic/1dd3b587c2d4d989b5be80d3e31966af,116.720925,39.951025
,1145,,香河肉饼·粥·砂锅(徐宋路小堡店),牛肉大葱饼,香河肉饼·粥·砂锅(徐宋路小堡店),宋庄镇徐宋路小堡广场往北200米 | 营业时间:周一至周日 09:00-23:00 | 电话:13240489963;17695466394,9.1,3.9,26,http://store.is.autonavi.com/showpic/e6f44377ea93520a6b76e3a777e8a0db,116.721125,39.950825
,1145,,老四面馆(徐宋路),盖饭,老四面馆(徐宋路),"宋庄镇小堡北街153号 | 营业时间:周一至周日 04:00-14:00,17:00-20:00 | 电话:15910486732",8.4,3.9,18,https://aos-comment.amap.com/B0FFFADWNX/comment/content_media_external_file_1000022070_ss__1762750266274_23684186.jpg,116.721225,39.950556
,1145,,兰州马氏拉面,羊肉串,兰州马氏拉面,北京城区徐宋路西64-65号 | 营业时间:周一至周日 10:00-03:00 | 电话:010-80519771;18693811019,3.4,4.2,47,https://store.is.autonavi.com/showpic/c465ff7e314a4edb7b121fbe4d669ca6,116.720834,39.951338
,1145,,山西刀削面川湘菜,蛋炒饭,山西刀削面川湘菜,徐宋路与小堡北街交叉口西北80米 | 营业时间:周一至周日 09:00-03:00 | 电话:13994956656,4.3,3.6,19,http://store.is.autonavi.com/showpic/d85a37b60534eb8e6dcd1575ca666334,116.720931,39.951266
,1145,,埃蒙小镇云南菜(宋庄店),黑三剁,埃蒙小镇云南菜(宋庄店),宋庄镇小堡北街103号 | 营业时间:周一至周日 10:00-22:00 | 电话:13681175853,7.6,4.4,63,https://store.is.autonavi.com/showpic/4d8a858f8a982210080f931f7f26df5e,116.720187,39.950929
,1147,,丽高花园会所,中餐厅,丽高花园会所,榆阳路与丽高大道交叉口东80米 | 营业时间:周一至周日 08:00-20:00 | 电话:13126573676,6,4.5,368,http://store.is.autonavi.com/showpic/579a8063fe54fa4bb59a785217cf1770,116.561252,40.044488
,1147,,某一村·贝泽拉泳池咖啡屋,咖啡厅,某一村·贝泽拉泳池咖啡屋,康营中街9号 | 营业时间:周一至周五 10:00-19:00；周六至周日 10:00-22:00 | 电话:13911181713;18601125713,3.2,3.3,0,http://store.is.autonavi.com/showpic/b2fc171cddf1c924e92f6890f6a59941,116.555625,40.036338
,1147,,崔记小馆·粥·粉.面(温榆广场店),干炒牛河,崔记小馆·粥·粉.面(温榆广场店),温榆广场东南门旁 | 营业时间:周一至周日 07:00-21:00 | 电话:15535756543,7.9,4.3,51,http://store.is.autonavi.com/showpic/943035fbc326b8456c9d3dfd7a38285a,116.562091,40.049726
,1147,,清真锡纸烤鸽子,清真菜馆,清真锡纸烤鸽子,康营东路辅路与兴苇北街交叉口东北160米 | 营业时间:周一至周日 04:30-03:00 | 电话:13391585088,1.6,3.7,64,,116.549025,40.039025
,1147,,丽斯花园会所餐厅·靳来福餐厅,辣子鸡,丽斯花园会所餐厅·靳来福餐厅,"天竺镇天竺村花园二路丽斯花园会所内 | 营业时间:周一至周日 10:30-14:00,16:30-20:30 | 电话:010-64508332;13261840511",1.7,4.3,101,http://aos-cdn-image.amap.com/sns/ugccomment/7247c65b-2565-4381-b7c1-51a06a105ca0.jpg,116.567091,40.043717
,1148,,东北大院烧烤,中餐厅,东北大院烧烤,利民路三街39号,2.8,4,76,https://store.is.autonavi.com/showpic/c94eca5dfa89efd3661287ea274fc16d,116.706746,40.166514
,1148,,山西饭店(白马路店),中餐厅,山西饭店(白马路店),南彩镇后郝家疃村白马路 | 营业时间:周一至周日 09:00-21:00 | 电话:18001300951,8.1,4,40,https://store.is.autonavi.com/showpic/5d67f3b247072de11afbc6f0aff86f22,116.708584,40.169966
,1148,,早餐店,中餐厅,早餐店,后郝家疃中路与后郝家疃环路交叉口西60米,7,3.7,0,http://store.is.autonavi.com/showpic/a49624deca0316c5860484066eb29371,116.712673,40.166234
,1148,,旮哒烤肉,烤肉,旮哒烤肉,白马路辅路与马辛庄路交叉口西140米 | 营业时间:周二至周日 18:00-24:00 | 电话:15001153983,5.5,4.2,94,https://aos-comment.amap.com/B0KDF10KKK/comment/content_media_external_images_media_1000008719_ss__1742122913048_60647726.jpg,116.712968,40.170842
,1148,,群生大院(顺义店),烤鱼,群生大院(顺义店),北京城区南彩镇后郝家疃村680号内1号 | 营业时间:周一至周日 10:30-21:00 | 电话:010-84320018,5.4,4.7,127,https://aos-comment.amap.com/B0J6GRTA91/comment/592E112B_B477_4DC5_ACBC_0620280AA6B3_L0_001_1512_2016_1741403100419_85367205.jpg,116.698171,40.170563
,1148,,破门口烧烤,烤鸽子,破门口烧烤,南彩镇后郝家疃村一街55号 | 营业时间:周一至周日 10:00-23:30 | 电话:13716078061,0.7,4.2,54,http://store.is.autonavi.com/showpic/a12a01ec293d9204110ddb7b3b20d585,116.703355,40.168047
,1149,,曼玲粥店(北京顺义中心汉庭酒店店),中餐厅,曼玲粥店(北京顺义中心汉庭酒店店),北京城区金汉绿港一区10号楼101 | 营业时间:周一至周日 00:00-24:00 | 电话:15201639686,8.4,4.1,25,http://store.is.autonavi.com/query_pic?id=stc3277489-d22a-4254-abee-ea1945a1b0e5&user=search&operate=original,116.664631,40.133912
,1149,,傣劲儿鲜烫肉小锅米线,小锅米线,傣劲儿鲜烫肉小锅米线,北京城区绿港家园一区10号楼1层101内104 | 营业时间:周一至周日 00:00-24:00 | 电话:17600077368,2.4,4.4,20,https://aos-comment.amap.com/B0L2N5I9DC/comment/BEE80C92_F489_45CE_9D29_935DB802A0D3_L0_001_1080_179_1766449643856_13824737.jpg,116.664582,40.134009
,1149,,石门二姐麻辣烫(金汉店),特色/地方风味餐厅,石门二姐麻辣烫(金汉店),绿港家园2区东南门北130米 | 营业时间:周一至周日 10:30-01:00 | 电话:13716607299,3.8,4.5,54,https://store.is.autonavi.com/showpic/fe430715aca028d5235ec661444cc939,116.664843,40.133871
,1150,,果然遇见咖啡,,果然遇见咖啡,酸枣峪沟景区往北200米路边上 | 营业时间:周一至周日 09:00-18:00 | 电话:13641107013,2,4.2,49,http://store.is.autonavi.com/showpic/fa0a7a72569c60d15bc0c741e35d7a6e,116.871217,40.241313
,1150,,王桂花农家院餐厅,,王桂花农家院餐厅,焦庄户地道战遗址纪念馆北1门南110米 | 营业时间:周一至周日 08:00-22:00,8.8,2.6,69,http://store.is.autonavi.com/showpic/c6809690ef339b214426752bf0c3452a,116.869375,40.233283
,1150,,祥荣成烟火居(顺义店),中餐厅,祥荣成烟火居(顺义店),龙湾屯镇焦庄街29号 | 营业时间:周一至周日 10:30-22:30 | 电话:15011002948;17812226501,4.4,4,47,https://store.is.autonavi.com/showpic/d679142045f0c7cf5169f784392471c2,116.869867,40.232735
,1150,,金菊小院,中餐厅,金菊小院,西四条与木邵路交叉口西北300米 | 营业时间:周一至周日 09:00-18:00 | 电话:13810680099;13910033571,1.8,4,250,http://store.is.autonavi.com/showpic/b956df09782b90076a18056187feb724,116.86565,40.234684
,1150,,山西面馆家常菜(木邵路店),家常菜,山西面馆家常菜(木邵路店),市级田淑兰农家大院东南门旁 | 营业时间:周一至周日 09:00-22:30 | 电话:13466910723,4.6,3.7,27,http://store.is.autonavi.com/showpic/562fc6ea2c796541698558df64439445,116.868524,40.233168
,1150,,西域美食兰州老马拉面,牛肉面,西域美食兰州老马拉面,北京城区焦庄街14号 | 营业时间:周一至周日 09:30-23:00 | 电话:15600723232,1.4,4.1,48,https://store.is.autonavi.com/showpic/cc71c25016d37455b3e1e73baacba5a2,116.86669,40.232722
,1150,,艳阳天大酒店(焦庄户村村民店),鸡肉,艳阳天大酒店(焦庄户村村民店),焦庄街104号 | 营业时间:周一至周日 09:00-21:00 | 电话:010-60452573;010-60462573;13716513399,6.4,4.2,0,,116.871802,40.233843
,1161,,曼玲粥店(北京顺义中心汉庭酒店店),中餐厅,曼玲粥店(北京顺义中心汉庭酒店店),北京城区金汉绿港一区10号楼101 | 营业时间:周一至周日 00:00-24:00 | 电话:15201639686,6.4,4.1,25,http://store.is.autonavi.com/query_pic?id=stc3277489-d22a-4254-abee-ea1945a1b0e5&user=search&operate=original,116.664631,40.133912
,1161,,傣劲儿鲜烫肉小锅米线,小锅米线,傣劲儿鲜烫肉小锅米线,北京城区绿港家园一区10号楼1层101内104 | 营业时间:周一至周日 00:00-24:00 | 电话:17600077368,5.3,4.4,20,https://aos-comment.amap.com/B0L2N5I9DC/comment/BEE80C92_F489_45CE_9D29_935DB802A0D3_L0_001_1080_179_1766449643856_13824737.jpg,116.664582,40.134009
,1161,,石门二姐麻辣烫(金汉店),特色/地方风味餐厅,石门二姐麻辣烫(金汉店),绿港家园2区东南门北130米 | 营业时间:周一至周日 10:30-01:00 | 电话:13716607299,0.1,4.5,54,https://store.is.autonavi.com/showpic/fe430715aca028d5235ec661444cc939,116.664843,40.133871
,1163,,渔蓝海鲜火锅(首都宾馆店),双人餐,渔蓝海鲜火锅(首都宾馆店),首都宾馆A座一层大堂吧东北角 | 营业时间:周一至周日 16:30-21:30 | 电话:010-58159566,0.9,4.6,163,https://aos-comment.amap.com/B0JRZGS12N/comment/982239bae377647ec1abd48304e1a1e9_2048_2048_80.jpg,116.409635,39.902001
,1163,,良苑烤鸭店(前门店),宫保鸡丁,良苑烤鸭店(前门店),"前门东大街14号楼前 | 营业时间:11:00-21:00,2026年春节期间07:00-09:30；10:30-21:00 | 电话:010-65122322",8.9,4.5,80,https://aos-comment.amap.com/B000A7C192/comment/5B6F0744_4E23_4727_BFA1_4FF00A1CB9F2_L0_001_2000_150_1760867253847_38700077.jpg,116.408677,39.900407
,1163,,食鼎轩烤鸭·私房菜(北京王府井台基厂大街店),家常菜,食鼎轩烤鸭·私房菜(北京王府井台基厂大街店),"台基厂大街10-1号 | 营业时间:周一至周日 09:30-14:00,16:30-21:30 2026-05-01至2026-05-05 周一至周日 09:30-14:00,16:30-21:30 | 电话:010-63445868;18519118048",9,4.6,70,https://aos-comment.amap.com/B0KGRMA21S/comment/content_media_external_file_100003357_1767011828140_18373911.jpg,116.411861,39.903494
,1163,,北京隆和居美食城(正义路店),干锅千页豆腐,北京隆和居美食城(正义路店),东华门街道正义路8号(原市政府斜对面) | 营业时间:周一至周日 10:00-22:30 | 电话:010-65263265;13520777900,0.6,4.4,73,https://store.is.autonavi.com/showpic/72fbdf46904d9ac20000002152518124?type=pic,116.406444,39.903414
,1163,,松鹤楼(台基厂店),松鼠桂鱼,松鹤楼(台基厂店),"北京城区台基厂大街10号(东郊民巷小学旁) | 营业时间:周一至周日 11:00-14:00,17:00-21:00 2026-02-17至2026-02-23 周一至周日 11:00-14:00,16:30-21:00 | 电话:010-65278195;010-65279255",8.5,4.5,153,http://store.is.autonavi.com/query_pic?id=st4e59a81c-8dd5-4876-9cdf-1e3afe32ebe2&user=search&operate=original,116.411839,39.903469
,1163,,君庭中餐厅(首都宾馆店),牛肉,君庭中餐厅(首都宾馆店),"前门东大街3号首都宾馆东北门门房 | 营业时间:周一至周日 11:00-14:00,17:00-21:00 | 电话:010-58159788",7.7,4.4,213,https://aos-comment.amap.com/comment/content_service__1771506306909_36408294_1771506354089_05149994.jpg,116.408956,39.902119
,1163,,奥华餐厅老张记(台基厂店),虾仁独面筋,奥华餐厅老张记(台基厂店),北京城区台基厂大街18-3号 | 营业时间:周一至周日 10:30-21:30 | 电话:010-65129289;010-65244021,4.7,4.6,62,http://store.is.autonavi.com/showpic/a44d4745fdde65bc76e850f893a9937b,116.411937,39.902869
,1166,,人间烟火小烧烤,中餐厅,人间烟火小烧烤,顺平辅线与裕龙三街交叉口南100米,8.7,2.5,33,,116.662501,40.117946
,1166,,鸿泽缘烤鸭店,烤鸭,鸿泽缘烤鸭店,"燕京啤酒花园裕龙二街东门旁 | 营业时间:周一至周日 09:30-14:00,17:00-22:00 | 电话:010-89401777;13911199091",0.2,4.6,133,http://store.is.autonavi.com/showpic/d0727aa8bed7c8741e27fb6efcbecd82,116.666033,40.120556
,1166,,蚝小羊(裕龙店),生蚝,蚝小羊(裕龙店),顺平辅线与裕龙三街交叉口西南120米 | 营业时间:周一至周日 17:00-24:00 | 电话:13051088333,7.8,3.7,80,https://aos-comment.amap.com/B0JUM5CL1V/comment/a83c77140c802c237eb7263cf10a046f_2048_2048_80.jpg,116.662303,40.117939
,1166,,正宗承德老李羊汤(裕龙市场店),羊杂汤,正宗承德老李羊汤(裕龙市场店),裕龙三街与顺平辅线交叉口东南60米 | 电话:13716655128,5.8,3.7,23,http://store.is.autonavi.com/showpic/d61e9e3bcfe97d2779173a33f3bd4856,116.663186,40.118432
,1168,,春晖园温泉度假酒店·宴会厅,中餐厅,春晖园温泉度假酒店·宴会厅,高丽营镇高泗路于庄段37号,7.7,4,0,https://aos-comment.amap.com/B0FFJD11NH/comment/content_media_external_file_1000089243_ss__1768795409367_41137059.jpg,116.493505,40.129344
,1168,,布拉格餐厅(顺义店),双人餐,布拉格餐厅(顺义店),观承别墅·八峰北门西230米 | 营业时间:周一至周日 11:00-21:00 | 电话:010-88406818,5.8,4.5,158,https://aos-comment.amap.com/B0KKB7VAUS/comment/content_media_external_file_1000089247_ss__1766807626298_81406857.jpg,116.494383,40.127487
,1168,,京伊蘭食府,拉面,京伊蘭食府,高丽营镇于庄观承别墅一号楼二号院 | 营业时间:周一至周日 09:00-23:00 | 电话:13260038700,7.3,4.5,52,https://aos-comment.amap.com/B0FFLGW85N/comment/content_media_external_file_1000013196_ss__1761210048716_53373026.jpg,116.497029,40.127392
,1169,,渔蓝海鲜火锅(首都宾馆店),双人餐,渔蓝海鲜火锅(首都宾馆店),首都宾馆A座一层大堂吧东北角 | 营业时间:周一至周日 16:30-21:30 | 电话:010-58159566,5.9,4.6,163,https://aos-comment.amap.com/B0JRZGS12N/comment/982239bae377647ec1abd48304e1a1e9_2048_2048_80.jpg,116.409635,39.902001
,1169,,食鼎轩烤鸭·私房菜(北京王府井台基厂大街店),家常菜,食鼎轩烤鸭·私房菜(北京王府井台基厂大街店),"台基厂大街10-1号 | 营业时间:周一至周日 09:30-14:00,16:30-21:30 2026-05-01至2026-05-05 周一至周日 09:30-14:00,16:30-21:30 | 电话:010-63445868;18519118048",7.6,4.6,70,https://aos-comment.amap.com/B0KGRMA21S/comment/content_media_external_file_100003357_1767011828140_18373911.jpg,116.411861,39.903494
,1169,,北京隆和居美食城(正义路店),干锅千页豆腐,北京隆和居美食城(正义路店),东华门街道正义路8号(原市政府斜对面) | 营业时间:周一至周日 10:00-22:30 | 电话:010-65263265;13520777900,0.7,4.4,73,https://store.is.autonavi.com/showpic/72fbdf46904d9ac20000002152518124?type=pic,116.406444,39.903414
,1169,,松鹤楼(台基厂店),松鼠桂鱼,松鹤楼(台基厂店),"北京城区台基厂大街10号(东郊民巷小学旁) | 营业时间:周一至周日 11:00-14:00,17:00-21:00 2026-02-17至2026-02-23 周一至周日 11:00-14:00,16:30-21:00 | 电话:010-65278195;010-65279255",10,4.5,153,http://store.is.autonavi.com/query_pic?id=st4e59a81c-8dd5-4876-9cdf-1e3afe32ebe2&user=search&operate=original,116.411839,39.903469
,1169,,君庭中餐厅(首都宾馆店),牛肉,君庭中餐厅(首都宾馆店),"前门东大街3号首都宾馆东北门门房 | 营业时间:周一至周日 11:00-14:00,17:00-21:00 | 电话:010-58159788",1.3,4.4,213,https://aos-comment.amap.com/comment/content_service__1771506306909_36408294_1771506354089_05149994.jpg,116.408956,39.902119
,1169,,奥华餐厅老张记(台基厂店),虾仁独面筋,奥华餐厅老张记(台基厂店),北京城区台基厂大街18-3号 | 营业时间:周一至周日 10:30-21:30 | 电话:010-65129289;010-65244021,5.6,4.6,62,http://store.is.autonavi.com/showpic/a44d4745fdde65bc76e850f893a9937b,116.411937,39.902869
,1170,,赣乡见·家宴(张镇店),中餐厅,赣乡见·家宴(张镇店),北京城区张镇林秀西路1号院二区2号楼1层101室 | 营业时间:周一至周日 10:00-23:00 | 电话:13269358236,9.3,3.9,52,https://store.is.autonavi.com/showpic/af9a2a36b60d319a310603bb64c63f8b,116.937631,40.148892
,1176,,勾姐煎饼,中餐厅,勾姐煎饼,赵安路与西韩路交叉口西240米,6.7,2.2,0,,116.243825,39.592825
,1176,,安徽板面早点,中餐厅,安徽板面早点,空气能空调家电冷库销售维修东侧,6.7,3.3,21,http://store.is.autonavi.com/showpic/703e666c99ce66dfc341acbee46e5613,116.242049,39.592882
,1176,,陈梨木全驴宴,全驴宴,陈梨木全驴宴,赵安路与北十条交叉口东220米 | 营业时间:周一至周日 09:00-23:00,5.4,4.2,71,https://store.is.autonavi.com/showpic/e3ab7400a7d9f5daf225cb719e5d0008,116.241638,39.592927
,1176,,宋家大院私家菜馆,垮炖豆腐,宋家大院私家菜馆,北京城区赵村小学南(梨花庄园西) | 营业时间:周一至周日 10:00-22:30 2026-02-17至2026-02-23 周一至周日 10:00-22:00 | 电话:010-57297222;13717622273,7.1,4.6,73,http://store.is.autonavi.com/showpic/4e3de6a75272c9be1035676ab54cc39c,116.245663,39.592085
,1176,,山西刀削面板面家常菜,家常菜,山西刀削面板面家常菜,赵村渔具店东侧,3.3,3.7,28,https://store.is.autonavi.com/showpic/c3f8c78be30f32f36cac9adeebcfaf6c,116.242341,39.592992
,1176,,河南烩面羊棒骨羊蹄,河南烩面,河南烩面羊棒骨羊蹄,庞各庄镇赵村 | 营业时间:周一至周日 10:00-24:00 | 电话:13526807202,6.5,3.5,0,http://store.is.autonavi.com/showpic/21ddefa32281a1ee712cb23b9bccf3a3,116.242508,39.59296
,1176,,张膻羊烤全羊,特色/地方风味餐厅,张膻羊烤全羊,赵安路与西韩路交叉口西280米,2.5,2.5,0,,116.243496,39.592837
,1176,,烤来烤去(赵安路店),特色/地方风味餐厅,烤来烤去(赵安路店),赵村小学西侧220米,3.8,3.3,0,,116.243573,39.592893
,1176,,佑佑米线麻辣烫,米线麻辣烫,佑佑米线麻辣烫,前福街15号 | 营业时间:周一至周日 10:00-24:00 | 电话:18701386399,8,3.9,32,http://store.is.autonavi.com/showpic/7bfb91dd940d33bfdb50f88176028ef8,116.243336,39.592763
,1184,,北京岳徽饭店,安徽菜(徽菜),北京岳徽饭店,庑殿路17号楼-2号 | 营业时间:周一至周日 08:00-22:00,5,3.8,118,,116.434459,39.815796
,1184,,时光故里·徽菜馆(旧宫店),竹荪老鸡汤,时光故里·徽菜馆(旧宫店),"北京城区德贤东路10号院旺兴湖文化中心B座B1层 | 营业时间:周一至周日 11:00-14:00,17:00-21:00 | 电话:010-67926188;15811596962",8.6,4.5,110,http://store.is.autonavi.com/showpic/59b343b1abc9e372e0180171bab6b72b,116.432221,39.813902
,1184,,沙记羊肉串(旧宫店),羊肉串,沙记羊肉串(旧宫店),南场路与德贤路辅路交叉口东440米,1.1,3.9,56,,116.434447,39.815848
,1188,,阳阳中国饭·银鸥餐厅(念坛公园店),单人餐,阳阳中国饭·银鸥餐厅(念坛公园店),新源大街念坛公园内1幢101号平房 | 营业时间:周一至周日 09:30-18:00 | 电话:18514240263,7.4,4.4,32,https://store.is.autonavi.com/showpic/0c520ed220bdb8e8000aedb9744c2a02,116.318886,39.706088
,1188,,晋来顺手擀面川湘菜,手擀面,晋来顺手擀面川湘菜,北京城区兴华大街(三段)88号院3号楼1层133 | 营业时间:周一至周日 09:00-23:00 | 电话:13466683270;15135979527,4.1,4.4,20,https://store.is.autonavi.com/showpic/d6cadbfd9e0546751cc5d4030275ba92,116.314803,39.711098
,1188,,吉庆宫·中国兰州牛肉面(万科天地店),清真菜馆,吉庆宫·中国兰州牛肉面(万科天地店),万科天地兴华大街三段88号院 | 营业时间:周一至周日 09:00-24:00,9.4,3.9,26,http://store.is.autonavi.com/showpic/8684fe0ed56b6bcdb9bbd84b387d4c7d,116.314468,39.711213
,1188,,正林家烤鹅头,烤鸡爪,正林家烤鹅头,兴华大街三段88号院3号楼107-108 | 营业时间:周一至周日 15:00-01:00 | 电话:18500101077,6.5,4.3,86,http://store.is.autonavi.com/showpic/2ca594d412dc5fdf54d2d4eb5ecefda2,116.31464,39.711379
,1188,,大力淮南牛肉汤(万科天地88号院店),米线,大力淮南牛肉汤(万科天地88号院店),兴华大街(三段)88号院2号楼1层107 | 营业时间:周一至周日 09:00-22:00 | 电话:13011174908,2.6,3.9,21,http://store.is.autonavi.com/showpic/0bba092cbf83a9703c462eb84a9f3820,116.313306,39.711008
,1188,,粉面当家(义和庄店),粉面,粉面当家(义和庄店),兴华大街三段88号院3号楼1层118 | 营业时间:周一至周日 10:30-21:30 | 电话:15210517168,3.3,3.8,29,http://store.is.autonavi.com/showpic/85b5497c8bf0517d9a8e542bdb8d1f00,116.315975,39.711025
,1188,,吉祥缘东北菜(兴华大街店),蘑菇,吉祥缘东北菜(兴华大街店),万科天地88号院2号楼119(顺丰旁边) | 营业时间:周一至周日 10:00-21:00 | 电话:17778039107,4.6,3.6,75,http://store.is.autonavi.com/showpic/e012d3ef9851f9c9d22ca84e55af95ef,116.314163,39.711016
,1188,,香河肉饼 过桥米线,过桥米线,香河肉饼 过桥米线,"林校路街道,万科天地88号院3号楼底商134 | 营业时间:周一至周日 09:00-22:01",8.6,3.7,20,https://store.is.autonavi.com/showpic/3164cefc651909cd90aecc4c071acd6f,116.314734,39.711086
,1188,,老谭烤肉店(万科天地店),鸡肉丸子,老谭烤肉店(万科天地店),万科天地兴华大街三段88号院 | 营业时间:周一至周日 10:00-24:00 | 电话:17611558002,5,4.4,88,https://store.is.autonavi.com/showpic/9b7f89a71234b5f7e928223d80290751,116.314822,39.71116
,1189,,那家小馆(大兴店),豆腐,那家小馆(大兴店),"景明路8号院1号高米店金星桥东北 | 营业时间:周一至周日 11:00-14:00,17:00-21:30 | 电话:010-80225292;010-80225293",7.3,4.6,181,https://store.is.autonavi.com/showpic/7c28d40dcf75d9178acfabebad9a953d,116.344092,39.765335
,1191,,朱记·顺德菜·手工现炒(亦庄店),叉烧,朱记·顺德菜·手工现炒(亦庄店),"文化园西路8号院35号楼一层102 | 营业时间:周一至周日 11:00-14:00,17:00-22:00 2026-05-01至2026-05-05 周一至周日 10:30-14:00,16:30-22:00 | 电话:010-67877780",1.8,4.6,113,https://aos-comment.amap.com/B0HKHUB9YO/comment/4EB01B2A_ED2F_4D12_93A3_F8BABCF7B32C_L0_001_1500_200_1768395401330_27134892.jpg,116.492054,39.806688
,1191,,Peter Wang·One工作室,咖啡厅,Peter Wang·One工作室,北京城区北京城区文化园西路6号院林肯公园底商2-105 | 营业时间:周一至周日 10:00-18:00 | 电话:13120183120,8.3,4.4,0,,116.49424,39.807565
,1191,,京门老爆三(林肯公园店),小吊梨汤,京门老爆三(林肯公园店),林肯公园c区35号楼一楼104-2 | 营业时间:周一至周日 11:00-22:00 | 电话:010-67888508,3.6,4.5,102,https://aos-comment.amap.com/B0H2157JT9/comment/29f32e1fd943ca377a2e1ddc827a5094_2048_2048_80.jpg,116.492253,39.806803
,1191,,二豪汤记面庄,汤记经典酸辣粉,二豪汤记面庄,文化园园西路8号院35号楼1层104-7 | 营业时间:周一至周日 08:30-21:00 | 电话:13001081323,4.2,4.6,23,https://store.is.autonavi.com/showpic/311afc94e9bf9f960000001351866368?type=pic,116.492192,39.806767
,1191,,炭火烤肉专门店,炭火烤肉,炭火烤肉专门店,天华东路与文化园西路交叉口东60米,0.2,2.8,88,https://store.is.autonavi.com/showpic/e880bcfa994f520aaeec843b674259a7,116.493222,39.807132
,1191,,丝犇半斤牛肉面,牛肉面,丝犇半斤牛肉面,北京城区文化园西路8号院35号楼1层103-1 | 营业时间:周一至周日 11:00-21:00,0.3,4.1,32,https://aos-comment.amap.com/comment/content_service__1771244566484_60451124_1771244631614_97111918.jpg,116.491982,39.806623
,1191,,鑫隆四季涮肉·羊蝎子·烧烤(林肯公园店),牛舌,鑫隆四季涮肉·羊蝎子·烧烤(林肯公园店),"北京城区经济技术开发区林肯公园C区39号楼2层104号 | 营业时间:周一至周五 11:00-14:00,16:30-02:00；周六至周日 11:00-02:00 | 电话:010-67869088;15611478799",2.7,4.6,87,http://store.is.autonavi.com/showpic/caa6ff033f8e11c624fe0fe4899c3117,116.492607,39.806809
,1191,,吉清宫·中国兰州牛肉拉面(亦庄文化园店),酿皮,吉清宫·中国兰州牛肉拉面(亦庄文化园店),亦庄天华东路林肯公园二期3号楼底商115 | 营业时间:周一至周日 07:00-24:00 | 电话:010-67890359;18578666177,7.3,4.4,28,https://store.is.autonavi.com/showpic/512fcb41c008feafbcd3671e83c13b40,116.49331,39.80712
,1192,,大雄郁金香舍社区餐厅,中餐厅,大雄郁金香舍社区餐厅,大雄郁金香舍,6.2,4,19,,116.501825,39.793975
,1192,,瑞幸咖啡(北京经开壹中心店),美式,瑞幸咖啡(北京经开壹中心店),经济技术开发区科创十三街31号院二区7号楼一层101-1室 | 电话:4000100100,6.7,4,13,https://store.is.autonavi.com/showpic/c287706810a95e84ab635a931ccf264d?operate=original,116.506725,39.795253
,1192,,鲍鱼王子(锦江富园大酒店店),鲍鱼捞饭,鲍鱼王子(锦江富园大酒店店),"荣华中路辅路与天华南街交叉口西60米 | 营业时间:周一至周日 11:00-14:00,17:00-21:00 | 电话:010-67800581",4.7,4.3,134,http://store.is.autonavi.com/showpic/5d2d97236c5612292355ab4dda0cf7e3,116.50391,39.799359
,1195,,便民早点小吃,中餐厅,便民早点小吃,安定镇佟家务村中街22号 | 电话:17635261630,2.8,3.8,0,https://store.is.autonavi.com/showpic/b614d6f4953e69005a8b05ab225898e5,116.431569,39.59337
,1195,,膳聚小馆,中餐厅,膳聚小馆,龙兴街与龙王路交叉口西北80米,4.2,3.1,45,,116.414275,39.590625
,1195,,龙头美味园,中餐厅,龙头美味园,礼贤镇龙头村龙兴街21号 | 电话:13121014444,5.2,3.6,0,http://store.is.autonavi.com/showpic/a9ec0b2cfa347ac1dd208df21c97a4be,116.413941,39.589866
,1195,,北平小院(北京大兴国际机场店),北京菜,北平小院(北京大兴国际机场店),"礼贤镇龙头村龙北街南一条2号 | 电话:15300022555;18511188777;+861056320612,29685043",2.7,4.7,0,https://store.is.autonavi.com/showpic/d333e48369dbd0b327ea6ba868d59d40,116.414916,39.591935
,1195,,龙缘饭庄,宫保鸡丁,龙缘饭庄,龙头街10号 | 营业时间:周一至周日 10:00-21:30 | 电话:15201181292,3.9,4.5,46,https://store.is.autonavi.com/showpic/784e4fa82731cca80000002452032507?type=pic,116.41416,39.590655
,1195,,北京合顺斋清真蒙古大营,清真菜馆,北京合顺斋清真蒙古大营,安定镇佟家务路西九条117号,5.5,3.9,71,http://store.is.autonavi.com/showpic/c3c41219502af9cb0156203646df8cc7,116.427354,39.592742
,1196,,北平饭店(实景剧场),中餐厅,北平饭店(实景剧场),魏善庄镇半壁店村东四条9号 | 电话:18831814025,4.9,3.6,0,http://store.is.autonavi.com/showpic/01fd80ece4d63a4cbab649ed900a35b6,116.40561,39.62573
,1196,,山东呛面馒头(魏石路店),中餐厅,山东呛面馒头(魏石路店),魏善庄镇西沙窝村 | 营业时间:周一至周日 07:00-20:00 | 电话:18722176198,4.2,3.6,0,http://store.is.autonavi.com/showpic/d675819ca3f169dd202e2dedb60f4d25,116.402771,39.613031
,1197,,老北京薛营刘记清真羊汤,清真羊汤,老北京薛营刘记清真羊汤,庞安路与北李渠路交叉口东南100米,0.6,2.8,27,,116.346725,39.619625
,1197,,老北京爆肚,老北京爆肚,老北京爆肚,庞安路与北李渠路交叉口南140米,3.3,3,0,,116.346387,39.61918
,1200,,渔蓝海鲜火锅(首都宾馆店),双人餐,渔蓝海鲜火锅(首都宾馆店),首都宾馆A座一层大堂吧东北角 | 营业时间:周一至周日 16:30-21:30 | 电话:010-58159566,3,4.6,163,https://aos-comment.amap.com/B0JRZGS12N/comment/982239bae377647ec1abd48304e1a1e9_2048_2048_80.jpg,116.409635,39.902001
,1200,,良苑烤鸭店(前门店),宫保鸡丁,良苑烤鸭店(前门店),"前门东大街14号楼前 | 营业时间:11:00-21:00,2026年春节期间07:00-09:30；10:30-21:00 | 电话:010-65122322",5.5,4.5,80,https://aos-comment.amap.com/B000A7C192/comment/5B6F0744_4E23_4727_BFA1_4FF00A1CB9F2_L0_001_2000_150_1760867253847_38700077.jpg,116.408677,39.900407
,1200,,食鼎轩烤鸭·私房菜(北京王府井台基厂大街店),家常菜,食鼎轩烤鸭·私房菜(北京王府井台基厂大街店),"台基厂大街10-1号 | 营业时间:周一至周日 09:30-14:00,16:30-21:30 2026-05-01至2026-05-05 周一至周日 09:30-14:00,16:30-21:30 | 电话:010-63445868;18519118048",8.6,4.6,70,https://aos-comment.amap.com/B0KGRMA21S/comment/content_media_external_file_100003357_1767011828140_18373911.jpg,116.411861,39.903494
,1200,,北京隆和居美食城(正义路店),干锅千页豆腐,北京隆和居美食城(正义路店),东华门街道正义路8号(原市政府斜对面) | 营业时间:周一至周日 10:00-22:30 | 电话:010-65263265;13520777900,5,4.4,73,https://store.is.autonavi.com/showpic/72fbdf46904d9ac20000002152518124?type=pic,116.406444,39.903414
,1200,,松鹤楼(台基厂店),松鼠桂鱼,松鹤楼(台基厂店),"北京城区台基厂大街10号(东郊民巷小学旁) | 营业时间:周一至周日 11:00-14:00,17:00-21:00 2026-02-17至2026-02-23 周一至周日 11:00-14:00,16:30-21:00 | 电话:010-65278195;010-65279255",9.1,4.5,153,http://store.is.autonavi.com/query_pic?id=st4e59a81c-8dd5-4876-9cdf-1e3afe32ebe2&user=search&operate=original,116.411839,39.903469
,1200,,君庭中餐厅(首都宾馆店),牛肉,君庭中餐厅(首都宾馆店),"前门东大街3号首都宾馆东北门门房 | 营业时间:周一至周日 11:00-14:00,17:00-21:00 | 电话:010-58159788",9.4,4.4,213,https://aos-comment.amap.com/comment/content_service__1771506306909_36408294_1771506354089_05149994.jpg,116.408956,39.902119
,1200,,奥华餐厅老张记(台基厂店),虾仁独面筋,奥华餐厅老张记(台基厂店),北京城区台基厂大街18-3号 | 营业时间:周一至周日 10:30-21:30 | 电话:010-65129289;010-65244021,2.2,4.6,62,http://store.is.autonavi.com/showpic/a44d4745fdde65bc76e850f893a9937b,116.411937,39.902869
,1202,,星巴克(北京大兴星光影视基地店),抹茶星冰乐,星巴克(北京大兴星光影视基地店),北京城区北兴路2号1幢星光影视园A座1层 | 营业时间:周一至周日 07:00-18:00 | 电话:010-60224277,4.3,4.6,30,http://store.is.autonavi.com/showpic/e45e3a0043413101283377e6985510c9,116.363479,39.77293
,1202,,刘文祥麻辣烫,麻辣烫,刘文祥麻辣烫,北京城区星光视界中心1号楼B座108 | 营业时间:周一至周日 09:00-22:00 | 电话:13661241452,2,4.1,27,https://store.is.autonavi.com/showpic/dba9bd0f5fe1c42fe89af83a9acc390c,116.35973,39.772938
,1206,,北京奎星荟餐饮,中餐厅,北京奎星荟餐饮,长子营镇留民营村 | 营业时间:周一至周日 09:00-21:00,2.9,3.9,67,http://store.is.autonavi.com/showpic/67f1e8fcd80a8c4e48557a041ae63061,116.572229,39.69476
,1206,,宏升家常菜馆,中餐厅,宏升家常菜馆,开元街留民营文化活动中心 | 电话:18810830510,8.8,3.7,0,http://store.is.autonavi.com/showpic/5579922432c797107eedbe1335db7b10,116.573367,39.693253
,1206,,师家小院,烤鲈鱼,师家小院,长子营镇窦营村村委会向北 | 营业时间:周一至周日 17:00-22:00 | 电话:13693047697,3,4,76,http://store.is.autonavi.com/showpic/d1dd4d5bc02d892166844a8104b952d7,116.577111,39.68942
,1207,,渔蓝海鲜火锅(首都宾馆店),双人餐,渔蓝海鲜火锅(首都宾馆店),首都宾馆A座一层大堂吧东北角 | 营业时间:周一至周日 16:30-21:30 | 电话:010-58159566,8,4.6,163,https://aos-comment.amap.com/B0JRZGS12N/comment/982239bae377647ec1abd48304e1a1e9_2048_2048_80.jpg,116.409635,39.902001
,1207,,良苑烤鸭店(前门店),宫保鸡丁,良苑烤鸭店(前门店),"前门东大街14号楼前 | 营业时间:11:00-21:00,2026年春节期间07:00-09:30；10:30-21:00 | 电话:010-65122322",3.1,4.5,80,https://aos-comment.amap.com/B000A7C192/comment/5B6F0744_4E23_4727_BFA1_4FF00A1CB9F2_L0_001_2000_150_1760867253847_38700077.jpg,116.408677,39.900407
,1207,,食鼎轩烤鸭·私房菜(北京王府井台基厂大街店),家常菜,食鼎轩烤鸭·私房菜(北京王府井台基厂大街店),"台基厂大街10-1号 | 营业时间:周一至周日 09:30-14:00,16:30-21:30 2026-05-01至2026-05-05 周一至周日 09:30-14:00,16:30-21:30 | 电话:010-63445868;18519118048",9.3,4.6,70,https://aos-comment.amap.com/B0KGRMA21S/comment/content_media_external_file_100003357_1767011828140_18373911.jpg,116.411861,39.903494
,1207,,北京隆和居美食城(正义路店),干锅千页豆腐,北京隆和居美食城(正义路店),东华门街道正义路8号(原市政府斜对面) | 营业时间:周一至周日 10:00-22:30 | 电话:010-65263265;13520777900,2.3,4.4,73,https://store.is.autonavi.com/showpic/72fbdf46904d9ac20000002152518124?type=pic,116.406444,39.903414
,1207,,松鹤楼(台基厂店),松鼠桂鱼,松鹤楼(台基厂店),"北京城区台基厂大街10号(东郊民巷小学旁) | 营业时间:周一至周日 11:00-14:00,17:00-21:00 2026-02-17至2026-02-23 周一至周日 11:00-14:00,16:30-21:00 | 电话:010-65278195;010-65279255",1,4.5,153,http://store.is.autonavi.com/query_pic?id=st4e59a81c-8dd5-4876-9cdf-1e3afe32ebe2&user=search&operate=original,116.411839,39.903469
,1207,,君庭中餐厅(首都宾馆店),牛肉,君庭中餐厅(首都宾馆店),"前门东大街3号首都宾馆东北门门房 | 营业时间:周一至周日 11:00-14:00,17:00-21:00 | 电话:010-58159788",6.8,4.4,213,https://aos-comment.amap.com/comment/content_service__1771506306909_36408294_1771506354089_05149994.jpg,116.408956,39.902119
,1207,,奥华餐厅老张记(台基厂店),虾仁独面筋,奥华餐厅老张记(台基厂店),北京城区台基厂大街18-3号 | 营业时间:周一至周日 10:30-21:30 | 电话:010-65129289;010-65244021,6.6,4.6,62,http://store.is.autonavi.com/showpic/a44d4745fdde65bc76e850f893a9937b,116.411937,39.902869
,1210,,星巴克(北京大兴星光影视基地店),抹茶星冰乐,星巴克(北京大兴星光影视基地店),北京城区北兴路2号1幢星光影视园A座1层 | 营业时间:周一至周日 07:00-18:00 | 电话:010-60224277,7.9,4.6,30,http://store.is.autonavi.com/showpic/e45e3a0043413101283377e6985510c9,116.363479,39.77293
,1211,,福蕴小馆,中餐厅,福蕴小馆,"榆垡镇东麻各庄 | 营业时间:周一至周日 10:00-14:00,17:00-22:00 | 电话:17746570980",7,3.8,42,http://store.is.autonavi.com/showpic/8c38a2514150215a0196748ad67e6839,116.27548,39.543669
,1211,,大志驴肉馆,特色/地方风味餐厅,大志驴肉馆,榆垡镇西麻各庄村西麻北路甲1号 | 营业时间:周一至周日 10:00-22:00,9.8,4,56,https://store.is.autonavi.com/showpic/0da9d390b514c5164add67921f1a601a,116.261266,39.538323
,1211,,鑫源饺子宴,鱼香肉丝,鑫源饺子宴,翁麻路与西麻各庄西中街交叉口西140米 | 营业时间:周一至周日 09:00-21:00 | 电话:13717951004,2.2,4.2,29,https://store.is.autonavi.com/showpic/2832d8ea2c98a754aa5220c3705cff3a,116.257607,39.536519
,1212,,青云店排骨牛肉吊子大饼,大饼,青云店排骨牛肉吊子大饼,"采辛路与新北营路交叉口东240米 | 营业时间:周一至周日 10:30-14:00,16:30-21:00",5,3.8,30,http://store.is.autonavi.com/showpic/7c2a38756c111782d49b284dc7e3fcee,116.615795,39.653062
,1216,,老北京薛营刘记清真羊汤,清真羊汤,老北京薛营刘记清真羊汤,庞安路与北李渠路交叉口东南100米,2.2,2.8,27,,116.346725,39.619625
,1216,,老北京爆肚,老北京爆肚,老北京爆肚,庞安路与北李渠路交叉口南140米,3,3,0,,116.346387,39.61918
,1217,,早点板面,板面,早点板面,御林东苑1号院西侧180米,4.9,3.3,0,,116.558125,39.632725
,1219,,大同刀削面,中餐厅,大同刀削面,狼垡东路与狼垡二村商业街路交叉口东380米 | 营业时间:周一至周日 11:00-23:00,5.5,3.7,15,https://store.is.autonavi.com/showpic/4cd36d65da07b179f5a33fb17c97bf65,116.292141,39.781828
,1219,,燕京啤酒花园,中餐厅,燕京啤酒花园,北京中华文化园西南门东南50米,8.5,3,72,https://store.is.autonavi.com/showpic/8c7c787b637fb59466fab27ff45221a8,116.293025,39.781225
,1219,,黄保根五谷杂粮煎饼,中餐厅,黄保根五谷杂粮煎饼,芦花路与京良路交叉口西北320米,9.3,3.4,0,,116.292575,39.781175
,1219,,牛华串串香(长丰园店),串串香,牛华串串香(长丰园店),长丰园二区一号院东门东南70米 | 营业时间:周一至周日 10:00-22:00 | 电话:13261499700;15801620560,3.1,4,31,https://aos-comment.amap.com/B0FFK63FGD/comment/f004e704b3a1786cafe37a9c0db90edc_2048_2048_80.jpg,116.292178,39.781795
,1219,,陈一锅东北铁锅炖,宫爆鸡丁,陈一锅东北铁锅炖,北京城区黄村镇芦花路 | 营业时间:周一至周日 11:00-22:30 | 电话:010-61223509;15001251933,7.4,4.4,77,https://store.is.autonavi.com/showpic/4e4fc511c2d2a18d9996842bb10eb0ea,116.293133,39.781303
,1219,,狼垡巫山烤鱼店,巫山烤鱼,狼垡巫山烤鱼店,长丰园二区一号院东门东南120米,6.4,1.7,0,https://store.is.autonavi.com/showpic/dec7faa02c5da4858fb038e2c3c860dd,116.292443,39.781503
,1219,,家门口早点,油条,家门口早点,芦花路与京良路交叉口西北320米 | 电话:18813044286,6.1,3.7,0,http://store.is.autonavi.com/showpic/a2ef331fe76a70e295e5900474272f73,116.292797,39.781041
,1219,,宽心铜锅涮烧烤(狼垡店),油边,宽心铜锅涮烧烤(狼垡店),黄村地区狼垡芦花路中华文化园斜对面底商 | 营业时间:周一至周日 11:00-23:00 | 电话:13401053941;18132454293,3.7,3.8,53,https://store.is.autonavi.com/showpic/00417d00b32980feb2a13396e9a5a6a5,116.292672,39.781176
,1219,,老刘羊汤烩面,羊肉汤,老刘羊汤烩面,长丰园三区东北门西北190米 | 营业时间:周一至周日 10:30-23:30 | 电话:13661257525,8.5,3.7,26,https://store.is.autonavi.com/showpic/d5ad7d6283614a33be212349017d039b,116.292898,39.780992
,1219,,小胖包子王(狼垡店),蛋炒饭,小胖包子王(狼垡店),芦花路34号(黄村医院斜对面) | 营业时间:周一至周日 07:00-21:30 | 电话:010-63804914,9.6,4.1,28,http://store.is.autonavi.com/showpic/5aa3516fde255cac38d2caf9407441eb,116.292164,39.781848
,1219,,阿里巴巴烧烤专家(北京大兴店),鸡肉,阿里巴巴烧烤专家(北京大兴店),芦花路36号(中华文化园西门对面) | 营业时间:周一至周日 17:00-04:00 | 电话:15201402777,3.4,4.1,72,http://aos-cdn-image.amap.com/sns/ugccomment/c7fc273e-e48e-41a5-b6c5-ea6c410d14b6.jpg,116.292413,39.781566
,1220,,北京锡林塔拉蒙古风情度假村餐厅,中餐厅,北京锡林塔拉蒙古风情度假村餐厅,"魏善庄镇刘家场村庞安路北京国际时尚体育公园内(东南角) | 营业时间:周一至周日 09:00-14:30,16:30-22:00 | 电话:18519687355",3.8,4,129,https://aos-comment.amap.com/B0IGGR0PW4/comment/content_media_external_file_1000068164_ss__1749015756348_58476956.jpg,116.439869,39.611001
,1220,,山西特产小院,中餐厅,山西特产小院,绿茵花园别墅东区北门西150米,5.1,2.1,0,,116.426936,39.617602
,1220,,旺饺素生活,中餐厅,旺饺素生活,魏善庄李家场村民宿商业街7号 | 营业时间:周一至周日 10:30-21:30 | 电话:18500584344,1,4.3,33,http://store.is.autonavi.com/showpic/f2cd89f4e43be68a7fabda14d3877e74,116.427282,39.617715
,1220,,砂锅冯小菜馆,中餐厅,砂锅冯小菜馆,东安路5号 | 营业时间:周一至周日 10:00-21:00 | 电话:18511576036,2.7,4.1,49,http://store.is.autonavi.com/showpic/0375d9247eec8810c2dfd64bb84ba9b9,116.428504,39.617603
,1220,,山西刀削面家常菜,家常菜,山西刀削面家常菜,张佟路与庞安路交叉口北40米,6.2,3.8,21,http://store.is.autonavi.com/showpic/7daf25b9cb21583d275363fa72767602,116.425675,39.617552
,1220,,伊品轩饭庄李家场店,清真菜馆,伊品轩饭庄李家场店,营业时间:周一至周日 09:00-22:00 | 电话:13910608164,8.7,4.1,85,http://store.is.autonavi.com/showpic/2cd7fecd98d35a807856af4ffeec3f3d,116.425255,39.617442
,1221,,鄂豫缘饭店,中餐厅,鄂豫缘饭店,北野场村鄂豫缘餐馆 | 营业时间:周一至周日 05:00-22:00 | 电话:18600734659,6.8,3.8,0,http://store.is.autonavi.com/showpic/4665e68a4041cd5f3ead9def94b793d1,116.453209,39.727502
,1221,,大姐家常菜,家常菜,大姐家常菜,京福路7号 | 营业时间:周一至周日 10:00-22:00,0.5,3.5,19,https://store.is.autonavi.com/showpic/ced6db1b3603be58979327e09ea76fa8,116.457435,39.727365
,1223,,仙桃源餐厅(寅洞店),烤串,仙桃源餐厅(寅洞店),密三路与寅洞东路交叉口西南80米 | 营业时间:周一至周日 09:00-21:00 | 电话:13021083125,1.4,4.1,59,https://store.is.autonavi.com/showpic/30627baa39114d5e0000001493782325?type=pic,117.02359,40.248516
,1225,,渔蓝海鲜火锅(首都宾馆店),双人餐,渔蓝海鲜火锅(首都宾馆店),首都宾馆A座一层大堂吧东北角 | 营业时间:周一至周日 16:30-21:30 | 电话:010-58159566,7,4.6,163,https://aos-comment.amap.com/B0JRZGS12N/comment/982239bae377647ec1abd48304e1a1e9_2048_2048_80.jpg,116.409635,39.902001
,1225,,良苑烤鸭店(前门店),宫保鸡丁,良苑烤鸭店(前门店),"前门东大街14号楼前 | 营业时间:11:00-21:00,2026年春节期间07:00-09:30；10:30-21:00 | 电话:010-65122322",4.1,4.5,80,https://aos-comment.amap.com/B000A7C192/comment/5B6F0744_4E23_4727_BFA1_4FF00A1CB9F2_L0_001_2000_150_1760867253847_38700077.jpg,116.408677,39.900407
,1225,,食鼎轩烤鸭·私房菜(北京王府井台基厂大街店),家常菜,食鼎轩烤鸭·私房菜(北京王府井台基厂大街店),"台基厂大街10-1号 | 营业时间:周一至周日 09:30-14:00,16:30-21:30 2026-05-01至2026-05-05 周一至周日 09:30-14:00,16:30-21:30 | 电话:010-63445868;18519118048",0.4,4.6,70,https://aos-comment.amap.com/B0KGRMA21S/comment/content_media_external_file_100003357_1767011828140_18373911.jpg,116.411861,39.903494
,1225,,北京隆和居美食城(正义路店),干锅千页豆腐,北京隆和居美食城(正义路店),东华门街道正义路8号(原市政府斜对面) | 营业时间:周一至周日 10:00-22:30 | 电话:010-65263265;13520777900,3.3,4.4,73,https://store.is.autonavi.com/showpic/72fbdf46904d9ac20000002152518124?type=pic,116.406444,39.903414
,1225,,松鹤楼(台基厂店),松鼠桂鱼,松鹤楼(台基厂店),"北京城区台基厂大街10号(东郊民巷小学旁) | 营业时间:周一至周日 11:00-14:00,17:00-21:00 2026-02-17至2026-02-23 周一至周日 11:00-14:00,16:30-21:00 | 电话:010-65278195;010-65279255",7.9,4.5,153,http://store.is.autonavi.com/query_pic?id=st4e59a81c-8dd5-4876-9cdf-1e3afe32ebe2&user=search&operate=original,116.411839,39.903469
,1225,,君庭中餐厅(首都宾馆店),牛肉,君庭中餐厅(首都宾馆店),"前门东大街3号首都宾馆东北门门房 | 营业时间:周一至周日 11:00-14:00,17:00-21:00 | 电话:010-58159788",7.5,4.4,213,https://aos-comment.amap.com/comment/content_service__1771506306909_36408294_1771506354089_05149994.jpg,116.408956,39.902119
,1225,,奥华餐厅老张记(台基厂店),虾仁独面筋,奥华餐厅老张记(台基厂店),北京城区台基厂大街18-3号 | 营业时间:周一至周日 10:30-21:30 | 电话:010-65129289;010-65244021,6.4,4.6,62,http://store.is.autonavi.com/showpic/a44d4745fdde65bc76e850f893a9937b,116.411937,39.902869
,1228,,贵州红酸汤锅,中餐厅,贵州红酸汤锅,杨镇下营村下营东大街 | 营业时间:周一至周日 16:30-21:30 | 电话:13552006201,3.3,4.3,39,https://store.is.autonavi.com/showpic/4114c4f0c45fc3285487964847f182c5,116.803426,40.148548
,1228,,郭老五铁锅炖(杨镇店),娃娃菜,郭老五铁锅炖(杨镇店),杨镇顺平路下坡段11号 | 营业时间:周一至周日 10:00-22:00 | 电话:010-61459145;18722450666,0.3,4.6,49,https://aos-comment.amap.com/B0FFK433X5/headerImg/098331fc4909eadb0e66f3fb304d73fb_2048_2048_80.jpg,116.811584,40.149275
,1228,,老北京铜锅涮肉,羊排,老北京铜锅涮肉,"杨镇下营村东大街187号 | 营业时间:12月 周一,周日 10:00-14:00,17:00-22:00 | 电话:13911820184",2.8,4,59,https://store.is.autonavi.com/showpic/d18154a1ec29709b876349c81c5b072b,116.803734,40.14821
,1229,,北京平谷北寨吉祥小院,中餐厅,北京平谷北寨吉祥小院,南独乐河镇北寨寨台49号 | 电话:13522373570,3.9,3.9,0,https://store.is.autonavi.com/showpic/14dd3c67178c68ad20fca8b308bda26f,117.201547,40.239121
,1237,,早之肴小吃店,中餐厅,早之肴小吃店,辛店路与大旺务路交叉口东380米,8.9,3.4,0,http://store.is.autonavi.com/showpic/4919bbe2578c0dd1c9ef29f20191cf5e,117.12299,40.087077
,1241,,十八弯驿站自助咖啡吧coffee,coffee,十八弯驿站自助咖啡吧coffee,胡关路南侧 | 营业时间:周一至周日 09:00-18:00 | 电话:13161996865,0,4.4,33,https://aos-comment.amap.com/B0KABR6WN0/comment/5DA46B7F_C8D5_4B00_A976_B36557054BBA_L0_001_1134_2016_1735980598344_00959671.jpg,117.257583,40.322209
,1243,,南山味道,中餐厅,南山味道,石塘峪路与东南路交叉口东240米,3.3,3.8,81,,117.270575,40.138275
,1243,,黔韵澜杉小酒馆,中餐厅,黔韵澜杉小酒馆,"北京城区南独乐河镇南山村新房子7号 | 营业时间:周一至周日 08:30-14:00,15:00-23:00 | 电话:18811054507",9.9,3.6,63,https://store.is.autonavi.com/showpic/6249dd25d7a4a2ac99afc3f0ec60c576,117.270995,40.138146
,1243,,From time不止咖啡,咖啡厅,From time不止咖啡,北京城区南独乐河镇南山村新房子28号 | 营业时间:周一至周日 10:00-18:00,3,4.2,41,https://store.is.autonavi.com/showpic/289fc2f480add0c3d8c3d3e9439a7987,117.270234,40.137999
,1243,,南山悠谷·到家咖啡,咖啡厅,南山悠谷·到家咖啡,水向路,9.1,3,32,https://store.is.autonavi.com/showpic/a54cfe2433083cccd930dd27459d310b,117.29931,40.131749
,1243,,南山悠谷·屋顶咖啡,咖啡厅,南山悠谷·屋顶咖啡,石塘峪路,3.6,3.4,297,https://store.is.autonavi.com/showpic/fda75228f8d98d60b98df45fa8577f09,117.277822,40.136387
,1244,,咱家小院(石林峡景区店),,咱家小院(石林峡景区店),黄松峪乡刁窝村16号 | 营业时间:周一至周日 08:00-23:00 | 电话:13011176432,6.2,4.1,57,http://aos-cdn-image.amap.com/sns/ugccomment/cf9eeabd-d270-41e9-acde-7e061d618f71.jpg,117.250575,40.261675
,1244,,北京石林峡如意农家院(胡关路店)(暂停营业),中餐厅,北京石林峡如意农家院(胡关路店)(暂停营业),黄松峪乡雕窝村52号 | 营业时间:周一至周日 07:00-23:30 | 电话:010-60987634;13716586786;15910218753,6.8,3.9,0,http://store.is.autonavi.com/showpic/4d94d8beba02c86704b99b04d3c65a7e,117.2499,40.260254
,1244,,缘中圆民俗餐厅,中餐厅,缘中圆民俗餐厅,如家小院西北门西南150米 | 电话:010-60987894,2.3,1.7,43,http://store.is.autonavi.com/showpic/7fbea3cc780eaec564af33bd1dd23031,117.250463,40.261461
,1244,,石林小筑,双人餐,石林小筑,北京城区胡关路与雕窝南路交叉口北80米 | 营业时间:周一至周日 07:30-22:00 | 电话:14700526121,6.8,4.5,0,https://store.is.autonavi.com/showpic/fbf342f2289eaf7c0000002268620034?type=pic,117.249975,40.260275
,1244,,万圣谷艺术餐厅,贵州香肠,万圣谷艺术餐厅,黄松峪水库西路与胡关路交叉口西南300米 | 营业时间:周一至周日 10:00-20:00 | 电话:13581571605,2.7,4.1,74,http://store.is.autonavi.com/showpic/cc50ce0dfd900f530bc6fd5dd89cd7ce,117.24757,40.257504
,1247,,十八弯驿站自助咖啡吧coffee,coffee,十八弯驿站自助咖啡吧coffee,胡关路南侧 | 营业时间:周一至周日 09:00-18:00 | 电话:13161996865,1.9,4.4,33,https://aos-comment.amap.com/B0KABR6WN0/comment/5DA46B7F_C8D5_4B00_A976_B36557054BBA_L0_001_1134_2016_1735980598344_00959671.jpg,117.257583,40.322209
,1249,,马继宾农家院,中餐厅,马继宾农家院,锦瑟上院西北侧,6.1,2.7,0,http://store.is.autonavi.com/showpic/19385d19e71b7624adb8147f7a3c09d4,117.114078,40.322298
,1250,,咱家小院(石林峡景区店),,咱家小院(石林峡景区店),黄松峪乡刁窝村16号 | 营业时间:周一至周日 08:00-23:00 | 电话:13011176432,9.7,4.1,57,http://aos-cdn-image.amap.com/sns/ugccomment/cf9eeabd-d270-41e9-acde-7e061d618f71.jpg,117.250575,40.261675
,1250,,缘中圆民俗餐厅,中餐厅,缘中圆民俗餐厅,如家小院西北门西南150米 | 电话:010-60987894,5.7,1.7,43,http://store.is.autonavi.com/showpic/7fbea3cc780eaec564af33bd1dd23031,117.250463,40.261461
,1250,,杨师傅侉炖鱼家常菜,家常菜,杨师傅侉炖鱼家常菜,黄松峪乡塔洼村李家台18号 | 营业时间:周一至周日 09:00-21:00 | 电话:18201382548;18201382549,5.5,3.7,74,https://aos-comment.amap.com/B0GR6NYRQM/comment/D24E2F52_2CFF_4515_942D_40AB68675A4E_L0_001_2000_150_1758941243267_02080213.jpg,117.258621,40.27941
,1251,,北京西峪水库汇泉人家民俗餐厅(暂停营业),中餐厅,北京西峪水库汇泉人家民俗餐厅(暂停营业),后西路与007县道交叉口北40米,2.4,4,0,http://store.is.autonavi.com/showpic/844b57572a570df81de4b031314c455c,117.095975,40.311975
,1251,,桃囍咖食(观湖店),双人餐,桃囍咖食(观湖店),"北京城区西峪甲1号-3 | 营业时间:周一至周四,周日 09:00-19:00；周五至周六 09:00-20:00 | 电话:13641001753",9.9,4.6,60,https://aos-comment.amap.com/B0JD5MBPTC/comment/20260315-da40b43dd2e047937e8b627e-AA7t509Z9bm7y8kNnrf5Io.jpg,117.099283,40.310409
,1254,,渔蓝海鲜火锅(首都宾馆店),双人餐,渔蓝海鲜火锅(首都宾馆店),首都宾馆A座一层大堂吧东北角 | 营业时间:周一至周日 16:30-21:30 | 电话:010-58159566,2.8,4.6,163,https://aos-comment.amap.com/B0JRZGS12N/comment/982239bae377647ec1abd48304e1a1e9_2048_2048_80.jpg,116.409635,39.902001
,1254,,良苑烤鸭店(前门店),宫保鸡丁,良苑烤鸭店(前门店),"前门东大街14号楼前 | 营业时间:11:00-21:00,2026年春节期间07:00-09:30；10:30-21:00 | 电话:010-65122322",3.5,4.5,80,https://aos-comment.amap.com/B000A7C192/comment/5B6F0744_4E23_4727_BFA1_4FF00A1CB9F2_L0_001_2000_150_1760867253847_38700077.jpg,116.408677,39.900407
,1254,,食鼎轩烤鸭·私房菜(北京王府井台基厂大街店),家常菜,食鼎轩烤鸭·私房菜(北京王府井台基厂大街店),"台基厂大街10-1号 | 营业时间:周一至周日 09:30-14:00,16:30-21:30 2026-05-01至2026-05-05 周一至周日 09:30-14:00,16:30-21:30 | 电话:010-63445868;18519118048",6.3,4.6,70,https://aos-comment.amap.com/B0KGRMA21S/comment/content_media_external_file_100003357_1767011828140_18373911.jpg,116.411861,39.903494
,1254,,北京隆和居美食城(正义路店),干锅千页豆腐,北京隆和居美食城(正义路店),东华门街道正义路8号(原市政府斜对面) | 营业时间:周一至周日 10:00-22:30 | 电话:010-65263265;13520777900,4.1,4.4,73,https://store.is.autonavi.com/showpic/72fbdf46904d9ac20000002152518124?type=pic,116.406444,39.903414
,1254,,松鹤楼(台基厂店),松鼠桂鱼,松鹤楼(台基厂店),"北京城区台基厂大街10号(东郊民巷小学旁) | 营业时间:周一至周日 11:00-14:00,17:00-21:00 2026-02-17至2026-02-23 周一至周日 11:00-14:00,16:30-21:00 | 电话:010-65278195;010-65279255",0.4,4.5,153,http://store.is.autonavi.com/query_pic?id=st4e59a81c-8dd5-4876-9cdf-1e3afe32ebe2&user=search&operate=original,116.411839,39.903469
,1254,,君庭中餐厅(首都宾馆店),牛肉,君庭中餐厅(首都宾馆店),"前门东大街3号首都宾馆东北门门房 | 营业时间:周一至周日 11:00-14:00,17:00-21:00 | 电话:010-58159788",7.8,4.4,213,https://aos-comment.amap.com/comment/content_service__1771506306909_36408294_1771506354089_05149994.jpg,116.408956,39.902119
,1254,,奥华餐厅老张记(台基厂店),虾仁独面筋,奥华餐厅老张记(台基厂店),北京城区台基厂大街18-3号 | 营业时间:周一至周日 10:30-21:30 | 电话:010-65129289;010-65244021,6.4,4.6,62,http://store.is.autonavi.com/showpic/a44d4745fdde65bc76e850f893a9937b,116.411937,39.902869
,1256,,渔蓝海鲜火锅(首都宾馆店),双人餐,渔蓝海鲜火锅(首都宾馆店),首都宾馆A座一层大堂吧东北角 | 营业时间:周一至周日 16:30-21:30 | 电话:010-58159566,5.7,4.6,163,https://aos-comment.amap.com/B0JRZGS12N/comment/982239bae377647ec1abd48304e1a1e9_2048_2048_80.jpg,116.409635,39.902001
,1256,,良苑烤鸭店(前门店),宫保鸡丁,良苑烤鸭店(前门店),"前门东大街14号楼前 | 营业时间:11:00-21:00,2026年春节期间07:00-09:30；10:30-21:00 | 电话:010-65122322",1.3,4.5,80,https://aos-comment.amap.com/B000A7C192/comment/5B6F0744_4E23_4727_BFA1_4FF00A1CB9F2_L0_001_2000_150_1760867253847_38700077.jpg,116.408677,39.900407
,1256,,食鼎轩烤鸭·私房菜(北京王府井台基厂大街店),家常菜,食鼎轩烤鸭·私房菜(北京王府井台基厂大街店),"台基厂大街10-1号 | 营业时间:周一至周日 09:30-14:00,16:30-21:30 2026-05-01至2026-05-05 周一至周日 09:30-14:00,16:30-21:30 | 电话:010-63445868;18519118048",5.1,4.6,70,https://aos-comment.amap.com/B0KGRMA21S/comment/content_media_external_file_100003357_1767011828140_18373911.jpg,116.411861,39.903494
,1256,,北京隆和居美食城(正义路店),干锅千页豆腐,北京隆和居美食城(正义路店),东华门街道正义路8号(原市政府斜对面) | 营业时间:周一至周日 10:00-22:30 | 电话:010-65263265;13520777900,1.8,4.4,73,https://store.is.autonavi.com/showpic/72fbdf46904d9ac20000002152518124?type=pic,116.406444,39.903414
,1256,,松鹤楼(台基厂店),松鼠桂鱼,松鹤楼(台基厂店),"北京城区台基厂大街10号(东郊民巷小学旁) | 营业时间:周一至周日 11:00-14:00,17:00-21:00 2026-02-17至2026-02-23 周一至周日 11:00-14:00,16:30-21:00 | 电话:010-65278195;010-65279255",8.8,4.5,153,http://store.is.autonavi.com/query_pic?id=st4e59a81c-8dd5-4876-9cdf-1e3afe32ebe2&user=search&operate=original,116.411839,39.903469
,1256,,君庭中餐厅(首都宾馆店),牛肉,君庭中餐厅(首都宾馆店),"前门东大街3号首都宾馆东北门门房 | 营业时间:周一至周日 11:00-14:00,17:00-21:00 | 电话:010-58159788",4,4.4,213,https://aos-comment.amap.com/comment/content_service__1771506306909_36408294_1771506354089_05149994.jpg,116.408956,39.902119
,1256,,奥华餐厅老张记(台基厂店),虾仁独面筋,奥华餐厅老张记(台基厂店),北京城区台基厂大街18-3号 | 营业时间:周一至周日 10:30-21:30 | 电话:010-65129289;010-65244021,4.2,4.6,62,http://store.is.autonavi.com/showpic/a44d4745fdde65bc76e850f893a9937b,116.411937,39.902869
,1259,,山西美食(大豆各庄店),中餐厅,山西美食(大豆各庄店),小崔路与大武路交叉口北260米,6.5,3.5,24,http://store.is.autonavi.com/showpic/0ec8e56e6394517357bb84e09026d8cf,116.792056,39.847036
,1259,,万发手擀面,手擀面,万发手擀面,潞城镇武窑村83号 | 电话:18600765118,3.3,3.6,0,http://store.is.autonavi.com/showpic/90d3535e992dd1922a4e4505bd192b46,116.780064,39.843661
,1259,,武窑大堤烧烤,烤串,武窑大堤烧烤,运河大堤路与武兴辅线交叉口东南200米 | 营业时间:周一至周日 17:00-24:00 | 电话:15911051080,1.8,3.7,58,,116.779483,39.843514
,1259,,武窑金刚烧烤,特色/地方风味餐厅,武窑金刚烧烤,曹大路019县 | 营业时间:周一至周日 17:00-24:00 | 电话:13810901978,9.2,4.3,53,https://aos-comment.amap.com/B0KARA91TX/comment/2b09d1597af5e13f4b0f0a7eff3f7a90_2048_2048_80.jpg,116.782843,39.839911
,1260,,东北家常菜,中餐厅,东北家常菜,漷县镇翟各庄村16号 | 营业时间:周一至周日 08:00-22:00 | 电话:15711321951,1.8,3.9,32,https://aos-comment.amap.com/B0LBTO6C7W/comment/content_media_external_images_media_100005931_1741703315361_00691563.jpg,116.761568,39.776904
,1260,,冯家小院,中餐厅,冯家小院,"漷城西一路与漷兴北一街交叉口西南380米 | 电话:15810442919;+861056320612,49368274",1.3,3.8,0,https://store.is.autonavi.com/showpic/c2cdbd66136df872acab05bb54ea2f22,116.763639,39.779303
,1260,,刘丹公寓,中餐厅,刘丹公寓,翟各庄村,6.7,3.9,0,,116.761268,39.777044
,1260,,小地锅,中餐厅,小地锅,漷城西一路与漷兴北四街交叉口西340米,2.9,3.3,0,,116.761622,39.776858
,1260,,山西刀削面家常菜,家常菜,山西刀削面家常菜,漷城西一路与漷兴北一街交叉口西南320米 | 营业时间:周一至周日 09:00-23:00 | 电话:18655610555,6.7,3.8,25,https://aos-comment.amap.com/B0L6S5W1K1/comment/content_media_external_file_10047_ss__1753159839309_69293187.jpg,116.762896,39.780331
,1260,,手擀面家常菜,家常菜,手擀面家常菜,漷城西一路1号 | 营业时间:周一至周日 09:00-21:00 | 电话:18635973100,2.8,3.5,28,http://store.is.autonavi.com/showpic/fa3ddb4a717786e1e4a624170b7ade34,116.761175,39.779825
,1260,,穆斯林美食,清真菜馆,穆斯林美食,漷县镇翟各庄村二区89号 | 营业时间:周一至周日 10:00-24:00 | 电话:15701652251,8.4,3.5,45,https://store.is.autonavi.com/showpic/6a7ea290c518d5a4b738e47a1963854b,116.763415,39.780227
,1260,,新疆美食丝路美食兰州拉面(翟各庄东),羊肉串,新疆美食丝路美食兰州拉面(翟各庄东),漷县镇翟各庄村 | 营业时间:周一至周日 10:00-23:00 | 电话:15701652251,4.3,4.3,72,https://aos-comment.amap.com/comment/20260306-89cf52e026c1e9a965c3ab71-1IxBmMEehGH5g2E4Flhs5I.jpg,116.763142,39.780332
,1262,,刀削面安徽板面,刀削面,刀削面安徽板面,联东U谷·北京永乐产业园一期东北侧240米,5.2,2.8,0,,116.790171,39.618345
,1262,,山西大碗面家常菜,家常菜,山西大碗面家常菜,联东U谷·北京永乐产业园一期东北侧240米,9.1,3.5,26,https://store.is.autonavi.com/showpic/6182f2fbcd0a9adab27ee85cdb962be8,116.790128,39.61839
,1262,,老四川家常菜(老孔兴路店),家常菜,老四川家常菜(老孔兴路店),永乐店镇三垡村联东U谷招商中心斜对面 | 营业时间:周一至周日 10:00-23:00 | 电话:18716573101;18983238265,0.7,4,60,http://store.is.autonavi.com/showpic/18b7475c1430eec33ec4d66c64bf9ae4,116.785288,39.618317
,1262,,巫山烤鱼(老孔兴路店),巫山烤鱼,巫山烤鱼(老孔兴路店),北京庆来创新工服美服装有限公司西南侧280米,9,2.8,0,http://store.is.autonavi.com/showpic/876e8b3ce2cf31e49bfe03310eb6642f,116.791106,39.618271
,1262,,山西晋琦板面削面,板面,山西晋琦板面削面,联东U谷·北京永乐产业园一期东北侧190米 | 营业时间:周一至周日 09:30-22:45 | 电话:17634059593,9,2.3,0,https://store.is.autonavi.com/showpic/da6331dc71e938ccc9d7ca1988ece3b5,116.789442,39.618348
,1262,,铁锅柴鸡羊蝎子(老孔兴路店),羊蝎子,铁锅柴鸡羊蝎子(老孔兴路店),永乐店镇三垡村252号 | 营业时间:周一至周日 09:00-22:00 | 电话:13691273974,1.9,3.5,0,http://store.is.autonavi.com/showpic/82759fa94f4cb5038e58c51777a81ff1,116.791106,39.618318
,1265,,渔蓝海鲜火锅(首都宾馆店),双人餐,渔蓝海鲜火锅(首都宾馆店),首都宾馆A座一层大堂吧东北角 | 营业时间:周一至周日 16:30-21:30 | 电话:010-58159566,4.5,4.6,163,https://aos-comment.amap.com/B0JRZGS12N/comment/982239bae377647ec1abd48304e1a1e9_2048_2048_80.jpg,116.409635,39.902001
,1265,,食鼎轩烤鸭·私房菜(北京王府井台基厂大街店),家常菜,食鼎轩烤鸭·私房菜(北京王府井台基厂大街店),"台基厂大街10-1号 | 营业时间:周一至周日 09:30-14:00,16:30-21:30 2026-05-01至2026-05-05 周一至周日 09:30-14:00,16:30-21:30 | 电话:010-63445868;18519118048",4.7,4.6,70,https://aos-comment.amap.com/B0KGRMA21S/comment/content_media_external_file_100003357_1767011828140_18373911.jpg,116.411861,39.903494
,1265,,北京隆和居美食城(正义路店),干锅千页豆腐,北京隆和居美食城(正义路店),东华门街道正义路8号(原市政府斜对面) | 营业时间:周一至周日 10:00-22:30 | 电话:010-65263265;13520777900,3.5,4.4,73,https://store.is.autonavi.com/showpic/72fbdf46904d9ac20000002152518124?type=pic,116.406444,39.903414
,1265,,松鹤楼(台基厂店),松鼠桂鱼,松鹤楼(台基厂店),"北京城区台基厂大街10号(东郊民巷小学旁) | 营业时间:周一至周日 11:00-14:00,17:00-21:00 2026-02-17至2026-02-23 周一至周日 11:00-14:00,16:30-21:00 | 电话:010-65278195;010-65279255",3.7,4.5,153,http://store.is.autonavi.com/query_pic?id=st4e59a81c-8dd5-4876-9cdf-1e3afe32ebe2&user=search&operate=original,116.411839,39.903469
,1265,,君庭中餐厅(首都宾馆店),牛肉,君庭中餐厅(首都宾馆店),"前门东大街3号首都宾馆东北门门房 | 营业时间:周一至周日 11:00-14:00,17:00-21:00 | 电话:010-58159788",0,4.4,213,https://aos-comment.amap.com/comment/content_service__1771506306909_36408294_1771506354089_05149994.jpg,116.408956,39.902119
,1265,,奥华餐厅老张记(台基厂店),虾仁独面筋,奥华餐厅老张记(台基厂店),北京城区台基厂大街18-3号 | 营业时间:周一至周日 10:30-21:30 | 电话:010-65129289;010-65244021,6.6,4.6,62,http://store.is.autonavi.com/showpic/a44d4745fdde65bc76e850f893a9937b,116.411937,39.902869
,1273,,侯东仪早点,中餐厅,侯东仪早点,西尹路与候东仪路交叉口西200米,0.6,3.9,18,,116.904786,39.819443
,1273,,晋香缘饭店,中餐厅,晋香缘饭店,唐通线与双大路交叉口西北180米 | 电话:18103441536,7.9,3.7,0,http://store.is.autonavi.com/showpic/36c3be307c2df93ef81301ded8039bdf,116.905452,39.806449
,1273,,正宗山西面馆,中餐厅,正宗山西面馆,唐通线与双大路交叉口西北140米,4.1,3.3,0,,116.905635,39.806117
,1273,,江湖造串厂,中餐厅,江湖造串厂,西集镇孝行东路与西尹路交叉口东北方向20米左右,6.6,3.6,67,http://store.is.autonavi.com/showpic/1c8aec7045e6f874e6e4fa623f230885,116.893492,39.81945
,1273,,潮畔农宴,孜然羊肉,潮畔农宴,西集镇派出所往东一千米路北 | 营业时间:周一至周日 00:00-24:00 | 电话:010-81569088;13911581230,0.7,3.4,0,http://store.is.autonavi.com/showpic/34524fb8f484676e2673506eb3ce43a0,116.891985,39.818857
,1273,,西集三哥烤羊腿,羊排,西集三哥烤羊腿,国防路2号 | 营业时间:周一至周日 10:00-23:00 | 电话:13811687931,9.8,4.1,49,https://aos-comment.amap.com/B0GR514E0E/comment/EF018EF7_4AE8_435F_85DD_D920173181CF_L0_001_1500_2000_1735036297012_77080772.jpg,116.892071,39.818915
,1274,,渔蓝海鲜火锅(首都宾馆店),双人餐,渔蓝海鲜火锅(首都宾馆店),首都宾馆A座一层大堂吧东北角 | 营业时间:周一至周日 16:30-21:30 | 电话:010-58159566,5.9,4.6,163,https://aos-comment.amap.com/B0JRZGS12N/comment/982239bae377647ec1abd48304e1a1e9_2048_2048_80.jpg,116.409635,39.902001
,1274,,良苑烤鸭店(前门店),宫保鸡丁,良苑烤鸭店(前门店),"前门东大街14号楼前 | 营业时间:11:00-21:00,2026年春节期间07:00-09:30；10:30-21:00 | 电话:010-65122322",8.1,4.5,80,https://aos-comment.amap.com/B000A7C192/comment/5B6F0744_4E23_4727_BFA1_4FF00A1CB9F2_L0_001_2000_150_1760867253847_38700077.jpg,116.408677,39.900407
,1274,,食鼎轩烤鸭·私房菜(北京王府井台基厂大街店),家常菜,食鼎轩烤鸭·私房菜(北京王府井台基厂大街店),"台基厂大街10-1号 | 营业时间:周一至周日 09:30-14:00,16:30-21:30 2026-05-01至2026-05-05 周一至周日 09:30-14:00,16:30-21:30 | 电话:010-63445868;18519118048",9.4,4.6,70,https://aos-comment.amap.com/B0KGRMA21S/comment/content_media_external_file_100003357_1767011828140_18373911.jpg,116.411861,39.903494
,1274,,北京隆和居美食城(正义路店),干锅千页豆腐,北京隆和居美食城(正义路店),东华门街道正义路8号(原市政府斜对面) | 营业时间:周一至周日 10:00-22:30 | 电话:010-65263265;13520777900,4.6,4.4,73,https://store.is.autonavi.com/showpic/72fbdf46904d9ac20000002152518124?type=pic,116.406444,39.903414
,1274,,松鹤楼(台基厂店),松鼠桂鱼,松鹤楼(台基厂店),"北京城区台基厂大街10号(东郊民巷小学旁) | 营业时间:周一至周日 11:00-14:00,17:00-21:00 2026-02-17至2026-02-23 周一至周日 11:00-14:00,16:30-21:00 | 电话:010-65278195;010-65279255",0.3,4.5,153,http://store.is.autonavi.com/query_pic?id=st4e59a81c-8dd5-4876-9cdf-1e3afe32ebe2&user=search&operate=original,116.411839,39.903469
,1274,,君庭中餐厅(首都宾馆店),牛肉,君庭中餐厅(首都宾馆店),"前门东大街3号首都宾馆东北门门房 | 营业时间:周一至周日 11:00-14:00,17:00-21:00 | 电话:010-58159788",3.2,4.4,213,https://aos-comment.amap.com/comment/content_service__1771506306909_36408294_1771506354089_05149994.jpg,116.408956,39.902119
,1274,,奥华餐厅老张记(台基厂店),虾仁独面筋,奥华餐厅老张记(台基厂店),北京城区台基厂大街18-3号 | 营业时间:周一至周日 10:30-21:30 | 电话:010-65129289;010-65244021,0,4.6,62,http://store.is.autonavi.com/showpic/a44d4745fdde65bc76e850f893a9937b,116.411937,39.902869
,1277,,就想见面,中餐厅,就想见面,京榆旧线辅路与白庙路交叉口东40米,6.2,2.9,27,https://store.is.autonavi.com/showpic/c0a84be2a549d82301c43276ee0a9f1d,116.775637,39.942219
,1277,,正宗安徽板面,中餐厅,正宗安徽板面,京榆旧线辅路与白庙路交叉口东20米,1.1,3.5,18,http://store.is.autonavi.com/showpic/f476527f383adc16cc47b62a8c816b3f,116.775357,39.942295
,1277,,精品沙县(京榆旧线店),中餐厅,精品沙县(京榆旧线店),京榆旧线与潮白河大堤路交叉口西120米,8.2,2.7,30,https://store.is.autonavi.com/showpic/9b8d523ab3c9e18cd47a4df6d89876c5,116.773664,39.942663
,1277,,羊棒骨烩面(京榆旧线店),烩面,羊棒骨烩面(京榆旧线店),潮白河大堤路和013县道的交叉口附近,9.2,3.4,0,https://store.is.autonavi.com/showpic/55a156ae93719c4b9a5e755a9430ac21,116.775379,39.942258
,1277,,古城铜锅涮肉,高钙羊肉,古城铜锅涮肉,宋庄镇白庙西街13号 | 营业时间:周一至周日 11:00-23:00 | 电话:18519698355,7.1,4.2,60,https://store.is.autonavi.com/showpic/47ff7bad6a20338cd10467193dbe5b90,116.773955,39.942664
,1278,,天方包子,中餐厅,天方包子,徐宋路与小堡北街交叉口西北60米 | 营业时间:周一至周日 00:00-24:00 | 电话:13707675859,7,4.2,23,https://store.is.autonavi.com/showpic/1dd3b587c2d4d989b5be80d3e31966af,116.720925,39.951025
,1278,,香河肉饼·粥·砂锅(徐宋路小堡店),牛肉大葱饼,香河肉饼·粥·砂锅(徐宋路小堡店),宋庄镇徐宋路小堡广场往北200米 | 营业时间:周一至周日 09:00-23:00 | 电话:13240489963;17695466394,8.4,3.9,26,http://store.is.autonavi.com/showpic/e6f44377ea93520a6b76e3a777e8a0db,116.721125,39.950825
,1278,,老四面馆(徐宋路),盖饭,老四面馆(徐宋路),"宋庄镇小堡北街153号 | 营业时间:周一至周日 04:00-14:00,17:00-20:00 | 电话:15910486732",2.4,3.9,18,https://aos-comment.amap.com/B0FFFADWNX/comment/content_media_external_file_1000022070_ss__1762750266274_23684186.jpg,116.721225,39.950556
,1278,,兰州马氏拉面,羊肉串,兰州马氏拉面,北京城区徐宋路西64-65号 | 营业时间:周一至周日 10:00-03:00 | 电话:010-80519771;18693811019,0.1,4.2,47,https://store.is.autonavi.com/showpic/c465ff7e314a4edb7b121fbe4d669ca6,116.720834,39.951338
,1278,,山西刀削面川湘菜,蛋炒饭,山西刀削面川湘菜,徐宋路与小堡北街交叉口西北80米 | 营业时间:周一至周日 09:00-03:00 | 电话:13994956656,6.2,3.6,19,http://store.is.autonavi.com/showpic/d85a37b60534eb8e6dcd1575ca666334,116.720931,39.951266
,1278,,埃蒙小镇云南菜(宋庄店),黑三剁,埃蒙小镇云南菜(宋庄店),宋庄镇小堡北街103号 | 营业时间:周一至周日 10:00-22:00 | 电话:13681175853,8.4,4.4,63,https://store.is.autonavi.com/showpic/4d8a858f8a982210080f931f7f26df5e,116.720187,39.950929
,1281,,川渝饭店,中餐厅,川渝饭店,八各庄村村民委员会北侧130米,2.7,3.5,66,,116.768943,39.875516
,1281,,旺顺饭庄烧烤,特色/地方风味餐厅,旺顺饭庄烧烤,东南路与小东路交叉口东500米 | 营业时间:周一至周日 09:00-14:00，16:00-23:00 | 电话:13661105890,3.8,2.9,74,http://store.is.autonavi.com/showpic/cc0e7e9b7ceb271f5d4edfb1df2b3570,116.770824,39.894991
,1284,,凉皮遇到粉(瑞都国际中心店),中餐厅,凉皮遇到粉(瑞都国际中心店),九棵树西路80号瑞都国际中心F2层 | 营业时间:周一至周日 10:00-20:00,3.4,3.1,13,https://aos-comment.amap.com/B0LG31H76C/comment/content_media_external_file_1000033680_ss__1745736254449_47334311.jpg,116.656625,39.889775
,1284,,茹家秦晋味道(阳光新生活广场店),中餐厅,茹家秦晋味道(阳光新生活广场店),翠景北里1号楼九棵树西路80号阳光新生活广场(通州店)F1层 | 营业时间:09:00-12:00；13:00-24:00,3.8,3.9,23,https://aos-comment.amap.com/B0J1B7QTLR/comment/6C6DB710_8E96_4286_96D4_AC1864973BB9_L0_001_1500_200_1749704117150_46418957.jpg,116.657141,39.889516
,1284,,虾健健24H共享自助健身(北京通州阳光生活广场店),中餐厅,虾健健24H共享自助健身(北京通州阳光生活广场店),九棵树西路80号瑞都国际中心F3层 | 营业时间:周一至周日 00:00-24:00 | 电话:4000150858,9.8,4.2,0,https://aos-comment.amap.com/comment/20260208-d2a888020b72e7a8969e1efd-8103iEzokmT5icZoOnRmVu.jpg,116.656725,39.889725
,1284,,吉宫釜拌饭(阳光新生活广场2层店),拌饭,吉宫釜拌饭(阳光新生活广场2层店),九棵树西路80号阳光新生活广场通州店F2层 | 营业时间:周一至周日 10:00-21:00,7.6,3.4,17,https://store.is.autonavi.com/showpic/04a127d17d0d0993a19c71d40131d32e,116.656875,39.889625
,1284,,星巴克(阳光新生活广场店),摩卡星冰乐,星巴克(阳光新生活广场店),九棵树西路80号通州阳光新生活广场一层 | 营业时间:周一至周日 06:30-22:00 | 电话:010-81578108,4.5,4.6,30,http://store.is.autonavi.com/showpic/ec3440dbf3d8f9de23da5c7a0cf58ad7,116.656371,39.889929
,1284,,王幺妈成都砂锅菜(阳光新生活广场店),砂锅菜,王幺妈成都砂锅菜(阳光新生活广场店),北京城区九棵树西路80号阳光新生活广场通州店F2层 | 营业时间:周一至周日 10:00-21:00 | 电话:18519930626,7.2,3.5,26,https://store.is.autonavi.com/showpic/523bd11e3c5e20e0e6c3c906e7b3332b,116.656325,39.889875
,1285,,华仔特色湖南炒粉,中餐厅,华仔特色湖南炒粉,郎各庄村东路与郎各庄村北街交叉口西北20米,7.9,2,0,https://store.is.autonavi.com/showpic/695f7fe2b50ec35992e426d7c9512d1f,116.574925,39.850375
,1285,,新悦早餐,中餐厅,新悦早餐,大鲁店北路与德安路交叉口西140米,10,2.6,0,,116.584903,39.84767
,1285,,周小乐牛肉饭,卤蛋,周小乐牛肉饭,"大鲁店北路七号院1层6室 | 营业时间:周一至周日 10:00-15:00,17:00-20:30 | 电话:18513682817",6.1,3.9,28,https://store.is.autonavi.com/showpic/8edd13b9fff7f2ed94287886363ccf80,116.584606,39.847668
,1285,,正宗牛肉板面(大鲁店北路店),正宗牛肉板面,正宗牛肉板面(大鲁店北路店),黑庄户乡郎各庄村文化广场北门西北50米 | 营业时间:周一至周日 09:00-23:00 | 电话:13488866770,8.1,3.9,18,http://store.is.autonavi.com/showpic/7db063a81d93e6f7ae7ac52822d1ea3d,116.574942,39.84659
,1288,,京鲁菜宋庄店,中餐厅,京鲁菜宋庄店,中显鸿国大厦,9.2,2.8,0,https://store.is.autonavi.com/showpic/14ed717103c723d14ce23a7c86e8d7ee,116.723778,39.963092
,1288,,小湘旺(宋庄店),小炒黄牛肉,小湘旺(宋庄店),宋庄镇徐宋东四街久久艺术园底商 | 营业时间:周一至周日 11:00-21:30 | 电话:010-60572081;17274854684,4.3,4.5,91,https://aos-comment.amap.com/B0GKN99QVN/comment/content_media_external_file_121767_ss__1760442129362_79702263.jpg,116.720614,39.959651
,1288,,仟福居·烤鸭(宋庄店),葱烧海参,仟福居·烤鸭(宋庄店),"宋庄镇小堡村东轴斜街19号 | 营业时间:周一至周日 10:00-14:00,16:30-21:30 | 电话:010-89511788;13501325945",0.3,4.5,77,https://aos-comment.amap.com/B0KRO9QGSZ/comment/57475B35_CD64_4EE2_9005_CCC58A8A80E1_L0_001_1500_2000_1727449082188_50151276.jpg,116.723764,39.963088
,1289,,渔蓝海鲜火锅(首都宾馆店),双人餐,渔蓝海鲜火锅(首都宾馆店),首都宾馆A座一层大堂吧东北角 | 营业时间:周一至周日 16:30-21:30 | 电话:010-58159566,6.9,4.6,163,https://aos-comment.amap.com/B0JRZGS12N/comment/982239bae377647ec1abd48304e1a1e9_2048_2048_80.jpg,116.409635,39.902001
,1289,,良苑烤鸭店(前门店),宫保鸡丁,良苑烤鸭店(前门店),"前门东大街14号楼前 | 营业时间:11:00-21:00,2026年春节期间07:00-09:30；10:30-21:00 | 电话:010-65122322",8.9,4.5,80,https://aos-comment.amap.com/B000A7C192/comment/5B6F0744_4E23_4727_BFA1_4FF00A1CB9F2_L0_001_2000_150_1760867253847_38700077.jpg,116.408677,39.900407
,1289,,食鼎轩烤鸭·私房菜(北京王府井台基厂大街店),家常菜,食鼎轩烤鸭·私房菜(北京王府井台基厂大街店),"台基厂大街10-1号 | 营业时间:周一至周日 09:30-14:00,16:30-21:30 2026-05-01至2026-05-05 周一至周日 09:30-14:00,16:30-21:30 | 电话:010-63445868;18519118048",1.2,4.6,70,https://aos-comment.amap.com/B0KGRMA21S/comment/content_media_external_file_100003357_1767011828140_18373911.jpg,116.411861,39.903494
,1289,,北京隆和居美食城(正义路店),干锅千页豆腐,北京隆和居美食城(正义路店),东华门街道正义路8号(原市政府斜对面) | 营业时间:周一至周日 10:00-22:30 | 电话:010-65263265;13520777900,6.5,4.4,73,https://store.is.autonavi.com/showpic/72fbdf46904d9ac20000002152518124?type=pic,116.406444,39.903414
,1289,,松鹤楼(台基厂店),松鼠桂鱼,松鹤楼(台基厂店),"北京城区台基厂大街10号(东郊民巷小学旁) | 营业时间:周一至周日 11:00-14:00,17:00-21:00 2026-02-17至2026-02-23 周一至周日 11:00-14:00,16:30-21:00 | 电话:010-65278195;010-65279255",9,4.5,153,http://store.is.autonavi.com/query_pic?id=st4e59a81c-8dd5-4876-9cdf-1e3afe32ebe2&user=search&operate=original,116.411839,39.903469
,1289,,君庭中餐厅(首都宾馆店),牛肉,君庭中餐厅(首都宾馆店),"前门东大街3号首都宾馆东北门门房 | 营业时间:周一至周日 11:00-14:00,17:00-21:00 | 电话:010-58159788",2.9,4.4,213,https://aos-comment.amap.com/comment/content_service__1771506306909_36408294_1771506354089_05149994.jpg,116.408956,39.902119
,1289,,奥华餐厅老张记(台基厂店),虾仁独面筋,奥华餐厅老张记(台基厂店),北京城区台基厂大街18-3号 | 营业时间:周一至周日 10:30-21:30 | 电话:010-65129289;010-65244021,3.3,4.6,62,http://store.is.autonavi.com/showpic/a44d4745fdde65bc76e850f893a9937b,116.411937,39.902869
,1291,,京晨包子铺,中餐厅,京晨包子铺,东西垡路与聚富园一路交叉口北40米,7.5,3.5,0,,116.697282,39.686465
,1291,,鲜惠源大包子店,中餐厅,鲜惠源大包子店,聚富园一路与东西垡路交叉口西北20米,4.8,3,16,,116.697175,39.686375
,1291,,啤酒鸭火锅店,啤酒鸭火锅,啤酒鸭火锅店,"东西垡路与聚富园一路交叉口北40米 | 营业时间:周一至周日 10:00-14:00,16:00-24:00 | 电话:15120001261",1.5,3.6,0,http://store.is.autonavi.com/showpic/9dd66121fc1ff76a0a15a4c7493c7236,116.697271,39.686484
,1291,,大碗面家常菜(西垡村),家常菜,大碗面家常菜(西垡村),东西垡路与聚富园一路交叉口北60米 | 营业时间:周一至周日 09:00-23:00 | 电话:18535961175,9.5,3.9,19,https://store.is.autonavi.com/showpic/103f51d66525a4770000000730668776?type=pic,116.69755,39.686716
,1291,,兰州牛肉面,清真菜馆,兰州牛肉面,东西垡路与聚富园一路交叉口西北20米,9.3,3.3,0,,116.697252,39.686412
,1291,,东北烧烤大锅海鲜,特色/地方风味餐厅,东北烧烤大锅海鲜,西垡村111号 | 营业时间:周一至周日 11:00-01:00 | 电话:13051569588,2.8,3.7,66,https://store.is.autonavi.com/showpic/4478b30c7ceaf0c5fffcbd71bbf15f4e,116.697125,39.687625
,1293,,东北老菜馆,东北菜,东北老菜馆,胡家垡村甲8号院东亚尚品台湖,9,3.7,81,https://store.is.autonavi.com/showpic/18f340ae629ddb65e562052c2362978e,116.620912,39.83461
,1293,,小胖快餐(东亚尚品台湖店),中餐厅,小胖快餐(东亚尚品台湖店),胡家垡村甲8号院东亚尚品台湖,0.1,3.7,24,https://store.is.autonavi.com/showpic/74c33880ed0db20de11d53c4cc5a5866,116.621324,39.8348
,1293,,遇上·烤鸭·创意中国菜(台湖店),台州家烧大黄鱼,遇上·烤鸭·创意中国菜(台湖店),外郎营村北2号院3号楼一层南侧部分房屋及二层鍪层 | 营业时间:周一至周日 10:00-21:30 | 电话:010-53355997;010-53355998,2.9,4.6,131,https://aos-comment.amap.com/B0FFKGQYKL/comment/c7cbbca50da682caaadc5e63dbfb1a76_2048_2048_80.jpg,116.62313,39.833563
,1293,,渝香干锅鸭头,四川菜(川菜),渝香干锅鸭头,胡家垡村甲8号院东亚尚品台湖,2.4,3.4,0,,116.620988,39.834663
,1293,,八兜惠·橘娃火锅烧烤,现切黄牛吊龙,八兜惠·橘娃火锅烧烤,新华联总部底商1号八兜惠 | 营业时间:周一至周日 10:00-03:01 | 电话:17710514448,8,4.1,60,https://aos-comment.amap.com/B0L33HA6EP/comment/content_media_external_file_5066_1762000597566_64449877.jpg,116.623503,39.833681
,1293,,带你去吃佳木斯拌饭·锅包肉冷面,锅包肉,带你去吃佳木斯拌饭·锅包肉冷面,胡家垡村甲8号院东亚尚品台湖,1.3,3.5,0,,116.621275,39.834775
,1293,,串串门脏摊麻辣烫,麻辣烫,串串门脏摊麻辣烫,东亚尚品台湖11号楼112 | 营业时间:周一至周日 10:45-23:45 | 电话:17709639786,1.5,3.8,28,https://store.is.autonavi.com/showpic/dfb0a084a7ee2d6aac4c7768843c6181,116.621507,39.8348
,1296,,多味主食坊,中餐厅,多味主食坊,胡家垡村卫生室南侧,9.5,2.9,18,https://store.is.autonavi.com/showpic/ceb4b7a39c0298521590b824a57b002a,116.613606,39.834825
,1296,,山西面馆(胡家垡路),中餐厅,山西面馆(胡家垡路),胡家垡村卫生室西侧120米,1.6,2.6,25,http://store.is.autonavi.com/showpic/f3e78d26508930e3fdb151a0c9a795f0,116.612235,39.835147
,1296,,晋大碗刀削面,中餐厅,晋大碗刀削面,胡家垡村卫生室西侧70米 | 电话:17635561362,3.8,3.3,29,http://store.is.autonavi.com/showpic/398390c2937228eec22ab7951f1a8578,116.61283,39.835018
,1296,,有田小院民宿(北京北京环球影城度假区及周边黑庄户地铁站店),中餐厅,有田小院民宿(北京北京环球影城度假区及周边黑庄户地铁站店),北京艺璟装饰有限公司南侧 | 电话:17600990605,0.1,4.1,0,http://store.is.autonavi.com/showpic/49e8e6e9ef3880d340a9ed3107959196,116.613808,39.841758
,1296,,三兄弟铁板烧,五花肉,三兄弟铁板烧,台湖镇胡家垡村 | 营业时间:周一至周日 16:30-02:00 | 电话:18201604896,8.1,3.4,48,http://store.is.autonavi.com/showpic/f3869d703ae82630788167ba4ddb3dab,116.613046,39.834984
,1296,,安徽太和板面(胡家垡老店),卤鸡腿,安徽太和板面(胡家垡老店),胡家垡村卫生室西侧80米 | 营业时间:周一至周日 08:00-24:00 | 电话:17813191795,1.8,3.5,17,http://store.is.autonavi.com/showpic/371428fd634798c26b7db33c2075ef24,116.612875,39.834898
,1296,,佳香情面食馆川湘家常菜(胡家垡店),地三鲜,佳香情面食馆川湘家常菜(胡家垡店),台湖镇胡家垡村福兰德超市对面一楼 | 电话:15333061662,8.2,3.3,39,https://store.is.autonavi.com/showpic/db2041bafa721021c456a967c794f456,116.612625,39.834903
,1296,,东北家乡菜,家乡菜,东北家乡菜,胡家垡村卫生室西侧110米,7.5,3.4,0,https://store.is.autonavi.com/showpic/ef790d9c226c05a11761fcc54095158d,116.612388,39.835025
,1296,,老四川风味菜(铺胡路店),家常菜,老四川风味菜(铺胡路店),台湖镇胡家垡村424号 | 营业时间:周一至周日 10:00-23:00 | 电话:15010697871,0.9,3.7,27,http://store.is.autonavi.com/showpic/0e9e46b1882544685f291afd4d9b06ef,116.61337,39.835026
,1296,,小哥市井火锅,市井火锅,小哥市井火锅,胡家垡村694号 | 营业时间:周一至周日 12:00-02:00 | 电话:18511158668,4.4,4.4,67,https://store.is.autonavi.com/showpic/38451cc13b8aad00de9b00764f775d34,116.614482,39.834616
,1296,,包百顺包子粥,重庆小面,包百顺包子粥,铺胡路北京国际图书城 | 电话:18310243375,2.3,3.8,13,https://store.is.autonavi.com/showpic/0e1721e9302bef05c29e9cbff9f5aaea,116.61294,39.834859
,1297,,渔蓝海鲜火锅(首都宾馆店),双人餐,渔蓝海鲜火锅(首都宾馆店),首都宾馆A座一层大堂吧东北角 | 营业时间:周一至周日 16:30-21:30 | 电话:010-58159566,9.5,4.6,163,https://aos-comment.amap.com/B0JRZGS12N/comment/982239bae377647ec1abd48304e1a1e9_2048_2048_80.jpg,116.409635,39.902001
,1297,,良苑烤鸭店(前门店),宫保鸡丁,良苑烤鸭店(前门店),"前门东大街14号楼前 | 营业时间:11:00-21:00,2026年春节期间07:00-09:30；10:30-21:00 | 电话:010-65122322",0.4,4.5,80,https://aos-comment.amap.com/B000A7C192/comment/5B6F0744_4E23_4727_BFA1_4FF00A1CB9F2_L0_001_2000_150_1760867253847_38700077.jpg,116.408677,39.900407
,1297,,食鼎轩烤鸭·私房菜(北京王府井台基厂大街店),家常菜,食鼎轩烤鸭·私房菜(北京王府井台基厂大街店),"台基厂大街10-1号 | 营业时间:周一至周日 09:30-14:00,16:30-21:30 2026-05-01至2026-05-05 周一至周日 09:30-14:00,16:30-21:30 | 电话:010-63445868;18519118048",1.7,4.6,70,https://aos-comment.amap.com/B0KGRMA21S/comment/content_media_external_file_100003357_1767011828140_18373911.jpg,116.411861,39.903494
,1297,,北京隆和居美食城(正义路店),干锅千页豆腐,北京隆和居美食城(正义路店),东华门街道正义路8号(原市政府斜对面) | 营业时间:周一至周日 10:00-22:30 | 电话:010-65263265;13520777900,4.1,4.4,73,https://store.is.autonavi.com/showpic/72fbdf46904d9ac20000002152518124?type=pic,116.406444,39.903414
,1297,,松鹤楼(台基厂店),松鼠桂鱼,松鹤楼(台基厂店),"北京城区台基厂大街10号(东郊民巷小学旁) | 营业时间:周一至周日 11:00-14:00,17:00-21:00 2026-02-17至2026-02-23 周一至周日 11:00-14:00,16:30-21:00 | 电话:010-65278195;010-65279255",6.3,4.5,153,http://store.is.autonavi.com/query_pic?id=st4e59a81c-8dd5-4876-9cdf-1e3afe32ebe2&user=search&operate=original,116.411839,39.903469
,1297,,君庭中餐厅(首都宾馆店),牛肉,君庭中餐厅(首都宾馆店),"前门东大街3号首都宾馆东北门门房 | 营业时间:周一至周日 11:00-14:00,17:00-21:00 | 电话:010-58159788",6.2,4.4,213,https://aos-comment.amap.com/comment/content_service__1771506306909_36408294_1771506354089_05149994.jpg,116.408956,39.902119
,1297,,奥华餐厅老张记(台基厂店),虾仁独面筋,奥华餐厅老张记(台基厂店),北京城区台基厂大街18-3号 | 营业时间:周一至周日 10:30-21:30 | 电话:010-65129289;010-65244021,1.1,4.6,62,http://store.is.autonavi.com/showpic/a44d4745fdde65bc76e850f893a9937b,116.411937,39.902869
,1298,,渔蓝海鲜火锅(首都宾馆店),双人餐,渔蓝海鲜火锅(首都宾馆店),首都宾馆A座一层大堂吧东北角 | 营业时间:周一至周日 16:30-21:30 | 电话:010-58159566,3.9,4.6,163,https://aos-comment.amap.com/B0JRZGS12N/comment/982239bae377647ec1abd48304e1a1e9_2048_2048_80.jpg,116.409635,39.902001
,1298,,良苑烤鸭店(前门店),宫保鸡丁,良苑烤鸭店(前门店),"前门东大街14号楼前 | 营业时间:11:00-21:00,2026年春节期间07:00-09:30；10:30-21:00 | 电话:010-65122322",2.2,4.5,80,https://aos-comment.amap.com/B000A7C192/comment/5B6F0744_4E23_4727_BFA1_4FF00A1CB9F2_L0_001_2000_150_1760867253847_38700077.jpg,116.408677,39.900407
,1298,,食鼎轩烤鸭·私房菜(北京王府井台基厂大街店),家常菜,食鼎轩烤鸭·私房菜(北京王府井台基厂大街店),"台基厂大街10-1号 | 营业时间:周一至周日 09:30-14:00,16:30-21:30 2026-05-01至2026-05-05 周一至周日 09:30-14:00,16:30-21:30 | 电话:010-63445868;18519118048",6.2,4.6,70,https://aos-comment.amap.com/B0KGRMA21S/comment/content_media_external_file_100003357_1767011828140_18373911.jpg,116.411861,39.903494
,1298,,北京隆和居美食城(正义路店),干锅千页豆腐,北京隆和居美食城(正义路店),东华门街道正义路8号(原市政府斜对面) | 营业时间:周一至周日 10:00-22:30 | 电话:010-65263265;13520777900,6.4,4.4,73,https://store.is.autonavi.com/showpic/72fbdf46904d9ac20000002152518124?type=pic,116.406444,39.903414
,1298,,松鹤楼(台基厂店),松鼠桂鱼,松鹤楼(台基厂店),"北京城区台基厂大街10号(东郊民巷小学旁) | 营业时间:周一至周日 11:00-14:00,17:00-21:00 2026-02-17至2026-02-23 周一至周日 11:00-14:00,16:30-21:00 | 电话:010-65278195;010-65279255",8.9,4.5,153,http://store.is.autonavi.com/query_pic?id=st4e59a81c-8dd5-4876-9cdf-1e3afe32ebe2&user=search&operate=original,116.411839,39.903469
,1298,,君庭中餐厅(首都宾馆店),牛肉,君庭中餐厅(首都宾馆店),"前门东大街3号首都宾馆东北门门房 | 营业时间:周一至周日 11:00-14:00,17:00-21:00 | 电话:010-58159788",7.4,4.4,213,https://aos-comment.amap.com/comment/content_service__1771506306909_36408294_1771506354089_05149994.jpg,116.408956,39.902119
,1298,,奥华餐厅老张记(台基厂店),虾仁独面筋,奥华餐厅老张记(台基厂店),北京城区台基厂大街18-3号 | 营业时间:周一至周日 10:30-21:30 | 电话:010-65129289;010-65244021,4.7,4.6,62,http://store.is.autonavi.com/showpic/a44d4745fdde65bc76e850f893a9937b,116.411937,39.902869
,1299,,社区便民早餐服务点,中餐厅,社区便民早餐服务点,神龙金桥小区南区,6.9,3.2,14,http://store.is.autonavi.com/showpic/7093e6a335aef1ffccbfb5304d139029,116.547313,39.7503
,1299,,杨国福麻辣烫(百尚生活广场店),宽粉,杨国福麻辣烫(百尚生活广场店),马驹桥镇兴华中街9号百尚生活广场负一层 | 营业时间:周一至周日 09:30-21:00 | 电话:13241000818;13611078499,2,4.1,28,https://img.alicdn.com/imgextra/i1/O1CN01hpPgOL1i4TZ2umDKr_!!6000000004359-49-tps-1080-1080.webp,116.545253,39.752546
,1300,,草原味道火锅·烧烤,中餐厅,草原味道火锅·烧烤,新华东街与北大街交叉口西南60米,9.7,2.6,95,https://store.is.autonavi.com/showpic/e50c89d47dd5d977e49536eec8391357,116.668206,39.908295
,1300,,京东肉饼,京东肉饼,京东肉饼,南大街与西大街交叉口西北20米,4.8,3.8,48,https://store.is.autonavi.com/showpic/c13ea9277e82e51c3ea26beb55a82bc4,116.668611,39.907906
,1300,,MMaoCafe猫叔咖啡(北京运河希尔顿欢朋酒店),咖啡厅,MMaoCafe猫叔咖啡(北京运河希尔顿欢朋酒店),新华东街辅路与南大街交叉口东20米 | 营业时间:周一至周日 09:00-18:00,6,4.1,33,https://aos-comment.amap.com/B0LU66GZW3/comment/6680E991_5321_4B38_98FD_A67EE5C58E29_L0_001_1500_200_1758372646746_53048633.jpg,116.668925,39.908375
,1300,,新月斋烧鸡店(南大街店),柴鸡,新月斋烧鸡店(南大街店),南街小楼饭店对面 | 营业时间:周一至周日 08:00-20:00 | 电话:13716562552,7.2,4.2,41,https://store.is.autonavi.com/showpic/8e6fddcf5c1e42ed0000002427852863?type=pic,116.668575,39.907675
,1300,,空中啤酒花园海鲜烧烤,海鲜烧烤,空中啤酒花园海鲜烧烤,"新华东街希尔顿欢朋酒店7层 | 营业时间:周一至周日 10:00-14:00,16:30-24:00",3.9,4.1,51,,116.669025,39.908125
,1300,,老闸桥烧烤鲜肉烧烤生蚝煲,烧烤生蚝,老闸桥烧烤鲜肉烧烤生蚝煲,南大街与西大街交叉口北20米,8.5,3,0,https://store.is.autonavi.com/showpic/dc831faced3c2204e2856acdf1ea3e3b,116.668613,39.907921
,1300,,顶cafe,煮茶,顶cafe,北京城区新华东街126号7层 | 营业时间:周一至周日 10:00-19:00 2026-02-21至2026-02-21 周一至周日 10:00-18:00 | 电话:18210212585,3.2,4.6,54,https://aos-comment.amap.com/B0JAVC2141/comment/04beddf4d3154e0091338c85ea0d8ca9_2048_2048_80.jpg,116.668865,39.907843
,1300,,中国兰州牛肉面(南街口店),牛肉拉面,中国兰州牛肉面(南街口店),"新华大街南大街五号中国兰州牛肉面 | 营业时间:周一至周日 10:30-14:30,17:00-22:00 | 电话:13366253113;17611660155",9.8,3.9,29,https://store.is.autonavi.com/showpic/1423e966c955381c469e1a33f8e7c3a9,116.668518,39.908027
,1300,,海滨肉饼(南大街店),肉饼,海滨肉饼(南大街店),"南大街9号附近 | 营业时间:周一至周日 10:00-14:30,17:00-22:00 | 电话:13910850951",2.1,4.4,54,https://aos-comment.amap.com/B0FFFAERX2/comment/content_media_external_images_media_1000231408_ss__1732197579816_33412146.jpg,116.668579,39.907841
,1302,,大众酒馆,中餐厅,大众酒馆,西马坊路19号,2.2,3.1,35,http://store.is.autonavi.com/showpic/54b0076c36adf036801b1e998de8b5ad,116.698111,39.716089
,1302,,宅欣美食城,中餐厅,宅欣美食城,中心西环路与中心西二路交叉口西80米,3.8,2.4,0,,116.698125,39.716075
,1302,,晋味聚川湘菜(西马坊店),中餐厅,晋味聚川湘菜(西马坊店),中心西环路与中心西一路交叉口东140米 | 营业时间:周一至周日 09:00-23:00 | 电话:17735748541,9.7,3.7,29,http://store.is.autonavi.com/showpic/e050aabb2e07833f6877a00b121aa37d,116.697324,39.71616
,1302,,胖子羊汤馆(宅欣店),中餐厅,胖子羊汤馆(宅欣店),于家务首开缇香郡南门 | 营业时间:周一至周日 10:00-24:00,0.9,3.9,48,https://store.is.autonavi.com/showpic/172b8ba7b3aa4eef16c20f57b5839bc5,116.698021,39.716054
,1302,,张记固始鹅块,固始鹅块,张记固始鹅块,中心西环路与中心西二路交叉口西120米 | 营业时间:周一至周日 09:30-23:00,9,4.2,76,http://store.is.autonavi.com/showpic/56f5a9ffb81149f5e1ca08deebcf9a36,116.697663,39.716058
,1302,,土鸡焖花卷焖饼丝满山红,焖饼,土鸡焖花卷焖饼丝满山红,中心西环路与中心西二路交叉口西80米,4.9,2.2,0,,116.698125,39.716175
,1302,,早点牛肉板面,牛肉板面,早点牛肉板面,中心西环路与中心西一路交叉口东80米,2.4,2.6,18,,116.696671,39.716133
,1302,,香河肉饼,香河肉饼,香河肉饼,首开·缇香郡2期C8区南门西90米,6.5,3.2,22,,116.697316,39.716154
,1302,,大昊龙虾(宅欣美食城+第六档口),龙虾,大昊龙虾(宅欣美食城+第六档口),中心西环路与中心西二路交叉口西80米,3.2,2,72,,116.698125,39.716125
,1305,,我爱咖啡(北航店),下午茶,我爱咖啡(北航店),北四环中路40楼248-6(北航北门东侧底商) | 营业时间:周一至周日 10:00-20:00 | 电话:18519952625,6.3,4.4,43,http://store.is.autonavi.com/showpic/eb39bfcc7dad124d0ff55b9a8c001c7f,116.345605,39.986168
,1305,,北京航空航天大学北区食堂,中餐厅,北京航空航天大学北区食堂,"学院路37号北京航空航天大学(学院路校区) | 营业时间:周一至周日 10:00-14:00,16:00-19:00",8.7,4.5,21,https://aos-comment.amap.com/B0FFLDTOND/comment/36079A87_FD10_4358_A3BC_FC1E50D63E5E_L0_001_2016_151_1761214451270_61379931.jpg,116.344484,39.985379
,1305,,大宗师老宁波干蒸牛肉减脂健康餐,中餐厅,大宗师老宁波干蒸牛肉减脂健康餐,北四环中路与北四环中路入口交叉口西北220米,2.1,2,0,,116.345175,39.988225
,1305,,徽普臭桂鱼(北航店),双人餐,徽普臭桂鱼(北航店),北四环中路辅路242号 | 营业时间:周一至周日 10:00-21:30 | 电话:010-68288250,5.1,4.5,97,https://aos-comment.amap.com/B0J0CUF0UR/comment/47f358366ddf26ca7f599a5a9aa08e34_2048_2048_80.jpg,116.347276,39.986262
,1305,,川渝美食家常菜(北航店),家常菜,川渝美食家常菜(北航店),北京城区北四环中路242号城市学院对面 | 营业时间:周一至周日 09:00-24:00 | 电话:010-82327485,2.2,4.4,40,http://store.is.autonavi.com/showpic/53d28edc73d9fcf752dacdf77c07ff08,116.346782,39.986292
,1305,,湘江宴,小炒黄牛肉,湘江宴,"北四环中路238号柏彦大厦1-2层(奥运大厦对面) | 营业时间:周一至周日 11:00-14:00,17:00-21:30 | 电话:010-82338811;010-82338855",7.3,4.6,137,https://aos-comment.amap.com/B000A84BQ5/comment/content_media_external_file_100001071_1772549258940_68540494.jpg,116.348779,39.985934
,1305,,面乡山西刀削面(北航店),扬州炒饭,面乡山西刀削面(北航店),北京城区北四环中路246号 | 营业时间:周一至周日 10:00-23:00 | 电话:16636190603,2.1,4,29,https://store.is.autonavi.com/showpic/96966c1fa08b33cdfd95fa34e39f8442,116.346696,39.98629
,1305,,花间围炉火锅(北航大学店),炒饭,花间围炉火锅(北航大学店),"北京航空航天大学北区食堂3层 | 营业时间:周一至周日 11:00-14:00,17:00-21:00 | 电话:010-62055898",4.5,3,44,https://aos-comment.amap.com/B0HARU1GNM/comment/content_media_external_images_media_20948_ss__1734387477776_17685258.jpg,116.34473,39.9852
,1305,,映庐(北航店),红烧肉,映庐(北航店),北京城区北四环中路242号 | 营业时间:周一至周日 10:00-22:30 | 电话:010-82323046;13401040494,3.1,4.6,80,http://store.is.autonavi.com/showpic/a90df70fb5a5ea7ace0004d68465aeaf,116.346933,39.986265
,1305,,泸州幺妹私房菜(北航店),血皮菜炒猪肝,泸州幺妹私房菜(北航店),"北京城区北四环路2幢南3号 | 营业时间:周一至周日 11:00-15:00,16:30-21:30 2026-02-10至2026-02-27 周一至周日 全天关闭 | 电话:18201061371",6.9,4.7,77,https://aos-comment.amap.com/B0J0SZDHI6/comment/content_media_external_file_9297_ss__1764387194475_96883186.jpg,116.347228,39.986283
,1306,,钱塘花园酒楼,东坡肉,钱塘花园酒楼,"北京城区双榆树北路59号 | 营业时间:周一 09:30-13:00,16:30-21:30；周六至周日 09:30-14:00,16:30-21:30 | 电话:010-62550308",6.1,4.6,164,https://store.is.autonavi.com/showpic/6433b82175925af0b253852272a6a11c,116.321348,39.972723
,1306,,壹零捌道(双榆树店),双人餐,壹零捌道(双榆树店),"双榆树北路61号 | 营业时间:周一至周五 11:00-14:00,17:00-21:00；周六至周日 11:00-14:30,17:00-21:30 | 电话:010-62118999",0.3,4.6,116,http://store.is.autonavi.com/showpic/ca8b9ba1833992a4a5224fa18df01055,116.320921,39.972836
,1306,,额尔敦传统涮(中关村店),和牛A1,额尔敦传统涮(中关村店),中关村大街甲38号燕山大酒店一楼 | 营业时间:周一至周日 11:00-22:00 | 电话:010-82169801;13031103550,6.4,4.7,85,https://store.is.autonavi.com/showpic/171a77d152a29397485b0c4ea1b474d3?operate=original,116.322534,39.970056
,1306,,西部博涛尊食府·盐池滩羊,烤羊肉串,西部博涛尊食府·盐池滩羊,中关村大街57号15号楼一层101 | 营业时间:周一至周日 10:00-01:00 | 电话:17610515922;18911590283,7.1,3.8,34,https://aos-comment.amap.com/B0KBJH7DAQ/comment/34df1a4642f2fc6a4332b014733b0529_2048_2048_80.jpg,116.319314,39.970522
,1306,,中国人民大学东区食堂,热干面,中国人民大学东区食堂,中关村大街59号中国人民大学 | 营业时间:周一至周日 08:30-22:00 | 电话:15900256702,2.2,4.6,14,https://aos-comment.amap.com/B0I2OSQYSN/comment/content_media_external_images_media_1000018068_ss__1761137802338_11286574.jpg,116.317261,39.968839
,1306,,库迪咖啡(人民大学崇德楼紫藤园店),生椰拿铁,库迪咖啡(人民大学崇德楼紫藤园店),吴玉章路中国人民大学中关村校区紫藤园学生服务区 | 营业时间:周一至周日 09:00-20:30 | 电话:13944404868,2.3,4.1,9,https://store.is.autonavi.com/showpic/7b0db620ddccbe9ff42ce59100617216?operate=original?operate=original?operate=original?operate=original,116.318318,39.970441
,1306,,贵凤凰贵州米粉(人大东门店),羊肉,贵凤凰贵州米粉(人大东门店),双榆树西里1号楼北侧(人民大学地铁站A2东北口步行80米) | 营业时间:周一至周日 11:00-21:30 2026-02-14至2026-02-26 周一至周日 全天关闭 | 电话:010-82656889;18210713338;18501953637,4,4.5,36,https://aos-comment.amap.com/B0GKHU0Y8Z/comment/7C44960B_EEE5_4EC9_B8BD_7A84A7D4F021_L0_001_2000_150_1765766891594_09916808.jpg,116.321813,39.968374
,1308,,勺园中餐厅,中餐厅,勺园中餐厅,"颐和园路5号北京大学勺园7号楼 | 营业时间:周一至周日 11:00-14:00,17:00-21:00 | 电话:010-62757344",0.8,4.6,75,https://aos-comment.amap.com/B0FFJQ1O6Z/comment/content_media_external_file_100000458_1772760569180_86922529.jpg,116.306244,39.990347
,1308,,3W咖啡(北京大学店),卡布奇诺,3W咖啡(北京大学店),北京大学第二教学楼(李兆基楼)负一层 | 营业时间:周一至周日 09:00-22:00 | 电话:010-62759088,3.7,4.6,50,http://store.is.autonavi.com/showpic/8d00863d76a9e0f9514be4520e3fc1ca,116.313656,39.989667
,1308,,燕南咖啡,手冲咖啡,燕南咖啡,燕园街道颐和园路5号北京大学百周年纪念讲堂地下一层 | 营业时间:周一至周日 07:30-22:00 2026-02-02至2026-02-24 周一至周日 全天关闭 | 电话:15801687524;18612900496,8.3,4.5,21,https://store.is.autonavi.com/showpic/5d04a75e5ce9275a62e4b85136980ccb,116.310738,39.990285
,1308,,瑞幸咖啡(北京大学医学部店),生椰拿铁,瑞幸咖啡(北京大学医学部店),北大吕志和楼1层(北京大学东门地铁站A西北口步行170米) | 营业时间:周一至周五 07:00-19:00；周六至周日 07:30-19:00 | 电话:4000100100,7.5,4.5,13,https://store.is.autonavi.com/showpic/c287706810a95e84ab635a931ccf264d?operate=original,116.315381,39.992791
,1308,,燕南美食,素菜,燕南美食,北京大学内 | 营业时间:一层:早餐06:50-09:00；一层、B1层:午餐:11:00-13:00；晚餐:17:00-19:00 | 电话:010-62755019,7.6,4.6,19,http://store.is.autonavi.com/showpic/1280c941eb2751537d06ab8eebb00309,116.310291,39.990541
,1308,,MINI-CO小咖咖啡(北京大学店),美式,MINI-CO小咖咖啡(北京大学店),北京城区中关村北大街147号北京大学校内李兆基楼1层 | 营业时间:周一至周日 07:30-21:30 | 电话:18001162251,2,4.4,12,https://aos-comment.amap.com/B0K23SP4VX/comment/FD3BAD57_0DFA_4564_B1B5_E34AE76397C7_L0_001_1500_2000_1729244635268_98111719.jpg,116.313648,39.98967
,1308,,瑞幸咖啡(北京大学店),菠萝的海瑞纳冰,瑞幸咖啡(北京大学店),颐和园路5号北京大学生命科学科研大楼吕志和楼负一层141号 | 营业时间:周一至周五 07:00-18:00；周六至周日 08:00-18:00 | 电话:4000100100,9.2,4.5,13,https://store.is.autonavi.com/showpic/c287706810a95e84ab635a931ccf264d?operate=original,116.313254,39.992661
,1308,,佟园食堂,麻辣烫,佟园食堂,颐和园路5号 | 营业时间:早餐:07:00-09:00；午餐:11:00-13:00；晚餐:17:00-22:00(假期时段至20:00) | 电话:010-62752212,4.9,4.5,19,https://aos-comment.amap.com/B000A7U4SF/comment/6d6fd8f2d4595a031e637b54dd6deb49_2048_2048_80.jpg,116.306746,39.990992
,1308,,农园食堂,麻辣烫,农园食堂,颐和园路5号北京大学 | 营业时间:一层:11:00-13:00；17:00-19:00； 二层:07:00-08:30；11:00-13:00；17:00-19:00； 三层:11:00-14:00；17:00-21:00 | 电话:010-62767100,8,4.7,39,https://aos-comment.amap.com/B000A8UNZV/comment/5c6b7d7947cba84fcde85eddcf487495_2048_2048_80.jpg,116.312348,39.989027
,1309,,北京体育大学竞技体校餐厅,刀削面,北京体育大学竞技体校餐厅,上地信息路48号院内 | 营业时间:周一至周五 06:45-08:00，10:45-13:00，16:45-19:00； 周六至周日 06:45-08:30，10:45-13:00，16:45-19:00 | 电话:13701339019,3.1,4.2,0,https://store.is.autonavi.com/showpic/3852ed06522b64941fb60a3a90a1f73f,116.314588,40.026643
,1309,,北京体育大学餐饮大楼,麻辣香锅,北京体育大学餐饮大楼,信息路48北京体育大学内 | 营业时间:周一至周日 10:00-22:00,9.2,4.5,17,https://aos-comment.amap.com/B0FFF2Q7X1/comment/d655ab14fc4882baf89ea320c425d3c0_2048_2048_80.jpg,116.321456,40.022862
,1311,,中央民族大学学生食堂,中餐厅,中央民族大学学生食堂,中关村南大街27号中央民族大学家属院社区 | 营业时间:周一至周日 10:00-22:00,6.1,4.3,17,https://aos-comment.amap.com/B0FFL9IQT7/comment/3D2AFA87_06B7_433A_861A_65222AE6858A_L0_001_1500_200_1759393013364_27989527.jpg,116.320275,39.952175
,1311,,中央民族大学第四学生餐厅,中餐厅,中央民族大学第四学生餐厅,中关村南大街27号,0.8,4.2,17,,116.320075,39.952075
,1311,,云阿嫫MO·云南厨房(北京首店),中餐厅,云阿嫫MO·云南厨房(北京首店),"紫竹院街道民族大学西路58号云阿嫫云南厨房魏公村店 | 营业时间:周一至周四 11:00-14:00,16:30-22:00；周五至周日 11:00-22:00 2026-02-15至2026-02-22 周一至周日 全天关闭 | 电话:15349481412",8.2,4.6,89,https://aos-comment.amap.com/B0L2UCEJGZ/comment/file_media_Photo_2362_IMG_1763807178_2527_IMG_20251122_182438_jpg_ss__1764171499766_23406376.jpg,116.31724,39.950623
,1311,,金孔雀德宏傣味餐馆,傣味菠萝饭,金孔雀德宏傣味餐馆,魏公村民族大学北路1号 | 营业时间:周一至周日 11:00-21:00 | 电话:010-68930629;010-68932030,5.4,4.7,88,https://store.is.autonavi.com/showpic/efc31a6fa8bcd9b00000002459632483?type=pic,116.319057,39.953157
,1311,,全牛匠·乐山跷脚牛肉(魏公村店),双人餐,全牛匠·乐山跷脚牛肉(魏公村店),魏公村民族大学北路16号2幢1层16号 | 营业时间:周一至周日 10:00-22:00 | 电话:18110050938,9.4,4.5,38,http://store.is.autonavi.com/query_pic?id=stb6cc1dcb-e0bf-42ba-b414-3519e2affd72&user=search&operate=original,116.319412,39.953194
,1311,,MINI-CO小咖咖啡(中央民族大学店),小确杏美式,MINI-CO小咖咖啡(中央民族大学店),北京城区中央民族大学理工楼1层 | 营业时间:周一至周五 07:30-18:00；周六 09:30-17:30 | 电话:13910932888,7.9,3.6,20,https://store.is.autonavi.com/showpic/91f3134b2707d319b0945ea8cb823106,116.319274,39.948754
,1311,,小天府川菜馆(魏公村店),干锅鸭头,小天府川菜馆(魏公村店),中关村南路27号中央民族大学西门南 | 营业时间:周一至周日 10:00-24:00,5.4,4.6,63,https://store.is.autonavi.com/showpic/a61552657c23891c2c5f5e1d9209fc4a,116.317184,39.950782
,1311,,库迪咖啡(鑫德嘉园底商店),杨枝甘露,库迪咖啡(鑫德嘉园底商店),北京城区北京城区民族大学西路66号鑫德嘉园1层A03 | 营业时间:周一至周日 07:30-18:30 | 电话:15031055523,0.2,4.1,9,https://store.is.autonavi.com/showpic/7b0db620ddccbe9ff42ce59100617216?operate=original?operate=original?operate=original?operate=original,116.317326,39.949289
,1311,,田老师红烧肉(魏公村法华寺店),红烧肉饭,田老师红烧肉(魏公村法华寺店),民族大学西路60号院西2门旁 | 营业时间:周一至周日 00:00-24:00 | 电话:010-68461497,9,4.4,28,https://aos-comment.amap.com/B0FFFAJ43E/comment/content_media_external_file_100002013_1772159830573_29557771.jpg,116.317137,39.950953
,1311,,阿祥嫂隆江猪脚饭(魏公村店),绿豆汤,阿祥嫂隆江猪脚饭(魏公村店),魏公村民族大学北路10号 | 营业时间:周一至周日 10:00-21:30 | 电话:17316022390,0.9,4.3,34,https://store.is.autonavi.com/showpic/a4152329efa938260000000727078628?type=pic,116.320623,39.953297
,1311,,西门羊汤,羊杂汤,西门羊汤,法华寺街临8号-03 | 营业时间:周一至周日 07:00-23:00 | 电话:15510299601,3.7,4.4,30,http://store.is.autonavi.com/showpic/c74f7f187b90566055e749af1ab3fa48,116.317123,39.951017
,1311,,满德海蒙古食府,羊肉,满德海蒙古食府,魏公村魏公街10号 | 营业时间:周一至周日 10:30-22:00 | 电话:010-65865271,7.1,4.5,90,http://store.is.autonavi.com/showpic/851ad56a79ef99306b0ae3e50786d043,116.320301,39.953281
,1311,,石器时代烧烤·精酿(民族大学店),羊肉,石器时代烧烤·精酿(民族大学店),北京城区魏公街8号石器时代串吧 | 营业时间:周一至周日 11:00-03:00 | 电话:010-88541020,4.5,4.6,83,https://aos-comment.amap.com/B0JRM7OWO9/comment/content_media_external_file_34667_ss__1769064010882_17370443.jpg,116.320751,39.953299
,1311,,贵州米粉(北京海淀区),辣子鸡米粉,贵州米粉(北京海淀区),民族大学西路60号院西2门北50米 | 营业时间:周一至周日 10:00-21:00 | 电话:13260125676;13601114804,10,4.6,14,https://aos-comment.amap.com/B000A80AWW/comment/F6722904_25D8_4DF4_93C4_3B6A46CD9BFF_L0_001_2000_150_1770472266879_42495871.jpg,116.317114,39.951054
,1311,,寳源南门涮肉(魏公街店),铜锅清汤大锅,寳源南门涮肉(魏公街店),北京城区北京城区魏公街12号 | 营业时间:周一至周日 10:00-01:00 | 电话:010-88510666;13381382390,2.3,4.6,106,https://store.is.autonavi.com/showpic/6d2449d5f1875d529bcac06032869573,116.320124,39.953294
,1312,,白鹿江西餐厅(北师大店),双人餐,白鹿江西餐厅(北师大店),"新街口外大街19号5区4幢1-12号平房 | 营业时间:周一至周五 11:00-14:30,17:00-21:30；周六至周日 11:00-21:30 | 电话:18810899360",1.5,4.6,70,https://aos-comment.amap.com/B0FFF2SNBA/comment/4c33fcde8df6424e9f5f937c148966eb_2048_2048_80.jpg,116.366104,39.965058
,1312,,北师大西北风味餐厅(三层餐厅),小火锅,北师大西北风味餐厅(三层餐厅),新街口外大街19号2区30栋2楼 | 营业时间:周一至周日 09:00-22:00 | 电话:010-58804932,1.9,4.5,62,https://aos-comment.amap.com/B000A85HP9/comment/eb27452ca3eac2c63e05c87ca4b59fda_2048_2048_80.jpg,116.363072,39.95868
,1312,,星巴克北京师范大学店,巧克力,星巴克北京师范大学店,学院南路18号 | 营业时间:周一至周日 07:00-19:00 | 电话:010-87580076,8.7,4.5,30,https://aos-comment.amap.com/B0KAUZGL2H/comment/7397492342ba9e3fa469af5ad9442831_2048_2048_80.jpg,116.363266,39.958618
,1312,,九榀咖啡(北师大店),最山楂,九榀咖啡(北师大店),乐育路与木铎路交叉口北60米 | 营业时间:周一至周日 07:30-23:00 | 电话:18201095967,5.4,4.4,34,https://aos-comment.amap.com/B0FFHSSVIN/comment/2782f6b6d80fe51ae4284d6bbd9b16a0_2048_2048_80.jpg,116.367887,39.962291
,1312,,北京邮电大学海淀校区学生食堂,泡鲁达,北京邮电大学海淀校区学生食堂,西土城路10号北京邮电大学 | 营业时间:周一至周日 11:00-02:00 | 电话:010-62281771;18210246088,5.3,4,19,https://aos-comment.amap.com/B0FFG3YKPH/comment/d50c2d22617b5abbe2d849b2c41ec051_2048_2048_80.jpg,116.359173,39.963356
,1312,,北京师范大学学5食堂,点心,北京师范大学学5食堂,"新街口外大街19号北京师范大学内 | 营业时间:周一至周日 06:30-13:00,16:30-20:30 | 电话:010-58801827",1.2,4.6,13,https://aos-comment.amap.com/B000A85HYN/comment/content_media_external_file_1000058533_ss__1768613139416_54530524.jpg,116.362926,39.958922
,1312,,郭靖烤全羊(北师大店),烤巴马香猪,郭靖烤全羊(北师大店),新街口外大街19号2区30幢106号 | 营业时间:周一至周日 00:00-24:00 | 电话:13718661711;18310351711,8.6,2.5,118,http://store.is.autonavi.com/showpic/cac857da280f880808a708cd88bc7679,116.363116,39.959128
,1312,,北京师范大学教工第一食堂,蛋挞,北京师范大学教工第一食堂,"新街口外大街19号 | 营业时间:周一至周日 07:00-09:00,11:00-13:00；周一至周日 17:00-18:30,19:00-20:30",5,4.5,16,https://store.is.autonavi.com/showpic/e2c81f14ab1f5c780000001021132154?type=pic,116.366937,39.9628
,1312,,柳州印象螺蛳粉(师范大学店),螺蛳粉,柳州印象螺蛳粉(师范大学店),北京师范大学(海淀校园) | 营业时间:周一00:00-24:00；周二00:00-24:00；周三00:00-24:00；周四00:00-24:00；周五00:00-24:00；周六00:00-24:00；周七00:00-24:00,3.1,3.8,16,https://store.is.autonavi.com/showpic/db509fa24e1005de49a59c5d2f255b81,116.363306,39.958644
,1312,,北京师范大学实习餐厅,鸡肉,北京师范大学实习餐厅,"新街口外大街19号北京师范大学 | 营业时间:周一至周日 09:00-13:00,16:30-20:00 | 电话:010-58808185",1.8,4.4,54,https://aos-comment.amap.com/B000A80A1D/comment/2025-10-27-08-41-51%2B55C93D2D-6A85-4400-88BF-A008159F4C5_1761525714820_67612413.jpg,116.367384,39.962833
,1313,,北京邮电大学教工餐厅,中餐厅,北京邮电大学教工餐厅,西土城路10号北京邮电大学内学生食堂3层(近北京师范大学) | 营业时间:周一至周日 10:00-21:00,9.7,3.2,36,http://store.is.autonavi.com/showpic/3a3f8d54813608b08dbbad96082002df,116.358447,39.963583
,1313,,北京邮电大学海淀校区综合食堂,中餐厅,北京邮电大学海淀校区综合食堂,"西土城路10号北京邮电大学海淀校区 | 营业时间:周一至周日 11:00-14:00,17:00-21:00 | 电话:13661163230",7.2,4.1,14,https://aos-comment.amap.com/B0I2OSSZ2G/comment/a70a39ef80c183a03cbbc18d2c8f5680_2048_2048_80.jpg,116.35666,39.963966
,1313,,民族餐厅(师大北路店),中餐厅,民族餐厅(师大北路店),"西土城路10号院邮电大学民族餐厅4层 | 营业时间:周一至周日 11:00-14:00,17:00-20:00",6,3.4,41,https://aos-comment.amap.com/B000AA3TZC/comment/ebb16649a346cfcce878adcea69c6106_2048_2048_80.jpg,116.356786,39.963988
,1313,,莫小卤桂林米粉,中餐厅,莫小卤桂林米粉,学院南路7号平房 | 营业时间:周一至周日 10:30-22:00 | 电话:13120259946,3,4.5,24,https://store.is.autonavi.com/showpic/621369360cd2e5b50000002348498640?type=pic,116.359603,39.958188
,1313,,豫石记羊汤(北邮店),单人餐,豫石记羊汤(北邮店),学院南路西土城路10号 | 营业时间:周一至周日 07:00-03:00 | 电话:18600973909,4.1,4.3,22,https://store.is.autonavi.com/showpic/f405040ca296181890ba60a8cd032aaa,116.359919,39.958249
,1313,,嘿!延边碳火烤肉,双人餐,嘿!延边碳火烤肉,北京城区学院南路9号 | 营业时间:周一至周日 11:00-22:00 | 电话:13811695066,4.8,4.5,103,https://aos-comment.amap.com/B0JDMH3PJV/comment/content_media_external_file_100007674_1755839884089_52481133.jpg,116.35912,39.958244
,1313,,袁记云饺(北京市海淀区学院南路店),堂食,袁记云饺(北京市海淀区学院南路店),北京城区西土城路10号17号平房 | 营业时间:周一至周日 08:00-21:00 | 电话:18513162326,6.9,4.1,23,https://store.is.autonavi.com/showpic/24d8c4f250f7147f3ac600fc4842f0ff?operate=original?operate=original?operate=original?operate=original,116.359469,39.958179
,1313,,一佰烤场BBQ生态烧烤烤鱼香锅,小龙虾,一佰烤场BBQ生态烧烤烤鱼香锅,"北京城区学院南路5号101号 | 营业时间:周一至周日 11:00-14:00,17:00-01:00 | 电话:010-62266628",0.1,4.4,79,http://store.is.autonavi.com/showpic/7c63aeba341d7c73fc88a8c614db3b7a,116.35981,39.958228
,1313,,沪咖·鲜果咖啡(北京海淀邮电大学店),桃桃大福,沪咖·鲜果咖啡(北京海淀邮电大学店),北京邮电大学南门家属区 | 营业时间:周一至周五 09:00-20:00；周六至周日 10:00-22:00 | 电话:18110157692,6.6,3.1,14,http://store.is.autonavi.com/showpic/121e04019bbc4265cd03b9c200bdcc19,116.357176,39.960004
,1313,,北京邮电大学海淀校区学生食堂,泡鲁达,北京邮电大学海淀校区学生食堂,西土城路10号北京邮电大学 | 营业时间:周一至周日 11:00-02:00 | 电话:010-62281771;18210246088,2.7,4,19,https://aos-comment.amap.com/B0FFG3YKPH/comment/d50c2d22617b5abbe2d849b2c41ec051_2048_2048_80.jpg,116.359173,39.963356
,1313,,原始泥炉炭火烤肉(四道口店),炭火烤肉,原始泥炉炭火烤肉(四道口店),学院南路9号 | 电话:13811695066,4.2,3.2,0,https://store.is.autonavi.com/showpic/427ccc801496b81fdcc5e72df0c01171,116.359059,39.958179
,1313,,瑞幸咖啡(北京邮电大学店),生椰拿铁,瑞幸咖啡(北京邮电大学店),西土城路10号41幢底商 | 营业时间:周一至周五 07:00-20:00；周六 07:00-20:30；周日 07:00-21:00 | 电话:4000100100,2.7,4.3,13,https://store.is.autonavi.com/showpic/c287706810a95e84ab635a931ccf264d?operate=original,116.357952,39.963694
,1313,,杨记老门框百年卤煮(北邮店),羊肉串,杨记老门框百年卤煮(北邮店),北京城区学院南路5号 | 营业时间:周一至周日 09:30-02:00 | 电话:15116973081,8.6,4.5,29,https://store.is.autonavi.com/showpic/ded6a09b240469440000002368516495?type=pic,116.359794,39.958236
,1313,,库迪咖啡(北京邮电大学校外店),鲜气杨梅新品,库迪咖啡(北京邮电大学校外店),学院南路9号1幢104号北京学院南路平房3号 | 营业时间:周一至周五 07:00-19:00；周六至周日 07:30-19:00 | 电话:15801406951,7,4.3,9,https://store.is.autonavi.com/showpic/7b0db620ddccbe9ff42ce59100617216?operate=original?operate=original?operate=original?operate=original,116.360101,39.958426
,1316,,瑞幸咖啡(北交大红果园店),三明治,瑞幸咖啡(北交大红果园店),高粱桥路上园村3号四 | 营业时间:周一至周日 07:00-20:00 | 电话:4000100100,3.5,3.9,13,https://store.is.autonavi.com/showpic/c287706810a95e84ab635a931ccf264d?operate=original,116.342134,39.951215
,1316,,北京交通大学学生四食堂,中餐厅,北京交通大学学生四食堂,"西直门外上园村3号北京交通大学 | 营业时间:周一至周日 07:00-09:00,11:00-14:00；周一至周日 17:00-19:00 | 电话:010-51658375",2.7,4.3,16,https://aos-comment.amap.com/B000A9OMP8/comment/5e795a1701b4952904453a8e9fc7e698_2048_2048_80.jpg,116.344104,39.949752
,1316,,明湖餐厅(交通大学店),北京烤鸭,明湖餐厅(交通大学店),"上园村3号北京交通大学学生一餐厅3层 | 营业时间:周一至周日 09:00-14:00,16:00-21:00 | 电话:18210870085",6.9,4.4,18,https://aos-comment.amap.com/B000A983FD/comment/44F6FE50_605B_47E5_A80B_0885BF1A2B96_L0_001_2000_1500_1734979271692_98035116.jpg,116.343166,39.953113
,1316,,北京交通大学学生一餐厅,大盘鸡面,北京交通大学学生一餐厅,上园村3号北京交通大学 | 营业时间:周一至周日 11:00-08:30 | 电话:010-51688357,3.3,4.4,16,https://aos-comment.amap.com/B000A8VXG7/comment/EB2432E3_84C4_4312_BE7B_8996775DE668_L0_001_1500_200_1758943106251_87233768.jpg,116.343142,39.953112
,1316,,红果园餐厅,家常菜,红果园餐厅,"西直门外上园村3号北京交通大学红果园宾馆2层 | 营业时间:周一至周日 11:00-14:00,17:00-20:30 | 电话:010-51685130;010-51688177",6.9,4.5,81,https://aos-comment.amap.com/B000A9DFNY/comment/429E83D4_9D07_4504_A3C9_BFC37569ADA3_L0_001_2016_151_1761302325893_09541604.jpg,116.344101,39.950811
,1316,,蜀味浓(交大店),家常菜,蜀味浓(交大店),交通大学家属区东门二楼 | 营业时间:周一至周日 09:00-22:00 | 电话:17343178582,0.3,2.1,48,https://aos-comment.amap.com/B0FFHJH3IG/comment/54d01d18c22da1605387e86380e1ee1e_2048_2048_80.jpg,116.344519,39.954025
,1316,,晋运鑫川湘家常菜(交大店),川湘家常菜,晋运鑫川湘家常菜(交大店),"高梁桥路上园村3号八区36号楼2层5号 | 营业时间:周一至周日 09:30-14:30,17:00-22:30 | 电话:13611237415",9.8,4,48,https://store.is.autonavi.com/showpic/7a20baf1356710299a3afea91ebd1ac8,116.34453,39.954006
,1316,,太湖小馆(交大店),清炖蟹粉狮子头,太湖小馆(交大店),交通大学路3号院3号楼一层南段 | 营业时间:周一至周日 10:00-21:30 | 电话:18810866077,9.6,4.5,89,https://store.is.autonavi.com/showpic/8e37a382bd9eea916dfaa10defbb32ef,116.343322,39.948894
,1316,,沙县小吃(交大嘉园店),螺蛳粉,沙县小吃(交大嘉园店),交通大学路1号交大嘉园 | 营业时间:周一至周日 08:00-23:00 | 电话:13126827212,1.7,4.1,18,https://aos-comment.amap.com/B0K60M31HE/comment/2026-02-10-10-48-42%2B54215F86-7FEF-4EBF-9A51-0AD42F4222C_1770691725855_33104254.jpg,116.344068,39.948936
,1316,,库迪咖啡(北京交通大学一食堂店),鲜气杨梅新品,库迪咖啡(北京交通大学一食堂店),北京城区上园村3号交通大学第一食堂内(明湖餐厅)2层东北角 | 营业时间:周一至周五 07:30-19:30；周六至周日 07:30-19:30 | 电话:13718313152,9.1,4,9,https://store.is.autonavi.com/showpic/7b0db620ddccbe9ff42ce59100617216?operate=original?operate=original?operate=original?operate=original,116.343175,39.953125
,1317,,北京理工大学中关村校区第八食堂,中餐厅,北京理工大学中关村校区第八食堂,校园中路与体育西路交叉口东100米,4.9,3.8,12,https://store.is.autonavi.com/showpic/91c5e24cec966c740ebe78ebd5177e3c,116.313675,39.960725
,1317,,教工食堂,大盘鸡,教工食堂,紫竹院街道中关村南大街5号北京理工大学5号院2层 | 营业时间:周一至周日 10:30-24:00,3.9,4.3,18,https://aos-comment.amap.com/B0I3ZUV6J1/comment/content_media_external_file_1000014108_ss__1759455107540_57761355.jpg,116.313275,39.960715
,1317,,延园餐厅,大饼,延园餐厅,紫竹院街道中关村南大街5号北京理工大学菜市场北二楼 | 营业时间:周一至周日 07:30-21:00 | 电话:010-68912874,3.2,4.5,96,https://aos-comment.amap.com/B000A7XV4A/comment/content_media_external_images_media_100002402_1727337553479_77699189.jpg,116.314715,39.960865
,1317,,来禄鹅·广东家里饭(魏公村店),广东菜(粤菜),来禄鹅·广东家里饭(魏公村店),北京城区北京城区北京市海淀区中关村南大街5号9区685栋1层03室 | 营业时间:周一至周日 11:00-21:30 | 电话:13522037507;14701244273,7.2,4.4,68,https://store.is.autonavi.com/showpic/374e6592ad5ca6a20000000748060699?type=pic,116.310768,39.962883
,1317,,北京理工大学中关村校区第3食堂,炸鸡腿,北京理工大学中关村校区第3食堂,中关村南大街5号北京理工大学 | 营业时间:周一至周日 06:30-19:00 | 电话:010-68911516,7.5,4.2,12,https://aos-comment.amap.com/B0I3ZUX0D6/comment/content_media_external_file_1000014114_ss__1759454735876_95897396.jpg,116.31367,39.960752
,1317,,瑞幸咖啡(国防科技园5号楼店),美式,瑞幸咖啡(国防科技园5号楼店),西三环北路甲2号院北京理工大学中关村校区国防科技园5号楼一层 | 营业时间:周一至周五 07:30-18:00 | 电话:4000100100,7.1,4.5,13,https://store.is.autonavi.com/showpic/c287706810a95e84ab635a931ccf264d?operate=original,116.310383,39.960169
,1317,,北京理工大学中关村校区2食堂,麻辣烫,北京理工大学中关村校区2食堂,中关村南大街5号北京理工大学校内 | 营业时间:周一至周日 10:00-21:00 | 电话:010-68913909,3.7,4.5,27,https://aos-comment.amap.com/B0FFF4FBXZ/comment/18f91eced9e1185c275e0b1abbb7e378_2048_2048_80.jpg,116.312767,39.960595
,1318,,北京理工大学中关村校区第八食堂,中餐厅,北京理工大学中关村校区第八食堂,校园中路与体育西路交叉口东100米,3.7,3.8,12,https://store.is.autonavi.com/showpic/91c5e24cec966c740ebe78ebd5177e3c,116.313675,39.960725
,1318,,德佳园餐厅(理工大学店),大盘鸡,德佳园餐厅(理工大学店),中关村南大街5号北京理工大学中关村校区商业楼 | 营业时间:周一至周日 10:00-23:30 | 电话:18618182115,1.2,4.2,71,http://store.is.autonavi.com/showpic/d17eabedba3009f5011ea3ec5fa1295e,116.315372,39.960986
,1318,,教工食堂,大盘鸡,教工食堂,紫竹院街道中关村南大街5号北京理工大学5号院2层 | 营业时间:周一至周日 10:30-24:00,8.8,4.3,18,https://aos-comment.amap.com/B0I3ZUV6J1/comment/content_media_external_file_1000014108_ss__1759455107540_57761355.jpg,116.313275,39.960715
,1318,,延园餐厅,大饼,延园餐厅,紫竹院街道中关村南大街5号北京理工大学菜市场北二楼 | 营业时间:周一至周日 07:30-21:00 | 电话:010-68912874,0.9,4.5,96,https://aos-comment.amap.com/B000A7XV4A/comment/content_media_external_images_media_100002402_1727337553479_77699189.jpg,116.314715,39.960865
,1318,,来禄鹅·广东家里饭(魏公村店),广东菜(粤菜),来禄鹅·广东家里饭(魏公村店),北京城区北京城区北京市海淀区中关村南大街5号9区685栋1层03室 | 营业时间:周一至周日 11:00-21:30 | 电话:13522037507;14701244273,5.2,4.4,68,https://store.is.autonavi.com/showpic/374e6592ad5ca6a20000000748060699?type=pic,116.310768,39.962883
,1318,,星巴克(西海国际中心店),星冰乐,星巴克(西海国际中心店),北京城区北三环西路99号院西海国际中心1号楼1F108 | 营业时间:周六至周日 06:30-18:00；周一至周五 06:30-20:00 | 电话:010-82194688,8.1,4.4,30,http://store.is.autonavi.com/showpic/e45e3a0043413101283377e6985510c9,116.308996,39.963609
,1318,,江仙雅居(苏州桥店),毛血旺,江仙雅居(苏州桥店),"北京城区万泉河路冀中金牛酒店3楼 | 营业时间:周一至周日 11:00-13:30,17:00-21:30 | 电话:13811035977",6.9,4.6,0,https://store.is.autonavi.com/showpic/93718f0a369fb6e81df1ad6c3227df4a,116.308649,39.964
,1318,,北京理工大学中关村校区第3食堂,炸鸡腿,北京理工大学中关村校区第3食堂,中关村南大街5号北京理工大学 | 营业时间:周一至周日 06:30-19:00 | 电话:010-68911516,9.9,4.2,12,https://aos-comment.amap.com/B0I3ZUX0D6/comment/content_media_external_file_1000014114_ss__1759454735876_95897396.jpg,116.31367,39.960752
,1318,,瑞幸咖啡(国防科技园5号楼店),美式,瑞幸咖啡(国防科技园5号楼店),西三环北路甲2号院北京理工大学中关村校区国防科技园5号楼一层 | 营业时间:周一至周五 07:30-18:00 | 电话:4000100100,1.4,4.5,13,https://store.is.autonavi.com/showpic/c287706810a95e84ab635a931ccf264d?operate=original,116.310383,39.960169
,1318,,北京理工大学中关村校区2食堂,麻辣烫,北京理工大学中关村校区2食堂,中关村南大街5号北京理工大学校内 | 营业时间:周一至周日 10:00-21:00 | 电话:010-68913909,3.4,4.5,27,https://aos-comment.amap.com/B0FFF4FBXZ/comment/18f91eced9e1185c275e0b1abbb7e378_2048_2048_80.jpg,116.312767,39.960595
,1319,,库迪咖啡(中国传媒大学西门店),五常米乳拿铁,库迪咖啡(中国传媒大学西门店),北京城区定福庄东街2号8号楼1层2号 | 营业时间:周日 08:30-18:00 | 电话:18516933891,4.8,3.8,9,http://store.is.autonavi.com/query_pic?id=st295c7630-9672-49da-b930-f59a8f8a80b9&user=search&operate=original,116.55426,39.912648
,1319,,猎人烧烤,五花肉,猎人烧烤,北京第二外国语学院西门旁 | 营业时间:周一至周日 16:00-03:00 | 电话:18730956386,8.4,4.4,54,https://aos-comment.amap.com/B0I1J7J4AK/comment/D5D2743C_78D7_4E42_96F4_A4D36CC7516D_L0_001_2048_153_1766931646011_61977858.jpg,116.560898,39.912572
,1319,,小四川家常菜(北京朝阳区),家常菜,小四川家常菜(北京朝阳区),定福庄西里1号院南区南门东110米 | 营业时间:周一至周日 10:30-23:30 | 电话:13651331023;18611941171,8.3,4.2,45,http://store.is.autonavi.com/showpic/7de14705ae6442443be06b72fec3d339,116.554194,39.913002
,1319,,库迪咖啡(中国传媒大学店),流云茉莉轻乳茶,库迪咖啡(中国传媒大学店),北京城区传媒大学溢香苑4层寻味秦川 | 营业时间:周一至周五 07:30-18:00 | 电话:18201630362,8.7,4,9,https://store.is.autonavi.com/showpic/7b0db620ddccbe9ff42ce59100617216?operate=original?operate=original?operate=original?operate=original,116.557585,39.913793
,1319,,海南鸡饭,海南鸡饭,海南鸡饭,中国传媒大学星光超市东厅海南鸡饭咖喱饭 | 营业时间:周一至周日 08:00-21:15 | 电话:17801069095,7.5,3,29,https://aos-comment.amap.com/B0FFJ7B60P/headerImg/b00f6666c184daaaf5e556379072d2b4_2048_2048_80.jpg,116.55771,39.913857
,1319,,小滇娘·山野云南菜Bistro(传媒大学店),爆炒新鲜牛肝菌,小滇娘·山野云南菜Bistro(传媒大学店),定福庄东街2号8幢01室 | 营业时间:周一至周日 10:30-21:30 2026-02-09至2026-02-23 全天关闭 | 电话:18510358602,1.8,4.5,60,https://aos-comment.amap.com/B0IATHP19I/comment/content_media_external_images_media_1000036997_ss__1751871888722_09357367.jpg,116.554045,39.91286
,1319,,淮湘宴·新派江南融合菜(中国传媒大学店),特色菜,淮湘宴·新派江南融合菜(中国传媒大学店),"定福庄东街7号中传国际交流中心3楼 | 营业时间:周一至周日 10:00-14:00,16:30-22:00 | 电话:010-65783897;18210321327",9.4,4.5,119,https://store.is.autonavi.com/showpic/3156752d1c6f92c9f60b8a0520053cd6,116.55395,39.911884
,1319,,瑞幸咖啡(中国传媒大学综合楼店),生椰拿铁,瑞幸咖啡(中国传媒大学综合楼店),定福庄东街中国传媒大学40号楼一层大堂 | 营业时间:明周日07:30-19:30 | 电话:4000100100,8.4,3.5,13,https://store.is.autonavi.com/showpic/c287706810a95e84ab635a931ccf264d?operate=original,116.557566,39.913743
,1319,,街角麻辣烫·米线·烧烤大排档,米线,街角麻辣烫·米线·烧烤大排档,传媒大学东路与建国路交叉口北320米 | 营业时间:周一至周日 11:00-03:00 | 电话:17610150567,2.4,3.5,51,https://aos-comment.amap.com/B0L0H7RD0G/headerImg/HeadImage_1764956679551_78694954.jpg,116.560875,39.912425
,1319,,港味堂(传媒大学店),进店必点,港味堂(传媒大学店),北京城区定福庄东街2号9号楼2层 | 营业时间:周一至周日 09:30-23:00 | 电话:15210573098,0.2,4.2,29,https://aos-comment.amap.com/B0FFHFD4CE/headerImg/40814e6b2d363483e670f8238b814f51_2048_2048_80.jpg,116.554256,39.912669
,1319,,瑞幸咖啡(中国传媒大学店),陨石拿铁,瑞幸咖啡(中国传媒大学店),定福庄东街2号中国传媒大学西门9幢一层04号 | 营业时间:周一至周日 08:00-16:00 | 电话:4000100100,2.6,4.4,13,https://store.is.autonavi.com/showpic/c287706810a95e84ab635a931ccf264d?operate=original,116.5542,39.912836
,1320,,沐甘泽Coffee(央美店),coffee,沐甘泽Coffee(央美店),花家地南街与自来水厂北路交叉口西北280米 | 营业时间:周一至周日 09:00-22:00,9.8,3.8,23,https://aos-comment.amap.com/B0KU5ZPIXQ/comment/D31E386F_C1E4_4465_81B0_6A2A2E0A6FA0_L0_001_1536_204_1767878634809_40142859.jpg,116.464425,39.983575
,1320,,大碗先生,中餐厅,大碗先生,花家地南街与自来水厂北路交叉口西北300米,7,3.5,46,,116.463925,39.983475
,1320,,中央美术学院1食堂,牛肉面,中央美术学院1食堂,花家地南街8号中央美术学院8号楼一层 | 营业时间:周一至周日 10:00-16:30 | 电话:010-64771288,2.5,4.4,29,https://aos-comment.amap.com/B0FFFAHFX8/comment/654b4503f7629e3b7cb1c41cd4cbd752_2048_2048_80.jpg,116.464831,39.981678
,1320,,中央美术学院3食堂,特色小吃,中央美术学院3食堂,"中央美术学院19号楼 | 营业时间:周一至周日 07:00-09:00,11:00-13:00；周一至周日 17:00-19:00",9.7,4.4,19,https://aos-comment.amap.com/B0FFH1IEL6/comment/0d4115c57f53216252b48043ae485015_2048_2048_80.jpg,116.462186,39.985331
,1320,,中央美术学院第二食堂,脆皮鸡,中央美术学院第二食堂,花家地南街8号中央美术学院13号楼1层 | 营业时间:周一至周日 07:00-19:30 | 电话:010-64771000;010-64771288,6.7,4.3,18,http://store.is.autonavi.com/showpic/092ed25569817428728972906540706c,116.46324,39.981805
,1320,,宽板凳老灶火锅(望京花家地店),金针肥牛,宽板凳老灶火锅(望京花家地店),花家地南街花家地小区十六号楼底 | 营业时间:周一至周日 11:00-23:00 2026-02-13至2026-02-25 周一至周日 全天关闭 | 电话:17610166299,5.2,4.6,126,https://aos-comment.amap.com/B0FFFS40JI/comment/74ff08dad7893b037bc5d29ae6bd58db_2048_2048_80.jpg,116.46827,39.98384
