id,food_id,user_id,parent_comment_id,content_text,media_url,like_count,reply_count,status,created_at,updated_at
1,1,107,1,禾家中餐厅更像酒店餐厅，价格偏高，胜在不用出园区找饭。,,21,0,1,2026/4/5 1:16,2026/4/5 1:16
2,1,156,1,价格是真贵，但环球里面也没太多选择。菜的水平对得起这个价位吧，环境加分。,,15,0,1,2026/5/24 4:48,2026/5/24 4:48
3,2,118,3,全聚德环球城市大道店位置方便，烤鸭味道稳定，就是饭点人会多。,,20,0,1,2026/4/3 22:47,2026/4/3 22:47
4,2,163,3,第一次带外地朋友来北京吃烤鸭就选的全聚德，没丢人。鸭子皮脆肉嫩，朋友说比他们那的好吃多了。,,13,0,1,2026/5/9 15:03,2026/5/9 15:03
5,2,166,5,说实话现在全聚德很多分店质量参差不齐，这家属于发挥正常的。面饼给得少，加一份要八块。,,22,0,1,2026/3/4 12:16,2026/3/4 12:16
6,3,128,5,穿越外婆家走的是网红路线，龙井虾仁摆盘好看，味道嘛就是那回事。适合拍照发圈。,,21,0,1,2026/6/8 5:14,2026/6/8 5:14
7,3,116,7,外婆家的菜就是稳定，不会踩大雷也不会有惊喜。虾仁还是挺嫩的，龙井味淡了那么一点点。,,17,0,1,2026/6/11 17:25,2026/6/11 17:25
8,4,156,7,锣鼓洞天这家卤煮可以的，就是南锣那边人太多了，饭点要等好久。肥肠洗得干净，没有怪味。,,0,0,1,2026/4/2 7:14,2026/4/2 7:14
9,4,158,9,第一次吃卤煮就给的这家，从此入坑。洗得干净，汤底浓郁，天冷的时候来一碗整个人都暖了。,,0,0,1,2026/6/10 10:05,2026/6/10 10:05
10,4,181,9,怎么说呢，南锣这边游客太多，出品有时候看运气。我上回来吃的肠给得特别多，这次就明显少了。,,0,0,1,2026/5/21 20:05,2026/5/21 20:05
11,5,137,11,方砖厂炸酱面名气大，小酥肉是意外惊喜——比招牌炸酱面还让我满意。面码丰富，辣椒油加分。,,0,0,1,2026/3/27 4:27,2026/3/27 4:27
12,5,176,11,炸酱可以再咸一点，我个人口味偏重。不过面是手擀的这点吃出来了，劲道。,,1,0,1,2026/5/6 13:07,2026/5/6 13:07
13,6,106,13,李记羊肉串在南锣那片是排队王，肉是好肉但也不至于排那么久。十块钱一串性价比一般吧。,,0,0,1,2026/4/2 19:20,2026/4/2 19:20
14,6,172,13,路过看到排队就跟着排了……味道还行，肉是真的大块，但也就那样。不排队可以买。,,1,0,1,2026/2/22 19:15,2026/2/22 19:15
15,7,178,15,北平咖啡的覆盆子挞酸酸甜甜的，配上他家的手冲刚好。南锣这边逛累了歇脚的好地方。,,0,0,1,2026/4/11 19:53,2026/4/11 19:53
16,8,153,15,大海碗天桥店，卤煮和饺子都试了。饺子是手工包的能看出来，卤煮味儿足但偏咸一点点。,,0,0,1,2026/1/15 5:12,2026/1/15 5:22
17,9,106,17,灯堂咖啡在天桥附近算不错的了，冰美式中规中矩，胜在人少安静。看剧前来一杯正好。,,0,0,1,2026/3/18 5:50,2026/3/18 6:02
18,10,146,17,天桥艺术·咖啡与茶就在剧场旁边，地理位置是最大优势。饮品水平一般，但看剧前后喝一杯方便。,,0,0,1,2026/6/9 15:44,2026/6/9 15:44
19,11,154,19,合乐多味食堂属于那种附近上班族吃便餐的地方，寿司就不要期待太高了。胜在出餐快价格还行。,,1,0,1,2026/3/31 8:46,2026/3/31 8:46
20,12,127,19,大海碗天坛店，炸灌肠做得挺地道的，蒜汁是灵魂。就是油大，吃多会觉得腻。,,0,0,1,2026/3/30 14:35,2026/3/30 14:35
21,13,135,21,菘菘这家是那种适合朋友聚会的音乐餐吧，驻唱水平忽高忽低不过氛围还行。菜就那样别抱期望。,,0,0,1,2026/2/1 19:27,2026/2/1 19:27
22,14,173,21,渔蓝海鲜火锅在首都宾馆里，环境没得说。海鲜新鲜度不错，就是价格不太友好。约会或者请客可以选。,,3,0,1,2026/4/1 14:41,2026/4/1 14:41
23,14,9,23,冲着海鲜火锅来的，汤底很鲜，虾端上来还在动。两个人吃了快四百，偶尔犒劳自己一下还行。,,1,0,1,2026/5/4 20:55,2026/5/4 20:55
24,15,114,23,隆和居在正义路那边，干锅千页豆腐做得还不错，就是量少。一个人去吃不太划算。,,3,0,1,2026/2/23 4:06,2026/2/23 4:06
25,16,154,25,松鹤楼台基厂店的松鼠桂鱼摆盘挺漂亮，鱼肉外酥里嫩，酸甜汁调得比较顺口。两三个人一起点更合适，一个人吃容易腻。,,3,0,1,2026/6/11 19:12,2026/6/11 19:12
26,17,164,25,君庭中餐厅在首都宾馆里面环境自然不用多说。包间宽敞安静请客很有面子。菜品走精致路线牛肉做得嫩滑入味。服务专业到位点菜时会根据人数建议。价格不低但商务宴请选这里稳妥。,,3,0,1,2026/6/1 15:36,2026/6/1 15:36
27,18,122,27,食鼎轩台基厂店的烤鸭皮酥肉嫩鸭架可以椒盐或做汤。干炸丸子和宫保鸡丁也是每次必点的菜。环境干净整洁，台基厂这边家庭聚餐的好地方，价格公道不宰客。,,3,0,1,2026/6/9 13:17,2026/6/9 13:17
28,19,172,27,奥华餐厅老张记是天津菜馆，虾仁独面筋面筋吸饱汤汁咬下去汁水四溢，红烧牛尾炖得烂乎入味。开了好多年回头客多菜量大实在。,,1,0,1,2026/3/6 19:06,2026/3/6 19:06
29,3,109,29,外婆家的环境确实好，西湖边的感觉。就是这个店在景区旁边所以排队排到崩溃。,,14,0,1,2026/4/4 1:21,2026/4/4 1:21
30,21,158,29,山西面馆川湘菜在景山那边，环境和菜品都比预想的好一些。川菜比山西面做得好，面食有点硬。,,23,0,1,2026/5/26 23:23,2026/5/26 23:23
31,23,113,31,良苑烤鸭店在前门地段算性价比高的，游客多，本地人反而少。烤鸭没全聚德那么肥，更对我的口味。,,3,0,1,2026/3/2 19:33,2026/3/2 19:33
32,24,95,31,隆和居这家干锅千页豆腐是附近几个单位同事的食堂级别存在，味道稳定不踩雷。米饭管饱。,,2,0,1,2026/4/20 15:43,2026/4/20 15:43
33,24,24,33,我连着来了三天就为吃这口千页豆腐。锅气够，底下的小火一直烧着越吃越有味。,,2,0,1,2026/2/25 0:42,2026/2/25 0:42
34,25,100,33,松鹤楼的松鼠桂鱼造型漂亮，酸甜汁调得刚好。就是油炸的吃多了容易腻，建议配个青菜。,,2,0,1,2026/5/14 8:53,2026/5/14 8:53
35,26,158,35,君庭中餐厅在首都宾馆里面，牛肉这家做得偏清淡口，不像一般中餐厅那么重油盐。商务宴请来这里不会出错。,,1,0,1,2026/2/8 12:22,2026/2/8 12:22
36,27,181,35,食鼎轩的炙子烤肉够味儿，腌制得刚好，配着酸菜吃解腻。就是吃完身上一股烤肉味。,,1,0,1,2026/2/13 5:37,2026/2/13 5:37
37,27,141,37,如果在外地吃过真正炙子烤肉会觉得这个差点意思，不过在王府井这边算可以了。肉薄了点。,,3,0,1,2026/5/16 18:51,2026/5/16 18:51
38,28,165,37,奥华餐厅老张记是那种不起眼但味道很正的天津菜馆，虾仁独面筋是招牌。吃了一口就知道这家靠谱。,,2,0,1,2026/5/22 2:59,2026/5/22 2:59
39,29,108,39,壹条龙涮肉，肉是真新鲜，手切的厚度刚好。清汤锅底最能吃出肉的好坏，这家用的是好肉。,,2,0,1,2026/6/12 1:17,2026/6/12 1:17
40,29,161,39,冬天来的时候排了一个多小时的队……夏天就好很多。涮羊肉冬天吃幸福感翻倍。,,1,0,1,2026/4/3 19:15,2026/4/3 19:15
41,30,157,41,本纯食社主打原生态，鸡汤确实吊得不错没有味精感。但人均两百多这个价位来看菜量偏少。,,2,0,1,2026/3/9 16:23,2026/3/9 16:23
42,32,172,41,隆和居在附近算口碑老店了，菜量给得足也够味。中午饭点人巨多建议错峰。,,1,0,1,2026/3/15 4:16,2026/3/15 4:16
43,33,163,43,松鹤楼的松鼠桂鱼造型没得说，上桌的时候隔壁桌都回头看。味道也好，酸甜适中不过分甜。,,1,0,1,2026/4/22 4:24,2026/4/22 4:24
44,35,94,43,食鼎轩这家烤鸭比炙子烤肉更出彩，但我就是喜欢吃他家烤肉。蘸料调得好加分。,,3,0,1,2026/3/3 9:40,2026/3/3 9:40
45,36,150,45,奥华老张记虾仁独面筋，面筋吸饱了汤汁，咬下去汁水在嘴里爆开。就是油有点大不宜多吃。,,3,0,1,2026/4/26 7:04,2026/4/26 7:04
46,37,152,45,老北京炸酱面景山前街这家是同事带来的，说他们老北京人小时候就吃这个。酱是真有老味道。,,0,0,1,2026/3/6 2:56,2026/3/6 2:56
47,38,173,47,原鄉本味烤鸭店游客不多多，来吃的以附近居民为主我猜。烤鸭偏瘦不腻口。价格良心。,,0,0,1,2026/4/20 14:06,2026/4/20 14:06
48,39,146,47,寻常巷陌小酒馆名字很文艺实际也确实文艺。精酿种类多，适合小酌。别把它当餐厅就行。,,0,0,1,2026/6/12 13:38,2026/6/12 13:38
49,40,123,49,兆景园酒楼就是那种我爸会喜欢的老派酒楼。菜量大味道传统，没有什么花里胡哨的。炖肘子软烂入味。,,0,0,1,2026/4/26 13:48,2026/4/26 13:48
50,41,61,49,新年华家常菜，菜如其名真的就很家常。水平就在家里做得好吃的那个线上下浮动。不贵份量大。,,0,0,1,2026/1/27 9:19,2026/1/27 12:10
51,42,117,51,北景源涮肉就在故宫角楼边上，手切小黄牛肉切得薄下锅三秒就熟。蘸麻酱那一下简直了。,,0,0,1,2026/5/3 2:59,2026/5/3 2:59
52,42,50,51,冬天跑完太庙顺路来涮的，吹了冷风之后一口热涮肉下去整个人都暖了。手切黄牛肉必点。,,0,0,1,2026/3/8 20:20,2026/3/8 20:20
53,43,119,53,坤宁宫东院餐厅是在故宫里面，饭的口味一般但胜在位置。来故宫玩顺便解决一顿可以。,,0,0,1,2026/3/19 15:02,2026/3/19 15:02
54,45,178,53,隆和居干锅系列可以闭眼点，辣椒的焦香炒进豆腐里很入味。配一碗米饭就是完美的一餐。,,1,0,1,2026/6/9 8:54,2026/6/9 8:54
55,46,180,55,松鹤楼台基厂店是我在北京想吃苏帮菜时的首选。松鼠桂鱼做得漂亮酸甜汁调得好鱼炸得酥。蟹粉豆腐也好吃豆香和蟹鲜融合。环境是老牌酒楼的沉稳感不会太喧闹。家庭聚餐的好地方。,,2,0,1,2026/5/10 22:33,2026/5/10 22:33
56,47,55,55,君庭中餐厅的午市套餐性价比意外地高。几道菜加汤和甜品一个人不到两百。红烧牛肉是必点炖得烂乎入味汁浓味厚。环境气派座位间隔大不会互相打扰。首都宾馆里几家餐厅里我最喜欢这家。,,1,0,1,2026/5/2 0:35,2026/5/2 0:35
57,48,177,57,食鼎轩台基厂店主打烤鸭和私房菜。烤鸭烤得皮酥肉嫩不输那些大牌子。炙子烤肉也做得有模有样牛肉腌得好。环境干净价格亲民。附近居民聚餐常选这里。,,1,0,1,2026/6/3 21:02,2026/6/3 21:02
58,49,174,57,奥华餐厅老张记台基厂店是天津菜在北京的代表。虾仁独面筋是每次必点面筋吸饱汤汁一咬汁水四溢虾仁个头大。分量给得大方两个人三个菜吃到撑。环境就是普通饭馆但味道过硬回头客多。,,3,0,1,2026/2/22 9:35,2026/2/22 18:35
59,50,91,59,渔蓝海鲜火锅藏在首都宾馆一层大堂吧角落环境安静私密。海鲜新鲜是招牌虾上来还在动。涮完海鲜锅底变成超鲜的海鲜汤下点面条进去是隐藏吃法。价格不算便宜但海鲜品质对得起这个价。,,1,0,1,2026/5/11 14:50,2026/5/11 14:50
60,56,37,59,酒还行，菜一般。,,2,0,1,2026/5/23 19:59,2026/5/23 19:59
61,57,164,61,兴隆晓Bistro环境小资，适合约会。,,3,0,1,2026/4/11 2:52,2026/4/11 2:52
62,58,111,61,前门小院环境好，菜就凑合。位置方便。,,1,0,1,2026/2/18 17:55,2026/2/18 17:55
63,58,6,63,就冲这院子也值了。藏在胡同里不太好找，进来别有洞天。夏天坐院子里吃饭特别舒服，秋天应该更好。点了几个菜都不踩雷，茄子烧得软烂入味。就是上菜慢了点，服务员说周末人多厨房忙不过来。人均也不贵，下次带家里人来。,,3,0,1,2026/3/7 1:32,2026/3/7 1:32
64,59,129,63,十二面馆的面是真手工拉的，吃出来了。,,2,0,1,2026/4/7 5:42,2026/4/7 7:10
65,60,162,65,冰粉不错。,,3,0,1,2026/4/27 12:47,2026/4/27 12:47
66,61,173,65,隅田川就那样。,,3,0,1,2026/5/29 16:31,2026/5/29 16:31
67,62,18,67,為水的手冲可以，豆子新鲜。前门这边难得有家正经做咖啡的不容易。,,2,0,1,2026/5/6 0:46,2026/5/6 0:46
68,63,180,67,利群烤鸭店胡同里的小店但是名气大。鸭子皮酥肉嫩没话说，就是环境比较有年代感了，椅子有点晃。第一次来的话建议让服务员片好了上，自己弄容易搞得到处是油。吃完手都是香的。,,2,0,1,2026/3/6 14:11,2026/3/6 14:11
69,63,139,69,鸭子是好鸭子。,,2,0,1,2026/5/18 5:20,2026/5/18 5:20
70,64,79,69,福叁咖啡西兴隆街店藏在胡同里环境很有设计感。拿铁做得不错奶泡绵密拉花稳定。热巧克力也是冬天很受欢迎的选择。坐在二楼窗边可以看到胡同里的人来人往。适合安静的午后。,,3,0,1,2026/6/7 10:51,2026/6/7 10:51
71,65,72,71,ZhazhaBistro牛肉是招牌，但我想说他家的甜品才是隐藏MVP。焦糖布丁超预期。,,1,0,1,2026/5/10 17:42,2026/5/10 17:42
72,66,169,71,白记肉饼皮薄馅大一口下去全是汁水。,,3,0,1,2026/5/31 4:53,2026/5/31 4:53
73,67,25,73,芥末墩儿这道菜真的两极分化严重，我朋友吃了直接掉眼泪说太呛了，我倒觉得特别过瘾。涮肉之前来一口开胃刚好。,,2,0,1,2026/6/1 3:01,2026/6/1 3:01
74,68,56,73,平安锅贴皮煎得金黄酥脆里面的馅又嫩又鲜。一般我点茴香猪肉的配碗小米粥就是完整一餐。去的都是附近居民游客反而少。,,3,0,1,2026/1/18 4:07,2026/1/18 13:31
75,69,92,75,羊城美食前门店主打粤菜虾饺是看家本领。虾饺皮薄透亮能看到里面粉色的虾仁。干炒牛河也做得不错锅气足。环境简单就是粤菜馆子的样子。在前门这块算是性价比很高的粤菜选择。,,2,0,1,2025/12/30 9:00,2025/12/30 9:01
76,70,119,75,鸡翅烤得可以，咸淡刚好。,,2,0,1,2026/6/5 8:59,2026/6/5 8:59
77,71,6,77,内蒙串吧肉串大，晚上饿了来几串配啤酒。,,4,0,1,2026/5/3 23:42,2026/5/3 23:42
78,72,131,77,豆腐一般，面还行。,,8,0,1,2026/4/4 13:08,2026/4/4 13:08
79,73,152,79,酸辣粉够酸够辣吃完满头汗。,,7,0,1,2026/3/5 17:19,2026/3/5 17:19
80,74,85,79,何大川菜水煮鱼一绝。鱼肉嫩滑底下的豆芽和豆皮吸饱了辣油简直比鱼还好吃。每次来必点，上次带湖南同事来他说比他在长沙吃的还好。应该是为了适应北方口味减了点辣，可以跟老板说加辣。,,10,0,1,2026/4/6 4:47,2026/4/6 4:47
81,75,136,81,之参餐厅讲究，每道菜都精致。,,1,0,1,2026/3/19 8:07,2026/3/19 8:07
82,76,32,81,老北京炸酱面前门总店这几年游客多了味道有点敷衍。以前真不是这样的，希望店家对得起这个招牌吧。好在价格没涨太多。,,0,0,1,2026/6/4 7:35,2026/6/4 7:35
83,77,67,83,聚盈烤鸭家常菜，菜如其名真的很家常。家常到像我妈做的，不知道算褒还是贬。胜在便宜量大，两个人吃到撑也没花多少钱。,,0,0,1,2026/4/6 9:47,2026/4/6 9:47
84,78,116,83,实惠，量大。,,1,0,1,2026/4/24 21:19,2026/4/24 21:19
85,79,146,85,六合府主打铜锅涮肉和石锅烤肉选择多适合不同口味的朋友一起来。手切牛肉新鲜嫩滑。铜锅涮出来的肉是甜的麻酱自己调。位置在粮食店街逛完前门走过来很方便。服务热情上菜快。,,0,0,1,2026/6/6 20:22,2026/6/6 20:22
86,80,126,85,百年前门铜锅涮肉在前门大街上的位置无敌。逛完前门大栅栏出来就能坐下涮一顿。牛肉拼盘分量给得足几种部位都能尝到。铜锅烧得旺清汤涮肉吃原味。游客多但本地人也认可。,,0,0,1,2026/1/27 2:58,2026/1/27 3:04
87,80,143,87,牛肉新鲜蘸料一般。,,0,0,1,2026/2/13 0:19,2026/2/13 1:01
88,81,106,87,健山羊蝎子牛肉饼，饼还行羊蝎子没入味。,,0,0,1,2026/4/10 0:50,2026/4/10 0:50
89,82,123,89,米线研究所的米线中规中矩，就是便宜。二十来块钱吃饱还要什么自行车。,,0,0,1,2026/6/4 20:01,2026/6/4 20:01
90,83,179,89,正阳门小面馆炸酱面十九块钱一碗在前门这个地段简直白送。面是手擀的！酱炸得刚好，不咸不淡。就冲这个价格和品质我给满星。,,0,0,1,2026/3/1 12:46,2026/3/1 12:46
91,84,112,91,正和铜锅涮肉说实话一般。铜锅是铜锅但肉没那个味道。不如加钱去别家。,,0,0,1,2026/6/12 1:21,2026/6/12 1:21
92,84,179,91,还行。,,0,0,1,2026/5/15 2:04,2026/5/15 2:04
93,85,177,93,黄焖鸡过桥米线店名叫黄焖鸡但我点了麻辣烫……居然还不错，汤底挺浓的。下次试试他家黄焖鸡。,,0,0,1,2026/3/27 12:10,2026/3/27 12:10
94,98,30,93,第六季自助三文鱼吃到爽，切得够厚不薄片糊弄人。每次去先干掉一盘子三文鱼再说。,,3,0,1,2026/4/27 8:26,2026/4/27 8:26
95,98,132,95,冲着三文鱼去的没失望。但是排队太久了八点多才吃上。,,3,0,1,2026/3/8 17:49,2026/3/8 17:49
96,99,164,95,嫩烤羊肉串就那样吧。,,3,0,1,2026/4/16 17:04,2026/4/16 17:04
97,100,115,97,钵钵鸡还行，红油挺香的。就是量少了点。,,1,0,1,2026/5/22 3:59,2026/5/22 3:59
98,101,179,97,王府美食汇别抱期望。就是个大排档级别的美食城。,,3,0,1,2026/2/13 21:15,2026/2/13 21:22
99,102,96,99,仁和酒家烤鸭是挂炉的皮酥香。价格就四十七块良心价。去的都是回头客。,,0,0,1,2026/3/23 18:20,2026/3/23 18:20
100,103,27,99,糖房咖啡在故宫旁边所以贵点能理解。卡布奇诺拉花好看适合拍照，味道嘛就正常发挥。露台位置最抢手，我一点到才抢到一个。能看到故宫角楼，落日的时候拍出来巨好看。为了这个角度多付十块也值了。,,1,0,1,2026/5/20 9:28,2026/5/20 9:28
101,104,180,101,京城九门轩双人餐量大，两个人差点没吃完。烤鸭不出彩但胜在实惠。,,0,0,1,2026/2/12 20:23,2026/2/12 20:23
102,105,149,101,四季民福的烤鸭是目前我在北京吃过最稳的。每次去都一个水准不会时好时坏。鸭皮蘸白糖那一下甜咸交织绝了。建议提前在大众上取号，现场等至少四十分钟起。,,2,0,1,2026/3/2 15:41,2026/3/2 15:41
103,105,157,103,好吃哭了。,,1,0,1,2026/6/12 11:27,2026/6/12 11:27
104,106,143,103,方砖厂炸酱面王府世纪这家比南锣的人少排队快。茄丁打卤面比炸酱面还好吃——卤子浓茄子软烂。,,2,0,1,2026/6/5 16:53,2026/6/5 16:53
105,107,169,105,门钉肉饼是小时候的味道。,,2,0,1,2026/2/16 18:16,2026/2/16 18:16
106,108,22,105,京州涮羊肉切得偏厚但嚼起来过瘾。麻酱是自己调的很好吃出来了芝麻的香。锅底是清汤的涮出来的肉原汁原味。羊肉膻味很小处理得干净。吃完出来门口大爷问好不好吃我说好。,,3,0,1,2026/4/18 2:23,2026/4/18 2:23
107,109,152,107,八爷涮肉的羊上脑切得薄如纸下锅一涮就熟。蘸料加点现炸辣椒油香得不行。,,3,0,1,2026/4/27 12:03,2026/4/27 12:03
108,110,140,107,光线咖啡就在北锣，地方不大但温馨。适合发呆。,,0,0,1,2026/3/15 19:17,2026/3/15 19:17
109,111,156,109,V7咖啡豆子偏酸我喜欢。,,0,0,1,2026/5/22 6:51,2026/5/22 6:51
110,112,25,109,JM Cafe七里香是季节限定吗好喝。,,0,0,1,2026/3/10 11:32,2026/3/10 11:32
111,114,149,111,Rong Taps北锣这边挺火的精酿吧氛围不错就是贵。,,0,0,1,2026/3/26 6:13,2026/3/26 6:13
112,114,17,111,他家的IPA很棒看了下日期是两天前罐的很新鲜。就是酒吧比较吵聊天得大声喊。一个人坐在吧台看调酒师忙碌也挺解压。,,0,0,1,2026/3/27 6:48,2026/3/27 6:48
113,115,176,113,亮健容天土锅羊蝎子的味道不错分量给得足价格也公道。环境干净整洁服务态度好。周边的居民和上班族经常来吃是附近性价比不错的选择。,,1,0,1,2026/4/14 15:56,2026/4/14 15:56
114,116,152,113,烤串味道还行就是等的时间太长。坐外面吹着风吃串喝啤酒还不错。,,0,0,1,2026/5/13 0:03,2026/5/13 0:03
115,117,160,115,候鸟咖啡的芝士蛋糕好吃。咖啡也稳。,,0,0,1,2026/4/23 3:42,2026/4/23 3:42
116,118,124,115,聚鑫的茄子烧得不错。,,0,0,1,2026/5/24 15:33,2026/5/24 15:33
117,119,176,117,褡裢火烧外皮焦脆馅料挺实在。北锣这边逛累了顺便吃点。,,0,0,1,2026/3/23 10:11,2026/3/23 10:11
118,120,154,117,小川川菜麻婆豆腐够麻够辣。其他的菜也都还行保持了川菜该有的样子。吃完饭嘴里还麻麻的。,,0,0,1,2026/3/23 1:35,2026/3/23 1:35
119,121,124,119,Muse Coffee在白塔寺旁边的小胡同里不太好找但找到了就很惊喜。手冲咖啡做得专业豆子风味层次分明。店面小巧安静适合一个人来读书或者办公。白塔寺附近的咖啡馆不少但这家有自己的调调。,,0,0,1,2026/5/26 23:34,2026/5/26 23:34
120,122,112,119,萤火虫咖啡白塔寺店最出名的是三明治现做的面包脆馅料新鲜。咖啡也不错拿铁奶泡细腻。环境温馨暖色调灯光像朋友家的客厅。周末经常坐满附近居民。早上八点就开门吃个brunch正好。,,0,0,1,2026/4/14 0:36,2026/4/14 0:36
121,122,155,121,萤火虫咖啡的三明治种类多牛肉的鸡肉的素的都有。牛肉三明治里面的肉片厚实酱汁调得好。拿铁配三明治是完美的早午餐组合。店里猫奴很多因为店主养了两只猫可以撸。,,1,0,1,2026/5/17 11:12,2026/5/17 11:12
122,123,181,121,旨素开在安平巷里主打素食把素菜做出了肉的口感和味道。仿荤菜做得以假乱真红烧素牛肉咬下去有纤维感。环境干净雅致色调素雅。不是素食主义者也会喜欢这家店的菜品。周末最好提前订位。,,0,0,1,2026/5/3 21:13,2026/5/3 21:13
123,124,121,123,华天二友居肉饼宫门口店包子是招牌猪肉大葱汁水最足。炒肝也做得地道蒜味冲配包子绝配。开了很多年的老店周围居民都认。环境就是普通包子铺的样子不用讲究。早上六点就开门早点吃这一套一天都精神。,,0,0,1,2026/4/30 7:00,2026/4/30 7:00
124,125,81,123,塔儿咖在白塔寺旁边主打塔可和咖啡的混搭。牛肉塔可馅料丰富酱料给得足玉米饼是现烙的。单人餐配一杯美式刚好塔可两个加一份薯条。环境很出片适合拍照打卡。白塔寺逛完歇个脚的好地方。,,0,0,1,2026/4/26 8:16,2026/4/26 8:16
125,126,153,125,九城居开在宫门口胡同里双人餐性价比高两个人吃得很满足。菜量给得大味道家常不踩雷。红烧排骨炖得烂乎宫保鸡丁花生酥脆。环境干净明亮。白塔寺附近约朋友吃饭的好地方价位也合适。,,0,0,1,2026/3/12 5:20,2026/3/12 5:20
126,127,154,125,Arabica白塔寺店的位置绝了窗户外就是白塔。西班牙拿铁是招牌奶味浓郁咖啡顺滑甜度刚好。天好的时候坐在外面看着白塔喝咖啡太惬意了。白塔寺周边最值得打卡的咖啡店之一。来晚了可能没座。,,0,0,1,2026/1/30 16:36,2026/1/30 17:05
127,4192,144,127,壹零捌道乾隆白菜挺特别的。去的时候人少服务好。,,0,0,1,2026/6/6 12:23,2026/6/6 12:23
128,128,175,127,菜名都是宫廷风有点意思。味道中等但环境不错适合招待朋友。价格比预想的低。,,0,0,1,2026/3/12 15:41,2026/3/12 15:41
129,129,56,129,野瓦猫MeowMeow开在宫门口胡同里主打拌饭。石锅拌饭端上来还在滋滋响锅底的锅巴是精华。泡菜酸辣开胃五花肉煎得焦香。店不大但布置得温馨墙上挂着猫的照片。一个人也能吃得很舒服。,,1,0,1,2026/2/20 14:42,2026/2/20 14:42
130,3173,136,129,老诚一锅羊蝎子烂乎脱骨。咸度刚好。,,2,0,1,2026/3/2 8:03,2026/3/2 8:03
131,131,114,131,BingoO Curry Shop主打日式咖喱饭咖喱酱是自己熬的浓郁香料味十足。炸猪排咖喱饭猪排外酥里嫩咖喱浇在饭上拌匀吃。店面不大但干净整洁。宫门口胡同里的小店能做出这个水平很难得。,,0,0,1,2026/2/22 5:41,2026/2/22 5:41
132,132,168,131,JM Cafe白塔寺店的特色是白塔烧一种自制的小甜点配手冲咖啡刚好。环境小巧温馨窗边能看到白塔一角。咖啡豆选得好手冲出品稳定。白塔寺周边小众咖啡馆里的隐藏宝藏。周二到周日都开门早点去有位子。,,0,0,1,2026/3/30 17:17,2026/3/30 17:17
133,133,161,133,悦明元四合院私房菜藏在白塔巷深处是个真正的四合院。环境古色古香院子里有棵老树很有味道。菜品按位上的不点菜厨师根据当天食材安排。适合有特殊纪念意义的日子。需要提前预约。,,1,0,1,2026/4/2 7:03,2026/4/2 7:03
134,134,173,133,品味羊汤开在宫门口胡同羊汤是主打。汤色白肉嫩粉丝滑爽配个烧饼或者泡饼都好吃。羊肉串也烤得不错肥瘦相间孜然味足。冬天早上来一碗羊汤全身都暖和。店不大但干净。,,1,0,1,2026/2/14 1:48,2026/2/14 1:48
135,135,47,135,笑笑麻辣烫安平巷店开了好几年了品质一直稳定。菜品种类多新鲜丸子蔬菜面条每样都有。汤底可以选麻辣或骨汤麻辣的过瘾骨汤的鲜香。自己选菜称重价格透明。一个人二三十块能吃饱是附近打工人的午餐据点。,,0,0,1,2026/3/18 5:52,2026/3/18 5:52
136,136,112,135,新京熹白塔寺店的涮肉品质很高羊肉新鲜现切。麻酱是自己调的比别家多了一层芝麻的焦香。铜锅烧得旺清汤锅底涮出来的肉是甜的。环境比一般涮肉店有格调适合约会也适合朋友聚餐。白塔寺逛完来涮一顿是固定路线。,,1,0,1,2026/4/9 4:18,2026/4/9 4:18
137,137,180,137,刘记安徽牛肉板面藏在魏染胡同里不太起眼但味道正宗。板面宽厚筋道牛肉汤底浓郁带点药材香。辣椒多放几个辣得过瘾。店里人不多但来的基本都是回头客。价格实惠一碗面十来块钱就能吃好。,,0,0,1,2026/4/13 18:12,2026/4/13 18:12
138,138,136,137,潘记杂粮煎饼是个路边小摊每天凌晨五点就出摊了。煎饼摊得薄脆里面加的薄脆咔嚓响。可以加火腿肠和辣条是学生时代的回忆。老板手法利落一分钟一个饼快得很。早上上班路上买一个边走边吃。,,0,0,1,2026/6/7 16:29,2026/6/7 16:29
139,139,169,139,聚点串吧菜市口店晚上人特别多气氛热闹适合朋友聚会。串的种类多羊肉串烤得滋滋冒油鸡翅也嫩。精酿啤酒有好几种可以自选。营业到凌晨两点是菜市口这一片夜宵的主力。环境就是大排档风格不用讲究。,,0,0,1,2026/3/16 5:34,2026/3/16 5:34
140,140,159,139,牛街早点藏在魏染胡同口的小摊主要卖豆浆油条烧饼。现磨豆浆豆香味浓郁和外面粉冲的完全不一样。油条炸得酥脆泡豆浆里软软的更好吃。只做早市十点就收了想吃要赶早。牛街附近的大爷大妈每天都来。,,1,0,1,2026/2/2 0:03,2026/2/2 0:03
141,141,156,141,晓蕊家凉皮的麻辣烫是老式麻辣烫不是那种麻酱的。汤底是骨头汤自己熬的鲜味自然。蔬菜丸子粉丝每样都有新鲜度可以。麻酱辣椒蒜泥自己加口味随意。夏天凉皮冬天麻辣烫一年四季都有得吃。,,0,0,1,2026/5/13 22:11,2026/5/13 22:11
142,142,135,141,马记永兰州牛肉面中海金融中心店品质稳定。面条粗细可选从毛细到二宽都有面条筋道弹牙。汤底清亮的鲜牛肉片切得薄入汤变色就能吃。价格合理出餐快是附近上班族的午饭首选。中午饭点人多要稍微等一下。,,0,0,1,2026/6/10 19:10,2026/6/10 19:10
143,143,139,143,来涮蜀鲜牛肉串串火锅菜市口店开了不久但人气涨得快。串串种类多牛肉串是招牌腌制入味。锅底选了牛油麻辣的越煮越香辣得过瘾。小料台很丰富自己调蘸碟。营业到深夜适合下了班来吃个热闹。,,0,0,1,2026/5/13 11:05,2026/5/13 11:05
144,144,53,143,灯堂咖啡大吉巷店是个安静的小众咖啡馆不太显眼。拿铁和手冲都不错豆子新鲜。店里还有小糕点配咖啡刚好。环境简约舒适适合一个人来读书或者办公。营业时间到下午五点晚上不开门。,,0,0,1,2026/4/3 21:46,2026/4/3 21:46
145,145,169,145,鲜牛记潮汕牛肉火锅中海大吉港店主打现切牛肉。牛肉切得薄颜色鲜红一看就知道没冻过。汤底是牛骨熬的清汤涮牛肉吃原味沙茶酱是灵魂。每个部位的口感不一样吊龙的嫩和五花趾的脆都值得尝试。环境干净服务好。,,0,0,1,2026/4/12 18:34,2026/4/12 18:34
146,146,157,145,前羽铁板烧海鲜自助大吉巷店环境不错海鲜品种丰富。师傅在铁板上现烤边烤边表演翻铲子很炫。三文鱼煎得外香里嫩牛排切成小块一口一块。海鲜食盒里面的虾和扇贝个头大新鲜度高。价格不低但海鲜品质和量都对得起这个价钱。,,0,0,1,2026/3/9 1:38,2026/3/9 1:38
147,147,143,147,聚点串吧菜市口店的炒饭意外地好吃。蛋炒饭粒粒分明有大火爆炒的锅气。配着烤串一起吃太香了。晚上下班了和同事来这里喝两杯聊聊天。串吧的氛围就是放松不用拘谨。,,0,0,1,2026/2/12 7:19,2026/2/13 22:33
148,148,114,147,方砖厂69号炸酱面中海大吉巷店是分店但品质不输总店。炸酱肉丁大颗酱香浓郁面码齐全。面条筋道拌开以后每根面都裹满了酱。配着腊八蒜和一碗面汤解腻。在地下一层位置稍微偏但也值得找过去。,,0,0,1,2026/2/3 23:57,2026/2/3 23:57
149,149,122,149,渝特别鱼头火锅菜市口总店鱼头很大一个炖在红汤锅里很霸气。鱼肉嫩滑辣味入得深吃到后面嘴唇发麻。配菜推荐豆花吸满了红油比鱼肉还香。装修是重庆江湖风格红灯笼竹椅子很有氛围。不能吃太辣的话一定提前说微辣。,,0,0,1,2026/5/13 4:41,2026/5/13 4:41
150,150,163,149,晓蕊家凉皮开了很多年了味道一直没变过。凉皮滑爽筋道麻酱给得足辣椒油是自家炸的那种香辣。夏天吃一碗凉皮配个肉夹馍特别爽。冬天还有麻辣烫也不错。西草厂这边的小馆子里算是人气很旺的一家了。,,0,0,1,2026/4/10 19:35,2026/4/10 19:35
151,151,83,151,瑞幸新华百货新街口店在商场二楼逛累了来一杯。三明治加热后口感不错面包软馅料实在。椰云拿铁依然是最爱椰味浓郁。手机下单到店直接取不用等很方便。,,0,0,1,2026/3/31 6:08,2026/3/31 6:08
152,152,167,151,云阿蛮云南生烫牛肉米线新百CC茂店汤底鲜辣牛肉现切现烫。把生牛肉片放进滚烫的汤里涮几秒就变色嫩滑无比。米线是云南的那种酸浆米线比普通米粉更滑爽。配着蘸水吃层次更丰富。商场里能有这么正的云南味不容易。,,0,0,1,2026/4/10 4:56,2026/4/10 4:56
153,153,116,153,农小锅新华百货店是那种自选小火锅一个人一个小锅。锅底选择多番茄的和牛油的都不错。菜品新鲜肉卷蔬菜丸子每样都有。按盘子颜色计价吃多少算多少灵活方便。适合一个人吃或者两三个人随便吃一口。,,0,0,1,2026/5/18 1:25,2026/5/18 1:25
154,154,177,153,国拓小院开在新街口七条一个院子里门脸不大但别有洞天。菜品就是家常菜味道不花哨但吃得舒服。炖排骨和红烧鱼都不错。小院的环境安静天暖和的时候在院子里面吃饭很惬意。适合小范围的朋友聚餐。,,1,0,1,2026/5/10 2:29,2026/5/10 2:29
155,155,141,155,绿茶餐厅新百CCmall店是江浙菜路线性价比可以。面包诱惑是每次必点的甜品烤面包上面放冰淇淋。绿茶烤鸡外皮微脆鸡肉嫩味道偏甜口。环境走的是江南庭院风格小桥流水很有感觉。饭点人多经常要排队建议早去。,,0,0,1,2026/3/4 20:40,2026/3/4 20:40
156,156,181,155,星巴克新华百货店就在商场一层入口位置方便。早上上班前买一杯拿铁带着走。星冰乐夏天很受欢迎各种口味都有。环境就是标准星巴克的样子没什么特别的。营业时间到晚上九点比商场关得晚。,,0,0,1,2026/4/23 15:21,2026/4/23 15:21
157,157,161,157,兰湘子新百CCmall店主打湘菜小炒上菜快。小炒黄牛肉是招牌牛肉嫩滑辣椒够味。酸辣鸡杂也很好吃酸豆角提味下饭神器。米饭是无限续的湖南人的米饭自由在这里实现了。价格实惠在商场里算是性价比很高的。,,0,0,1,2026/4/27 3:26,2026/4/27 3:26
158,158,173,157,陈记顺和潮汕牛肉火锅新百CCmall店牛肉每天现切。胸口油看着白但煮出来是脆的完全不腻。匙仁和吊龙是嫩肉党必点的两份肉。沙茶酱是灵魂要加一勺蒜蓉和芹菜末调匀蘸着吃。环境干净亮堂通风好吃完身上没味道。,,0,0,1,2026/5/6 6:24,2026/5/6 6:24
159,159,159,159,便宜坊新街口店是焖炉烤鸭的代表老字号。焖炉出来的鸭子皮不是脆的但肉质更嫩汁水更多。和挂炉烤鸭是完全不同的体验各有各的好。饼是荷叶饼薄而有韧性卷着鸭肉和酱吃很满足。在商场六层吃饭还能俯瞰下面的人流。,,0,0,1,2026/3/25 11:56,2026/3/25 11:56
160,160,146,159,大嘴烤翅东北菜在佟麟阁路开了很多年了。烤翅是招牌蜜汁味的甜咸外皮烤得微微焦。东北菜也做得不错锅包肉酸酸甜甜的。店不大但是每天晚上人都不少吃夜宵来这准没错。营业到凌晨可以慢慢吃到很晚。,,0,0,1,2026/4/1 22:04,2026/4/2 2:36
161,161,138,161,胜一兰私房湘菜开在新文化街鲁迅中学旁边。湘菜做得够辣够劲小炒肉和剁椒鱼头是必点。腊肉是自己熏的切成薄片炒蒜苗香到没朋友。环境安静包间多适合聚餐。离家近所以隔三差五就想去吃一次。,,0,0,1,2026/5/20 11:57,2026/5/20 11:57
162,165,146,161,白鹿原西安肉夹馍西四南大街店主打油泼面。面上来的时候油还在滋啦响拌匀了以后每根面都裹满辣椒面和蒜。肉夹馍的馍是现打的酥脆掉渣里面的肉肥瘦相间。价格不贵是西四这边很实惠的陕西面馆。,,0,0,1,2026/5/6 14:44,2026/5/6 14:44
163,166,169,163,天健宾馆中餐厅环境雅致安静包间多。菜品走精致路线波士顿奶油龙虾做得好看又好吃。中午的商务套餐性价比高几道菜配米饭和汤。服务专业到位适合正式的宴请。,,0,0,1,2026/4/8 16:15,2026/4/8 16:15
164,163,70,163,肉没得说。队太难排。,,0,0,1,2026/2/24 15:31,2026/2/28 4:06
165,167,104,165,紫光园西四店主打烤鸭品质稳定价格亲民。鸭子烤得皮酥肉嫩不油腻。其他菜也是京菜路子干炸丸子和焦溜肉片都不错。饭点人多但翻台快等位不用太久。附近居民的常选餐馆。,,0,0,1,2026/4/26 8:42,2026/4/26 8:42
166,169,163,165,阿妹滋溜米线西四店营业到深夜是西四的深夜食堂。米线滑爽汤底鲜辣配菜丰富可以自己选。酸汤米线最开胃酸辣交织越吃越爽。十点以后还有不少人陆续进来吃夜宵。一个人一碗米线二三十块钱搞定。,,0,0,1,2026/2/6 12:20,2026/2/6 12:20
167,170,95,167,刘二姐襄阳牛肉面西四店汤底是红油的牛肉味浓郁鲜辣。面条是碱水面口感弹牙有嚼劲和普通白面不一样。牛肉给得大方切片码在面上。加个卤蛋再加一份豆干就是全套。下班来一碗整个人都精神了。,,0,0,1,2026/4/29 0:08,2026/4/29 0:08
168,1629,151,167,南门涮肉后海店靠窗位可以看到湖景加分。,,0,0,1,2026/2/23 2:29,2026/2/23 2:29
169,171,155,169,炙子革命老北京烤肉西单店烤肉用的是传统的铁炙子炉子。腌好的牛羊肉放在炙子上呲啦作响烤到边角微焦最好吃。夹进芝麻烧饼里就是北京的汉堡。锡纸大虾烤着也好吃虾肉嫩蒜蓉铺满。环境就是老北京烤肉馆的样子热闹。,,1,0,1,2026/4/21 0:21,2026/4/21 0:21
170,173,160,169,老北京和府烤鸭店在柳荫街什刹海附近位置好。烤鸭价格实惠比景区那些店良心。味道就是家常烤鸭水平不能说惊艳但不会踩雷。环境简单适合逛什刹海顺便吃个便饭。,,0,0,1,2026/5/28 9:26,2026/5/28 9:26
171,174,157,171,饺饺乐包子铺地安门店主打手工包子。包子皮薄馅大猪肉大葱的最受欢迎汁水丰富。粥和小菜套餐很实惠早上来一套就够了。附近居民和学生来得多人均不贵。店面不大胜在实在。,,0,0,1,2026/4/18 6:18,2026/4/18 6:18
172,2902,162,171,新荣记刀鱼馄饨绝了。,,7,0,1,2026/5/1 5:41,2026/5/1 5:41
173,175,66,173,北平李府家宴护国寺店主打烤鸭和新派京菜。环境古色古香有老北京府宅的感觉。烤鸭做得不错鸭皮酥脆配面饼面酱。双人餐的性价比高两个人能吃到撑。服务好服务员会帮忙介绍每道菜。适合带外地朋友体验京味。,,0,0,1,2026/5/4 13:29,2026/5/4 13:29
174,176,162,173,峨嵋酒家德内店是老字号宫保鸡丁是梅兰芳爱吃的那一版。花生酥脆鸡丁嫩滑酸甜微辣平衡得绝了。其他菜也是川菜老派做法不花哨但扎实。环境就是老饭馆的样子服务员都是老员工了。护国寺这片吃川菜的首选。,,0,0,1,2026/3/15 5:07,2026/3/15 5:07
175,177,24,175,烤肉刘恭王府店主打炙子烤肉烤鲜羊肉是招牌。羊肉腌得入味在炙子上烤得外焦里嫩。配着糖蒜和拍黄瓜解腻。环境是胡同里的小院不豪华但有味道。逛完恭王府出来拐个弯就到了很方便。,,0,0,1,2026/3/7 13:58,2026/3/7 13:58
176,178,122,175,金元便民酱肉小吃早上五点就开门了主要做早点。酱肉是招牌猪头肉酱得入味切片夹火烧里。小米粥和小咸菜免费配着吃。附近的居民每天早上的固定早餐点。过了十点酱肉就卖完了想吃得赶早。,,0,0,1,2026/4/29 3:47,2026/4/29 3:47
177,179,174,177,泛太平洋酒店宴会厅档次高环境气派适合大型活动。宴会级别的菜出品稳定海鲜新鲜摆盘精致。参加过朋友的婚宴菜品和布置都很讲究。不是日常吃饭的地方但有活动的时候体验很好。,,0,0,1,2026/5/16 3:42,2026/5/16 3:42
178,180,176,177,教育部机关餐厅不对外开放是内部食堂。但要说大锅菜能做到这个水平也确实不容易。菜品每天换红烧肉回锅肉吃得饱也吃得香。能在这里吃饭的人都是有福气的。,,0,0,1,2026/4/24 21:59,2026/4/24 21:59
179,181,147,179,泛小厨便民厨房主打家常菜价格非常实惠。食堂风格的大锅菜两荤一素加米饭十来块钱。味道就是普通家常水平谈不上多好吃但吃饱没问题。附近上班族和居民的日常选择。,,0,0,1,2026/4/21 7:58,2026/4/21 7:58
180,182,148,179,美团外卖柜不是餐厅是外卖取餐柜。快递小哥把外卖放进去用户扫码取餐。解决了外卖放楼下被误拿的问题很方便。位置在大木仓胡同附近方便周边办公的人取餐。,,1,0,1,2026/5/16 13:34,2026/5/16 13:34
181,183,131,181,于府私厨在泛太平洋酒店二层走精致高端路线。单人餐包括几道菜和甜品份量精致不浪费。味道对得起价格摆盘用心像艺术品。环境私密安静适合商务午餐或者重要约会。需要提前预定。,,0,0,1,2026/6/12 16:46,2026/6/12 16:46
182,184,25,181,琥珀咖啡在泛太平洋酒店一层大堂环境舒适。奶咖做得好奶泡打得绵密细腻入口顺滑。也有一些小蛋糕和甜点配咖啡刚好。在酒店里喝咖啡的好处是安静人少服务好。适合等人或者商务洽谈。,,0,0,1,2026/4/1 18:24,2026/4/1 18:24
183,186,141,183,星巴克西单大悦城写字楼店每天早上上班前人最多。抹茶星冰乐夏天的时候点的人最多清爽解渴。写字楼底层的位置方便不下楼就能买到。环境就是商务星巴克没有太多休闲座位主打快速。,,1,0,1,2026/2/17 22:31,2026/2/17 22:31
184,187,59,183,食神锅奉行西单店主打珍汤火锅汤底是精华。锅底据说是用多种食材长时间熬出来的浓郁鲜香。涮牛肉之前先喝一碗汤暖胃。牛肉切得薄纹理好看颜色鲜红。环境雅致服务好适合约会有格调的火锅。,,0,0,1,2026/6/9 23:12,2026/6/9 23:12
185,251,111,185,元想空间META SPACE在亚洲金融大厦地下一层环境很有未来感。咖啡和甜点做得不错颜值高适合拍照。营业到凌晨两点是夜猫子的去处。大大的落地窗可以看到大厦的中庭空间感很好。下午茶套餐划算适合约朋友聊事。,,0,0,1,2026/5/10 18:44,2026/5/10 18:44
186,345,115,185,向阳庄烧烤望京西园店藏在小区里面不太好找。烤鸡翅是招牌蜜汁和辣的都好吃皮烤得微焦肉嫩多汁。环境就是社区烧烤店的样子接地气。望京西园这边的居民晚上经常来喝啤酒吃串。价格实惠量也大。,,4,0,1,2026/5/26 23:30,2026/5/26 23:30
187,456,158,187,信阳牛肉汤模式口大街这家就是个路边小馆。牛肉汤用大锅熬的汤色白浓郁牛肉切得薄入碗即熟。配个烧饼或者馍泡在汤里吃很香。冬天的时候来一碗暖到脚趾。就是环境简单但牛肉汤确实好喝。,,0,0,1,2026/2/15 2:30,2026/2/15 2:30
188,512,46,187,康陵正德春饼宴25号院在十三陵那边主打春饼自助。春饼是现烙的薄而有韧性。酱肘子切成薄片合菜炒鸡蛋土豆丝每样都有。自己卷饼吃的乐趣外卖比不了。周末开车去十三陵郊游顺道来吃一顿很值。,,1,0,1,2026/5/6 14:38,2026/5/6 14:38
189,567,115,189,老王府羊蝎子铜锅涮肉王府井店位置极好。羊蝎子炖得烂乎入味骨髓香浓汤底麻辣适中。吃完羊蝎子锅底涮点豆腐白菜收尾。铜锅涮肉也做得不错羊肉切得薄。在王府井逛完街来吃一顿暖和又解馋。,,1,0,1,2026/3/5 16:23,2026/3/5 16:23
190,623,118,189,紫光园西三旗店是西三旗这边的老牌京菜馆。烤鸭品质稳定价格合理不是那种宰客的。菜量给得大味道家常店面也干净整洁。早上还有早点豆腐脑油条烧饼都有。西三旗居民的聚会常选地。,,0,0,1,2026/5/31 2:30,2026/5/31 2:30
191,1001,69,191,北京饭店谭家菜是京城的老牌高端餐厅。油焖大虾做得精致每只虾都大个饱满酱汁浓郁。服务是老派的周到穿旗袍的服务员举止得体。环境是复古风格充满了年代感。适合非常重要的宴请。,,3,0,1,2026/5/23 11:06,2026/5/23 11:06
192,1203,42,191,刘记固始鹅块在黄马路这边开车来比较方便。鹅块是河南固始的做法鹅肉炖得烂乎汤白味鲜。鹅块切得大块入口不柴不腻。配着米饭和辣椒酱吃很过瘾。周围比较偏僻但味道值得专门跑一趟。,,0,0,1,2026/3/11 6:40,2026/3/11 6:40
193,1447,147,193,很久以前羊肉串的羊排非常好吃可以自己烤。调料也很丰富自己撒配啤酒。,,0,0,1,2026/4/21 10:47,2026/4/21 10:47
194,701,173,193,河间驴肉火烧真的好好吃一定要趁热买。驴肉不腥不臊火烧外酥里软。第一次吃驴肉就爱上了。,,7,0,1,2026/4/29 23:43,2026/4/29 23:43
195,1356,126,195,牛街聚宝涮大栅栏店是聚宝源体系的分店品质有保证。手切羊肉不冻现切红白分明。清汤锅底涮出来的肉是甜的。麻酱自己调韭菜花腐乳酱豆腐各个不少。大栅栏逛完来涮一顿是固定路线。,,0,0,1,2026/4/9 4:29,2026/4/9 4:29
196,1498,114,195,南来顺饭庄是百年老字号清真馆子在南菜园这边。艾窝窝软糯香甜是传统小吃里面的馅料足。早点特别好豆汁焦圈面茶每样都有。很多南城的老北京每天早上都来吃早点。吃的就是这种百年不变的老味道。,,0,0,1,2026/1/24 10:52,2026/1/24 10:54
197,1780,171,197,乡菜馆在海淀北安河那边位置偏但味道实在。家常菜做得不错红烧肉炖得烂乎炒青菜也有锅气。菜量给得大价格实惠。附近没有太多餐厅所以这家成了周边居民和工人的食堂。环境简单就是普通小馆子的样子。,,0,0,1,2026/2/3 7:55,2026/2/3 15:19
198,2034,108,197,Manner Coffee金澳国际店在北三环写字楼底下早上七点就开门。海盐焦糖拿铁是招牌口感顺滑甜咸交织。价格比星巴克便宜不少自带杯还能减钱。咖啡师服务态度好出品稳定。早上上班前手机点一杯到店直接拿走效率高。,,0,0,1,2026/3/27 9:00,2026/3/27 9:00
199,2478,149,199,第一家烧烤在怀柔红螺镇附近晚上才开门只做晚市。烤串用的是碳火羊肉串肥瘦相间烤得冒油。烤鸡翅和烤韭菜也好吃。环境就是村里的小院子夏天在院子里吃烧烤喝啤酒太惬意了。来红螺寺玩的话晚上可以考虑来这里。,,4,0,1,2026/4/13 9:07,2026/4/13 9:07
200,2891,151,199,呱呱烧鸡酱肉松榆里店主打烧鸡和酱肉。烧鸡烤得皮脆肉嫩酱肉里的猪头肉卤得入味切片后夹火烧吃很香。只有上午和下午两个时段开门去之前最好确认下时间免得跑空。松榆里这边的老店附近居民都很认。,,4,0,1,2026/4/3 7:53,2026/4/3 7:53
201,3214,101,201,重庆大厦火锅烧烤工体东路这家营业到凌晨甚至通宵。火锅是重庆牛油锅底辣味足麻味重越煮越香。烧烤也不错烤串和烤鱼都有。环境就是重庆江湖风的装修红灯笼竹椅子。夜里饿了出来找吃的这里是最佳选择之一。,,2,0,1,2026/3/3 6:34,2026/3/3 6:34
202,3589,177,201,晋周刀削面家常菜在金桥东街那边的商场里。刀削面是师傅现削的面片飞进锅里很过瘾。面片薄厚均匀筋道弹牙。配上西红柿鸡蛋卤或者肉臊子都很香。价格实惠量也大是商场里性价比最高的选择之一。,,2,0,1,2026/6/12 4:23,2026/6/12 4:23
203,3956,114,203,龙缘饭庄在龙头街开了很多年了。宫保鸡丁做得不错花生酥脆鸡丁嫩滑酸甜口刚好。菜量给得大价格也亲民。饭店环境简单干净是附近居民聚餐的常选。服务热情老板记性好熟客来了不用点都知道要什么。,,2,0,1,2026/6/10 20:20,2026/6/10 20:20
204,163,171,203,华天二友居肉饼西黄城根店的包子真是没得说。发面的包子松软蓬松猪肉大葱馅汁水最丰富。炒肝也做得地道蒜味冲鼻配包子是灵魂组合。晚上六点以后基本就卖完了想吃要趁早。老字号的面点这块拿捏得死死的。,,0,0,1,2026/5/23 15:19,2026/5/23 15:19
205,412,157,205,雅吉牛肉面东南大厦店午餐时间人最多。牛肉面汤底清亮牛肉片切得薄面条筋道。分量给得足一碗面加个卤蛋吃饱没问题。只做午市下午两点半就关了晚上没有。附近的上班族中午赶着来吃。,,0,0,1,2026/6/4 9:03,2026/6/4 9:03
206,106,113,205,方砖厂吃炸酱面的正确打开方式就是多加蒜多放醋。炸酱里的肉丁很大颗嚼着香。面条别煮太软稍微硬一点有嚼劲。小菜里的萝卜泡菜酸度刚好解腻。这家分店比总店人少体验更好。,,1,0,1,2026/2/27 4:13,2026/2/27 4:13
207,105,174,207,烤鸭选四季民福不会踩雷。鸭皮烤得透亮蘸白糖一绝。鸭架可以选椒盐或者做汤我选的椒盐炸出来很香。蘸酱里的甜面酱是自己熬的能吃出桂花的味。两个人点一只鸭刚好。,,3,0,1,2026/4/24 5:57,2026/4/24 5:57
208,714,161,207,记嘚来广州顺德菜馆金融街店主打顺德风味。烧鹅是特色皮脆肉嫩蘸梅子酱酸甜解腻。煲仔饭锅巴焦香烟韧恰到好处腊味油香渗进每粒米。金融街能有这样的顺德菜馆实在难得。午餐时间人多需要早去。,,0,0,1,2026/3/19 8:44,2026/3/19 8:44
209,1234,73,209,山西特色面食阜成门内北街店主打山西面食选择多。油泼面最受欢迎辣椒面蒜末被热油激发出香味粗面筋道。也有刀削面和饸烙面都是手工做的。量给得大一个人一碗面就能吃撑。环境简单就是面馆的样子重在味道。,,0,0,1,2026/5/16 12:59,2026/5/16 12:59
210,1820,155,209,富亿城小酒馆羊蝎子火锅在农大南路附近主打羊蝎子。羊蝎子炖得烂乎入味骨髓香浓汤底麻辣。吃完羊蝎子涮点蔬菜和豆腐收尾。店里的精酿啤酒也是特色配羊蝎子喝刚刚好。环境是小酒馆的风格比较年轻化。,,0,0,1,2026/3/3 1:14,2026/3/3 1:14
211,2156,106,211,丰台体育宾馆餐厅在丰体南路那边主要是服务体育馆周边的。菜品中规中矩量给得大价格实惠。红烧排骨和宫保鸡丁是常点的菜。运动队集训的时候经常会在这里包餐。环境就是普通宾馆餐厅的样子干净整洁。,,0,0,1,2026/5/15 0:32,2026/5/15 0:32
212,2673,119,211,老重庆地摊火锅花家地这家就是那种苍蝇馆子风格。锅底是典型的重庆老火锅牛油味浓郁麻辣鲜香。涮菜新鲜价格实惠毛肚鸭肠酥肉每样都来一份。环境比较简陋但吃的就是这种原生态的味道。适合不讲究环境只讲究味道的人。,,6,0,1,2026/2/23 2:45,2026/2/23 2:45
213,3104,148,213,观娱咖啡在观唐艺术区里面环境自带艺术感。咖啡不错手冲豆子选得好酸甜平衡。也有一些简餐和甜点。周围是艺术馆和画廊逛完展览坐下来喝杯咖啡很惬意。营业到午夜晚上很安静适合看书发呆。,,4,0,1,2026/2/27 15:26,2026/2/27 23:28
214,3441,175,213,晋大碗刀削面家常菜在琉璃河那边位置偏但附近人都知道。刀削面是招牌削得薄厚均匀面条筋道弹牙。家常菜炒得也不错量给得大价格实惠。饭点的时候周边居民和工人很多。,,0,0,1,2026/2/27 0:48,2026/2/27 0:48
215,3780,120,215,魔王咖啡商店在模式口大街那边是个安静的社区咖啡馆。松饼是招牌现烤的端上来热乎配蜂蜜黄油。手冲咖啡选用单品豆风味层次分明。店里的音乐和环境让人放松适合一个人来坐一下午。营业到六点所以要早点去。,,0,0,1,2026/4/20 6:05,2026/4/20 6:05
216,678,137,215,四季筵玺在安定门桥附近环境私密安静。走中餐精致路线每道菜摆盘都像画。食材新鲜口味清淡偏鲜不靠重油重盐。包间为主适合商务宴请或者重要的家庭聚餐。价格不低但服务和环境对得起。,,1,0,1,2026/5/4 11:40,2026/5/4 11:40
217,734,141,217,川成元麻辣香锅财富购物中心店在商场地下一层很方便。单人餐一个人也能吃饱是附近上班族的最爱。辣度可以自选食材新鲜选择多。自己选菜称重价格透明不玩虚的。炒出来的香锅锅气足香辣过瘾配米饭完美。,,9,0,1,2026/5/1 17:28,2026/5/1 17:28
218,4090,155,217,就想见面的手工面和机器切的口感完全不同筋道有嚼劲。牛肉面汤底浓郁牛肉给得实在。小菜也便宜配着面吃刚刚好。,,20,0,1,2026/4/28 15:40,2026/4/28 15:40
219,200,168,219,尹三豆汁的豆汁儿配焦圈是标配。第一次喝的人可能会被那个酸味劝退，但面茶是真的好喝。,,0,0,1,2026/2/19 8:21,2026/2/19 8:21
220,202,148,219,中国气象局食堂没啥好说的就是个职工食堂。菜量给得多管饱。,,1,0,1,2026/4/17 5:18,2026/4/17 5:18
221,203,107,221,信江雅苑江西小炒够味儿。藜蒿炒腊肉吃出来是江西菜的味道了。就是油大了点。,,1,0,1,2026/4/25 19:52,2026/4/25 19:52
222,204,124,221,滇喜云南味的过桥米线汤底很鲜。端上来的时候汤还在滚冒泡。米线滑嫩汤里有鸡油浓郁的香味。,,0,0,1,2026/5/5 9:17,2026/5/5 9:17
223,205,172,223,鲍李禾鸡公煲鸡肉嫩酱汁浓郁配饭能吃掉两碗。不过环境就是那种苍蝇馆子介意的别来。,,1,0,1,2026/5/19 19:39,2026/5/19 19:39
224,215,37,223,万家早安在五棵松万达主打快餐早点，油条豆腐脑包子每样都有，早上商场开门就有人来吃。出餐快价格实惠一个人十几块搞定。,,0,0,1,2026/4/27 19:20,2026/4/27 19:20
225,227,134,225,西塔婆婆牛肋条自助烤肉在五棵松万达里面位置好找。牛肉腌得入味自己烤着吃火候随意。五花肉烤到焦香用生菜包着蘸酱很过瘾。自助形式不用纠结分量想吃多少拿多少。,,0,0,1,2026/5/23 2:48,2026/5/23 2:48
226,239,167,225,好吃好喝的味道不错分量也够价格合理。环境干净整洁服务态度好。周边的居民和上班族经常来吃。是一家性价比不错的店。,,7,0,1,2026/3/22 16:35,2026/3/22 16:35
227,258,13,227,松鹤楼台基厂的松鼠桂鱼刀工和火候都在线酸甜汁调得恰到好处。蟹粉豆腐也值得一试蟹鲜豆香融合得很妙。环境是老牌苏帮菜馆的气派周末带家人来聚餐很合适。,,2,0,1,2026/5/16 23:54,2026/5/16 23:54
228,267,132,227,汕荣记潮汕牛肉粿条汤底清鲜牛肉片烫得嫩滑粿条Q弹。湿炒牛肉饭也值得一试酱汁裹着米饭和牛肉很入味。档口虽小但东西实在价格也亲民。,,1,0,1,2026/5/27 17:14,2026/5/27 17:14
229,278,125,229,要潮人民咖啡馆开在宛平城里环境很有历史感。清咖做得不错酸度明亮回甘清爽。逛完抗战纪念馆出来坐一坐喝杯咖啡休息一会儿很惬意。,,0,0,1,2026/3/29 12:53,2026/3/29 12:53
230,298,172,229,佰福盛宴的宴会厅很大适合办婚宴和年会。菜品走精致路线摆盘好看味道也到位量给得也不小气。服务员态度好上菜有条不紊。重要场合选这里不会掉面子。,,22,0,1,2026/2/9 12:16,2026/2/9 12:16
231,314,145,231,老北京家常菜安定门这家开了好多年了菜式就是家常味道不花哨。干炸丸子外酥里嫩炸灌肠蘸蒜汁吃很地道。菜量给得大价格也实在附近的居民不想做饭就来这解决一顿。,,2,0,1,2026/4/18 8:26,2026/4/18 8:26
232,337,178,231,浣熊食堂望京店是个社区型简餐店价格亲民。盖饭和面食为主红烧牛肉面和宫保鸡丁饭最受欢迎。出餐快环境干净中午附近上班族很多。一个人懒得做饭的时候来这解决一顿很方便。,,10,0,1,2026/6/12 22:18,2026/6/12 22:18
233,368,28,233,满朋斋的烤肉筋是特色咬起来有嚼劲越嚼越香。烤串种类多羊肉串牛肉串每样都烤得到位。晚上约几个朋友来喝啤酒吃串聊天气氛特别好。,,0,0,1,2026/5/27 23:52,2026/5/27 23:52
234,401,106,233,雪糕咖啡店面虽小但咖啡做得用心。拿铁奶泡细腻口感顺滑夏天来一杯冰拿铁很解暑。位置不起眼但胜在安静适合一个人来坐坐看看书打发时间。,,3,0,1,2026/4/25 8:09,2026/4/25 8:09
235,423,8,235,丽斯花园会所餐厅环境私密包间多适合聚会。辣子鸡做得不错鸡肉丁炸得酥脆辣椒花椒的香麻恰到好处。服务周到停车也方便在顺义这片算比较靠谱的餐厅。,,4,0,1,2026/6/8 3:22,2026/6/8 3:22
236,456,115,235,信阳牛肉汤汤底是牛骨熬的白汤浓郁鲜香。牛肉切得薄入碗即熟配着烧饼或者馍吃很过瘾。冬天早上来一碗从头暖到脚身子一下子就热了。,,0,0,1,2026/5/21 0:32,2026/5/21 0:32
237,489,116,237,康陵正德春饼宴1号院在十三陵那边主打春饼自助。春饼现烙薄而有韧性酱肘子和合菜炒蛋摆满一桌自己卷着吃。周末开车去昌平玩顺路来吃一顿很过瘾。,,0,0,1,2026/5/13 1:18,2026/5/13 1:18
238,1836,134,237,阳坊胜利涮羊肉在昌平那边开车去的。肉量大实在麻酱自己调的想放多少放多少。,,0,0,1,2026/5/10 21:20,2026/5/10 21:20
239,567,25,239,老王府羊蝎子·铜锅涮肉的涮肉品质不错羊肉切得薄厚均匀新鲜。清汤锅底涮出来肉是甜的能吃出肉质本身的好。麻酱自己调配比在别家调的更合自己口味。,,3,0,1,2026/3/16 5:24,2026/3/16 5:24
240,612,166,239,山西刀削面的面是师傅现削的刀起刀落面片飞进锅里看着就过瘾。削出来的面片薄厚均匀筋道弹牙。西红柿鸡蛋卤和肉臊子两种浇头换着吃每次都有新鲜感。,,3,0,1,2026/3/12 19:15,2026/3/12 19:15
241,4210,106,241,中央民族大学第四学生餐厅是民大的学生食堂。菜品种类多价格对学生很友好。红烧肉炖得烂乎炒菜也有锅气。打饭的阿姨不手抖这点很难得。饭点时候人山人海但排队也值得。,,0,0,1,2026/5/25 5:45,2026/5/25 5:45
242,606,166,241,汤厨五道营店在胡同里面环境雅致。主打的是健康汤品和各种简餐罗勒烤鸡翅是每桌必点。环境安静舒适适合约会或者一个人吃饭。五道营胡同是文艺一条街这家店是里面比较有品质的一家。,,1,0,1,2026/3/2 20:14,2026/3/2 20:14
243,801,113,243,山西刀削面的削面手艺是招牌面条削得薄厚均匀入口筋道。量给得大价格实在一碗面就能吃撑。小店环境简单但面的质量一直在线附近的居民都认。,,0,0,1,2026/6/11 1:03,2026/6/11 1:03
244,701,165,243,河间驴肉火烧一定要趁热吃火烧酥脆驴肉香。凉了就全毁了。买到就站在门口吃完。,,4,0,1,2026/1/12 23:31,2026/1/12 23:40
245,967,174,245,京妞儿面馆在南锣鼓巷里面主打猪蹄和各种面食。猪蹄炖得软糯入味一口下去胶质满满。逛南锣累了进来吃碗面啃个猪蹄歇歇脚正合适。,,3,0,1,2026/3/3 16:46,2026/3/3 16:46
246,1056,179,245,96号私房菜没有固定菜单今天吃什么看厨师心情但每次都有惊喜。环境私密安静像在朋友家吃饭一样放松。适合小范围聚餐需要提前约。,,1,0,1,2026/5/12 19:36,2026/5/12 19:36
247,1234,181,247,山西特色面食的面条筋道弹牙汤底是骨头熬的鲜香不腻。分量给得足一个人一碗就能吃饱。价格实惠是附近上班族和居民的午餐好选择。,,0,0,1,2026/5/26 14:06,2026/5/26 14:06
248,1502,180,247,农小锅庄胜广场店是自选小火锅的形式一个人也能吃得自在。锅底选择多牛羊肉新鲜蔬菜丸子种类丰富。按盘子颜色计价灵活方便价格也公道。,,0,0,1,2026/2/10 8:02,2026/2/10 8:02
249,1789,146,249,乡菜馆是那种最朴实的农家馆子菜量大味道家常价格便宜。炖排骨和红烧鱼做得不错。附近村民和过路的司机常来这里吃饭就是图个实在管饱。,,0,0,1,2026/5/15 15:06,2026/5/15 15:06
250,2034,108,249,Manner Coffee的店面不大但位置方便。咖啡出品稳定拿铁奶泡绵密美式酸度适中。价格在周边算是正常水平。早上来一杯提神效果不错，适合上班前或午休时顺手买一杯。,,1,0,1,2026/2/25 2:56,2026/2/25 4:29
251,3061,129,251,大懒龙的懒龙肉馅塞得满满当当一口咬下去汁水往外淌。上班族带饭的福音一个管饱。,,6,0,1,2026/4/5 12:42,2026/4/5 12:42
252,2678,178,251,Tims天好咖啡798店在艺术区里面逛展累了来歇脚刚好。全麦贝果加热后涂上奶油芝士是招牌搭配咖啡吃很香。位置方便环境也舒服。,,4,0,1,2026/3/11 18:41,2026/3/11 18:41
253,2901,113,253,雍雅合鲜的味道不错分量也够价格合理。环境干净整洁服务态度好。周边的居民和上班族经常来吃。是一家性价比不错的店。,,6,0,1,2026/3/10 22:46,2026/3/10 22:46
254,3214,176,253,重庆大厦火锅烧烤工体这边主打火锅和烤串两样都做。火锅是重庆牛油锅底麻辣鲜香烤串也是炭火现烤。营业到深夜适合夜猫子来喝酒撸串涮火锅。,,3,0,1,2026/4/29 14:56,2026/4/29 14:56
255,3456,148,255,奥华餐厅老张记台基厂店是天津菜的代表虾仁独面筋每次必点。面筋吸饱汤汁咬下去汁水四溢虾仁颗颗饱满。菜量给得实在两个人两三个菜就够吃完还得打包。,,3,0,1,2026/4/19 20:22,2026/4/19 20:22
256,3789,159,255,和众大油条炸老虎是北京的特色早点大油条炸得酥脆金黄咬下去咔嚓响。早上来一根配豆浆或者豆腐脑就是标准的老北京早餐打开方式。价格便宜份量十足。,,0,0,1,2026/3/6 21:38,2026/3/6 21:38
257,4012,160,257,隆和居美食城正义路店环境雅致包间安静适合商务宴请。干锅千页豆腐做得入味辣度适中豆腐外焦里嫩。菜品走精致路线服务周到是正义路这一片比较靠谱的中餐馆。,,1,0,1,2026/3/17 4:21,2026/3/17 4:21
258,718,163,257,有术咖啡在白塔寺附近的宫门口胡同里。环境安静设计感强有很多艺术相关的书可以翻阅。手冲很专业豆子是精选的单品。咖啡师会跟你聊咖啡的风味和产地。白塔寺这一片最有品质的独立咖啡馆之一。,,0,0,1,2026/6/12 18:35,2026/6/12 18:35
259,206,116,259,裕六六炒鸡烤鱼环保园店主打炒鸡和烤鱼两样都做。炒鸡入味鸡肉嫩滑烤鱼外焦里嫩配菜丰富。环境接地气价格实惠适合几个人点上鸡和鱼吃个痛快。,,0,0,1,2026/6/9 15:17,2026/6/9 15:17
260,208,143,259,满座儿精品小碗菜万科翠湖店是写字楼底商解决午饭的好地方。小碗菜一份份的量刚好一个人点两三样不浪费。红烧肉和西红柿炒蛋是热门菜出餐快价格也实惠。,,1,0,1,2026/2/24 9:30,2026/2/24 9:30
261,218,114,261,了辛·爆汁烤冷面万达广场店是那种路边小档口但是味道出奇好。铁板上现烤的面皮打上鸡蛋翻面刷酱加火腿肠和洋葱。趁热吃外皮微脆里面酱香浓郁十几块钱就能吃饱。,,0,0,1,2026/1/17 5:51,2026/1/17 6:24
262,1436,147,261,洪福亮酒家是那种典型的好吃不贵的苍蝇馆子。服务员全是阿姨手脚利索。,,0,0,1,2026/5/11 18:25,2026/5/11 18:25
263,233,4,263,十六咖啡是个移动咖啡车在附近几个固定点轮流摆摊。咖啡用的是自家烘焙的豆子拿铁和美式都不错。价格比店里的便宜出杯也快适合路过顺手来一杯。,,0,0,1,2026/1/21 10:14,2026/1/21 14:17
264,245,99,263,川遇辣锡纸鸡汤米线汤底是用鸡汤熬的鲜香不腻米线滑爽。锡纸包着端上桌保温效果好吃到最后一筷子还是热乎的。配料给得也不少一个人一份管饱。,,6,0,1,2026/6/5 17:04,2026/6/5 17:04
265,250,122,265,以沫咖啡是个安静的街角小店咖啡豆选得好手冲出品稳定。拿铁拉花做得漂亮奶泡绵密顺滑。店里空间不大但氛围舒服适合一个人来办公或者看书。,,0,0,1,2026/5/20 21:56,2026/5/20 21:56
266,263,13,265,沂蒙山铁锅炒鸡用的是深山走地鸡铁锅炖出来肉紧实有嚼劲不柴不老。汤汁浓郁配着贴饼子蘸着吃特别香。分量给得大三个人点一锅再加点配菜就够吃。,,0,0,1,2026/3/23 4:15,2026/3/23 4:15
267,274,130,267,围场情饭店做的是北方地方菜菜量大味道朴实。炖菜是强项排骨炖豆角炖得入味贴饼子吸饱了汤汁。环境就是普通饭馆的样子但胜在实在管饱。,,70,1,1,2026/2/13 4:11,2026/2/13 4:11
268,290,137,267,九洑地餐厅主打地方家常菜菜式丰富价格亲民。红烧肉炖得烂乎炒青菜也有锅气。环境就是朴实的饭馆样子附近居民和工人都爱来吃得实在管饱。,,6,0,1,2026/4/17 19:31,2026/4/17 19:31
269,303,108,269,南门涮肉通州店的羊肉新鲜切得薄下锅变色就能吃嫩得很。清汤锅底不抢肉味麻酱自己调韭菜花腐乳一样不少。通州这边吃涮肉的首选之一冬天来最暖和。,,18,0,1,2026/5/14 18:56,2026/5/14 18:56
270,325,181,269,韩大姐农家餐厅环境就是农家院的样子大院里有果树和菜地。菜品朴实不花哨但每道菜都透着农家菜特有的烟火气。分量大价格实惠。,,0,0,1,2026/3/24 6:54,2026/3/24 6:54
271,342,125,271,厨禾企业团餐主打工作餐和盒饭配送量大管饱价格实惠。菜品每天换荤素搭配均衡。附近工地的工人和小公司的职员都订这里的饭解决午餐省心省力。,,5,0,1,2026/3/6 6:56,2026/3/6 6:56
272,630,29,271,都一处烧卖馆是北京美食代表。烧卖皮薄如纸里面肉馅鲜嫩多汁。三鲜馅的最经典。,,3,0,1,2026/1/15 17:40,2026/1/17 12:46
273,376,94,273,东门涮肉故宫王府井店位置绝佳逛完故宫出来就能涮上一顿。双人餐搭配合理两个人肉菜均衡够吃。羊肉新鲜清汤锅底涮出来原汁原味服务也跟得上。,,0,0,1,2026/2/23 20:57,2026/2/23 20:57
274,168,82,273,砂锅居的砂锅白肉是招牌汤鲜肉烂。服务员都是老店员态度不热情但是菜做得地道。,,1,0,1,2026/4/3 23:51,2026/4/3 23:51
275,397,99,275,食之六七面馆的面条是手工做的筋道弹牙，汤底是骨头熬的鲜香不腻。价格实惠分量足，一碗面加个小菜吃饱没问题。,,3,0,1,2026/5/20 14:43,2026/5/20 14:43
276,410,73,275,大嘴烤翅东北菜主打烤翅和东北家常菜。烤翅蜜汁味和辣味都好吃鸡皮微焦肉嫩多汁。东北锅包肉外酥里嫩酸甜适口菜量给得足两个人点两个菜就够了。,,1,0,1,2026/4/2 6:08,2026/4/2 6:08
277,425,171,277,DOMUS松主打意面种类多酱汁都是自己熬的罗勒青酱和番茄肉酱最受欢迎。面条煮得软硬刚好环境安静雅致。一个人来点份意面配杯红酒很舒服。,,8,0,1,2026/3/21 12:51,2026/3/21 12:51
278,433,131,277,洛士文国际交流营地咖啡吧在营区里面环境安静适合坐下来聊事情。咖啡中规中矩拿铁和美式都有。主要是环境加分室外有座位天气好的时候很惬意。,,0,0,1,2026/5/19 7:20,2026/5/19 7:20
279,448,98,279,羊阿羊手工驴打滚是北京传统小吃的代表之一。驴打滚软糯香甜黄豆粉炒得焦香扑鼻。手工现做的比工厂批量生产的好吃太多甜度刚好不腻口。,,1,0,1,2026/2/3 8:11,2026/2/3 8:11
280,461,96,279,坂和鮨鱿鱼老大主打各种鱿鱼料理铁板鱿鱼和鱿鱼大阪烧是招牌。鱿鱼新鲜弹牙嚼劲刚好酱汁浓郁。店不大但定位清晰喜欢吃鱿鱼的来就对了。,,2,0,1,2026/6/6 23:01,2026/6/6 23:01
281,472,7,281,康陵正德正宗春饼宴1号院主打春饼自助春饼现烙薄而有韧性。酱肘子合菜炒鸡蛋土豆丝摆满一桌自己卷着吃。十三陵游玩之后来一顿春饼宴是标准行程。,,0,0,1,2026/3/23 13:01,2026/3/23 13:01
282,487,156,281,乡村宴老酒馆主打乡村风味家常菜炸蘑菇是招牌外酥里嫩蘸椒盐吃很香。炖菜也不错土豆炖鸡大锅炖出来味道浓郁分量实在。,,0,0,1,2026/5/9 4:10,2026/5/9 4:10
283,498,174,283,芳和顺饭庄在昌平城区主打京菜和家常菜烤鸭做得不错皮酥肉嫩。菜量给得大价格公道是昌平本地人聚餐常选的老店之一包间多环境也干净。,,0,0,1,2026/5/3 14:16,2026/5/3 14:16
284,513,137,283,北京康陵正德正宗春饼宴1号院环境就是农家院的样子大院里有果树和菜地。菜品朴实不花哨但每道菜都透着农家菜特有的烟火气。分量大价格实惠。,,0,0,1,2026/2/8 9:37,2026/2/8 9:37
285,536,137,285,胡同印记咖啡藏在胡同深处是那种安安静静的社区小店。拿铁和美式都不错豆子新鲜。店面虽小但布置得温馨窗边的座位能看到胡同的日常。,,1,0,1,2026/3/19 13:22,2026/3/19 13:22
286,548,154,285,外卖烤鸭主打烤鸭外送方便快捷包装干净到家还是热乎的。鸭子烤得皮酥肉嫩和店里吃的差不多。不想出门又想在家吃顿好的点这个准没错。,,0,0,1,2026/1/19 20:30,2026/1/19 22:56
287,563,126,287,郭记·老北京铜锅涮肉的羊肉切得薄厚均匀手切的比机器切的好吃。清汤锅底涮出来是甜的。麻酱自己调配韭菜花腐乳酱豆腐一样不少。冬天来吃一顿暖到心底。,,3,0,1,2026/2/22 13:47,2026/2/22 13:47
288,576,40,287,北平咖啡南锣鼓巷店是南锣这边比较老牌的咖啡馆之一。覆盆子挞是招牌甜点酸酸甜甜配拿铁刚好。二楼靠窗的位置能看到南锣的人来人往适合发呆。,,0,0,1,2026/6/1 13:27,2026/6/1 13:27
289,592,128,289,酵之谷豫味私厨主打河南地方菜量大实惠。红烧黄河大鲤鱼是招牌鱼肉炖得入味汤汁浓郁。环境干净服务热情对河南菜感兴趣的来这里不会失望。,,3,0,1,2026/4/3 22:37,2026/4/3 22:37
290,807,110,289,火勺加肉在南郝庄路那边是个路边小店。火勺是当地特色面食夹着酱肉吃外面酥脆里面肉香四溢。价格实惠几块钱一个能吃饱。环境就是路边摊的样子不讲究但味道是那种朴实的满足感。,,0,0,1,2026/6/3 12:37,2026/6/3 12:37
291,618,175,291,便宜坊烤鸭的烤鸭火候掌握得不错鸭皮烤得酥脆鸭肉嫩而不柴。面饼是手工擀的薄而有韧性卷着鸭肉和甜面酱吃着很香。价格在同类里算实在的。,,2,0,1,2026/3/11 14:45,2026/3/11 14:45
292,632,129,291,南门打边炉主打港式打边炉汤底清鲜不油腻。涮菜新鲜海鲜肉类每样都有。跟重油重辣的川渝火锅不同打边炉吃的是食材本味吃完不口干很舒服。,,2,0,1,2026/4/5 14:42,2026/4/5 16:16
293,645,139,293,老北京胡同烧烤藏在胡同里炭火烤串烟熏味足。羊肉串肥瘦相间鸡翅刷蜜汁甜咸交织。夏天的晚上坐在胡同口吃串喝啤酒是老北京的市井生活。,,2,0,1,2026/4/18 7:41,2026/4/18 7:41
294,658,152,293,西域阿勒泰餐厅主打新疆风味羊肉是强项。烤羊肉串肥瘦相间孜然味足大盘鸡里的土豆炖得粉糯拉条子吸满汤汁。清真餐厅用料讲究吃着放心。,,3,0,1,2026/5/16 23:13,2026/5/16 23:13
295,671,145,295,陶陶居酒家的肠粉做得地道皮薄滑爽酱油是特调的咸中带甜。其他广东点心也出品稳定虾饺和烧卖都不错。环境干净整洁位于医药生物所附近挺方便的。,,1,0,1,2026/4/20 6:07,2026/4/20 6:07
296,684,111,295,聚鑫餐厅的味道不错分量给得足价格也公道。环境干净整洁服务态度好。周边的居民和上班族经常来吃，是附近性价比不错的选择。,,0,0,1,2026/2/16 21:49,2026/2/16 21:49
297,699,144,297,瑞幸咖啡英特商务园店西柚冰萃是夏天的爆款清爽提神。手机提前下单到店扫码取杯不用排队。价格实惠经常有券上班族每天的续命站。,,5,0,1,2026/2/19 12:32,2026/2/19 12:32
298,2320,79,297,水库鱼农家饭家常菜刀削面在昌平大宫门村那边。水库鱼是现捞现杀的清炖或者酱炖都行鱼肉鲜嫩。家常菜也做得不错柴鸡蛋炒得金黄喷香。周末开车去昌平郊游顺道来吃饭。农家院的质朴味道吃得很舒服。,,0,0,1,2026/3/22 0:10,2026/3/22 0:10
299,777,72,299,赛百味的金枪鱼三明治面包烤得外酥里软。蔬菜自己选酱料自己选三明治自由。,,1,0,1,2026/6/3 17:41,2026/6/3 17:41
300,783,150,299,重庆街头小面主打重庆风味小面麻辣鲜香。牛肉面汤底浓郁面条筋道分量足。店面不大但每天都有回头客来的大多是附近的上班族和居民。,,1,0,1,2026/6/10 16:54,2026/6/10 16:54
301,2908,118,301,NANA蛋包饭银泰中心店是蛋包饭专门店很可爱。蛋包饭的蛋皮嫩滑切开之后里面的米饭粒粒分明酱汁有几种选择。份量适中午餐来一份刚好不撑。环境是日式简约风一个人来吃也不会尴尬。,,7,0,1,2026/5/24 17:07,2026/5/24 17:07
302,834,169,301,MY SOUP卖汤主打各式汤品鸳鸯肠煲仔饭也是招牌。煲仔饭锅巴焦黄米饭粒粒分明腊肠的油香渗进每粒米。天冷的时候来一碗热汤配煲仔饭特别暖胃。,,3,0,1,2026/4/26 23:38,2026/4/26 23:38
303,856,70,303,明城五号烤鸭坊建国门店的烤鸭做得好鸭皮酥脆不油腻鸭肉嫩。比那些大牌烤鸭店价格实惠不少环境也干净整洁。家庭聚餐或者请外地朋友来吃都合适。,,1,0,1,2026/3/2 12:01,2026/3/2 12:01
304,865,133,303,研磨时光龙潭店是个安静的下午茶好去处。环境舒适适合约朋友聊聊天或者一个人翻翻书。甜点和饮品颜值在线服务态度也温和。,,1,0,1,2026/3/8 2:15,2026/3/8 2:15
305,873,128,305,千韧潮汕牛肉粿条大华永盛美食城档口的牛肉是现切现烫的新鲜看得见。粿条滑爽汤底鲜香沙茶酱是灵魂蘸着吃更够味。美食城里性价比很高的选择。,,2,0,1,2026/4/11 12:05,2026/4/11 12:05
306,890,84,305,食鼎轩王府井台基厂店主打烤鸭和家常京菜。烤鸭皮酥肉嫩价格公道不是那种宰游客的。干炸丸子和焦溜肉片也是常点的菜。环境干净家庭聚餐来这里很合适。,,2,0,1,2026/1/19 1:14,2026/1/20 9:21
307,1523,160,307,桐记小灶儿牛板筋火锅甘露胡同店主打韩式泡菜牛板筋火锅。牛板筋炖得软糯泡菜酸辣开胃汤底越煮越有味。胡同里的氛围加上热气腾腾的火锅冬天来最舒服。,,0,0,1,2026/3/19 15:36,2026/3/19 15:36
308,1607,91,307,富力智选假日酒店餐厅就在酒店里面住客吃早饭很方便。早餐品种丰富豆腐脑和油条都有中式和西式都做。午餐和晚餐也有家常菜供应味道中规中矩。,,0,0,1,2026/5/26 6:56,2026/5/26 6:56
309,1681,113,309,华天新川面馆闹市口店是华天旗下的老牌面馆。牛肉面汤底浓郁面条筋道给的量也足。价格实惠是附近居民和写字楼上班族的日常食堂。,,0,0,1,2026/6/11 15:13,2026/6/11 15:13
310,3629,170,309,虾吃虾涮的虾锅端上来的时候还在咕嘟咕嘟冒泡虾很大个。,,0,0,1,2026/1/16 15:13,2026/1/16 15:33
311,1820,163,311,富亿城·小酒馆·羊蝎子火锅的锅底够味涮菜新鲜种类齐全。牛肉羊肉毛肚每样来一份，小料台也丰富想怎么调都行。环境和服务都在线。,,0,0,1,2026/5/26 12:24,2026/5/26 12:24
312,1901,161,311,信江雅苑江西小炒主打江西地方菜辣味和湘菜川菜不一样是那种鲜辣的劲。小炒肉和藜蒿炒腊肉是招牌。菜量给得大价格公道爱吃赣菜来这里不会错。,,0,0,1,2026/5/4 2:34,2026/5/4 2:34
313,2034,172,313,Manner Coffee的店面不大但位置方便。咖啡出品稳定拿铁奶泡绵密美式酸度适中。价格在周边算是正常水平。早上来一杯提神效果不错，适合上班前或午休时顺手买一杯。,,0,0,1,2026/4/7 0:51,2026/4/7 0:51
314,2156,164,313,丰台体育宾馆餐厅就在体育馆旁边运动队和赛事期间人最多。菜品以家常菜为主量给得大价格实惠。红烧排骨和宫保鸡丁是常点的菜味道中规中矩。,,1,0,1,2026/3/1 16:55,2026/3/1 16:55
315,177,113,315,烤肉刘炙子烤肉人均不高。五花肉烤得滋滋冒油用生菜包着吃解腻。,,0,0,1,2026/5/8 19:40,2026/5/8 19:40
316,198,156,315,得月楼在煤市街大栅栏这边是老字号。虾仁类的菜是招牌水晶虾仁晶莹剔透弹牙鲜美。环境就是传统饭馆的样子木桌木椅有年代感。游客和本地人都来吃。大栅栏逛累了进来吃顿饭很方便。,,0,0,1,2026/6/8 11:30,2026/6/8 11:30
317,2456,151,317,玉贵饭馆主打鱼香肉丝和家常炒菜菜量给得大价格实惠。附近的居民经常全家来吃不想做饭的时候就来这解决一顿。环境就是普通饭馆的样子重在味道实在。,,6,0,1,2026/2/12 10:02,2026/2/12 13:01
318,3230,180,317,三泉冷面的冷面夏天吃太爽了酸酸甜甜冰凉的。锅包肉外酥里嫩酱汁酸甜刚好。,,3,0,1,2026/2/4 3:41,2026/2/4 4:43
319,2678,81,319,Tims天好咖啡798捷枫店的贝果是招牌加热后涂上奶油芝士配一杯咖啡是完美的brunch。在798逛展逛累了来这里坐一下充个电继续逛。,,8,0,1,2026/4/27 6:16,2026/4/27 6:16
320,2745,106,319,遵义虾子羊肉粉北辰店主打贵州遵义羊肉粉。汤底是羊骨熬的白汤浓郁鲜香羊肉片切得薄而不碎。米粉滑爽弹牙加点糊辣椒和酸菜更提味。,,1,0,1,2026/3/17 9:50,2026/3/17 10:08
321,2834,119,321,门框胡同百年卤煮龙德广场店是老字号的分号卤煮火烧做得地道。汤底浓香火烧豆腐肥肠每样都煮得入味。配蒜泥和辣椒油再来一瓶北冰洋这就是北京味。,,3,0,1,2026/5/15 18:42,2026/5/15 18:42
322,582,142,321,华侨大厦睿世酒店嘉禾环境是五星级别的没话说。早餐自助品类丰富米粉做得好汤底鲜配料足。正餐时段提供粤菜和西餐出品精致。服务周到专业。价格不菲但偶尔来犒劳自己一顿值得。,,1,0,1,2026/5/30 4:56,2026/5/30 4:56
323,3014,136,323,壹馆通惠Found店是个有设计感的中餐厅空间宽敞菜品走融合路线。环境偏文艺适合约朋友聊天也适合小型聚会。菜品口味在创意和好吃之间平衡得不错。,,7,0,1,2026/4/12 13:12,2026/4/12 13:12
324,3120,71,323,社区便民主食坊主打馒头花卷烙饼烧饼各类主食现做现卖。价格便宜量给得足附近居民每天都来买几个。不想自己蒸馒头买几个回去方便又实惠。,,8,0,1,2026/1/8 1:21,2026/1/8 1:23
325,3256,114,325,百乐汇厨房世贸天阶店主打综合餐饮各种菜系都有适合一家人来各点各的。环境宽敞干净周末人多需要等位。价格中等菜品平均水平胜在方便选择多。,,2,0,1,2026/5/10 20:34,2026/5/10 20:34
326,3456,137,325,奥华餐厅老张记台基厂店菜量一如既往地大气。虾仁独面筋面筋吸饱汤汁虾仁颗颗饱满。红烧牛尾炖得烂乎轻轻一夹就脱骨。开了那么多年味道一直稳老顾客占了大多数。,,1,0,1,2026/4/11 16:22,2026/4/11 16:22
327,3512,171,327,太德家宴主打家宴风格的中式聚餐环境温馨包间私密。菜品以传统中菜为主红烧鲍鱼和葱烧海参是招牌。适合家庭聚会或者请长辈吃饭服务贴心周到。,,17,1,1,2026/4/30 6:50,2026/4/30 6:50
328,3620,106,327,禧宴婚礼堂的味道不错分量也够价格合理。环境干净整洁服务态度好。周边的居民和上班族经常来吃。是一家性价比不错的店。,,0,0,1,2026/3/22 23:12,2026/3/22 23:12
329,3755,177,329,牛街老爆肚满八角街道店主营爆肚和红烧牛肉面。爆肚火候是关键肚领脆百叶嫩蘸麻酱吃是标配。牛肉面也做得不错汤底浓郁面条筋道分量实在。,,0,0,1,2026/3/17 20:21,2026/3/17 20:21
330,3840,162,329,面条儿京魂主打老北京风味面食皮蛋瘦肉粥也是招牌之一。面条筋道炸酱的肉丁炸得焦香面码新鲜齐全。粥熬得黏稠皮蛋和瘦肉给得实在早上来一碗很舒服。,,0,0,1,2026/5/2 17:03,2026/5/2 17:03
331,3870,103,331,老四面馆主打各种盖饭和面食选择多出餐快。红烧牛肉盖饭和西红柿鸡蛋面是最多人点的。价格实惠量大管饱附近工地的工人和快递小哥常来吃。,,29,0,1,2026/2/4 23:10,2026/2/5 7:54
332,3901,113,331,隆和居美食城正义路店在市中心位置办事方便。干锅千页豆腐做得入味豆腐外焦里嫩。烤鸭也不错价格合理包间多适合商务宴请服务热情周到。,,1,0,1,2026/4/17 1:50,2026/4/17 1:50
333,3937,165,333,吉祥缘东北菜兴华大街店主打地道的东北家常菜。锅包肉外酥里嫩酸甜适口酸菜白肉血肠炖得入味。菜量大是东北馆子的传统两个人点两个菜就够。,,0,0,1,2026/2/19 9:32,2026/2/20 20:35
334,164,133,333,丽江庭院环境小桥流水很有意境。菜品云南风味。腊排骨火锅可以吃但是不要抱太高期望毕竟环境分占了很多。,,0,0,1,2026/4/15 15:49,2026/4/15 15:49
335,4035,79,335,缘中圆民俗餐厅主打农家民俗风味菜品朴实不花哨。炖柴鸡和铁锅炖鱼是招牌用大柴锅炖出来的味道比城市里的香太多。环境就是农家院的样子大院子很宽敞。,,53,2,1,2026/4/13 22:12,2026/4/13 22:12
336,4082,181,335,西集三哥烤羊腿主打整条羊腿烤制外焦里嫩孜然和辣椒的配比刚好。用刀一片片割下来蘸着干料吃三四个人分一条正好。环境是大排档风格夏天在露天吃最过瘾。,,28,1,1,2026/2/16 2:57,2026/2/16 2:57
337,4123,111,337,京晨包子铺的包子皮薄馅大猪肉大葱的最受欢迎。也有粥和馄饨搭配着吃。早上一套包子加炒肝不到十块钱很划算。,,11,0,1,2026/4/26 9:33,2026/4/26 9:33
338,4189,99,337,映庐北航店主打红烧肉和各种家常菜红烧肉炖得软糯入味肥而不腻。北航的学生和老师来得多价格也公道。环境干净是学校附近比较靠谱的聚餐选择。,,0,0,1,2026/1/24 0:21,2026/1/24 0:22
339,4245,41,339,瑞幸咖啡的店面不大但位置方便。咖啡出品稳定拿铁奶泡绵密美式酸度适中。价格在周边算是正常水平。早上来一杯提神效果不错，适合上班前或午休时顺手买一杯。,,0,0,1,2026/5/9 20:43,2026/5/9 20:43
340,4278,28,339,库迪咖啡环境安静舒服适合坐一下午。冰美式夏天很解暑拿铁冬天暖和。比起连锁店多了一份用心。,,7,0,1,2026/6/9 3:16,2026/6/9 3:16
341,440,169,341,竹韵餐厅主打牛肉类菜品红烧牛肉和酱牛肉都不错炖得软烂入味。环境清雅有竹林主题的装饰氛围安静舒适。适合约会也适合一个人安安静静吃顿饭。,,0,0,1,2026/5/17 12:14,2026/5/17 12:14
342,1063,43,341,这家店居然开在小区里面？？绕了三圈才找到…进门之后别有洞天。味道倒是不错就是太难找了差一点就放弃了😂,,2,0,1,2026/1/25 10:54,2026/1/25 10:54
343,1523,161,343,份量也太实在了吧～两个人都吃不完打包回去明天还能再吃一顿。关键是好吃的！推荐！,,0,0,1,2026/4/13 12:25,2026/4/13 12:25
344,1755,175,343,我能说什么呢…就是这个味儿！每周不吃一次浑身难受😭💰就当存钱去吃吧反正也不贵,,0,0,1,2026/6/9 9:30,2026/6/9 9:30
345,2241,121,345,不是…这个烤串也太绝了吧！吃完想立刻发朋友圈结果手机没电了😂下次再来～,,1,0,1,2026/4/7 7:22,2026/4/7 7:22
346,2523,135,345,三芊花园咖啡店如其名开在花园旁边环境是最大的卖点。咖啡中规中矩拿铁和美式都有。天气好的时候坐在花园里喝咖啡晒太阳比在室内强太多。,,9,0,1,2026/1/26 19:27,2026/1/26 19:43
347,2745,156,347,遵义虾子羊肉粉冬天来一碗暖和全国😭汤底鲜辣羊肉片薄嫩米粉滑爽弹性十足。加了糊辣椒和酸菜之后味道更上一层楼。一个人也能吃得很丰盛。,,1,0,1,2026/6/6 18:28,2026/6/6 18:28
348,2678,131,347,甜～太甜了！但是停不下来的那种甜！配着茶吃不就不甜了嘛～可能是我心理作用😂,,7,0,1,2026/4/20 6:31,2026/4/20 6:31
349,3120,144,349,导航差点把我导到别人家院子里去…到了才发现入口是在旁边的小巷子里。进去之后觉得～嗯～没白找！,,10,0,1,2026/3/26 12:09,2026/3/26 12:09
350,3378,170,349,等了一个小时！！！但吃到第一口的时候觉得等得值。这爆肚的火候…怎么形容呢…就是刚刚好的那种刚刚好🤤,,1,0,1,2026/5/31 20:14,2026/5/31 20:14
351,3512,145,351,这个炖吊子让我想起小时候我爸带我去的那种老字号。不是所有人都能接受的味道但对我来说就是家乡味😌,,24,1,1,2026/2/16 11:43,2026/2/16 11:43
352,3755,134,351,牛街老爆肚满的爆肚火候太重要了在滚水里涮十几秒就得捞出来。肚领脆弹百叶嫩滑配麻酱是标配。红烧牛肉面也做得不错汤底浓郁面条筋道。,,0,0,1,2026/3/12 3:03,2026/3/12 3:03
353,3870,154,353,老一辈的味道～年轻人可能欣赏不来但我觉得这才是真正的好东西。花椒盐的配比拿捏得死死的👌,,23,0,1,2026/6/7 4:01,2026/6/7 4:01
354,3981,176,353,星巴克大兴星光影视基地店环境宽敞座位多适合来办公或者等人。抹茶星冰乐夏天是爆款清爽不腻。出品稳定就是普通星巴克的水准不惊喜但也不踩雷。,,0,0,1,2026/6/6 7:23,2026/6/6 7:23
355,4035,7,355,缘中圆民俗餐厅主打乡村风味柴锅炖菜是特色炖鸡炖鱼都用大铁锅慢慢炖。院子里种了果树和菜地环境就是农家院的样子。周末开车去郊区玩顺路来吃顿饭很放松。,,40,1,1,2026/3/27 2:31,2026/3/27 2:31
356,4082,110,355,西集三哥烤羊腿在通州那边名气不小一条羊腿三四个人分刚好。外皮烤得焦脆里面的肉嫩汁多用刀一片片片下来蘸孜然辣椒面吃太过瘾了。,,30,1,1,2026/4/21 18:18,2026/4/21 18:18
357,4123,155,357,京晨包子铺的包子皮薄馅大猪肉大葱的最受欢迎。也有粥和馄饨搭配着吃。早上一套包子加炒肝不到十块钱很划算。,,22,0,1,2026/3/27 22:45,2026/3/27 22:45
358,4189,180,357,端上来的时候上面还点着火🔥那个场面太震撼了…拍了个视频发朋友圈被问爆了！至于味道嘛我觉得仪式感占了七十分味道及格就好😂,,0,0,1,2026/3/12 22:14,2026/3/12 22:14
359,4245,171,359,瑞幸咖啡北邮店就在学校附近学生来的多。生椰拿铁是爆款椰味浓郁咖啡顺滑。手机上提前下单到店直接拿走不用等早上上课前顺路来一杯提神。,,0,0,1,2026/4/5 7:27,2026/4/5 7:27
360,4278,76,359,库迪咖啡的店面不大但位置方便。拿铁奶泡打得绵密咖啡口感顺滑，美式酸度刚刚好不会太苦。价格在周边算实惠的，早上顺路买一杯刚刚好。,,4,0,1,2026/2/1 21:38,2026/2/1 22:24
361,1063,120,361,店藏得够深的！！跟着导航绕了两圈才找到——结果到了发现里面坐满了人？？好家伙大家都是怎么找到的😂😂,,2,0,1,2026/5/1 8:24,2026/5/1 8:24
362,440,149,361,服务员小哥上菜的时候说了句祝您用餐愉快～就冲这句话我也要给好评！烤鱼也好吃😋微辣是广东人能接受的辣度,,0,0,1,2026/5/4 13:18,2026/5/4 13:18
363,1523,106,363,咦？上次来还是冬天这次春来菜单换了几个菜。试了新上的那个什么鱼～好吃！！是春天的味道🌸,,0,0,1,2026/3/17 10:50,2026/3/17 11:37
364,2834,166,363,门框胡同百年卤煮龙德广场店的卤煮火烧是老汤底每天续新料从不倒。肥肠处理得干净没异味火烧泡得软而不散豆腐吸饱了汤汁。配蒜泥辣椒油再来瓶北冰洋就是老北京完美一餐。,,2,0,1,2026/2/7 18:53,2026/2/7 21:21
365,3256,134,365,门口排了个小队～闻着飘出来的肉香味口水都要流下来了。现烤的馍在火上翻了两下就好了。咬开～肉汁流了一手！值了值了😅,,3,0,1,2026/6/8 9:27,2026/6/8 9:27
366,2908,41,365,NANA蛋包饭的味道不错分量也够价格合理。环境干净整洁服务态度好。周边的居民和上班族经常来吃。是一家性价比不错的店。,,5,0,1,2026/1/26 1:00,2026/1/26 1:56
367,4123,118,367,京晨包子铺的包子皮薄馅足猪肉大葱的一咬汤汁直往外冒。炒肝也做得地道蒜味冲鼻早上来一套包子配炒肝一整天都精神。开了好些年附近街坊都认这一口。,,19,0,1,2026/1/27 12:05,2026/1/28 12:25
368,185,163,367,零点餐厅主打寿司和日料食材新鲜摆盘精致。三文鱼刺身厚切口感丰腴寿司饭的醋和糖比例调得好。环境安静是那种一个人来吃也不会尴尬的小店。,,0,0,1,2026/2/25 21:21,2026/2/25 21:21
369,536,154,369,胡同印记咖啡藏在胡同深处安静舒服，手冲豆子新鲜酸度明亮。店里放的轻音乐让人放松，适合一个人来坐一下午看书发呆。,,3,0,1,2026/3/3 0:19,2026/3/3 0:19
370,895,165,369,COSTA COFFEE天润财富中心店下午茶套餐不错配一块蛋糕刚好。咖啡出品比星巴克浓郁一些环境也更安静。写字楼底下位置方便约客户来谈事也合适。,,3,0,1,2026/3/3 19:12,2026/3/3 19:12
371,1234,136,371,山西特色面食虽是小店但面的品质一点不马虎。面是现拉现削的入口就知道是手工做的。浇头有几种选择换着吃不容易腻。,,0,0,1,2026/3/30 11:43,2026/3/30 11:43
372,1755,6,371,性价比👍人均不贵份量又足！！点了三个菜根本吃不完～打包了两个盒子回去明天中午饭有着落了😎,,0,0,1,2026/5/21 5:43,2026/5/21 5:43
373,6,141,373,嚯！这羊肉串！十块一串…贵是贵但肉是真的好。门口排队的队伍拐了两个弯😂😂建议工作日去,,0,0,1,2026/3/27 0:40,2026/3/27 0:40
374,1023,164,373,刘宅食府藏在美术馆东街的胡同里不太好找。茄子肉卷是招牌茄子裹着肉馅炸过再浇汁外酥里嫩。环境是老北京四合院改的院子里有棵石榴树。服务员穿着中式衣服有老北京的讲究。适合带外地朋友体验老北京味道。,,3,0,1,2026/1/23 2:39,2026/1/23 2:44
375,228,8,375,杏林山庄餐厅的味道不错分量也够价格合理。环境干净整洁服务态度好。周边的居民和上班族经常来吃。是一家性价比不错的店。,,0,0,1,2026/3/2 11:07,2026/3/2 11:07
376,521,175,375,灶台鱼就是东北的铁锅炖鱼现场支起大铁锅烧柴火炖。鱼肉鲜嫩刺少豆腐粉条白菜一起咕嘟咕嘟煮着。锅边贴一圈玉米饼子底壳焦脆蘸鱼汤吃最香。,,0,0,1,2026/6/8 8:18,2026/6/8 8:18
377,1129,155,377,老北京炸酱面的酱是阿姨自己炸的肉丁大颗酱香浓郁。每桌上的面码有八九种自己往里加，面条筋道分量足一碗管饱。交道口这边逛累了来一碗刚好。,,2,0,1,2026/3/12 9:24,2026/3/12 9:24
378,1498,149,377,南来顺饭庄的味道不错分量也够价格合理。环境干净整洁服务态度好。周边的居民和上班族经常来吃。是一家性价比不错的店。,,0,0,1,2026/4/6 18:46,2026/4/6 18:46
379,594,169,379,丰泽园的葱烧海参是国宴菜葱油爆香之后整根海参在酱汁里收汁到浓稠。这道菜需要提前预定因为限量。,,2,0,1,2026/3/21 10:21,2026/3/21 10:21
380,1945,154,379,山居岁月咖啡简餐在凤凰岭附近爬山累了来歇脚正好。咖啡和简餐都有价格公道环境舒服。坐在窗边能看到山景春天山花烂漫的时候最美。,,0,0,1,2026/3/22 11:12,2026/3/22 11:12
381,2210,37,381,心连心饺子馆延庆店手工包的饺子馅料新鲜皮薄馅大。猪肉白菜和韭菜鸡蛋都好吃蘸着醋和辣椒油更香。来延庆玩的路上经过吃一顿饺子方便又实在。,,0,0,1,2026/5/21 20:21,2026/5/21 20:21
382,2540,21,381,胶东刘妈妈肉汁饺子798店主打胶东风味饺子肉汁是特色。饺子咬开里面满满汤汁要先吹凉了再喝汤。三鲜馅最好吃虾仁韭菜鸡蛋搭配经典。,,6,0,1,2026/2/28 2:41,2026/2/28 2:41
383,168,167,383,砂锅居的白肉蘸着韭菜花吃是满族的老传统。砂锅炖出来的肉软烂不腻汤清味鲜。,,0,0,1,2026/2/15 23:46,2026/2/15 23:46
384,3056,170,383,重山钵钵朝阳剧场店主打双人餐分量两个人刚好。钵钵鸡的芝麻红油很香各种串串在汤里泡得入味。环境有市井气息适合朋友小聚边吃边聊。,,5,0,1,2026/2/5 14:27,2026/2/5 15:00
385,3290,128,385,星巴克咖啡藏在街角不算显眼但来过的都会再来。咖啡品质不输那些贵价店但价格只有一半。店里放的轻音乐让人放松。,,2,0,1,2026/3/4 5:12,2026/3/4 5:12
386,3540,140,385,庆丰包子铺明日商厦店的梅干菜包子是每次必点的皮软馅香。炒肝也做得好蒜味足配包子一起吃是标配。连锁店品质稳定不用怕踩雷价格也公道。,,0,0,1,2026/2/13 3:46,2026/2/13 3:46
387,3789,28,387,和众大油条炸老虎北京总店的大油条是招牌炸得金黄酥脆咬下去咔嚓响。炸老虎是面饼里灌鸡蛋油炸的又酥又香配上豆浆就是北京孩子最爱的童年早餐。,,0,0,1,2026/5/2 23:41,2026/5/2 23:41
388,3965,166,387,隆和居美食城正义路店位置在市中心干锅千页豆腐做得入味。环境雅致包间多请客办事都合适。烤鸭也不错价格公道菜量给得足服务也周到。,,2,0,1,2026/3/18 12:05,2026/3/18 12:05
389,4150,176,389,隆和居美食城正义路店是干锅千页豆腐做得最好的店之一豆腐外焦里嫩辣度刚好。烤鸭也不错包间安静私密请客办事都选这里。开了好些年菜品一直很稳定。,,3,0,1,2026/2/7 14:38,2026/2/8 5:45
390,865,101,389,研磨时光龙潭店是下午茶的好去处环境安静舒适。甜点和饮品选择多颜值也在线。约朋友来喝杯茶聊聊天或者一个人翻本书都可以消磨一个下午。,,3,0,1,2026/5/9 9:31,2026/5/9 9:31
391,315,125,391,院子里的山楂树结满了红果秋天来正好。菜的口味偏家常没有踩雷的也没有特别惊艳的。就是吃个环境。,,3,0,1,2026/4/28 23:51,2026/4/28 23:51
392,1212,148,391,渔蓝海鲜火锅在首都宾馆里面海鲜新鲜是招牌。双人餐搭配合理两个人刚好不浪费。涮完海鲜的锅底变成了鲜汤下点面条进去是最佳收尾。,,1,0,1,2026/3/21 7:18,2026/3/21 7:18
393,1850,123,393,胡同里面的宝藏麻辣烫汤底不是那种味精水是真正熬出来的。自选菜种类多麻酱辣椒自己加。一个人坐在小院子里吃到撑。,,0,0,1,2026/3/29 7:28,2026/3/29 7:28
394,2378,127,393,福瑞羊蝎子农家菜的农家菜做得地道柴锅炖出来的东西比城市里的香太多。炖鸡炖鱼都好吃蔬菜是自家种的。周末开车去郊区玩顺路吃一顿很惬意。,,0,0,1,2026/2/5 19:00,2026/2/5 19:00
395,3089,79,395,去的时候下着雨店里就我一个人。老板关了音乐跟我聊了半小时的天。后来回忆这一天的时候觉得那个下午特别安静特别舒服。,,1,0,1,2026/5/12 3:05,2026/5/12 3:05
396,547,158,395,程府宴南长街四合院店吃的就是环境和文化。四合院私密安静菜品精致按位上每道菜都有故事。价格不菲但适合有特殊纪念意义的日子。,,0,0,1,2026/5/29 12:32,2026/5/29 12:32
397,659,144,397,京东程记肉饼店幸福北里店的肉饼皮薄馅大一咬满嘴汁水。猪肉大葱最经典小米粥免费配着吃解腻。开了很多年的老店主顾都是附近居民。,,3,0,1,2026/2/5 6:16,2026/2/5 6:16
398,743,127,397,Tims天好咖啡财富金融中心店在写字楼底下早高峰人最多。柠檬气泡饮夏天特别解暑配个贝果就是快速早餐。出杯快环境也干净上班族的好选择。,,8,0,1,2026/1/4 2:13,2026/1/4 2:14
399,892,178,399,松鹤楼台基厂的松鼠桂鱼造型和味道都在线酸甜汁挂得刚好鱼炸得酥而不硬。蟹粉豆腐入口滑嫩蟹鲜浓郁。环境沉稳大气家庭聚餐或者请长辈来这里很合适。,,3,0,1,2026/3/10 13:57,2026/3/10 13:57
400,978,150,399,御鼎涮羊主打火锅涮肉羊肉新鲜切得薄厚适中。清汤锅底涮出来肉是甜的麻酱自己调配比别家好吃。冬天来一锅热气腾腾的涮羊肉暖和又满足。,,2,0,1,2026/2/22 1:14,2026/2/22 1:14
401,1156,148,401,爆肚张的肚仁是招牌一份肚仁用好几只羊的肚才能凑够。火候是关键涮十几秒就捞出脆弹爽口蘸麻酱吃是灵魂。老字号的手艺不是一两天能学会的。,,0,0,1,2026/2/21 22:22,2026/2/21 22:22
402,1326,175,401,冰冰酱鼓楼西大街店主打中餐和甜品冰品种类多。夏天逛鼓楼又热又渴来一份刨冰或者冰沙瞬间降温。店面不大但位置好鼓楼附近歇脚的好地方。,,0,0,1,2026/5/13 22:16,2026/5/13 22:16
403,1440,156,403,礼士咖啡在礼士书房里面环境安静书卷气浓。咖啡品质不错拿铁和美式出品稳定。适合一个人来看书或者约人谈事安静不嘈杂。,,0,0,1,2026/5/16 14:29,2026/5/16 14:29
404,1786,83,403,味道香山烤鸭店的烤鸭做得不错皮酥肉嫩不油腻。面饼手工擀的薄而有韧性裹着鸭肉和面酱吃着很满足。价格在同类里算实惠的，家庭聚餐来这里合适。,,0,0,1,2026/2/20 6:12,2026/2/20 9:09
405,1934,17,405,里头艺术餐厅主打中餐菜品走融合创新路线环境有艺术氛围。每道菜摆盘都像一幅画味道也匹配得上颜值。适合约会也适合朋友小聚吃个有仪式感的晚餐。,,0,0,1,2026/4/19 7:52,2026/4/19 7:52
406,2112,128,405,食在我家灶台鱼双榆树店就是东北铁锅炖鱼的风格大鱼现杀现炖。鱼肉嫩刺少豆腐白菜粉条一起咕嘟越炖越入味。锅边贴的玉米饼子底壳焦脆蘸鱼汤吃最香。,,0,0,1,2026/4/11 18:20,2026/4/11 18:20
407,2248,96,407,丁家小院主打中餐家常菜风格菜式实在不花哨。红烧排骨和干炸丸子都不错量也够大。环境就是小院子的感觉安静舒服夏天在院里吃饭特别惬意。,,0,0,1,2026/2/8 19:24,2026/2/8 19:33
408,168,168,407,砂锅居的砂锅白肉是满族的传统菜。白肉切薄片蘸着韭菜花和酱豆腐吃配着酸菜粉丝解腻。汤清得像白开水但喝着鲜得掉眉毛。,,0,0,1,2026/4/19 15:00,2026/4/19 15:00
409,630,135,409,都一处的烧卖皮薄得像纸馅料鲜嫩多汁。一口咬下去里面的汤汁能烫到上颚。所以正确的吃法是先咬个小口吹气再吃。,,3,0,1,2026/4/30 9:29,2026/4/30 9:29
410,2723,121,409,麦多和馅饼环美酒店店主打馅饼和酸辣粉。馅饼外皮酥脆里面的馅料实在猪肉大葱和牛肉的都好吃。酸辣粉的酸辣度刚好够味又不会太刺激。,,0,0,1,2026/4/4 15:15,2026/4/4 15:15
411,2894,176,411,STAR SHIP coffee主打精品咖啡手冲和意式都有豆子是自己烘的。店里的装修像太空船一样很有特色拍照出片。咖啡品质不输大牌但价格更亲民。,,4,0,1,2026/4/21 20:15,2026/4/21 20:15
412,3048,168,411,锈是一家很有格调的咖啡厅工业风装修空间宽敞。咖啡和甜点都不错适合来拍照打卡。晚上灯光暗下来之后氛围特别好适合约会。,,6,0,1,2026/4/11 7:05,2026/4/11 7:05
413,3190,46,413,水产公社海鲜市集火锅亚运村店的海鲜是从池里现捞的活虾活蟹自己选。蒜茸粉丝蒸扇贝是招牌蒜香浓郁扇贝鲜甜。火锅和蒸海鲜两吃很过瘾。,,1,0,1,2026/4/2 11:02,2026/4/2 11:02
414,3371,147,413,天和饭庄东风街店主打家常中餐菜式丰富价格公道。红烧排骨和鱼香肉丝是点得最多的菜。环境干净整洁附近居民不想做饭的时候就来这解决一顿。,,0,0,1,2026/4/20 2:40,2026/4/20 2:40
415,3520,170,415,逆旅餐饮主打中餐融合菜菜单不长但每道都做得用心。环境走简约风干净舒服。适合不想纠结吃什么的时候来随便点点也不会踩雷。,,22,0,1,2026/6/5 22:20,2026/6/5 22:20
416,3695,46,415,宫廷香酥牛肉饼万源路店主打现烙的牛肉饼皮酥馅大一口下去满嘴肉香。凉皮也是招牌滑爽筋道麻酱和辣椒油自己加。路过买一个边走边吃方便又解馋。,,3,0,1,2026/4/1 0:05,2026/4/1 0:05
417,3855,65,417,炭锅菜民俗风味餐厅的农家菜做得地道柴锅炖出来的东西比城市里的香太多。炖鸡炖鱼都好吃蔬菜是自家种的。周末开车去郊区玩顺路吃一顿很惬意。,,0,0,1,2026/4/12 12:53,2026/4/12 12:53
418,177,112,417,烤肉刘的炙子烤肉是北京夜宵文化的一部分。五花肉在炙子上跳舞滋滋冒油蘸着椒盐和辣椒面配一瓶冰啤酒这才是北京夏天的味道。,,0,0,1,2026/6/4 3:21,2026/6/4 3:21
419,4162,160,419,杨国福麻辣烫百尚生活广场店自选菜品称重计价价格透明。骨汤锅底鲜香微辣宽粉是每碗的标配Q弹滑爽。菜品新鲜种类多一个人二三十块就能吃得很好。,,4,0,1,2026/2/14 21:07,2026/2/14 21:07
420,4201,118,419,瑞幸咖啡的店面不大但位置方便。咖啡出品稳定拿铁奶泡绵密美式酸度适中。价格在周边算是正常水平。早上来一杯提神效果不错，适合上班前或午休时顺手买一杯。,,0,0,1,2026/5/14 8:05,2026/5/14 8:05
421,463,166,421,望川酒肆主打中餐和酒水搭配菜品偏川味下酒菜做得不错。晚上来喝两杯配几个小菜气氛轻松自在。环境有四川元素适合朋友小聚聊天。,,0,0,1,2026/3/28 7:41,2026/3/28 7:41
422,1177,12,421,福满满门钉肉饼鼓楼店主打门钉肉饼个大饱满。外皮煎得金黄焦脆咬一小口里面的汤汁就涌出来。牛肉大葱馅汁水丰富一定要小心烫嘴。鼓楼这边逛完来吃两个肉饼解饿又解馋。,,0,0,1,2026/5/29 14:11,2026/5/29 14:11
423,694,158,423,锦州烧烤通州九棵树店主打锦州风味的烧烤炭火现烤烟熏味足。羊肉串肥瘦相间鸡爪先卤后烤软糯脱骨。晚上人最多门口支起小桌子吃串喝啤酒很有烟火气。,,9,0,1,2026/6/4 10:20,2026/6/4 10:20
424,816,164,423,凤起龙游老面包子环球金融中心店的包子是发面老面做的松软有嚼劲。卤鸡腿也是招牌卤得入味肉嫩不柴。写字楼底商的快捷选择午饭排队人多建议早点去。,,9,0,1,2026/3/25 19:05,2026/3/25 19:05
425,937,160,425,华侨大厦睿世酒店嘉禾环境在五星级酒店里米粉做得好汤底鲜配料足。正餐时段的粤菜出品精致服务也到位。价格不低但偶尔犒劳自己一顿完全值得。,,1,0,1,2026/2/27 17:02,2026/2/27 17:02
426,3256,160,425,百乐汇厨房世贸天阶店在商场里位置方便。菜品选择多中西式都有价位也分几个档。炒菜做得不错锅气足牛排煎得火候也到位。环境宽敞干净适合朋友聚餐。周末人多要等位建议提前去。,,1,0,1,2026/2/25 5:41,2026/2/25 5:41
427,2273,158,427,庭院果木香农家菜在昌平那边主打果木烤制的农家风味。柴锅炖鸡是特色鸡肉炖得烂乎汤底浓郁金黄。自家种的蔬菜炒出来比超市买的有味道。环境是一个大院子天暖和了坐在外面吃很舒服。周末开车去郊游特别适合。,,0,0,1,2026/2/28 11:30,2026/2/28 11:30
428,1268,42,427,太极精品菜三元桥店主打精致中餐阿胶酱猪手是特色软糯入味胶原蛋白丰富。环境雅致适合商务宴请和家庭聚餐菜品摆盘讲究服务也上档次。,,2,0,1,2026/2/18 11:32,2026/2/18 11:37
429,595,8,429,三样菜的干烧黄鱼是招牌菜。整条黄鱼在酱汁里收汁到入味鱼肉一瓣一瓣的筷子一挑就散。酱汁拌饭可以吃掉两碗。,,1,0,1,2026/2/15 3:23,2026/2/15 4:05
430,1534,179,429,渝八两重庆鸡公煲富卓大厦店的鸡公煲分量足鸡肉嫩入味。小酥肉也是招牌外酥里嫩蘸辣椒面吃很香。一人一煲的吃法很过瘾配米饭能吃两大碗。,,0,0,1,2026/4/9 17:34,2026/4/9 17:34
431,1667,107,431,华天二友居肉饼佟麟阁店是华天旗下的老字号包子皮薄馅大。猪肉大葱最经典一咬汤汁四溢炒肝也做得地道。早上六点开门附近的居民赶早来吃第一笼。,,0,0,1,2026/5/12 13:43,2026/5/12 13:43
432,2350,110,431,巧媳妇·手工水饺风味1北京蒙情餐饮店的饺子手工包的天天现做皮薄馅大。猪肉大葱和韭菜鸡蛋最受欢迎汁水丰富。蘸着醋和辣椒油吃特别香。价格实惠一份够一个人吃饱。,,0,0,1,2026/4/5 8:11,2026/4/5 8:11
433,2780,171,433,小吊梨汤双井店的梨汤是招牌用铜壶吊着慢慢熬汤色金黄透亮梨香浓郁。京菜和烤鸭也做得不错价格实惠环境有老北京味道。双人餐搭配合理两个人吃刚好。,,6,0,1,2026/4/9 6:39,2026/4/9 6:39
434,2991,153,433,爆脾气生炸鸡架的鸡做得不错外酥里嫩味道刚刚好。配着啤酒或者饮料吃特别解馋。价格不贵适合几个人一起点几份分着吃。下班了和同事来坐坐也不错。,,7,0,1,2026/6/5 14:42,2026/6/5 14:42
435,1645,135,435,川湘家常菜西单店位置好就在大六部口街。川菜和湘菜都做小炒肉和剁椒鱼头是招牌。辣得够味但不会辣到受不了。菜量给得大价格在西单这个位置算实惠了。晚上九点以后还有人来吃说明回头客多。,,0,0,1,2026/1/10 23:25,2026/1/11 1:22
436,3478,84,435,君庭中餐厅首都宾馆店主打牛肉类菜品红烧牛肉炖得烂乎入味。环境安静大气包间多请客吃饭很合适。服务专业周到菜品的品质一直很稳定。,,2,0,1,2026/3/7 4:03,2026/3/7 4:03
437,3612,117,437,老北京卤煮主打的就是地道卤煮火烧老汤底浓郁鲜香。肥肠洗得干净豆腐吸饱汤汁火烧泡得外软内韧。配蒜泥辣椒油和一瓶北冰洋就是老北京的完美一餐。,,0,0,1,2026/5/4 4:23,2026/5/4 4:23
438,3805,85,437,固始农家菜中门寺街店主打信阳固始风味的农家菜。炖鸡和焖罐肉是特色做法地道分量给得足。环境就是农家小院的样子质朴实在价格也公道。,,0,0,1,2026/6/6 14:52,2026/6/6 14:52
439,4090,146,439,就想见面主打中式面食面条筋道浇头选择多。环境干净简洁出餐快一个人来吃碗面很方便。价格实惠附近居民和上班族都爱来。,,13,0,1,2026/4/3 1:04,2026/4/3 1:04
440,4137,119,439,山西面馆胡家垡路店主打山西风味面食刀削面和饸饹面是招牌。面条筋道弹牙浇头有西红柿鸡蛋和肉臊子两种。量给得大价格实惠一个人一碗面就能吃饱。,,6,0,1,2026/1/14 4:15,2026/1/14 4:37
441,4209,138,441,中央民族大学学生食堂的菜品种类多价格对学生友好。打饭阿姨不手抖菜量给得足。红烧肉和宫保鸡丁是最受欢迎的菜式。虽然是大锅菜但味道在大学食堂里算很不错的了。,,0,0,1,2026/2/28 13:21,2026/2/28 13:21
442,4258,151,441,北京理工大学中关村校区第八食堂的菜品种类多价格对学生友好。打饭阿姨不手抖菜量给得足。红烧肉和宫保鸡丁是最受欢迎的菜式。虽然是大锅菜但味道在大学食堂里算很不错的了。,,0,0,1,2026/5/11 8:37,2026/5/11 8:37
443,4280,113,443,小滇娘·山野云南菜Bistro的味道不错分量也够价格合理。环境干净整洁服务态度好。周边的居民和上班族经常来吃。是一家性价比不错的店。,,7,0,1,2026/5/29 16:04,2026/5/29 16:04
444,197,172,443,老门框卤煮火烧是老北京的味道。没什么花里胡哨的装修就是真材实料一碗卤煮火烧。配着蒜泥和辣椒油吃才是正确吃法。,,0,0,1,2026/5/23 9:26,2026/5/23 9:26
445,509,150,445,家宴主打小酥肉和家常菜菜量给得大价格实惠。小酥肉炸得外焦里嫩蘸椒盐吃特别香。环境就是普通饭馆的样子但味道家常吃得舒服。,,0,0,1,2026/1/8 17:16,2026/1/8 17:21
446,623,151,445,紫光园西三旗店主打烤鸭和京菜烤鸭皮酥肉嫩价格实惠。其他京菜也做得地道干炸丸子和焦溜肉片都是老味道。住在西三旗这边聚餐请客常选的地方。,,0,0,1,2026/2/25 12:40,2026/2/25 12:40
447,768,19,447,粗粮人家东四十条店主打粗粮和家常菜双人餐搭配实惠。贴饼子炖菜和窝窝头每样都是地道的农家味道。菜量大价格亲民想吃点健康粗粮来这里不错。,,3,0,1,2026/2/26 10:31,2026/2/26 10:31
448,831,154,447,渝信川菜的辣味够正小炒肉和剁椒鱼头都是招牌。菜量给得大价格也很公道。米饭免费续吃饱为止。爱吃辣的人来这里不会失望。,,7,0,1,2026/4/12 14:02,2026/4/12 14:02
449,946,132,449,南门铜锅涮肉前门总店用的是正宗炭火铜锅涮出来的羊肉是甜的。嫩滑牛肉涮几秒就能吃麻酱自己调配比别家好吃。前门这边涮肉的选择多但这家炭火铜锅最地道。,,1,0,1,2026/1/28 21:08,2026/1/28 21:15
450,1088,170,449,新月斋的味道不错分量给得足价格也公道。环境干净整洁服务态度好。周边的居民和上班族经常来吃，是附近性价比不错的选择。,,2,0,1,2026/5/16 3:34,2026/5/16 3:34
451,1224,138,451,老边饺子馆和平门店饺子是招牌各种馅都有蒸饺水饺煎饺齐全。猪肉大葱最受欢迎皮薄馅大一咬汁水四溢。价格实惠开了这么多年有它的道理。,,0,0,1,2026/3/15 15:48,2026/3/15 15:48
452,168,173,451,砂锅居的砂锅豆腐白菜看似平平无奇的菜但汤底是吊出来的高汤。豆腐嫩滑白菜炖得软烂一锅白汤鲜得让人连锅端。,,1,0,1,2026/5/14 4:31,2026/5/14 4:31
453,1456,120,453,灯堂咖啡大吉巷店是个安静的社区咖啡馆。拿铁和美式都不错环境舒适适合一个人来坐坐。平时人不多周末下午会比较热闹周边的居民来得多。,,0,0,1,2026/6/1 2:02,2026/6/1 2:02
454,1590,5,453,紫光园北京总店是老牌京菜馆子烤鸭和双人餐都很实惠。干炸丸子和焦溜肉片是做了一辈子的老味道。价格公道附近居民家庭聚餐的首选之一。,,0,0,1,2026/3/15 7:18,2026/3/15 7:18
455,1715,58,455,渔米知湘·湘菜的辣味够正小炒肉切得薄大火爆炒锅气十足。剁椒鱼头也是招牌鱼肉嫩剁椒够味。米饭免费续吃饱为止爱吃辣的人来这不会失望。,,1,0,1,2026/3/31 1:55,2026/3/31 1:55
456,594,138,455,丰泽园的葱烧海参葱油爆得满屋飘香。海参在酱汁里文火慢煨到入味每一根参都吸饱了肉汤。这道菜需要提前三天预订因为备料时间长。,,1,0,1,2026/3/4 0:27,2026/3/4 0:27
457,2011,66,457,云阿蛮云南生烫牛肉米线金隅嘉品店汤底鲜辣牛肉现切现烫几秒就变色嫩滑无比。米线是云南酸浆米线滑爽弹牙配蘸水吃层次更丰富。商场里能有这么正的云南味不容易。,,5,0,1,2026/5/11 19:44,2026/5/11 19:44
458,2188,174,457,莜面大王主打山西和内蒙风味的莜面小黄鱼也是招牌。莜面窝窝蘸羊肉汤吃是经典吃法莜面鱼鱼炒着吃很香。想换口味吃粗粮面食来这里准没错。,,0,0,1,2026/1/19 2:07,2026/1/19 2:31
459,2345,10,459,安民饸烙面炸酱面主打两种经典面食饸烙面用饸烙床子压出来粗圆有嚼劲。炸酱面自己拌酱和面码任加。两种面都好吃可以各点一碗和朋友分着尝。,,3,0,1,2026/3/22 8:29,2026/3/22 8:29
460,2501,147,459,羊汤烧饼店就是最朴实的清真小吃店羊汤熬得白浓郁烧饼现烙的麻酱味浓。冬天早上一碗羊汤配一个热烧饼几块钱就能吃暖。店不大但回头客多。,,27,0,1,2026/2/18 4:51,2026/2/18 4:51
461,2634,138,461,PEBBLE COFFEE的店面不大但位置方便。拿铁奶泡打得绵密咖啡口感顺滑，美式酸度刚刚好不会太苦。价格在周边算实惠的，早上顺路买一杯刚刚好。,,3,0,1,2026/3/3 16:01,2026/3/3 16:01
462,2798,140,461,满朋轩·清真的羊汤熬得白浓郁羊肉嫩粉丝滑爽。配个烧饼撕碎泡在汤里吃是最舒坦的吃法。冬天早上来一碗从头暖到脚。价格不贵量也给得足。,,3,0,1,2026/2/19 22:06,2026/2/19 22:06
463,2934,174,463,蜀尚品·现做鲜鱼馆主打现杀现做的鲜鱼火锅鱼肉嫩滑汤底鲜辣。酸菜鱼和麻辣鱼都好吃底下豆芽吸饱了汤汁。鱼吃完还能涮菜一锅两吃很过瘾。,,10,0,1,2026/1/8 20:34,2026/1/8 20:59
464,3090,128,463,良苑烤鸭店前门店除了烤鸭宫保鸡丁也是招牌花生酥脆鸡丁嫩滑酸甜刚好。价格在景区算公道的游客和本地人都认可。前门逛累了来吃顿烤鸭很方便。,,1,0,1,2026/1/27 10:59,2026/1/27 18:49
465,3265,35,465,粤湘荟主打粤菜和湘菜的融合臭鳜鱼是招牌闻着臭吃着香鱼肉蒜瓣状。干炒牛河锅气足河粉上色均匀。环境好适合聚餐两个人或一家人来点几个菜刚好。,,0,0,1,2026/2/26 22:47,2026/2/26 22:47
466,3423,114,465,文鑫饭店主打家常中餐菜量给得大价格实惠。红烧排骨和鱼香肉丝是点得最多的菜。环境就是普通饭馆的样子附近的居民经常来吃。,,1,0,1,2026/3/30 20:59,2026/3/30 20:59
467,3568,170,467,山西主食主打各种山西面食刀削面饸饹面猫耳朵每样都有。面是现做的筋道弹牙浇头有肉臊子和西红柿鸡蛋两种。量给得大价格实惠想吃山西面食来这里不会错。,,0,0,1,2026/4/6 10:27,2026/4/6 10:27
468,3715,148,467,要潮人民咖啡馆的店面不大但位置方便。咖啡出品稳定拿铁奶泡绵密美式酸度适中。价格在周边算是正常水平。早上来一杯提神效果不错，适合上班前或午休时顺手买一杯。,,0,0,1,2026/3/4 6:41,2026/3/4 6:41
469,3878,175,469,丽斯花园会所餐厅·靳来福餐厅主打辣子鸡和各种中式菜肴。环境私密包间多适合聚会和商务宴请。菜品口味稳定量也够大在顺义这边算比较靠谱的选择。,,4,0,1,2026/2/23 0:29,2026/2/23 0:29
470,630,60,469,都一处的烧卖真的是皮薄到透光。透过皮能看到里面虾仁的粉色。一口咬下去汁水爆开烫得我倒吸一口气。服务员说您得先吹气别急着吃……我已经烫到了。,,1,0,1,2026/4/3 9:37,2026/4/3 9:37
471,4028,141,471,北京石林峡如意农家院主打农家菜柴锅炖鸡和炖鱼是招牌。院子宽敞空气好爬完石林峡下来吃一顿热乎饭特别惬意。目前暂停营业等重新开业了再去。,,51,4,1,2026/2/22 15:20,2026/2/22 16:07
472,4201,172,471,瑞幸咖啡的店面不大但位置方便。咖啡出品稳定拿铁奶泡绵密美式酸度适中。价格在周边算是正常水平。早上来一杯提神效果不错，适合上班前或午休时顺手买一杯。,,0,0,1,2026/4/14 4:12,2026/4/14 4:12
473,4260,150,473,延园餐厅的味道不错分量也够价格合理。环境干净整洁服务态度好。周边的居民和上班族经常来吃。是一家性价比不错的店。,,0,0,1,2026/2/20 19:49,2026/2/20 20:28
474,4289,110,473,中央美术学院3食堂的菜品种类多，打饭阿姨手挺稳的菜量给得够。红烧肉和宫保鸡丁是排队最长的窗口。价格对学生很友好。,,4,0,1,2026/2/18 16:31,2026/2/18 16:34
475,3148,169,475,山西刀削面家常菜的面条筋道弹牙汤底鲜香。分量给得足一个人一碗面就能吃饱。价格实惠是附近上班族和居民的午餐选择。店不大但味道对得起价格。,,0,0,1,2026/3/1 15:13,2026/3/1 15:13
476,2515,120,475,渔蓝海鲜火锅在首都宾馆里面海鲜新鲜从池里现捞，虾弹鱼嫩贝类鲜甜。双人餐搭配合理两个人刚好不浪费，环境安静适合重要饭局。,,1,0,1,2026/6/9 15:16,2026/6/9 15:16
477,168,163,477,砂锅居的砂锅豆腐看起来平平无奇但吃下去才知道什么叫鲜掉眉毛。汤底是用鸡鸭骨和火腿吊了六个小时的白汤。白菜炖得软烂豆腐吸饱了汤汁每一个孔都透着一股鲜甜。,,0,0,1,2026/4/20 3:57,2026/4/20 3:57
478,1590,124,477,紫光园北京总店是老牌京菜馆烤鸭实惠不贵，干炸丸子和焦溜肉片是老味道。附近居民家庭聚餐常选这里价格公道量也大。,,0,0,1,2026/4/28 6:06,2026/4/28 6:06
479,946,173,479,南门铜锅涮肉前门总店用的是炭火铜锅涮出来的羊肉是甜的，嫩滑牛肉涮几秒就能吃麻酱自己调。前门这边涮肉选择多但炭火铜锅最地道。,,0,0,1,2026/2/7 17:16,2026/2/7 17:16
480,768,148,479,粗粮人家东四十条店主打粗粮和家常菜，贴饼子炖菜窝窝头每样都是地道农家味道。双人餐实惠菜量大价格亲民想吃健康来这。,,2,0,1,2026/5/25 3:50,2026/5/25 3:50
481,514,162,481,太好吃了叭！！🤤,,0,0,1,2026/3/17 6:15,2026/3/17 6:15
482,593,160,481,还行～不难吃也不惊艳。,,2,0,1,2026/4/12 11:52,2026/4/12 11:52
483,677,96,483,嗯…怎么说呢～就是正常水平吧。,,0,0,1,2026/4/18 5:22,2026/4/18 5:22
484,702,174,483,这！个！真！的！绝！了！,,5,0,1,2026/2/28 22:51,2026/2/28 22:51
485,825,32,485,排队排到怀疑人生……但是！！吃到第一口觉得排得值(ಥ_ಥ),,9,0,1,2026/2/8 1:40,2026/2/8 1:40
486,913,140,485,份量也太实在了～两个人都没吃完！打包回去明天继续～,,0,0,1,2026/1/18 1:20,2026/1/18 2:13
487,1047,149,487,朋友推荐的果然不踩雷！以后这就是我指定据点了～٩(๑❛ᴗ❛๑)۶,,1,0,1,2026/2/3 2:23,2026/2/3 2:23
488,1172,94,487,点了个招牌结果发现旁边桌点的比我的看着好吃…下次再来试那个！服务员说那是他们新出的(◕‿◕),,0,0,1,2026/2/12 12:34,2026/2/12 12:34
489,1289,181,489,上次来的时候还是冬天呢～现在菜谱换了几个菜。尝了新上的春笋炒腊肉——鲜！！春天的味道啊🌸,,0,0,1,2026/5/19 5:31,2026/5/19 5:31
490,1365,155,489,服务员阿姨人好好啊！我说菜有点咸她立刻端回去让厨房重做了一份。冲这态度也得给好评⭐,,0,0,1,2026/1/19 17:05,2026/1/20 2:54
491,1492,140,491,老板过来问口味合不合适～我说辣了点他马上说下次可以减辣！这种老板真的…去了一次就想当回头客。,,0,0,1,2026/3/2 13:32,2026/3/2 13:32
492,1612,133,491,坐在窗边看着外面的胡同～阳光透过树叶洒在桌上。那一刻觉得…生活还挺美好的。菜也好吃。,,0,0,1,2026/4/29 4:10,2026/4/29 4:10
493,1759,78,493,两个人吃了六个菜撑到走不动路…每个菜都想试的结果就是打包了两个盒子回去(≧∇≦)ﾉ 味道没得挑！,,0,0,1,2026/4/2 23:27,2026/4/2 23:27
494,1848,101,493,小太和安徽板面牛杂面宽厚筋道牛肉汤底浓郁鲜辣，牛杂料足处理得干净。附近上班族中午来一碗管饱又解馋价格实惠量也大。,,0,0,1,2026/2/15 1:49,2026/2/15 1:49
495,1972,150,495,藏在胡同深处找得我差点放弃……但是！坚持就是胜利！推门进去的瞬间整个世界都安静了——小小的院子里只有三张桌子。老板自己在厨房忙活～上菜慢但每道菜都现做的……这种店越来越少了(´；ω；｀),,0,0,1,2026/3/29 12:32,2026/3/29 12:32
496,2137,40,495,周五晚上来的～人不多不少刚好。点了几道老板推荐的菜没一个踩雷！鱿鱼须炸得酥酥的蘸着椒盐吃停不下来…… ,,0,0,1,2026/4/6 20:54,2026/4/6 20:54
497,2289,158,497,我是冲着网上的照片来的——结果！现实比照片还好看！光是摆盘就值得发朋友圈。味道嘛～中上水平(◠‿◠),,2,0,1,2026/3/20 2:18,2026/3/20 2:18
498,2413,161,497,爸妈来北京看我～带他们来了这家。老妈说比她自己做的好吃（这评价太难得了）。老爸喝了两碗汤说下次还来。,,1,0,1,2026/5/26 8:13,2026/5/26 8:13
499,2567,55,499,北京的秋天真适合坐在露台上吃饭～凉凉的风吹着～热菜冒着气～啤酒冰镇的～这就是我想要的周末！！(๑•̀ㅂ•́)و✧,,4,0,1,2026/6/6 7:44,2026/6/6 7:44
500,2694,133,499,太！下！饭！了！连吃了两碗米饭我平时只吃半碗的……点了个宫保鸡丁以为就是个普通菜结果这酸辣甜鲜的平衡直接让我破防了(ಥ_ಥ),,4,0,1,2026/4/12 10:52,2026/4/12 10:52
501,2837,154,501,下雨的晚上～店里只有我和另外一桌。爵士乐在放着～窗外的雨声和屋里的音乐混在一起。吃了个热汤面。出来的时候雨停了。,,2,0,1,2026/5/23 4:26,2026/5/23 4:26
502,2965,176,501,从进店到离开大概一个小时四十分钟——上菜就用了快一个小时……但是！慢工出细活这话是真的！每道菜都是现做的吃得出锅气。等的那个小时跟朋友聊了很多天也挺好。,,10,0,1,2026/2/9 6:31,2026/2/9 9:13
503,3098,52,503,吉祥馄饨双奥美食街店的馄饨皮薄馅大汤鲜味美，虾仁和荠菜馄饨最受欢迎。美食街里价格实惠的小吃选择一碗馄饨配小菜刚好吃饱。,,0,0,1,2026/3/26 3:28,2026/3/26 3:28
504,3227,177,503,乾元大都涮肉的涮肉品质不错羊肉切得薄厚均匀新鲜。清汤锅底涮出来肉是甜的能吃出肉质本身的好。麻酱自己调配比在别家调的更合自己口味。,,3,0,1,2026/2/15 13:57,2026/2/15 13:57
505,3345,144,505,烤炉鸡蛋灌饼外皮烤得酥脆打上鸡蛋翻面刷酱加火腿肠趁热吃咔嚓响。几块钱一个管饱路过买一个边走边吃方便又解馋。,,0,0,1,2026/2/20 23:47,2026/2/20 23:47
506,3469,10,505,下午茶时间来的——点了一壶普洱和几笼点心。虾饺的皮薄到能数清里面的虾仁有几只。坐在窗边喝了三壶茶。一个下午就这么过去了(●'◡'●),,65,2,1,2026/4/1 4:34,2026/4/1 4:34
507,3587,133,507,景山徽宴的徽菜在北京做得正，毛豆腐煎得两面金黄外酥内软，胡氏一品锅用料丰富蛋饺肉丸炖在一起。环境有徽派建筑风格，吃徽菜就认准这里。,,0,0,1,2026/2/12 5:26,2026/2/12 5:26
508,3701,162,507,微辣是广东人的中辣中辣是广东人的重辣重辣是广东人的地狱——所以我要了个微辣……还是辣哭了！！但是停不下来！！一边擦眼泪一边继续吃！！🔥🔥,,0,0,1,2026/4/15 15:30,2026/4/15 15:30
509,3846,141,509,串哥烤串的羊肉串肥瘦相间烤得滋滋冒油孜然味足，烤韭菜和烤鸡翅也好吃。晚上约几个朋友来吃串喝酒露天坐着特别有烟火气。,,0,0,1,2026/2/26 11:50,2026/2/26 11:50
510,3988,178,509,早点板面的板面宽厚筋道牛肉汤底麻辣够味，早上一碗板面配个卤蛋吃饱精神一整天。板面摊开得早附近上班族学生路过就来一碗。,,7,0,1,2026/6/4 12:50,2026/6/4 12:50
511,4116,149,511,导航说到了但我站在一个洗车店门口？？打了个电话给老板他说往里走穿过那个门洞……果然别有洞天！一个小小的四合院里面种了棵石榴树。菜是家常菜水平但环境加了五十分。,,2,0,1,2026/5/1 4:08,2026/5/1 4:08
512,4270,146,511,临走的时候老板追出来说您手机落桌上了！！追了一条街！！这种老板我直接路转粉——下次带全家人来。菜也是好吃的❤️,,0,0,1,2026/5/2 1:09,2026/5/2 1:09
513,220,31,513,一般～不用特地来。,,0,0,1,2026/3/4 0:13,2026/3/4 0:13
514,340,139,513,还行吧可以吃。,,8,0,1,2026/3/4 1:45,2026/3/4 1:45
515,555,157,515,就那样。不推荐。,,0,0,1,2026/5/20 19:17,2026/5/20 19:17
516,690,50,515,太咸了！口重的可以试试。,,5,0,1,2026/5/27 16:19,2026/5/27 16:19
517,834,94,517,不错～,,1,0,1,2026/4/27 7:10,2026/4/27 7:10
518,1102,144,517,哇～好吃！,,0,0,1,2026/5/4 3:48,2026/5/4 3:48
519,1265,117,519,嗯…就那样。,,3,0,1,2026/1/4 12:16,2026/1/4 12:21
520,1546,89,519,还行吧～,,0,0,1,2026/5/10 9:37,2026/5/10 9:37
521,1824,172,521,一般般吧不能再多了。,,0,0,1,2026/4/28 10:52,2026/4/28 10:52
522,1973,139,521,不好吃别点。,,0,0,1,2026/5/7 20:29,2026/5/7 20:29
523,2104,68,523,正常水平。,,4,0,1,2026/6/5 6:27,2026/6/5 6:27
524,2259,111,523,好吃。,,0,0,1,2026/4/26 3:36,2026/4/26 3:36
525,2416,147,525,再来！,,0,0,1,2026/4/10 5:24,2026/4/10 5:24
526,585,11,525,豆汁儿这玩意儿真的…爱的人爱死恨的人恨死。我属于每天早上必须来一碗的。,,3,0,1,2026/5/7 5:14,2026/5/7 5:14
527,711,40,527,潮府林苑故宫店的玻璃脆皮乳鸽是招牌皮脆肉嫩汁水四溢，粤式点心也做得精致虾饺烧卖都不错。故宫旁边环境雅致逛完来喝下午茶。,,0,0,1,2026/5/26 6:43,2026/5/26 6:43
528,844,15,527,周五晚上和同事来的大家都说好吃。气氛也好～适合团建。就是包间需要提前一周订。,,2,0,1,2026/6/12 20:02,2026/6/12 20:02
529,968,82,529,鼓楼熹市.筋头巴脑羊蝎子的味道不错分量也够价格合理。环境干净整洁服务态度好。周边的居民和上班族经常来吃。是一家性价比不错的店。,,1,0,1,2026/2/5 19:21,2026/2/5 19:21
530,1055,137,529,一般般。,,0,0,1,2026/6/11 2:48,2026/6/11 2:48
531,1134,102,531,脆皮五花肉外皮烤得嘎嘣脆里面嫩得出汁。配着蒜片和生菜吃解腻满分。老板是东北人实在的很。,,3,0,1,2026/4/26 18:03,2026/4/26 18:03
532,1338,147,531,烤鸭的皮脆得像玻璃纸一碰就碎。鸭肉嫩得用筷子轻轻一压就分开。蘸酱里的甜面酱是自己熬的加了桂花。,,0,0,1,2026/4/10 17:17,2026/4/10 17:17
533,1477,179,533,路过好几次终于进来了～没想到还挺惊喜的。菜单短短的但每道菜都用心。,,0,0,1,2026/4/4 4:40,2026/4/4 4:40
534,1564,11,533,吃完走出来才发现下雪了。站在店门口看了会儿雪又回去点了壶茶坐了半小时。北京的雪和热茶是绝配。,,0,0,1,2026/2/27 21:00,2026/2/27 21:00
535,1692,135,535,漫咖啡西单胡同店藏在胡同里环境安静舒服，咖啡品质在线手冲和意式都有。适合一个人来看书或约朋友聊聊天钟声胡同逛累了来坐坐。,,0,0,1,2026/6/9 2:29,2026/6/9 2:29
536,1844,127,535,不好不坏就是正常水平。优点是离公司近中午解决一顿很方便。,,0,0,1,2026/2/11 6:55,2026/2/11 6:55
537,1956,74,537,luckin coffee 瑞幸咖啡藏在街角不算显眼但来过的都会再来。咖啡品质不输那些贵价店但价格只有一半。店里放的轻音乐让人放松。,,1,0,1,2026/5/21 4:12,2026/5/21 4:12
538,2068,156,537,饺子现包的可以看到阿姨在里面擀皮。猪肉酸菜馅酸菜够酸和猪肉的油脂一结合简直天生一对。,,0,0,1,2026/4/11 16:33,2026/4/11 16:33
539,2240,157,539,八达岭艾苏小院的味道不错分量也够价格合理。环境干净整洁服务态度好。周边的居民和上班族经常来吃。是一家性价比不错的店。,,0,0,1,2026/4/7 17:56,2026/4/7 17:56
540,2380,171,539,还行～,,0,0,1,2026/4/26 7:44,2026/4/26 7:44
541,2510,180,541,断片土窑烤肉晚上人最多烟火气十足。牛肉串和烤韭菜是每次必点的，烤出来的串带着炭火香比电烤的强一大截。价格也不贵。,,9,0,1,2026/2/18 12:14,2026/2/18 20:33
542,2650,177,541,芥末鸭掌真的是爱的人爱死恨的人恨死。芥末冲得眼泪鼻涕一起流但停不下来。鸭掌去了骨只剩筋道弹牙的胶原蛋白。,,3,0,1,2026/4/24 2:10,2026/4/24 2:10
543,2748,170,543,下班顺路吃的没抱什么期望～结果意外好吃。果然不抱期望的时候最容易收获惊喜。,,1,0,1,2026/5/23 17:17,2026/5/23 17:17
544,2830,66,543,太甜了不太适合我。,,2,0,1,2026/3/9 3:39,2026/3/9 3:39
545,2912,110,545,收藏了很久的店趁周末来打卡。没让我失望环境和菜品都在期待之上。唯一的遗憾是隔壁桌的菜看起来比我的好吃下次再试。,,4,0,1,2026/4/14 19:02,2026/4/14 19:02
546,3055,136,545,吃到一半突然停电了～老板点了几根蜡烛每桌送了一碟花生米。烛光晚餐意外的有点浪漫。菜也是好吃的。,,6,0,1,2026/5/12 9:43,2026/5/12 9:43
547,3142,155,547,从外地出差回来第一顿就给了这家。还是那个味在外面漂泊了半个月吃到这口感觉回家了。,,1,0,1,2026/3/2 22:45,2026/3/2 22:45
548,3280,162,547,新新湘菜馆的小炒黄牛肉是招牌牛肉嫩滑辣椒够味，剁椒鱼头鱼肉鲜嫩剁椒酸辣入味。米饭管够下饭爱吃湘菜的来这里不会失望。,,1,0,1,2026/5/13 14:46,2026/5/13 14:46
549,3390,98,549,坐在院子里吃的晚饭～凉风习习头顶的葡萄架上挂着几串还没熟的葡萄。阿姨说秋天熟了来吃免费的。为了这个承诺秋天也得再来。,,0,0,1,2026/2/6 22:07,2026/2/6 22:07
550,3648,178,549,不好吃！！踩雷了！！,,0,0,1,2026/2/23 15:38,2026/2/24 0:15
551,3770,10,551,渔蓝海鲜火锅双人餐搭配合理两个人海鲜和肉类均衡。海鲜新鲜直接从池里捞虾弹鱼嫩贝类鲜甜。环境在首都宾馆里面安静私密适合约会和重要饭局。,,3,0,1,2026/5/23 6:29,2026/5/23 6:29
552,3881,181,551,大半夜饿了搜到这家开着的店骑共享单车来的。凌晨的北京没什么人店里暖气很足。要了一碗热汤面吃到浑身冒汗。这种深夜食堂的存在本身就让人安心。,,28,0,1,2026/3/10 14:41,2026/3/10 14:41
553,3994,175,553,狼垡巫山烤鱼店主打巫山风味的烤鱼外焦里嫩配菜丰富。鱼肉烤得焦香入味辣椒花椒给得足。两个人点一条鱼加几个配菜就够吃价格也实惠。,,0,0,1,2026/2/9 1:41,2026/2/9 1:41
554,4108,156,553,王幺妈成都砂锅菜的味道不错分量也够价格合理。环境干净整洁服务态度好。周边的居民和上班族经常来吃。是一家性价比不错的店。,,8,0,1,2026/4/10 3:57,2026/4/10 3:57
555,4220,141,555,小朋友吃得很开心说比学校食堂好吃一百倍。老母亲流下了欣慰的泪水终于有一家能让挑食小孩光盘的店了。,,1,0,1,2026/6/4 17:17,2026/6/4 17:17
556,4260,155,555,中规中矩吧没啥特别出彩的点但是也不踩雷。属于那种你找不到什么毛病但也说不上有多好的店。,,0,0,1,2026/4/2 13:48,2026/4/2 13:48
557,242,7,557,可以～,,6,0,1,2026/6/8 16:23,2026/6/8 16:23
558,484,122,557,普通。,,0,0,1,2026/3/30 1:28,2026/3/30 1:28
559,612,119,559,也就那样吧。,,1,0,1,2026/5/17 8:26,2026/5/17 8:26
560,739,99,559,好吃！,,9,0,1,2026/4/10 8:57,2026/4/10 8:57
561,862,154,561,还不错～,,3,0,1,2026/3/26 6:42,2026/3/26 6:42
562,997,111,561,嗯。还行。,,0,0,1,2026/3/5 0:27,2026/3/5 0:27
563,1126,165,563,挺好的。再来。,,3,0,1,2026/6/3 9:33,2026/6/3 9:33
564,1249,157,563,不踩雷就是好的。,,0,0,1,2026/5/30 8:09,2026/5/30 8:09
565,1385,180,565,就一般吧。,,0,0,1,2026/2/13 21:49,2026/2/13 21:49
566,1520,70,565,一般。,,0,0,1,2026/5/11 9:01,2026/5/11 9:01
567,1647,14,567,别去。,,1,0,1,2026/5/19 16:49,2026/5/19 16:49
568,1890,181,567,京面老北京打卤面的面条筋道弹牙汤底鲜香。分量给得足一个人一碗面就能吃饱。价格实惠是附近上班族和居民的午餐选择。店不大但味道对得起价格。,,1,0,1,2026/4/28 8:05,2026/4/28 8:05
569,1910,130,569,老门框爆肚涮肉田村店的涮肉品质不错羊肉新鲜切得薄厚均匀。沙葱山羊肉是特色膻味轻肉质嫩。清汤锅底不抢味麻酱自己调冬天来吃最暖和。,,0,0,1,2026/1/30 10:06,2026/1/30 11:42
570,1935,134,569,味道CCTV中餐厅梅地亚中心店主打肥肠和各类中餐菜式。菜品丰富环境大气适合聚餐。在梅地亚中心这个位置吃饭方便价格也在合理范围内。,,0,0,1,2026/5/17 4:04,2026/5/17 4:04
571,1958,7,571,熊太婆·老武汉小吃苏州街店主打三鲜豆皮和各种武汉小吃。豆皮煎得金黄里面糯米和肉丁香菇给得实在。热干面也做得正麻酱浓郁拌开来香得很。,,0,0,1,2026/3/7 2:00,2026/3/7 2:00
572,1980,142,571,还行吧~就那样。,,0,0,1,2026/1/29 3:57,2026/1/29 4:47
573,2002,167,573,敢为天下鲜的味道不错分量也够价格合理。环境干净整洁服务态度好。周边的居民和上班族经常来吃。是一家性价比不错的店。,,0,0,1,2026/2/14 7:14,2026/2/14 7:14
574,2025,94,573,罗澜湖畔餐厅的味道不错分量也够价格合理。环境干净整洁服务态度好。周边的居民和上班族经常来吃。是一家性价比不错的店。,,0,0,1,2026/2/22 12:41,2026/2/22 12:41
575,2048,179,575,一面刀削面馆·家常菜虽是小店但面的品质一点不马虎。面是现拉现削的入口就知道是手工做的。浇头有几种选择换着吃不容易腻。,,0,0,1,2026/2/25 23:20,2026/2/26 7:02
576,2070,174,575,一般般没什么特别的。,,1,0,1,2026/5/4 9:35,2026/5/4 9:35
577,2093,20,577,渝湘人家万寿寺店主打川湘家常菜白斩鸡也是招牌之一鸡肉嫩滑蘸姜葱油吃很香。菜量给得大价格实惠米饭免费续吃饱为止。,,0,0,1,2026/6/5 19:43,2026/6/5 19:43
578,2115,177,577,啫啫煲鸡火锅主打煲仔鸡火锅鸡肉嫩滑入味汤汁浓郁。啫啫煲端上来还在滋滋作响打开盖子香气扑鼻。配米饭吃绝了鸡肉吃完汤汁还能拌饭。,,0,0,1,2026/3/27 17:41,2026/3/27 17:41
579,2138,180,579,店面不大但每天晚上都坐满了人。老板是个北京大爷说话特别逗边炒菜边跟客人聊天。菜的味道嘛就是家常水平胜在氛围。,,1,0,1,2026/5/30 14:35,2026/5/30 14:35
580,2183,176,579,铁城烤肉的烤串调味有自己的方子，孜然和辣椒的比例调得好。烤羊排外焦里嫩切下来蘸干料吃很过瘾。夏天在露天吃串是北京夜生活的正确方式。,,1,0,1,2026/6/11 14:12,2026/6/11 14:12
581,2228,158,581,轻禾小厨中式健康菜延庆店主打低油低盐的健康中餐。蒸菜和炖菜是特色少油少盐吃起来没负担。环境干净整洁适合注重饮食健康的人来吃。,,0,0,1,2026/5/12 7:47,2026/5/12 7:47
582,2250,39,581,不推荐。,,0,0,1,2026/2/25 20:37,2026/2/25 20:47
583,1994,141,583,金徕宴新京私房菜在温泉水岸家园那边环境清静。私房菜形式按位上菜不用对着菜单纠结。菜品精致口味清淡偏鲜摆盘讲究。适合请重要的人吃饭。需要提前预约当天去一般没位。,,0,0,1,2026/2/3 20:27,2026/2/3 20:27
584,2295,111,583,每次来北京出差固定来这家报到已经成了仪式感。菜品稳定服务到位不用动脑子的选择最舒服。,,3,0,1,2026/3/18 8:16,2026/3/18 8:16
585,2318,167,585,好吃！下次还来！！,,0,0,1,2026/4/15 2:13,2026/4/15 2:13
586,2340,35,585,北京长陵随意家常菜的味道不错分量也够价格合理。环境干净整洁服务态度好。周边的居民和上班族经常来吃。是一家性价比不错的店。,,0,0,1,2026/5/30 13:56,2026/5/30 13:56
587,2363,181,587,去的时候人不多安安静静的。服务员领到一个靠窗的位子阳光正好洒在桌子上。吃了个简餐但体验满分环境加了很大的分。,,0,0,1,2026/5/31 13:52,2026/5/31 13:52
588,2385,25,587,就那样吧不会再去了。,,0,0,1,2026/2/7 4:30,2026/2/7 4:30
589,2408,136,589,顾氏牛肉汤主打牛肉面汤底是牛骨熬的白汤浓郁鲜香。面条筋道弹牙牛肉片切得薄而不碎。冬天早上一碗热乎的牛肉汤面整个人都精神了。,,0,0,1,2026/4/11 21:28,2026/4/11 21:28
590,2430,156,589,渔蓝海鲜火锅在首都宾馆里面环境安静私密，海鲜新鲜直接从池里捞虾弹鱼嫩。双人餐搭配合理两个人海鲜和肉类均衡，适合约会和重要饭局。,,3,0,1,2026/4/6 23:45,2026/4/6 23:45
591,2453,81,591,北京乡味乐居餐馆主打素菜和家常菜菜量给得大价格实惠。各种炒素菜做得清爽可口不想吃太油腻的时候来这里正好。环境就是普通饭馆的样子但吃得舒服。,,0,0,1,2026/4/28 2:16,2026/4/28 2:17
592,2475,175,591,一般～,,5,0,1,2026/3/25 3:21,2026/3/25 3:21
593,2498,68,593,糖火烧甜而不腻芝麻酱的香渗透到每一层面皮里面。配着一杯热豆浆是冬天早晨的小确幸。,,12,0,1,2026/2/8 20:14,2026/2/8 20:14
594,2520,158,593,肘子炖得特别烂刀子轻轻一划就分开了。皮和肉之间有层胶质口感Q弹。切片夹在热烧饼里配上一碗酸辣汤太满足了。,,1,0,1,2026/4/25 7:21,2026/4/25 7:21
595,2543,82,595,好吃！！🤤,,27,0,1,2026/2/18 20:07,2026/2/23 10:39
596,2565,167,595,凉皮夏天吃爽滑开胃辣椒油是自己熬的特别香但不太辣适合不太能吃辣的人。面筋吸饱了调料汁一口下去汁水在嘴里炸开。,,4,0,1,2026/2/1 13:17,2026/2/1 13:17
597,2588,160,597,炖了三个小时的牛肉已经软烂到用筷子轻轻一拨就散开。汤汁收得浓稠浇在米饭上拌一拌呼噜呼噜吃完一大碗。,,0,0,1,2026/5/24 21:19,2026/5/24 21:19
598,2610,159,597,不怎么样。,,1,0,1,2026/4/5 3:30,2026/4/5 3:30
599,2633,106,599,腊八蒜是自己腌的酸脆爽口配着饺子和面条吃绝佳。每次来都要让老板多给几瓣老板也大方每次都多抓一把。,,2,0,1,2026/3/16 20:50,2026/3/16 23:09
600,2655,111,599,蟹粉小笼包皮薄汤多一口下去汤汁溢出要先咬个小口吸汤再吃皮和馅。烫到了舌头的教训告诉你们一定要先吹气……,,2,0,1,2026/3/13 3:53,2026/3/13 3:53
601,2700,152,601,可以可以～,,7,0,1,2026/4/21 5:25,2026/4/21 5:25
602,2723,1,601,麦多和馅饼的馅饼外皮酥脆馅料实在，猪肉大葱经典牛肉的也香。酸辣粉也做得不错粉条劲道汤底酸辣开胃，一份馅饼配碗粉就是完美午餐。,,0,0,1,2026/5/26 4:52,2026/5/26 4:52
603,2745,7,603,遵义虾子羊肉粉的汤底是羊骨熬的白汤浓郁鲜香，羊肉片切得薄嫩不碎米粉滑爽弹牙。加点糊辣椒和酸菜更提味，冬天来一碗暖和全身。,,1,0,1,2026/3/31 8:31,2026/3/31 8:31
604,2768,172,603,不赖。,,4,0,1,2026/1/24 18:13,2026/1/24 18:21
605,2790,75,605,方砖厂69号炸酱面双井店是分店但味道不输总店。红烧牛肉面汤底浓郁面条筋道牛肉块给得实在。当然炸酱面才是主角酱香肉丁大颗面码新鲜自己动手拌开最香。,,10,0,1,2026/4/14 10:27,2026/4/14 10:27
606,2835,156,605,甄食汇手工凉皮放心包子主打凉皮和包子两样都做。凉皮滑爽筋道麻酱和辣椒油自己加。包子也是手工现包皮薄馅大附近居民和学生常来。,,3,0,1,2026/3/24 21:49,2026/3/24 21:49
607,2858,163,607,学校附近的小店学生时代的回忆。价格亲民份量实在老板对学生特别照顾。毕业好几年了回来吃还是那个味道。,,1,0,1,2026/3/7 1:37,2026/3/7 1:37
608,2880,175,607,蜀香诱惑的水煮椒麻鱼是招牌鱼片嫩滑麻辣鲜香，花椒的麻和辣椒的香在嘴里交织。单人餐一个人也能吃饱，管庄这边吃鱼的实惠选择。,,6,0,1,2026/2/6 2:41,2026/2/6 14:55
609,2903,170,609,好吃就完了！,,1,0,1,2026/1/16 17:13,2026/1/16 17:25
610,302,169,609,蒙古烧麦的味道不错分量也够价格合理。环境干净整洁服务态度好。周边的居民和上班族经常来吃。是一家性价比不错的店。,,27,0,1,2026/3/6 7:43,2026/3/6 7:43
611,411,118,611,胜一兰·私房湘菜主打地道湖南菜剁椒鱼头是招牌鱼肉鲜嫩剁椒酸辣入味。腊肉是自己熏的切薄片炒蒜苗香得不行。环境安静适合聚餐也适合约会。,,0,0,1,2026/2/10 9:52,2026/2/10 9:52
612,508,131,611,康陵正德春饼宴13号主打十三陵地区的春饼自助土豆丝和酱肘子是标配。春饼现烙薄而有韧性卷上合菜和酱肘子自己动手。周末开车去昌平郊游来吃一顿很接地气。,,1,0,1,2026/6/11 12:11,2026/6/11 12:11
613,620,111,613,不错~,,3,0,1,2026/3/23 18:19,2026/3/23 18:19
614,745,168,613,馄饨皮薄馅大汤底是用虾皮紫菜榨菜冲出来的鲜得很。冬天的早上来一碗呼噜呼噜吸溜着吃浑身都暖和了。,,6,0,1,2026/5/18 6:12,2026/5/18 6:12
615,853,164,615,就那样。,,2,0,1,2026/3/27 20:31,2026/3/27 20:31
616,964,169,615,姨姨面馆主打抄手和各类面食抄手皮薄馅大汤底鲜香。面条也是手工做的筋道弹牙。店名亲切像在家里吃饭一样价格实惠附近居民常来。,,1,0,1,2026/4/28 16:24,2026/4/28 16:24
617,1076,148,617,甲乙饼·手工牛肉饼主打牛肉饼和红烧牛肉面两样都做得好。牛肉饼皮薄馅大一咬汁水流满手红烧牛肉面汤底浓郁面条筋道。东四这边小店里的人气王。,,1,0,1,2026/6/8 6:02,2026/6/8 6:02
618,1188,160,617,还行吧没什么出彩的。,,0,0,1,2026/5/5 11:38,2026/5/5 11:38
619,1302,142,619,瑞幸咖啡复兴门店在写字楼底下早上人最多手机下单到店直接拿。橙C美式夏天喝清新提神价格便宜经常有券。上班族每天的咖啡续命站。,,1,0,1,2026/4/27 15:05,2026/4/27 15:05
620,1415,166,619,小羊倌儿全羊馆的羊肉串肥瘦相间烤得滋滋冒油孜然味足，羊汤也熬得白浓郁配烧饼吃最舒坦。全羊系列做得地道，西四这边吃羊肉的好地方。,,0,0,1,2026/5/9 7:24,2026/5/9 7:24
621,3010,107,621,正宗固始鹅块北四环东路这家生意很旺。鹅块是信阳固始的做法鹅肉炖得烂乎汤白浓郁。蘸着特制的辣椒酱吃鹅肉鲜美酱料提味。营业到凌晨十二点晚上想喝鹅汤也有地方去。建议点大份的鹅块两个人分着吃。,,9,0,1,2026/3/16 0:47,2026/3/16 0:47
622,1758,174,621,澧飨饮膳四季主打中式融合菜菜单不长但每道都做得用心。环境雅致有设计感适合约会也适合朋友小聚。菜品口味稳定不踩雷价格中上。,,0,0,1,2026/4/10 3:53,2026/4/10 3:53
623,1871,177,623,一般般吧。,,0,0,1,2025/12/22 22:28,2025/12/23 8:19
624,481,163,623,北京康陵正德正宗春饼宴1号院的味道不错分量也够价格合理。环境干净整洁服务态度好。周边的居民和上班族经常来吃。是一家性价比不错的店。,,0,0,1,2026/4/15 4:02,2026/4/15 4:02
625,2107,170,625,羊城美食·粤菜鸡煲大钟寺店主打花都鸡煲鸡肉嫩滑汤底浓郁香味足。吃完鸡肉用汤汁捞饭是隐藏吃法一粒米都不浪费。营业到深夜大钟寺这边吃宵夜的好去处。,,0,0,1,2026/5/22 14:00,2026/5/22 14:00
626,2334,176,625,居庸四季养生宴的味道不错分量也够价格合理。环境干净整洁服务态度好。周边的居民和上班族经常来吃。是一家性价比不错的店。,,1,0,1,2026/3/12 8:04,2026/3/12 8:04
627,2447,167,627,锅包肉是东北菜的扛把子！里脊肉片裹上淀粉糊炸得金黄酥脆再挂上酸甜汁。一口咬下去外面脆里面嫩酸甜汁在舌尖上跳舞。,,0,0,1,2026/5/13 21:46,2026/5/13 21:46
628,2560,169,627,就那样。不推荐也不拦着。,,8,0,1,2026/3/6 5:20,2026/3/6 5:20
629,2673,96,629,老重庆地摊火锅的锅底够味涮菜新鲜种类多。肉类品质不错牛肉切得薄入锅变色就吃很嫩。小料台也丰富想怎么调都行。环境干净服务态度好。,,6,0,1,2026/2/9 1:24,2026/2/9 7:52
630,2785,172,629,bluefrog蓝蛙乐成中心店主打美式汉堡牛肉饼是手工摔打的五分熟切开粉红。精酿啤酒也是招牌配汉堡一绝。环境是美式餐吧风格周末人多气氛热闹。,,8,0,1,2026/5/12 1:03,2026/5/12 1:03
631,773,165,631,星爺鷄煲南新仓店主打广东顺德风味鸡煲。鸡煲端上来还在滚汤底浓郁鸡肉嫩滑。吃到最后用汤汁捞饭是精华所在。烧鸭也做得不错皮脆肉嫩梅子酱一绝。南新仓美食街里人气比较高的店之一。,,2,0,1,2026/4/17 0:08,2026/4/17 0:08
632,3235,137,631,爆肚仁最考验火候放在滚水里数二十秒就得出锅。早了不熟晚了嚼不动二十秒是黄金时间。老爆肚师傅几代人的经验都浓缩在这二十秒里了。,,0,0,1,2026/5/29 23:36,2026/5/29 23:36
633,3348,93,633,杏仁豆腐冰镇之后爽滑清凉夏天的救命甜品。豆腐嫩得跟丝绸一样杏仁味清雅不冲后味悠长。上面撒的枸杞和桂花画龙点睛。,,0,0,1,2026/4/18 5:39,2026/4/18 5:39
634,3460,143,633,不赖。但也说不上多好。,,30,1,1,2026/5/19 1:04,2026/5/19 1:04
635,3572,79,635,大槐树山西面食的面条筋道弹牙汤底是骨头熬的鲜香不腻。分量给得足一个人一碗就能吃饱。价格实惠是附近上班族和居民的午餐好选择。,,0,0,1,2026/5/28 2:25,2026/5/28 2:25
636,3685,41,635,福满堂饺子馆的饺子手工现包皮薄馅大，猪肉大葱汁水最丰盈咬开先吸汤不然烫嘴。麻酱拉皮也爽滑开胃，蘸着醋和辣椒油吃特别香。,,0,0,1,2026/2/27 4:40,2026/2/27 4:40
637,3797,129,637,周末来的排队排了四十分钟。老板出来发了一轮瓜子让大家边磕边等。冲这个服务态度也值得加分。菜的味道也没掉链子。,,1,0,1,2026/4/21 23:54,2026/4/21 23:54
638,3909,155,637,春晖园温泉度假酒店宴会厅主打婚宴和大型聚会菜品以中式为主。宴会厅宽敞装修大气温泉配套加分。适合办婚宴和年会散客去吃反而感觉冷清。,,9,0,1,2026/5/22 18:01,2026/5/22 18:01
639,4021,154,639,十八弯驿站自助咖啡吧主打自助咖啡形式自己动手冲泡方便快捷。咖啡豆品种多可以根据口味自选。环境是驿站风格路过歇脚喝杯咖啡挺放松的。,,67,1,1,2026/4/9 5:44,2026/4/9 5:44
640,4133,160,639,八兜惠·橘娃火锅烧烤主打火锅和烧烤两样都做现切黄牛吊龙是招牌肉嫩新鲜。火锅汤底麻辣鲜香烤串用炭火现烤。两样都点上朋友聚餐最合适。,,7,0,1,2026/4/15 10:27,2026/4/15 10:27
641,4245,136,641,瑞幸咖啡的店面不大但位置方便。咖啡出品稳定拿铁奶泡绵密美式酸度适中。价格在周边算是正常水平。早上来一杯提神效果不错，适合上班前或午休时顺手买一杯。,,0,0,1,2026/4/4 3:37,2026/4/4 3:37
642,589,31,641,一般。没啥说的。,,3,0,1,2026/1/26 5:41,2026/1/26 6:21
643,707,155,643,还行吧。,,3,0,1,2026/5/16 15:40,2026/5/16 15:40
644,821,180,643,就那回事。,,2,0,1,2026/4/5 1:29,2026/4/5 1:29
645,935,119,645,可以。,,2,0,1,2026/6/5 22:05,2026/6/5 22:05
646,1050,180,645,不错不错。,,1,0,1,2026/6/3 4:51,2026/6/3 4:51
647,1392,132,647,不好吃。,,0,0,1,2026/5/7 23:40,2026/5/7 23:40
648,1506,181,647,算了。,,0,0,1,2026/6/10 4:48,2026/6/10 4:48
649,1620,125,649,嗯还行。,,0,0,1,2026/3/29 17:52,2026/3/29 17:52
650,361,177,649,羊蝎子火锅的汤底是灵魂肉还没上先舀一碗汤喝。白汤浓郁鲜甜红汤麻辣鲜香各有所长。骨头上的肉多到不敢相信两个人吃一锅绰绰有余。,,0,0,1,2026/4/9 11:56,2026/4/9 11:56
651,2051,114,651,中关村展示中心科学咖啡就在展示中心旁边方便参观完休息。环境简洁干净咖啡就是基本款的味道。胜在位置方便参观完展览不用跑远就能喝一杯。不是追求精品咖啡的地方就是图个方便。,,0,0,1,2026/4/11 0:17,2026/4/11 0:17
652,594,162,651,丰泽园东直门店是鲁菜老字号葱烧海参是国宴级别的招牌菜。肥牛也很出色肉质嫩滑入锅变色就能吃。环境是老派酒楼的稳重风格适合家庭聚会和请客。,,1,0,1,2026/6/10 13:22,2026/6/10 13:22
653,756,110,653,小满手工粉东方新天地店主打现做的米粉年糕也是招牌软糯Q弹。手工粉滑爽汤底鲜香配料给得足。商场里逛街饿了来一碗热乎的手工粉舒服又方便。,,1,0,1,2026/2/17 3:31,2026/2/17 3:31
654,871,68,653,可以可以~,,2,0,1,2026/4/6 13:53,2026/4/6 13:53
655,985,82,655,三旬咖啡是个安静独立咖啡馆手冲和意式都有豆子新鲜。环境简约舒适适合一个人来办公或看书。周末人多但不嘈杂是附近居民喜欢的小店。,,2,0,1,2026/4/23 11:28,2026/4/23 11:28
656,1098,50,655,麻酱糖饼是北京孩子小时候的味道。红糖和麻酱和在一起烙出来的饼香甜软糯一层一层的层次分明。咬一口糖浆会粘在牙齿上那种甜到心里的感觉至今难忘。,,3,0,1,2026/4/9 22:08,2026/4/9 22:08
657,1207,137,657,不怎么样太咸了。,,0,0,1,2026/5/8 16:17,2026/5/8 16:17
658,1321,28,657,抄手胡同64号的抄手皮薄馅大汤底鲜香，红油的麻辣过瘾清汤的鲜醇温和。胡同里的小店不好找但找到就值了，一份抄手配碗汤就是完美一餐。,,0,0,1,2026/3/16 3:04,2026/3/16 3:04
659,1436,179,659,洪福亮酒家的味道不错分量也够价格合理。环境干净整洁服务态度好。周边的居民和上班族经常来吃。是一家性价比不错的店。,,0,0,1,2026/3/10 11:28,2026/3/10 11:28
660,1665,118,659,大嘴烤翅东北菜的东北菜做得地道锅包肉外酥里嫩酸甜适口。菜量给得足是东北馆子的美德。两个人点两个菜就够吃了。,,0,0,1,2026/5/14 18:10,2026/5/14 18:10
661,1779,111,661,山林咖啡主打精品咖啡豆子是自己烘的手冲出品稳定。环境在山脚下空气好很适合周末开车来放松。有室内和室外座位天好的时候坐在外面喝咖啡看山景很惬意。,,1,0,1,2026/5/10 1:01,2026/5/10 1:01
662,1886,178,661,一般般吧没啥特别的。,,0,0,1,2026/6/11 22:46,2026/6/11 22:46
663,1994,161,663,金徕宴新京私房菜的味道不错分量也够价格合理。环境干净整洁服务态度好。周边的居民和上班族经常来吃。是一家性价比不错的店。,,0,0,1,2026/4/13 14:33,2026/4/13 14:33
664,2108,25,663,北京的秋天短暂而美好适合在院子里吃饭。这家店有个小院子种了棵石榴树秋天石榴红了的时候坐在树下吃饭特别有感觉。菜品是北方家常菜水平胜在环境。,,0,0,1,2026/5/17 1:49,2026/5/17 1:49
665,2222,30,665,就那样吧不值得专门跑一趟。,,1,0,1,2026/5/20 14:16,2026/5/20 14:16
666,2336,119,665,桃喜咖啡的店面不大但位置方便。咖啡出品稳定拿铁奶泡绵密美式酸度适中。价格在周边算是正常水平。早上来一杯提神效果不错，适合上班前或午休时顺手买一杯。,,1,0,1,2026/1/4 16:09,2026/1/5 2:15
667,2450,5,667,798猪蹄宴的味道不错分量也够价格合理。环境干净整洁服务态度好。周边的居民和上班族经常来吃。是一家性价比不错的店。,,0,0,1,2026/3/8 9:31,2026/3/8 9:31
668,2678,131,667,Tims天好咖啡的店面不大但位置方便。拿铁奶泡打得绵密咖啡口感顺滑，美式酸度刚刚好不会太苦。价格在周边算实惠的，早上顺路买一杯刚刚好。,,4,0,1,2026/4/28 8:10,2026/4/28 8:10
669,2792,179,669,超级碗FOODBOWL乐成中心店主打健康轻食和豆腐类菜品适合健身减脂的人。食材新鲜搭配均衡分量足。中午附近写字楼的白领来得多上菜快不耽误时间。,,7,0,1,2026/4/7 14:03,2026/4/7 14:03
670,2906,71,669,一般。不推荐。,,2,0,1,2026/2/15 5:57,2026/2/15 5:57
671,3020,124,671,宝财诚老北京涮肉老君堂店主打红糖糍粑和涮肉的结合风格独特。涮肉品质不错羊肉新鲜切得薄清汤锅底涮出来是甜的。老君堂这边吃涮肉就去这家。,,6,0,1,2026/4/9 2:46,2026/4/9 2:46
672,3134,181,671,嗯就那么回事。,,6,0,1,2026/3/14 0:54,2026/3/14 0:54
673,3248,156,673,铭门盛宴艺术海鲜姿造世贸天阶店主打高端海鲜自助新西兰大澳鲍是招牌。海鲜品种多新鲜度高摆盘精致。价格不低但请重要的客人或者特殊纪念日来这里准没错。,,3,0,1,2026/2/22 9:58,2026/2/22 9:58
674,3362,173,673,梁然烤鱼吧房山城关店主打各种烤鱼外焦里嫩配菜丰富。烤鱼的火候掌握得好鱼肉嫩不柴麻辣味最受欢迎。两个人点一条鱼配几个小菜就够了价格实惠。,,0,0,1,2026/3/19 11:03,2026/3/19 11:03
675,3476,152,675,隆和居美食城正义路店主打干锅千页豆腐做得外焦里嫩辣度刚好。环境和菜品都维持在中上水平包间多适合商务宴请。正义路这边请客办事就来这里。,,2,0,1,2026/5/1 20:48,2026/5/1 20:48
676,3590,177,675,杭州小笼包世华水岸店主打的自然是小面和小笼包皮薄汤多肉馅鲜嫩。小面汤底麻辣鲜香分量足一个人一碗刚刚好。附近居民的早餐常选之地。,,1,0,1,2026/2/12 22:24,2026/2/12 22:24
677,3818,157,677,心跳咖啡是个有个性的小咖啡馆装修风格很潮适合拍照打卡。咖啡出品不错拿铁和美式是基础款也有一些特调。年轻人来得多氛围轻松活泼。,,0,0,1,2026/3/10 2:23,2026/3/10 2:23
678,3932,149,677,晋来顺手擀面川湘菜虽是小店但面的品质一点不马虎。面是现拉现削的入口就知道是手工做的。浇头有几种选择换着吃不容易腻。,,0,0,1,2026/4/21 10:44,2026/4/21 10:44
679,4046,168,679,渔蓝海鲜火锅首都宾馆店主打双人餐海鲜新鲜涮完海鲜锅底变成海鲜汤。虾弹鱼嫩贝类鲜甜环境安静私密服务专业。适合情侣约会和重要饭局。,,2,0,1,2026/4/10 17:28,2026/4/10 17:28
680,4160,148,679,奥华餐厅老张记台基厂店菜量给得大方虾仁独面筋是看家手艺面筋吸饱汤汁虾仁饱满。两个人点三个菜吃到撑还得打包。开了那么多年味道一直稳。,,3,0,1,2026/2/25 18:29,2026/2/25 18:29
681,387,166,681,炸茄盒外酥里嫩茄子片夹着肉馅裹上面糊炸得金黄酥脆。蘸着椒盐吃一口一个停不下来就是油大了点不宜多吃。,,3,0,1,2026/3/19 22:14,2026/3/19 22:14
682,502,149,681,炖吊子的猪肠猪肚猪心猪肺处理得干净没有一丝腥味。汤底浓郁胡椒味足一碗下去浑身冒汗冬天喝完不怕冷。外地朋友来北京我一般都先不给他们喝这个怕吓跑。,,0,0,1,2026/3/8 5:02,2026/3/8 5:02
683,648,162,683,还行~,,2,0,1,2026/2/15 6:45,2026/2/15 6:45
684,403,57,683,紫光园美术馆店主打烤鸭和小馆风格的家常菜。烤鸭实惠不贵味道稳定不是那种宰外地人的。干炸丸子和焦溜肉片都是老北京味道。环境干净整洁服务热情。大众消费的京菜馆子经济实惠的代表。,,1,0,1,2026/3/9 23:37,2026/3/9 23:37
685,890,97,685,一般。不推荐也不反对。,,3,0,1,2026/4/15 13:43,2026/4/15 13:43
686,1006,166,685,禄遇LUYU的味道不错分量也够价格合理。环境干净整洁服务态度好。周边的居民和上班族经常来吃。是一家性价比不错的店。,,3,0,1,2026/3/1 9:33,2026/3/1 9:33
687,1122,90,687,胡闹儿咖啡环境安静舒服适合坐一下午。冰美式夏天很解暑拿铁冬天暖和。比起连锁店多了一份用心。,,3,0,1,2026/2/1 16:22,2026/2/1 16:26
688,1355,156,687,方砖厂69号炸酱面前门大栅栏店的炸酱面做得正椒盐小酥肉也是招牌。炸酱里的肉丁大颗面码齐全自己动手拌开每口面都有不同的层次。,,0,0,1,2026/5/22 21:16,2026/5/22 21:16
689,1587,82,689,君庭中餐厅的味道不错分量也够价格合理。环境干净整洁服务态度好。周边的居民和上班族经常来吃。是一家性价比不错的店。,,3,0,1,2026/4/11 8:46,2026/4/11 8:46
690,1703,167,689,牛村来人鲜牛肉火锅的牛肉现切现涮嫩滑无比，入锅变色就能吃蘸沙茶酱是灵魂。前门店位置方便逛完前门来涮一顿鲜牛肉暖和又满足。,,0,0,1,2026/3/14 20:57,2026/3/14 20:57
691,1819,158,691,一般般吧不咋地。,,0,0,1,2026/3/24 1:34,2026/3/24 1:34
692,1935,112,691,味道CCTV中餐厅梅地亚中心店的肥肠处理得干净没有异味炖得软烂入味。其他中餐菜式也做得不错环境简洁大方适合工作餐和聚餐。,,0,0,1,2026/5/27 3:00,2026/5/27 3:00
693,1820,162,693,富亿城羊蝎子火锅在农大南路那边冬天吃的人特别多。锅底麻辣适中羊蝎子给得量够骨髓吸出来很满足。吃完了涮点蔬菜和面条收官。精酿啤酒配羊蝎子意外地搭。几个朋友吃下来人均不高很划算。,,0,0,1,2026/5/17 11:25,2026/5/17 11:25
694,2167,51,693,算了下次不会来了。,,2,0,1,2026/4/19 5:40,2026/4/19 5:40
695,2283,151,695,糖卷果是山药和大枣做的外面裹着糖稀撒上白糖和芝麻。软糯香甜每一口都是大枣和山药的香气在嘴里交织。北京传统小吃里面做得精致的代表。,,0,0,1,2026/4/12 13:47,2026/4/12 13:47
696,2399,129,695,小吃店主打各种北京传统小吃品种多价格便宜。豆汁焦圈面茶每样都有。胡同口开了很多年附近街坊都认。早上一套几块钱就能吃好吃饱。,,11,2,1,2026/5/27 12:37,2026/5/27 12:37
697,2515,178,697,还行没啥特别的。,,3,0,1,2026/4/11 6:08,2026/4/11 6:08
698,2631,172,697,巴依老爷新疆美食和平东桥店主打新疆风味自制酸奶是招牌稠厚拉丝酸甜解腻。烤羊肉串和大盘鸡也是必点菜量大实惠。想吃正宗新疆菜来这不会失望。,,2,0,1,2026/3/19 1:15,2026/3/19 1:15
699,2747,177,699,可以。将就。,,3,0,1,2026/2/16 0:36,2026/2/16 0:36
700,2863,117,699,山西刀削面垡头街店主打刀削面削得有水平面片薄厚均匀筋道弹牙。也有家常中餐配面吃菜量给得大价格实惠。附近的居民和工人都爱来吃。,,6,0,1,2026/2/14 8:47,2026/2/14 8:47
701,2979,166,701,烤鸭的三种吃法轮着来先皮蘸白糖再肉蘸面酱最后皮肉一体卷薄饼。总结下来发现还是第三种最经典因为面酱大葱黄瓜和鸭肉鸭皮一起咬口感层次最丰富。,,1,0,1,2026/2/13 13:39,2026/2/13 13:39
702,3211,179,701,善方医院咖啡厅出品稳定是附近上班族的续命站。手冲做得不错豆子新鲜风味清晰。店员态度好出杯也快，手机点好到店就能拿。,,2,0,1,2026/2/22 2:39,2026/2/22 5:29
703,3327,165,703,一般吧。,,1,0,1,2026/5/28 7:05,2026/5/28 7:05
704,3443,160,703,柳青餐厅的味道不错分量也够价格合理。环境干净整洁服务态度好。周边的居民和上班族经常来吃。是一家性价比不错的店。,,0,0,1,2026/3/28 22:23,2026/3/28 22:23
705,3559,32,705,Tims天好咖啡的店面不大但位置方便。咖啡出品稳定拿铁奶泡绵密美式酸度适中。价格在周边算是正常水平。早上来一杯提神效果不错，适合上班前或午休时顺手买一杯。,,0,0,1,2026/3/19 13:08,2026/3/19 13:08
706,3675,153,705,就那样吧。,,0,0,1,2026/1/17 10:12,2026/1/17 14:01
707,3791,105,707,禧裕轩老北京四季涮肉的涮肉品质不错羊肉切得薄厚均匀新鲜。清汤锅底涮出来肉是甜的能吃出肉质本身的好。麻酱自己调配比在别家调的更合自己口味。,,0,0,1,2026/5/18 3:41,2026/5/18 3:41
708,3907,174,707,蚝小羊的味道不错分量也够价格合理。环境干净整洁服务态度好。周边的居民和上班族经常来吃。是一家性价比不错的店。,,10,0,1,2026/2/17 16:21,2026/2/17 16:21
709,4023,14,709,还行。但是不会特意再来。,,51,5,1,2026/3/16 20:42,2026/3/16 20:42
710,4139,155,709,有田小院民宿在环球影城附近主打中餐和住宿一条龙。菜品以家常菜为主量大实惠适合玩完环球影城回来吃一顿。环境就是小院的风格安静舒服。,,8,0,1,2026/5/16 18:00,2026/5/16 18:00
711,4255,181,711,太湖小馆交大店主打清炖蟹粉狮子头松软鲜香蟹粉和猪肉的搭配绝妙。糖醋小排也做得外酥里嫩酸甜刚好。交大这边吃江苏菜的首选环境雅致适合聚餐。,,0,0,1,2026/5/31 0:14,2026/5/31 0:14
712,394,38,711,羊杂汤冬天早上一碗喝下去浑身冒汗~汤白得像牛奶处理得干净没有膻味。胡椒粉自己加多加点辣出一身汗特别爽。,,1,0,1,2026/3/29 10:26,2026/3/29 10:26
713,510,167,713,康陵正宗正德春饼宴22号的春饼现烙的薄而有韧性，酱肘子和合菜炒蛋摆满一桌自己动手卷。周末去郊区玩顺路吃一顿很惬意。,,0,0,1,2026/5/1 4:50,2026/5/1 4:50
714,626,154,713,行吧。,,0,0,1,2026/1/29 18:56,2026/1/31 11:25
715,742,154,715,星巴克的店面不大但位置方便。拿铁奶泡打得绵密咖啡口感顺滑，美式酸度刚刚好不会太苦。价格在周边算实惠的，早上顺路买一杯刚刚好。,,10,0,1,2026/2/18 2:52,2026/2/18 2:52
716,973,34,715,琼鲜记海南糟粕醋火锅的锅底够味涮菜新鲜种类多。肉类品质不错牛肉切得薄入锅变色就吃很嫩。小料台也丰富想怎么调都行。环境干净服务态度好。,,2,0,1,2026/2/28 19:43,2026/2/28 20:24
717,1083,154,717,晋状元手擀面的面条筋道弹牙汤底鲜香。分量给得足一个人一碗面就能吃饱。价格实惠是附近上班族和居民的午餐选择。店不大但味道对得起价格。,,2,0,1,2026/1/24 2:59,2026/1/24 4:39
718,1306,177,717,唐宫·粤菜海鲜的海鲜新鲜程度是看得见的虾弹鱼嫩贝类鲜甜。做法不复杂就是吃食材本身的味道。环境干净服务周到，适合聚餐或者改善伙食。,,0,0,1,2026/5/19 12:14,2026/5/19 12:14
719,1422,8,719,还不错可以试试。,,0,0,1,2026/5/8 11:26,2026/5/8 11:26
720,1538,75,719,姨母家·石锅拌饭富卓商厦店主打韩式料理石锅拌饭端上来滋滋响锅底的锅巴是精华。韩式泡菜煎饺也是招牌外酥里嫩泡菜酸辣开胃。,,0,0,1,2026/4/1 13:36,2026/4/1 13:36
721,1654,151,721,农小锅西单华威约饭街店是自选小火锅一人一锅干净卫生。菜品种类多肉卷蔬菜丸子每样都有按盘子颜色计价。一个人吃也自在朋友聚餐各涮各的也挺好。,,0,0,1,2026/3/3 16:32,2026/3/3 16:32
722,1886,145,721,全虾堂的味道不错分量也够价格合理。环境干净整洁服务态度好。周边的居民和上班族经常来吃。是一家性价比不错的店。,,0,0,1,2026/6/2 6:38,2026/6/2 6:38
723,2002,137,723,敢为天下鲜主打中餐菜品新鲜量给得足价格公道。环境干净整洁附近的居民和上班族常来。想吃家常中餐又不想踩雷的时候来这没错。,,1,0,1,2026/5/20 2:51,2026/5/20 2:51
724,2118,158,723,不怎么样不会再去了。,,0,0,1,2026/5/3 12:43,2026/5/3 12:43
725,2234,95,725,王记火锅冒菜豆花牛肉肥肠鸡延庆店主打各种火锅冒菜豆花牛肉是招牌嫩滑入味。肥肠鸡也做得不错分量足。延庆这边想吃火锅冒菜就去这家。,,0,0,1,2026/5/31 1:36,2026/5/31 1:36
726,2350,127,725,巧媳妇·手工水饺主打手工水饺猪肉大葱和韭菜鸡蛋最受欢迎。饺子皮薄馅大现包现煮能看到阿姨们在操作间忙碌。北京蒙情风味也融入了一些内蒙特色口味。,,0,0,1,2026/5/25 3:10,2026/5/25 3:10
727,2466,158,727,算了太一般了。,,3,0,1,2026/5/2 10:30,2026/5/2 10:30
728,2582,175,727,文韵时光的味道不错分量也够价格合理。环境干净整洁服务态度好。周边的居民和上班族经常来吃。是一家性价比不错的店。,,4,0,1,2026/4/13 11:01,2026/4/13 11:01
729,2698,50,729,云水姑娘·云南菜798店主打原味汽锅鸡汤清味鲜鸡肉嫩滑。其他云南特色菜也做得正过桥米线和黑三剁都值得一试。环境有云南民族风情适合朋友聚餐。,,5,0,1,2026/6/4 0:22,2026/6/4 0:22
730,2814,128,729,可以吧~,,1,0,1,2026/5/15 12:29,2026/5/15 12:29
731,2930,155,731,芈重山老火锅的牛油锅底麻辣浓郁越煮越香，毛肚鸭肠鲜嫩涮七上八下刚刚好。双人餐搭配合理两个人刚好不浪费，望京这边吃重庆火锅的首选。,,4,0,1,2026/5/4 4:05,2026/5/4 4:05
732,3046,60,731,ACE&CLUB车谷咖啡出品稳定是附近上班族的续命站。手冲做得不错豆子新鲜风味清晰。店员态度好出杯也快，手机点好到店就能拿。,,10,0,1,2026/2/10 14:40,2026/2/10 14:40
733,3162,173,733,就内样。,,3,0,1,2026/1/24 5:10,2026/1/24 6:00
734,3278,37,733,羊城美食主打大排档风格的粤菜炒牛河和煲仔饭是招牌。锅气足用料实在价格亲民。晚上人最多烟火气十足适合几个人一起来点几个菜喝点啤酒。,,2,0,1,2026/4/7 5:23,2026/4/7 5:23
735,3394,139,735,天水麻辣烫串串香的锅底够味涮菜新鲜种类多。肉类品质不错牛肉切得薄入锅变色就吃很嫩。小料台也丰富想怎么调都行。环境干净服务态度好。,,0,0,1,2026/6/12 14:15,2026/6/12 14:15
736,3510,130,735,一般但是不会再来了。,,17,1,1,2026/3/27 10:14,2026/3/27 10:14
737,3626,156,737,呷哺呷哺首联世纪广场店单人小火锅方便快捷锅底选择多。单人餐一个人刚好不浪费肉和菜搭配合理。价格实惠是大众火锅的代表一个人吃也不会尴尬。,,0,0,1,2026/5/13 17:43,2026/5/13 17:43
738,3742,162,737,状元甲的味道不错分量给得足价格也公道。环境干净整洁服务态度好。周边的居民和上班族经常来吃，是附近性价比不错的选择。,,0,0,1,2026/5/17 19:43,2026/5/17 19:43
739,3974,177,739,渔蓝海鲜火锅的双人餐搭配合理两个人海鲜和肉类均衡。海鲜直接从池里捞上来还在动新鲜度没得说。环境在首都宾馆里面安静私密请客或约会都很合适。,,2,0,1,2026/1/8 2:51,2026/1/9 18:51
740,4090,181,739,就想见面主打中式面食和各种家常炒菜面条筋道分量足。环境干净出餐快一个人来吃碗面很方便。价格实惠附近居民和上班族经常来解决午饭。,,20,0,1,2026/4/13 20:41,2026/4/13 20:41
741,4206,73,741,农园食堂主打麻辣烫和各种校园简餐价格对学生友好。菜品种类多吃多少拿多少不浪费。学校里的食堂方便实惠期末复习的时候全靠这里撑着。,,0,0,1,2026/2/23 8:50,2026/2/24 8:50
742,4275,172,741,不推荐不拦着。,,9,0,1,2026/4/15 9:23,2026/4/15 9:23
743,653,173,743,老南门串店幸福北里这家烤串是一绝。羊肉串用炭火烤的外焦里嫩孜然味足。鸡翅烤得皮脆汁多刷的蜜汁酱微甜。晚上来吃的人多门口摆上小桌子。肉串价格合理十几串配啤酒很尽兴。,,3,0,1,2026/5/12 3:49,2026/5/12 3:49
744,518,179,743,福运家常菜农家乐水库鱼主打家常菜和水库活鱼现捞现做鱼肉鲜嫩。农家风味菜量大实惠周末开车来郊区玩顺路吃一顿很舒服。,,0,0,1,2026/4/3 1:31,2026/4/3 1:31
745,634,19,745,一般般吃个便饭还行。,,2,0,1,2026/6/4 19:38,2026/6/4 19:38
746,750,168,745,渝信川菜的辣味够正小炒肉切得薄大火爆炒锅气十足。剁椒鱼头也是招牌鱼肉嫩剁椒够味。米饭免费续吃饱为止爱吃辣的人来这不会失望。,,5,0,1,2026/1/19 2:49,2026/1/19 2:59
747,866,174,747,满口香麻辣香锅的菜品新鲜自己选菜称重计价。汤底麻辣够味炒出来的香锅锅气足。一个人二三十块就能吃得很满足。是附近上班族和学生的最爱。,,1,0,1,2026/1/8 11:34,2026/1/9 20:52
748,1098,159,747,壹条龙涮肉的涮肉品质不错羊肉新鲜切得薄厚均匀。清汤锅底不抢味涮出来的肉能吃出甜味。麻酱自己调配比在别家调的好吃。冬天来吃一顿暖暖的特别舒服。,,3,0,1,2026/5/27 15:12,2026/5/27 15:12
749,1214,170,749,食鼎轩烤鸭·私房菜的烤鸭做得不错皮酥肉嫩不油腻。面饼手工擀的薄而有韧性裹着鸭肉和面酱吃着很满足。价格在同类里算实惠的，家庭聚餐来这里合适。,,2,0,1,2026/4/17 14:05,2026/4/17 14:05
750,1330,113,749,还行吧能吃饱。,,0,0,1,2026/4/23 21:18,2026/4/23 21:18
751,1446,101,751,石记羊汤馆六铺炕店主打单人羊汤餐一个人也能喝得舒坦。汤白浓郁羊肉嫩粉丝滑爽配个烧饼泡着吃。冬天早上一碗羊汤暖到脚趾头价格也不贵。,,0,0,1,2026/4/27 11:25,2026/4/27 11:25
752,1562,155,751,门框胡同涮肉冬天来吃最暖和了铜锅烧得旺汤底咕嘟咕嘟冒泡。手切羊肉比机器切的好吃不膻不腻。吃到最后锅底涮个面片是完美的收尾。,,1,0,1,2026/4/13 17:55,2026/4/13 17:55
753,1678,160,753,不好吃不推荐。,,0,0,1,2026/6/10 15:04,2026/6/10 15:04
754,1794,114,753,河沿肉饼故宫店主打各种肉饼皮薄馅大一咬汁水横流。猪肉大葱的最经典牛肉的也不错。故宫旁边逛累了来吃张饼喝碗小米粥方便又解饿。,,0,0,1,2026/1/3 4:24,2026/1/3 16:19
755,1910,144,755,爆肚的火候是几代人传下来的手艺。肚领切花刀在滚水里数十几二十秒就得出锅多一秒就嚼不动。蘸着麻酱吃麻酱是自己调的有韭菜花腐乳和辣椒油。脆弹的口感让你欲罢不能。,,0,0,1,2026/5/22 23:19,2026/5/22 23:19
756,2142,139,755,赛伊瑞尔丝路美食的味道不错分量也够价格合理。环境干净整洁服务态度好。周边的居民和上班族经常来吃。是一家性价比不错的店。,,1,0,1,2026/5/24 1:43,2026/5/24 1:43
757,2258,59,757,就那样吧没什么出彩的但也没什么大毛病。,,0,0,1,2026/4/3 14:22,2026/4/3 14:22
758,2374,50,757,君庭中餐厅首都宾馆店主打牛肉类菜品牛肉炖得软烂入味。环境大气包间安静适合商务宴请。在首都宾馆里面位置方便请客吃饭很稳妥。,,2,0,1,2026/1/7 23:28,2026/1/8 3:20
759,2606,172,759,顺鼎记顺德菜四惠店主打粤式双人餐两个人吃搭配刚好。烧鹅皮脆肉嫩煲仔饭锅巴焦香。顺德风味做得正食材新鲜做法不花哨吃的就是原汁原味。,,9,0,1,2026/2/18 6:23,2026/2/18 6:23
760,2722,60,759,鑫巴蜀菜馆的味道不错分量也够价格合理。环境干净整洁服务态度好。周边的居民和上班族经常来吃。是一家性价比不错的店。,,0,0,1,2026/4/13 20:02,2026/4/13 20:02
761,2838,178,761,就那样吧不算好也不算差。,,2,0,1,2026/2/28 11:55,2026/2/28 11:55
762,2954,136,761,luckin coffee 瑞幸咖啡出品稳定是附近上班族的续命站。手冲做得不错豆子新鲜风味清晰。店员态度好出杯也快，手机点好到店就能拿。,,2,0,1,2026/3/21 17:38,2026/3/21 17:38
763,3070,171,763,不好吃的话不会再来。,,3,0,1,2026/3/11 12:40,2026/3/11 12:40
764,3186,174,763,渔皇宴·江南菜·烤鸭五矿大厦店主打乌鸡猪肚煲汤鲜料足。烤鸭也做得不错鸭皮酥脆。江南菜精致环境雅致请客聚餐选这里很合适。,,3,0,1,2026/2/12 17:34,2026/2/12 17:34
765,3302,173,765,客满堂驴肉馆的味道不错分量也够价格合理。环境干净整洁服务态度好。周边的居民和上班族经常来吃。是一家性价比不错的店。,,0,0,1,2026/2/17 22:05,2026/2/17 22:05
766,3418,166,765,还行吧将就。,,2,0,1,2026/1/11 17:50,2026/1/14 4:34
767,3534,150,767,北方面语的面条筋道弹牙汤底鲜香。分量给得足一个人一碗面就能吃饱。价格实惠是附近上班族和居民的午餐选择。店不大但味道对得起价格。,,0,0,1,2026/1/19 2:36,2026/2/6 13:44
768,3650,128,767,合兴屯铁锅炖主打东北铁锅炖双人餐分量两个人刚好。排骨炖豆角和炖鱼是招牌贴饼子蘸着汤汁吃。大铁锅端上来咕嘟咕嘟冒着热气冬天来吃最过瘾。,,0,0,1,2026/4/16 12:54,2026/4/16 12:54
769,3882,70,769,旮哒烤肉的烤串种类多羊肉串肥瘦相间烤得滋滋冒油。鸡翅刷的蜜汁微甜鸡皮烤得焦脆好吃。晚上约几个朋友来吃串喝酒氛围很好。价格实惠量也大。,,15,0,1,2026/6/10 19:45,2026/6/10 19:45
770,3998,142,769,小胖包子王的包子皮薄馅大猪肉大葱的最受欢迎。也有粥和馄饨搭配着吃。早上一套包子加炒肝不到十块钱很划算。,,0,0,1,2026/5/5 1:11,2026/5/5 1:11
771,4114,125,771,不多评价了。,,27,0,1,2026/3/7 4:56,2026/3/7 4:56
772,4230,145,771,郭靖烤全羊的味道不错分量给得足价格也公道。环境干净整洁服务态度好。周边的居民和上班族经常来吃，是附近性价比不错的选择。,,0,0,1,2026/6/8 11:05,2026/6/8 11:05
773,4278,171,773,库迪咖啡传媒大学店主打茉莉轻乳茶和各种咖啡饮品价格实惠经常有活动。学生来得多环境适合自习和小组讨论。传媒大学附近性价比最高的咖啡选择之一。,,5,0,1,2026/5/8 17:49,2026/5/8 17:49
774,412,163,773,雅吉牛肉面的面条筋道弹牙汤底鲜香。分量给得足一个人一碗面就能吃饱。价格实惠是附近上班族和居民的午餐选择。店不大但味道对得起价格。,,0,0,1,2026/5/11 0:43,2026/5/11 0:43
775,536,150,775,胡同印记咖啡的店面不大但位置方便。咖啡出品稳定拿铁奶泡绵密美式酸度适中。价格在周边算是正常水平。早上来一杯提神效果不错，适合上班前或午休时顺手买一杯。,,1,0,1,2026/5/15 21:38,2026/5/15 21:38
776,772,150,775,涮羊肉的清汤锅底最能吃出羊肉的好坏。好羊肉涮出来是鲜甜的没有膻味。这家用的是现切羊肉能吃出是当天的肉不是冷冻的。麻酱自己调才能调出最适合自己口味的味道。,,1,0,1,2026/3/6 10:51,2026/3/6 10:51
777,890,112,777,就那样。不用特意来。,,3,0,1,2026/3/17 5:50,2026/3/17 5:50
778,1008,159,777,崖餐厅的味道不错分量也够价格合理。环境干净整洁服务态度好。周边的居民和上班族经常来吃。是一家性价比不错的店。,,1,0,1,2026/3/6 20:41,2026/3/6 20:41
779,1124,113,779,烤鸭的面酱是自己熬的和外面卖的甜面酱不是一个东西。加了蜂蜜和香油搅拌出来的酱有花香和坚果香。光蘸酱吃薄饼都能吃好几张。,,1,0,1,2026/4/26 11:21,2026/4/26 11:21
780,1240,110,779,肖蘸罐罐米线阜成门店主打罐罐米线用陶罐装着端上桌保温效果好。米线滑爽汤底鲜辣配料丰富一个人吃一罐刚刚好。冬天来一罐从头暖到脚。,,0,0,1,2026/2/22 3:14,2026/2/22 3:14
781,1356,109,781,一般一般。,,0,0,1,2026/3/11 16:35,2026/3/11 16:35
782,1472,110,781,刘记炙子烤肉虎坊桥店主打老北京炙子烤肉现切现烤肉腌得入味。大铁盘上滋滋作响的烤肉裹着芝麻烧饼吃是北京人的经典吃法。虎坊桥这边的烤肉老店之一。,,0,0,1,2026/6/1 2:47,2026/6/1 2:47
783,1588,153,783,奥华餐厅老张记台基厂店虾仁独面筋是招牌面筋吸饱汤汁一咬爆开。菜量大是这家店的传统两个人两道菜就够吃。开了好多年味道一直稳老顾客多。,,1,0,1,2026/3/8 13:11,2026/3/8 13:11
784,2552,136,783,渔蓝海鲜火锅在首都宾馆里面主打海鲜。海鲜直接从池里捞上来还在动新鲜度没得说。刺身拼盘摆得好看虾甜鱼鲜贝类弹牙。双人餐搭配合理正好够两个人吃。环境安静服务好适合情侣和重要约会。,,2,0,1,2026/4/23 0:15,2026/4/23 0:15
785,1936,49,785,瑞幸咖啡的店面不大但位置方便。咖啡出品稳定拿铁奶泡绵密美式酸度适中。价格在周边算是正常水平。早上来一杯提神效果不错，适合上班前或午休时顺手买一杯。,,1,0,1,2026/2/21 22:43,2026/2/23 9:55
786,2052,131,785,就那样吧勉强及格。,,0,0,1,2026/5/27 14:29,2026/5/27 14:29
787,2168,181,787,北京知青食堂主打各种中餐简餐鸡肉类菜品做得不错。食堂风格菜量大价格实惠主打附近居民和学生群体。不求精致但求实在管饱味道也在线。,,5,0,1,2026/5/6 7:08,2026/5/6 7:08
788,2284,91,787,聚友饭庄的味道不错分量也够价格合理。环境干净整洁服务态度好。周边的居民和上班族经常来吃。是一家性价比不错的店。,,0,0,1,2026/3/21 2:34,2026/3/21 2:34
789,2400,147,789,一般不行不推荐。,,18,1,1,2026/4/21 0:34,2026/4/21 0:34
790,2516,170,789,良苑烤鸭店的烤鸭做得不错皮酥肉嫩不油腻。面饼手工擀的薄而有韧性裹着鸭肉和面酱吃着很满足。价格在同类里算实惠的，家庭聚餐来这里合适。,,3,0,1,2026/4/1 15:58,2026/4/1 15:58
791,2632,177,791,毕派克咖啡出品稳定是附近上班族的续命站。手冲做得不错豆子新鲜风味清晰。店员态度好出杯也快，手机点好到店就能拿。,,3,0,1,2026/4/29 5:26,2026/4/29 5:26
792,2748,37,791,就那样没啥可说的。,,2,0,1,2026/4/23 4:22,2026/4/23 4:22
793,2864,168,793,张永发面馆主打各种面食面条筋道分量足价格实惠。牛肉面和打卤面是最受欢迎的两种浇头。附近居民和工人常来吃中午饭点人多要等一会儿。,,4,0,1,2026/4/19 16:31,2026/4/19 16:31
794,2980,173,793,隆和居美食城正义路店的干锅千页豆腐做得入味辣度刚好豆腐外焦里嫩。环境雅致包间安静请客谈事很合适。正义路这边比较靠谱的中餐选择。,,3,0,1,2026/3/16 19:13,2026/3/16 19:13
795,3096,167,795,不好吃太差了以后不会来了。,,0,0,1,2026/4/11 17:32,2026/4/11 17:32
796,3212,106,795,小张串吧的味道不错分量也够价格合理。环境干净整洁服务态度好。周边的居民和上班族经常来吃。是一家性价比不错的店。,,1,0,1,2026/4/18 2:35,2026/4/18 2:35
797,3328,158,797,盛德宫刘淑芬铁锅炖的味道不错分量也够价格合理。环境干净整洁服务态度好。周边的居民和上班族经常来吃。是一家性价比不错的店。,,0,0,1,2026/4/7 2:48,2026/4/7 2:48
798,3560,112,797,半天妖烤鱼银座和谐广场店主打各种烤鱼羊肉串也是招牌之一。烤鱼外焦里嫩配菜丰富蒜香味最受欢迎。商场里逛街累了来吃条烤鱼方便又解馋。,,1,0,1,2026/4/26 1:40,2026/4/26 1:40
799,3676,178,799,捌零小馆主打臭桂鱼是招牌闻着臭吃着香鱼肉嫩滑筷子一夹就散。干锅花菜也是必点锅气十足。店不大但味道正回头客多。,,0,0,1,2026/3/31 18:53,2026/3/31 18:53
800,3792,119,799,一般般不推荐特意跑一趟。,,0,0,1,2026/4/14 0:12,2026/4/14 0:12
801,3908,169,801,正宗承德老李羊汤裕龙市场店的羊杂汤熬得白浓郁处理得干净没膻味。冬天早上一碗羊汤配个烧饼浑身冒汗从头暖到脚。价格实惠市场里面来吃饭的工人多。,,10,0,1,2026/5/11 15:21,2026/5/11 15:21
802,4024,165,801,From time不止咖啡藏在街角不算显眼但来过的都会再来。咖啡品质不输那些贵价店但价格只有一半。店里放的轻音乐让人放松。,,50,1,1,2026/2/18 13:41,2026/2/18 13:41
803,4140,131,803,三兄弟铁板烧主打各式铁板烧五花肉铁板烤出来焦香四溢。师傅在铁板上现做现炒看着就很过瘾。分量给得足几个人一起来吃最合适。,,5,0,1,2026/5/6 6:47,2026/5/6 6:47
804,4256,173,803,不行。,,0,0,1,2026/6/3 19:58,2026/6/3 19:58
805,549,144,805,不好吃。不会再来。,,1,0,1,2026/2/6 11:59,2026/2/11 11:10
806,669,156,805,瑞幸咖啡的店面不大但位置方便。咖啡出品稳定拿铁奶泡绵密美式酸度适中。价格在周边算是正常水平。早上来一杯提神效果不错，适合上班前或午休时顺手买一杯。,,1,0,1,2026/2/2 17:48,2026/2/2 17:48
807,785,160,807,就那样吧没啥特别的不用专门来。,,3,0,1,2026/4/13 7:37,2026/4/13 7:37
808,901,39,807,麻酱烧饼刚出炉的时候烫手但要趁热吃。掰开之后里面是一层一层的每一层都裹着芝麻酱。外面是酥脆的里面是绵软的从第一口到最后一口每口都有芝麻香。,,2,0,1,2026/6/5 21:36,2026/6/5 21:36
809,1017,149,809,还行吧不是不能吃。,,2,0,1,2026/3/5 19:56,2026/3/5 19:56
810,1133,180,809,广味小馆主打特色小吃和广式风味种类多价格实惠。肠粉和虾饺都不错一个人点两三样刚好。南锣鼓巷这边逛累了进来吃个简餐歇歇脚很方便。,,2,0,1,2026/2/5 20:41,2026/2/5 22:00
811,1249,120,811,至元居饭店主打家常中餐菜量给得大价格实惠环境干净。红烧排骨和干炸丸子是最受欢迎的几道菜。附近的居民聚餐常选这里。,,0,0,1,2026/2/18 3:58,2026/2/18 3:58
812,1481,162,811,南阳丹江鱼市新华百货CCmall店主打火烧馍和各种鱼鲜菜品。鱼是丹江水库运来的新鲜度有保证。商场里吃鱼火锅的好选择价格公道。,,1,0,1,2026/5/5 22:27,2026/5/5 22:27
813,1597,180,813,涮羊肉的清汤锅底里只放葱姜枸杞红枣几样简单的东西但这样最能突出羊肉的原味。一顿好的涮肉不需要复杂的锅底好肉自己会说话。,,0,0,1,2026/3/22 5:18,2026/3/22 5:18
814,1713,105,813,就那样不算好吧。,,0,0,1,2026/3/30 10:26,2026/3/30 10:26
815,1829,55,815,江边城外烤全鱼科实大厦店主打各种烤鱼怪味和豆豉味最受欢迎。鱼肉烤得焦香入味配菜丰富两个人点一条鱼刚好。上地这边吃烤鱼就来这。,,0,0,1,2026/4/3 20:06,2026/4/3 20:06
816,1945,107,815,山居岁月咖啡简餐的店面在附近很方便。拿铁和美式出品稳定，早上上班顺路带一杯提神。价格实惠经常有活动，比大牌便宜不少。,,0,0,1,2026/2/16 4:55,2026/2/17 3:21
817,2061,135,817,不行太差了。,,0,0,1,2026/1/11 9:52,2026/1/11 9:53
818,2177,170,817,沂蒙山炒鸡的鸡做得不错外酥里嫩味道刚刚好。配着啤酒或者饮料吃特别解馋。价格不贵适合几个人一起点几份分着吃。下班了和同事来坐坐也不错。,,1,0,1,2026/5/5 2:05,2026/5/5 2:05
819,2409,4,819,久羊烧烤的烤串种类多羊肉串肥瘦相间烤得滋滋冒油。鸡翅刷的蜜汁微甜鸡皮烤得焦脆好吃。晚上约几个朋友来吃串喝酒氛围很好。价格实惠量也大。,,0,0,1,2026/1/20 1:44,2026/1/20 3:23
820,2525,179,819,印象融合菜主打各种融合菜品东西南北的口味都有尝试。环境有设计感适合约朋友来尝个新鲜。菜式不定期更新每次来都可能吃到新东西。,,10,0,1,2026/3/24 13:16,2026/3/24 13:16
821,2641,179,821,算了不要来了。,,2,0,1,2026/4/5 14:33,2026/4/5 14:33
822,2757,136,821,山西刀削面虽是小店但面的品质一点不马虎。面是现拉现削的入口就知道是手工做的。浇头有几种选择换着吃不容易腻。,,9,0,1,2026/3/28 8:19,2026/3/28 8:19
823,2873,161,823,笑口福悦邻商厦店主打正宗牛肉板面面条宽厚筋道牛肉汤底浓郁。价格实惠量给得大一碗管饱。悦邻商厦里面价格最实惠的面馆之一。,,26,0,1,2026/3/20 1:44,2026/3/20 1:49
824,2989,106,823,一般吧没啥意思。,,4,0,1,2026/5/22 12:01,2026/5/22 12:01
825,3105,99,825,Grid Coffee的店面不大但位置方便。拿铁奶泡打得绵密咖啡口感顺滑，美式酸度刚刚好不会太苦。价格在周边算实惠的，早上顺路买一杯刚刚好。,,0,0,1,2026/5/18 13:29,2026/5/18 13:29
826,3221,117,825,水岸餐厅在水立方里面主打中餐简餐游客和工作人员来得多。菜品以家常菜为主味道中规中矩胜在位置方便。参观完水立方出来直接吃饭不用跑远。,,0,0,1,2026/4/1 23:48,2026/4/1 23:48
827,3337,171,827,陈氏固始鹅块的味道不错分量也够价格合理。环境干净整洁服务态度好。周边的居民和上班族经常来吃。是一家性价比不错的店。,,0,0,1,2026/5/21 13:41,2026/5/21 13:41
828,3453,133,827,嗯就这样吧。,,1,0,1,2026/5/19 9:39,2026/5/19 9:39
829,3569,73,829,晋味主食厨房的味道不错分量也够价格合理。环境干净整洁服务态度好。周边的居民和上班族经常来吃。是一家性价比不错的店。,,0,0,1,2026/4/13 1:06,2026/4/13 1:06
830,3685,21,829,福满堂饺子馆的饺子馅料新鲜种类多韭菜鸡蛋和猪肉白菜都好吃。饺子皮是自己擀的有嚼劲不是那种速冻的。价格实惠分量足。,,0,0,1,2026/5/25 9:25,2026/5/25 9:25
831,3801,174,831,不好吃真的不推荐。,,0,0,1,2026/1/9 10:56,2026/1/11 10:29
832,3917,181,831,奥华餐厅老张记的虾仁独面筋是天津菜招牌，面筋吸饱汤汁一咬爆开虾仁饱满鲜美。干炸丸子也酥脆可口，菜量大两个人点两三个菜就够吃。,,2,0,1,2026/3/17 0:12,2026/3/17 0:12
833,4033,31,833,马继宾农家院的农家菜做得地道柴锅炖出来的东西就是比城市里的香。炖鸡炖鱼都好吃蔬菜是自家种的。周末开车去郊区玩顺道来吃一顿很惬意。,,60,2,1,2026/2/18 0:14,2026/2/18 0:14
834,4265,150,833,北京理工大学中关村校区第八食堂的菜品种类多价格对学生友好。打饭阿姨不手抖菜量给得足。红烧肉和宫保鸡丁是最受欢迎的菜式。虽然是大锅菜但味道在大学食堂里算很不错的了。,,0,0,1,2026/4/13 14:56,2026/4/13 14:56
835,422,146,835,白河湾醉乡民俗餐厅的农家菜做得地道柴锅炖出来的东西就是比城市里的香。炖鸡炖鱼都好吃蔬菜是自家种的。周末开车去郊区玩顺道来吃一顿很惬意。,,4,0,1,2026/6/3 7:44,2026/6/3 7:44
836,537,159,835,不咋地。,,1,0,1,2026/4/10 11:05,2026/4/10 11:05
837,588,26,837,湘遇京华宇飞大厦店主打湖南菜和京菜的混搭。剁椒鱼头是招牌鱼肉鲜嫩剁椒够劲。双人餐的搭配很实惠两个人几个菜够吃。环境有设计感不是那种老式湘菜馆。饭点人多推荐提前去占位。,,1,0,1,2026/1/21 22:31,2026/1/22 1:04
838,769,110,837,红记咖啡环境安静舒服适合坐一下午。冰美式夏天很解暑拿铁冬天暖和。比起连锁店多了一份用心。,,2,0,1,2026/3/31 4:10,2026/3/31 4:10
839,885,160,839,算了不会再来了没啥意思。,,1,0,1,2026/1/27 8:13,2026/1/27 8:22
840,1001,136,839,北京饭店谭家菜的味道不错分量也够价格合理。环境干净整洁服务态度好。周边的居民和上班族经常来吃。是一家性价比不错的店。,,3,0,1,2026/5/10 4:25,2026/5/10 4:25
841,1117,70,841,顶香牛肉拉面的汤底浓郁面条筋道牛肉给得实在，烤串也不错羊肉串烤得滋滋冒油。虎坊桥这边二十四小时不打烊，深夜来一碗热乎的牛肉面配几串烤串暖到心底。,,0,0,1,2026/1/31 11:16,2026/2/10 19:31
842,1233,123,841,一般吧不值这个价钱。,,0,0,1,2026/3/28 4:44,2026/3/28 4:44
843,1465,137,843,爆肚仁是爆肚里最精品的部位一头羊只有一小块。口感脆弹嚼在嘴里嘎吱嘎吱的蘸着麻酱吃香得每个细胞都在欢呼。这道菜就是对材料和厨师功夫的双重考验。,,22,0,1,2026/3/18 9:38,2026/3/18 9:38
844,1697,1,843,星巴克臻选的店面不大但位置方便。拿铁奶泡打得绵密咖啡口感顺滑，美式酸度刚刚好不会太苦。价格在周边算实惠的，早上顺路买一杯刚刚好。,,0,0,1,2026/5/22 17:42,2026/5/22 17:42
845,1813,166,845,客满堂驴肉馆的味道不错分量也够价格合理。环境干净整洁服务态度好。周边的居民和上班族经常来吃。是一家性价比不错的店。,,1,0,1,2026/3/28 18:22,2026/3/28 18:22
846,1929,111,845,可。还不错。,,1,0,1,2026/2/27 8:34,2026/2/27 8:34
847,2045,149,847,香山饭店咖啡厅的店面不大但位置方便。咖啡出品稳定拿铁奶泡绵密美式酸度适中。价格在周边算是正常水平。早上来一杯提神效果不错，适合上班前或午休时顺手买一杯。,,0,0,1,2026/5/12 8:30,2026/5/12 8:30
848,2277,130,847,一般般。没亮点。,,1,0,1,2026/3/21 23:09,2026/3/21 23:09
849,2393,159,849,虎山乡野烤房的烤串用炭火现烤烟熏味足，羊肉串肥瘦相间鸡翅刷蜜汁微甜。乡野风格露天吃串喝啤酒，夏天晚上来这特别惬意。,,0,0,1,2026/4/30 17:24,2026/4/30 17:24
850,2509,156,849,涮羊肉的麻酱是自己调的调酱的过程本身就是一种享受。韭菜花腐乳酱豆腐辣椒油虾油每样都加一点点比例全凭感觉。调好的麻酱味道独一无二因为这是你自己调出来的。,,7,0,1,2026/5/23 7:02,2026/5/23 7:02
851,2625,116,851,千万别来。踩雷。,,8,0,1,2026/5/29 20:05,2026/5/29 20:05
852,2741,167,851,松鹤楼的松鼠桂鱼是苏帮菜经典，鱼肉炸得像一朵花浇上酸甜汁外酥里嫩片片分明。蟹粉豆腐也嫩滑鲜美，老牌酒楼的排场请客聚餐有面子。,,1,0,1,2026/3/22 7:06,2026/3/22 7:06
853,2857,176,853,望京街烧烤的烤串调味有自己的方子，孜然和辣椒的比例调得好。烤羊排外焦里嫩切下来蘸干料吃很过瘾。夏天在露天吃串是北京夜生活的正确方式。,,1,0,1,2026/6/6 23:12,2026/6/6 23:12
854,2973,122,853,还行。能吃饱。,,6,0,1,2026/3/8 3:45,2026/3/8 3:45
855,3089,129,855,渔蓝海鲜火锅的锅底够味涮菜新鲜种类多。肉类品质不错牛肉切得薄入锅变色就吃很嫩。小料台也丰富想怎么调都行。环境干净服务态度好。,,3,0,1,2026/4/5 11:42,2026/4/5 11:42
856,3205,109,855,湖南饭店的湘菜辣得够劲小炒肉切得薄大火爆炒锅气十足。剁椒鱼头鱼肉嫩剁椒酸辣入味，米饭管够下饭吃了三碗都嫌少。,,0,0,1,2026/3/11 1:35,2026/3/11 1:35
857,3321,147,857,就那样吧不会特意来。,,0,0,1,2026/5/7 16:07,2026/5/7 16:07
858,3437,163,857,君庭中餐厅的味道不错分量也够价格合理。环境干净整洁服务态度好。周边的居民和上班族经常来吃。是一家性价比不错的店。,,1,0,1,2026/5/5 8:50,2026/5/5 8:50
859,3553,157,859,二姐东北大馅饺子的饺子手工现包皮薄馅大。猪肉大葱汁水最丰富咬开要小心烫嘴。蘸着醋和辣椒油吃更香。一份饺子加碗汤就能吃饱。,,1,0,1,2026/5/22 6:16,2026/5/22 6:16
860,3669,1,859,小谷姐姐麻辣拌银座店主打自选麻辣拌和麻辣烫菜品新鲜种类多。调料自己配麻酱辣椒蒜泥每样来一点拌出来又香又辣。一个人二三十块能吃得很好。,,0,0,1,2026/4/30 14:25,2026/4/30 14:25
861,3785,179,861,不值这个价太贵了。,,0,0,1,2026/5/6 8:09,2026/5/6 8:09
862,3901,181,861,隆和居美食城正义路店干锅千页豆腐做得外焦里嫩辣味适中。烤鸭也不错包间多环境雅致。正义路这一片谈事情请客吃饭常选的地方。,,3,0,1,2026/3/20 14:21,2026/3/20 14:21
863,4017,111,863,郭老五铁锅炖杨镇店主打东北铁锅炖娃娃菜和排骨炖在一起味道浓郁。贴饼子吸饱了汤汁比肉还好吃。东北风味十足冬天来一锅暖到胃里。,,28,0,1,2026/5/6 17:40,2026/5/6 17:40
864,4133,143,863,八兜惠·橘娃火锅烧烤的锅底够味涮菜新鲜种类多。肉类品质不错牛肉切得薄入锅变色就吃很嫩。小料台也丰富想怎么调都行。环境干净服务态度好。,,10,0,1,2026/2/16 4:23,2026/2/16 4:23
865,4249,163,865,一般不好不坏。,,0,0,1,2026/6/5 0:41,2026/6/5 0:41
866,337,109,865,浣熊食堂的菜品种类多价格对学生友好。打饭阿姨不手抖菜量给得足。红烧肉和宫保鸡丁是最受欢迎的菜式。虽然是大锅菜但味道在大学食堂里算很不错的了。,,8,0,1,2026/5/22 1:15,2026/5/22 1:15
867,453,174,867,不行啊这家。,,0,0,1,2026/4/28 0:04,2026/4/28 0:04
868,571,176,867,西安牛羊肉泡馍宽街店给的馍是自己掰的大小自己掌握掰得越小越入味。汤鲜肉烂粉丝滑溜配着糖蒜和辣椒酱吃一口泡馍一口糖蒜这就是西安的味道。,,1,0,1,2026/6/8 15:11,2026/6/8 15:11
869,687,98,869,老四东北老盒饭的炖菜不错排骨炖豆角炖得入味贴饼子吸饱了汤汁。量大实惠东北菜的实在在这里体现得淋漓尽致。,,6,0,1,2026/2/10 23:28,2026/2/10 23:28
870,803,167,869,还行吧无功无过。,,0,0,1,2026/1/31 22:06,2026/1/31 22:36
871,919,125,871,TOWN HOUSE 北欧咖啡的店面不大但位置方便。咖啡出品稳定拿铁奶泡绵密美式酸度适中。价格在周边算是正常水平。早上来一杯提神效果不错，适合上班前或午休时顺手买一杯。,,2,0,1,2026/4/8 11:57,2026/4/8 11:57
872,1035,118,871,somethin′brewin′coffee的店面在附近很方便。拿铁和美式出品稳定，早上上班顺路带一杯提神。价格实惠经常有活动，比大牌便宜不少。,,2,0,1,2026/5/6 23:28,2026/5/6 23:28
873,1151,127,873,一般般。无所谓。,,1,0,1,2026/4/9 7:01,2026/4/9 7:01
874,1267,180,873,袁记云饺燕丰商场店主打玉米馅和各种手工水饺皮薄馅大汁水丰富。现包现煮能看到阿姨们在操作间忙碌。价格实惠一份饺子管饱蘸醋和辣椒油更香。,,1,0,1,2026/5/12 9:49,2026/5/12 9:49
875,1383,87,875,不要来浪费时间。,,0,0,1,2026/3/7 16:29,2026/3/7 16:29
876,1499,167,875,派希亚咖啡厅首建智谷店的蜂蜜蛋糕是招牌热乎着端上来满屋甜香。咖啡也不错拿铁和美式出品稳定。环境安静适合带着电脑来办公或者约人谈事。,,0,0,1,2026/6/1 11:38,2026/6/1 11:38
877,1615,20,877,南来顺饭庄的味道不错分量也够价格合理。环境干净整洁服务态度好。周边的居民和上班族经常来吃。是一家性价比不错的店。,,0,0,1,2026/2/9 17:05,2026/2/9 17:05
878,1731,115,877,可以试试。,,1,0,1,2026/5/13 9:03,2026/5/13 9:03
879,1847,143,879,百福寻味川菜·水煮鱼的菜量给得大价格也公道。干锅花菜和酸豆角炒肉末是每次必点的下饭菜。环境就是普通馆子的样子但味道是实打实的。,,0,0,1,2026/4/9 5:09,2026/4/9 5:09
880,1963,113,879,肯悦咖啡的店面不大但位置方便。咖啡出品稳定拿铁奶泡绵密美式酸度适中。价格在周边算是正常水平。早上来一杯提神效果不错，适合上班前或午休时顺手买一杯。,,0,0,1,2026/5/27 10:37,2026/5/27 10:37
881,2079,152,881,就这样吧不太喜欢。,,0,0,1,2026/4/25 4:40,2026/4/25 4:40
882,2195,81,881,名轩正宗山西刀削面的面条筋道弹牙汤底是骨头熬的鲜香不腻。分量给得足一个人一碗就能吃饱。价格实惠是附近上班族和居民的午餐好选择。,,0,0,1,2026/4/26 11:16,2026/4/26 11:16
883,440,30,883,竹韵餐厅主打牛肉类菜品红烧牛肉炖得软烂入味摆盘精致。环境有竹韵主题的装饰雅致安静。适合约会也适合一个人安安静静吃顿饭。,,0,0,1,2026/4/15 17:22,2026/4/15 17:22
884,556,141,883,凑合吧能吃饱就行。,,2,0,1,2026/2/28 8:11,2026/2/28 9:04
885,672,165,885,天兴居的包子现蒸的上来热乎松软馅料实在。炒肝做得地道蒜味够冲配包子是灵魂组合。开了多年的老店附近的居民都认。,,1,0,1,2026/5/3 21:36,2026/5/3 21:36
886,788,70,885,常赢三兄弟鼓楼店主打清真菜双人餐实惠菜量给得大。烤羊肉串和羊肉汤是招牌。鼓楼这边吃清真菜的老店之一回头客多。,,0,0,1,2026/3/31 17:56,2026/3/31 17:56
887,904,28,887,这次还行下次不一定。,,1,0,1,2026/3/27 0:12,2026/3/27 0:12
888,1020,173,887,小湘灶美术馆店主打干锅臭鳜鱼和各种湘菜辣味够正。小炒肉和剁椒鱼头都做得地道菜量给得大。环境就是家常湘菜馆的样子重在味道实在。,,2,0,1,2026/4/23 6:54,2026/4/23 6:54
889,1136,12,889,兴顺饭庄交道口南大街店主打鱼香肉丝和各种家常中餐菜量给得大价格实惠。环境就是普通饭馆的样子但味道一直很稳。交道口这边的老店附近居民都认。,,2,0,1,2026/3/11 11:31,2026/3/11 11:31
890,1252,156,889,不吃也罢。,,0,0,1,2026/3/28 4:34,2026/3/28 4:34
891,1368,111,891,富力智选假日酒店餐厅主打豆腐脑和各类早餐住店客人早上来吃很方便。午餐晚餐也有家常菜供应味道中规中矩。酒店配套餐厅图个方便省事。,,0,0,1,2026/3/5 7:09,2026/3/5 7:09
892,1484,123,891,西域巴达木食府新街口店主打西北风味牛肉面和拉条子是招牌。面条手工现拉筋道弹牙新疆大盘鸡也做得地道。新街口这边吃西北面食的老字号之一。,,1,0,1,2026/4/26 10:19,2026/4/26 10:19
893,1600,118,893,一般没啥特点。,,0,0,1,2026/5/10 1:21,2026/5/10 1:21
894,1716,32,893,东来顺大栅栏店是百年涮肉老字号元东来顺外脊羊肉是招牌部位。清汤铜锅涮出来的肉是甜的大栅栏逛完来涮一顿是北京旅游的标配。烧饼现烙的麻酱味浓配涮肉吃绝了。,,1,0,1,2026/4/23 20:53,2026/4/23 20:53
895,1832,20,895,香宝宝·新疆烤包子烤馕主打新疆风味烤包子外皮酥脆羊肉馅鲜嫩孜然味浓烤馕也是现烤的麦香十足。路过买两个边走边吃方便又解馋。,,0,0,1,2026/1/30 22:49,2026/1/30 23:20
896,1948,163,895,云阿嫫MO·云南厨房主打云南菜原味汽锅鸡汤清味鲜。过桥米线和各种菌菇菜也做得好食材新鲜。环境有云南民族风情适合朋友聚餐。,,0,0,1,2026/5/20 0:39,2026/5/20 0:39
897,2064,169,897,算了吧不行。,,0,0,1,2026/2/18 15:46,2026/2/18 15:46
898,2180,22,897,轻禾小厨中式健康菜主打低油低盐的健康中餐蒸菜和炖菜为主。口味清淡不油腻注重食材本身的味道。环境干净整洁适合注重健康饮食的人来吃。,,0,0,1,2026/4/2 1:47,2026/4/2 1:47
899,2296,171,899,彩虹天使咖啡屋的店面不大但位置方便。咖啡出品稳定拿铁奶泡绵密美式酸度适中。价格在周边算是正常水平。早上来一杯提神效果不错，适合上班前或午休时顺手买一杯。,,1,0,1,2026/2/5 6:30,2026/2/5 6:30
900,2412,171,899,不推荐不来了。,,0,0,1,2026/4/5 11:19,2026/4/5 11:19
901,2528,148,901,国奥乡居餐厅主打涮肉和各种中餐菜品环境清静雅致。羊肉新鲜切得薄清汤锅底涮出来是甜的。适合家庭聚餐和商务宴请服务周到。,,7,0,1,2026/3/9 5:37,2026/3/9 5:37
902,2644,130,901,吉晟居砂锅面虽是小店但面的品质一点不马虎。面是现拉现削的入口就知道是手工做的。浇头有几种选择换着吃不容易腻。,,1,0,1,2026/5/26 12:49,2026/5/26 12:49
903,2760,174,903,Hi-Town海塘餐吧主打提拉米苏和各种西式简餐酒水也丰富。晚上有驻唱氛围很好适合朋友聚会放松。环境时尚年轻化工体这边年轻人常来的地方。,,8,0,1,2026/3/23 9:13,2026/3/23 9:13
904,2876,161,903,就那样。不咋地。,,2,0,1,2026/6/6 5:22,2026/6/6 5:22
905,2992,154,905,醉人椒麻辣香锅的菜品新鲜自己选菜称重计价。汤底麻辣够味炒出来的香锅锅气足。一个人二三十块就能吃得很满足。是附近上班族和学生的最爱。,,9,0,1,2026/5/23 17:57,2026/5/23 17:57
906,3108,108,905,瑞幸咖啡北辰荟店的三明治加热后口感不错配咖啡刚刚好。手机下单到店直接取不用等出杯快。北辰荟逛街累了来一杯歇歇脚方便实惠。,,1,0,1,2026/2/28 11:19,2026/2/28 11:19
907,3224,56,907,吉祥馄饨双奥美食街店主打各种馄饨和特色小吃皮薄馅大汤鲜味美。虾仁馄饨和荠菜馄饨最受欢迎。双奥美食街里价格实惠的小吃选择之一。,,0,0,1,2026/4/27 16:24,2026/4/27 16:24
908,3340,146,907,可以试一试。,,0,0,1,2026/4/30 22:52,2026/4/30 22:52
909,3456,140,909,奥华餐厅老张记台基厂店虾仁独面筋面筋吸饱汤汁虾仁饱满。菜量是出了名的大两个人点两个菜就够吃到撑。天津菜在北京的代表老顾客占了大多数。,,3,0,1,2026/3/31 14:13,2026/3/31 14:13
910,3572,136,909,不推荐不阻拦。,,0,0,1,2026/4/21 5:00,2026/4/21 5:00
911,3688,151,911,郝人家四道菜主打四道招牌菜简单明了不用纠结选什么。菜量给得大味道家常价格实惠。环境干净整洁附近居民不想做饭的时候就来这解决一顿。,,2,0,1,2026/3/5 10:31,2026/3/5 10:31
912,3804,168,911,金源老汤牛肉拉面的手工面和机器切的口感完全不同筋道有嚼劲。牛肉面汤底浓郁牛肉给得实在。小菜也便宜配着面吃刚刚好。,,0,0,1,2026/5/25 8:39,2026/5/25 8:39
913,3920,162,913,安徽板面早点的面条筋道弹牙汤底鲜香。分量给得足一个人一碗面就能吃饱。价格实惠是附近上班族和居民的午餐选择。店不大但味道对得起价格。,,0,0,1,2026/2/27 14:41,2026/2/28 14:24
914,4036,138,913,将就吧。,,60,2,1,2026/5/10 2:20,2026/5/10 2:20
915,4152,36,915,君庭中餐厅首都宾馆店主打牛肉类菜品牛肉炖得软烂入味摆盘精致。环境安静大气在宾馆里面请客吃饭很稳妥。服务专业到位适合商务宴请和重要聚餐。,,1,0,1,2026/2/6 13:09,2026/2/6 13:36
916,4268,177,915,延园餐厅主打大饼和各种家常面食饼烙得外酥里软层次分明。也有炒菜配着饼吃菜量给得大价格实惠。附近的居民和学校职工常来。,,0,0,1,2026/6/1 7:52,2026/6/1 7:52
917,348,173,917,冯四娘跷脚牛肉的味道不错分量也够价格合理。环境干净整洁服务态度好。周边的居民和上班族经常来吃。是一家性价比不错的店。,,6,0,1,2026/2/19 6:24,2026/2/19 6:24
918,464,113,917,不咋地不会再来。,,0,0,1,2026/3/30 5:14,2026/3/30 5:14
919,580,175,919,老北京铜锅涮肉的涮肉品质不错羊肉新鲜切得薄厚均匀。清汤锅底不抢味涮出来的肉能吃出甜味。麻酱自己调配比在别家调的好吃。冬天来吃一顿暖暖的特别舒服。,,1,0,1,2026/3/23 9:23,2026/3/23 9:23
920,696,161,919,还可以能接受。,,7,0,1,2026/3/19 8:44,2026/3/19 9:22
921,812,116,921,Ora Coffee 北京财富购物中心店出品稳定是附近上班族的续命站。手冲做得不错豆子新鲜风味清晰。店员态度好出杯也快，手机点好到店就能拿。,,3,0,1,2026/5/30 23:06,2026/5/30 23:06
922,928,173,921,晓林火锅的锅底够味涮菜新鲜种类齐全。牛肉羊肉毛肚每样来一份，小料台也丰富想怎么调都行。环境和服务都在线。,,3,0,1,2026/4/10 11:54,2026/4/10 11:54
923,1044,141,923,哞哞小花牛安贞店主打巴士鲜奶和各类奶制品鲜奶是农场直送的新鲜度高。酸奶也是自己做的浓稠拉丝奶香浓郁。路过带一瓶回家当早餐很健康。,,0,0,1,2026/4/3 7:00,2026/4/3 7:00
924,1160,122,923,算了太一般。,,1,0,1,2026/4/26 8:20,2026/4/26 8:20
925,1276,89,925,清华食府主打蟹黄和各种精致中餐蟹黄狮子头和蟹粉豆腐是招牌。环境雅致包间安静请客聚餐都合适。西四这边比较靠谱的中餐选择之一。,,1,0,1,2026/4/26 1:28,2026/4/26 1:28
926,1392,154,925,一介野生COFFEE的店面不大但位置方便。咖啡出品稳定拿铁奶泡绵密美式酸度适中。价格在周边算是正常水平。早上来一杯提神效果不错，适合上班前或午休时顺手买一杯。,,0,0,1,2026/3/24 5:10,2026/3/24 5:10
927,1508,161,927,大众家常炒菜报国寺店主打猪肝和各种家常小炒菜量给得大价格实惠。环境就是普通饭馆的样子但味道一直很稳。附近的居民不想做饭就来这解决一顿。,,0,0,1,2026/4/22 18:11,2026/4/22 18:11
928,1624,173,927,就那样吧不值一提。,,0,0,1,2026/4/25 7:57,2026/4/25 7:57
929,1740,81,929,人定湖公园园艺推广中心主打特色餐饮和园艺结合环境在公园里面空气好。餐品以简餐和饮品为主适合逛公园累了坐下来歇歇脚吃个便饭。,,0,0,1,2026/4/27 16:16,2026/4/27 16:16
930,1856,90,929,张亮麻辣烫信息大学店学生来的多自选菜品称重计价价格实惠。汤底麻辣够味麻酱和辣椒自己加想多辣就多辣。学校附近解决午饭晚饭的便捷选择。,,0,0,1,2026/5/6 4:57,2026/5/6 4:57
931,2088,148,931,奥华餐厅老张记台基厂店虾仁独面筋是看家本领面筋吸饱汤汁咬开满嘴鲜。红烧牛尾炖得烂乎轻轻一夹就脱骨。开了那么多年味道一直在线。,,3,0,1,2026/5/12 3:03,2026/5/12 3:03
932,2204,146,931,石打石家常菜牛肉牛骨头锅的味道不错分量也够价格合理。环境干净整洁服务态度好。周边的居民和上班族经常来吃。是一家性价比不错的店。,,0,0,1,2026/4/2 15:04,2026/4/4 2:01
933,2320,169,933,水库鱼农家饭家常菜刀削面主打水库活鱼现捞现炖鱼肉鲜嫩。家常菜也做得不错柴锅炖鸡和贴饼子都好吃。周末开车来昌平郊游顺路吃一顿农家饭很惬意。,,0,0,1,2026/2/8 5:04,2026/2/12 11:37
934,2436,112,933,凑合。,,3,0,1,2026/4/7 22:21,2026/4/7 22:21
935,3720,169,935,锦州烧烤西罗园店晚上人声鼎沸烟火气十足。烤串种类多羊肉串烤鸡架烤玉米每样都来点。鸡架刷上蜜汁烤得焦香啃着过瘾。营业到凌晨一点习惯了晚睡的人来这里坐坐。,,0,0,1,2026/3/8 3:11,2026/3/8 3:11
936,2668,104,935,南小街京味小馆的菜量实在味道家常不花哨。红烧排骨和西红柿炒蛋是每次必点的。价格实惠环境干净，不想做饭的时候就来这吃。,,4,0,1,2026/5/12 0:38,2026/5/12 0:38
937,2784,87,937,库迪咖啡乐成中心店出杯快价格便宜是双井附近白领的续命站。生椰拿铁和潘帕斯系列都好喝，经常有活动券。店面小但翻台快，早上用手机提前下单到店直接拿走。,,10,0,1,2026/3/19 1:45,2026/3/19 1:45
938,2900,118,937,费大厨辣椒炒肉的辣椒炒肉是招牌，螺丝椒配薄切猪肉爆炒锅气冲鼻。柠檬茶酸甜解辣配着刚刚好，银泰这边吃湘菜小炒的好选择。,,7,0,1,2026/1/31 18:29,2026/1/31 23:42
939,3016,124,939,好好吃肉主打各种烤肉和烤菜自助形式想吃多少拿多少。五花肉烤得焦香生菜包着吃特别解馋。环境宽敞适合朋友聚餐吃肉吃到过瘾。,,10,0,1,2026/4/6 16:48,2026/4/6 16:48
940,3132,129,939,北京汉汤泉餐厅的味道不错分量也够价格合理。环境干净整洁服务态度好。周边的居民和上班族经常来吃。是一家性价比不错的店。,,8,0,1,2026/4/3 22:42,2026/4/3 22:42
941,3248,155,941,铭门盛宴艺术海鲜姿造主打新西兰大澳鲍和各类海鲜自助摆盘精致。海鲜品种多新鲜度好价格不菲但品质对得起。请客或者特殊日子来这里很有排面。,,2,0,1,2026/4/14 0:47,2026/4/14 0:47
942,3364,144,941,一般般不推荐。,,0,0,1,2026/4/15 14:53,2026/4/15 14:53
943,3480,10,943,叮当小馆主打各种小份中式简餐一个人来也能点好几样尝尝。菜品精致量小不浪费味道在简餐里算出色的。环境温馨是个一个人吃饭也不会尴尬的地方。,,3,0,1,2026/3/20 19:49,2026/3/20 19:49
944,3596,171,943,宽哥.肥肠鸡的鸡做得不错外酥里嫩味道刚刚好。配着啤酒或者饮料吃特别解馋。价格不贵适合几个人一起点几份分着吃。下班了和同事来坐坐也不错。,,0,0,1,2026/4/8 22:32,2026/4/8 22:32
945,3828,140,945,江子馅筋的味道不错分量也够价格合理。环境干净整洁服务态度好。周边的居民和上班族经常来吃。是一家性价比不错的店。,,1,0,1,2026/3/27 20:13,2026/3/27 20:13
946,3944,179,945,二豪汤记面庄主打汤记经典酸辣粉和各种面食酸辣粉滑爽够味汤底浓郁。面条也是手工做的筋道弹牙价格实惠分量足。,,9,0,1,2026/4/2 10:08,2026/4/2 10:08
947,4060,137,947,能接受吧。,,18,0,1,2026/3/3 2:54,2026/3/3 2:54
948,4176,52,947,张记固始鹅块主打信阳固始风味的鹅块鹅肉炖得烂乎汤白浓郁鲜香。蘸特制辣椒酱吃鹅肉鲜美不腻。冬天来一碗鹅汤配米饭暖和又过瘾。,,20,0,1,2026/5/2 7:59,2026/5/2 7:59
949,356,99,949,斋堂红良餐厅的味道不错分量也够价格合理。环境干净整洁服务态度好。周边的居民和上班族经常来吃。是一家性价比不错的店。,,0,0,1,2026/2/22 3:23,2026/2/22 3:23
950,472,155,949,一般般能填肚子。,,0,0,1,2026/3/10 7:29,2026/3/10 7:29
951,3836,174,951,烩饼大烩菜杠杠香在门头沟那边主打山西风味烩菜。大烩菜用大铁锅烩白菜粉条丸子热乎乎一大碗。烩饼也好吃饼切成条吸饱了汤汁。量给得足价格实惠是体力劳动者的最爱。冬天来一碗暖到骨子里。,,0,0,1,2026/4/26 16:53,2026/4/26 16:53
952,704,81,951,甘谷·天水麻辣烫的食材新鲜自己选菜称重计价。汤底麻辣够味炒出来锅气十足。一个人二三十块能吃得很好。,,9,0,1,2026/4/25 22:16,2026/4/25 22:52
953,936,123,953,国强兰州拉面的面条筋道弹牙汤底鲜香。分量给得足一个人一碗面就能吃饱。价格实惠是附近上班族和居民的午餐选择。店不大但味道对得起价格。,,1,0,1,2026/4/3 1:06,2026/4/3 1:06
954,1052,158,953,京派大碗面的面量就是大碗装得冒尖，打卤面卤子里肉丁木耳黄花菜料足味浓。面条厚实有嚼劲价格实惠，附近的大爷大妈常客多说明东西地道。,,0,0,1,2026/4/6 11:57,2026/4/6 11:57
955,1168,176,955,古巷李记爆肚的味道不错分量也够价格合理。环境干净整洁服务态度好。周边的居民和上班族经常来吃。是一家性价比不错的店。,,0,0,1,2026/3/19 21:20,2026/3/19 21:20
956,1284,142,955,不行不来了。,,0,0,1,2026/5/14 18:46,2026/5/14 18:46
957,1400,124,957,ThuThu的椰子鸡汤底清甜椰香浓郁，鸡肉嫩滑蘸沙姜青柠酱油吃是海南正宗吃法。前门店环境清爽，冬天来一锅暖到胃里。,,0,0,1,2026/2/15 19:38,2026/2/15 19:38
958,1516,128,957,后海贰号的雪花牛纹理漂亮入口即化，烤肉的火候掌握得好蘸着海盐吃原味最香。后海边上环境加分，适合约会也适合朋友小聚。,,0,0,1,2026/1/16 20:50,2026/1/30 17:40
959,1632,147,959,羊蝎子火锅最后一定要涮面片白汤面片鲜醇红汤面片麻辣两种都好吃各来一盆才是圆满。,,0,0,1,2026/5/28 15:38,2026/5/28 15:38
960,1748,151,959,麻酱烧饼凉了不好吃放第二天就完全不能吃了所以买回去趁热解决。一次买两三个刚好多了也吃不下因为很顶饱。,,1,0,1,2026/4/27 17:19,2026/4/27 17:19
961,1980,165,961,瑞幸咖啡的店面不大但位置方便。咖啡出品稳定拿铁奶泡绵密美式酸度适中。价格在周边算是正常水平。早上来一杯提神效果不错，适合上班前或午休时顺手买一杯。,,0,0,1,2026/5/7 13:19,2026/5/7 13:19
962,2096,132,961,杏仁茶底下的藕粉一定要搅匀不然喝到一坨坨的口感受到严重影响上面撒的桂花和果脯是点睛之笔。,,0,0,1,2026/5/7 17:07,2026/5/7 17:07
963,2212,98,963,就那样呗。,,0,0,1,2026/3/27 20:04,2026/3/27 20:04
964,2328,161,963,良苑烤鸭店烤鸭之外的其他京菜也做得不错。干炸丸子外酥里嫩焦溜肉片酸甜适口。环境干净整洁适合家庭聚餐。,,1,0,1,2026/5/22 1:39,2026/5/22 1:39
965,2444,104,965,顺兴灶台鱼的大铁锅炖鱼是特色，灶台上支口大铁锅鱼现杀现炖鱼肉鲜嫩刺少。贴饼子贴在锅边烤得底壳焦脆蘸鱼汤吃绝了，农家大院的风格全家聚餐合适。,,0,0,1,2026/3/24 22:55,2026/3/24 22:55
966,2560,175,965,地球咖啡馆·着陆计划LANDING PROJECT的店面不大但位置方便。拿铁奶泡打得绵密咖啡口感顺滑，美式酸度刚刚好不会太苦。价格在周边算实惠的，早上顺路买一杯刚刚好。,,7,0,1,2026/5/25 23:49,2026/5/25 23:49
967,2676,68,967,不咋地凑合吃。,,10,0,1,2026/3/20 2:06,2026/3/20 2:06
968,2792,136,967,超级碗 FOODBOWL的味道不错分量也够价格合理。环境干净整洁服务态度好。周边的居民和上班族经常来吃。是一家性价比不错的店。,,10,0,1,2026/4/30 11:20,2026/4/30 11:20
969,2908,157,969,NANA蛋包饭的蛋皮嫩滑切开后里面米饭粒粒分明，酱汁有几种选择番茄味酸甜最经典。银泰中心逛街累了来一份刚好不撑，环境日式简约一个人吃也自在。,,7,0,1,2026/4/1 0:01,2026/4/1 0:01
970,3024,162,969,大马勺·老味道东北菜的味道不错分量也够价格合理。环境干净整洁服务态度好。周边的居民和上班族经常来吃。是一家性价比不错的店。,,7,0,1,2026/4/1 2:53,2026/4/1 2:53
971,3256,131,971,爆肚里的肚仁是羊肚上最嫩最好吃的部分但也是最考验火候的部分涮久嚼不动涮短了生。,,3,0,1,2026/5/20 12:46,2026/5/20 12:46
972,3372,163,971,燕福春饼店的鸡做得不错外酥里嫩味道刚刚好。配着啤酒或者饮料吃特别解馋。价格不贵适合几个人一起点几份分着吃。下班了和同事来坐坐也不错。,,1,0,1,2026/4/18 4:42,2026/4/18 4:42
973,3488,170,973,渔码头灶台鱼的大铁锅炖鱼热气腾腾鱼肉鲜嫩入味，贴饼子和玉米面窝头蘸着鱼汤吃最地道。几个人围坐铁锅旁边吃边聊，农家风味实在管饱。,,17,1,1,2026/2/20 21:06,2026/2/20 21:50
974,3604,166,973,就那样不用特意来。,,0,0,1,2026/3/12 6:50,2026/3/12 6:50
975,15,157,975,隆和居美食城正义路店位置在市中心办事方便。干锅千页豆腐做得入味豆腐外焦里嫩。烤鸭也不错价格比隔壁首都宾馆实惠。环境雅致包间多适合商务宴请。正义路这片比较靠谱的中餐馆。,,1,0,1,2026/4/26 12:33,2026/4/26 12:33
976,3030,140,975,轻禾小厨青年路店主打现炒健康菜不用半成品。菜都是现点现炒的出锅冒着热气。口味清淡不油腻吃起来没有负担。国美第一城小区里面居民来的多。适合同事午饭或者一家人简餐。,,9,0,1,2026/4/7 17:33,2026/4/7 17:33
977,3952,143,977,将就吧能吃饱。,,3,0,1,2026/4/29 19:33,2026/4/29 19:33
978,4069,104,977,板面削得薄厚均匀筋道弹牙，汤底浓郁鲜香。分量给得足一个人一碗就能吃饱。附近上班族和居民的午餐好选择。,,15,0,1,2026/5/13 10:56,2026/5/13 10:56
979,362,135,979,京南第一涮的涮肉品质不错羊肉新鲜切得薄厚均匀。清汤锅底不抢味涮出来的肉能吃出甜味。麻酱自己调配比在别家调的好吃。冬天来吃一顿暖暖的特别舒服。,,0,0,1,2026/4/17 12:57,2026/4/17 12:57
980,478,108,979,就一般。,,0,0,1,2026/2/19 9:52,2026/2/19 12:28
981,594,31,981,丰泽园是鲁菜老字号，肥牛切得薄嫩入锅变色就能吃，蘸料自己调芝麻酱韭菜花一样不少。东直门这个位置请客吃饭很合适。,,2,0,1,2026/2/24 6:34,2026/2/24 6:34
982,710,40,981,厚榭潮汕菜的味道不错分量也够价格合理。环境干净整洁服务态度好。周边的居民和上班族经常来吃。是一家性价比不错的店。,,2,0,1,2026/3/21 5:42,2026/3/21 5:42
983,826,159,983,寻小福港式烧腊的粤菜做得正虾饺皮薄虾肉弹牙煲仔饭锅巴焦香。一个人或两三个人来点几样菜刚好不浪费。,,8,0,1,2026/6/6 18:20,2026/6/6 18:20
984,309,152,983,TOWN HOUSE北欧咖啡在国子监街胡同里环境自带文化底蕴。卡布奇诺奶泡打得细腻厚厚的喝一口满嘴奶香。店里很安静放着北欧风格的轻音乐。窗边可以看到国子监街的行人。适合看书或者一个人思考的地方。,,1,0,1,2026/3/5 4:54,2026/3/5 4:54
985,1122,122,985,胡闹儿咖啡藏在胡同里不太好找，卡布奇诺奶泡打得细腻厚实，豆子新鲜风味清晰。店里安安静静的适合一个人来坐坐发呆。,,2,0,1,2026/1/21 18:22,2026/1/27 6:58
986,1174,16,985,不去了不推荐。,,1,0,1,2026/2/15 2:15,2026/2/15 2:15
987,1290,159,987,鼓楼前进小院的炝锅鱼是招牌，端上来还在滋滋作响香气扑鼻。羊蝎子炖得烂乎入味，啃骨头吸骨髓太过瘾。小院环境有老北京味道。,,0,0,1,2026/2/8 5:22,2026/2/8 5:22
988,1406,178,987,老北京炒肝黏糊糊的蒜味够冲，肝嫩肠肥处理得干净。配两个包子一碗下去浑身暖和。早上来一套整天都精神。,,0,0,1,2026/5/17 16:41,2026/5/17 16:41
989,1522,164,989,就这样吧不太满意。,,0,0,1,2026/4/25 10:24,2026/4/25 10:24
990,1638,178,989,九榀咖啡的店面不大但位置方便。咖啡出品稳定拿铁奶泡绵密美式酸度适中。价格在周边算是正常水平。早上来一杯提神效果不错，适合上班前或午休时顺手买一杯。,,1,0,1,2026/6/5 12:44,2026/6/5 12:44
991,1754,42,991,瑞幸咖啡的店面不大但位置方便。咖啡出品稳定拿铁奶泡绵密美式酸度适中。价格在周边算是正常水平。早上来一杯提神效果不错，适合上班前或午休时顺手买一杯。,,0,0,1,2026/4/29 23:56,2026/4/29 23:56
992,1870,91,991,晋华府手擀面的手工面和机器切的口感完全不同筋道有嚼劲。牛肉面汤底浓郁牛肉给得实在。小菜也便宜配着面吃刚刚好。,,0,0,1,2026/3/16 19:00,2026/3/16 19:00
993,1986,144,993,不咋滴。,,0,0,1,2026/4/24 8:11,2026/4/24 8:11
994,2102,2,993,干锅焖饭端上来还在滋滋响，锅底的锅巴焦香是精华。鸡块嫩滑入味配菜丰富，一个人一锅吃得饱饱的。,,4,0,1,2026/3/23 7:51,2026/3/23 7:51
995,2218,162,995,玉双阁农家院的农家菜做得地道柴锅炖出来的东西就是比城市里的香。炖鸡炖鱼都好吃蔬菜是自家种的。周末开车去郊区玩顺道来吃一顿很惬意。,,1,0,1,2026/1/3 22:54,2026/1/4 1:28
996,2334,89,995,居庸四季养生宴菜品清淡健康，少油少盐吃得没负担。炖汤火候够料足味鲜，环境安静雅致。周末来这边郊游顺路吃一顿挺舒服。,,0,0,1,2026/5/27 16:41,2026/5/27 16:41
997,2450,154,997,还行能接受。,,0,0,1,2026/4/17 0:01,2026/4/17 0:01
998,2566,157,997,Z03咖啡在草场地这边很安静，带宠物来也能坐。咖啡豆选得好手冲出品稳定，店里氛围轻松惬意。一个人来办公或撸猫都很舒服。,,9,0,1,2026/4/1 21:28,2026/4/1 21:28
999,2682,26,999,Peet's Coffee皮爷咖啡的店面不大但位置方便。咖啡出品稳定拿铁奶泡绵密美式酸度适中。价格在周边算是正常水平。早上来一杯提神效果不错，适合上班前或午休时顺手买一杯。,,5,0,1,2026/3/25 4:10,2026/3/25 4:10
1000,2914,156,999,PT Coffee普通咖啡馆出品稳定是附近上班族的续命站。手冲做得不错豆子新鲜风味清晰。店员态度好出杯也快，手机点好到店就能拿。,,6,0,1,2026/2/9 9:29,2026/2/9 9:29
1001,540,154,1001,利苑酒家金宝大厦店是北京高端粤菜的标杆。老火汤煲足几个小时料多汤浓每一口都是精华。点心也做得精致虾饺皮薄虾肉弹牙。环境雅致服务专业。价格确实高但请重要的人选这里准没错。,,1,0,1,2026/2/7 17:20,2026/2/7 17:20
1002,3146,118,1001,胶东海鲜大排档的海鲜新鲜程度是看得见的虾弹鱼嫩贝类鲜甜。做法不复杂就是吃食材本身的味道。环境干净服务周到，适合聚餐或者改善伙食。,,1,0,1,2026/3/8 13:37,2026/3/8 13:37
1003,19,180,1003,奥华餐厅老张记的虾仁独面筋是天津菜招牌，面筋吸饱汤汁一咬爆开虾仁饱满鲜美。红烧牛尾也炖得烂乎入味，老字号开了多年味道一向稳。,,2,0,1,2026/5/15 8:38,2026/5/15 8:38
1004,3610,2,1003,烤冷面在铁板上现做，面皮打上鸡蛋翻面刷酱，加火腿肠和洋葱趁热吃外皮微脆里面酱香浓郁。看丹桥这边路过买一份方便又解馋。,,0,0,1,2026/5/10 22:20,2026/5/10 22:20
1005,3726,131,1005,不好吃不如去别家。,,0,0,1,2026/4/21 23:37,2026/4/21 23:37
1006,3842,96,1005,大鹏品莅湘菜的辣味够正小炒肉切得薄大火爆炒锅气十足。米饭免费可以无限续。爱吃辣来这里不会失望。,,0,0,1,2026/4/22 18:40,2026/4/22 18:40
1007,3958,32,1007,杏仁茶从胃暖到脚趾头冬天的早晨来一杯全天的幸福值就满了上面桂花果脯每一口都是甜头。,,0,0,1,2026/5/6 9:48,2026/5/6 9:48
1008,4074,110,1007,就那样将就。,,2,0,1,2026/3/29 19:31,2026/3/29 19:31
1009,4190,177,1009,泸州幺妹私房菜的猪肝炒得嫩滑入味，血皮菜是泸州特色在北京很少见。菜量给得大价格实惠，北航的学生常来改善伙食。,,1,0,1,2026/3/23 16:56,2026/3/23 16:56
1010,192,144,1009,前门五爷涮肉的涮肉品质不错羊肉新鲜切得薄厚均匀。清汤锅底不抢味涮出来的肉能吃出甜味。麻酱自己调配比在别家调的好吃。冬天来吃一顿暖暖的特别舒服。,,1,0,1,2026/6/9 11:56,2026/6/9 11:56
1011,772,50,1011,醉香苑老北京火锅南新仓店手切羊肉是一绝。师傅当面切肉刀工利落薄厚均匀。清汤铜锅涮出来的羊肉是甜的。麻酱自己调味道比外面预制的好。南新仓这边涮肉选择多但这家我去的次数最多。,,1,0,1,2026/5/4 19:53,2026/5/4 19:53
1012,426,150,1011,不来了太差了。,,8,0,1,2026/1/31 21:06,2026/2/1 7:35
1013,544,159,1013,后河快餐店的味道不错分量也够价格合理。环境干净整洁服务态度好。周边的居民和上班族经常来吃。是一家性价比不错的店。,,0,0,1,2026/4/15 4:42,2026/4/15 4:42
1014,662,170,1013,烤鸭面酱里加了蜂蜜和香油调出来的味道比普通甜面酱更香醇蘸白面饼都能吃好几张。,,18,1,1,2026/6/2 10:31,2026/6/2 10:31
1015,780,173,1015,还行吧就那样。,,1,0,1,2026/2/1 5:56,2026/2/1 5:56
1016,896,146,1015,炸灌肠的蒜汁是灵魂蒜泥加盐水调出来的蘸着灌肠吃能把灌肠的油腻中和到恰到好处。,,3,0,1,2026/4/3 18:04,2026/4/3 18:04
1017,920,163,1017,门框胡同百年美味卤煮的卤煮汤底浓郁火烧豆腐肥肠每样都给得足。老汤熬出来的味道不是那种味精调的能比的。配一瓶北冰洋和糖蒜是老北京的标准吃法。店里不大但翻台快不用等太久。,,2,0,1,2026/4/22 7:05,2026/4/22 7:05
1018,1132,133,1017,好滋味饺子的饺子手工包的天天现做皮薄馅大。猪肉大葱和韭菜鸡蛋最受欢迎汁水丰富。蘸着醋和辣椒油吃特别香。价格实惠一份够一个人吃饱。,,1,0,1,2026/1/28 4:06,2026/1/28 18:38
1019,1250,180,1019,小胖包子王的包子皮薄馅大现蒸的热乎着上来。配碗炒肝或者小米粥就是完整的一餐。价格实惠是附近居民常来的店。,,1,0,1,2026/5/26 12:18,2026/5/26 12:18
1020,1368,173,1019,不推荐不来了没意思。,,0,0,1,2026/3/31 19:03,2026/3/31 19:03
1021,1486,130,1021,西四包子铺的包子现蒸的上来热乎松软馅料实在。炒肝做得地道蒜味够冲配包子是灵魂组合。开了多年的老店附近的居民都认。,,0,0,1,2026/2/1 16:06,2026/2/1 17:56
1022,1604,166,1021,鼎香润的猪蹄炖得软糯入味，胶质满满一咬就脱骨。酱肉也做得不错切片夹烧饼吃特别香。老顾客回头率高，路过闻到香味就忍不住进来。,,0,0,1,2026/4/21 11:21,2026/4/21 11:21
1023,1722,159,1023,京晟·铜锅涮肉的锅底够味涮菜新鲜种类齐全。牛肉羊肉毛肚每样来一份，小料台也丰富想怎么调都行。环境和服务都在线。,,0,0,1,2026/6/7 3:31,2026/6/7 3:31
1024,1840,146,1023,行吧就这样。,,0,0,1,2026/6/7 22:53,2026/6/7 22:53
1025,1958,59,1025,熊太婆老武汉小吃做得正，三鲜豆皮煎得金黄糯米和肉丁香菇给得实在。热干面麻酱浓郁拌开来香得很，吃出了汉口街头的味道。,,0,0,1,2026/3/17 15:19,2026/3/17 15:19
1026,2076,147,1025,大先生小碗菜一份份量刚好一个人点两三样不浪费。红烧肉西红柿炒蛋是热门，出餐快价格实惠，附近写字楼上班族午饭首选。,,0,0,1,2026/3/12 1:18,2026/3/12 1:18
1027,2194,30,1027,不值就这样。,,0,0,1,2026/1/7 10:48,2026/1/7 14:59
1028,2312,16,1027,八两涮肉的涮肉品质不错羊肉新鲜切得薄厚均匀。清汤锅底不抢味涮出来的肉能吃出甜味。麻酱自己调配比在别家调的好吃。冬天来吃一顿暖暖的特别舒服。,,0,0,1,2026/5/14 13:36,2026/5/14 13:36
1029,2430,171,1029,渔蓝海鲜火锅的海鲜新鲜龙虾鲍鱼是空运来的，涮完海鲜锅底变成超鲜的海鲜汤下点面条进去是隐藏吃法。环境安静私密适合重要场合。,,1,0,1,2026/3/2 4:02,2026/3/2 4:02
1030,2548,167,1029,流水席张记纸皮馅饼的馅饼皮薄馅大一咬汁水四溢，猪肉大葱经典韭菜鸡蛋也香。小店不大但味道实在，附近居民经常来打包几块回去。,,30,0,1,2026/1/28 0:37,2026/1/28 2:05
1031,2666,26,1031,算了去别的吧。,,7,0,1,2026/5/19 22:19,2026/5/19 22:19
1032,2784,11,1031,库迪咖啡的店面不大但位置方便。咖啡出品稳定拿铁奶泡绵密美式酸度适中。价格在周边算是正常水平。早上来一杯提神效果不错，适合上班前或午休时顺手买一杯。,,10,0,1,2026/2/27 5:39,2026/2/27 5:39
1033,308,127,1033,吾肆WUSI FLORA CAFE&BAR的味道不错分量也够价格合理。环境干净整洁服务态度好。周边的居民和上班族经常来吃。是一家性价比不错的店。,,2,0,1,2026/6/5 21:06,2026/6/5 21:06
1034,424,172,1033,不来了没意思。,,9,0,1,2026/3/26 23:46,2026/3/26 23:46
1035,16,111,1035,松鹤楼台基厂的松鼠桂鱼是经典中的经典。鱼炸得像一朵花浇上酸甜汁造型和味道都在线。蟹粉豆腐也好吃滑嫩鲜香。环境是老牌酒楼的稳重风格。家庭聚会或者请长辈吃饭的好选择。,,1,0,1,2026/4/18 6:27,2026/4/18 6:27
1036,656,117,1035,沣元春饼馆的味道不错分量也够价格合理。环境干净整洁服务态度好。周边的居民和上班族经常来吃。是一家性价比不错的店。,,1,0,1,2026/6/12 22:58,2026/6/12 22:58
1037,3884,162,1037,破门口烧烤在南彩镇那边烤鸽子是特色。鸽子整只烤的外皮焦脆里面的肉嫩汁水丰富。其他烤串也不错羊肉串牛肉串都有。自驾去的话位置比较好找。价格实惠量也大。,,17,0,1,2026/6/7 19:09,2026/6/7 19:09
1038,1004,139,1037,96号私房菜没有固定菜单，厨师根据当天食材安排。环境私密安静像在朋友家吃饭，适合小范围聚餐需要提前约。,,0,0,1,2026/4/9 12:31,2026/4/9 12:31
1039,1120,176,1039,福记缘的涮肉品质不错，羊肉新鲜手切薄厚均匀。清汤铜锅涮出来肉是甜的，麻酱自己调配韭菜花腐乳一样不少。冬天来吃一顿暖到心底。,,0,0,1,2026/5/3 21:51,2026/5/3 21:51
1040,1236,125,1039,西域阿吾的拉面现拉的面条筋道弹牙汤底清鲜。大盘鸡里的土豆炖得粉糯配着拉条子吃很香。价格实惠量大管饱。,,0,0,1,2026/6/4 6:50,2026/6/4 6:50
1041,1352,173,1041,不去了算了。,,1,0,1,2026/5/29 6:18,2026/5/29 6:18
1042,1468,171,1041,南城香的早点种类多油条豆腐脑馄饨每样都有，包子皮薄馅大汁水足。全天营业什么时候饿了都能来吃一顿，价格亲民是虎坊桥居民的日常食堂。,,0,0,1,2026/4/5 12:41,2026/4/5 12:41
1043,18,95,1043,食鼎轩烤鸭·私房菜的烤鸭火候掌握得不错鸭皮烤得酥脆鸭肉嫩而不柴。面饼是手工擀的薄而有韧性卷着鸭肉和甜面酱吃着很香。价格在同类里算实在的。,,2,0,1,2026/4/10 6:06,2026/4/10 6:06
1044,1700,89,1043,南城香的早点种类多油条豆腐脑豆浆每样都有。现做的味道比超市买的好太多了。附近的居民每天早上的固定食堂。价格便宜份量实在。,,0,0,1,2026/6/7 10:30,2026/6/7 10:30
1045,1816,52,1045,还可以将就吧。,,0,0,1,2026/6/8 0:45,2026/6/8 0:45
1046,1932,157,1045,君庭中餐厅在首都宾馆里面环境安静气派。红烧牛肉炖得烂乎入味汁浓味厚，包间宽敞适合商务宴请。服务周到专业让人挑不出毛病。,,1,0,1,2026/3/7 13:23,2026/3/8 13:30
1047,2048,120,1047,炸酱面面码的八种配菜是这道面的灵魂黄瓜豆芽萝卜丝青蒜黄豆缺一不可少了一样味道就不完整。,,0,0,1,2026/4/1 21:52,2026/4/1 21:52
1048,1708,106,1047,老北京兔儿爷琉璃厂东街店是一家中餐馆。环境就是老北京的风格兔儿爷的装饰很有特色。菜品走京味路线烤鸭和炸酱面都有。琉璃厂逛累了进来吃顿便饭正好。价格在景区里算公道的不坑人。,,0,0,1,2026/4/25 6:13,2026/4/25 6:13
1049,2280,175,1049,不咋地不推荐。,,0,0,1,2026/5/11 22:02,2026/5/11 22:02
1050,2396,177,1049,红蕾农家乐旅游观光园的农家菜做得地道柴锅炖出来的东西就是比城市里的香。炖鸡炖鱼都好吃蔬菜是自家种的。周末开车去郊区玩顺道来吃一顿很惬意。,,0,0,1,2026/5/25 15:35,2026/5/25 15:35
1051,2512,164,1051,龙泉饭庄的菜品实在不花哨味道家常吃得舒服。价格实惠出餐也快。不想做饭的时候来这吃一顿省心省力。,,4,0,1,2026/2/9 11:46,2026/2/9 11:52
1052,2628,122,1051,算了。就这样吧。,,8,0,1,2026/6/12 0:01,2026/6/12 0:01
1053,2744,181,1053,六面寿面馆虽是小店但面的品质一点不马虎。面是现拉现削的入口就知道是手工做的。浇头有几种选择换着吃不容易腻。,,1,0,1,2026/5/8 18:40,2026/5/8 18:40
1054,2860,178,1053,香里缘过桥米线的面条筋道弹牙汤底鲜香。分量给得足一个人一碗面就能吃饱。价格实惠是附近上班族和居民的午餐选择。店不大但味道对得起价格。,,1,0,1,2026/2/13 9:46,2026/2/13 9:46
1055,2976,176,1055,申记羊汤烩面的面条筋道弹牙汤底鲜香。分量给得足一个人一碗面就能吃饱。价格实惠是附近上班族和居民的午餐选择。店不大但味道对得起价格。,,8,0,1,2026/3/4 1:35,2026/3/4 1:35
1056,3092,162,1055,隆和居的干锅千页豆腐做得入味，豆腐外焦里嫩辣度刚好。菜量给得足几个朋友一起来点上几个菜很过瘾。正义路这边比较靠谱的中餐馆。,,1,0,1,2026/5/11 0:35,2026/5/11 0:35
1057,3208,90,1057,不行太差了不合我口味。,,1,0,1,2026/3/23 0:20,2026/3/23 0:20
1058,3324,174,1057,郝记烧烤的烤串种类多羊肉串肥瘦相间烤得滋滋冒油。鸡翅刷的蜜汁微甜鸡皮烤得焦脆好吃。晚上约几个朋友来吃串喝酒氛围很好。价格实惠量也大。,,0,0,1,2026/4/30 5:44,2026/4/30 5:44
1059,3440,122,1059,俏巴小吃的小吃花样多豆汁焦圈面茶每样都是老北京的味道。开了很多年附近的街坊都认。早上来一套吃饱了一整天都精神。,,0,0,1,2026/1/23 5:22,2026/1/24 17:17
1060,3556,169,1059,麻辣烫自选菜品新鲜种类多，汤底麻辣够味宽粉Q弹。自己调麻酱蒜泥辣椒油，一个人二十来块吃得饱饱的。,,0,0,1,2026/3/13 10:05,2026/3/13 10:05
1061,3672,137,1061,不推荐不会再来。,,0,0,1,2026/6/1 9:36,2026/6/1 9:36
1062,3788,134,1061,云南过桥米线汤底滚烫鲜香，把生肉片放进去涮几秒就变色嫩滑无比。米线滑爽弹牙配料给得足。模式口逛累了来一碗热乎的米线很舒坦。,,0,0,1,2026/5/3 8:46,2026/5/3 8:46
1063,1830,176,1063,丝路传奇拉面航母店在上地信息路这边是二十四小时营业。拉面现拉的粗细可以自己选汤底鲜面条劲道。价格便宜量大一碗面管饱。科技园上班的程序员们的深夜食堂。饿了随时来都有热乎的面吃。,,0,0,1,2026/6/12 4:37,2026/6/12 4:37
1064,3998,173,1063,炒肝包子是早晨标配一碗炒肝两个包子三分钟解决干净的北京速度体现了这座城市快节奏的生活方式。,,0,0,1,2026/5/24 23:19,2026/5/24 23:19
1065,4112,116,1065,正宗牛肉板面的面条筋道弹牙汤底是骨头熬的鲜香不腻。分量给得足一个人一碗就能吃饱。价格实惠是附近上班族和居民的午餐好选择。,,8,0,1,2026/4/19 9:22,2026/4/19 9:22
1066,4226,108,1065,可以试一次。,,0,0,1,2026/5/10 12:44,2026/5/10 12:44
1067,4289,166,1067,中央美术学院3食堂的菜品种类多价格对学生友好。打饭阿姨不手抖菜量给得足。红烧肉和宫保鸡丁是最受欢迎的菜式。虽然是大锅菜但味道在大学食堂里算很不错的了。,,7,0,1,2026/5/2 22:22,2026/5/2 22:22
1068,316,146,1067,缪家婆包子铺早上来一套炒肝配包子是很多人的习惯。包子现蒸的松软馅料实在，炒肝黏糊糊的蒜味够冲。价格实惠几块钱就能吃好，附近的居民和老人都认这一口。,,2,0,1,2026/5/18 13:00,2026/5/18 13:00
1069,432,153,1069,不去了没啥意思。,,0,0,1,2026/5/12 14:13,2026/5/12 14:13
1070,548,173,1069,外卖烤鸭方便省事，包装干净到家还是热乎的。鸭子烤得皮酥肉嫩，不想出门又想在家吃顿好的点这个准没错。,,0,0,1,2026/1/25 9:10,2026/1/25 9:44
1071,664,172,1071,烧烤拉面的面条筋道弹牙汤底鲜香。分量给得足一个人一碗面就能吃饱。价格实惠是附近上班族和居民的午餐选择。店不大但味道对得起价格。,,15,3,1,2026/6/11 19:45,2026/6/11 19:45
1072,780,149,1071,龙虾趴·小院·露台的海鲜新鲜是看得见的虾弹鱼嫩。做法不复杂吃的就是食材本身的味道。环境和服务都不错。,,1,0,1,2026/1/16 13:52,2026/1/16 13:58
1073,896,150,1073,还行不够好。,,1,0,1,2026/4/4 21:37,2026/4/4 21:37
1074,1012,86,1073,福禄米行的桂花糕软糯香甜，桂花香味清雅不腻口。米糕蒸得刚好不粘牙，配一壶茶就是完美的下午茶。路过带两块回家老人小孩都喜欢。,,2,0,1,2026/4/6 2:07,2026/4/6 2:07
1075,1128,82,1075,三味箸·延边烧烤·家常小炒的烤串种类多羊肉串肥瘦相间烤得滋滋冒油。鸡翅刷的蜜汁微甜鸡皮烤得焦脆好吃。晚上约几个朋友来吃串喝酒氛围很好。价格实惠量也大。,,2,0,1,2026/3/11 15:15,2026/3/11 15:15
1076,1244,64,1075,喜粤精品中餐的粤菜做得精致点心现做现蒸，虾饺皇皮薄能看到粉色虾仁咬开汁水四溢。XO酱炒萝卜糕也出色，环境干净服务周到。,,0,0,1,2026/3/21 6:03,2026/3/21 6:03
1077,1360,39,1077,就这样吧没下次了。,,0,0,1,2026/2/27 0:49,2026/2/27 0:49
1078,1476,171,1077,云阿蛮云南生烫牛肉米线的面条筋道弹牙汤底鲜香。分量给得足一个人一碗面就能吃饱。价格实惠是附近上班族和居民的午餐选择。店不大但味道对得起价格。,,0,0,1,2026/5/15 22:50,2026/5/15 22:50
1079,1592,29,1079,牛牛面包&咖啡店面不大但面包现烤的香气飘满整条街。拿铁奶泡绵密配着刚出炉的可颂是完美的早午餐。一个人来坐坐翻翻书也很舒服。,,0,0,1,2026/3/24 16:09,2026/3/24 16:09
1080,1952,151,1079,田老师红烧肉魏公村店二十四小时营业。红烧肉饭是招牌肉炖得烂乎汁浓稠拌米饭能吃好几碗。价格亲民量给得够。学生党和夜班族的固定食堂。不需要什么仪式感吃饱就行。,,0,0,1,2026/2/3 23:47,2026/2/3 23:54
1081,1824,152,1081,库迪咖啡的店面在附近很方便。拿铁和美式出品稳定，早上上班顺路带一杯提神。价格实惠经常有活动，比大牌便宜不少。,,0,0,1,2026/3/30 1:35,2026/3/30 1:35
1082,1940,143,1081,就那回事不会再来。,,0,0,1,2026/4/26 13:34,2026/4/26 13:34
1083,2056,176,1083,库迪咖啡藏在街角不算显眼但来过的都会再来。咖啡品质不输那些贵价店但价格只有一半。店里放的轻音乐让人放松。,,0,0,1,2026/4/14 2:00,2026/4/14 2:00
1084,2172,175,1083,面茶的喝法很讲究不能搅要用小勺沿着碗边刮着喝因为芝麻酱浮在上面搅动了就散到碗底再也回不来。,,0,0,1,2026/2/9 0:41,2026/2/9 1:31
1085,2288,107,1085,硬宝堡by硬舌酒肉的味道不错分量也够价格合理。环境干净整洁服务态度好。周边的居民和上班族经常来吃。是一家性价比不错的店。,,3,0,1,2026/4/12 16:27,2026/4/12 16:27
1086,2404,120,1085,太差了不推荐。,,0,0,1,2026/3/9 22:20,2026/3/9 22:20
1087,2520,33,1087,君庭中餐厅的味道不错分量也够价格合理。环境干净整洁服务态度好。周边的居民和上班族经常来吃。是一家性价比不错的店。,,3,0,1,2026/6/3 16:19,2026/6/3 16:19
1088,2636,66,1087,illy环境安静舒服适合坐一下午。冰美式夏天很解暑拿铁冬天暖和。比起连锁店多了一份用心。,,1,0,1,2026/4/7 8:16,2026/4/7 8:16
1089,2752,107,1089,兰湘子·湘菜小炒的辣味够正小炒肉和剁椒鱼头都是招牌。菜量给得大价格也很公道。米饭免费续吃饱为止。爱吃辣的人来这里不会失望。,,3,0,1,2026/3/23 3:22,2026/3/23 3:22
1090,2868,136,1089,不好吃不和口味。,,9,0,1,2026/5/1 0:33,2026/5/1 0:33
1091,2984,114,1091,Grid Coffee的店面不大但位置方便。拿铁奶泡打得绵密咖啡口感顺滑，美式酸度刚刚好不会太苦。价格在周边算实惠的，早上顺路买一杯刚刚好。,,0,0,1,2026/3/27 19:29,2026/3/27 19:29
1092,3100,147,1091,涮羊肉的糖蒜腌得酸甜脆爽配着肉吃解腻一绝每次去吃都会多要几碟服务员也乐意多给因为免费的。,,4,0,1,2026/5/22 4:43,2026/5/22 4:43
1093,3216,153,1093,就那样不来了。,,3,0,1,2026/3/29 5:22,2026/3/29 5:22
1094,3332,129,1093,杏仁茶的杏仁霜是用南杏仁磨的不能用北杏仁因为北杏仁苦南杏仁甜两者的区别是决定杏仁茶好坏的关键。,,0,0,1,2026/4/25 2:29,2026/4/25 2:29
1095,3448,178,1095,馋嘴儿烧鸡酱肉的鸡做得不错外酥里嫩味道刚刚好。配着啤酒或者饮料吃特别解馋。价格不贵适合几个人一起点几份分着吃。下班了和同事来坐坐也不错。,,13,2,1,2026/3/18 16:00,2026/3/18 16:00
1096,3564,119,1095,算了以后不来了。,,0,0,1,2026/5/21 12:13,2026/5/21 12:13
1097,3680,98,1097,驴打滚的黄豆粉要炒出焦香味才算合格炒的火候不够只有豆腥味炒过了就是苦味这个火候不好把控。,,0,0,1,2026/4/1 20:47,2026/4/1 20:47
1098,3796,170,1097,爆肚仁的美妙之处在于那种脆弹感嚼在嘴里嘎吱嘎吱的声音是吃爆肚最悦耳的配乐这声音就说明火候对了。,,0,0,1,2026/3/11 4:31,2026/3/11 4:31
1099,3912,170,1099,渔蓝海鲜火锅的锅底够味涮菜新鲜种类多。肉类品质不错牛肉切得薄入锅变色就吃很嫩。小料台也丰富想怎么调都行。环境干净服务态度好。,,2,0,1,2026/6/10 21:59,2026/6/10 21:59
1100,4028,158,1099,炸灌肠虽然是淀粉做的但经过油炸和蒜汁的加持已经超越了淀粉本身的身份最简单的食材做出不简单的味道。,,58,2,1,2026/4/27 8:49,2026/4/27 8:49
1101,4144,180,1101,老四川风味菜的味道不错分量也够价格合理。环境干净整洁服务态度好。周边的居民和上班族经常来吃。是一家性价比不错的店。,,8,0,1,2026/4/13 0:17,2026/4/13 0:17
1102,322,79,1101,晓林香河肉饼的味道不错分量也够价格合理。环境干净整洁服务态度好。周边的居民和上班族经常来吃。是一家性价比不错的店。,,2,0,1,2026/2/4 23:42,2026/2/4 23:42
1103,438,77,1103,算了不去了不会再来。,,0,0,1,2026/4/17 5:01,2026/4/17 5:01
1104,554,128,1103,老边饺子馆手工现包皮薄馅大，猪肉白菜和韭菜鸡蛋都好吃。蒸饺水饺煎饺做法齐全，蘸着醋和辣椒油特别香。开了很多年回头客多。,,0,0,1,2026/5/13 16:29,2026/5/13 16:29
1105,670,171,1105,北京惠民天天美食餐饮管理有限公司东城永定门东街店的味道不错分量也够价格合理。环境干净整洁服务态度好。周边的居民和上班族经常来吃。是一家性价比不错的店。,,0,0,1,2026/4/7 23:53,2026/4/7 23:53
1106,786,124,1105,老北京鼓楼炸酱面酱香浓郁肉丁大颗，面码新鲜齐全黄瓜豆芽萝卜丝青蒜黄豆摆一桌子。自己动手拌开每根面都裹满酱，配碗面汤解腻收尾。,,0,0,1,2026/4/2 3:47,2026/4/2 3:47
1107,902,172,1107,不太满意就这样。,,2,0,1,2026/2/2 4:08,2026/2/2 4:08
1108,1018,55,1107,福叁咖啡出品稳定是附近上班族的续命站。手冲做得不错豆子新鲜风味清晰。店员态度好出杯也快，手机点好到店就能拿。,,2,0,1,2026/5/20 22:09,2026/5/20 22:09
1109,1134,139,1109,将就着吃吧。,,2,0,1,2026/4/13 20:50,2026/4/13 20:50
1110,1250,115,1109,卤煮里的豆腐是一块吸汤海绵在汤里泡满了浓郁的汤味之后夹起来颤颤巍巍的像捧着珍宝吃下去整个人都幸福。,,0,0,1,2026/3/14 10:13,2026/3/14 10:13
1111,1366,133,1111,闹市口顺溜的鸡做得外酥里嫩入味好吃。配着饮料或者啤酒吃特别解馋。价格不贵适合几个人一起分着吃。,,1,0,1,2026/4/16 6:52,2026/4/16 6:52
1112,1482,143,1111,山釜餐厅的味道不错分量也够价格合理。环境干净整洁服务态度好。周边的居民和上班族经常来吃。是一家性价比不错的店。,,0,0,1,2026/4/2 10:35,2026/4/2 10:35
1113,1598,140,1113,杏仁茶上面撒的桂花和果脯不仅是为了好看和好吃还代表了秋天的味道每年秋天喝第一杯杏仁茶时总会感慨时间。,,0,0,1,2026/3/18 10:33,2026/3/18 10:33
1114,1610,112,1113,山西刀削面右安门内西街这家就是个朴实的面馆。刀削面削得有水平面片均匀筋道弹牙。西红柿鸡蛋卤和肉臊子两种口味都不错。环境就是普通小店的样子但面的品质过硬。价格实惠附近居民常吃。,,0,0,1,2026/3/26 0:15,2026/3/26 0:15
1115,1946,66,1115,凤凰岭牛头宴分量震撼，牛舌切得薄蘸着椒盐吃特别香。爬完凤凰岭下来几个人围一桌吃牛头宴太过瘾了，配着啤酒解腻开胃。,,0,0,1,2026/5/17 20:43,2026/5/17 20:43
1116,2062,153,1115,驴肉火烧黄焖鸡米饭开了有段时间了一直保持稳定的品质。菜量给得大方几个人一起点菜很划算。环境也干净没有那些花里胡哨的装修就是实在。,,0,0,1,2026/3/14 15:40,2026/3/14 15:40
1117,2178,94,1117,就这样了不值得。,,0,0,1,2026/4/8 18:00,2026/4/8 18:00
1118,2294,54,1117,小蜗厨房的鸡做得不错外酥里嫩味道刚刚好。配着啤酒或者饮料吃特别解馋。价格不贵适合几个人一起点几份分着吃。下班了和同事来坐坐也不错。,,2,0,1,2026/5/15 18:09,2026/5/15 18:09
1119,2410,171,1119,砂锅米线的面条筋道弹牙汤底鲜香。分量给得足一个人一碗面就能吃饱。价格实惠是附近上班族和居民的午餐选择。店不大但味道对得起价格。,,0,0,1,2026/4/27 0:11,2026/4/27 0:11
1120,2526,51,1119,不行太差了完全没有推荐的价值不值得浪费时间和金钱去尝试一次希望大家避雷不要像我一样踩坑。,,10,0,1,2026/4/18 18:03,2026/4/18 18:03
1121,2642,136,1121,满福楼的涮肉品质高，牛肉切得薄入锅变色就吃嫩滑无比。清汤锅底涮出来是甜的，麻酱自己调配比外面好吃太多。侨福这边请客吃涮肉的首选。,,2,0,1,2026/3/2 5:57,2026/3/2 5:57
1122,2758,127,1121,渝湘小馆的味道不错分量也够价格合理。环境干净整洁服务态度好。周边的居民和上班族经常来吃。是一家性价比不错的店。,,8,0,1,2026/4/2 15:35,2026/4/2 15:35
1123,2874,56,1123,赛楼蘭的烤串种类多，羊肉串肥瘦相间孜然味浓，大盘鸡里的土豆炖得粉糯。清真馆子用料讲究吃着放心，垡头这边吃新疆菜就来这。,,7,0,1,2026/6/5 7:27,2026/6/5 7:27
1124,3106,175,1123,雀咖啡QUE COFFEE的店面不大但位置方便。拿铁奶泡打得绵密咖啡口感顺滑，美式酸度刚刚好不会太苦。价格在周边算实惠的，早上顺路买一杯刚刚好。,,0,0,1,2026/2/6 16:41,2026/2/6 16:55
1125,3222,148,1125,王老六铁锅炖鱼用大铁锅炖鱼鱼肉鲜嫩刺少，锅边贴玉米饼底壳焦脆蘸鱼汤最香。鸟巢这边冬天来一锅热气腾腾的炖鱼暖和又管饱。,,0,0,1,2026/3/5 10:10,2026/3/5 10:10
1126,3338,158,1125,就那样不走心。,,0,0,1,2026/1/16 5:42,2026/1/16 5:59
1127,3454,135,1127,松鹤楼台基厂的松鼠桂鱼造型漂亮，炸得像一朵花浇上酸甜汁外酥里嫩。蟹粉豆腐也好吃，老牌苏帮菜馆的沉稳感很适合家庭聚餐。,,3,0,1,2026/2/19 15:33,2026/2/19 15:33
1128,3570,153,1127,曼玲粥店的味道不错分量也够价格合理。环境干净整洁服务态度好。周边的居民和上班族经常来吃。是一家性价比不错的店。,,0,0,1,2026/5/24 7:01,2026/5/24 7:01
1129,3686,28,1129,没意思不会再去。,,1,0,1,2026/3/15 8:42,2026/3/15 8:42
1130,3802,137,1129,驴打滚黄豆粉的焦香是这个世界上最美好的食物香气之一每当我闻到街上现炒黄豆粉的味道就知道附近有卖驴打滚的。,,0,0,1,2026/4/25 23:02,2026/4/25 23:02
1131,3918,146,1131,赣乡见家宴做的是地道江西菜，瓦罐汤每天限量汤底鲜香浓郁。粉蒸肉软糯不腻米粉裹得均匀，在北京能吃到这么正的赣菜太难得了。,,25,1,1,2026/5/31 10:11,2026/5/31 10:11
1132,4034,177,1131,炸灌肠是北京小吃中最被低估的一种便宜份量足味道好边缘焦脆中间软糯蘸蒜汁吃配一瓶北冰洋就是完美下午茶。,,41,2,1,2026/5/29 11:49,2026/5/29 11:49
1133,4150,148,1133,一般般不推荐浪费时间。,,3,0,1,2026/6/6 17:12,2026/6/6 17:12
1134,4268,160,1133,延园餐厅的味道不错分量也够价格合理。环境干净整洁服务态度好。周边的居民和上班族经常来吃。是一家性价比不错的店。,,1,0,1,2026/5/11 0:00,2026/5/11 0:00
1135,328,179,1135,渔蓝海鲜火锅的锅底够味涮菜新鲜种类多。肉类品质不错牛肉切得薄入锅变色就吃很嫩。小料台也丰富想怎么调都行。环境干净服务态度好。,,3,0,1,2026/4/3 10:29,2026/4/3 10:29
1136,444,129,1135,不推荐不值得专门跑一趟没有让人惊喜的地方整体来说就是在及格线上徘徊不会再来第二次。,,0,0,1,2026/4/3 17:42,2026/4/3 17:42
1137,560,119,1137,烤鸭的鸭皮在烤炉里慢慢变成琥珀色油脂从皮下渗出形成一层透明的脆壳这个过程的每一刻都是对耐心的考验。,,2,0,1,2026/1/5 19:33,2026/1/5 20:49
1138,676,176,1137,就那样吧没有特色。,,2,0,1,2026/2/6 18:31,2026/2/6 23:10
1139,792,71,1139,姚记包子铺的包子皮薄馅大现蒸的热乎松软，猪肉大葱汁水最足。大肠处理得干净卤得入味，鼓楼这边逛累了来一套包子配卤煮解馋又管饱。,,0,0,1,2026/3/19 2:40,2026/3/19 2:40
1140,908,140,1139,花聚小馆·海鲜火锅的锅底够味涮菜新鲜种类多。肉类品质不错牛肉切得薄入锅变色就吃很嫩。小料台也丰富想怎么调都行。环境干净服务态度好。,,1,0,1,2026/5/24 22:58,2026/5/24 22:58
1141,1024,146,1141,羊蝎子的汤底是提前熬了好几个小时的骨头高汤浓郁的汤汁上飘着一层薄薄的油花看起来寡淡但喝起来惊艳。,,1,0,1,2026/6/9 18:58,2026/6/9 18:58
1142,1140,147,1141,太差完全不值这个价钱以后绝对不会再来了浪费时间浪费钱建议大家去附近别的店都比这家强多了别踩雷。,,0,0,1,2026/6/7 8:32,2026/6/7 8:32
1143,1256,166,1143,复煮咖啡Rebrew Coffee的店面不大但位置方便。咖啡出品稳定拿铁奶泡绵密美式酸度适中。价格在周边算是正常水平。早上来一杯提神效果不错，适合上班前或午休时顺手买一杯。,,1,0,1,2026/3/27 1:45,2026/3/27 1:45
1144,1372,64,1143,炸酱面在北京的每家每户都有自己的独门配方有的放黄酱有的放甜面酱有的两样都放这家偏甜口正对我喜好。,,0,0,1,2026/3/1 21:45,2026/3/1 21:45
1145,1488,122,1145,可以试试不太坏。,,0,0,1,2026/1/20 16:22,2026/1/20 17:34
1146,1604,146,1145,鼎香润的味道不错分量也够价格合理。环境干净整洁服务态度好。周边的居民和上班族经常来吃。是一家性价比不错的店。,,0,0,1,2026/4/4 2:04,2026/4/4 2:04
1147,1720,160,1147,京福巷·烤鸭·北京菜烤鸭之外的其他京菜也做得不错。干炸丸子外酥里嫩焦溜肉片酸甜适口。环境干净整洁适合家庭聚餐。,,0,0,1,2026/4/17 20:36,2026/4/17 20:36
1148,1836,109,1147,阳坊胜利涮羊肉的肉量大实在，清汤锅底涮出来羊肉是甜的。麻酱自己调韭菜花腐乳一样不少，冬天来吃一顿暖到心底。,,1,0,1,2026/5/27 14:42,2026/5/27 14:42
1149,1616,117,1149,河套味道北电大厦店主打内蒙古河套地区的土菜。铁锅焖面是必点面条宽厚筋道配着豆角土豆和排骨炖得入味。烩菜也做得不错猪肉土豆酸菜炖在一起。量给得大一个人一份面就能吃撑。附近上班族的午饭首选。,,0,0,1,2026/3/1 6:24,2026/3/1 6:24
1150,2068,172,1149,就这样走了。,,0,0,1,2026/2/5 9:30,2026/2/5 9:30
1151,2184,33,1151,玲家小妹烤肉拌饭晚上人最多烟火气十足。牛肉串和烤韭菜是每次必点的，烤出来的串带着炭火香比电烤的强一大截。价格也不贵。,,0,0,1,2026/1/25 22:13,2026/1/25 22:54
1152,2300,174,1151,好适口的味道不错分量也够价格合理。环境干净整洁服务态度好。周边的居民和上班族经常来吃。是一家性价比不错的店。,,1,0,1,2026/3/21 13:40,2026/3/21 13:40
1153,2416,163,1153,东北麻辣烫的菜品新鲜自己选菜称重计价。汤底麻辣够味炒出来的香锅锅气足。一个人二三十块就能吃得很满足。是附近上班族和学生的最爱。,,1,0,1,2026/3/25 13:24,2026/3/25 13:24
1154,2532,63,1153,不值得不会再来了完全不推荐任何喜欢美食的人来这里体验太失望了希望看到这条评论的人能绕道走别踩坑。,,9,0,1,2026/4/24 21:35,2026/4/24 21:35
1155,2648,168,1155,illy藏在街角不算显眼但来过的都会再来。咖啡品质不输那些贵价店但价格只有一半。店里放的轻音乐让人放松。,,3,0,1,2026/1/17 21:49,2026/1/18 0:29
1156,2764,50,1155,山西特色刀削面食馆的面条筋道弹牙汤底鲜香。分量给得足一个人一碗面就能吃饱。价格实惠是附近上班族和居民的午餐选择。店不大但味道对得起价格。,,7,0,1,2026/5/5 10:35,2026/5/5 10:35
1157,2880,156,1157,就那样没意思花冤枉钱。,,8,0,1,2026/2/15 7:12,2026/2/15 7:12
1158,2996,59,1157,书湘门地·中国十佳湘菜的辣味够正小炒肉和剁椒鱼头都是招牌。菜量给得大价格也很公道。米饭免费续吃饱为止。爱吃辣的人来这里不会失望。,,6,0,1,2026/1/14 20:17,2026/1/14 20:20
1159,3112,167,1159,橙堡地中海餐厅的味道不错分量也够价格合理。环境干净整洁服务态度好。周边的居民和上班族经常来吃。是一家性价比不错的店。,,0,0,1,2026/3/1 20:12,2026/3/1 20:12
1160,3228,147,1159,不来了太贵太差。,,0,0,1,2026/2/12 0:33,2026/2/12 0:33
1161,3344,1,1161,蒸鲜桑拿鸡用蒸汽锅蒸出来的鸡肉嫩滑多汁，原汁原味蘸姜葱油吃。顺德做法清淡鲜美不油腻，吃完鸡肉锅底的鸡汤才是精华。,,0,0,1,2026/5/10 15:06,2026/5/10 15:06
1162,3460,158,1161,于记板面包子铺的面条筋道弹牙汤底是骨头熬的鲜香不腻。分量给得足一个人一碗就能吃饱。价格实惠是附近上班族和居民的午餐好选择。,,27,3,1,2026/5/26 12:46,2026/5/26 12:46
1163,3576,177,1163,小辉秘制烤羊腿的烤串种类还挺多的，羊肉串肥瘦相间烤得滋滋冒油。鸡翅刷了蜜汁甜中带咸外面焦脆里面嫩。下班来和朋友坐坐喝点啤酒很放松。,,0,0,1,2026/5/20 19:28,2026/5/20 19:28
1164,3692,40,1163,柳州肥姨妈大骨螺蛳粉的螺蛳汤底浓郁鲜辣，酸笋给得足臭味够劲。米粉滑爽Q弹配着腐竹花生酸豆角，一碗下去满头大汗太过瘾了。,,3,0,1,2026/5/26 7:48,2026/5/26 7:48
1165,3808,161,1165,算了太一般不想多说。,,0,0,1,2026/6/4 8:58,2026/6/4 8:58
1166,3924,111,1165,河南烩面汤底浓郁面条筋道，羊棒骨炖得烂乎入味骨髓吸出来满嘴香。河南老乡说这个味道和家里一模一样，量大实惠管饱。,,0,0,1,2026/1/10 11:27,2026/1/10 12:17
1167,23,130,1167,良苑烤鸭店的烤鸭做得不错皮酥肉嫩不油腻。面饼手工擀的薄而有韧性裹着鸭肉和面酱吃着很满足。价格在同类里算实惠的，家庭聚餐来这里合适。,,3,0,1,2026/3/11 0:12,2026/3/11 0:12
1168,4156,150,1167,就那样不值得。,,2,0,1,2026/6/7 2:24,2026/6/7 2:24
1169,4272,130,1169,北理工3食堂的炸鸡腿外酥里嫩趁热吃最香，红烧肉炖得烂乎浇在饭上能吃三碗。菜量给得足价格对学生友好，毕业了还会想念食堂的味道。,,0,0,1,2026/2/2 8:52,2026/2/2 8:52
1170,19,90,1169,奥华餐厅老张记的虾仁独面筋是天津菜在北京的根据地，面筋吸饱汤汁虾仁饱满鲜美。干炸小丸子外酥里嫩蘸椒盐吃也绝了，每次来必点。,,2,0,1,2026/4/1 22:16,2026/4/1 22:16
1171,450,158,1171,不行不值得浪费时间来这家店完全没有任何亮点食物普通服务一般价格还不便宜建议去别家试试别浪费宝贵的钱。,,1,0,1,2026/3/9 19:06,2026/3/9 19:06
1172,566,93,1171,老滕家米线的过桥米线汤底滚烫鲜香，把配菜一样样放进去瞬间烫熟。米线滑爽Q弹配料给得足，一个人一锅吃得饱饱的。,,3,0,1,2026/4/20 23:41,2026/4/20 23:41
1173,682,181,1173,一般般没什么特别的完全不会因为吃了这家店而觉得这一趟出行值得建议大家在附近逛逛找找别家可能会有更好的发现。,,2,0,1,2026/5/2 1:14,2026/5/2 1:14
1174,798,154,1173,姚记炒肝店的包子皮薄馅大现蒸的热乎着上来。配碗炒肝或者小米粥就是完整的一餐。价格实惠是附近居民常来的店。,,0,0,1,2026/2/2 10:27,2026/2/2 10:27
1175,914,171,1175,河沿肉饼的海鲜新鲜程度是看得见的虾弹鱼嫩贝类鲜甜。做法不复杂就是吃食材本身的味道。环境干净服务周到，适合聚餐或者改善伙食。,,0,0,1,2026/2/4 15:55,2026/2/4 16:31
1176,1030,158,1175,渝味川菜馆的辣味够正小炒肉切得薄大火爆炒锅气十足。剁椒鱼头也是招牌鱼肉嫩剁椒够味。米饭免费续吃饱为止爱吃辣的人来这不会失望。,,1,0,1,2026/5/5 15:59,2026/5/5 15:59
1177,1146,107,1177,不值得浪费时间精力来这家店体验太差了完全没有任何让人满意的点建议大家去别家这家店已经不值得再给一次机会了。,,1,0,1,2026/2/15 12:55,2026/2/15 13:44
1178,1262,108,1177,湘里湘亲的辣味够正小炒肉切得薄大火爆炒锅气十足。米饭免费可以无限续。爱吃辣来这里不会失望。,,0,0,1,2026/3/9 20:01,2026/3/9 20:01
1179,1378,176,1179,伊峰德顺兴的味道不错分量也够价格合理。环境干净整洁服务态度好。周边的居民和上班族经常来吃。是一家性价比不错的店。,,0,0,1,2026/3/28 21:21,2026/3/28 21:21
1180,1494,161,1179,可以试试给个机会这家店虽然不是最顶尖但也不至于太差属于可以接受的范围至少比一些网红店靠谱多了值得一试。,,0,0,1,2026/3/24 23:14,2026/3/24 23:14
1181,1622,161,1181,牛街纯羊肉大串位于烟袋斜街游客必经之路。羊肉串是真羊肉不是用鸭肉充数的吃得出来。串大肉多肥瘦相间烤得滋滋冒油。在什刹海这片游客区能有这样实在的羊肉串不容易。逛完什刹海来几串管饱。,,1,0,1,2026/4/28 2:37,2026/4/28 2:37
1182,1726,138,1181,就那样没有让人高兴的点也不会让人生气就是平平无奇的一顿饭吃完之后过几天就忘了吃了什么属于一次性消费。,,0,0,1,2026/5/22 16:12,2026/5/22 16:12
1183,1842,168,1183,杏仁茶的桂花必须是新鲜现采的陈年桂花没有香气浪费了这么好的一杯茶所以每年秋天新桂花上市的时候杏仁茶的生意最好。,,0,0,1,2026/4/28 7:12,2026/4/28 7:12
1184,1958,180,1183,熊太婆·老武汉小吃的早点种类多油条豆腐脑豆浆每样都有。现做的味道比超市买的好太多了。附近的居民每天早上的固定食堂。价格便宜份量实在。,,0,0,1,2026/6/12 20:12,2026/6/12 20:12
1185,2074,149,1185,阳坊大都涮羊肉的羊肉新鲜现切，清汤铜锅涮出来肉是甜的。烧饼现烙热乎着掰开层层芝麻香，冬天来吃一顿暖到骨头里。,,0,0,1,2026/3/23 20:35,2026/3/23 20:35
1186,2190,145,1185,育新餐厅的羊汤熬得白浓郁羊肉嫩粉丝滑爽。配个烧饼撕碎泡在汤里吃是最舒坦的吃法。冬天早上来一碗从头暖到脚。价格不贵量也给得足。,,0,0,1,2026/4/27 11:02,2026/4/27 11:02
1187,2306,164,1187,太差太烂完全没有任何推荐的价值这顿饭是我最近吃过最差的一顿建议店家关门大吉重新学习怎么做菜再开门营业。,,0,0,1,2026/1/15 7:00,2026/1/15 7:06
1188,2422,122,1187,晓红小吃铺的早点种类多油条豆腐脑豆浆每样都有。现做的味道比超市买的好太多了。附近的居民每天早上的固定食堂。价格便宜份量实在。,,0,0,1,2026/1/31 10:10,2026/1/31 11:07
1189,2538,1,1189,时光咖啡的店面不大但位置方便。拿铁奶泡打得绵密咖啡口感顺滑，美式酸度刚刚好不会太苦。价格在周边算实惠的，早上顺路买一杯刚刚好。,,5,0,1,2026/3/30 19:48,2026/3/30 19:48
1190,2654,122,1189,满福楼的涮肉切得薄厚均匀，清汤锅底涮出来肉是甜的，麻酱烧饼现烙香脆。侨福这片商务宴请选这里不会出错，环境也气派。,,2,0,1,2026/5/10 3:03,2026/5/10 3:03
1191,2770,153,1191,将就吃了没有期望中的那么好也没有差到不能入口就是刚好及格的水准下次应该不会特意来但如果路过可能会再给一次机会。,,6,0,1,2026/5/20 17:05,2026/5/20 17:05
1192,2886,122,1191,郭通天宫院小吃的早点种类多油条豆腐脑豆浆每样都有。现做的味道比超市买的好太多了。附近的居民每天早上的固定食堂。价格便宜份量实在。,,4,0,1,2026/5/24 17:36,2026/5/24 17:36
1193,3002,117,1193,新京熹·北京涮肉的涮肉品质不错羊肉新鲜切得薄厚均匀。清汤锅底不抢味涮出来的肉能吃出甜味。麻酱自己调配比在别家调的好吃。冬天来吃一顿暖暖的特别舒服。,,5,0,1,2026/2/13 2:31,2026/2/13 2:31
1194,3118,115,1193,不推荐完全不值得来这家店是附近最差的选择之一价格贵份量小味道差服务烂四项全不及格希望大家擦亮眼睛不要上当受骗。,,0,0,1,2026/3/21 15:12,2026/3/21 15:12
1195,3234,141,1195,水苗寨龙湖咖啡环境安静舒服，手冲做得认真豆子新鲜风味清晰。店里放的轻音乐让人放松，适合一个人来坐一下午看看书。,,0,0,1,2026/3/31 19:40,2026/3/31 19:40
1196,3350,172,1195,韩村河农贸市场的味道不错分量也够价格合理。环境干净整洁服务态度好。周边的居民和上班族经常来吃。是一家性价比不错的店。,,1,0,1,2026/3/23 16:05,2026/3/23 16:05
1197,3466,178,1197,烤鸭的鸭架汤是免费的最好喝的汤之一鸭骨头白菜豆腐粉丝熬成奶白色汤鲜浓郁喝完一碗还想再要一碗因为免费的不能浪费。,,13,4,1,2026/2/11 10:14,2026/2/11 10:38
1198,3582,4,1197,太难受了完全不行这顿饭让我对今天产生了负面情绪吃完之后久久不能平复心情建议大家千万别来这家店会毁了你的好心情。,,0,0,1,2026/5/8 11:03,2026/5/8 11:03
1199,3698,128,1199,张亮麻辣烫的食材新鲜自己选菜称重计价透明。汤底麻辣够味炒出来的香锅锅气足。一个人二三十块就能吃得很满足附近学生的首选。,,1,0,1,2026/2/22 4:30,2026/2/22 4:30
1200,3814,149,1199,109烧饼夹热肘子的熟食品种多样品质稳定。烧鸡皮脆肉嫩酱肘子软烂入味。附近的居民经常来买熟食回家加个菜。,,0,0,1,2026/5/24 2:48,2026/5/24 2:48
1201,3930,145,1201,沙记羊肉串的羊汤熬得白浓郁羊肉嫩粉丝滑爽。配个烧饼撕碎泡在汤里吃是最舒坦的吃法。冬天早上来一碗从头暖到脚。价格不贵量也给得足。,,2,0,1,2026/6/7 1:46,2026/6/7 1:46
1202,4046,153,1201,就那样不值。,,1,0,1,2026/3/1 20:33,2026/3/1 20:33
1203,4162,159,1203,杨国福麻辣烫自己选菜称重计价透明，骨汤锅底汤鲜微辣。宽粉Q弹吸汤是最佳搭档，一个人二三十块就能吃得很满足。,,8,0,1,2026/6/3 4:28,2026/6/3 4:28
1204,340,36,1203,马路牙子大排档的味道不错分量也够价格合理。环境干净整洁服务态度好。周边的居民和上班族经常来吃。是一家性价比不错的店。,,6,0,1,2026/4/5 16:18,2026/4/5 16:18
1205,456,160,1205,不去了不会再浪费任何时间在这家店上面吃完之后觉得自己应该去附近的另一家结果证明我的预感是对的果然是错误的决定。,,0,0,1,2026/2/6 23:27,2026/2/6 23:27
1206,572,7,1205,宽街炒豆胡同的炒豆酥脆咸香是下酒好伴侣，胡同里的小馆子有老北京味道。配碗炸酱面或者来瓶啤酒，坐在门口看胡同人来人往很惬意。,,0,0,1,2026/6/11 23:26,2026/6/11 23:26
1207,688,60,1207,就那样吧不会特意来也没有特别想推荐的点这家店在我心里就是刚好及格的存在不差但也绝对算不上好希望下次能遇到更好的。,,8,0,1,2026/5/10 12:08,2026/5/10 12:08
1208,804,108,1207,后院大排档的烤串种类多羊肉串牛肉串鸡翅每样都好吃。炭火烤的比电烤的香太多了，晚上和朋友来喝酒吃串很过瘾。,,0,0,1,2026/3/29 3:21,2026/3/29 3:21
1209,197,163,1209,门框胡同百年卤煮的卤煮汤底浓郁火烧豆腐肥肠每样都给得足。老汤熬出来的味道不是那种味精调的能比的。配一瓶北冰洋和糖蒜是老北京的标准吃法。店里不大但翻台快不用等太久。,,0,0,1,2026/4/16 14:07,2026/4/16 14:07
1210,1036,134,1209,羊蝎子最后涮的宽面条一定要点红汤锅底的宽面吸收了麻辣鲜香的汤汁入口的瞬间麻辣味在嘴里炸开然后面条的劲道拯救了嘴巴。,,3,0,1,2026/5/16 2:18,2026/5/16 2:18
1211,1152,140,1211,不值得太差这家店的各种方面都让人失望从进门到离开没有一个环节让我满意建议大家千万不要来给自己省钱省时间省心情。,,0,0,1,2026/5/9 14:31,2026/5/9 14:31
1212,1268,150,1211,太极精品菜的味道不错分量给得足价格也公道。环境干净整洁服务态度好。周边的居民和上班族经常来吃，是附近性价比不错的选择。,,1,0,1,2026/1/13 17:38,2026/1/14 4:09
1213,1384,156,1213,山西刀削面的面条筋道弹牙汤底鲜香。分量给得足一个人一碗面就能吃饱。价格实惠是附近上班族和居民的午餐选择。店不大但味道对得起价格。,,0,0,1,2026/4/23 6:06,2026/4/23 6:06
1214,1500,120,1213,不值的体验。,,1,0,1,2026/2/25 19:13,2026/2/25 19:13
1215,1628,101,1215,鸦儿李记涮肉什刹海店位置无敌就在什刹海边上。手切羊肉是招牌刀工好薄厚均匀红白分明。清汤不抢味涮出来的羊肉是甜的。麻酱烧饼现烙的热乎着撕开层层分明。吃完涮肉沿着什刹海走一圈消食。,,1,0,1,2026/5/20 17:20,2026/5/20 17:20
1216,1732,142,1215,就这水平不推荐大家浪费时间来这家店完全没有任何值得肯定的地方唯一的安慰是至少没有食物中毒这大概是我能给的最高评价了。,,0,0,1,2026/2/20 22:42,2026/2/20 22:42
1217,1848,152,1217,小太和安徽板面的面条宽厚筋道，牛肉汤底浓郁鲜辣。牛杂料给得足处理得干净，附近上班族中午来一碗管饱又解馋。,,0,0,1,2026/1/31 21:15,2026/1/31 21:22
1218,1964,150,1217,醉面的面条筋道弹牙汤底鲜香。分量给得足一个人一碗面就能吃饱。价格实惠是附近上班族和居民的午餐选择。店不大但味道对得起价格。,,0,0,1,2026/2/3 12:49,2026/2/3 12:49
1219,2080,46,1219,久食久美食广场的档口选择多牛羊汤盖饭面条每样都有，一个人来能吃得很丰盛。学院国际大厦的上班族中午都往这跑，价格实惠出餐也快。,,0,0,1,2026/4/20 17:45,2026/4/20 17:45
1220,2196,162,1219,有家家宴的羊汤熬得白浓郁羊肉嫩粉丝滑爽。配个烧饼撕碎泡在汤里吃是最舒坦的吃法。冬天早上来一碗从头暖到脚。价格不贵量也给得足。,,0,0,1,2026/2/6 21:03,2026/2/6 21:03
1221,2312,94,1221,太失望了完全没有任何优点这家店已经被我从推荐名单中永久删除了太糟糕了这顿饭浪费了我宝贵的时间和金钱还有我对美食的热情。,,0,0,1,2026/1/17 18:46,2026/1/17 21:19
1222,2428,115,1221,昌顺马记的味道不错分量也够价格合理。环境干净整洁服务态度好。周边的居民和上班族经常来吃。是一家性价比不错的店。,,0,0,1,2026/2/6 4:43,2026/2/6 7:26
1223,2544,150,1223,烤鸭面酱里面的蜂蜜是关键点睛之笔让面酱比普通甜面酱多了一层花香和焦甜的风味提升了整体味觉层次让每口烤鸭都高级。,,26,0,1,2026/4/11 13:06,2026/4/11 13:06
1224,2660,146,1223,luckin coffee 瑞幸咖啡环境安静舒服适合坐一下午。冰美式夏天很解暑拿铁冬天暖和。比起连锁店多了一份用心。,,5,0,1,2026/4/1 17:04,2026/4/1 17:04
1225,2776,175,1225,一般般不值得推荐虽然没有特别差的地方但也没有任何亮点属于那种吃了就忘的类型下次绝对不会再来了因为完全没有记忆点。,,8,0,1,2026/5/31 3:46,2026/5/31 3:46
1226,2892,115,1225,冯姐麻辣烫串吧的菜品新鲜自己选菜称重计价。汤底麻辣够味炒出来的香锅锅气足。一个人二三十块就能吃得很满足。是附近上班族和学生的最爱。,,10,0,1,2026/3/27 14:27,2026/3/27 14:27
1227,3008,179,1227,亮马河饭店翠雅咖啡厅的店面不大但位置方便。咖啡出品稳定拿铁奶泡绵密美式酸度适中。价格在周边算是正常水平。早上来一杯提神效果不错，适合上班前或午休时顺手买一杯。,,6,0,1,2026/4/5 0:07,2026/4/5 0:07
1228,3124,175,1227,完全不推荐来这家店没有任何理由能让人再来第二次食物难吃服务差环境糟糕价格贵四个维度全部不及格浪费时间和金钱的典型代表。,,5,0,1,2026/4/28 18:05,2026/4/28 18:05
1229,3240,175,1229,中国科技馆观众餐厅的意大利面做得中规中矩，带孩子逛完展馆来吃一顿方便省事。环境干净价格适中，主要胜在位置好不用出馆找饭吃。,,0,0,1,2026/3/14 9:50,2026/3/14 9:50
1230,3356,142,1229,比饺有爱的味道不错分量也够价格合理。环境干净整洁服务态度好。周边的居民和上班族经常来吃。是一家性价比不错的店。,,0,0,1,2026/3/13 6:30,2026/3/13 6:30
1231,3472,156,1231,路达饭庄的菜量大实惠味道家常不踩雷。红烧排骨炖得烂乎宫保鸡丁花生酥脆。附近居民不想做饭的时候就来这解决一顿，吃了好几年了品质一直稳。,,48,2,1,2026/4/19 3:01,2026/4/19 3:01
1232,3588,167,1231,太差了不推荐浪费时间来这家店菜难吃服务差环境烂价格贵全方位的差没有一项能让人满意建议大家千万不要来会被气死的。,,1,0,1,2026/3/13 4:34,2026/3/13 4:34
1233,3704,90,1233,涮羊肉的糖蒜是免费的而且店家大方你要几碟他给几碟不会因为免费就给你脸色看糖蒜酸甜脆爽跟羊肉是天生一对绝配。,,0,0,1,2026/1/29 9:22,2026/1/29 9:31
1234,3820,19,1233,聚宝源的羊汤熬得白浓郁羊肉嫩粉丝滑爽。配个烧饼撕碎泡在汤里吃是最舒坦的吃法。冬天早上来一碗从头暖到脚。价格不贵量也给得足。,,0,0,1,2026/2/15 19:20,2026/2/15 19:20
1235,3936,117,1235,粉面当家虽是小店但面的品质一点不马虎。面是现拉现削的入口就知道是手工做的。浇头有几种选择换着吃不容易腻。,,1,0,1,2026/5/28 20:57,2026/5/28 20:57
1236,4052,148,1235,就这样不值得再说。,,1,0,1,2026/2/25 15:38,2026/3/1 23:55
1237,346,173,1237,库迪咖啡的店面不大但位置方便。咖啡出品稳定拿铁奶泡绵密美式酸度适中。价格在周边算是正常水平。早上来一杯提神效果不错，适合上班前或午休时顺手买一杯。,,8,0,1,2026/4/17 6:34,2026/4/17 6:34
1238,462,121,1237,不来了完全没有再来的理由这家店已经从我的聚餐备选中永远删除了太失望了每一分钱都花得不值建议大家千万别来浪费时间。,,0,0,1,2026/5/21 12:07,2026/5/21 12:07
1239,578,163,1239,爆肚仁的切花刀是门技术花刀要切得均匀深浅一致才能保证涮的时候受热均匀一深一浅就会导致涮出来有的生了有的老了。,,2,0,1,2026/4/12 7:41,2026/4/12 7:41
1240,694,17,1239,就那样勉强及格没有亮点也没有太致命的缺点属于可以接受的范围但绝对不会推荐给朋友因为实在拿不出手太平庸了。,,5,0,1,2026/5/14 20:46,2026/5/14 20:46
1241,810,174,1241,重庆火锅的锅底够味牛油浓郁涮菜新鲜羊肉牛肉毛肚鸭肠每样都不错。小料自己调想怎么吃都行。环境热闹适合聚餐。,,0,0,1,2026/4/6 9:03,2026/4/6 9:03
1242,317,151,1241,揽月斋炙子烤肉·清真的烤串种类多羊肉串肥瘦相间烤得滋滋冒油。鸡翅刷的蜜汁微甜鸡皮烤得焦脆好吃。晚上约几个朋友来吃串喝酒氛围很好。价格实惠量也大。,,3,0,1,2026/4/17 8:59,2026/4/17 8:59
1243,1042,9,1243,蜀九香火锅簋街店的牛油锅底麻辣浓郁越煮越香，鲜滑肉嫩滑入锅变色就能吃。毛肚鸭肠每样都新鲜簋街吃川味火锅的老牌选择。,,3,0,1,2026/4/10 5:53,2026/4/10 5:53
1244,1158,151,1243,不值得完全没有任何再来的价值这顿饭让我对今天产生了深深的失望心情被毁得一干二净建议所有人看到这条评论后不要上当。,,1,0,1,2026/4/2 17:34,2026/4/2 17:34
1245,1274,166,1245,二友居西四包子铺的包子皮薄馅大现蒸的热乎着上来。配碗炒肝或者小米粥就是完整的一餐。价格实惠是附近居民常来的店。,,0,0,1,2026/2/13 18:13,2026/2/17 5:38
1246,1390,110,1245,鸿运天外天烤鸭店的烤鸭做得不错皮酥肉嫩不油腻。面饼手工擀的薄而有韧性裹着鸭肉和面酱吃着很满足。价格在同类里算实惠的，家庭聚餐来这里合适。,,1,0,1,2026/6/8 19:32,2026/6/8 19:32
1247,1506,181,1247,太差了完全不推荐浪费时间浪费精力浪费金钱这家店已经被我从推荐列表中永远删除了希望大家看到这条评论能绕道走远离这个坑。,,0,0,1,2026/3/28 23:29,2026/3/28 23:29
1248,822,160,1247,鲜越鲜鱼粉财富购物中心店在地下一层。鱼粉汤底鲜鱼肉嫩滑米粉Q弹。无骨鸡爪也是必点酸辣开胃咬起来咯吱脆。价格实惠几样小菜配一份粉刚好。国贸附近的上班族午餐选择之一。,,2,0,1,2026/4/27 21:20,2026/4/27 21:20
1249,1738,151,1249,就这水平不会再来了完全没有重新光顾的必要这家店的各个方面都让人提不起兴趣食物平淡服务冷漠环境一般价格还不便宜。,,1,0,1,2026/3/23 20:29,2026/3/23 20:29
1250,1854,165,1249,草原烤羊腿分量震撼外焦里嫩孜然辣椒比配刚好，用小刀一片片片下来蘸干料吃太过瘾。三四个人分一条正好，配冰啤酒解腻。,,0,0,1,2026/6/3 0:39,2026/6/3 0:39
1251,1758,128,1251,澧飨饮膳四季的味道不错分量也够价格合理。环境干净整洁服务态度好。周边的居民和上班族经常来吃。是一家性价比不错的店。,,0,0,1,2026/4/2 6:51,2026/4/2 6:51
1252,2086,58,1251,松鹤楼台基厂的松鼠桂鱼是招牌中的招牌，造型漂亮酸甜汁挂得刚好。鱼肉片片分明外酥里嫩，蟹粉豆腐滑嫩鲜香配着吃刚好。,,2,0,1,2026/6/8 17:33,2026/6/8 17:33
1253,2202,168,1253,锅王府羊蝎子的味道不错分量也够价格合理。环境干净整洁服务态度好。周边的居民和上班族经常来吃。是一家性价比不错的店。,,0,0,1,2026/2/8 16:16,2026/2/8 16:16
1254,2318,174,1253,不来了这家店让我对这条街的餐饮水平产生了怀疑吃了之后觉得一定是哪里搞错了怎么会这么差建议大家去隔壁试试别的店。,,0,0,1,2026/5/5 18:20,2026/5/5 18:20
1255,16,154,1255,松鹤楼的海鲜新鲜程度是看得见的虾弹鱼嫩贝类鲜甜。做法不复杂就是吃食材本身的味道。环境干净服务周到，适合聚餐或者改善伙食。,,3,0,1,2026/4/29 23:04,2026/4/29 23:04
1256,2550,178,1255,王师傅主食坊的馒头花卷烙饼烧饼都是现做的，发面馒头松软有嚼劲。量给得大价格实惠，附近的居民天天来买几样回去省事。,,22,0,1,2026/1/5 7:11,2026/1/5 17:21
1257,2666,146,1257,一般一般般没有特别之处不值得推荐给大家希望附近的餐厅能够更努力提供更好的食物和更佳的服务让这条街的餐饮水平有所提升。,,7,0,1,2026/4/2 22:04,2026/4/3 0:27
1258,2782,158,1257,喜家德虾仁水饺的饺子手工包的天天现做皮薄馅大。猪肉大葱和韭菜鸡蛋最受欢迎汁水丰富。蘸着醋和辣椒油吃特别香。价格实惠一份够一个人吃饱。,,8,0,1,2026/4/16 21:14,2026/4/16 21:14
1259,2898,134,1259,喜家德鲍鱼水饺的饺子手工包的天天现做皮薄馅大。猪肉大葱和韭菜鸡蛋最受欢迎汁水丰富。蘸着醋和辣椒油吃特别香。价格实惠一份够一个人吃饱。,,3,0,1,2026/3/15 2:03,2026/3/28 9:53
1260,3014,164,1259,不值得浪费时间浪费金钱这顿饭是我这周最糟糕的体验没有之一希望大家都能避开这个雷食物难吃服务差装修老旧还不便宜。,,8,0,1,2026/3/15 2:28,2026/3/15 2:28
1261,3250,24,1261,瑞幸咖啡世贸天阶店就在商场里面，逛街累了来一杯。生椰拿铁椰味浓郁口感顺滑，手机提前下单到店直接拿走不用等很方便。,,1,0,1,2026/3/24 11:49,2026/3/24 11:49
1262,3366,179,1261,徐氏私房酱肉的味道不错分量也够价格合理。环境干净整洁服务态度好。周边的居民和上班族经常来吃。是一家性价比不错的店。,,0,0,1,2026/3/21 8:28,2026/3/21 8:28
1263,3482,87,1263,袁记云饺的饺子手工包的天天现做皮薄馅大。猪肉大葱和韭菜鸡蛋最受欢迎汁水丰富。蘸着醋和辣椒油吃特别香。价格实惠一份够一个人吃饱。,,1,0,1,2026/4/19 2:22,2026/4/19 2:22
1264,3598,180,1263,太差了完全不推荐大家来这家店吃任何东西这家店已经被我从任何聚会推荐中永久除名太糟糕了这是我最近吃过最差的一顿饭。,,0,0,1,2026/3/12 9:12,2026/3/12 9:12
1265,3714,161,1265,南城香的馄饨皮薄馅大汤底鲜，油条现炸又脆又香。早上来一套不到十块钱吃得饱饱的，是附近居民每天的固定早点食堂。,,0,0,1,2026/4/3 22:46,2026/4/3 22:46
1266,3830,30,1265,小胖饺子馆的饺子手工包的天天现做皮薄馅大。猪肉大葱和韭菜鸡蛋最受欢迎汁水丰富。蘸着醋和辣椒油吃特别香。价格实惠一份够一个人吃饱。,,1,0,1,2026/3/17 17:00,2026/3/17 17:00
1267,3946,93,1267,丝犇半斤牛肉面的面条筋道弹牙汤底是骨头熬的鲜香不腻。分量给得足一个人一碗就能吃饱。价格实惠是附近上班族和居民的午餐好选择。,,5,0,1,2026/4/21 6:37,2026/4/21 6:37
1268,352,176,1267,明龙小吃的早点种类多油条豆腐脑豆浆每样都有。现做的味道比超市买的好太多了。附近的居民每天早上的固定食堂。价格便宜份量实在。,,1,0,1,2026/5/21 21:31,2026/5/21 21:31
1269,468,107,1269,不来了完全没有任何重新光顾的动力这家店在我心里已经判了死刑从装修到服务到菜品没有一项合格建议大家千万别踩雷绕道走。,,0,0,1,2026/5/24 2:24,2026/5/24 2:24
1270,584,75,1269,库迪咖啡王府77店的鲜气杨梅是夏季爆款，清爽解暑。价格实惠经常有券，手机下单到店直接拿，比很多连锁店都便宜。,,1,0,1,2026/4/18 10:46,2026/4/18 10:46
1271,700,163,1271,就那样没有再来一次的必要这家店已经无法激起我重新光顾的欲望各方面都太平庸了毫无亮点可言是一次性的消费体验不值得留恋。,,6,0,1,2026/4/8 11:51,2026/4/8 11:51
1272,816,121,1271,凤起龙游老面包子的包子是发面老面做的松软有嚼劲，猪肉大葱馅汁水最足。卤鸡腿也卤得入味肉嫩不柴，写字楼底商午饭排队人多得早点去。,,9,0,1,2026/1/19 18:30,2026/1/19 18:49
1273,932,159,1273,luckin coffee 瑞幸咖啡的店面不大但位置方便。咖啡出品稳定拿铁奶泡绵密美式酸度适中。价格在周边算是正常水平。早上来一杯提神效果不错，适合上班前或午休时顺手买一杯。,,3,0,1,2026/3/16 16:21,2026/3/16 16:21
1274,1048,171,1273,羊蝎子最后涮的面条如果是宽面的话更吸汤因为宽面表面积大能裹住更多的汤汁入口的瞬间麻辣鲜香在嘴里全面释放爆炸。,,1,0,1,2026/3/29 18:06,2026/3/29 18:06
1275,1164,118,1275,不值得完全没有任何推荐的价值这顿饭是我本月吃过的最差一餐从进门到离开没有一个环节让人满意建议大家绕道不要上当受骗。,,0,0,1,2026/3/3 16:59,2026/3/3 16:59
1276,1280,81,1275,西部马华牛肉面的面条筋道弹牙汤底是骨头熬的鲜香不腻。分量给得足一个人一碗就能吃饱。价格实惠是附近上班族和居民的午餐好选择。,,0,0,1,2026/4/24 23:16,2026/4/24 23:16
1277,1396,145,1277,大栅栏京味劉炙子烤肉的烤串种类多羊肉串肥瘦相间烤得滋滋冒油。鸡翅刷的蜜汁微甜鸡皮烤得焦脆好吃。晚上约几个朋友来吃串喝酒氛围很好。价格实惠量也大。,,0,0,1,2026/1/26 11:16,2026/1/27 9:15
1278,1512,137,1277,太差了完全没有任何推荐的理由这家店就是附近餐饮业的反面教材从味道到服务到环境价格所有方面都让人失望至极建议大家千万别来。,,0,0,1,2026/1/30 10:00,2026/1/30 10:19
1279,1634,170,1279,鸦儿李记小馆后海店主打羊杂汤和烧饼。羊杂汤熬得浓白心肺肝肚处理得干净。早上五点就开门老北京人来吃早点的多。烧饼是招牌麻酱烧饼层层分明芝麻香浓。后海这边清晨的烟火气全在这碗汤里。,,1,0,1,2026/4/26 15:46,2026/4/26 15:46
1280,1744,169,1279,就这水平真的不值得再来了我已经把这家店从会再去的店中删除了没有特色没有诚意没有用心就是普普通通的一次消费没有任何记忆点。,,0,0,1,2026/1/26 10:43,2026/1/29 1:45
1281,1860,165,1281,杏仁茶的藕粉不能用开水冲必须先用凉水把藕粉搅匀了再加热水否则藕粉会结块搅不匀形成一坨坨的疙瘩严重影响口感和美观。,,0,0,1,2026/3/20 19:46,2026/3/20 19:46
1282,1976,112,1281,瑞幸咖啡的店面不大但位置方便。咖啡出品稳定拿铁奶泡绵密美式酸度适中。价格在周边算是正常水平。早上来一杯提神效果不错，适合上班前或午休时顺手买一杯。,,1,0,1,2026/3/7 2:51,2026/3/7 2:51
1283,2092,175,1283,味妙烤鱼吧的味道不错分量给得足价格也公道。环境干净整洁服务态度好。周边的居民和上班族经常来吃是附近性价比不错的选择。,,0,0,1,2026/2/28 17:32,2026/2/28 17:32
1284,2208,162,1283,北京育新宏城大排面的面条筋道弹牙汤底鲜香。分量给得足一个人一碗面就能吃饱。价格实惠是附近上班族和居民的午餐选择。店不大但味道对得起价格。,,0,0,1,2026/4/21 1:11,2026/4/21 1:11
1285,2324,178,1285,不来了太失望了这家店的每一处细节都让人感到绝望从进门的冷漠服务到难吃的食物没有一处能让人满意希望大家千万别被外表欺骗。,,0,0,1,2026/6/10 19:44,2026/6/10 19:44
1286,2440,125,1285,军都四季火锅店的锅底够味涮菜新鲜种类多。肉类品质不错牛肉切得薄入锅变色就吃很嫩。小料台也丰富想怎么调都行。环境干净服务态度好。,,0,0,1,2026/3/12 5:17,2026/3/12 5:17
1287,2556,175,1287,君庭中餐厅在首都宾馆里面环境安静气派，红烧牛肉炖得烂乎入味汁浓味厚。包间宽敞适合商务宴请，服务周到上菜有条不紊。,,1,0,1,2026/2/28 16:44,2026/2/28 16:44
1288,2672,179,1287,就那样吧不值得推荐也不值得特意来这家店平平无奇到让人记不住吃了什么第二天就完全想不起来有什么推荐的点了希望大家能找到更好的。,,7,0,1,2026/5/28 9:55,2026/5/28 9:55
1289,2788,151,1289,嗦哈哈·云贵川小罐米粉的面条筋道弹牙汤底鲜香。分量给得足一个人一碗面就能吃饱。价格实惠是附近上班族和居民的午餐选择。店不大但味道对得起价格。,,7,0,1,2026/4/6 9:13,2026/4/6 9:13
1290,2904,150,1289,麻六记的味道不错分量也够价格合理。环境干净整洁服务态度好。周边的居民和上班族经常来吃。是一家性价比不错的店。,,6,0,1,2026/3/15 7:26,2026/3/15 7:26
1291,3020,24,1291,不值得花这个钱吃饭体验极差完全不推荐大家来这家店请不要浪费时间和金钱在这种地方建议大家去附近的商场随便找家都比这里强太多。,,10,0,1,2026/6/5 4:27,2026/6/5 4:27
1292,3136,112,1291,哈尔滨烧烤海鲜大排档的烤串用炭火现烤烟熏味足，羊肉串肥瘦相间滋滋冒油。海鲜也新鲜，夏天露天吃串喝啤酒是北京夜生活标配。,,9,0,1,2026/5/7 10:30,2026/5/7 10:30
1293,3252,12,1293,马记永·兰州牛肉面的面条筋道弹牙汤底鲜香。分量给得足一个人一碗面就能吃饱。价格实惠是附近上班族和居民的午餐选择。店不大但味道对得起价格。,,1,0,1,2026/5/6 8:52,2026/5/6 8:52
1294,3368,143,1293,烤鸭的鸭架汤是免费的而且可以续碗服务员会主动问需不需要再加汤因为鸭骨还有很多精华泡在汤里续几碗都够喝得肚子滚圆。,,0,0,1,2026/2/16 18:42,2026/2/16 18:42
1295,3484,171,1295,不值得太糟了这顿饭简直就是灾难性的体验从进门到结账整个流程没有一处让我满意建议大家千万别来会毁了一整天的好心情。,,2,0,1,2026/2/14 0:53,2026/2/14 1:35
1296,3600,152,1295,宛平宴·粤菜·烤鸭的烤鸭火候掌握得不错鸭皮烤得酥脆鸭肉嫩而不柴。面饼是手工擀的薄而有韧性卷着鸭肉和甜面酱吃着很香。价格在同类里算实在的。,,0,0,1,2026/2/7 1:37,2026/2/7 1:37
1297,3716,180,1297,阿姐碳炉牛杂煲的味道不错分量也够价格合理。环境干净整洁服务态度好。周边的居民和上班族经常来吃。是一家性价比不错的店。,,1,0,1,2026/6/4 17:54,2026/6/4 17:54
1298,3832,148,1297,江子馅筋的面筋是自制的外酥内软，肉馅调得香刷上秘制酱料味道更上一层。烤的方式独特值得尝个鲜，老板烤得用心。,,0,0,1,2026/3/8 3:16,2026/3/8 3:16
1299,3948,127,1299,就那样不值不推荐。,,4,0,1,2026/5/24 20:32,2026/5/24 20:32
1300,4064,170,1299,新疆美食丝路美食兰州拉面的面条筋道弹牙汤底鲜香。分量给得足一个人一碗面就能吃饱。价格实惠是附近上班族和居民的午餐选择。店不大但味道对得起价格。,,19,0,1,2026/5/23 11:57,2026/5/23 11:57
1301,358,165,1301,北京宏宴餐厅的酸菜鱼是招牌鱼片嫩滑汤底酸辣开胃，份量给得足两三个人吃一条刚好。环境雅致包间安静，适合商务宴请和家庭聚餐。,,0,0,1,2026/1/12 20:31,2026/1/13 5:11
1302,474,173,1301,不来了彻底放弃了这家店的所有可能美好的幻想都被一一破灭从食物到服务没有一个环节合格建议大家千万不要踏入这家店的大门。,,0,0,1,2026/5/4 16:01,2026/5/4 16:01
1303,590,81,1303,爆肚的肚领是百叶和肚仁之外的第三种选择口感介于脆和嫩之间既有肚仁的脆弹又有百叶的柔韧是最被低估但最值得尝试的部位。,,1,0,1,2026/5/25 8:59,2026/5/25 8:59
1304,706,154,1303,就那样吧没有特别的亮点不会特意推荐给朋友这家店的存在对我来说就是刚好及格的存在吃完就忘了不会再有任何念想的一次性消费。,,0,0,1,2026/5/9 16:38,2026/5/9 16:38
1305,1640,147,1305,kVerse咖啡在长安街附近是个安静的小众咖啡馆。手冲做得专业豆子风味清晰咖啡师会耐心讲解。环境设计感很强简约但不冷。一个人来带着电脑或者看书很舒服。咖啡品质不输大牌但是价格更友好。,,1,0,1,2026/2/17 12:19,2026/2/17 12:19
1306,938,47,1305,御香苑中餐厅的味道不错分量也够价格合理。环境干净整洁服务态度好。周边的居民和上班族经常来吃。是一家性价比不错的店。,,2,0,1,2026/3/9 4:34,2026/3/9 4:34
1307,1054,144,1307,厚榭潮汕菜的烧腊做得不错烧鹅皮脆肉嫩叉烧甜咸适口。配白米饭和例汤就是完美的一餐。环境干净菜式精致服务也周到。,,1,0,1,2026/2/9 3:44,2026/2/9 3:44
1308,1170,109,1307,不值得太差了这顿饭是我本月吃过最糟糕的一餐建议大家去隔壁那家都比这里好一万倍至少不会让你吃完之后心情低落感觉浪费生命。,,0,0,1,2026/5/1 22:34,2026/5/1 22:34
1309,1286,167,1309,观盐重阳大酒楼餐饮管理的味道不错分量给得足价格也公道。环境干净整洁服务态度好。周边的居民和上班族经常来吃，是附近性价比不错的选择。,,0,0,1,2026/4/10 12:42,2026/4/10 12:42
1310,1402,148,1309,鸿运楼老北京涮肉的羊肉切得薄厚均匀手切的比机器切的好吃。清汤锅底涮出来是甜的。麻酱自己调配韭菜花腐乳酱豆腐一样不少。冬天来吃一顿暖到心底。,,0,0,1,2026/5/14 9:19,2026/5/14 9:19
1311,1518,46,1311,太差劲了完全没有推荐的价值这家店简直是在砸自己招牌食物质量低劣服务态度冷漠环境脏乱差价格还贵得离谱希望大家避雷绕道而行。,,0,0,1,2026/5/31 2:19,2026/5/31 2:19
1312,1646,178,1311,京城第一羯西单店主打老北京羊蝎子。白汤锅底能品出羊肉的本味骨髓是精华。肉炖得烂乎轻轻一夹就脱骨。吃到最后涮点豆腐和菠菜配饭完美收尾。西单逛完街来吃一锅暖和又解馋。,,0,0,1,2026/4/15 2:04,2026/4/15 2:04
1313,1750,21,1313,就这个水平下次应该不会再来了这家店让我感到平庸至极没有亮点没有特色没有值得记忆的地方吃完之后仿佛什么都没发生过一样空洞。,,0,0,1,2026/5/13 21:17,2026/5/13 21:17
1314,1866,140,1313,农耕记的湘菜外卖包装用心汤面分开不会糊，豆角烧茄子香辣入味下饭神器。懒得出门的时候点这家不会失望，辣得过瘾。,,0,0,1,2026/3/17 8:37,2026/3/17 8:37
1315,1982,152,1315,NOWWA挪瓦咖啡的店面不大但位置方便。咖啡出品稳定拿铁奶泡绵密美式酸度适中。价格在周边算是正常水平。早上来一杯提神效果不错，适合上班前或午休时顺手买一杯。,,0,0,1,2026/4/15 20:53,2026/4/15 20:53
1316,2098,114,1315,礼贤街麻辣鸭脖的鸭脖卤得入味麻辣鲜香，啃起来停不下来。三道菜的套餐搭配实惠，下班路过打包一份回去配啤酒看球赛太舒服。,,5,0,1,2026/1/3 19:41,2026/1/4 4:04
1317,2214,117,1317,焱森特色烧烤的烤串种类多羊肉串肥瘦相间烤得滋滋冒油。鸡翅刷的蜜汁微甜鸡皮烤得焦脆好吃。晚上约几个朋友来吃串喝酒氛围很好。价格实惠量也大。,,1,0,1,2026/3/16 22:50,2026/3/16 22:50
1318,2330,176,1317,不来了完全没有回头客的可能这家店已经彻底消耗掉了我对它的最后一点容忍和耐心建议大家千万不要来会把对这条街餐饮的信心毁掉。,,3,0,1,2026/5/24 12:21,2026/5/24 12:21
1319,2446,160,1319,陈家烙糕子宴的味道不错分量也够价格合理。环境干净整洁服务态度好。周边的居民和上班族经常来吃。是一家性价比不错的店。,,1,0,1,2026/5/3 19:01,2026/5/3 19:01
1320,2562,36,1319,牛品匠乐山跷脚牛肉汤底浓郁鲜香，牛肉嫩滑量给得足。蘸着特制的辣椒面吃更够味，798这边逛累了来一碗热乎的跷脚牛肉很舒坦。,,4,0,1,2026/5/25 14:35,2026/5/25 14:35
1321,2678,180,1321,就那样没有第二次的必要这家店已经从我的聚餐选项中删除了没有任何值得回味的地方吃完之后就忘了不会再有任何的怀念和留恋。,,4,0,1,2026/3/14 20:57,2026/3/14 20:57
1322,2794,147,1321,张记正宗烤炉鸡蛋灌饼的灌饼外皮烤得酥脆，打上个鸡蛋翻面刷酱加火腿肠趁热吃咔嚓响。双井这边路过买一个边走边吃，几块钱管饱。,,4,0,1,2026/3/6 19:33,2026/3/6 19:33
1323,2291,113,1323,山西刀削面家常菜的面条削得薄厚均匀筋道弹牙，肉臊子炒得香配山西老陈醋浇上拌开。价格实惠量大管饱，附近居民和工人都爱来吃。,,3,0,1,2026/4/6 7:43,2026/4/6 7:43
1324,3026,132,1323,不值得千万别来这家店就是附近最差的选择之一吃完之后我花了几分钟才平复心情建议大家去隔壁的商场随便哪家都比这里强一百倍不止。,,8,0,1,2026/4/25 12:28,2026/4/25 12:28
1325,3142,179,1325,杏仁茶的杏仁霜甜度刚好不需要额外加糖这是好杏仁茶的标准如果喝完觉得嘴巴里甜腻腻的那说明杏仁霜放多了或者是用了劣质的甜味剂。,,0,0,1,2026/5/22 1:47,2026/5/22 1:47
1326,3258,179,1325,煲仔皇的味道不错分量也够价格合理。环境干净整洁服务态度好。周边的居民和上班族经常来吃。是一家性价比不错的店。,,3,0,1,2026/3/13 5:13,2026/3/13 5:13
1327,3374,138,1327,伟明烧烤的烤串调味有自己的方子，孜然和辣椒的比例调得好。烤羊排外焦里嫩切下来蘸干料吃很过瘾。夏天在露天吃串是北京夜生活的正确方式。,,0,0,1,2026/5/4 12:57,2026/5/4 12:57
1328,3490,149,1327,不值得完全不推荐大家浪费时间在这家店上这就是一个彻头彻尾的雷点从进门到离开没有一处让人满意的希望大家看完这条评论能成功避雷。,,2,0,1,2026/2/2 22:48,2026/2/2 22:48
1329,3606,172,1329,涮羊肉的糖蒜吃完之后嘴巴里清清爽爽把羊肉的油腻一扫而空这就是糖蒜配涮肉的真正奥义在于把每一顿涮肉拆分成无数个全新的第一口体验。,,0,0,1,2026/3/19 21:12,2026/3/19 21:12
1330,3722,174,1329,南城香的味道不错分量也够价格合理。环境干净整洁服务态度好。周边的居民和上班族经常来吃。是一家性价比不错的店。,,1,0,1,2026/4/5 23:10,2026/4/5 23:10
1331,3838,172,1331,西域美食兰州老马食府的手工面和机器切的口感完全不同筋道有嚼劲。牛肉面汤底浓郁牛肉给得实在。小菜也便宜配着面吃刚刚好。,,0,0,1,2026/5/15 4:28,2026/5/15 4:28
1332,3954,156,1331,太差退钱。,,3,0,1,2026/5/6 21:57,2026/5/6 21:57
1333,4070,125,1333,铁锅柴鸡羊蝎子的鸡做得不错外酥里嫩味道刚刚好。配着啤酒或者饮料吃特别解馋。价格不贵适合几个人一起点几份分着吃。下班了和同事来坐坐也不错。,,25,0,1,2026/4/4 16:27,2026/4/4 16:27
1334,364,125,1333,世纪嘉园烧烤的烤串种类多羊肉串肥瘦相间烤得滋滋冒油。鸡翅刷的蜜汁微甜鸡皮烤得焦脆好吃。晚上约几个朋友来吃串喝酒氛围很好。价格实惠量也大。,,0,0,1,2026/5/11 17:07,2026/5/11 17:07
1335,480,147,1335,不来了这家店让我对这条街的食物水准产生了严重怀疑从菜品到环境没有任何可取之处建议相关部门来检查卫生条件真的让人担忧。,,0,0,1,2026/5/22 6:19,2026/5/22 6:19
1336,596,116,1335,老年餐厅精品家常菜的菜品每天换着花样做，红烧肉炖粉条软烂入味最受欢迎。量给得大价格实惠，附近的老年人不想做饭就来这吃一顿省心省力。,,0,0,1,2026/3/28 21:45,2026/3/28 21:45
1337,712,164,1337,就那样没有第二次光顾的必要这家店已经耗光了我对它的所有耐心从预定到结账各个环节都有让人不满的地方体验感极差不会再推荐给朋友。,,0,0,1,2026/2/14 17:48,2026/2/16 9:38
1338,828,118,1337,瑞幸咖啡的店面在附近很方便。拿铁和美式出品稳定，早上上班顺路带一杯提神。价格实惠经常有活动，比大牌便宜不少。,,4,0,1,2026/3/12 3:31,2026/3/12 3:31
1339,944,21,1339,前门小院的味道不错分量也够价格合理。环境干净整洁服务态度好。周边的居民和上班族经常来吃。是一家性价比不错的店。,,0,0,1,2026/5/5 22:24,2026/5/5 22:24
1340,1060,52,1339,瑞幸咖啡藏在街角不算显眼但来过的都会再来。咖啡品质不输那些贵价店但价格只有一半。店里放的轻音乐让人放松。,,3,0,1,2026/5/25 11:27,2026/5/25 11:27
1341,1176,138,1341,不值得太令人失望了这顿饭的每一口都是对我的折磨从冷掉的菜到硬得像石头的饭每一步都在考验我的忍耐力建议大家千万别来会后悔的。,,0,0,1,2026/3/27 19:10,2026/3/27 19:10
1342,1292,47,1341,关尔+咖啡店的店面在附近很方便。拿铁和美式出品稳定，早上上班顺路带一杯提神。价格实惠经常有活动，比大牌便宜不少。,,0,0,1,2026/6/5 22:36,2026/6/5 22:36
1343,1408,109,1343,化府小碗菜的味道不错分量也够价格合理。环境干净整洁服务态度好。周边的居民和上班族经常来吃。是一家性价比不错的店。,,0,0,1,2026/4/26 16:32,2026/4/26 16:32
1344,1524,85,1343,太差了完全没有任何推荐的理由给大家避雷千万别来花冤枉钱受折磨这家店已经被我从地图上彻底标记为雷区从今以后逢人便说千万别去太垃圾。,,0,0,1,2026/6/9 21:05,2026/6/9 21:05
1345,1652,165,1345,卤校长重庆火锅北京总店在老佛爷百货五层。锅底是重庆老牛油底料麻辣浓香越煮越有味道。卤牛肉是特色先卤后涮口感软糯入味。甜品免费自取无限吃这点太良心了。环境有重庆街头风红灯笼标语很有意思。,,0,0,1,2026/3/4 19:38,2026/3/4 19:38
1346,1756,170,1345,不推荐不来了再见。,,0,0,1,2026/5/25 3:38,2026/5/25 3:38
1347,1872,30,1347,开心饺子的手工水饺皮薄馅大个个饱满，猪肉白菜韭菜鸡蛋每样都好吃。蘸着醋和辣椒油特别香，价格实惠一份够一个人吃饱。,,0,0,1,2026/2/28 18:23,2026/3/1 1:52
1348,1988,168,1347,螺大喜螺蛳粉的面条筋道弹牙汤底鲜香。分量给得足一个人一碗面就能吃饱。价格实惠是附近上班族和居民的午餐选择。店不大但味道对得起价格。,,0,0,1,2026/5/26 4:37,2026/5/26 4:37
1349,2104,127,1349,小耿烧烤店晚上人最多烟火气十足。牛肉串和烤韭菜是每次必点的，烤出来的串带着炭火香比电烤的强一大截。价格也不贵。,,9,0,1,2026/5/24 5:17,2026/5/24 5:17
1350,2220,161,1349,五谷颐坊食养餐厅的味道不错分量也够价格合理。环境干净整洁服务态度好。周边的居民和上班族经常来吃。是一家性价比不错的店。,,0,0,1,2026/4/14 2:07,2026/4/14 2:07
1351,2336,177,1351,不来了这家店让我对附近的美食生态失去了信心完全没有任何值得表扬的地方希望大家擦亮眼睛千万不要来会毁了你对北京美食的美好印象太差劲了。,,2,0,1,2026/3/7 6:44,2026/3/7 6:44
1352,2452,168,1351,老城农家的农家菜做得地道柴锅炖出来的东西就是比城市里的香。炖鸡炖鱼都好吃蔬菜是自家种的。周末开车去郊区玩顺道来吃一顿很惬意。,,1,0,1,2026/4/20 14:59,2026/4/20 14:59
1353,2568,144,1353,根娃子美蛙鱼头川火锅的牛蛙新鲜嫩滑量给得足，鱼头也大个炖在红油锅里很过瘾。草场地这边吃川味火锅的好选择，环境热闹适合朋友聚餐。,,4,0,1,2026/2/15 4:56,2026/2/15 4:56
1354,2684,167,1353,宽饭的味道不错分量也够价格合理。环境干净整洁服务态度好。周边的居民和上班族经常来吃。是一家性价比不错的店。,,5,0,1,2026/5/8 11:09,2026/5/8 11:09
1355,2800,172,1355,金悦的味道不错分量也够价格合理。环境干净整洁服务态度好。周边的居民和上班族经常来吃。是一家性价比不错的店。,,1,0,1,2026/5/29 21:21,2026/5/29 21:21
1356,2916,165,1355,82号小院串串香的锅底够味牛油浓郁涮菜新鲜羊肉牛肉毛肚鸭肠每样都不错。小料自己调想怎么吃都行。环境热闹适合聚餐。,,5,0,1,2026/3/30 11:51,2026/3/30 11:51
1357,3032,16,1357,阿娇云南过桥米线的汤底滚烫把配菜一样样放进去瞬间烫熟。米线滑爽Q弹，云南的酸辣口味做得非常正宗，一个人一锅吃得饱。,,5,0,1,2026/4/25 17:53,2026/4/25 17:53
1358,3148,24,1357,山西刀削面家常菜的面条筋道弹牙汤底鲜香。分量给得足一个人一碗面就能吃饱。价格实惠是附近上班族和居民的午餐选择。店不大但味道对得起价格。,,0,0,1,2026/3/25 22:42,2026/3/25 22:42
1359,3264,110,1359,烤鸭的鸭架汤里如果放了豆腐吸饱了汤汁的豆腐会变成整碗汤最精彩的部分豆腐孔洞多吸汤强筷子一夹豆腐里的汤汁就顺着筷子流下来太诱人了。,,1,0,1,2026/2/28 14:35,2026/2/28 14:35
1360,3380,178,1359,不值得太差了这顿饭毁了我对美食的幻想从明天开始我要自己做饭不再出门踩雷这家店就是压垮我对餐饮界信心的最后一根稻草彻底失望了不会再来了。,,0,0,1,2026/2/27 21:50,2026/2/27 21:50
1361,3496,101,1361,北京家峪居民俗饭庄环境就是农家院的样子大院里有果树和菜地。菜品朴实不花哨但每道菜都透着农家菜特有的烟火气。分量大价格实惠。,,25,2,1,2026/3/11 4:01,2026/3/11 4:01
1362,3612,112,1361,老北京卤煮的卤煮汤底浓郁火烧豆腐肥肠每样都给得足。老汤熬出来的味道不是那种味精调的能比的。配一瓶北冰洋和糖蒜是老北京的标准吃法。店里不大但翻台快不用等太久。,,1,0,1,2026/4/21 23:10,2026/4/21 23:10
1363,3728,124,1363,驴打滚买回家放凉了怎么办用微波炉低火十秒钟刚刚好不会把糯米面烤干了豆沙还是温的黄豆粉的焦香被热气重新激活整个厨房都是那种让人上瘾的香味。,,0,0,1,2026/3/2 7:18,2026/3/2 7:18
1364,3844,154,1363,太不值了不来了。,,0,0,1,2026/2/24 5:09,2026/2/24 6:06
1365,3960,170,1365,老北京薛营刘记清真羊汤的羊汤熬得白浓郁羊肉嫩粉丝滑爽。配个烧饼撕碎泡在汤里吃是最舒坦的吃法。冬天早上来一碗从头暖到脚。价格不贵量也给得足。,,1,0,1,2026/6/2 9:55,2026/6/2 9:55
1366,370,134,1365,西域美食中国兰州拉面的面条筋道弹牙汤底鲜香。分量给得足一个人一碗面就能吃饱。价格实惠是附近上班族和居民的午餐选择。店不大但味道对得起价格。,,0,0,1,2026/3/12 1:03,2026/3/12 3:11
1367,486,23,1367,不来永远不来了这家店已经从我的美食地图上彻底消失不会有任何后悔和留恋唯一的感受就是浪费了钱和时间还弄坏了心情大家千万不要来亲身体验。,,0,0,1,2026/2/7 17:20,2026/2/7 17:20
1368,602,51,1367,三十五号卷饼烤鸭方便快捷，把烤鸭片好放在薄饼上刷甜面酱卷起来吃。不用像传统烤鸭那么麻烦，价格也实惠十几块就搞定一顿。,,2,0,1,2026/2/6 16:30,2026/2/6 18:54
1369,718,112,1369,就那样没有特别的记忆点这顿饭吃完之后我已经完全忘了点了什么菜什么味道什么口感这就是最普通最平庸的一餐不值得浪费脑细胞去回忆它。,,0,0,1,2026/4/24 16:44,2026/4/24 16:44
1370,834,112,1369,MY SOUP卖汤的味道不错分量给得足价格也公道。环境干净整洁服务态度好。周边的居民和上班族经常来吃，是附近性价比不错的选择。,,9,0,1,2026/2/18 4:34,2026/2/18 4:34
1371,950,115,1371,福越楼·老北京铜锅涮肉的涮肉品质不错羊肉新鲜切得薄厚均匀。清汤锅底不抢味涮出来的肉能吃出甜味。麻酱自己调配比在别家调的好吃。冬天来吃一顿暖暖的特别舒服。,,0,0,1,2026/5/24 13:18,2026/5/24 13:18
1372,1066,98,1371,六加一菜馆的糖醋里脊外酥里嫩酸甜汁挂得刚好，菜量给得大价格实惠。家常菜做得地道不想做饭的时候来这解决一顿省心省力。,,2,0,1,2026/3/15 10:49,2026/3/15 10:49
1373,1182,179,1373,不值得太差了花了这么多钱只买到了失望这顿饭就是餐饮业的反面教材每一个环节都在挑战食客的忍耐底线建议大家看到这家店就绕道千万别进去。,,0,0,1,2026/2/6 13:47,2026/2/6 13:47
1374,1298,104,1373,清真·鸦儿李记·涮肉的羊肉切得薄厚均匀手切的比机器切的好吃。清汤锅底涮出来是甜的。麻酱自己调配韭菜花腐乳酱豆腐一样不少。冬天来吃一顿暖到心底。,,0,0,1,2026/4/4 3:34,2026/4/4 3:34
1375,1414,68,1375,内蒙羊汤的羊汤熬得白浓郁羊肉嫩粉丝滑爽。配个烧饼撕碎泡在汤里吃是最舒坦的吃法。冬天早上来一碗从头暖到脚。价格不贵量也给得足。,,0,0,1,2026/4/2 1:37,2026/4/2 1:37
1376,1530,94,1375,太差了给大家避个雷千万别来花冤枉钱受伤害这家店的每一项服务都在挑战我的容忍极限食物难以下咽环境恶劣服务冷冰冰价格还贵得离谱垃圾中的战斗机。,,0,0,1,2026/5/22 12:02,2026/5/22 12:02
1377,1014,162,1377,门框胡同百年卤煮朝阳门亚朵酒店店虽然是个分号但味道守得住门框的招牌。老汤底浓而不咸火烧豆腐肥肠个个入味。配一瓶北冰洋和糖蒜是灵魂搭配。店里不大但翻台快不用等太久。跟总店比这家更干净一点。,,3,0,1,2026/5/16 22:43,2026/5/16 22:43
1378,1762,118,1377,再也不来了简直就是浪费生命这家店对食客的体验完全不管不顾只顾着赚钱建议大家不要去这样不负责任的餐厅消费身体会不好心情也会不好钱包也会受伤。,,0,0,1,2026/4/19 21:18,2026/4/19 21:18
1379,1878,142,1379,湘了个西的湘菜辣味够正，黄焖甲鱼是招牌甲鱼肉炖得软糯入味。剁椒鱼头鱼肉嫩剁椒酸辣，米饭免费续能吃好几碗。,,1,0,1,2026/3/7 20:58,2026/3/7 20:58
1380,1994,123,1379,金徕宴新京私房菜的味道不错分量也够价格合理。环境干净整洁服务态度好。周边的居民和上班族经常来吃。是一家性价比不错的店。,,0,0,1,2026/5/4 15:35,2026/5/4 15:35
1381,2110,127,1381,福达际海鲜主打海鲜品种多每天进货能保证新鲜。清蒸的做法最能体现海鲜的鲜甜。价格中等不算便宜但品质对得起。,,0,0,1,2026/6/8 5:59,2026/6/8 5:59
1382,2226,161,1381,柒拾味餐厅的味道不错分量也够价格合理。环境干净整洁服务态度好。周边的居民和上班族经常来吃。是一家性价比不错的店。,,1,0,1,2026/4/19 3:40,2026/4/19 3:40
1383,2342,170,1383,差评不推荐。,,1,0,1,2026/6/10 2:48,2026/6/10 2:48
1384,2458,53,1383,7·COFFEE的店面不大但位置方便。咖啡出品稳定拿铁奶泡绵密美式酸度适中。价格在周边算是正常水平。早上来一杯提神效果不错，适合上班前或午休时顺手买一杯。,,0,0,1,2026/3/26 12:43,2026/3/26 12:43
1385,2574,153,1385,华必和的盖饭面条选择多出餐快，红烧牛肉面和宫保鸡丁饭最畅销。价格实惠十几块钱吃饱，附近上班族和居民的日常食堂，不用纠结吃什么。,,4,0,1,2026/5/8 8:52,2026/5/8 8:52
1386,2690,172,1385,就这样没有记忆点也没有吐槽的欲望就是一次路过随便吃了顿便饭没有任何亮点也不至于太难吃普普通通平平无奇的一餐吃完就走没有任何念想。,,5,0,1,2026/3/28 14:46,2026/3/28 14:46
1387,2806,125,1387,遇京湘的味道不错分量也够价格合理。环境干净整洁服务态度好。周边的居民和上班族经常来吃。是一家性价比不错的店。,,3,0,1,2026/4/3 13:42,2026/4/3 13:42
1388,2922,135,1387,木子烧鸟屋的味道不错分量也够价格合理。环境干净整洁服务态度好。周边的居民和上班族经常来吃。是一家性价比不错的店。,,7,0,1,2026/5/6 19:33,2026/5/6 19:33
1389,3038,143,1389,不值得太浪费了希望大家引以为戒这家店就是在消费食客的信任和期待给大家一次次的失望和伤害我吃了之后后悔莫及建议所有人看到这条评价后牢牢记住这个教训不要重蹈我的覆辙。,,4,0,1,2026/3/5 22:08,2026/3/5 22:08
1390,3154,46,1389,和平串店的羊肉串肥瘦相间烤得滋滋冒油，羊蝎子炖得烂乎入味麻辣鲜香。大排档风格露天吃串喝啤酒太舒服了，夏天夜宵首选。,,0,0,1,2026/4/16 11:01,2026/4/16 11:01
1391,3270,180,1391,成隆粤宴·融合菜的海鲜新鲜程度是看得见的虾弹鱼嫩贝类鲜甜。做法不复杂就是吃食材本身的味道。环境干净服务周到，适合聚餐或者改善伙食。,,0,0,1,2026/4/2 13:48,2026/4/2 13:48
1392,3386,83,1391,龙洋餐厅的干炸丸子外酥里嫩蘸椒盐吃是必点，鱼香肉丝酸甜适中配米饭下饭。开了很多年的老店附近的街坊都认，不想做饭就来这解决一顿。,,1,0,1,2026/3/29 9:23,2026/3/29 9:23
1393,3496,148,1393,不值得太浪费了花这个钱买一个教训吧建议大家千万不要来这家店就是附近最坑的选择十个人去了十个都后悔没有一个例外的希望大家能躲过这一劫。,,20,3,1,2026/5/3 8:20,2026/5/3 8:20
1394,3612,172,1393,老北京卤煮的小吃花样多豆汁焦圈面茶每样都是老北京的味道。开了很多年附近的街坊都认。早上来一套吃饱了一整天都精神。,,1,0,1,2026/5/23 4:30,2026/5/23 4:30
1395,3728,121,1395,玉林王记小吃店的早点种类多油条豆腐脑豆浆每样都有。现做的味道比超市买的好太多了。附近的居民每天早上的固定食堂。价格便宜份量实在。,,0,0,1,2026/6/5 17:21,2026/6/5 17:21
1396,3844,154,1395,徽州鸭头卤得入味麻辣鲜香，鸭头软烂一嗦就脱骨。石担路这边路过闻到香味就忍不住买几个，配啤酒看球赛太舒服了。,,1,0,1,2026/4/6 12:11,2026/4/6 12:11
1397,376,174,1397,东门涮肉的涮肉品质不错羊肉新鲜切得薄厚均匀。清汤锅底不抢味涮出来的肉能吃出甜味。麻酱自己调配比在别家调的好吃。冬天来吃一顿暖暖的特别舒服。,,1,0,1,2026/3/3 15:48,2026/3/3 15:48
1398,492,110,1397,不来了永不踏入这家店大门浪费了我整个晚上的好心情从进门到出门没有一处让人满意的建议大家千万不要犯同样的错误去隔壁吃都比这好。,,0,0,1,2026/2/20 6:31,2026/2/20 6:31
1399,608,145,1399,三元梅园是北京老字号奶品店，奶酪滑嫩奶香浓郁入口即化。杏仁豆腐冰镇后爽滑清凉，国子监逛累了来一碗太解暑了。,,3,0,1,2026/5/3 1:34,2026/5/3 1:34
1400,724,40,1399,就那样没有特别的印象吃完就忘了连菜的面目都印象模糊这就是那种典型的平庸一餐不值得为它多说半句也不会主动想起更不会推荐给朋友。,,0,0,1,2026/5/25 4:17,2026/5/25 4:17
1401,840,167,1401,南门涮肉的羊肉切得薄厚均匀手切的比机器切的好吃。清汤锅底涮出来是甜的。麻酱自己调配韭菜花腐乳酱豆腐一样不少。冬天来吃一顿暖到心底。,,3,0,1,2026/2/13 8:52,2026/2/13 8:52
1402,956,137,1401,四叶草咖啡的店面不大但位置方便。咖啡出品稳定拿铁奶泡绵密美式酸度适中。价格在周边算是正常水平。早上来一杯提神效果不错，适合上班前或午休时顺手买一杯。,,2,0,1,2026/5/11 6:36,2026/5/11 6:36
1403,1072,168,1403,宝晋道大同刀削面虽是小店但面的品质一点不马虎。面是现拉现削的入口就知道是手工做的。浇头有几种选择换着吃不容易腻。,,3,0,1,2026/4/3 19:47,2026/4/3 19:47
1404,1188,147,1403,不值得太糟糕了这家店简直是在侮辱食客的智商和味蕾每一个细节都显示出店家对食物和客人的漠不关心这种态度就应该被市场淘汰掉请大家联合抵制。,,0,0,1,2026/6/12 16:02,2026/6/12 16:02
1405,1304,52,1405,北路酒馆的精酿啤酒种类多IPA和世涛都不错，小食拼盘配酒刚好。环境有格调适合下班后和朋友来喝一杯聊聊天，周末有乐队驻唱。,,0,0,1,2026/4/8 6:24,2026/4/8 6:24
1406,1420,143,1405,2024味到北京夜市的味道不错分量也够价格合理。环境干净整洁服务态度好。周边的居民和上班族经常来吃。是一家性价比不错的店。,,0,0,1,2026/5/4 1:56,2026/5/4 1:56
1407,349,75,1407,安客葱鸡望京店主打韩式炸鸡口味多。葱鸡是招牌炸鸡裹着葱丝和酱汁外面酥脆里面汁水足。原味的也好吃外皮薄脆不油腻。配上酸萝卜和啤酒是标配。望京这边韩国人多所以这家店的炸鸡做得是正了八经的韩国味。,,6,0,1,2026/5/14 20:37,2026/5/14 20:37
1408,1768,144,1407,以后不来了没有任何值得再来的理由这家店已经从我的任何聚餐选项中除名不会再向任何人推荐也不想再听到任何关于它的消息只想把这段记忆从大脑中抹去。,,0,0,1,2026/1/25 8:34,2026/1/25 11:14
1409,1884,13,1409,AK47烤羊腿串吧的羊腿用果木烤的外焦里嫩，用小刀片下来蘸孜然辣椒吃。柳浪家园这边夜宵来一条腿配冰啤酒太爽了，三四个人分刚好。,,0,0,1,2026/4/24 21:39,2026/4/24 21:39
1410,2000,112,1409,社区餐厅的味道不错分量也够价格合理。环境干净整洁服务态度好。周边的居民和上班族经常来吃。是一家性价比不错的店。,,1,0,1,2026/1/27 14:29,2026/1/27 15:14
1411,2116,175,1411,中关村展示中心科学咖啡藏在街角不算显眼但来过的都会再来。咖啡品质不输那些贵价店但价格只有一半。店里放的轻音乐让人放松。,,0,0,1,2026/4/10 0:08,2026/4/10 0:08
1412,2232,106,1411,桥头私房菜的味道不错分量也够价格合理。环境干净整洁服务态度好。周边的居民和上班族经常来吃。是一家性价比不错的店。,,0,0,1,2026/4/16 18:54,2026/4/16 18:54
1413,2348,177,1413,不推荐差评快跑。,,0,0,1,2026/2/13 2:05,2026/2/13 2:05
1414,2464,172,1413,张记木桶鱼的海鲜新鲜程度是看得见的虾弹鱼嫩贝类鲜甜。做法不复杂就是吃食材本身的味道。环境干净服务周到，适合聚餐或者改善伙食。,,23,0,1,2026/5/2 12:20,2026/5/2 12:20
1415,2580,170,1415,牛品匠乐山跷脚牛肉的汤底是用牛骨熬出来的浓郁鲜香，牛肉嫩滑蘸辣椒面吃最过瘾。冬天来一碗热乎的跷脚牛肉整个人都暖了。,,6,0,1,2026/4/27 2:36,2026/4/27 2:36
1416,2812,160,1415,喀什噶尔新疆餐厅的羊汤熬得白浓郁羊肉嫩粉丝滑爽。配个烧饼撕碎泡在汤里吃是最舒坦的吃法。冬天早上来一碗从头暖到脚。价格不贵量也给得足。,,2,0,1,2026/5/14 23:11,2026/5/14 23:11
1417,337,72,1417,浣熊食堂的菜品种类多价格对学生友好。打饭阿姨不手抖菜量给得足。红烧肉和宫保鸡丁是最受欢迎的菜式。虽然是大锅菜但味道在大学食堂里算很不错的了。,,6,0,1,2026/5/2 0:04,2026/5/2 0:04
1418,3044,149,1417,差评别来后悔。,,8,0,1,2026/1/16 13:52,2026/1/16 14:33
1419,3160,147,1419,肉夹馍的味道不错分量也够价格合理。环境干净整洁服务态度好。周边的居民和上班族经常来吃。是一家性价比不错的店。,,3,0,1,2026/3/4 21:23,2026/3/4 21:23
1420,3276,170,1419,小金朝族饭馆的冷面夏天吃冰凉爽口酸甜汤底配筋道荞麦面，锅包肉外酥里嫩酸甜汁挂得好。工体这边吃朝族菜的好地方，价格实惠量也大。,,3,0,1,2026/6/2 8:58,2026/6/2 8:58
1421,3392,151,1421,不来了没下一次劝退。,,0,0,1,2026/3/20 6:51,2026/3/20 6:51
1422,3508,170,1421,涮羊肉的糖蒜小小一碟看似不起眼但它是整套涮肉宴席中最重要的配角把吃肉和吃菜之间的味觉断层给补上了让整顿涮肉变成了首尾相连的完整循环每一口都是全新的开始。,,18,4,1,2026/2/12 10:00,2026/2/12 10:00
1423,3624,36,1423,勾魂凉皮·传统西安味的味道不错分量也够价格合理。环境干净整洁服务态度好。周边的居民和上班族经常来吃。是一家性价比不错的店。,,0,0,1,2026/5/29 22:46,2026/5/29 22:46
1424,277,168,1423,北方面语的面条筋道弹牙汤底是骨头熬的鲜香不腻。分量给得足一个人一碗就能吃饱。价格实惠是附近上班族和居民的午餐好选择。,,1,0,1,2026/6/11 22:45,2026/6/11 22:45
1425,3854,162,1425,太差了不值得花时间吐槽浪费时间写出这条评论已经是最大的仁慈建议大家千万不要步入我的后尘绕道而行保持对生活的基本热爱不要被这家店毁了好心情。,,0,0,1,2026/3/1 0:23,2026/3/1 0:23
1426,3971,157,1425,奎星荟主打川湘融合菜水煮鱼和干锅系列都不错，菜量给得大价格实惠。附近居民和上班族常来不想做饭就来这解决一顿省心省力。,,8,0,1,2026/3/8 19:23,2026/3/11 14:44
1427,4086,129,1427,可以就来试试不保证你会喜欢但至少不会像某些网红店那样完全名不副实这家店至少是对得起这个价钱的性价比算不上最高但绝对不亏。,,1,0,1,2026/4/20 12:44,2026/4/20 12:44
1428,4202,169,1427,燕南美食的味道不错分量也够价格合理。环境干净整洁服务态度好。周边的居民和上班族经常来吃。是一家性价比不错的店。,,0,0,1,2026/3/17 16:51,2026/3/17 16:51
1429,4278,177,1429,库迪咖啡的店面不大但位置方便。咖啡出品稳定拿铁奶泡绵密美式酸度适中。价格在周边算是正常水平。早上来一杯提神效果不错，适合上班前或午休时顺手买一杯。,,4,0,1,2026/5/14 2:31,2026/5/14 2:31
1430,4256,112,1429,就这水平不会再来了就是一次性的消费没有记忆点没有亮点没有让人觉得这钱花得值的瞬间建议大家把钱省下来去隔壁买瓶水都比花在这里有意义。,,0,0,1,2026/5/3 16:13,2026/5/3 16:13
1431,2110,106,1431,福达际海鲜的海鲜是真新鲜活蹦乱跳的端上来。椒盐皮皮虾个头大肉饱满椒盐味炒得够香。就是人均不低偶尔犒劳自己还不错。,,0,0,1,2026/3/18 20:10,2026/3/18 20:10
1432,110,172,1431,光线咖啡北锣这边难得有这么安静的店。手冲豆子选得好酸度明亮回甘悠长。坐了一下午看了半本书喝了两杯咖啡。,,0,0,1,2026/6/12 18:12,2026/6/12 18:12
1433,2540,170,1433,胶东饺子798这家肉汁饺子一咬会爆汁。韭菜鸡蛋虾仁的三鲜馅是经典。手工擀的皮薄而不破馅料饱满实在。,,5,0,1,2026/6/6 21:24,2026/6/6 21:24
1434,4023,150,1433,黔韵澜杉小酒馆的酸汤鱼是黔东南正宗做法。木姜子油是灵魂滴两滴进去整个锅的味道就对了。精酿啤酒也不错。,,38,2,1,2026/5/12 13:34,2026/5/12 13:34
1435,688,117,1435,老道外哈尔滨扒肉馆的酱骨架一份能把你吃撑。肉炖得烂糊入味直接上手啃最过瘾。东北拉皮也好吃麻酱味足。,,5,0,1,2026/4/26 9:29,2026/4/26 9:29
1436,2567,31,1435,蓝羊咖啡草场地这家藏得深但值得找。拿铁奶泡打得细腻顺滑拉花稳。院子里的两只猫是流量担当每次都来撸一把。,,9,0,1,2026/1/24 19:41,2026/1/24 20:14
1437,856,13,1437,明城五号烤鸭坊的烤鸭在建国门这片算不错的。鸭子偏瘦不腻口面饼手工擀的薄韧。鸭架汤白菜豆腐粉丝简简单单很鲜。,,2,0,1,2026/3/4 0:15,2026/3/4 0:15
1438,3604,181,1437,香河肉饼过桥米线这家肉饼皮薄馅大一咬汁水四溢。米线也好吃汤底鲜米线滑。附近上班族午饭定点食堂之一。,,0,0,1,2026/2/25 18:02,2026/2/25 18:02
1439,3715,80,1439,要潮人民咖啡馆在宛平城里面抗日纪念馆附近。咖啡品质在景区里算良心价了。逛完纪念馆来杯冰美式坐在院子里休息一下很惬意。,,0,0,1,2026/4/17 3:28,2026/4/17 3:28
1440,1422,112,1439,袁记云饺西直门这家每次路过都忍不住打包一盒。饺子个头大馅料饱满皮薄筋道。红油干拌的比汤饺好吃。,,0,0,1,2026/3/1 4:39,2026/3/1 4:39
1441,2280,121,1441,顺时咖啡开在胡同里闹中取静。冰滴咖啡是招牌慢慢滴出来的咖啡纯净顺滑层次丰富。夏天来一杯从头顶凉到脚趾。,,0,0,1,2026/4/20 8:33,2026/4/20 8:33
1442,1274,63,1441,二友居西四包子铺的包子是发面的松软蓬松。猪肉大葱馅的汁水很多得先咬小口吸汤不然烫嘴。炒肝也做得正宗。,,0,0,1,2026/1/6 23:31,2026/1/6 23:41
1443,602,161,1443,三十五号卷饼烤鸭的卷饼是特色鸭子片好放在薄饼上卷起来吃很方便。刷的甜面酱是自己调的比外面卖的香。,,3,0,1,2026/3/18 4:44,2026/3/18 4:52
1444,356,154,1443,斋堂红良餐厅在门头沟那边专程开车去的。农家菜的味道炖鸡炖鱼都是大锅炖出来的火候足。柴锅炖出来的东西就是比煤气灶香。,,0,0,1,2026/5/31 15:57,2026/5/31 15:57
1445,541,147,1445,鮮入唯煮在金宝街这边主打港式火锅。金汤花胶鸡煲汤底浓郁金黄花胶Q弹鸡肉嫩。喝完汤再涮海鲜和牛肉鲜度加倍。环境是高端火锅店的格调包间私密。适合商务宴请或者家庭聚餐。价格不低但物有所值。,,1,0,1,2026/1/12 9:46,2026/1/12 11:33
1446,2741,174,1445,松鹤楼台基厂这家松鼠桂鱼是招牌中的招牌。造型漂亮酸甜汁挂得刚好不腻人。鱼肉片片分明筷子一夹就散外酥里嫩。,,3,0,1,2026/1/13 9:03,2026/1/13 9:06
1447,1280,165,1447,西部马华牛肉面车公庄这家是二十四小时营业的深夜食堂。半夜饿了出来吃碗面加份肉喝口热汤舒服。面条是手工拉的劲道。,,0,0,1,2026/3/19 7:02,2026/3/19 7:02
1448,111,148,1447,V7 COFFEE的店面很小但咖啡品质不输大牌。豆子是自家烘的能喝出新鲜度。价格良心一杯美式十几块在附近算便宜了。,,0,0,1,2026/4/27 16:30,2026/4/27 16:30
1449,78,178,1449,惠临家常菜川菜前门大街这家味道很家常没有花里胡哨的东西。麻婆豆腐炒得够味锅气足。价格实惠量大管饱。,,0,0,1,2026/3/9 13:57,2026/3/9 13:57
1450,2011,148,1449,云阿蛮云南生烫牛肉米线汤底滚烫把生牛肉片往里一放几秒钟就变色熟了。米线滑爽汤头鲜辣够味云南风味做得很正。,,7,0,1,2026/4/27 0:19,2026/4/27 0:19
1451,1551,4,1451,渔芙南白塔寺这家湘菜味道够劲爆辣得过瘾。剁椒鱼头是招牌鱼头新鲜剁椒是自家做的酸辣适中。下了两碗米饭都嫌少。,,0,0,1,2026/4/6 3:11,2026/4/6 3:11
1452,41,35,1451,新年华家常菜景山西街这家开了有些年头了。菜量给得足味道家常价格亲民。周围的居民都在这儿解决午饭。,,0,0,1,2026/2/22 14:49,2026/2/22 14:49
1453,840,107,1453,南门涮肉金宝街这家分店装修比后海的老店新多了。涮肉品质依然在线清汤锅底涮出来的羊肉是甜的。烧饼现烙的热乎着掰开层层分明。,,1,0,1,2026/4/21 23:29,2026/4/21 23:29
1454,4272,168,1453,北京理工第3食堂的饭菜谈不上精致但胜在实惠量大。红烧肉炖得烂乎盖在米饭上汤汁渗进饭里太下饭了。,,0,0,1,2026/3/6 3:56,2026/3/6 3:56
1455,4034,118,1455,咱家小院石林峡爬完山饥肠辘辘时出现的一家救星。农家菜做得朴实无华但味道在线。炖柴鸡是真柴鸡炖出来的汤黄澄澄的。,,73,1,1,2026/3/1 6:59,2026/3/1 6:59
1456,2934,172,1455,蜀尚品现做鲜鱼馆的鱼是现杀的端上来还在动。酸菜鱼用老坛酸菜做汤底鲜酸开胃。鱼片薄嫩入口即化底下豆芽豆皮吸饱了汤汁比鱼还好吃。,,4,0,1,2026/5/6 3:35,2026/5/6 3:35
1457,3508,90,1457,明儿见餐饮小院藏在胡同里不太好找。老板是东北人做的锅包肉外酥里嫩酸甜汁挂得刚好。小院里有一棵梧桐树夏天在树下吃饭凉快。,,27,2,1,2026/4/25 11:17,2026/4/25 11:17
1458,2404,180,1457,丈头里餐馆名字不太好记但菜的品质不错。酱骨头是招牌肉炖得烂糊入味骨髓也能吸。量大实惠适合朋友聚餐。,,0,0,1,2026/4/18 0:19,2026/4/18 0:19
1459,2512,39,1459,龙泉饭庄在北宅村那边主打农家菜，驴肉火烧是招牌肉香馍脆。农家小炒也做得地道量大实惠，周末开车去郊区玩顺路吃一顿很实在。,,9,0,1,2026/2/28 5:49,2026/3/1 1:23
1460,673,176,1459,鸦儿李记小馆天坛店就在天坛边上位置好。单人餐一个人也能吃涮肉配好了不用凑人。羊肉新鲜手切的比机器切的好吃。麻酱烧饼是每桌必点热乎着特别香。逛完天坛出来吃一顿正好。,,2,0,1,2026/3/21 16:38,2026/3/21 16:38
1461,814,176,1461,玩儿串串国贸环球店在办公区底商午餐时段人最多。串串种类多冷锅热锅都有自己选。味道不错辣度适中不会辣到受不了。价格在国贸这个地段算是良心了。附近白领们中午改善伙食的好选择。,,7,0,1,2026/4/17 16:48,2026/4/17 16:48
1462,987,126,1461,内蒙古驻京办餐厅在内蒙古大厦三层想吃正宗蒙餐就来这。泉水煮手把肉只用盐和白水煮吃的是羊肉的本味。烤羊排外焦里嫩孜然香恰到好处。蒙古奶茶是咸的喝得惯的人会上瘾。环境是内蒙风情包间很大气。,,2,0,1,2026/2/22 6:18,2026/2/22 9:02
1463,1154,132,1463,马凯餐厅地安门店是百年湘菜老字号。毛氏红烧肉炖得肥而不腻甜咸适中。东安子鸡是另一个招牌醋酸味恰到好处鸡肉嫩。环境是老店的样子服务员穿着中式服装。什刹海这片吃湘菜的不二之选。,,1,0,1,2026/2/25 13:07,2026/2/25 13:07
1464,1297,154,1463,探花烧烤鼓楼店专注烧烤很多年了。烤串种类多调料有自己的方子不跟别家一样。金针菇烤得微焦刷了酱料好吃。营业到凌晨一点适合宵夜。鼓楼这边晚上喝酒了来吃几串很舒服。,,0,0,1,2026/1/21 15:52,2026/1/21 18:18
1465,1434,41,1465,甲秀楼缘餐厅在西直门这边主打贵州菜。酸汤鱼是招牌酸汤是自然发酵的番茄酸不是醋酸的。牛肉也做得不错嫩滑入味。环境干净服务好价格也很公道。吃腻了川湘菜来换个口味正好。,,0,0,1,2026/1/17 13:14,2026/1/17 13:55
1466,1567,155,1465,良苑烤鸭店前门店就在前门东大街交通方便。宫保鸡丁做得有水平花生酥鸡丁嫩勾芡恰到好处。烤鸭也不错皮酥肉嫩价格在景区算公道。环境是老饭馆的干净整洁。游客多但本地人也认可。,,3,0,1,2026/4/25 17:46,2026/4/25 17:46
1467,1701,20,1467,顶香牛肉拉面虎坊桥店二十四小时不打烊是虎坊桥的夜宵担当。牛肉面汤底浓郁面条筋道还有烤串可以加。深夜来一碗热乎的牛肉面配几串羊肉串暖到心底。环境就是小店的样子但味道和营业时间让人没办法挑剔。,,0,0,1,2026/2/23 2:19,2026/2/23 2:19
1468,1833,153,1467,管氏翅吧上地店在上地科技园附近晚上人特别多。烤翅是招牌蜜汁和辣味都好吃鸡皮烤得微焦里面的肉嫩滑多汁。精酿梅汤酸酸甜甜的很解腻。上地这边的程序员们下班来撸串喝饮料是固定节目。营业到凌晨加班晚了也不怕没吃的。,,0,0,1,2026/2/14 21:28,2026/2/14 21:28
1469,2370,164,1469,良苑烤鸭店前门店的烤鸭之外家常菜也做得扎实。糖醋里脊外酥里嫩酸甜适口。鱼香肉丝勾芡刚好配着米饭都吃干净。菜单价格一直保持着老百姓吃得起的水平。前门这片住了几十年的老街坊是这里的忠实顾客。,,2,0,1,2026/5/15 12:23,2026/5/15 12:23
1470,2504,181,1469,食鼎轩王府井台基厂店主打家常京菜。烤鸭是小份的不浪费两个人点半只刚好。红烧带鱼烧得入味骨头都酥了不用吐刺。环境干净整洁服务态度也好。在王府井台基厂这片想找个实惠又好吃的馆子这家是稳妥之选。,,3,0,1,2026/5/25 23:43,2026/5/25 23:43
1471,594,161,1471,丰泽园的葱烧海参是国宴级别的菜。海参在酱汁里文火慢煨到入味每一根都吸饱了汤汁。需要提前预订因为制作时间长。,,3,0,1,2026/3/19 20:44,2026/3/19 21:00
1472,168,151,1471,砂锅居的砂锅白肉是满族传入北京的传统菜。白肉切得薄如纸蘸着韭菜花酱豆腐吃配着酸菜粉丝解腻。汤清味鲜喝完浑身暖。,,0,0,1,2026/3/13 16:22,2026/3/13 16:22
1473,1734,155,1473,爆肚冯的手艺是一百多年传下来的。爆肚的火候多一秒则老少一秒则生掐得刚刚好。蘸着麻酱和辣椒油吃脆弹爽口是北京小吃的顶级享受。,,0,0,1,2026/5/30 12:29,2026/5/30 12:29
1474,2637,178,1473,特勒昆蒙古手把肉东大桥店主打正宗内蒙风味。手把肉用的是苏尼特羊白水煮只放盐羊肉自带鲜甜。内蒙羊杂汤料足浓郁冬天来一碗暖气充遍全身。还有精酿啤酒可以配着喝蒙古菜和精酿的混搭挺有意思。环境是草原风格木桌皮椅很大气。,,3,0,1,2026/2/18 13:19,2026/2/18 13:19
1475,2905,119,1475,羊屋小杉银泰中心店主打羊肉和生蚝。羊肉烤得外焦里嫩孜然味浓不膻不腻。生蚝个头大新鲜蒜蓉蒸或者烤都好吃。环境是日式居酒屋风格灯光温暖。营业到午夜适合加班后来犒劳自己。一个人点几个菜配一杯清酒很惬意。,,8,0,1,2026/6/11 7:03,2026/6/11 7:03
1476,3040,122,1475,沙县小吃青年路店是标准沙县的配置无所不有。葱油拌面最经典面条细滑葱油香浓。扁食和蒸饺也是每次必点配着辣椒酱吃更够味。价格感人几十块钱能点好几样。营业到深夜是青年路这边夜猫子的补给站。,,9,0,1,2026/4/15 16:12,2026/4/15 16:12
1477,630,90,1477,都一处的烧卖是北京著名的小吃。烧卖皮薄得像纸能看到里面虾仁的粉色一咬汁水四溢。三鲜馅的虾仁猪肉和笋丁三大主力搭配完美。,,1,0,1,2026/6/6 17:21,2026/6/6 17:21
1478,3175,155,1477,辉佐参鸡汤朝阳门店主打韩式参鸡汤。桂圆莲子参鸡汤一整只鸡炖在石锅里鸡肚子里塞满了糯米。汤鲜鸡嫩糯米软糯冬天喝一锅补气养身。也有各种韩式小吃配着吃。环境是韩式简洁风干净清爽。适合一个人安安静静吃顿饭。,,3,0,1,2026/2/3 9:05,2026/2/3 9:05
1479,3310,145,1479,鲜合面馆在水墨林溪那边主打手工面条。面是手工拉的筋道弹牙比机器面有灵魂。牛肉面汤底浓郁鲜香牛肉量给得足。环境就是普通面馆的样子但面的品质让附近居民天天来。价格实惠一碗面十几块钱吃饱。,,1,0,1,2026/5/11 1:04,2026/5/11 1:04
1480,3580,164,1479,油条豆腐脑草桥集贸店是标准的老北京早点铺。葱花饼现烙的香酥软层次分明。油条炸得酥脆泡在豆腐脑里软软的。豆腐脑咸口的浇卤汁配辣椒油。早上赶集的人都在这里吃一口。早市过了就没了所以赶早。,,0,0,1,2026/3/26 13:21,2026/3/26 13:21
1481,3716,161,1481,阿姐碳炉牛杂煲在城内街这边主打碳炉煲。牛杂处理得干净没有异味牛肚牛肠牛肺每样都给得多。汤底浓郁萝卜炖得烂乎吸饱了汤汁比肉还好吃。炭火一直烧着端上桌还在咕嘟冬天吃特别暖。开了好几年味道一直很稳。,,1,0,1,2026/5/12 21:14,2026/5/12 21:14
1482,3851,155,1481,味美饸饹面家常菜在城子大街主打山西风味饸饹面。饸饹面用饸饹床子压出来的圆面筋道弹牙口感独特。西红柿鸡蛋卤酸甜可口配面刚好。家常菜也做得不错量大实惠。早上七点就开了周边居民常来吃早点。,,1,0,1,2026/1/22 16:43,2026/1/24 3:33
1483,3986,161,1483,老北京薛营刘记清真羊汤在庞安路那边主营羊汤。羊汤熬得白浓郁羊肉嫩羊杂处理干净。配个烧饼撕碎泡在汤里吃是最佳吃法。清真口味用料实在味道正。位置偏了点但专门开车来吃的人不少。,,0,0,1,2026/3/17 13:44,2026/3/17 13:44
1484,4121,37,1483,君庭中餐厅首都宾馆店环境气派包间多适合商务宴请。牛肉类的菜做得不错红烧牛肉炖得烂乎。服务周到服务员会记住每个客人的忌口。在首都宾馆这个位置价格自然不低。但服务环境和菜品的综合体验是值得的。,,3,0,1,2026/4/25 8:51,2026/4/25 8:51
1485,4256,36,1485,沙县小吃交大嘉园店是交大学生的校外食堂。螺蛳粉居然也做而且做得还不错酸笋给得足。葱油拌面蒸饺扁食每样都是熟悉的味道。价格便宜学生党最爱。中午和晚上的饭点人挤人。,,0,0,1,2026/3/25 11:08,2026/3/25 11:08
1486,4286,119,1485,沐甘泽Coffee在央美里面环境自带艺术气质。咖啡品质高豆子是自家烘的手冲出品稳定。店里有很多美术类书籍可以随便翻阅。央美的学生们在这里讨论画作和课题氛围独特。花家地这边喝咖啡最舒服的地方没有之一。,,6,0,1,2026/5/7 5:54,2026/5/7 5:54
1487,170,31,1487,刘二姐襄阳牛肉面西四店回头客特别多每次来都要排队。汤底用了中药材熬制红油鲜辣不燥。面条是碱水面口感弹牙有嚼劲。牛肉切大片码在面上诚意十足。加个卤蛋再加份豆干和一把香菜就是全套标配。,,0,0,1,2026/4/19 5:11,2026/4/19 5:11
1488,1014,132,1487,门框卤煮朝阳门这家是我的宝藏卤煮店。汤底是老汤浓郁鲜香火烧豆腐肥肠每样都入味。北冰洋和糖蒜是标配。,,1,0,1,2026/5/28 12:22,2026/5/28 12:22
1489,3310,114,1489,鲜合面馆的面是手工拉的一根根筋道弹牙。牛肉面的汤底熬得浓郁喝一口就知道是真材实料不是味精水。价格良心十二块钱一大碗。,,0,0,1,2026/4/18 20:41,2026/4/18 20:41
1490,4286,152,1489,沐甘泽咖啡央美这家藏在校园里不太好找但值得。手冲豆子新鲜酸度明亮回味甜。美术生们在这里写生喝咖啡太有氛围了。,,9,0,1,2026/5/7 16:51,2026/5/7 16:51
1491,3676,164,1491,捌零小馆的臭桂鱼端上来那个味道确实冲但吃起来真的香。鱼肉蒜瓣状筷子一夹就散开。干锅花菜也好吃锅气足。,,0,0,1,2026/4/30 5:01,2026/4/30 5:01
1492,2906,179,1491,新京熹银泰这家涮肉环境比白塔寺那家新多了同样的品质同样的好吃。羊肉切得薄厚均匀下锅变色就嫩到心坎里。,,2,0,1,2026/4/29 15:49,2026/4/29 15:49
1493,28,10,1493,奥华老张记虾仁独面筋虽然是天津菜但在北京也很受欢迎。面筋吸饱了汤汁虾仁大颗饱满一口下去大海的味道。,,3,0,1,2026/5/20 0:57,2026/5/20 0:57
1494,141,171,1493,晓蕊家凉皮的麻辣烫是那种老式麻辣烫汤底自己熬的不是调料包。蔬菜新鲜丸子种类多麻酱辣椒自己加想吃多辣加多辣。,,0,0,1,2026/5/6 22:17,2026/5/6 22:17
1495,1592,160,1495,牛牛面包咖啡是社区小店面包现烤咖啡现磨。可颂外酥内软层次分明黄油味很香。附近居民早上来买早餐的很多。,,0,0,1,2026/3/12 12:59,2026/3/12 12:59
1496,4255,143,1495,太湖小馆交大这家蟹粉狮子头是招牌端上来还在晃。松软入口即化蟹粉鲜香和猪肉的香融合在一起。糖醋小排也好吃。,,0,0,1,2026/5/3 15:41,2026/5/3 15:41
1497,2195,179,1497,名轩正宗山西刀削面削面的师傅手法利索面片飞进锅里。水煮肉给得实在肉片大块嫩滑底下豆芽吸饱了辣油。,,0,0,1,2026/3/1 12:51,2026/3/1 12:51
1498,3588,143,1497,魔王咖啡商店的松饼是招牌现烤的外酥内软。配着蜂蜜和黄油吃再喝一口他家的拿铁就是完美的下午茶。,,0,0,1,2026/6/6 21:50,2026/6/6 21:50
1499,544,114,1499,后河快餐店就是普通的家常快餐但胜在便宜快速。盖饭十来块一份管饱。附近工地上的工人和外卖小哥常来吃。,,0,0,1,2026/4/24 20:54,2026/4/24 20:54
1500,1182,133,1499,蟹黄生煎的生煎包底煎得金黄焦脆里面的蟹黄馅料饱满咬开蟹油就流出来了。小心烫嘴先咬个小口把汤吸掉再吃。,,0,0,1,2026/5/30 17:38,2026/5/30 17:38
1501,858,165,1501,天桥艺术咖啡就在剧场旁边看剧前后喝一杯太方便了。咖啡品质中规中矩胜在地理位置绝佳。坐在窗边可以看到剧院人来人往。,,1,0,1,2026/4/13 18:15,2026/4/13 18:15
1502,769,143,1501,红记咖啡redmemo是那种小而美的独立咖啡馆。手冲豆子选得好每个产区的豆子都有标注。老板会跟你聊豆子的故事很亲切。,,3,0,1,2026/3/1 18:03,2026/3/1 18:03
1503,2178,134,1503,黯然销魂大排档名字中二但东西不中二。烧烤和海鲜大排档风格分量实在价格亲民。夏天在外面露天吃烤串喝啤酒最惬意。,,0,0,1,2026/4/17 4:07,2026/4/17 4:07
1504,1499,142,1503,派希亚咖啡厅的蜂蜜蛋糕是现烤的端上来还热乎着。蜂蜜味甜而不腻蛋糕松软绵密。配着一杯美式是完美的下午茶组合。,,0,0,1,2026/6/3 6:24,2026/6/3 6:24
1505,1414,41,1505,内蒙羊汤这家羊汤是用羊骨和羊肉慢慢熬出来的汤白得像牛奶。胡椒粉是自己加的多加一点辣辣的喝完全身冒汗。,,0,0,1,2026/5/24 16:44,2026/5/24 16:44
1506,724,75,1505,静一白塔寺这家藏在胡同里安静得像与世隔绝。热干面做得有模有样麻酱给得足面条劲道。老板是湖北人说这味道让他想起老家。,,0,0,1,2026/2/27 7:10,2026/2/27 7:10
1507,328,151,1507,渔蓝海鲜火锅的龙虾鲍鱼是当天空运来的新鲜度没得说。刺身切得薄如蝉翼入口鲜甜。过年或者请重要客人才舍得来一次。,,1,0,1,2026/5/20 21:22,2026/5/20 21:22
1508,126,151,1507,九城居的双人餐性价比很高两个人两百块吃撑。菜量给得足味道家常。环境干净服务也不错适合朋友聚餐。,,0,0,1,2026/4/17 6:59,2026/4/17 6:59
1509,585,165,1509,老北京丰泽居的麻酱烧饼刚出炉的烫手但是真的香。掰开一层一层芝麻酱均匀地裹在每一层面皮里。配着涮羊肉吃是绝配。,,1,0,1,2026/1/11 1:31,2026/1/11 2:31
1510,2234,131,1509,王记火锅冒菜豆花牛肉端上来一个大碗红油汪汪的。豆花嫩滑牛肉片薄嫩配着红油火锅的感觉太爽了。一个人来吃也合适点个大份米饭自己加。,,0,0,1,2026/5/23 10:10,2026/5/23 10:10
1511,2768,4,1511,星巴克万达这家在商场里面逛街累了歇脚刚好。奶油星冰乐夏天来一杯从头顶凉到脚趾。环境就是星巴克标准水平。,,10,0,1,2026/3/31 6:37,2026/3/31 6:37
1512,2760,146,1511,Hi-Town海塘餐吧的提拉米苏是现做的咖啡液浸透了手指饼干。奶油层轻盈绵密可可粉苦甜平衡。不是那种冰箱里拿出来放了很久的提拉米苏。,,8,0,1,2026/4/3 16:00,2026/4/3 16:00
1513,2370,149,1513,良苑烤鸭店前门这家游客多本地人少但烤鸭品质确实不错。宫保鸡丁是隐藏必点菜花生炸得脆鸡丁嫩滑酸甜辣鲜四种味道全有。,,1,0,1,2026/3/25 3:34,2026/3/25 3:34
1514,2294,124,1513,小蜗厨房的手撕鸡是招牌鸡肉撕成丝拌着辣椒油蒜泥和香菜。麻辣鲜香越吃越上瘾。点了个凉拌黄瓜解辣很爽。店不大但很温馨。,,1,0,1,2026/5/15 12:35,2026/5/15 12:35
1515,2232,126,1515,桥头私房菜没有固定菜单今天有什么做什么。老板去菜市场买什么你今天就吃什么。红烧肉炖了三个小时入口即化肥而不腻。,,0,0,1,2026/1/20 21:46,2026/1/21 1:54
1516,3222,181,1515,王老六铁锅炖鱼鸟巢这家用大铁锅炖鱼鱼是现杀的。锅边贴着玉米饼炖鱼的时候饼也熟了。鱼汤浓郁鱼肉嫩滑帖饼蘸着汤吃绝了。,,0,0,1,2026/6/10 7:49,2026/6/10 7:49
1517,3040,66,1517,沙县小吃青年路这家就是标准沙县小吃该有的样子。葱油拌面油香四溢面条劲道。蒸饺和扁食也是标配便宜实惠。,,9,0,1,2026/3/1 17:50,2026/3/1 17:50
1518,3146,166,1517,胶东海鲜大排档北太平庄这家海鲜新鲜价格实惠。辣炒花蛤量大味足蛏子和扇贝也好吃。夏天露天坐外面喝着啤酒吃海鲜是北京夜市文化的一部分。,,0,0,1,2026/4/16 2:18,2026/4/16 2:18
1519,30,152,1519,本纯食社在首都大酒店里面环境自然没得说。鸡汤是招牌吊了好几个小时没有味精感。菜量偏少但精致适合商务宴请。,,2,0,1,2026/3/9 19:35,2026/3/9 19:35
1520,448,73,1519,羊阿羊手工驴打滚真的是老北京味道。黄豆粉现炒的焦香浓郁糯米面Q弹软糯。每次路过都忍不住买一盒边走边吃。,,0,0,1,2026/2/26 4:41,2026/2/26 4:41
1521,176,140,1521,峨嵋酒家德内这家是总店了吧宫保鸡丁做的最经典。花生去皮炸得脆鸡丁嫩滑酸甜辣鲜四种味道在嘴里打架。下饭神器必点。,,0,0,1,2026/4/3 12:57,2026/4/3 12:57
1522,358,151,1521,北京宏宴餐厅位置有点隐秘但环境和菜品都不错。包厢装修雅致适合商务宴请。菜品精致口味偏清淡不会太油太咸。,,1,0,1,2026/4/14 8:07,2026/4/14 8:07
1523,554,140,1523,老边饺子馆和平门这家饺子现包的能看到阿姨在玻璃后面擀皮包馅。猪肉酸菜的东北味做得很正酸菜够酸和猪肉搭在一起太香了。,,0,0,1,2026/5/28 18:14,2026/5/28 18:14
1524,1396,81,1523,大栅栏刘炙子烤肉腌过的牛肉在炙子上滋滋冒油蘸着芝麻酱和韭菜花吃。环境就是那种老北京的感觉不大但很热闹。,,0,0,1,2026/5/21 5:42,2026/5/21 5:42
1525,3235,134,1525,老北京风味餐厅的炸酱面做得相当地道。肉丁炸得焦香酱味浓郁面码新鲜八种齐全。自己动手拌面的过程就是一种享受。,,0,0,1,2026/4/24 19:29,2026/4/24 19:29
1526,1140,161,1525,景秀餐厅南锣鼓巷这家藏在小巷子里不太好找。菜单不长但每道菜都是经典做法。蒜泥白肉切得薄厚均匀蒜泥味足。,,1,0,1,2026/4/11 7:33,2026/4/11 7:33
1527,172,3,1527,厂桥12号餐咖什刹海这边难得有这么舒服的餐咖。可以吃简餐也可以喝咖啡发呆。露台能看到什刹海的一角风景加分。,,0,0,1,2026/5/5 7:28,2026/5/5 7:28
1528,1615,157,1527,南来顺饭庄是北京老字号小吃全都有。糖火烧甜而不腻豌豆黄入口即化。每次去都要买好几个品种打包带回家慢慢吃。,,0,0,1,2026/4/28 7:47,2026/4/28 7:47
1529,2210,63,1529,心连心饺子馆延庆这家饺子个大皮薄馅多猪肉白菜的最经典。蘸着醋和辣椒油吃能连着吃一大盘。,,1,0,1,2026/2/5 2:09,2026/2/5 2:09
1530,2582,118,1529,文韵时光开在大学附近很多学生来这里上自习。咖啡品质在线价格对学生友好。安静的氛围很适合带上电脑来坐一下午。,,4,0,1,2026/1/5 7:57,2026/1/5 18:31
1531,2628,178,1531,胶东饺子798这家店的肉汁饺子一咬汤汁就爆炸了。韭菜鸡蛋虾仁的三鲜馅是最经典的每次去必点。皮的厚薄刚好不破不硬。,,4,0,1,2026/3/2 3:33,2026/3/2 3:33
1532,3918,158,1531,赣乡见家宴的江西菜辣得够味但不会辣到吃不下去。藜蒿炒腊肉是招牌腊肉很香藜蒿新鲜脆嫩。瓦罐汤也好喝炖了好多个小时。,,13,2,1,2026/5/17 0:59,2026/5/17 0:59
1533,590,173,1533,老墙根涮肉东直门这家店不大但涮肉的品质没得挑。手切羊肉片片厚薄均匀下锅变色就吃嫩到心坎里。麻酱自己调想加啥加啥。,,2,0,1,2026/3/21 3:20,2026/3/21 3:20
1534,334,149,1533,奥华老张记台基厂的虾仁独面筋是天津菜在北京的根据地。面筋吸饱了汤汁虾仁饱满鲜美。每次路过必须进去来一盘。,,1,0,1,2026/5/3 7:04,2026/5/3 7:04
1535,812,119,1535,Ora Coffee财富购物中心这家咖啡用的是自家烘的豆子品质很好。奶咖拉花稳美式酸度明亮。逛街累了来一杯充电。,,2,0,1,2026/5/13 2:50,2026/5/13 2:50
1536,3252,116,1535,马记永兰州牛肉面世贸天阶这家出品稳定汤底浓郁面条筋道。牛肉切得大片厚实给得不抠。加一份肉加一个蛋就是顶配拉面套餐。,,3,0,1,2026/4/19 7:19,2026/4/19 7:19
1537,1240,175,1537,肖蘸罐罐米线阜成门这家米线用的是罐罐装的很有仪式感。汤底滚烫把配菜一样一样丢进去瞬间烫熟。酸辣汤底最好喝开胃。,,1,0,1,2026/3/18 15:31,2026/3/18 15:31
1538,1083,30,1537,晋状元手擀面配驴肉火烧两者搭配很完美。面是手工擀的筋道弹牙驴肉火烧外酥里软肉香浓郁。一顿饭两种山西特色都吃到了。,,1,0,1,2026/4/5 20:35,2026/4/5 20:35
1539,1866,25,1539,农耕记外卖专门店海淀这家外卖包装很用心汤和面分开装不会糊。湖南菜的味道辣得地道。适合在公司加班的时候点来犒劳自己。,,0,0,1,2026/5/24 9:29,2026/5/24 9:29
1540,704,159,1539,甘谷天水麻辣烫的汤底是用甘肃甘谷辣椒熬出来的香而不燥。蔬菜新鲜丸子种类多麻酱辣椒自己加。跟四川麻辣烫不同有自己的特色。,,10,0,1,2026/6/11 3:18,2026/6/11 3:18
1541,115,144,1541,亮健容天土锅羊蝎子开了有段时间了一直保持稳定的品质。菜量给得大方几个人一起点菜很划算。环境也干净没有那些花里胡哨的装修就是实在。,,0,0,1,2026/3/28 15:16,2026/3/28 15:16
1542,148,172,1541,方砖厂69号中海大吉巷这家分店排队比南锣鼓巷少多了体验好很多。炸酱面的品质完全一样酱香面筋道面码新鲜。,,0,0,1,2026/3/13 8:21,2026/3/13 8:21
1543,638,98,1543,炮局胡同社区食堂是附近居民固定的吃饭点。盖饭十来块管饱味道就是家常水平。没有花里胡哨就是实实在在地让你吃饱。,,3,0,1,2026/4/19 15:08,2026/4/19 15:08
1544,1640,167,1543,kVerse咖啡很安静适合带着电脑来工作。拿铁奶泡打得细腻顺滑拉花每次都不同很用心。甜点推荐芝士蛋糕浓郁绵密。,,0,0,1,2026/4/28 13:29,2026/4/28 13:29
1545,127,179,1545,阿拉比卡咖啡白塔寺这家环境极简但咖啡品质一流。西班牙拿铁的炼乳甜度刚好搭配咖啡的苦形成了完美的平衡。就是价格偏高。,,1,0,1,2026/5/24 13:37,2026/5/24 13:37
1546,108,129,1545,京州涮王府井故宫这家手切羊肉是现切的绝不冷冻。清汤锅底只放葱姜几样简单的东西让羊肉的原味被最大程度释放。糖蒜免费续。,,2,0,1,2026/5/9 13:22,2026/5/9 13:22
1547,1562,126,1547,门框胡同涮肉护国寺这家店不大但涮肉的质量很高。羊肉不膻不柴现切的能吃出肉的纹理和鲜甜。麻酱自己调韭菜花多点腐乳少点。,,0,0,1,2026/5/8 22:46,2026/5/8 22:46
1548,1968,13,1547,中国气象局招待所餐厅就是标准的招待所水平菜量大实惠。红烧鱼是招牌炖得入味鱼肉嫩滑汤汁浓稠浇在饭上太下饭了。,,0,0,1,2026/6/3 1:30,2026/6/3 1:30
1549,4068,96,1549,巫山烤鱼老孔兴路这家用的是活鱼现烤外焦里嫩。蒜香味的烤鱼蒜蓉烤得金黄铺满了整条鱼的表面。配菜有土豆藕片豆皮每样都好吃。,,19,0,1,2026/6/9 19:53,2026/6/9 19:53
1550,4176,19,1549,张记固始鹅块的鹅肉炖得软烂入味汤汁浓郁拌饭一绝。鹅血和鹅胗也处理得好没有腥味。份量对得起价格一个人吃不完。,,16,0,1,2026/4/4 3:30,2026/4/4 3:30
1551,81,181,1551,健山羊蝎子粮食店的牛肉饼皮薄馅大一咬肉汁四溢。羊蝎子炖得烂乎入味骨髓吸出来满嘴香。冬天来这里就是续命。,,0,0,1,2026/5/28 23:37,2026/5/28 23:37
1552,38,165,1551,原鄉本味景山西街烤鸭北京的烤鸭是一家一个味这家偏瘦不腻口。鸭皮烤得透亮蘸白糖吃鸭油在嘴里化开太幸福了。价格良心。,,0,0,1,2026/3/11 16:04,2026/3/11 16:04
1553,1476,175,1553,云阿蛮云南生烫牛肉米线新百这家汤底滚烫把生牛肉片涮几秒就变色熟了。米线滑爽汤头鲜辣够味。云南的酸辣口味做得非常正宗。,,0,0,1,2026/4/1 21:50,2026/4/1 21:50
1554,2195,149,1553,名轩正宗山西刀削面的店不大但面的质量过硬。水煮肉片的肉片切得大块嫩滑麻辣味重底下豆芽豆皮吸饱了辣油。刀削面削得有水平薄厚均匀筋道弹牙。一大碗吃得满头大汗但非常解馋。,,0,0,1,2026/3/29 20:28,2026/3/29 20:28
1555,221,88,1555,浔涧鲜平价海鲜火锅万达这家海鲜新鲜价格确实不贵。自助调料台上有十几种调料麻酱自己调。虾滑是手打的能吃出虾肉颗粒。,,0,0,1,2026/4/6 20:41,2026/4/6 20:41
1556,664,115,1555,烧烤拉面店名直接告诉你是卖啥的。拉面汤底简单但味道不错面条拉的粗细均匀。烤串是炭火烤的有烟火气羊肉串三块一串便宜好吃。,,30,3,1,2026/3/6 0:52,2026/3/6 0:52
1557,1298,7,1557,鸦儿李记鼓楼这家每到饭点都排队但翻台快等不了多久。手切羊肉薄厚适中下锅变色就吃口感嫩滑。烧饼夹肉是必点的先垫一口再涮肉。,,1,0,1,2026/1/29 22:03,2026/1/29 22:10
1558,3374,151,1557,伟明烧烤是大排档风格露天坐着喝啤酒吃烤串。羊肉串三块一串牛肉串四块价格实惠味道好。夏天的夜晚就应该在这种地方度过。,,0,0,1,2026/2/27 1:05,2026/2/27 1:05
1559,3154,150,1559,和平串店羊蝎子烧烤羊蝎子加烧烤双重享受。羊蝎子炖得烂乎汤底麻辣鲜香最后涮面片超好吃。烤串也好吃不贵。,,0,0,1,2026/4/9 15:53,2026/4/9 15:53
1560,2348,178,1559,渝小鲜鲜炖鸡公煲的鸡肉是现炖的等的时间会久一点但值得。鸡肉嫩滑汤汁浓郁配菜土豆和宽粉吸饱了汤汁比鸡肉还好吃。,,0,0,1,2026/5/26 10:19,2026/5/26 10:19
1561,1738,17,1561,阿范云南菜的过桥米线正宗汤底滚烫把配菜一样样放进去瞬间烫熟。米线滑爽汤头清鲜。包烧豆腐也好吃外焦里嫩蘸着椒盐吃。,,0,0,1,2026/3/24 1:28,2026/3/24 1:28
1562,290,115,1561,九洑地餐厅环境不错装修有特色菜品精致。烤鸭是招牌皮酥肉嫩面饼薄韧。价格中等不算贵适合家庭聚餐或者请客。,,9,0,1,2026/6/5 0:21,2026/6/5 0:21
1563,1244,121,1563,喜粤精品中餐的粤菜做得精致点心现做现蒸。虾饺皇皮薄能看到粉色虾仁咬开汁水四溢。XO酱炒萝卜糕也好吃。,,0,0,1,2026/2/9 17:21,2026/2/9 17:21
1564,1133,82,1563,广味小馆就是地道的广东小馆菜单长长一张啥都有。白切鸡皮滑肉嫩蘸着姜葱油吃最经典。煲仔饭锅巴香脆腊味饭里面的腊肠腊肉腊鸭各有各的香。,,3,0,1,2026/5/3 18:25,2026/5/3 18:25
1565,129,128,1565,野瓦猫MeowMeow主打云南风味的石锅拌饭端上来还在滋滋响，锅底的锅巴是精华。泡菜酸辣开胃五花肉煎得焦香，店虽小但布置温馨一个人也能吃得很舒服。,,0,0,1,2026/3/21 17:51,2026/3/21 17:51
1566,110,169,1565,光线咖啡是我在这附近最喜欢的咖啡馆没有之一。手冲每次来都稳美式酸度刚好。老板记住我是常客每次来都会聊两句。,,1,0,1,2026/5/15 4:56,2026/5/15 4:56
1567,2540,55,1567,胶东饺子798店吃了很多次了品质一直很稳定。肉汁饺子皮薄馅大汤多。每次来都点韭菜鸡蛋虾仁三鲜馅的。,,8,0,1,2026/5/30 9:14,2026/5/30 9:14
1568,2110,180,1567,福达际海鲜的海鲜新鲜度是招牌生蚝现开扇贝饱满。蒜蓉粉丝蒸的做法蒜蓉铺满每一只食材的清甜被蒜蓉衬托出来。,,1,0,1,2026/3/27 19:17,2026/3/27 19:17
1569,2324,131,1569,金麦德牛肉面汤底熬得浓郁鲜香牛肉给得实在。价格良心附近的学生和打工人都来这里解决午饭。就是饭点人太多了得等很久。,,0,0,1,2026/2/11 20:17,2026/2/11 20:17
1570,3310,153,1569,鲜合面馆的面都是手工拉的一根根筋道弹牙。牛肉面汤底浓郁鲜香不是那种味精水。小店不大但每天爆满回头客很多。,,0,0,1,2026/3/30 3:24,2026/3/30 3:24
1571,2567,121,1571,蓝羊咖啡草场地这家是798周边最舒服的咖啡馆了。院子里两只猫是流量担当每次来都要先撸一把。手冲豆子选得好。,,5,0,1,2026/5/20 7:58,2026/5/20 7:58
1572,4272,83,1571,北理工第3食堂菜量给得足价格对学生友好。红烧肉炖得烂乎汤汁浇在饭上能吃三碗。毕业了还会想念食堂的味道。,,1,0,1,2026/2/26 23:22,2026/2/26 23:22
1573,4023,163,1573,黔韵澜杉小酒馆酸汤鱼是招牌木姜子油是灵魂。锅底的酸味是用西红柿发酵出来的跟醋不一样。精酿啤酒品种多适合微醺。,,46,1,1,2026/5/30 4:16,2026/5/30 4:16
1574,3715,75,1573,要潮人民咖啡馆开在宛平城里抗日纪念馆附近。逛完纪念馆来这里喝一杯冰美式坐在院子里休息一下特别惬意。位置独特。,,1,0,1,2026/5/22 17:47,2026/5/22 17:47
1575,856,163,1575,明城五号烤鸭坊的烤鸭在建国门这片算好的了。鸭子偏瘦不腻口鸭皮烤得脆蘸白糖好吃。价格也不贵适合家庭聚餐。,,3,0,1,2026/5/26 19:13,2026/5/26 19:13
1576,688,158,1575,老道外扒肉馆酱骨架是必点的肉炖得烂糊入味直接上手啃。东北拉皮也好吃麻酱给得足。每次去都要打包一份带回家。,,9,0,1,2026/6/5 15:22,2026/6/5 15:22
1577,602,37,1577,35号卷饼烤鸭的卷饼是特色把烤鸭片好放在薄饼上刷上甜面酱卷起来吃。方便快捷味道也在线。适合当快餐解决一顿。,,3,0,1,2026/3/28 9:32,2026/3/28 9:32
1578,1014,143,1577,门框卤煮朝阳门这家是我对比了好多家之后选出来的固定店。老汤味道浓郁火烧豆腐肥肠每样都煮得入味。配着北冰洋和糖蒜这是每个北京人都认同的完美一餐。,,2,0,1,2026/3/22 21:55,2026/3/22 21:55
1579,1422,179,1579,袁记云饺西直门每次路过必打包！饺子个头大馅料饱满皮薄筋道。红油干拌的比汤饺好吃太多了。性价比高。,,0,0,1,2026/2/27 20:01,2026/2/27 20:01
1580,1274,92,1579,二友居包子铺是西四的老字号了包子发面的松软蓬松汁水丰富。炒肝也做得地道蒜味冲鼻喝到最后碗底干干净净。,,0,0,1,2026/3/28 11:25,2026/3/28 11:25
1581,356,179,1581,斋堂红良餐厅在门头沟那边值得开车去。柴锅炖出来的东西就是比煤气灶的有烟火气。炖鸡炖鱼都好吃火候足味道香。,,0,0,1,2026/5/16 1:42,2026/5/16 1:42
1582,4286,175,1581,沐甘泽咖啡央美店藏在校园里别有洞天。手冲豆子新鲜酸度明亮回甘很长。美术生们边喝咖啡边写生氛围太好了。,,10,0,1,2026/2/7 14:41,2026/2/7 14:45
1583,2280,70,1583,顺时咖啡开在胡同里闹中取静冰滴是招牌。慢慢滴出来的咖啡纯净顺滑层次很丰富。夏天来一杯从头顶凉到脚趾降暑神器。,,1,0,1,2026/5/15 1:13,2026/5/15 1:13
1584,2934,141,1583,蜀尚品鲜鱼馆的鱼是现杀的端上来还在动。酸菜鱼的老坛酸菜够味汤底鲜酸开胃。鱼片薄嫩底下豆芽吸饱了汤汁比鱼肉还香。,,4,0,1,2026/4/26 3:01,2026/4/26 3:01
1585,111,144,1585,V7 COFFEE是那种社区咖啡店豆子是自己烘的。咖啡品质不输大牌但价格只有一半。美式十几块一杯良心到不行。,,0,0,1,2026/4/27 0:06,2026/4/27 0:06
1586,1551,173,1585,渔芙南白塔寺这家湘菜辣得够味是我喜欢的类型。剁椒鱼头鱼肉新鲜剁椒是自家做的酸辣适中。配着米饭太下饭了一顿三碗不在话下。,,1,0,1,2026/5/11 20:26,2026/5/11 20:26
1587,1280,158,1587,西部马华车公庄这家是二十四小时营业深夜食堂。半夜饿了不想吃便利店这里是最好的选择。牛肉面加上个卤蛋满分。,,1,0,1,2026/3/16 7:52,2026/3/16 7:52
1588,2011,127,1587,云阿蛮生烫牛肉米线汤底滚烫生牛肉在里面涮几秒就变色。米线滑爽汤头鲜辣云南风味做得很正。到了冬天来一碗暖和全国。,,4,0,1,2026/1/13 0:40,2026/1/13 0:43
1589,3676,162,1589,捌零小馆的臭桂鱼闻着臭吃着香端上来整个店都是那个味。鱼肉嫩滑一夹就散筷子根本停不下来。干锅花菜也好吃锅气十足。,,0,0,1,2026/3/30 13:28,2026/3/30 13:28
1590,4034,165,1589,咱家小院石林峡爬完山下来饥肠辘辘在这里得到了救赎。柴鸡炖得烂乎汤底黄澄澄的。环境是农家小院的感觉很朴素但舒服。,,36,1,1,2026/5/20 1:57,2026/5/20 1:57
1591,3508,41,1591,明儿见餐饮小院藏在胡同里头不太好找但找到就值了。锅包肉外酥里嫩酸甜汁挂得好。小院里有棵梧桐树夏天在树下吃饭凉快得很。,,13,2,1,2026/4/23 5:28,2026/4/23 5:28
1592,2906,143,1591,新京熹银泰这家环境比白塔寺好很多同样品质好吃。羊肉薄厚均匀下锅变色就吃嫩到极致。麻酱自己调腐乳韭菜花辣椒油一样不少。,,3,0,1,2026/5/6 12:31,2026/5/6 12:31
1593,2741,108,1593,松鹤楼台基厂松鼠桂鱼外酥里嫩酸甜汁调得恰到好处。鱼身片片分明每片都裹满了酸甜汁。这道菜太有仪式感了请客必备。,,2,0,1,2026/3/6 9:11,2026/3/6 9:11
1594,840,168,1593,南门涮肉金宝街装修新环境好涮肉品质依然在线。羊肉是现切的清汤锅底涮出来的肉是甜的。烧饼现烙的热乎着掰开层层分明。,,3,0,1,2026/5/2 19:48,2026/5/2 19:48
1595,41,15,1595,新年华家常菜景山西街开了很多年了附近的居民都在这解决午饭。菜量给得足味道家常价格实惠。没有什么特别的就是实在两个字。,,0,0,1,2026/4/3 12:17,2026/4/3 12:17
1596,78,133,1595,惠临家常菜前门大街这家店给我一种家的感觉。麻婆豆腐炒得够味锅气十足。在景区附近能有这么实惠的店很难得。,,0,0,1,2026/5/28 23:46,2026/5/28 23:46
1597,4255,174,1597,太湖小馆交大店蟹粉狮子头端上桌还在晃松软无比。蟹粉鲜香和猪肉的香味融合在一起。糖醋小排同样出色外酥里嫩酸甜刚好。,,0,0,1,2026/5/6 9:05,2026/5/6 9:05
1598,1014,115,1597,门框卤煮朝阳门这家的卤煮在北京是排得上号的。汤底浓而不腻火烧吸饱了汤汁每一口都爆浆。吃完以后喝一杯北冰洋收尾太满足了。,,1,0,1,2026/4/18 5:16,2026/4/18 5:16
1599,1592,141,1599,牛牛面包咖啡的现烤面包从烤箱拿出来的时候整个店都是黄油香。可颂外酥内软层次分明。附近居民每天都来买早餐。,,0,0,1,2026/1/12 13:36,2026/1/12 13:36
1600,3588,177,1599,魔王咖啡商店的松饼是我吃过最好吃的现烤的端上来还是热乎的。配着蜂蜜黄油和拿铁简直完美下午茶。老板自己烘的豆子品质很高。,,0,0,1,2026/3/3 20:41,2026/3/3 20:41
1601,858,177,1601,天桥艺术咖啡就在剧场旁边看剧前后喝一杯方便至极。咖啡品质一般但胜在位置绝了。坐在窗边可以看到剧院来来往往的观众。,,0,0,1,2026/1/20 2:40,2026/1/20 8:07
1602,769,134,1601,红记咖啡redmemo的老板会给你讲每款豆子的故事很有情怀。手冲手法专业每次出来的味道都稳定。是那种让人想再去的温馨小店。,,1,0,1,2026/6/4 7:42,2026/6/4 7:42
1603,28,31,1603,奥华老张记虾仁独面筋是天津菜在北京的顶尖水平。面筋吸饱了汤汁一咬爆出来虾仁饱满鲜美。每次来台基厂必去光顾。,,3,0,1,2026/2/1 11:11,2026/2/1 11:11
1604,141,181,1603,晓蕊家凉皮的麻辣烫是老式的那种汤底自己熬。蔬菜新鲜丸子种类多麻酱辣椒自己加。吃的就是一个自己动手丰衣足食的感觉。,,0,0,1,2026/5/12 18:42,2026/5/12 18:42
1605,1182,147,1605,蟹黄生煎生煎包底部煎得金黄焦脆里面的蟹黄馅料饱满。咬开蟹油直接流出来烫了好几次嘴。但就是忍不住想吃太香了。,,0,0,1,2026/5/31 1:14,2026/5/31 1:14
1606,544,148,1605,后河快餐店就是大食堂级别的东西谈不上好吃但确实便宜。盖饭十来块管饱。附近的工人和外卖小哥都爱来因为快和便宜。,,0,0,1,2026/3/8 19:42,2026/3/8 19:42
1607,724,60,1607,静一白塔寺藏在胡同深处安静得与世无争。热干面麻酱给得足面条劲道爽滑。老板是湖北人做出来的热干面是那种乡愁的味道。,,0,0,1,2026/5/5 11:55,2026/5/5 11:55
1608,585,98,1607,老北京丰泽居的麻酱烧饼是每周必买的刚出炉的烫手最香。掰开层层分明每层都裹着芝麻酱。配着羊杂汤喝太幸福了。,,1,0,1,2026/6/8 2:26,2026/6/8 2:26
1609,2294,59,1609,小蜗厨房的手撕鸡是必点的鸡肉撕成丝拌辣椒油蒜泥和香菜。麻辣鲜香越吃越上瘾。店面不大但布置得很温馨。,,1,0,1,2026/5/21 9:55,2026/5/21 9:55
1610,2234,30,1609,王记火锅冒菜的豆花牛肉永远是我的首选豆花嫩滑如丝绸牛肉片薄入味。红油锅底麻辣鲜香一个人点个大份配两碗米饭就是完美一餐。,,0,0,1,2026/3/17 3:37,2026/3/17 3:37
1611,2178,106,1611,黯然销魂大排档名字取得够狂但东西也确实好吃。夏天在露天吃烤串喝啤酒是北京夜生活的正确打开方式。海鲜也新鲜价格不贵。,,0,0,1,2026/4/13 19:27,2026/4/13 19:27
1612,1499,47,1611,派希亚咖啡厅的蜂蜜蛋糕端上来还是热乎的整个店都是蜂蜜的甜香。配美式吃苦甜平衡得很好。安静舒适适合带着电脑办公。,,0,0,1,2026/3/28 15:35,2026/3/28 15:35
1613,328,109,1613,渔蓝海鲜火锅海鲜新鲜龙虾鲍鱼是空运来的。刺身切得薄如蝉翼入口鲜甜。过年或者纪念日才舍得来一次吃完之后觉得所有辛苦都值得。偶尔的奢侈是对自己最好的犒赏。,,1,0,1,2026/3/14 2:35,2026/3/14 2:35
1614,126,171,1613,九城居双人餐性价比高菜量给得足两个人吃到撑还打包。味道家常不踩雷环境干净整洁。适合朋友聚餐也适合约会。,,0,0,1,2026/6/4 3:00,2026/6/4 3:00
1615,1414,48,1615,内蒙羊汤西四这家羊汤是用羊骨熬了十几个小时汤色白如牛奶。胡椒粉自己加多加点全身冒汗。冬天早上来一碗一整天都不冷。,,0,0,1,2026/1/22 19:11,2026/1/22 19:55
1616,3146,30,1615,胶东海鲜大排档北太平庄这家是夏天夜宵根据地。辣炒花蛤蛏子扇贝量大实惠。露天坐外面喝着啤酒吃着海鲜聊着天夏天就该这么过。,,0,0,1,2026/4/11 17:45,2026/4/11 17:45
1617,3040,163,1617,沙县小吃青年路店是标准沙县该有的样子。拌面扁食蒸饺三件套十几块钱搞定一顿。学生党和上班族的固定食堂。,,8,0,1,2026/3/20 11:56,2026/3/20 11:56
1618,2048,166,1617,一面刀削面馆这家的刀削面削得薄厚均匀筋道弹牙。肉臊子炒得香配着山西老陈醋浇在面上拌开太香了。价格实惠附近居民和学生都爱来。,,1,0,1,2026/5/31 19:27,2026/5/31 19:27
1619,3604,178,1619,香河肉饼过桥米线肉饼是真的好吃皮薄馅大一咬汁水四溢。米线也不错汤底鲜米线滑爽。附近上班族的午饭首选之一。,,0,0,1,2026/4/24 0:15,2026/4/24 0:15
1620,3496,19,1619,北京家峪居民俗饭庄在郊区环境好空气清新农家菜做得地道。炖柴鸡是招牌炖得软烂入味用筷子一夹就散了。周末开车去郊游顺便吃一顿。,,13,1,1,2026/1/13 1:17,2026/1/13 1:21
1621,718,163,1621,有术咖啡是那种安安静静的小店手冲做得很好豆子新鲜风味层次分明。适合一个人来坐一下午看书发呆。,,0,0,1,2026/1/29 22:21,2026/2/2 2:20
1622,4082,180,1621,西集三哥烤羊腿是通州那边的一家老店了烤羊腿外焦里嫩分割下来的肉片片都带着孜然的香。三四个人来吃一整条羊腿刚刚好配着啤酒太美了。,,15,5,1,2026/3/3 14:13,2026/3/3 14:13
1623,2404,150,1623,丈头里餐馆名字不好记但菜是真的好吃。酱骨头是招牌一只大棒骨肉炖得烂乎骨髓也能吸。分量大价格实惠适合朋友聚餐敞开吃。,,1,0,1,2026/3/9 19:47,2026/3/9 19:47
1624,2512,142,1623,龙泉饭庄在北宅村那边虽然偏但味道值得跑一趟，驴肉火烧是招牌肉香馍脆。农家菜也做得不错炒土鸡蛋贴饼子炖鸡都实在，人多时候要等位建议早点去。,,6,0,1,2026/4/23 18:59,2026/4/23 18:59
1625,4289,61,1625,央美3食堂菜量给得足价格对学生友好是学生们最爱的食堂。打饭阿姨手不抖这在中国大学食堂里太难得了。毕业了真的会想念这里的味道。,,9,0,1,2026/4/7 20:26,2026/4/7 20:26
1626,3998,19,1625,小胖包子王狼垡店包子个大皮薄肉馅实在汁水丰富。猪肉大葱的是经典配碗炒肝或者小米粥就是完美早餐。开了很多年的老店了。,,0,0,1,2026/1/24 15:53,2026/1/29 14:57
1627,2370,163,1627,良苑烤鸭店前门这家游客多但本地人也认可品质。宫保鸡丁意外地好吃花生酥脆鸡丁嫩滑。烤鸭不油腻偏瘦配面饼面酱刚刚好。,,3,0,1,2026/3/12 19:53,2026/3/12 19:53
1628,2232,17,1627,桥头私房菜没有固定菜单今天老板从菜市场买什么就吃什么。红烧肉是每次必有的菜炖了三个小时肥而不腻入口即化。开了很多年口碑一直很好。,,0,0,1,2026/5/21 1:53,2026/5/21 1:53
1629,1530,126,1629,徽湘私家菜虎坊桥这家湘菜和徽菜都做得好。剁椒鱼头鱼肉鲜嫩剁椒酸辣入味。毛氏红烧肉和湖南那边一个味道。米饭管够下饭。,,0,0,1,2026/4/20 4:49,2026/4/20 4:49
1630,110,15,1629,光线咖啡是我在北锣这边最常去的店没有之一。手冲永远不让人失望环境安静舒适。老板会记住老客人的口味下次来直接问你今天还是老样子吗。这就是社区咖啡店的温度。,,0,0,1,2026/4/12 22:21,2026/4/12 22:21
1631,2540,166,1631,胶东饺子798每次来都点三鲜馅的百吃不厌。肉汁在嘴里炸开的时候那种幸福感到现在都记得。饺子皮的厚度刚刚好不破不硬。,,6,0,1,2026/4/11 14:59,2026/4/11 14:59
1632,2324,181,1631,金麦德牛肉面汤底熬得浓白牛肉鲜嫩面条筋道。每次来都要加一份肉和卤蛋。饭点人多要等但为了这碗面等等也值了。,,1,0,1,2026/3/22 21:58,2026/3/22 21:58
1633,2110,155,1633,福达际海鲜是我会推荐给所有来北京的朋友的海鲜店。新鲜度没得挑价格合理服务好。蒜蓉粉丝蒸扇贝和椒盐皮皮虾是我的双保险。,,0,0,1,2026/5/19 19:16,2026/5/19 19:16
1634,688,87,1633,老道外扒肉馆每次来都点酱骨架一个人啃一根配碗东北拉皮。肉炖得烂乎入味骨髓用吸管吸出来浓郁香滑。东北人的豪爽全在这根骨头上。,,6,0,1,2026/6/11 18:29,2026/6/11 18:29
1635,3310,91,1635,鲜合面馆的面在我心里比很多网红面馆都好吃。牛肉汤底是真正熬出来的没有味精的假鲜。手工拉的每一根面都筋道弹牙。简简单单的一碗面吃出了匠人精神。,,1,0,1,2026/3/10 8:57,2026/3/10 8:57
1636,2567,71,1635,蓝羊咖啡草场地这家是我在798附近发现的宝藏。手冲咖啡品质在线豆子新鲜酸度明亮。最加分的是院子里两只猫每次来都要撸一把才走。,,8,0,1,2026/1/6 1:21,2026/1/6 3:32
1637,856,49,1637,明城五号烤鸭坊是我请外地朋友吃烤鸭的固定选择。比全聚德便宜但品质不输。鸭子偏瘦不腻面饼手工擀的。,,1,0,1,2026/2/9 6:40,2026/2/9 6:40
1638,4023,19,1637,黔韵澜杉小酒馆每次来必点酸汤鱼和精酿啤酒。木姜子油是点睛之笔滴进去整个锅的味道就活了。微醺吃鱼是人间至乐。,,48,1,1,2026/2/8 19:32,2026/2/8 19:32
1639,3715,132,1639,要潮人民咖啡馆的地理位置太特别了在宛平城里面逛完抗日纪念馆出来喝杯咖啡。院子里安静舒服能坐一下午。这种体验在北京其他地方找不到。,,0,0,1,2026/1/9 8:04,2026/1/11 4:09
1640,4272,72,1639,北理工3食堂的红烧肉是我大学记忆里最深的一道菜。炖得烂乎入味汤汁浇在饭上能连吃三碗。毕业了还会借故回学校就为了这碗红烧肉。,,0,0,1,2026/2/18 21:49,2026/2/18 21:49
1641,2280,107,1641,顺时咖啡藏在胡同里但酒香不怕巷子深。冰滴咖啡是招牌他们家用的是冰水混合物慢慢滴出来的每滴都要好几分钟。喝起来纯净顺滑没有任何苦味只有咖啡豆本身的酸甜。夏天来这里来一杯能坐上整个下午。,,0,0,1,2026/5/2 6:22,2026/5/2 6:22
1642,1274,150,1641,二友居包子铺吃了好多年了品质从来没掉过。包子发面的松软蓬松猪肉大葱馅的汁水最多。炒肝也做得地道配包子是天造地设的一对。,,1,0,1,2026/5/9 7:09,2026/5/9 7:09
1643,2048,113,1643,一面刀削面馆的刀削面在我吃过的山西面馆里排前三。面的筋道程度刚刚好肉臊子炒得香。山西陈醋是关键浇上一点拌开面的香味全出来了。,,1,0,1,2026/2/27 3:13,2026/2/27 3:13
1644,356,137,1643,斋堂红良餐厅坐落在郊区但专门跑一趟是完全值得的。柴锅炖出来的鸡和鱼有那种城市里吃不到的烟火气。坐在农家院子里边吃边看山景太惬意了。,,0,0,1,2026/5/31 11:03,2026/5/31 11:03
1645,602,180,1645,35号卷饼烤鸭是我这种懒得正经吃烤鸭的人的福音。卷好的饼不会弄得满手是油方便快捷。味道也不错甜面酱给得刚好。,,3,0,1,2026/2/4 8:41,2026/2/4 12:17
1646,1422,105,1645,袁记云饺西直门店我已经带了好几个朋友来过了每个人都说好吃。饺子个头大馅料实在皮薄筋道。红油干拌的比汤饺好吃。,,0,0,1,2026/2/10 9:55,2026/2/10 9:55
1647,2934,148,1647,蜀尚品鲜鱼馆的酸菜鱼是目前北京我吃过最好的。鱼是现杀的老坛酸菜够味汤底鲜酸。每次来都要喝三碗汤才罢休。,,7,0,1,2026/4/22 16:45,2026/4/22 16:45
1648,4286,62,1647,沐甘泽咖啡隐藏在央美校园深处不太好找但像是找到了秘密基地。手冲豆子都是自己烘的店里的咖啡香和油画颜料的味道混在一起有一种独特的艺术氛围。每次来都带一本素描本坐一个下午。,,6,0,1,2026/5/31 8:14,2026/5/31 8:14
1649,111,172,1649,V7 COFFEE是我日常咖啡补给站。豆子品质稳定价格良心。美式一杯十几块在这个地段太划算了。喜欢他家小窗口的设计路过直接买。,,1,0,1,2026/6/8 3:36,2026/6/8 3:36
1650,1280,131,1649,西部马华牛肉面车公庄这家二十四小时营业对我这种夜猫子来说是救星。半夜饿了不用吃便利店这里有热乎的面和肉。滋味就是普通兰州拉面的样子但能吃出家的感觉。,,1,0,1,2026/6/9 9:43,2026/6/9 9:43
1651,1551,140,1651,渔芙南白塔寺这家湘菜是我会安利给每一个来北京的朋友的店。剁椒鱼头鱼肉鲜嫩剁椒是自家做的酸辣入味。每次去都光盘说明真的很能打。,,0,0,1,2026/5/30 18:39,2026/5/30 18:39
1652,3676,177,1651,捌零小馆臭桂鱼那种闻着臭吃着香的极致体验只有真正吃过的人才能理解。鱼肉嫩滑筷子轻轻一夹就散。干锅花菜也好吃锅气很足。,,0,0,1,2026/4/20 5:09,2026/4/20 5:09
1653,4034,155,1653,咱家小院石林峡景区附近吃饭的不二之选。爬完山下来饥肠辘辘时这家店就是救命的存在。柴鸡炖得烂乎汤底金黄农家伙食就是这么朴素但好吃。,,43,3,1,2026/2/17 1:40,2026/2/17 1:40
1654,3508,110,1653,明儿见餐饮小院去了好几次了每次都有不同的惊喜。老板经常换新菜说是看市场上有什么新鲜就买什么。锅包肉是永恒不变的王牌外酥里嫩酸甜汁挂得刚好。院里有棵梧桐树秋天满院子都是黄叶太美了。,,16,5,1,2026/4/4 19:01,2026/4/4 19:01
1655,2906,40,1655,新京熹银泰这家环境比白塔寺好太多吃完涮肉还能在银泰逛逛。羊肉现切薄厚均匀清汤锅底涮出来是甜的。每次必多点一盘肉不然不够吃。,,3,0,1,2026/2/18 11:41,2026/2/18 11:41
1656,2741,171,1655,松鹤楼台基厂的松鼠桂鱼放在桌上那瞬间所有人都会发出哇的一声。造型太漂亮了像一条真的鱼在游。酸甜汁调得恰到好处鱼肉外酥里嫩每片都分得清清楚楚。,,1,0,1,2026/4/30 16:58,2026/4/30 16:58
1657,110,152,1657,光线咖啡的dirty是我在北京喝过最好的之一。浓缩倒在冰牛奶上分层漂亮得很入口顺滑浓郁。北锣这边越来越热闹但这家店始终保持着自己的节奏不急不躁。,,0,0,1,2026/6/5 7:54,2026/6/5 7:54
1658,2324,84,1657,金麦德牛肉面的老板是陕西人做出来的面是正宗西北味。汤底每天熬十几个小时不加任何味精喝完不口干。牛肉量给得足大块大块的。我在这里吃了快两年了也算半个熟客了。,,0,0,1,2026/6/8 11:21,2026/6/8 11:21
1659,2110,131,1659,福达际海鲜每次吃完都觉得下次还要来。龙虾两吃刺身清蒸各有风味。清蒸的虾膏流出来拌米饭是世间美味。价格不算便宜但品质对得起这个价钱。,,1,0,1,2026/2/24 8:32,2026/2/24 8:32
1660,2540,45,1659,胶东饺子798店是我只要想吃饺子就会来的地方。三鲜馅韭菜鸡蛋虾仁经典组合百吃不厌。店不大但干净整洁服务热情。,,8,0,1,2026/1/2 22:02,2026/1/3 9:23
1661,688,162,1661,老道外扒肉馆最让我感动的是他家的锅包肉。不是番茄酱的那种是老式糖醋汁的外酥里嫩酸甜适度。和哈尔滨中央大街的百年老店味道几乎一模一样。在北京能吃到这个水平太难得了。,,10,0,1,2026/2/20 15:03,2026/2/20 15:03
1662,856,126,1661,明城五号烤鸭坊除了烤鸭其他菜也值得一试。干炸丸子外面酥脆里面细腻蘸椒盐吃绝了。环境新装修以后比原来好了很多请客聚餐都合适。,,1,0,1,2026/3/22 19:44,2026/3/22 19:44
1663,3715,168,1663,要潮人民咖啡每次带朋友来逛宛平城都会特意安排在这里休息一下。冰美式配着院子里的老槐树喝起来特别有年代感。城里寸土寸金的地方有这样一个发呆的好去处太难得了。,,0,0,1,2026/3/4 11:51,2026/3/4 11:51
1664,3310,180,1663,鲜合面馆的面条是手工拉的每一根粗细均匀。我有时候下班了专门绕路去这里吃一碗面。简单的幸福有时候就是一碗热乎的面。,,0,0,1,2026/4/5 21:33,2026/4/5 21:33
1665,4272,146,1665,北理工3食堂是学生时代最温暖的记忆之一。大锅菜能做成这个水平确实说明厨师用心了。红烧肉炖得烂乎土豆丝炒得脆生。每次回学校必须去吃。,,0,0,1,2026/4/3 12:04,2026/4/3 12:04
1666,4023,156,1665,黔韵澜杉小酒馆已经来过无数次了每次都点一样的菜从不踩雷。酸汤鱼精酿啤酒两个招牌撑起了这家店的全部。适合三五好友下班后聚一聚。,,42,4,1,2026/1/1 0:39,2026/1/1 1:00
1667,2567,181,1667,蓝羊咖啡其实798附近的咖啡馆竞争非常激烈但蓝羊靠两只猫杀出了一条血路。当然咖啡本身也是过硬的。冬天来坐在室内抱着猫喝热拿铁外面雪花飘飘。大概这就是生活吧。,,10,0,1,2026/5/2 13:22,2026/5/2 13:22
1668,356,170,1667,斋堂红良餐厅周末开车去门头沟郊游的必停站。柴锅炖鸡炖了两个多小时端上桌还在咕嘟咕嘟冒泡。汤底黄澄澄的鸡肉一夹就散没有任何腥味只有鲜。吃完饭在旁边爬爬山消消食完美周末。,,0,0,1,2026/1/15 6:13,2026/1/15 6:47
1669,2280,58,1669,顺时咖啡的冰滴是我每年夏天最盼望的东西没有之一。他们的冰滴不是普通冰滴是用冰水混合物一点一点滴出来的所以入口的时候温度刚刚好不会太冰。喝下去的时候能尝到咖啡豆本身的甜味一点也不苦。老板说这个设备是自己设计改装的花了很长时间调试。,,0,0,1,2026/4/1 10:42,2026/4/1 10:42
1670,602,43,1669,35号卷饼烤鸭外卖点和同事午饭我经常会点这个。卷好的饼方便好吃不用像传统烤鸭那样弄得满手油。价格也合理十几块钱就能吃好。,,2,0,1,2026/6/7 2:38,2026/6/7 2:38
1671,1274,142,1671,二友居包子铺不管什么时候去都有人在排队。但包子出得快排队时间不长。猪肉大葱经典韭菜鸡蛋也好吃。炒肝也地道。,,0,0,1,2026/4/9 1:03,2026/4/9 1:03
1672,2195,123,1671,名轩山西刀削面的师傅削面的时候刀起刀落面片飞进锅里像是表演。面片薄厚均匀筋道弹牙。量大实在一个人一碗面就管饱。,,0,0,1,2026/5/25 9:48,2026/5/25 9:48
1673,4286,108,1673,沐甘泽咖啡在央美校园深处对于非本校的人来说不太好找但值得找。咖啡是正经的好咖啡不像很多网红店只靠装修。边喝咖啡边看美术生们画画是一种独特的体验。定期还会有学生的小型展览。,,8,0,1,2026/4/4 5:07,2026/4/4 5:07
1674,1422,109,1673,袁记云饺西直门是我吃过最好吃的袁记云饺之一。饺子个大馅实皮薄汁多。红油干拌的推荐最多确实比汤饺好吃太多。每次路过都不知道为什么就走进去了。,,0,0,1,2026/3/13 6:35,2026/3/24 13:51
1675,2934,181,1675,蜀尚品鲜鱼馆酸菜鱼是我会专门坐车去吃的。鱼片切得薄故入锅变色就能吃嫩滑到在嘴里化开。老坛酸菜的酸味很正不是加醋那种假酸。吃完鱼后用汤泡饭是隐藏吃法。,,9,0,1,2026/4/26 19:23,2026/4/26 19:23
1676,1551,172,1675,渔芙南白塔寺这个位置不好找但是找到了就是一片天。湘菜正宗程度在北京是天花板级别的。剁椒鱼头肉质鲜嫩剁椒够味。还有隐藏菜单湖南米粉需要提前跟老板打招呼。总之是一家值得反复去的店。,,0,0,1,2026/2/1 16:09,2026/2/1 16:09
1677,3222,162,1677,王老六铁锅炖鱼鸟巢店冬天来吃很暖和。铁锅里炖着鱼和豆腐粉条咕嘟咕嘟冒泡。鱼肉炖得入味鲜嫩整条鱼筷子一夹就散了。几个人围坐铁锅旁边吃边聊特别热闹。,,0,0,1,2026/3/31 8:56,2026/3/31 8:56
1678,2520,117,1677,君庭中餐厅环境优雅菜品精致适合商务宴请。粤菜做得地道白切鸡皮滑肉嫩蘸姜葱汁一绝。服务好包厢安静谈生意定在这里准没错。,,1,0,1,2026/4/4 13:59,2026/4/4 13:59
1679,2760,159,1679,Hi-Town海塘餐吧晚上气氛超好有乐队驻唱适合放松。鸡尾酒调得不错节奏感很强的小吃拼盘也好。约三五好友来喝一杯听音乐是周末正确的打开方式。不过价格偏贵人均不低。,,8,0,1,2026/4/13 13:08,2026/4/13 13:08
1680,2768,148,1679,星巴克万达广场店位置好人流大但服务还行。星冰乐是夏天必备路过买一杯。不用期待惊喜就是标准连锁店的水准。,,6,0,1,2026/1/4 17:00,2026/1/5 13:08
1681,2430,64,1681,渔蓝海鲜火锅海鲜新鲜龙虾处理得干净虾膏饱满。汤底清甜不是重口味的那种涮海鲜正好能吃到海鲜本味。服务好环境雅致适合家庭聚餐。,,3,0,1,2026/2/12 16:05,2026/2/12 16:05
1682,448,153,1681,羊阿羊手工驴打滚是我吃过最软糯的驴打滚没有之一。糯米皮薄薄一层裹着红豆沙外面滚一层黄豆粉。吃到嘴里软糯香甜不粘牙。老板是手工现做一天只做有限的量去晚了就没了。,,0,0,1,2026/5/5 7:18,2026/5/5 7:18
1683,1396,132,1683,大栅栏京味劉炙子烤肉是那种老北京的市井味道。肉是自己烤的炭火味很足配上烙饼和甜面酱。来这儿吃的就是那种烟火气和热闹劲儿。,,0,0,1,2026/3/29 6:04,2026/3/29 6:04
1684,3235,117,1683,老北京风味餐厅是一家味道很正宗的老店。炸酱面酱香浓郁面条筋道配上八碟菜码摆一桌子很有仪式感。每次来都点这一碗吃得很满足。,,1,0,1,2026/4/30 17:06,2026/4/30 17:06
1685,30,137,1685,本纯食社主打原生态食材健康清淡。食材新鲜看得见的干净。味道不重适合喜欢清淡口味的人。环境安静舒适一个人吃饭也不会尴尬。,,2,0,1,2026/1/13 16:52,2026/1/13 19:45
1686,554,135,1685,老边饺子馆和平门店饺子种类多蒸饺水饺煎饺都有。最招牌的是蒸饺皮薄馅大一咬汁水四溢。价格实惠品质稳定开了很多年有它的道理。,,1,0,1,2026/5/27 20:27,2026/5/27 20:27
1687,358,44,1687,北京宏宴餐厅的酸菜鱼是招牌鱼片嫩滑汤底酸辣开胃，份量给得足两三个人吃一条刚好。环境雅致包间多，适合商务宴请和家庭聚餐。,,1,0,1,2026/5/6 0:11,2026/5/6 0:11
1688,176,46,1687,峨嵋酒家德内店宫保鸡丁是招牌做了几十年了份量足味道正。花生酥脆鸡丁嫩滑辣椒微麻花椒提香。老字号就是老字号的品质每次去都不会失望。,,0,0,1,2026/4/29 13:16,2026/4/29 13:16
1689,1140,58,1689,景秀餐厅南锣鼓巷逛累了过来歇歇脚。套餐性价比高菜量给得足味道家常。在南锣鼓巷这种地方能有这个价格很难得。,,0,0,1,2026/4/18 4:25,2026/4/18 4:25
1690,172,118,1689,厂桥12号餐咖藏在胡同里有一个很漂亮的小院。下午茶套餐颜值高点心精致好吃。阳光好的时候坐在院子里喝咖啡发呆。是个约会的好地方。,,0,0,1,2026/4/6 2:13,2026/4/6 2:13
1691,2345,109,1691,安民饸烙面炸酱面的饸烙面是用传统饸烙床子压出来的。面条粗圆有嚼劲口感独特。炸酱是自己炒的酱香浓郁配上黄瓜丝豆芽拌开了吃。,,3,0,1,2026/3/12 21:35,2026/3/12 21:35
1692,2210,153,1691,心连心饺子馆延庆店饺子是手工包的一吃就知道。皮薄馅大肉馅鲜嫩多汁。在延庆玩的时候发现的这家店以后每次来都来吃。,,0,0,1,2026/5/21 20:22,2026/5/21 20:22
1693,1498,130,1693,南来顺饭庄老字号清真馆子尤其是早点很棒。豆汁焦圈面茶烧饼一个不落。很多老北京一大早赶过来排队。吃得就是一种老北京的生活方式。,,1,0,1,2026/2/1 3:06,2026/2/1 3:07
1694,1250,159,1693,小胖包子王阜成门店包子个大皮薄肉馅实在。猪肉大葱是经典款一咬油就流出来。配上炒肝和小米粥是完美的早餐搭配。开了这么多年口碑一直很稳。,,1,0,1,2026/5/12 11:12,2026/5/12 11:12
1695,2628,176,1695,胶东刘妈妈肉汁饺子798店吃了这么多次最爱的还是三鲜馅。皮薄馅大汁水丰富吃到嘴里肉汁四溢。价格实惠品质稳定是798附近午饭的好选择。,,6,0,1,2026/4/25 19:03,2026/4/25 19:03
1696,2582,148,1695,文韵时光是一家很有文化气息的咖啡书店结合在一起。咖啡不错甜点用心。周末在这里点一杯拿铁翻一本书可以消磨一下午。环境文艺但不做作。,,8,0,1,2026/3/27 3:32,2026/3/27 3:32
1697,3918,148,1697,赣乡见家宴做的是地道江西菜。瓦罐汤每天限量供应汤底浓郁鲜香。粉蒸肉米粉裹得均匀肉蒸得软糯入口即化。在北京能吃到这么正的赣菜不容易。,,13,1,1,2026/6/6 9:50,2026/6/6 9:50
1698,1615,59,1697,南来顺饭庄的爆肚是一绝火候掌握得刚好脆嫩爽口。蘸着芝麻酱和辣椒油吃味道层次丰富。来南来顺不点爆肚真的是白来。,,0,0,1,2026/5/29 13:22,2026/5/29 13:22
1699,3716,167,1699,阿姐碳炉牛杂煲冬天来比较暖。牛杂处理得干净没有腥味。汤底浓郁萝卜炖得烂乎吸饱了汤汁比肉好吃。价格实惠分量大。,,0,0,1,2026/3/14 8:14,2026/3/14 8:14
1700,590,102,1699,老墙根涮肉东直门这家羊肉切得好薄厚均匀红白分明。清汤锅底涮出来羊肉是甜的。麻酱小料自己调腐乳韭菜花辣椒油按自己口味加。冬天来吃暖到骨头里。,,2,0,1,2026/4/8 0:37,2026/4/8 0:37
1701,812,168,1701,Ora Coffee财富中心这家是我上班路上必经的咖啡店。拿铁拉花漂亮口感顺滑。烘豆水平稳定不会有时候好喝有时候难喝。附近白领的咖啡续命站。,,3,0,1,2026/4/1 2:02,2026/4/1 2:02
1702,2336,161,1701,桃喜咖啡藏在小区里找到它有种寻宝的感觉。手冲做得认真每一杯都有风味卡介绍。最喜欢坐在窗边看着外面的老槐树喝咖啡。安静舒服像是在朋友家做客。,,3,0,1,2026/5/20 0:11,2026/5/20 0:11
1703,1240,165,1703,肖蘸罐罐米线阜成门店的米线是用小罐子装的很有仪式感。汤底鲜辣米线滑爽配料丰富。一个人吃一罐刚刚好。冬天来一碗从头暖到脚。,,1,0,1,2026/3/12 19:31,2026/3/12 19:31
1704,334,131,1703,奥华餐厅老张记台基厂的干炸小丸子是隐藏宝藏。外酥里嫩蘸椒盐吃绝了。虾仁独面筋也是每次必点面筋吸饱了汤汁。两个人点三四个菜刚刚好。,,2,0,1,2026/1/24 7:06,2026/1/24 7:15
1705,3378,164,1705,好味道食府吉洄路这家是吉洄路上我最常去的店。水煮鱼是招牌端上来的时候油还在滋滋啦啦地响。鱼片嫩滑辣椒香麻底下垫的豆芽莴笋吸饱了油比鱼还好吃。一家物美价廉的宝藏店铺。,,0,0,1,2026/4/20 19:31,2026/4/20 19:31
1706,127,24,1705,Arabica白塔寺店环境绝了面对着白塔喝咖啡。西班牙拿铁是他们家招牌奶香浓郁咖啡顺滑。天好的时候坐在露台上看着白塔和蓝天这杯咖啡值了。,,0,0,1,2026/4/19 7:52,2026/4/19 7:52
1707,3604,167,1707,香河肉饼过桥米线顺和写字楼这家真的是打工人的食堂。肉饼配米线两样都好吃价格不贵。周围上班族都是回头客。,,1,0,1,2026/5/27 3:45,2026/5/27 3:45
1708,3496,164,1707,北京家峪民居的农家菜是去门头沟郊游的惊喜。炖柴鸡端上来汤底还在冒泡香味飘一屋子。菜是自家种的炒出来和超市买的那种完全不是一个味道。,,23,3,1,2026/3/15 15:33,2026/3/15 15:33
1709,718,124,1709,有术咖啡在北京咖啡圈子里有口碑。手冲出品稳定每次的风味都准确。豆子都是精品单品来源可追溯。店面不大但低调地做着北京最好的精品咖啡之一。,,0,0,1,2026/6/5 16:09,2026/6/5 16:09
1710,4082,99,1709,西集三哥烤羊腿开了这么多年味道一直在线。烤羊腿外焦里嫩孜然辣椒比例刚好。每次来都点一整条三四个朋友分着吃。,,22,3,1,2026/3/29 11:37,2026/3/29 11:37
1711,2512,113,1711,龙泉饭庄北宅村这家离市区有点远但味道值得跑一趟。虹鳟鱼是旁边养殖场现捞的鲜得不用任何复杂做法。农家菜锅气足油大但不是糊弄人的那种好吃。周末开车去绝对不后悔。,,5,0,1,2026/3/22 3:59,2026/3/22 3:59
1712,2404,173,1711,丈头里餐馆名字不文艺但做的东西扎实。酱骨头分量大肉炖得烂乎骨髓吸出来巨香。每次来都吃得心满意足价格也不贵。实实在在的好餐馆。,,0,0,1,2026/5/28 22:21,2026/5/28 22:21
1713,2011,168,1713,云阿蛮生烫米线第一次吃的时候惊为天人。牛肉在滚烫的汤里变色变嫩入口即化。米线滑爽汤头又鲜又辣一碗下去浑身冒汗。云南老乡说这个味道就是家的味道。,,10,0,1,2026/2/18 15:02,2026/2/18 15:02
1714,41,171,1713,新年华家常菜景山西街就是那种小区楼下的家常馆子。味道说不上惊艳但绝对不难吃。菜量大价格低附近居民的一家老小都爱来。踏实。,,0,0,1,2026/5/19 5:21,2026/5/19 5:21
1715,840,168,1715,南门涮肉金宝街的装修比老店好多了但味道是一样的。涮羊肉清汤锅底涮出来的肉是甜的。麻酱烧饼现烙的香得不行。涮肉界的标杆之一。,,3,0,1,2026/3/8 7:48,2026/3/8 7:48
1716,78,110,1715,惠临家常菜前门这家在景区附近能有这个价格和品质实属难得。麻婆豆腐炒得入味锅气足。干煸豆角也好吃焦香味出来得刚好。,,0,0,1,2026/5/11 9:48,2026/5/11 9:48
1717,4289,19,1717,央美3食堂打饭阿姨手不抖是多少学生的心愿这里实现了。菜量给得足味道在大学食堂里算上乘。红烧肉炖得烂乎糖醋里脊外酥里嫩。毕业了还会想。,,4,0,1,2026/2/20 8:32,2026/2/21 3:38
1718,544,149,1717,后河快餐店就是最普通的那种快餐店没什么环境可言。但是便宜大碗管饱。米饭管够菜种类多吃饱十来块。打工人的食堂。,,0,0,1,2026/6/5 1:38,2026/6/5 1:38
1719,1592,135,1719,牛牛面包咖啡的提拉米苏是在北京吃过最好的之一。咖啡味浓马斯卡彭细腻顺滑底下的手指饼干浸得刚刚好。每次路过都要外带一个可颂和一杯拿铁。,,0,0,1,2026/5/30 7:36,2026/5/30 7:36
1720,1182,175,1719,蟹黄生煎的生煎包是上海口味的底脆汤多肉鲜。吃的时候一定要小心先咬一个小口吹一吹再喝汤。不然汤汁直接溅出来烫嘴。但就是要这么吃才有意思。,,1,0,1,2026/2/6 12:41,2026/2/6 12:41
1721,170,176,1721,刘二姐襄阳牛肉面西四这家牛肉面汤底红油满满牛肉片给得厚道。面条是碱水面口感独特弹牙。襄阳的朋友来了说味道和家里一样正。,,0,0,1,2026/4/24 4:58,2026/4/24 4:58
1722,3998,156,1721,小胖包子王狼垡店不用多介绍的老店包子就是好吃。皮薄馅大汁水多猪肉大葱的永远经典。早上来配碗小米粥和茶鸡蛋上班前精神满满。,,1,0,1,2026/1/4 4:03,2026/1/5 1:37
1723,4255,174,1723,太湖小馆交大店每次来都点蟹粉狮子头吃到嘴里那叫一个绵软鲜香。蟹粉和猪肉搭配完美蟹黄的鲜美贯穿始终。其他菜也不错糖醋小排和响油鳝糊都是正宗江南味。绝对是海淀这边江苏菜的扛把子。,,0,0,1,2026/4/16 14:07,2026/4/16 14:07
1724,3252,145,1723,马记永兰州牛肉面世贸天阶店品质稳定牛肉面汤清味鲜。面条粗细可选我喜欢二细筋道刚好。配上一份牛肉片和小菜吃完满满幸福感。,,2,0,1,2026/2/2 5:10,2026/2/2 5:10
1725,115,121,1725,亮健容天土锅羊蝎子的菜品实在不花哨味道家常吃得舒服。价格实惠出餐也快。不想做饭的时候来这吃一顿省心省力。,,1,0,1,2026/2/21 3:34,2026/2/21 3:34
1726,1866,133,1725,农耕记海淀大街这家外卖做得很好包装干净送达快。菜都是地道湘菜口味辣得过瘾。豆角烧茄子香辣入味下饭神器。懒得出门的时候就点这家。,,0,0,1,2026/2/11 2:15,2026/2/11 2:15
1727,148,66,1727,方砖厂69号炸酱面现在开了很多分店大吉巷这家品质保持了总店的水准。炸酱是三十几种调料熬出来的酱香浓郁。面条筋道菜码齐全拌开之后每一口都有不同的口感。来北京必吃。,,1,0,1,2026/3/9 1:46,2026/3/9 1:46
1728,704,48,1727,甘谷天水麻辣烫的麻辣烫和北京本地的不太一样。汤底是清油底不是那种浓稠的麻酱。手擀粉滑爽劲道辣度可以自己选。开在小胡同里每天门口都有人排队。,,8,0,1,2026/3/27 22:10,2026/3/27 22:10
1729,694,159,1729,锦州烧烤通州这家烧烤用的是碳火吃的就是那股碳香味。羊肉串肥瘦相间烤得滋滋冒油。烤鸡爪是先卤后烤软糯脱骨。锦州烧烤是烧烤界的隐藏王者。,,9,0,1,2026/3/19 11:56,2026/3/19 11:56
1730,461,85,1729,坂和鮨鱿鱼老大主打鱿鱼大阪烧鱿鱼新鲜弹牙酱料浓郁。店面不大位置不多但每次路过都会忍不住买一份。街头小吃的魅力。,,2,0,1,2026/4/13 23:21,2026/4/13 23:21
1731,1083,55,1731,晋状元手擀面主打山西面食手擀面粗圆有嚼劲。驴肉火烧也是招牌驴肉切得薄肥瘦相间。点一碗面加一个火烧配陈醋山西人的标准吃法。味道正。,,1,0,1,2026/5/2 22:41,2026/5/2 22:41
1732,638,114,1731,炮局胡同社区食堂就是家门口那种小馆子菜式家常味道普通。但胜在便宜方便不想做饭就来这吃一顿。社区食堂的意义就在于此。,,2,0,1,2026/1/28 15:39,2026/1/28 15:41
1733,1640,152,1733,kVerse咖啡是一家很有设计感的精品咖啡店。手冲豆子选得好风味描述准确。环境极简拍照好看但也确实舒服。咖啡品质在线不是那种只靠颜值的网红店。,,0,0,1,2026/2/10 1:17,2026/2/10 1:17
1734,2813,144,1733,祥隆餐厅日坛这家是附近夜里最热闹的地方。烤串是一绝羊肉串牛肉串鸡翅猪蹄样样都好吃。大排档露天座位夏天从傍晚开始坐到深夜。配上冰啤酒人间烟火气不过如此。,,2,0,1,2025/12/21 19:31,2025/12/21 19:40
1735,469,14,1735,康陵正德春饼宴的春饼现烙的薄而有韧性，酱肘子和合菜炒蛋摆满一桌自己动手卷。周末开车去昌平玩顺路来吃一顿很接地气，分量大管饱。,,0,0,1,2026/3/24 13:50,2026/3/24 13:50
1736,1562,174,1735,门框涮肉护国寺这家手切羊肉是一绝刀工好薄厚均匀。入锅变色就吃嫩极了没有一丝膻味。清汤锅底涮出来的肉是甜的能尝到羊肉本来的鲜。涮肉界的实力派。,,0,0,1,2026/4/20 7:27,2026/4/20 7:27
1737,1968,140,1737,气象局招待所餐厅虽然名字低调但菜品不简单。淮扬菜做得精致狮子头松软蟹粉汤包汁多味鲜。环境整洁服务规范性价比也高。来吃饭的很多是退休的老气象局职工。,,0,0,1,2026/3/29 17:02,2026/3/29 17:02
1738,4068,169,1737,巫山烤鱼老孔兴路这家烤鱼烤得外焦里嫩鱼肉入味。香辣味是首选上桌时还在滋滋啦啦地响。鱼吃完后汤底可以涮菜豆皮藕片金针菇每样都吸饱了汤汁。朋友聚餐来一条大鱼加点配菜很实惠。,,11,0,1,2026/1/27 16:28,2026/1/27 16:29
1739,4176,178,1739,张记固始鹅块是河南固始的特色鹅肉炖得烂乎汤白味鲜。鹅块切得大块入口软烂不柴。配上一碗米饭做成鹅汤泡饭香得不行。北京能做固始鹅块的店不多这家值得来。,,19,0,1,2026/4/14 20:21,2026/4/14 20:21
1740,108,174,1739,京州涮王府井故宫店位置太好在故宫出来就能吃到正宗铜锅涮肉。羊肉新鲜清汤锅底涮出来是甜的。麻酱自己调腐乳韭菜花辣椒油够味。吃完涮肉在皇城根下散步完美。,,1,0,1,2026/1/14 14:47,2026/1/14 15:03
1741,1476,42,1741,云阿蛮新百CC茂这家和总店味道一样汤底鲜辣牛肉现烫现吃。生烫是精髓牛肉片在滚汤里变色就吃嫩到不行。周末饭点人多排队是常态。这家店让我对云南米线有了全新的认识。,,0,0,1,2026/3/24 3:25,2026/3/24 3:25
1742,511,178,1741,乡村宴老酒馆在石梨路那边主打乡村家常风味。炸蘑菇外酥里嫩蘸椒盐吃特别香。炖菜做得也不错土豆炖鸡块大锅炖出来味道浓郁。环境是农家院的样子不豪华但实在。郊区游玩顺道来吃一顿很不错。,,0,0,1,2026/3/17 15:33,2026/3/17 15:33
1743,1298,167,1743,鸦儿李记鼓楼店手切羊肉是招牌刀工好红白分明。清汤锅底涮几下变色就吃嫩而不膻。麻酱烧饼是每桌必点现烙的热乎掰开层层分明满口芝麻香。老北京涮肉的代表之一。,,0,0,1,2026/2/11 21:37,2026/2/11 21:37
1744,928,178,1743,晓林火锅安定门店重庆风味麻辣牛油锅底是纯牛油熬的越煮越香。毛肚是鲜的涮七上八下刚刚好脆嫩爽口。鸭肠也要鲜的粉红色的入锅几秒钟就卷起来。蘸油碟吃解辣又增香。重庆朋友来了说够味。,,3,0,1,2026/2/12 10:39,2026/2/12 10:39
1745,826,26,1745,寻小福港式烧腊的烧鹅是招牌皮脆肉嫩蘸梅子酱吃酸甜解腻。叉烧也做得不错肥瘦相间带一点焦边。一份烧鹅饭加碗例汤就是完美的港式午餐。,,7,0,1,2026/5/16 12:48,2026/5/16 12:48
1746,873,172,1745,千韧潮汕牛肉粿条大华永盛美食城的档口不要期待环境。但粿条是真正汕头人的做法。牛肉现切现烫嫩滑。配上沙茶酱和辣椒这是潮汕人的comfort food。,,2,0,1,2026/5/3 1:02,2026/5/3 1:02
1747,2954,172,1747,瑞幸侨福芳草地的店面虽然小但出杯快。椰青美式夏天很解渴椰香和咖啡味的组合意外地和谐。在芳草地逛累了来一杯。,,2,0,1,2026/4/8 18:25,2026/4/8 18:25
1748,2550,146,1747,王师傅主食坊的主食花样多馒头花卷烙饼烧饼每样都是现做的。发面馒头松软有嚼劲配碗红烧肉太香了。量给得大价格实惠附近的居民天天来。,,18,0,1,2026/4/1 23:04,2026/4/1 23:04
1749,2565,119,1749,一森家厨主打徽菜家常风味，臭鳜鱼闻着臭吃着香鱼肉嫩滑。毛豆腐煎得两面金黄外酥内软，单人餐一个人也能吃得丰盛不浪费。,,10,0,1,2026/5/7 10:09,2026/5/7 10:09
1750,2632,165,1749,毕派克咖啡的店面很小但在798很有名。手冲做得专业老板会先让你闻干香再冲。豆子都是从世界各地精选的。咖啡爱好者来798必打卡。,,3,0,1,2026/5/23 22:40,2026/5/23 22:40
1751,1382,109,1751,湘粤宴融合菜将湘菜的辣和粤菜的鲜结合起来。剁椒鱼头用的是湘式的做法鱼肉嫩剁椒够味。白切鸡粤式的蘸姜葱汁。菜品有想法环境好适合聚餐。,,1,0,1,2026/5/4 11:48,2026/5/4 11:48
1752,125,179,1751,塔儿咖在白塔寺旁边主打塔可和咖啡的混搭，牛肉塔可馅料丰富玉米饼现烙的。单人餐配一杯美式刚好，白塔寺逛完歇个脚的好地方。,,0,0,1,2026/4/5 19:25,2026/4/5 19:25
1753,3855,171,1753,炭锅菜民俗风味餐厅目前暂停营业了可惜。之前他家的炭锅炖菜很有特色锅底在炭火上慢慢炖。如果重新开张了一定要再去。,,0,0,1,2026/5/30 17:35,2026/5/30 17:35
1754,3626,131,1753,呷哺呷哺首联世纪广场店是呷哺呷哺的标准配置。一人一个小锅自己涮自己吃。锅底选择多麻辣最经典。价格实惠是大众火锅的代表。,,1,0,1,2026/2/20 10:32,2026/2/20 10:32
1755,3186,165,1755,渔皇宴五矿大厦的烤鸭做得挺好皮酥肉嫩不油腻。环境雅致包间安静。服务好在商务区的饭店里算得有水准的。请客户吃饭选择这里不会出错。,,2,0,1,2026/1/13 8:31,2026/1/13 16:07
1756,1598,164,1755,德记小馆德胜门店做的是家常小炒。宫保鸡丁是每次必点花生脆鸡丁嫩。菜量给得足价格合理。附近居民的日常食堂。,,0,0,1,2026/3/5 14:27,2026/3/5 14:27
1757,3600,174,1757,宛平宴卢沟桥这家环境好离卢沟桥近。烤鸭烤得不错皮酥肉嫩不油腻。红烧肉炖得烂乎肥而不腻。游完宛平城来这里吃顿饭很方便。,,0,0,1,2026/6/11 4:23,2026/6/11 4:23
1758,3598,157,1757,邹三姐火锅王佐店千层肚是招牌鲜嫩脆爽。锅底是牛油的越煮越香。骨汤锅底也做得不错汤白味鲜。涮菜选择多新鲜度高。在王佐这片是火锅的首选。,,0,0,1,2026/3/27 22:55,2026/3/27 22:55
1759,1829,82,1759,江边城外科实大厦店烤鱼是招牌鱼肉烤得外焦里嫩。麻辣味最经典鱼肉入味。吃完鱼汤底可以涮菜。品质稳定是烤鱼界的老牌子。,,0,0,1,2026/1/16 20:35,2026/1/17 2:42
1760,1406,167,1759,老北京炒肝虽然店小但炒肝做得地道。肝片薄嫩肠段脆爽蒜味冲鼻。汤底浓郁不稀不稠刚刚好。配着猪肉大葱包子吃是完美的老北京早点。,,0,0,1,2026/4/29 7:42,2026/4/29 7:42
1761,1819,173,1761,得道私厨环境安静包间私密性好。菜品是走精致路线每道菜的摆盘都很用心。花胶鸡汤是招牌汤炖了几个小时浓郁鲜美。适合注重环境和服务的聚餐。,,0,0,1,2026/3/28 1:58,2026/3/28 1:58
1762,2064,177,1761,杏林山庄餐厅在山上空气好吃完饭可以在山上散步。叫花鸡是招牌用泥包着烤端上来敲开时的仪式感拉满。鸡肉鲜嫩汁水丰富。不过位置偏不太好找建议开车。适合周末郊游顺便吃饭。,,0,0,1,2026/4/29 13:53,2026/4/29 13:53
1763,2259,37,1763,清鑫园农家餐厅在柳沟村主打农家菜，柴锅炖鸡是必点炖了两个多小时汤底黄灿灿的肉一夹就散。水煮肉片也做得地道麻辣够味，周末郊游的主力选择。,,0,0,1,2026/4/4 0:22,2026/4/4 0:22
1764,1964,154,1763,醉面创业大街店是一家小面馆但做得认真。重庆小面麻辣味足面条是细面筋道。豌豆杂酱面也好吃杂酱炒得香。价格不高几块钱就能吃好。是打工人的午饭救星。,,0,0,1,2026/6/12 17:17,2026/6/12 17:17
1765,2516,165,1765,良苑烤鸭店前门店虽然游客多但品质一直在线。烤鸭烤得皮酥肉嫩火候掌握得好。烤鸭以外炸灌肠也是必点外酥里嫩蘸蒜汁吃爽。价格也是正常水平没有因为是景区店就乱要价。对得起前门这块老字号的名头。,,3,0,1,2026/4/21 11:59,2026/4/21 11:59
1766,2378,173,1765,福瑞羊蝎子农家菜环境就是农家院的样子大院里有果树和菜地。菜品朴实不花哨但每道菜都透着农家菜特有的烟火气。分量大价格实惠。,,0,0,1,2026/3/29 17:08,2026/3/29 17:08
1767,1146,167,1767,北平咖啡南锣鼓巷店是南锣这边比较老牌的咖啡馆了。咖啡品质稳定环境是那种旧旧的有故事的感觉。很多在附近上班或者上学的人在这里一坐就是半天。二楼靠窗的位置可以看到南锣鼓巷的人来人往。是个怀旧的好地方。,,0,0,1,2026/6/5 7:55,2026/6/5 7:55
1768,3124,164,1767,青年火锅店是那种江湖菜火锅氛围热闹。锅底是重庆牛油锅辣度够麻味足。涮菜新鲜选择多价格实惠。一群朋友围在一起涮吃得满头大汗太爽了。,,5,0,1,2026/4/2 5:52,2026/4/2 5:52
1769,1286,168,1769,观盐重阳大酒楼主营盐帮菜。鲜椒兔是盐帮菜的看家菜兔肉嫩滑鲜椒麻香。富顺豆花蘸水是精华蘸着豆花吃饭香得不得了。盐帮菜在北京选择不多这家做得正。,,0,0,1,2026/4/17 5:30,2026/4/17 5:30
1770,2566,126,1769,Z03咖啡草场地宠物公园店最大特色是可以带着狗一起来。店里有专门给狗狗准备的零食和水盆。咖啡也还不错拿铁奶泡绵密。一边喝咖啡一边看着狗狗们在草地上奔跑太治愈了。宠物友好咖啡馆在北京不多这家很棒。,,10,0,1,2026/4/26 16:37,2026/4/26 16:37
1771,1832,119,1771,香宝宝·新疆烤包子烤馕主打新疆风味，烤包子外皮酥脆羊肉馅鲜嫩孜然味浓，烤馕也是现烤的麦香十足。路过买两个边走边吃方便又解馋。,,0,0,1,2026/5/13 13:03,2026/5/13 13:03
1772,1048,171,1771,德景盛南池子大街这家环境不错包间私密。烤鸭做得挺好吃皮酥肉嫩。葱烧海参海参发得软糯葱香入味。在这片景区附近算是比较靠谱的馆子了。,,0,0,1,2026/6/4 2:04,2026/6/4 2:04
1773,1158,155,1773,黄油烤年糕是南锣鼓巷里的小吃店。年糕在铁板上煎得外脆内软刷上蜂蜜黄油。热乎的时候最好吃又糯又甜。虽然排队但出餐快。南锣逛累了来一份。,,0,0,1,2026/4/23 4:10,2026/4/23 4:10
1774,1212,171,1773,渔蓝海鲜火锅海鲜新鲜度是他们家核心竞争力。海鲜池里的虾蟹都还能动。涮完海鲜锅底的汤变成了超鲜的海鲜汤再下点面条进去好吃到飞起。环境高大上适合重要场合。,,2,0,1,2026/3/31 13:16,2026/3/31 13:16
1775,1024,179,1775,御香苑华侨大厦店在五星级酒店里环境和服务都是顶级的。佛跳墙炖了几个小时汤浓郁鲜美鲍鱼海参花胶每样都软糯。招牌菜以外还有一道隐藏的功夫豆腐需要提前预定老师傅手工做的嫩滑如丝绸。带重要的人来一次绝对有面子。,,1,0,1,2026/5/18 10:34,2026/5/18 10:34
1776,2764,142,1775,山西特色刀削面食馆刀削面削得有水平薄厚均匀筋道。西红柿鸡蛋卤也不错酸甜可口。价格实惠附近居民的常选食堂。,,6,0,1,2026/5/11 19:23,2026/5/11 19:23
1777,3832,143,1777,江子馅筋的馅筋确实有特色面筋包肉先蒸后烤。外皮酥脆里面的肉馅鲜嫩。刷上秘制酱料味道更上一层。烤的方式独特值得尝个鲜。,,1,0,1,2026/2/27 15:45,2026/2/27 15:45
1778,3476,40,1777,隆和居美食城正义路店在这附近算是有档次的馆子。环境好包间安静适合商务。烤鸭做得不错其他菜式也水准在线。服务热情周到。,,3,0,1,2026/5/17 15:18,2026/5/17 15:18
1779,3494,153,1779,奥华老张记台基厂店虾仁独面筋永远是我的首选每次来必点。面筋吸饱了汤汁咬的时候汁水在嘴里爆开。虾仁饱满鲜美。红烧带鱼也好吃烧得入味骨头都酥了。这家店让我对天津菜有了新的认识。,,2,0,1,2026/5/25 21:33,2026/5/25 21:33
1780,1498,180,1779,南来顺饭庄是见证过无数老北京人日常的早点重镇。豆腐脑浇汁讲究，卤子咸香料足。配刚出锅的糖油饼，面香裹着焦糖脆壳，舒服落胃。,,0,0,1,2026/2/17 16:22,2026/2/17 16:47
1781,844,24,1781,门框卤煮朝阳门这家虽然是分店但卤煮的功夫不输老店。肥肠处理得干净没有怪味肺头切得整齐有嚼劲。火烧在汤里煮得软而不烂吸饱了汤汁。配上蒜泥和辣椒油一碗下去整个人都暖和了。朝外这边的居民下班了常来。,,1,0,1,2026/3/23 5:38,2026/3/23 5:38
1782,910,144,1781,峨嵋酒家鲜鱼口店在前门鲜鱼口老字号美食街上位置很好。宫保鸡丁是梅兰芳版的花生酥鸡丁嫩酸甜微辣。烤鸭也做得不错皮脆肉嫩不输大店。游客很多但品质保持住了老字号的底线。,,0,0,1,2026/1/3 23:04,2026/1/5 15:57
1783,972,112,1783,老翟记簋街总店在簋街这一条龙上主打麻辣口味。麻辣小龙虾是招牌虾新鲜麻味足辣得过瘾。烤串也不错羊肉串烤得有水平。簋街夜宵的选择之一环境就是大排档风格热闹。,,3,0,1,2026/4/29 23:50,2026/4/29 23:50
1784,1138,164,1783,老周铺子在南锣鼓巷里面是家老店了。环境有那种老北京铺子的味道卖的东西也实在。家常菜和面食都有炸酱面值得一试。南锣游客多但这家靠本地人回头客撑着。,,0,0,1,2026/2/26 22:16,2026/2/26 22:16
1785,1222,56,1785,全聚德和平门店是全聚德的大本营吃烤鸭最有仪式感的地方。精选烤鸭用挂炉烤鸭皮酥脆蘸白糖入口即化。服务员会表演片鸭刀工了得。虽然现在烤鸭选择多了但带爸妈来全聚德和平门店总是没错的。,,1,0,1,2026/1/17 6:07,2026/1/25 15:59
1786,1276,149,1785,清华食府在西四南大街主打中式菜肴。蟹黄类的菜做得不错蟹粉豆腐嫩滑蟹鲜浓郁。环境是中式酒楼的风格包间多适合聚会。西四这边请客吃饭的比较靠谱的选择。价格中上品质对得起。,,0,0,1,2026/2/13 17:22,2026/2/13 17:22
1787,1341,126,1787,东来顺大栅栏店是百年涮肉老字号。元东来顺外脊羊肉是招牌部位切得薄红白分明。清汤锅底涮出来羊肉是甜的。铜锅看着就正宗。大栅栏逛完来涮一顿是来京旅游的标配。,,1,0,1,2026/4/30 20:31,2026/4/30 20:31
1788,1388,167,1787,北京寿州大饭店在北蜂窝那边是综合性的大酒楼。环境气派宴会厅大婚宴和年会经常在这里办。菜品以官府菜为主佛跳墙和红烧鲍鱼都不错。服务是老派大酒店的周到。不是日常吃饭的地方但重要场合很拿得出手。,,0,0,1,2026/6/5 19:08,2026/6/5 19:08
1789,1429,167,1789,三元新鲜GO在官园公园旁边主要卖新鲜食材顺便卖熟食和简餐。环境像个小超市里面的熟食区有烤鸡和凉菜。附近的居民买完菜顺便带点熟食回家省事。不是专门吃饭的地方但熟食质量不错。,,0,0,1,2026/4/8 22:53,2026/4/8 22:53
1790,1468,173,1789,南城香虎坊桥店是连锁品牌里品质比较稳的。种类多从早点到正餐都有包子馄饨盖饭每样都能打。价格亲民出餐快是虎坊桥居民的日常食堂。全天营业什么时候饿了都能来吃一顿。,,0,0,1,2026/4/13 18:33,2026/4/13 18:33
1791,1542,101,1791,有术咖啡在白塔寺宫门口胡同深处一家很有态度的独立咖啡馆。手冲出品稳定豆子选得好每次来都能喝到不同产地的风味。环境安静有设计感很多艺术类书籍。不是那种流水线咖啡馆是真正喜欢咖啡的人才会找来的地方。,,0,0,1,2026/5/14 19:25,2026/5/14 19:25
1792,1655,10,1791,守艺人酸辣粉西单购物中心店在西单商圈里面逛街累了来一碗。酸辣粉用的是粗红薯粉Q弹滑爽酸辣汤底够味。花生碎和榨菜末撒在上面增加了口感层次。价格不贵量够一个人一碗搞定。西单这边性价比很高的小吃选择。,,0,0,1,2026/4/21 12:58,2026/4/21 12:58
1793,1712,154,1793,清真满记羊汤琉璃厂文化街店主打清真羊汤。汤底是羊骨熬的色白浓郁羊肉嫩羊杂处理得干净。烧饼是现烙的麻酱味浓配羊汤是天仙配。琉璃厂逛完古玩字画出来喝一碗热汤很舒坦。开了很多年的老店回头客多。,,0,0,1,2026/3/11 2:37,2026/3/11 2:37
1794,1744,3,1793,老佛爷铜炉蛙锅在清华同方科技广场主打铜炉蛙。蛙肉新鲜嫩滑量给得足铜锅里咕嘟咕嘟煮着香气四溢。汤底有麻辣和藤椒两种选藤椒的麻味更清新。环境是商场餐厅的水平干净整洁。饭点人多要等位。,,0,0,1,2026/6/9 1:06,2026/6/9 1:06
1795,1755,47,1795,库迪咖啡万柳亿城中心店在写字楼大堂方便上班族。鲜气杨梅是夏季新品杨梅味清新解腻。价格比瑞幸还便宜经常有活动。出杯快早上手机上点完到店就拿。只在工作日开门周末休息。,,0,0,1,2026/6/1 2:20,2026/6/1 2:20
1796,1889,122,1795,瑞幸中关村创业大街店服务周边创业者和白领。基本款咖啡稳定拿铁和美式都不会踩雷。早上七点就开门是周边最早的一杯咖啡。中午的时候人比较多排队是常态。中关村创业大街的灵魂伴侣。,,1,0,1,2026/5/7 6:06,2026/5/7 6:06
1797,1930,59,1797,隆和居美食城正义路店包间多环境好适合商务宴请。干锅千页豆腐做得入味豆腐外焦里嫩辣味适中。烤鸭也不错价格合理。正义路这一片政府机关多所以来这里吃饭的不少是办事的。服务周到态度好。,,3,0,1,2026/5/14 21:11,2026/5/14 21:11
1798,1989,123,1797,海淀食堂在温泉水岸家园那边主打家常菜。菜式简单实在就是食堂的感觉量给得大价格便宜。红烧排骨和西红柿炒蛋是每天的人气菜。附近的居民不想做饭了就来吃一顿。海淀食堂这个名字取得很直白也确实是那个意思。,,0,0,1,2026/4/24 7:31,2026/4/24 7:31
1799,2377,70,1799,涮肉小馆润记在香堂那边主打铜锅涮肉。羊肉新鲜现切的每盘量给得足。清汤锅底涮出来羊肉是甜的不蘸料都能吃。环境是温馨小馆子的风格服务员亲切。周末开车到昌平玩顺便过来吃一顿很舒服。,,0,0,1,2026/4/21 1:15,2026/4/21 1:15
1800,2444,147,1799,顺兴灶台鱼在北新村那边主打铁锅炖鱼。灶台上支一口大铁锅鱼现杀现炖鱼肉鲜嫩刺少。贴饼子贴在锅边烤得底壳焦脆蘸鱼汤吃是精华。农家大院的风格适合全家聚餐。周末人多建议提前电话问有没有位。,,0,0,1,2026/5/12 10:29,2026/5/12 10:29
1801,1151,173,1801,富华斋饽饽铺鼓楼店保留了宫廷点心的传统工艺，芸豆糕绿豆糕杏仁豆腐每一样都透着精细。翻毛月饼起酥层数多咬下去像踩在秋天落叶上，北京老字号糕点铺的天花板。,,0,0,1,2026/5/28 16:13,2026/5/28 16:13
1802,3230,152,1801,三泉冷面夏天环宇荟这边排队最恐怖的就是他家。冷面汤底是冰碴子飘在汤上凉到骨头里，酸甜汤底配着筋道的荞麦面吸溜几口就下去半碗。锅包肉是东北老式做法外酥里嫩，冷面配锅包肉是最强CP。,,3,0,1,2026/2/1 1:15,2026/2/20 4:07
1803,2512,173,1803,龙泉饭庄在北宅村那边是怀柔的老店。驴肉火烧是招牌肉香馍脆。农家菜也做得不错炒土鸡蛋贴饼子炖鸡都很实在。价格实惠周边居民和来怀柔玩的游客都爱来。环境就是农家院的样子干净就行。,,6,0,1,2026/5/7 13:04,2026/5/7 13:04
1804,2607,47,1803,蒙宴铜锅涮四惠店主打内蒙风味的涮肉。手把肉是用清水煮的只放盐蘸韭菜花吃原味。铜锅涮出来的羊肉是甜的肉质好是根本。环境是蒙古包风格餐具也有民族特色。商务宴请选这里很有排面。,,6,0,1,2026/3/19 16:02,2026/3/19 16:02
1805,2781,28,1805,荣小馆乐成中心店是新荣记的平价版品质不减太多。家烧大黄鱼是招牌鱼肉鲜嫩汤汁浓郁配米饭能吃好几碗。点心也做得精致环境雅致。早中晚三个时段都营业。双井这边吃台州菜的首选。,,7,0,1,2026/5/22 21:42,2026/5/22 21:42
1806,2985,116,1805,湖南饭店在科荟南路主打地道湘菜。剁椒鱼头每桌必点鱼肉鲜剁椒香辣酱汁拌面是收尾之笔。小炒肉切得薄大火爆炒锅气十足。环境就是湖南菜馆的样子热闹有烟火气。湖南老乡说这里的味道和家里没什么两样。,,0,0,1,2026/4/25 12:34,2026/4/25 12:34
1807,3043,141,1807,TIANROAST咖啡体验馆在751园区里面环境艺术工业风。咖啡是正经的精品咖啡手冲意式都有豆子自己烘。下午茶套餐配甜品颜值高拍照出片。751逛累了来歇个脚刚好。周末还有咖啡拉花课可以体验。,,5,0,1,2026/5/12 0:18,2026/5/12 0:18
1808,3115,169,1807,闽海肴北辰荟店主打福建菜海蛎煎是招牌。现煎海蛎煎端上来还在嗞嗞响海蛎新鲜饱满番薯粉煎得外脆内糯。沙茶面和五香卷也好吃地道闽南味。环境是闽南风格服务员口音都是福建的。北辰这边吃福建菜的不二之选。,,1,0,1,2026/2/2 18:55,2026/2/2 19:51
1809,3203,153,1809,西北风味大屯路店主打兰州拉面和西北小吃。面条现场拉粗细可选毛细到二宽都有。汤底清鲜牛肉片切得薄而大片。豆腐和凉皮也很好吃拌上辣油夏天开胃。价格便宜量足附近居民和工人常来。,,0,0,1,2026/6/8 9:22,2026/6/8 9:22
1810,3277,153,1809,郭通天宫院小吃吉市口店早上四点半就开门。包子是招牌皮薄馅大刚出笼的热气腾腾。还有油条豆腐脑豆浆每样都有。双人餐量给得够两个人都能吃饱。附近的早班族和遛弯大爷每天早上都来。营业到晚上九点全天吃。,,3,0,1,2026/4/2 5:17,2026/4/2 5:17
1811,3370,180,1811,炉巷沧州火锅鸡主打沧州风味的火锅鸡和铜锅涮肉。火锅鸡肉嫩入味鸡肉先炖好端上桌接着涮菜。铜锅涮肉也不错羊肉新鲜。位置偏了点房山那边路过的可以一试。价格实惠适合朋友聚餐。,,0,0,1,2026/4/3 11:55,2026/4/3 11:55
1812,3510,175,1811,祝桂兰民俗餐馆在密云溪翁庄那边主打农家菜。炖柴鸡是招牌散养的鸡炖出来汤鲜肉嫩。野菜团子和贴饼子都是自家做的。院子大空气好吃完饭还能在村子里转转。周末城里人开车去密云玩顺道吃饭。,,28,2,1,2026/5/18 21:03,2026/5/18 21:03
1813,3698,94,1813,张亮麻辣烫万源路店在旧宫那边二十四小时营业。菜品种类多自选称重价格透明。骨汤锅底汤鲜微辣辣度自己控制。调料台丰富麻酱蒜泥辣椒随自己调。夜里饿了来吃一碗热乎的麻辣烫整个人都精神了。,,1,0,1,2026/4/20 23:00,2026/4/20 23:00
1814,3931,141,1813,阳阳中国饭念坛公园店在公园里面吃饭看风景两不误。单人餐搭配合理一份主食一份菜一份汤分量刚好。中国饭的概念就是把各种中式快餐集合在一起盖饭面条炒菜都有。逛念坛公园累了来吃一顿方便又实惠。下午六点就关门了注意时间。,,0,0,1,2026/1/13 19:53,2026/1/14 4:18
1815,4154,175,1815,渔蓝海鲜火锅首都宾馆店的双人餐设计合理海鲜和肉类搭配均衡。海鲜新鲜虾弹鱼嫩贝类鲜甜。吃到最后锅底的汤变成了海鲜高汤下点面条进去鲜得掉眉毛。环境高级安静适合约会和重要饭局。,,1,0,1,2026/2/9 1:41,2026/2/9 1:42
1816,4237,173,1815,莫小卤桂林米粉在学院南路主打广西风味。米粉是桂林的鲜米粉滑爽Q弹酸笋给得足。锅烧是脆皮肉切得薄外酥里嫩。卤水是灵魂自己熬的味道复合。一碗粉加上卤蛋豆干酸豆角配料丰富。,,0,0,1,2026/1/26 8:56,2026/1/29 23:26
1817,1417,179,1817,京满铜锅涮肉西四店主打老北京铜锅涮肉。鲜绣球菌是特色菌类配羊肉涮很好吃口感脆嫩。手切羊肉品质好清汤锅底涮出来肉是甜的。麻酱自己调各种小料齐全。西四地铁出来走几步就到很方便。,,0,0,1,2026/4/21 15:38,2026/4/21 15:38
1818,1192,165,1817,香上香家传面筋在南锣鼓巷主打面筋是独一家。面筋是先蒸后烤的外面刷了酱料味道浓郁。吃起来弹牙有嚼劲不是那种软趴趴的。南锣逛累了顺手买一串边走边吃。在南锣这种游客扎堆的地方这种有特色的小吃很能打。,,0,0,1,2026/4/15 3:00,2026/4/15 3:00
1819,953,85,1819,CLOVER COFFEE在国瑞城里面是个安静的角落。手冲做得不错豆子是精选的单品。拿铁拉花也好奶泡绵密顺滑。环境小巧温馨适合一个人喝杯咖啡看看书。比起吵闹的连锁店这里更适合想安静待着的人。,,2,0,1,2026/2/20 17:12,2026/2/20 17:12
1820,2180,41,1819,轻禾小厨延庆店主打中式健康菜清淡口味不油腻。菜都是现点现炒不用半成品吃着放心。蒸菜和炖菜比较多油少盐轻。延庆城区里想吃点健康清淡的东西就选这里。环境干净整洁服务周到。,,0,0,1,2026/4/12 11:20,2026/4/12 11:20
1821,3118,129,1821,遇见小面北辰荟店主打重庆小面。面条细而筋道红油汤底麻辣鲜香。豌豆杂酱面也好吃豌豆炖得粉糯和杂酱拌在一起满嘴香。酥掉渣芝麻烧饼名不虚传外面酥脆芝麻撒得厚。在商场负一层逛街累了来一碗充个电。,,0,0,1,2026/5/5 0:33,2026/5/5 0:33
1822,1441,159,1821,烤肉宛饭庄是北京烤肉的南宛北季双雄之一。烤牛肉篦子烧得滚烫腌好的牛肉放上去呲啦作响。烤肉手法有讲究不能乱翻等着下面焦香了再翻面。夹进芝麻烧饼里吃牛肉的焦香和烧饼的面香一起。老字号的味道不用任何营销。,,0,0,1,2026/2/20 3:55,2026/2/20 3:55
1823,1604,139,1823,鼎香润德胜门店大多数人是为了芝麻酱糖饼来的，糖饼起锅时满屋麦香焦糖香层层面皮裹着芝麻酱和红糖。大懒龙肉馅夹在发面里蒸出来肉汁渗进面里，每次打包几张糖饼回去邻居闻着味来敲门。,,0,0,1,2026/5/13 23:02,2026/5/13 23:02
1824,3739,115,1823,要潮人民咖啡馆在宛平城里是个很有特色的咖啡馆。清咖做得好酸度明亮回甘长。环境结合了宛平城的抗战纪念馆风格很有历史感。逛完宛平城和卢沟桥来这里喝一杯咖啡休息一下。营业到下午五点要去的话赶早。,,0,0,1,2026/2/13 15:43,2026/2/13 15:43
1825,3171,136,1825,八旗烤肉朝外店主打满族风味的炙子烤肉。八旗烤肉是招牌牛肉和羊肉在炙子上烤得外焦里嫩。配着芝麻烧饼和糖蒜吃解腻又提味。环境有八旗文化元素装饰用心。朝外这边京味烤肉的代表之一营业到深夜可以慢慢吃。,,3,0,1,2026/6/12 9:04,2026/6/12 9:04
1826,2746,176,1825,芈重山冒菜亚运村新辰里店主打重庆冒菜。冒菜是自己选菜厨师现煮汤底麻辣浓郁牛油味重。冒肚也好吃毛肚鲜嫩脆爽。吃冒菜一定要配米饭吸附汤汁绝配。新辰里商场里面逛街累了来一碗很过瘾。,,3,0,1,2026/6/6 16:52,2026/6/6 16:52
1827,1687,1,1827,华天二友居佟麟阁店的包子是手工现包的皮薄馅大。猪肉大葱是经典款汁水最丰盈每次都要小心里面的汤汁。炒肝做得地道蒜味冲配着包子是天造地设的一对。早上六点开门附近的人起早先来吃一套。,,0,0,1,2026/4/2 13:29,2026/4/2 13:29
1828,4051,128,1827,君庭中餐厅首都宾馆店的午市套餐很良心单人也能吃得很精致。主打牛肉类的菜红烧牛肉炖得香浓入味。环境安静大气服务态度好。午餐时段人不多不用排队可以慢慢吃。商务午餐选这里稳妥有面子。,,3,0,1,2026/1/1 1:05,2026/1/1 12:09
1829,3736,147,1829,荔银肠粉西铁营万达店主打广州肠粉。荔银状元肠粉皮薄透明能看见里面的馅料牛肉和虾仁都新鲜。酱油是特调的咸中带甜浇在肠粉上刚好。还有粥和蒸点配着吃。商场五楼位置好找环境干净。,,1,0,1,2026/5/11 12:13,2026/5/11 12:13
1830,3831,75,1829,小笼功夫门头沟店主打手工小笼包和上海风味。小笼包皮薄汤多蟹粉味的蟹鲜浓郁。生煎包底壳焦脆咬下去汁水四溢。还有馄饨和面搭配。门头沟这边想吃江南点心就选这里。环境干净整洁。,,0,0,1,2026/4/28 21:56,2026/4/28 21:56
1831,3521,130,1831,忆拾光TIME是一个藏在农家院旁边的咖啡馆。环境安静远离城市喧嚣适合周末来放空。咖啡基本款都有品质中等主要是环境加分。坐在院子里晒太阳喝咖啡看书很惬意。旁边就是农家乐可以吃饭住宿一条龙。,,23,0,1,2026/4/3 17:26,2026/4/3 17:26
1832,2438,129,1831,乡情源在崔村镇主打农家菜和乡土风情。炖鸡炖鱼用的是大锅柴火烧的吃起来有烟火气。野菜团子和玉米饼是主食粗粮吃起来健康。环境就是一个大院子果树和菜地就在旁边。周末全家开车来昌平玩顺路来吃顿农家饭。,,1,0,1,2026/5/8 2:27,2026/5/8 2:27
1833,3258,20,1833,煲仔皇世贸天阶店主打广式煲仔饭。腊味四宝煲仔饭料足腊肠腊肉腊鸭每样都有米饭粒粒分明锅巴焦黄焦香。揭开盖子那瞬间腊味的油香和米香一起冲出来。配一碗例汤刚刚好。世贸天阶逛街累了来一份热乎的煲仔饭很满足。,,1,0,1,2026/5/17 21:21,2026/5/17 21:21
1834,2535,171,1833,万顺福山东饺子在朝阳公园附近主打手工水饺。鲅鱼水饺是招牌鱼肉细腻没有一点腥味皮薄馅大汁水足。其他馅也有白菜猪肉韭菜鸡蛋每样都好吃。山东师傅包的饺子个头大手艺好。可以买生的回家自己煮。,,5,0,1,2026/4/26 21:42,2026/4/26 21:42
1835,2249,141,1835,川香美食在外石路那边主打川味家常菜。水煮鱼麻婆豆腐回锅肉每道都是川菜经典。辣椒和花椒都是从四川运来的味道正。环境就是小馆子的样子但味道不输大店。附近的居民和路过的大货车司机常客多。,,0,0,1,2026/1/15 4:36,2026/1/15 10:23
1836,4009,179,1835,渔蓝海鲜火锅的海鲜新鲜直接从池里捞虾弹鱼嫩贝类鲜甜，双人餐搭配合理两个人海鲜和肉类均衡。涮完海鲜锅底变成超鲜的海鲜汤下点面条进去是隐藏吃法。,,1,0,1,2026/5/26 21:25,2026/5/26 21:25
1837,2107,135,1837,羊城美食粤菜鸡煲大钟寺店主推花都鸡。鸡煲端上来还在滚汤底浓郁鸡是走地鸡肉质紧实有鸡味。吃完鸡用汤汁捞饭是精华一滴都不浪费。营业到凌晨大钟寺附近的夜宵好去处。,,0,0,1,2026/4/8 22:33,2026/4/8 22:33
1838,2883,163,1837,石榴花餐厅在管庄那边主打海鲜和闽菜。海鲜新鲜每天从福建运过来的。牛肉类的菜也好吃嫩滑入味。环境是闽南风情装修服务员都是福建人很热情。管庄这边吃福建菜的地方不多这家做得算正宗了。,,8,0,1,2026/1/21 14:07,2026/1/21 14:10
1839,3977,180,1839,隆和居美食城正义路店环境雅致包间多。干锅千页豆腐是每次来都点的菜豆腐外焦里嫩辣度刚好。烤鸭也不错鸭皮酥脆肉嫩不柴。正义路这边公务宴请的多所以环境和菜品都维持在较高水准。服务好上菜快。,,1,0,1,2026/5/11 0:13,2026/5/11 0:13
1840,3690,116,1839,塞疆蘭食府在旧宫主打新疆美食。单人餐一个人也能吃得丰盛羊肉串配馕加拌面吃饱没问题。拉条子现拉的面条粗圆筋道拌上羊肉和番茄酱浓郁好吃。自制酸奶上面撒了蜂蜜和干果酸甜解腻。旧宫这边吃新疆菜就去这家。,,3,0,1,2026/2/18 6:11,2026/2/18 14:48
1841,1384,158,1841,山西刀削面北蜂窝路店主打手工刀削面。大块肉是招牌面的浇头是炖得烂乎的猪肉块肥瘦相间入口即化。配上刀削面的筋道口感很搭。也有西红柿鸡蛋卤和炸酱面。环境就是小面馆的样子但面的质量和价格在附近算很良心了。,,1,0,1,2026/4/24 4:46,2026/4/24 4:46
1842,4069,167,1841,山西晋琦板面削面主打山西风味面食板面和削面都有。板面宽厚有嚼劲牛肉汤底用花椒提了麻味很特别。削面削得有水平面片薄厚均匀筋道弹牙。价格实惠量给得大一碗面就能吃撑。附近打工人的午餐优选。,,25,0,1,2026/2/2 14:29,2026/2/2 15:00
1843,2875,146,1843,mo'mo西餐厅在仰山路主打西式简餐和咖啡。环境舒服安静适合约会也适合一个人来。牛排煎得到位粉嫩多汁。咖啡和甜点也做得用心。下午的时候阳光从窗户照进来氛围特别安逸。,,3,0,1,2026/5/17 13:07,2026/5/17 13:07
1844,2852,115,1843,虎头军煎饼天融生活广场店主打天津风味的煎饼果子。绿豆面摊的煎饼外脆里软薄脆是灵魂咬下去咔嚓响。可以加火腿肠和辣条自由搭配。早上上班的人路过买一个边走边吃很方便。,,2,0,1,2026/4/1 23:27,2026/4/1 23:27
1845,1305,100,1845,杭州小笼包西单店在复兴门内大街主打小笼包。小笼包皮薄汤多每次吃都要小心烫嘴先咬开一个小口吹一吹再喝汤。蘸着姜丝醋吃提鲜解腻。也有馄饨和面条搭配着吃。早五点营业到晚上九点全时段覆盖。附近的上班族和居民都常来。,,0,0,1,2026/5/15 2:22,2026/5/15 2:22
1846,1689,158,1845,小耿串吧长椿街店主打烤串和川湘家常菜的结合。烤串种类多羊肉串鸡翅烤韭菜每样都好吃。川湘家常菜炒得有锅气小炒肉和干锅花菜都很下饭。营业到午夜长椿街这边晚上饿了来撸串喝酒很自在。,,0,0,1,2026/3/20 7:31,2026/3/20 7:31
1847,1857,178,1847,吉祥厨房在万泉河桥那边主打家常简餐。中午人最多都是周边写字楼的上班族。盖饭和面条为主红烧肉饭和牛肉面最畅销。出餐快价格实惠十几块钱搞定一顿午饭。环境就是快餐店的样子干净快捷。,,0,0,1,2026/5/18 21:14,2026/5/18 21:14
1848,3776,155,1847,奥华餐厅老张记台基厂店的菜量延续了一贯的大气风格。虾仁独面筋是必须点的面筋吸饱汤汁虾仁大个弹牙。红烧牛尾炖得烂乎轻轻一夹就脱骨。两个人点两个菜够了多了打包。开了那么久味道一直在线老顾客占了大多数。,,3,0,1,2026/4/22 16:52,2026/4/22 16:52
1849,1275,129,1849,顿顿er饺子西四店主打手工水饺和羊肉。饺子个个饱满个头大馅料实在用的都是好食材。羊肉类的菜也不错手把肉清水煮就放点盐羊肉自带鲜甜。饺子馆还卖羊肉也是一大特色。开了好几年了回头客特别多做出来的味道就是家里也做不出的那种。,,0,0,1,2026/4/7 9:42,2026/4/7 9:42
1850,2611,181,1849,SAMOSA中巴友谊餐厅三里屯店主打巴基斯坦菜。双人餐两个人吃刚好搭配了咖喱烤肉和馕。咖喱香料味浓郁层次丰富配着现烤的馕蘸着吃很香。奶茶是巴基斯坦风味加了豆蔻奶香浓郁。三里屯异域风情的代表之一。,,1,0,1,2026/3/6 4:06,2026/3/6 4:06
1851,4200,146,1851,燕南咖啡在北大的百周年纪念讲堂地下一层。手冲咖啡做得不错豆子新鲜。来这里的多半是北大的学生和老师环境学术氛围浓。累了来喝杯咖啡看看书或者赶论文都很合适。价格对学生友好不贵。,,0,0,1,2026/4/27 21:59,2026/4/27 21:59
1852,4162,166,1851,杨国福麻辣烫百尚生活广场店在商场地下一层。自己选菜称重计价宽粉是每碗的标配滑爽Q弹。骨汤锅底汤鲜微辣调料台的麻酱和辣椒是灵魂。食材新鲜选择多价格也实惠。一个人二三十块就能吃得很好。,,4,0,1,2026/1/19 18:39,2026/1/19 21:35
1853,1886,90,1853,全虾堂在马连洼主打小龙虾和各色虾料理。蒜蓉小龙虾蒜蓉铺满了虾个个饱满掰开虾黄流出来蘸着蒜蓉吃绝了。虾肉新鲜弹牙处理得干净。也有烤虾和炸虾。夏天晚上来吃虾喝啤酒太惬意了。,,0,0,1,2026/5/8 10:03,2026/5/8 10:03
1854,3827,132,1853,7号院烧鸽子门头沟店主打烧鸽子是特色。乳鸽烤得外皮焦脆里面的肉汁水丰富嫩滑不柴。一只鸽子够一个人吃配点小菜和粥刚好。环境是在一个院子里夏天坐在外面吃很舒服。门头沟这边吃鸽子就来这。,,0,0,1,2026/1/1 18:59,2026/1/1 19:00
1855,1977,131,1855,库迪咖啡万柳亿城中心店在写字楼里只开工作日。鲜气杨梅是夏季的爆款杨梅味清新甘甜。价格便宜经常有各种券比瑞幸还实惠。出杯快早上用手机下单到店直接拿走。上班族的咖啡续命新选择。,,0,0,1,2026/5/27 16:56,2026/5/27 16:56
1856,2674,153,1855,央美3食堂只在固定的时段开门早餐午餐晚餐三个饭点。菜品种类多量给得大不像外面食堂那么抠门。排骨炖得烂乎糖醋里脊外酥里嫩。打饭阿姨手不抖是全校学生最感激的事情之一。毕业以后会想念食堂的味道。,,10,0,1,2026/5/1 2:44,2026/5/1 2:44
1857,3127,122,1857,杭州小笼包定福家园店在小区旁边位置方便居民。牛肉面意外地好吃汤底浓郁面条筋道牛肉块给得实在。小笼包也做得不错皮薄汤多。早上六点就开门了要吃早点很方便。周边居民和学生来得最多。,,6,0,1,2026/5/13 9:59,2026/5/13 9:59
1858,3838,171,1857,西域美食兰州老马食府主打兰州拉面和新疆拌面。拌面的面是手工拉的粗圆筋道配上羊肉和蔬菜拌在一起料足味浓。大盘鸡也好吃土豆粉糯下面的拉条子吸饱了汤汁。营业到凌晨是夜猫子的福利。量大实惠能吃饱。,,0,0,1,2026/3/4 1:10,2026/3/4 1:10
1859,1687,155,1859,华天二友居佟麟阁店的包子排队是常态但值得等。发面松软馅料饱满猪肉大葱汁水最多。炒肝也做得地道蒜味冲配包子是灵魂伴侣。,,0,0,1,2026/5/30 18:37,2026/5/30 18:37
1860,2205,155,1859,芙蓉水湘香苑店的湘菜做得正油重色浓。剁椒鱼头鱼肉新鲜剁椒酸辣酱汁用来拌面绝了。价格不贵分量足。在北京西边要吃湘菜这里是首选之一。,,1,0,1,2026/3/16 7:44,2026/3/16 7:44
1861,2306,92,1861,武圣羊汤昌平店冬天来这里喝一碗羊汤是续命行为。汤色白羊肉嫩膻味淡粉丝吸汤。配个烧饼或者在汤里泡饼都好吃。昌平人的冬日幸福就是这么简单。,,1,0,1,2025/12/25 15:44,2025/12/25 15:57
1862,3127,156,1861,杭州小笼包定福家园店每天早上六点开门做早点。小笼包汤汁足皮薄馅嫩咬开先喝汤。牛肉面也做得不错汤底浓郁牛肉块实在。附近居民的早餐食堂之一。,,5,0,1,2026/5/3 23:43,2026/5/3 23:43
1863,3453,83,1863,隆和居正义路店粤菜和京菜都能做每样都有水准。清蒸鱼是一绝鱼鲜酱油香葱丝姜丝切得细。干炒牛河也意外地好锅气足河粉上色均匀。在这附近办事要请客就会想到这里。,,3,0,1,2026/5/3 11:06,2026/5/3 11:06
1864,2289,177,1863,Nora's Garden的花园下午茶需要提前预订。三层架从咸到甜司康配凝脂奶油和果酱。玫瑰红茶用的是真花泡出来花香。拍照太出片了每个角落都精心布置。和闺蜜约会的完美地点。,,2,0,1,2026/5/12 0:00,2026/5/12 0:00
1865,150,49,1865,晓蕊家凉皮的酸辣粉也不错粉条软糯劲道酸辣汤底够味。配个肉夹馍就是完美一餐。开了这么多年味道就没变过。老店有老店的坚持。,,0,0,1,2026/6/3 22:05,2026/6/3 22:05
1866,3780,155,1865,魔王咖啡的肉桂拿铁秋天限定肉桂香气浓郁暖到心底。装潢是暗黑工业风电吉他和老唱片营造出独特氛围。适合一个人来带着电脑写东西或者看书。店员不会打扰你。,,0,0,1,2026/3/6 3:51,2026/3/6 3:51
1867,206,85,1867,裕六六炒鸡烤鱼的烤鱼胜过炒鸡。烤鱼烤得皮焦肉嫩蒜香味足。分量大两三个人吃一条鱼再加点配菜就够了。价格很实惠。,,0,0,1,2026/3/27 15:54,2026/3/27 15:54
1868,1257,72,1867,北路酒馆的莫吉托是我在北京喝过最好的几杯之一。薄荷叶新鲜量足朗姆酒和青柠的比例完美。周末有乐队驻唱气氛非常好。三里屯精酿酒吧太多但北路有自己的调性。,,0,0,1,2026/6/5 14:20,2026/6/5 14:20
1869,1272,121,1869,景轩火锅的毛肚是招牌鲜嫩脆爽七上八下刚刚好，锅底是牛油熬的越煮越香。西四这边吃重庆火锅的好选择，环境干净服务也跟得上。,,0,0,1,2026/5/13 22:09,2026/5/13 22:09
1870,3838,150,1869,西域美食老马食府的拌面手工拉的面条筋道弹牙。羊肉和蔬菜炒在一起浇在面上拌开吃料足味浓。大盘鸡量给得大土豆粉糯拉条子吸饱汤汁。分午市和晚市中间会休息。欢乐大都汇里吃西北面食的首选。,,0,0,1,2026/3/31 15:16,2026/3/31 15:16
1871,1302,1,1871,瑞幸复兴门店用券的话一杯十块出头太划算了。橙C美式夏天喝清新提神。品质就是连锁店水平不惊喜也不踩雷。写字楼底商的位置救了无数早上的困顿。,,0,0,1,2026/3/31 17:29,2026/3/31 17:35
1872,1500,121,1871,椿萱食堂就是社区食堂的味道简单干净。菜式每天换红烧肉炖粉条最受欢迎。价格低分量足。老年人来这里吃饭方便又省事。,,0,0,1,2026/5/11 3:19,2026/5/11 3:19
1873,1780,179,1873,乡菜馆的湖南小炒肉是每桌都点的。螺丝椒配切成薄片的猪肉爆炒锅气冲鼻。就着这道菜能吃三碗米饭。其他菜也不差干锅菜花和炒腊肉都是湖南味。,,0,0,1,2026/4/9 6:07,2026/4/9 6:07
1874,2556,114,1873,君庭中餐厅的粤式点心在宾馆餐厅里算做得好的。虾饺皮薄虾仁大。叉烧包馅料足面皮松软。烧鹅皮脆肉嫩蘸梅子酱酸甜。适合正式的午餐约会。,,1,0,1,2026/5/22 11:17,2026/5/22 11:17
1875,2744,171,1875,六面寿新辰里店的六种面每种风格不一样。油泼面芝麻和辣椒被热油激发香气四溢。担担面芝麻酱和辣椒油配比好。一个人吃碗面加个小菜很舒服。,,1,0,1,2026/4/13 13:13,2026/4/13 13:13
1876,3587,63,1875,景山徽宴的徽菜在北京的选择很少所以这家更显珍贵。毛豆腐是发酵过的煎到两面金黄内里绵密。胡氏一品锅用料丰富蛋饺肉丸鹌鹑蛋炖在一起。环境是按徽派建筑风格装修的雕花窗木椅子。吃徽菜就认准这里。,,0,0,1,2026/3/22 19:49,2026/3/22 19:49
1877,18,46,1877,食鼎轩台基厂的焦溜丸子外酥里嫩酸甜酱汁挂得刚好。宫保虾球虾仁大弹嫩花生焦脆。价格合理量也大。家庭聚餐常选。,,1,0,1,2026/5/6 16:58,2026/5/6 16:58
1878,2436,157,1877,奥华老张记的分量一如既往地大。两个人点两个菜就够了点多了一定打包。红烧牛尾炖得烂乎入味。糖醋里脊用的里脊肉外酥。家庭聚餐实惠首选。,,3,0,1,2026/3/7 9:23,2026/3/7 10:12
1879,2441,118,1879,芳和顺饭庄昌平店就是城郊结合部那种有档次的饭馆。包间多婚宴和大型聚餐经常在这里。菜品以鲁菜和京菜为主烤鸭烧海参做得都不错。环境比市区安静得多。住昌平的话宴客首选。,,0,0,1,2026/3/20 6:45,2026/3/20 6:45
1880,1588,181,1879,奥华老张记的红烧带鱼烧得入味骨头都酥了。虾仁独面筋依然王者面筋吸饱汤汁。开了这么些年味道一点没变。老顾客占了绝大多数。,,3,0,1,2026/3/31 0:13,2026/3/31 0:13
1881,821,155,1881,潮舍环球金融中心店的鲍汁扣鹅掌是招牌菜鹅掌炖到软糯入口就化。清蒸东星斑鱼鲜酱油的甜和鱼的鲜完美配合。饭后功夫茶是一绝铁观音清香解腻。吃得到粤菜精髓的地方。,,1,0,1,2026/5/3 3:35,2026/5/3 3:35
1882,2400,153,1881,这家东北烧烤虽然环境一般但烤串的味道真的无敌了。羊腰子烤得外焦里嫩没有异味。烤蚕蛹是勇敢者的美食蛋白质爆表。夏天在露天吃烧烤喝冰啤酒可以坐到半夜。,,24,3,1,2026/5/10 1:46,2026/5/10 1:46
1883,2409,99,1883,久羊烧烤的烤羊腿建议提前定否则可能要等很久。羊腿用果木烤的外面的皮嘎嘣脆。用刀一片片片下来蘸着孜然辣椒吃。人多可以加点烤蔬菜解腻。,,0,0,1,2026/4/9 10:17,2026/4/9 10:17
1884,782,120,1883,南门涮肉簋街的羊肚也是必点切得宽条涮出来脆嫩弹牙。麻酱一定要自己调浓淡随心。烧饼是现烙的热乎着撕开层层分明。冬天的北京不吃几顿涮肉对不起自己。簋街这一带涮肉竞争激烈但南门始终是排头兵。,,2,0,1,2025/12/28 13:30,2025/12/28 13:39
1885,3265,124,1885,粤湘荟的干炒牛河是最考验粤菜师傅功夫的菜。河粉上色均匀不断不碎锅气浓郁。腊味煲仔饭锅巴焦黄腊味油渗进饭粒。一个人来点两个主食就很满足。,,0,0,1,2026/4/14 16:03,2026/4/14 16:03
1886,2901,146,1885,雍雅合鲜银泰的水煮鱼用的大多是野生的江团。鱼片切得薄入锅变白就能吃鱼肉的甜在辣味里凸显。服务一流服务员会帮你把花椒捞出来。环境典雅灯光暧昧适合约会。不是普通川菜馆的档次。,,9,0,1,2026/4/4 7:04,2026/4/4 7:04
1887,3480,159,1887,叮当小馆的卤肉饭是每周必点的。卤肉炖得烂乎酱汁浓郁浇在米饭上拌开。再点个三杯鸡配青菜就是满足的一餐。一个人也能吃得很丰盛。,,1,0,1,2026/2/1 13:19,2026/2/1 13:19
1888,3840,20,1887,面条儿京魂的炸酱是点睛之笔肉丁大颗酱香浓郁。老北京炸酱面的正宗吃法是先拌匀面和酱再依次码上八样菜码。面条筋道菜码新鲜齐全。吃腻了商场里的那些快餐这里的炸酱面是一股清流。,,0,0,1,2026/2/1 1:49,2026/2/3 7:11
1889,3090,157,1889,良苑烤鸭店前门店除了烤鸭其他菜也是老北京的水准。乾隆白菜麻酱拌得好白菜脆生。宫保鸡丁花生酥炸得恰到好处。前门游客扎堆的地方能有这样上水平的家常菜不容易。,,1,0,1,2026/5/24 20:18,2026/5/24 20:18
1890,3620,120,1889,禧宴婚礼堂的菜式是为婚宴专门定制的。红烧肘子炖得烂乎鲍鱼个头大。宴会厅宽敞装修豪华。如果有朋友结婚在这里办体验感很好。,,0,0,1,2026/3/4 13:42,2026/3/4 13:42
1891,547,15,1891,程府宴四合院的私密感在别处很难找到。菜品讲究当季食材每道菜都有故事。黄焖鱼翅是招牌炖了几个小时胶质浓郁。环境是真正的老北京四合院。适合有特殊意义的日子。,,0,0,1,2026/5/22 11:19,2026/5/22 11:19
1892,1864,164,1891,草木禅房素食北大店的仿荤菜神似肉但口感更清爽。素烧鹅用豆腐皮卷了菌菇煎到两面金黄。环境禅意浓浓窗外是绿植。吃素食不只是吃健康也是一种修心。北大的师生来得多。,,0,0,1,2026/2/1 15:01,2026/2/1 15:01
1893,1052,177,1893,京派大碗面量就是大碗装得冒尖。打卤面卤子里面肉丁木耳黄花菜料足味浓。面条厚实有嚼劲。附近的大爷大妈常客多说明东西地道。,,0,0,1,2026/5/20 15:48,2026/5/20 15:48
1894,2102,180,1893,柒公主干锅焖饭焖饭的锅气是灵魂每份都是单独焖的。锅底那层锅巴是隐藏的精华焦香脆韧。土豆鸡块焖饭是招牌。一个人不知道吃什么的时候打开外卖就会想到它。,,6,0,1,2026/3/19 15:34,2026/3/19 15:34
1895,4226,157,1895,北师大星巴克考研季的每个座位都有学生在学习。燕麦拿铁是我在北师大的考试伴侣。环境就是星巴克该有的样子不出彩但熟悉。充电插头够多是学生喜爱的理由之一。,,1,0,1,2026/5/1 9:42,2026/5/1 9:42
1896,2478,158,1895,第一家烧烤名字够自信东西也确实有料。烤鸡腿整只烤的外皮焦黄肉质鲜嫩。烤韭菜烤金针菇蒜蓉铺满。居民楼下的烧烤店不需要多高级好吃就行。,,9,0,1,2026/4/14 8:14,2026/4/14 8:14
1897,2453,131,1897,乡味乐居的素菜做得清新可口不想吃太油腻的时候来这里正好，各种炒素菜量给得大价格实惠。开在郊区食材大多是自家种或周边农户收的，味道是真正乡土的味道。,,0,0,1,2026/5/19 17:13,2026/5/19 17:13
1898,124,174,1897,华天二友居肉饼宫门口的老顾客回头率特别高。肉饼面皮煎得两面金黄中间的肉馅厚实。猪肉大葱经典韭菜鸡蛋也不错。再要一碗小米粥解腻。从早卖到晚。,,0,0,1,2026/2/12 2:25,2026/2/12 2:25
1899,1762,10,1899,东北小院的炖鱼也值得试试酱炖的做法咸香下饭。鱼肉炖得入味刺少吃着过瘾。凉拌菜也可以点老虎菜或大拉皮清口。菜量是东北标准两个人吃两个菜足够了。,,0,0,1,2026/5/17 16:33,2026/5/17 16:33
1900,1492,151,1899,瑞幸祥龙商务大厦就是标准快捷咖啡。冰吸生椰系列夏天很解暑。基本不用等手机上点完走过去正好按号拿。写字楼楼下有家瑞幸是上班族的恩赐。,,0,0,1,2026/4/25 3:38,2026/4/25 3:38
1901,2812,115,1901,喀什噶尔新疆餐厅的丁丁炒面是手工拉的番茄羊肉酱浓郁每一粒面都裹满汁。自制酸奶是我吃过最浓厚的乳香浓郁表面结了一层厚厚的奶皮。老板是喀什人普通话不太流利但笑容热情。整家店都是新疆的烟火气。,,2,0,1,2026/5/4 14:52,2026/5/4 14:52
1902,130,8,1901,涛哥烤肉小馆的调味恰到好处不是那种全靠蘸料充数的店。牛小排烤到嫩粉剪开肉汁四溢。烤多春鱼一整盘满满的都是鱼籽咬下去咯吱咯吱。服务员会帮忙烤不用担心技术问题。适合不太会烤肉的人。,,0,0,1,2026/4/25 17:56,2026/4/25 17:56
1903,1646,174,1903,京城第一羯的羊羯子锅底麻辣度刚好。肋排部位的肉最嫩。吃完羊羯子锅底的汤涮点豆腐白菜收尾豆腐吸满了汤汁。冬天吃完走出门寒风一吹反而觉得暖和。西单附近涮羊羯子的首选。,,0,0,1,2026/6/12 21:23,2026/6/12 21:23
1904,1494,174,1903,西部马华菜百店烧烤比牛肉面更出彩。羊肉串肥瘦相间烤得滋滋冒油。烤馕是好东西撕成小块蘸着大盘鸡的汤汁吃。二十四小时营业是最大的优势任何时间想吃都有。,,0,0,1,2026/4/19 3:30,2026/4/19 3:30
1905,1484,176,1905,西域巴达木食府新街口的自制酸奶上面撒了葡萄干和蜂蜜。拉面师傅手法好拉条子粗细均匀。大盘鸡分量大足够两三个人吃。老店之一开了很多年品质一直稳定。,,0,0,1,2026/5/18 12:53,2026/5/18 12:53
1906,2456,117,1905,玉贵饭馆的菜单不长但该有的都有。红烧排骨是招牌炖得烂乎入味一根骨头轻松抽出来。菜量给得大价格亲民。社区饭馆就该这样。,,5,0,1,2026/3/24 3:50,2026/3/24 3:50
1907,4230,174,1907,郭靖烤全羊北师大店烤全羊需要提前三天预订。整只羊用馕坑烤的金黄油亮烤羊的人用小刀把最外层焦脆的肉片下来分给大家。焦壳下面层层嫩肉汁水横流。羊腿留到最后拿起来啃满嘴孜然香。这种吃法太有草原人家的豪迈了。,,0,0,1,2026/4/25 14:02,2026/4/25 14:02
1908,3445,140,1907,聚味源饭店的很多菜是鲁菜底子量大实惠。葱烧蹄筋蹄筋炖得软糯葱香的油亮。炸蛎黄是隐藏菜品蚵仔裹薄糊炸到金黄外酥内嫩。就是普通饭店的样子但味道让人经常想来。,,0,0,1,2026/3/18 7:00,2026/3/18 7:00
1909,512,36,1909,康陵正德春饼宴25号院的味道不错分量也够价格合理。环境干净整洁服务态度好。周边的居民和上班族经常来吃。是一家性价比不错的店。,,1,0,1,2026/6/6 4:45,2026/6/6 4:45
1910,3738,179,1909,北方面语的西红柿鸡蛋面是清淡派的代表。西红柿炒到出沙汤底酸甜可口。手擀面筋道厚实吸饱了汤。价格不贵量够一个人吃好。快餐的价格面馆的品质。,,0,0,1,2026/4/8 21:31,2026/4/8 21:31
1911,3445,128,1911,聚味源饭店就在居民区里光顾的多是街坊。爆三样肝片腰花肉片炒得嫩火候好。量大实惠菜单价格几年没怎么涨过。附近的老人孩子都在这吃习惯了。,,0,0,1,2026/5/1 7:06,2026/5/1 7:06
1912,885,154,1911,金鼎轩地坛店是夜猫子的救星。半夜两三点饿了打车到这里还有热乎的点心吃。凤爪蒸得软糯脱骨。蛋挞是刚出炉的酥皮层次分明蛋芯嫩滑。北京的深夜食堂文化很大一部分靠金鼎轩撑着。,,2,0,1,2026/5/31 21:13,2026/5/31 21:13
1913,1306,152,1913,唐宫民族店的早茶是周末家庭聚餐的传统。虾饺烧卖叉烧包流沙包每样来一笼。服务周到环境雅致。老人家最喜欢点名要去唐宫。早茶需要排队建议早点到。,,0,0,1,2026/4/16 7:43,2026/4/16 7:43
1914,251,178,1913,元想空间META SPACE的黑松露薯条是下午茶必点外酥内软松露油香气扑鼻。咖啡拉花漂亮甜品颜值在线。落地窗外CBD的天际线尽收眼底。姐妹下午茶拍照出片绝佳地点。,,0,0,1,2026/6/1 21:53,2026/6/1 21:53
1915,1168,88,1915,古巷李记爆肚除了爆肚他家的涮羊肉也不差。手切羊肉薄厚均匀入锅变色就能吃。麻酱是自家调的比别家多了一层芝麻的焦香。环境就是胡同里的小院不豪华但亲切。来这吃饭有种去别人家做客的感觉。,,0,0,1,2026/5/23 5:48,2026/5/23 5:48
1916,16,117,1915,松鹤楼台基厂的阳春面看似朴素但汤底是吊出来的鲜。红汤面配一块焖肉肥瘦相间入口即化。作为苏帮菜馆连一碗面都做得这么认真说明了态度。一个人来点碗面加份蟹粉小笼就是完美的苏式简餐。,,1,0,1,2026/4/10 4:16,2026/4/10 4:16
1917,13,173,1917,菘菘的鸡尾酒调得用心不是那种批量化的甜水。莫吉托薄荷新鲜朗姆酒和青柠比例好。小食拼盘里有炸鸡和薯条配酒刚好。驻唱歌手的选曲品味在线不吵。用来约会或者朋友小聚都合适。,,0,0,1,2026/3/13 22:44,2026/3/13 22:44
1918,1700,123,1917,南城香虎坊桥的早餐有十几种选择。豆腐脑咸的浇卤汁配油条。馄饨皮薄馅也好吃。油条现炸的又脆又香。早上七点店里就全是人了。,,0,0,1,2026/4/14 8:15,2026/4/14 8:15
1919,1058,158,1919,大兴胡同面茶藏在胡同里找到它就赢了。面茶表面铺了厚厚一层芝麻酱撒椒盐。不用勺子顺着碗边吸溜。越往碗底味道越浓。这种吃法是老北京的生活方式坐在马路牙子上端碗喝茶的样子就是最道地的北京。,,2,0,1,2026/2/28 4:16,2026/3/4 15:24
1920,220,166,1919,陕西大碗面五棵松的biangbiang面也是狠角色。宽面像裤带状筋道弹牙。浇上油泼的辣椒面和蒜被热油一激香气霸道。再配一个肉夹馍肥瘦相间。陕西朋友来了说比西安很多店都地道。,,1,0,1,2026/1/10 7:53,2026/1/11 1:53
1921,3680,138,1921,中建工地食堂就是最实在的存在。盖饭一份十来块钱红烧肉或宫保鸡丁盖在米饭上。菜是用大铁锹炒的翻炒时的火苗蹿天。建筑工人们的能量站。简单粗暴的管饱。,,0,0,1,2026/1/31 20:29,2026/1/31 21:48
1922,2607,125,1921,蒙宴·铜锅涮的涮肉品质不错羊肉切得薄厚均匀新鲜。清汤锅底涮出来肉是甜的能吃出肉质本身的好。麻酱自己调配比在别家调的更合自己口味。,,9,0,1,2026/5/28 11:36,2026/5/28 11:36
1923,179,140,1923,泛太平洋酒店的自助海鲜区永远有人排队但补货很快。雪蟹腿不限量肉质鲜甜沾黄油吃是经典。现开生蚝每个都饱满海水味在嘴里炸开。三文鱼切得厚一口下去油脂融化。五星级的服务每个细节都到位。年中和年终犒劳自己就来这里。,,0,0,1,2026/1/17 12:20,2026/1/17 12:21
1924,1275,174,1923,顿顿er饺子的皮是自己擀的比机器压的有灵魂。韭菜鸡蛋馅最清新鲜亮虾仁猪肉馅最饱满多汁。酸汤水饺是新出的很有意思酸辣汤底配饺子。饺子馅搭配永远在更新每次去都可能解锁新味道。,,0,0,1,2026/3/10 23:13,2026/3/10 23:13
1925,12,112,1925,大海碗天坛店的豆汁可以点小份试一下。第一次喝可能不习惯但喝完会有一种通透的感觉。炸酱面的酱和面是分开上的自己拌咸淡由人。还能点个麻豆腐羊油炒的香而不膻。老北京味道的微缩博物馆。,,0,0,1,2026/5/15 5:00,2026/5/15 5:00
1926,4069,115,1925,山西晋琦板面削面的板面比削面更合我胃口。板面宽厚有嚼劲牛肉汤底用了花椒麻味走得很前。配上卤制的豆皮和卤蛋再加一勺辣椒油。面量巨大一份够两个人分。山西面食的朴素力量不容小觑。,,20,0,1,2026/3/10 6:12,2026/3/10 6:12
1927,1977,82,1927,库迪咖啡万柳店比瑞幸还便宜经常有活动。潘帕斯蓝系列颜值很高牛奶用的是进口的。中午午休来一杯提神效果可以价格对得起味道。写字楼打工人的新宠。公司茶水间常备的两大咖啡品牌之一。,,0,0,1,2026/3/19 9:20,2026/3/19 9:20
1928,2205,118,1927,芙蓉水湘香苑店的红烧肉炖得烂乎肥而不腻甜咸适口。配米饭能把整碗饭消灭干净。价格合理分量足环境也干净。西边湘菜馆里综合实力很强的选择。,,1,0,1,2026/5/7 18:44,2026/5/7 18:44
1929,1864,100,1929,草木禅房北大店定期有节气限定套餐按照时令食材设计。春分套餐用了很多春笋和香椿味道清新。坐在窗边看校园的树从枯枝变成新绿。素食可以很精致也可以很有仪式感。,,1,0,1,2026/5/15 15:11,2026/5/15 15:11
1930,62,26,1929,為水的店面不大但位置方便。咖啡出品稳定拿铁奶泡绵密美式酸度适中。价格在周边算是正常水平。早上来一杯提神效果不错，适合上班前或午休时顺手买一杯。,,1,0,1,2026/5/27 3:52,2026/5/27 3:52
1931,2093,25,1931,渝湘人家万寿寺店的炒腊肉是下饭利器腊肉切得薄肥瘦相间。酸辣土豆丝酸脆可口。不是那种精致的餐厅就是做得好吃的家常馆子。价格实惠常客多是大学生。,,0,0,1,2026/3/10 22:45,2026/3/10 22:45
1932,2668,178,1931,南小街京味小馆的炖带鱼是用老式做法酱烧收汁浓稠。鱼骨炖得酥软可以连骨头一起吃。环境是老北京胡同馆子的样子小桌子小板凳。附近大爷说吃了三十年了没变过味道。,,8,0,1,2026/5/18 15:36,2026/5/18 15:36
1933,2607,95,1933,蒙宴四惠店的奶茶是铜锅现煮的咸口里面加了炒米和奶皮子。和马奶酒是另一个特色微酸酒精度不高开胃。手把肉配沙葱酱是内蒙吃法沙葱的辛辣和羊肉的甜是绝配。四惠这片商务宴请的好地方。,,5,0,1,2026/6/11 1:16,2026/6/11 1:16
1934,858,152,1933,天桥艺术咖啡店其实也是一个小小的社区文化空间。墙上挂着周边剧院的演出海报定期更换。有时候会有独立音乐人在这里做小型弹唱会。咖啡不惊艳但很舒服。天桥一带最适合等人的地方。,,0,0,1,2026/5/7 5:54,2026/5/7 5:54
1935,1286,169,1935,观盐重阳大酒楼的盐帮菜口味重但好吃。鲜椒兔兔肉嫩鲜椒麻舌头跳舞。火边子牛肉薄得像纸麻辣味透。适合重口味爱好者。自贡老家那边来的朋友说够味。,,1,0,1,2026/1/28 2:28,2026/1/28 2:58
1936,3140,147,1935,碗碗香麻辣香锅的辣度选麻辣才过瘾。午餐肉藕片土豆宽粉是每锅标配。蔬菜新鲜肉类选择多。一个人二十多块钱能炒一大碗吃得撑。北京的冬天没有麻辣香锅是不完整的。,,0,0,1,2026/3/3 9:20,2026/3/3 9:20
1937,3828,95,1937,江子馅筋的面筋是店家自制的口感韧道肉馅调得香。烤的时候外面刷一层甜辣酱芝麻撒上去再烤香得不行。小摊子只有老板一个人烤所以人多的时候要耐心等。好东西值得等。,,1,0,1,2026/3/12 14:06,2026/3/12 14:06
1938,3127,163,1937,杭州小笼包定福家园店小笼包皮薄汤汁足。咬开先喝汤汁再蘸醋吃肉馅鲜嫩。配一碗鸭血粉丝汤完美。附近学生的早餐据点之一。,,9,0,1,2026/4/26 19:46,2026/4/26 19:46
1939,2218,147,1939,玉双阁农家院玉渡山上的位置保证了食材的新鲜。柴鸡蛋是散养鸡下的炒出来金灿灿的。炸花椒芽刚摘的还带着露水外面的面衣薄而脆。爬完山下来吃顿农家饭体力瞬间回满。,,1,0,1,2026/3/30 11:40,2026/3/30 11:40
1940,274,122,1939,炖排骨确实不错，量大实在。就是环境一般了点，桌椅该换换了。,,0,0,1,2026/2/13 4:32,2026/2/13 4:32
1941,3512,26,1941,太德家宴确实适合请长辈吃饭，上次带爸妈去他们很满意。,,0,0,1,2026/4/30 8:05,2026/4/30 8:05
1942,4035,23,1941,炖柴鸡是真的土鸡，汤黄澄澄的跟超市买的不一样。,,0,0,1,2026/4/13 22:18,2026/4/13 22:18
1943,4035,96,1943,环境就是那种农家院，不讲究但吃得踏实。周末去郊区玩顺便吃挺好。,,0,0,1,2026/4/28 18:12,2026/4/28 18:12
1944,4082,31,1943,一条羊腿三四个人分刚好，孜然和辣椒的比例确实调得好。,,0,0,1,2026/5/14 7:07,2026/5/14 7:07
1945,3512,48,1945,炖吊子接受度确实两极分化，但我就是好这口。,,0,0,1,2026/4/7 13:06,2026/4/7 13:06
1946,4035,132,1945,大铁锅炖出来的跟煤气灶确实不一样，柴火味是灵魂。,,0,0,1,2026/5/14 3:41,2026/5/14 3:41
1947,4082,94,1947,通州那边专门去吃过一次，确实名不虚传。,,0,0,1,2026/5/30 13:45,2026/5/30 13:45
1948,4028,32,1947,暂停营业了可惜，之前去过一次柴鸡炖得真香。,,0,0,1,2026/2/22 16:15,2026/2/22 17:09
1949,4028,139,1949,石林峡爬完山下来谁还管环境，好吃就行。,,0,0,1,2026/3/15 1:17,2026/3/15 1:17
1950,4028,43,1949,这家之前去过，院子是真大，可惜现在暂停了。,,0,0,1,2026/4/7 15:57,2026/4/7 15:57
1951,4028,47,1951,炖鱼比炖鸡更对我胃口，鱼肉鲜嫩没土腥味。,,0,0,1,2026/5/22 15:05,2026/5/22 15:05
1952,3469,93,1951,虾饺皮薄到能数清虾仁是夸张了点，但确实做得好。,,0,0,1,2026/4/1 4:58,2026/4/1 4:58
1953,3469,59,1953,普洱配点心是真的绝，比喝咖啡配点心舒服多了。,,0,0,1,2026/4/1 4:59,2026/4/1 4:59
1954,3460,70,1953,确实，说不上多好但也不差，就是过日子吃的。,,0,0,1,2026/5/19 2:45,2026/5/19 9:48
1955,4021,48,1955,自助冲泡确实方便，路过歇一脚自己动手挺有意思。,,0,0,1,2026/4/9 6:32,2026/4/9 6:39
1956,2399,95,1955,胡同口那家小吃店吧，豆汁儿第一次喝不惯，多喝几次就好了。,,0,0,1,2026/5/27 13:39,2026/5/27 13:39
1957,2399,7,1957,价格确实便宜，早上来一套三块钱能吃饱。,,0,0,1,2026/5/27 12:59,2026/5/27 13:58
1958,4023,149,1957,说实话这个评价太佛系了，菜是不错的。,,0,0,1,2026/5/24 21:56,2026/5/24 21:56
1959,4023,106,1959,不特意来可以理解，但路过不进去就亏了。,,0,0,1,2026/5/26 12:26,2026/5/26 12:26
1960,4023,73,1959,我去了三次，每次都点酸汤鱼，从没踩过雷。,,0,0,1,2026/3/16 21:37,2026/3/16 21:37
1961,4023,28,1961,精酿啤酒配酸汤鱼这个组合第一次试的时候惊为天人。,,0,0,1,2026/6/10 2:12,2026/6/10 2:12
1962,4023,17,1961,你这也太冷淡了，明明值得安利好吧。,,0,0,1,2026/5/22 17:29,2026/5/22 17:29
1963,3510,129,1963,确实一般，但我爸喜欢去，没办法。,,0,0,1,2026/4/6 17:42,2026/4/6 17:42
1964,2400,149,1963,这家东北烧烤环境是差点但味道真的没得说。,,0,0,1,2026/4/21 1:40,2026/4/21 1:40
1965,4024,99,1965,他家豆子确实新鲜，手冲的水平在咖啡车里算好的。,,0,0,1,2026/3/16 0:50,2026/3/16 0:50
1966,4033,9,1965,马继宾的柴锅炖鸡确实有烟火气，城里吃不到。,,0,0,1,2026/5/21 11:22,2026/5/21 11:22
1967,4033,130,1967,周末开车去郊区玩就为了吃他家的炖鱼。,,0,0,1,2026/4/17 15:17,2026/4/17 15:17
1968,4036,27,1967,将就这个词太精准了，就是刚好能吃的水平。,,0,0,1,2026/5/10 2:42,2026/5/10 2:42
1969,4036,165,1969,确实，不踩雷也不出彩，就是填饱肚子。,,0,0,1,2026/5/10 4:12,2026/5/12 18:47
1970,3488,127,1969,贴饼子蘸鱼汤是真好吃，比鱼本身还香。,,0,0,1,2026/2/20 21:35,2026/2/20 21:35
1971,662,94,1971,蜂蜜加香油调面酱这个配方我在家试过，确实不一样。,,0,0,1,2026/6/11 3:13,2026/6/11 3:13
1972,664,34,1971,烤串比拉面出彩，羊肉串三块一串太良心了。,,0,0,1,2026/6/11 20:06,2026/6/11 20:06
1973,664,8,1973,店名就是菜单，简单粗暴我喜欢。,,0,0,1,2026/6/11 21:18,2026/6/11 21:18
1974,664,57,1973,拉面一般但烤串是炭火烤的，有烟火气。,,0,0,1,2026/6/11 20:56,2026/6/11 20:56
1975,3448,107,1975,烧鸡酱肉确实适合下酒，下班买半只回家配啤酒。,,0,0,1,2026/6/10 9:59,2026/6/10 9:59
1976,3448,150,1975,鸡做得不错但酱肉才是隐藏王者。,,0,0,1,2026/3/18 17:34,2026/3/19 5:27
1977,4028,1,1977,灌肠就是淀粉加蒜汁的魔法，最简单的食材最解馋。,,0,0,1,2026/4/27 10:12,2026/4/29 5:19
1978,4028,98,1977,路边摊文化的巅峰之作这个评价精准。,,0,0,1,2026/4/27 10:29,2026/4/27 11:18
1979,3918,147,1979,藜蒿炒腊肉是赣菜的灵魂，这家的腊肉炒得够香。,,0,0,1,2026/5/31 11:50,2026/5/31 11:50
1980,4034,137,1979,确实，几块钱一堆蹲路边吃才是正经吃法。,,0,0,1,2026/5/31 6:54,2026/5/31 6:54
1981,4034,70,1981,配北冰洋是标准答案，不接受反驳。,,0,0,1,2026/5/29 13:27,2026/5/29 13:27
1982,3460,28,1981,于记的包子比面条好，但面条也不差。,,0,0,1,2026/5/26 14:19,2026/5/26 14:19
1983,3460,5,1983,社区小店就图个实惠，放学下班过来吃一顿方便。,,0,0,1,2026/5/26 14:09,2026/5/26 14:09
1984,3460,10,1983,板面包子铺的面条确实有嚼劲，手工的感觉。,,0,0,1,2026/5/26 13:02,2026/5/26 13:02
1985,3466,143,1985,续碗这个操作学习了，之前都不知道可以加汤。,,0,0,1,2026/3/8 6:25,2026/3/8 6:25
1986,3466,115,1985,鸭架汤免费这个真的良心，冬天喝两碗浑身暖。,,0,0,1,2026/2/11 10:26,2026/2/11 11:16
1987,3466,21,1987,骨头汤确实鲜，比有些店的例汤强太多了。,,0,0,1,2026/6/10 3:24,2026/6/10 3:24
1988,3466,46,1987,鸭骨汤要趁热喝，凉了会腥。,,0,0,1,2026/5/8 4:33,2026/5/8 4:33
1989,3472,141,1989,路达的红烧排骨确实可以，炖得烂乎入味。,,0,0,1,2026/5/13 9:05,2026/5/13 9:05
1990,3472,53,1989,不想做饭就来这解决一顿，就是社区食堂的感觉。,,0,0,1,2026/5/28 13:40,2026/5/28 13:40
1991,3496,118,1991,农家菜就得是这感觉，精致了反而没那味了。,,0,0,1,2026/4/9 7:02,2026/4/9 7:02
1992,3496,27,1991,果树和菜地加分，孩子去了能摘果子玩。,,0,0,1,2026/5/3 7:19,2026/5/3 7:19
1993,3496,9,1993,一个教训不至于，性价比在郊区算可以的。,,0,0,1,2026/5/24 9:37,2026/5/24 9:37
1994,3496,111,1993,我觉得还行吧，没那么差，可能你去的时候运气不好。,,0,0,1,2026/5/16 2:09,2026/5/16 2:09
1995,3496,94,1995,花这个钱确实肉疼，但菜量确实对得起价格。,,0,0,1,2026/5/3 20:24,2026/5/3 20:24
1996,3508,10,1995,糖蒜确实重要，一顿涮肉没它少了一半的乐趣。,,0,0,1,2026/3/12 16:24,2026/3/12 16:24
1997,3508,77,1997,涮完肉吃一口糖蒜清理口腔，这个技巧学到了。,,0,0,1,2026/6/3 20:21,2026/6/3 20:21
1998,3508,129,1997,明儿见的糖蒜是自己腌的吧，比外面买的脆。,,0,0,1,2026/4/5 18:42,2026/4/5 18:42
1999,3508,115,1999,小碟子看起来不起眼但确实是画龙点睛。,,0,0,1,2026/4/11 15:17,2026/4/11 15:17
2000,4023,40,1999,木姜子油真的是灵魂，少了两滴味道差一半。,,0,0,1,2026/5/12 15:25,2026/5/19 6:09
2001,4023,3,2001,酸汤鱼还得是黔东南做法，这家算北京最好的了。,,0,0,1,2026/6/3 18:14,2026/6/3 18:14
2002,4034,67,2001,爬完山吃到这锅柴鸡炖的感觉就是救赎。,,0,0,1,2026/3/24 11:07,2026/3/24 11:07
2003,3508,49,2003,东北人做的锅包肉确实正宗，酸甜汁挂得刚好。,,0,0,1,2026/4/25 12:37,2026/4/25 12:37
2004,3508,13,2003,梧桐树下吃饭这个画面感太强了，秋天更美。,,0,0,1,2026/4/29 20:35,2026/4/29 20:35
2005,3918,131,2005,在北京吃赣菜选择太少，赣乡见算不错的。,,0,0,1,2026/5/17 1:56,2026/5/17 1:56
2006,3918,13,2005,粉蒸肉也是必点，入口即化不腻。,,0,0,1,2026/5/17 1:27,2026/5/17 1:27
2007,664,85,2007,碳火烤的就是比电烤的香，这点没法反驳。,,0,0,1,2026/5/22 7:04,2026/5/22 7:04
2008,664,3,2007,三块一串在北京真的不好找了，良心价。,,0,0,1,2026/4/18 20:31,2026/4/18 20:31
2009,664,146,2009,店名就是菜单这个评价笑死我了，确实直接。,,0,0,1,2026/5/9 23:29,2026/5/9 23:29
2010,4023,80,2009,西红柿发酵的酸跟醋不一样，这才是真酸汤。,,0,0,1,2026/6/3 20:34,2026/6/3 20:34
2011,4034,94,2011,炖了两个小时的柴鸡确实不一样，一夹就散。,,0,0,1,2026/5/20 2:15,2026/5/20 2:15
2012,3508,91,2011,可能我去的时候厨师心情不好吧。,,0,0,1,2026/4/23 7:27,2026/4/23 7:27
2013,3508,2,2013,锅包肉确实可以，但其他菜一般。,,0,0,1,2026/4/23 6:24,2026/4/23 6:24
2014,3496,151,2013,炖鸡炖得软烂入味，用筷子一夹就散了。,,0,0,1,2026/4/27 6:45,2026/4/27 6:45
2015,4082,3,2015,三四个人分一条确实正好，之前两个人去剩一半。,,0,0,1,2026/4/4 0:06,2026/4/4 0:06
2016,4082,1,2015,西集这家是通州烤羊腿的天花板了。,,0,0,1,2026/4/11 18:06,2026/4/11 18:06
2017,4082,12,2017,外焦里嫩这个形容准确，外面那层皮是最好吃的。,,0,0,1,2026/5/11 23:29,2026/5/11 23:29
2018,4082,120,2017,配冰啤酒太爽了，夏天在露天吃简直神仙。,,0,0,1,2026/6/11 23:17,2026/6/11 23:17
2019,4082,7,2019,一个人吃不完打包回去第二天微波炉转转照样香。,,0,0,1,2026/5/10 16:01,2026/5/10 16:01
2020,4023,167,2019,来了这么多次还每次都点一样的，真爱无疑。,,0,0,1,2026/6/8 0:11,2026/6/8 0:11
2021,4034,170,2021,爬完石林峡两条腿都在抖，这家店就是救星。,,0,0,1,2026/4/20 21:18,2026/4/20 21:18
2022,4034,84,2021,柴鸡炖得烂乎汤底金黄，看着就有食欲。,,0,0,1,2026/3/22 21:20,2026/3/22 21:20
2023,4034,69,2023,景区附近能有这个品质的农家菜不容易。,,0,0,1,2026/4/12 10:00,2026/4/12 10:00
2024,3508,113,2023,他家锅包肉是王牌，每次来必须点。,,0,0,1,2026/4/4 19:37,2026/4/4 19:37
2025,3508,9,2025,老板换新菜这点有意思，每次去都有惊喜。,,0,0,1,2026/4/4 20:59,2026/4/4 20:59
2026,3508,68,2025,梧桐树秋天满院黄叶的意境确实绝了。,,0,0,1,2026/5/19 0:41,2026/5/19 0:41
2027,3508,26,2027,东北老板实在，菜量给得大方，不会坑人。,,0,0,1,2026/5/18 19:08,2026/5/18 19:08
2028,3508,80,2027,小院的环境确实好，比商场的馆子舒服一百倍。,,0,0,1,2026/5/16 23:56,2026/5/16 23:56
2029,4023,145,2029,老顾客了，每次带新朋友来都安利成功。,,0,0,1,2026/5/15 7:31,2026/5/15 7:31
2030,4023,97,2029,酸汤鱼精酿啤酒是固定搭配，缺一样都不完整。,,0,0,1,2026/2/7 16:54,2026/2/7 19:22
2031,4023,73,2031,来了无数次的人给你点赞，确实稳定不踩雷。,,0,0,1,2026/4/23 18:36,2026/4/23 18:36
2032,4023,55,2031,老板都认识你了估计，下次直接说老样子就行。,,0,0,1,2026/5/12 6:46,2026/5/12 6:46
2033,3918,166,2033,粉蒸肉和瓦罐汤是我每次来必点的两样。,,0,0,1,2026/6/6 10:38,2026/6/6 10:38
2034,3496,107,2033,自家种的菜炒出来的味道跟超市买的真的不一样。,,0,0,1,2026/4/7 18:24,2026/4/7 18:24
2035,3496,134,2035,周末带家里人去，小孩子在院子里跑得可欢了。,,0,0,1,2026/3/15 16:18,2026/3/15 16:27
2036,3496,4,2035,炖柴鸡端上来还在冒泡的画面感太强了。,,0,0,1,2026/5/24 4:26,2026/5/24 4:26
2037,4082,161,2037,孜然和辣椒的配比是灵魂，三哥调得好。,,0,0,1,2026/3/29 12:16,2026/3/29 12:16
2038,4082,175,2037,老店就是老店，这么多年了味道一点没变。,,0,0,1,2026/3/29 11:46,2026/3/29 11:46
2039,4082,61,2039,每次去都点一整条，朋友都说我太能吃了。,,0,0,1,2026/3/29 13:17,2026/3/29 13:17
2040,3510,130,2039,密云那边空气好，吃完饭村子里转转消化一下。,,0,0,1,2026/5/18 22:53,2026/5/18 22:53
2041,3510,30,2041,祝桂兰的炖鸡是真的散养鸡，能吃出来。,,0,0,1,2026/5/21 7:07,2026/5/21 7:07
2042,2400,19,2041,露天吃烧烤可以坐到半夜，夏天最爽了。,,0,0,1,2026/5/14 18:32,2026/5/14 18:32
2043,2400,83,2043,羊腰子外焦里嫩确实考验技术，这家可以。,,0,0,1,2026/6/2 3:20,2026/6/2 3:20
2044,2400,61,2043,烤蚕蛹需要勇气，但吃过一次就上瘾了。,,0,0,1,2026/5/10 3:30,2026/5/10 3:30
