id,destination_id,node_name,node_type,ref_id,lng,lat,floor_no
,10,OSMintersection001,intersection,,116.684815,39.859535,
,10,OSMturn002,turn,,116.682573,39.859534,
,10,OSMturn003,turn,,116.686120,39.859532,
,10,OSMintersection004,intersection,,116.681045,39.859352,
,10,OSMintersection005,intersection,,116.680759,39.859242,
,10,OSMintersection006,intersection,,116.680662,39.859177,
,10,OSMintersection007,intersection,,116.680954,39.859173,
,10,OSMturn008,turn,,116.681040,39.859166,
,10,OSMintersection009,intersection,,116.681083,39.859152,
,10,OSMturn010,turn,,116.686488,39.858832,
,10,OSMintersection011,intersection,,116.681144,39.858755,
,10,OSMintersection012,intersection,,116.681439,39.858703,
,10,OSMturn013,turn,,116.686337,39.858652,
,10,OSMintersection014,intersection,,116.686109,39.858623,
,10,OSMintersection015,intersection,,116.686005,39.858619,
,10,OSMturn016,turn,,116.681010,39.858460,
,10,OSMintersection017,intersection,,116.685300,39.858459,
,10,OSMintersection018,intersection,,116.685331,39.858367,
,10,OSMturn019,turn,,116.680846,39.858277,
,10,OSMintersection020,intersection,,116.680932,39.858269,
,10,OSMturn021,turn,,116.682575,39.858252,
,10,OSMintersection022,intersection,,116.680381,39.858248,
,10,OSMintersection023,intersection,,116.680563,39.858145,
,10,OSMintersection024,intersection,,116.681669,39.858128,
,10,OSMintersection025,intersection,,116.681166,39.858098,
,10,OSMintersection026,intersection,,116.681703,39.858082,
,10,OSMintersection027,intersection,,116.682174,39.858064,
,10,OSMturn028,turn,,116.684917,39.858052,
,10,OSMintersection029,intersection,,116.680523,39.858038,
,10,OSMturn030,turn,,116.681724,39.858029,
,10,OSMturn031,turn,,116.684353,39.858007,
,10,OSMintersection032,intersection,,116.684166,39.857995,
,10,OSMturn033,turn,,116.683282,39.857985,
,10,OSMturn034,turn,,116.681866,39.857963,
,10,OSMintersection035,intersection,,116.684682,39.857956,
,10,OSMintersection036,intersection,,116.684513,39.857952,
,10,OSMturn037,turn,,116.682213,39.857941,
,10,OSMintersection038,intersection,,116.684575,39.857929,
,10,OSMturn039,turn,,116.685478,39.857884,
,10,OSMturn040,turn,,116.684732,39.857878,
,10,OSMintersection041,intersection,,116.684165,39.857849,
,10,OSMintersection042,intersection,,116.682802,39.857845,
,10,OSMturn043,turn,,116.680369,39.857841,
,10,OSMintersection044,intersection,,116.680284,39.857836,
,10,OSMturn045,turn,,116.683240,39.857835,
,10,OSMintersection046,intersection,,116.682746,39.857834,
,10,OSMturn047,turn,,116.681062,39.857833,
,10,OSMintersection048,intersection,,116.684772,39.857828,
,10,OSMintersection049,intersection,,116.684824,39.857807,
,10,OSMturn050,turn,,116.684896,39.857803,
,10,OSMturn051,turn,,116.680222,39.857796,
,10,OSMintersection052,intersection,,116.680648,39.857778,
,10,OSMintersection053,intersection,,116.680451,39.857776,
,10,OSMturn054,turn,,116.685004,39.857773,
,10,OSMturn055,turn,,116.680510,39.857753,
,10,OSMturn056,turn,,116.683104,39.857740,
,10,OSMintersection057,intersection,,116.680662,39.857734,
,10,OSMturn058,turn,,116.680362,39.857659,
,10,OSMintersection059,intersection,,116.685297,39.857656,
,10,OSMintersection060,intersection,,116.685116,39.857641,
,10,OSMintersection061,intersection,,116.685328,39.857638,
,10,OSMturn062,turn,,116.680628,39.857628,
,10,OSMturn063,turn,,116.682109,39.857622,
,10,OSMturn064,turn,,116.683054,39.857617,
,10,OSMintersection065,intersection,,116.682857,39.857600,
,10,OSMintersection066,intersection,,116.685367,39.857598,
,10,OSMturn067,turn,,116.687209,39.857595,
,10,OSMturn068,turn,,116.685062,39.857514,
,10,OSMturn069,turn,,116.688819,39.857514,
,10,OSMintersection070,intersection,,116.688006,39.857509,
,10,OSMturn071,turn,,116.681826,39.857496,
,10,OSMturn072,turn,,116.686390,39.857465,
,10,OSMturn073,turn,,116.685122,39.857446,
,10,OSMintersection074,intersection,,116.685312,39.857446,
,10,OSMturn075,turn,,116.685555,39.857359,
,10,OSMturn076,turn,,116.682816,39.857349,
,10,OSMturn077,turn,,116.680526,39.857336,
,10,OSMintersection078,intersection,,116.680469,39.857284,
,10,OSMturn079,turn,,116.680556,39.857278,
,10,OSMintersection080,intersection,,116.686259,39.857274,
,10,OSMturn081,turn,,116.681779,39.857274,
,10,OSMintersection082,intersection,,116.686230,39.857232,
,10,OSMintersection083,intersection,,116.680403,39.857230,
,10,OSMturn084,turn,,116.680537,39.857208,
,10,OSMturn085,turn,,116.680562,39.857202,
,10,OSMintersection086,intersection,,116.680420,39.857198,
,10,OSMturn087,turn,,116.682396,39.857151,
,10,OSMturn088,turn,,116.686064,39.857138,
,10,OSMintersection089,intersection,,116.680521,39.857136,
,10,OSMintersection090,intersection,,116.684587,39.857114,
,10,OSMturn091,turn,,116.681042,39.857112,
,10,OSMintersection092,intersection,,116.681826,39.857083,
,10,OSMintersection093,intersection,,116.682637,39.857065,
,10,OSMintersection094,intersection,,116.685767,39.857013,
,10,OSMintersection095,intersection,,116.682701,39.857006,
,10,OSMintersection096,intersection,,116.685901,39.856990,
,10,OSMintersection097,intersection,,116.685833,39.856989,
,10,OSMintersection098,intersection,,116.686018,39.856987,
,10,OSMturn099,turn,,116.686115,39.856964,
,10,OSMintersection100,intersection,,116.683685,39.856908,
,10,OSMintersection101,intersection,,116.680633,39.856905,
,10,OSMintersection102,intersection,,116.684155,39.856894,
,10,OSMintersection103,intersection,,116.680650,39.856827,
,10,OSMintersection104,intersection,,116.681277,39.856820,
,10,OSMintersection105,intersection,,116.681241,39.856739,
,10,OSMturn106,turn,,116.686315,39.856712,
,10,OSMintersection107,intersection,,116.681213,39.856690,
,10,OSMturn108,turn,,116.687116,39.856672,
,10,OSMintersection109,intersection,,116.683786,39.856672,
,10,OSMintersection110,intersection,,116.687410,39.856633,
,10,OSMintersection111,intersection,,116.681150,39.856623,
,10,OSMintersection112,intersection,,116.684153,39.856612,
,10,OSMturn113,turn,,116.687448,39.856611,
,10,OSMturn114,turn,,116.687541,39.856564,
,10,OSMintersection115,intersection,,116.687908,39.856553,
,10,OSMturn116,turn,,116.685405,39.856545,
,10,OSMturn117,turn,,116.684658,39.856507,
,10,OSMturn118,turn,,116.680896,39.856493,
,10,OSMintersection119,intersection,,116.680523,39.856489,
,10,OSMturn120,turn,,116.687307,39.856484,
,10,OSMturn121,turn,,116.684770,39.856482,
,10,OSMintersection122,intersection,,116.688754,39.856473,
,10,OSMintersection123,intersection,,116.686690,39.856433,
,10,OSMturn124,turn,,116.684856,39.856418,
,10,OSMintersection125,intersection,,116.687454,39.856410,
,10,OSMintersection126,intersection,,116.684929,39.856396,
,10,OSMintersection127,intersection,,116.686506,39.856391,
,10,OSMintersection128,intersection,,116.687325,39.856388,
,10,OSMturn129,turn,,116.686545,39.856347,
,10,OSMturn130,turn,,116.682853,39.856344,
,10,OSMturn131,turn,,116.683471,39.856326,
,10,OSMintersection132,intersection,,116.686864,39.856291,
,10,OSMintersection133,intersection,,116.684904,39.856275,
,10,OSMintersection134,intersection,,116.687159,39.856270,
,10,OSMintersection135,intersection,,116.680524,39.856265,
,10,OSMturn136,turn,,116.682566,39.856256,
,10,OSMintersection137,intersection,,116.685058,39.856244,
,10,OSMturn138,turn,,116.686983,39.856243,
,10,OSMintersection139,intersection,,116.686893,39.856237,
,10,OSMintersection140,intersection,,116.686975,39.856231,
,10,OSMintersection141,intersection,,116.680559,39.856197,
,10,OSMturn142,turn,,116.686841,39.856192,
,10,OSMintersection143,intersection,,116.687442,39.856191,
,10,OSMintersection144,intersection,,116.687475,39.856186,
,10,OSMturn145,turn,,116.681440,39.856158,
,10,OSMturn146,turn,,116.686388,39.856152,
,10,OSMturn147,turn,,116.684881,39.856142,
,10,OSMturn148,turn,,116.682465,39.856130,
,10,OSMturn149,turn,,116.688675,39.856125,
,10,OSMturn150,turn,,116.686070,39.856118,
,10,OSMintersection151,intersection,,116.687900,39.856117,
,10,OSMintersection152,intersection,,116.683194,39.856112,
,10,OSMintersection153,intersection,,116.687199,39.856107,
,10,OSMintersection154,intersection,,116.686977,39.856104,
,10,OSMintersection155,intersection,,116.687048,39.856096,
,10,OSMintersection156,intersection,,116.686808,39.856090,
,10,OSMintersection157,intersection,,116.687069,39.856052,
,10,OSMturn158,turn,,116.682550,39.856046,
,10,OSMintersection159,intersection,,116.687266,39.856041,
,10,OSMturn160,turn,,116.686953,39.856015,
,10,OSMintersection161,intersection,,116.683831,39.856007,
,10,OSMintersection162,intersection,,116.686989,39.855998,
,10,OSMintersection163,intersection,,116.687083,39.855997,
,10,OSMturn164,turn,,116.687765,39.855995,
,10,OSMturn165,turn,,116.684870,39.855967,
,10,OSMturn166,turn,,116.682574,39.855958,
,10,OSMintersection167,intersection,,116.684026,39.855951,
,10,OSMintersection168,intersection,,116.682627,39.855915,
,10,OSMturn169,turn,,116.684952,39.855913,
,10,OSMintersection170,intersection,,116.684861,39.855907,
,10,OSMintersection171,intersection,,116.682661,39.855871,
,10,OSMintersection172,intersection,,116.679954,39.855870,
,10,OSMintersection173,intersection,,116.684792,39.855852,
,10,OSMturn174,turn,,116.685017,39.855851,
,10,OSMintersection175,intersection,,116.684186,39.855794,
,10,OSMturn176,turn,,116.684781,39.855772,
,10,OSMturn177,turn,,116.681038,39.855771,
,10,OSMintersection178,intersection,,116.684971,39.855768,
,10,OSMturn179,turn,,116.683747,39.855762,
,10,OSMturn180,turn,,116.686251,39.855761,
,10,OSMturn181,turn,,116.682699,39.855756,
,10,OSMintersection182,intersection,,116.685119,39.855738,
,10,OSMintersection183,intersection,,116.681063,39.855728,
,10,OSMintersection184,intersection,,116.685089,39.855721,
,10,OSMintersection185,intersection,,116.684592,39.855688,
,10,OSMturn186,turn,,116.682738,39.855665,
,10,OSMintersection187,intersection,,116.685449,39.855664,
,10,OSMintersection188,intersection,,116.685244,39.855652,
,10,OSMintersection189,intersection,,116.685491,39.855621,
,10,OSMturn190,turn,,116.684294,39.855619,
,10,OSMintersection191,intersection,,116.685958,39.855617,
,10,OSMturn192,turn,,116.682860,39.855592,
,10,OSMintersection193,intersection,,116.684279,39.855588,
,10,OSMturn194,turn,,116.682985,39.855567,
,10,OSMturn195,turn,,116.679443,39.855560,
,10,OSMintersection196,intersection,,116.684345,39.855540,
,10,OSMintersection197,intersection,,116.688803,39.855527,
,10,OSMintersection198,intersection,,116.683076,39.855511,
,10,OSMintersection199,intersection,,116.683142,39.855502,
,10,OSMturn200,turn,,116.684535,39.855388,
,10,OSMturn201,turn,,116.684259,39.855371,
,10,OSMintersection202,intersection,,116.684241,39.855341,
,10,OSMturn203,turn,,116.684767,39.855296,
,10,OSMturn204,turn,,116.679821,39.855208,
,10,OSMintersection205,intersection,,116.681089,39.855073,
,10,OSMintersection206,intersection,,116.684184,39.855041,
,10,OSMintersection207,intersection,,116.679624,39.855001,
,10,OSMintersection208,intersection,,116.681732,39.855000,
,10,OSMturn209,turn,,116.684060,39.854987,
,10,OSMintersection210,intersection,,116.679226,39.854983,
,10,OSMturn211,turn,,116.683930,39.854934,
,10,OSMturn212,turn,,116.679439,39.854890,
,10,OSMintersection213,intersection,,116.681218,39.854866,
,10,OSMintersection214,intersection,,116.682334,39.854838,
,10,OSMturn215,turn,,116.682347,39.854793,
,10,OSMturn216,turn,,116.683570,39.854774,
,10,OSMturn217,turn,,116.679941,39.854772,
,10,OSMturn218,turn,,116.682425,39.854747,
,10,OSMturn219,turn,,116.682564,39.854731,
,10,OSMturn220,turn,,116.682794,39.854708,
,10,OSMturn221,turn,,116.685228,39.854689,
,10,OSMintersection222,intersection,,116.683001,39.854686,
,10,OSMintersection223,intersection,,116.683344,39.854683,
,10,OSMintersection224,intersection,,116.684448,39.854681,
,10,OSMturn225,turn,,116.684323,39.854627,
,10,OSMturn226,turn,,116.685269,39.854605,
,10,OSMintersection227,intersection,,116.684510,39.854587,
,10,OSMturn228,turn,,116.684192,39.854573,
,10,OSMintersection229,intersection,,116.681654,39.854565,
,10,OSMintersection230,intersection,,116.684525,39.854548,
,10,OSMintersection231,intersection,,116.681673,39.854536,
,10,OSMintersection232,intersection,,116.680228,39.854515,
,10,OSMturn233,turn,,116.679871,39.854482,
,10,OSMturn234,turn,,116.680680,39.854443,
,10,OSMturn235,turn,,116.683832,39.854427,
,10,OSMturn236,turn,,116.682864,39.854422,
,10,OSMturn237,turn,,116.682260,39.854330,
,10,OSMintersection238,intersection,,116.683584,39.854327,
,10,OSMintersection239,intersection,,116.679889,39.854284,
,10,OSMintersection240,intersection,,116.682228,39.854269,
,10,OSMintersection241,intersection,,116.684453,39.854253,
,10,OSMintersection242,intersection,,116.680608,39.854252,
,10,OSMturn243,turn,,116.680142,39.854251,
,10,OSMintersection244,intersection,,116.680704,39.854250,
,10,OSMintersection245,intersection,,116.681657,39.854242,
,10,OSMintersection246,intersection,,116.681888,39.854189,
,10,OSMturn247,turn,,116.682207,39.854188,
,10,OSMintersection248,intersection,,116.680595,39.854178,
,10,OSMturn249,turn,,116.681712,39.854176,
,10,OSMturn250,turn,,116.683679,39.854121,
,10,OSMturn251,turn,,116.683773,39.854078,
,10,OSMturn252,turn,,116.684054,39.854070,
,10,OSMturn253,turn,,116.684865,39.854070,
,10,OSMintersection254,intersection,,116.680926,39.854052,
,10,OSMturn255,turn,,116.685194,39.853992,
,10,OSMturn256,turn,,116.679427,39.853982,
,10,OSMintersection257,intersection,,116.680819,39.853981,
,10,OSMturn258,turn,,116.684931,39.853956,
,10,OSMturn259,turn,,116.683155,39.853939,
,10,OSMturn260,turn,,116.684899,39.853889,
,10,OSMintersection261,intersection,,116.681127,39.853873,
,10,OSMintersection262,intersection,,116.679190,39.853827,
,10,OSMintersection263,intersection,,116.681021,39.853803,
,10,OSMintersection264,intersection,,116.684608,39.853792,
,10,OSMintersection265,intersection,,116.684783,39.853785,
,10,OSMintersection266,intersection,,116.684902,39.853763,
,10,OSMturn267,turn,,116.681157,39.853745,
,10,OSMintersection268,intersection,,116.684888,39.853736,
,10,OSMintersection269,intersection,,116.684867,39.853692,
,10,OSMturn270,turn,,116.681307,39.853670,
,10,OSMintersection271,intersection,,116.680330,39.853661,
,10,OSMturn272,turn,,116.681444,39.853550,
,10,OSMturn273,turn,,116.680349,39.853543,
,10,OSMturn274,turn,,116.680003,39.853535,
,10,OSMturn275,turn,,116.680075,39.853534,
,10,OSMturn276,turn,,116.680459,39.853505,
,10,OSMturn277,turn,,116.680430,39.853491,
,10,OSMintersection278,intersection,,116.681500,39.853447,
,10,OSMturn279,turn,,116.679822,39.853428,
,10,OSMintersection280,intersection,,116.683171,39.853418,
,10,OSMturn281,turn,,116.680180,39.853378,
,10,OSMintersection282,intersection,,116.680352,39.853351,
,10,OSMturn283,turn,,116.684815,39.853337,
,10,OSMturn284,turn,,116.680159,39.853323,
,10,OSMturn285,turn,,116.680057,39.853269,
,10,OSMturn286,turn,,116.679886,39.853268,
,10,OSMturn287,turn,,116.681771,39.853193,
,10,OSMintersection288,intersection,,116.682500,39.853122,
,10,OSMintersection289,intersection,,116.681027,39.853077,
,10,OSMintersection290,intersection,,116.681027,39.853025,
,10,OSMintersection291,intersection,,116.683025,39.853016,
,10,OSMintersection292,intersection,,116.683826,39.853016,
,10,OSMintersection293,intersection,,116.681030,39.852970,
,10,OSMintersection294,intersection,,116.681082,39.852937,
,10,OSMintersection295,intersection,,116.681012,39.852914,
,10,OSMintersection296,intersection,,116.682471,39.852898,
,10,OSMintersection297,intersection,,116.683654,39.852858,
,10,OSMturn298,turn,,116.681094,39.852829,
,10,OSMintersection299,intersection,,116.683775,39.852814,
,10,北京环球影城园内入口,gate,,116.681038,39.855771,
,10,灯光，摄像，开拍！,place,,116.681654,39.854565,
,10,小黄人超萌海滩派对,place,,116.683344,39.854683,
,10,小黄人闹翻天,place,,116.684054,39.854070,
,10,欢乐好声音巡演,place,,116.684525,39.854548,
,10,美食广场,facility,,116.684184,39.855041,
,10,侏罗纪世界大冒险,place,,116.683685,39.856908,
,10,飞跃侏罗纪,place,,116.682465,39.856130,
,10,哈利波特与禁忌之旅,place,,116.687116,39.856672,
,10,霍格沃茨城堡,place,,116.686315,39.856712,
,10,奥利凡德,place,,116.686070,39.856118,
,10,鹰马飞行,place,,116.687307,39.856484,
,10,三把扫帚,facility,,116.686070,39.856118,
,10,霸天虎过山车,place,,116.680222,39.857796,
,10,变形金刚：传奇现场,place,,116.681062,39.857833,
,10,擎天柱雕塑,place,,116.680846,39.858277,
,10,功夫熊猫盖世之地,place,,116.683282,39.857985,
,10,功夫熊猫：神龙大侠之旅,place,,116.682575,39.858252,
,10,智慧仙桃树,place,,116.684166,39.857995,
,10,未来水世界特技表演,place,,116.686005,39.858619,
,10,赛博坦骑士餐厅,facility,,116.681439,39.858703,
,14,OSMintersection001,intersection,,116.399301,40.033970,
,14,OSMintersection002,intersection,,116.396487,40.032585,
,14,OSMintersection003,intersection,,116.406233,40.032346,
,14,OSMturn004,turn,,116.399898,40.032278,
,14,OSMturn005,turn,,116.406220,40.032117,
,14,OSMturn006,turn,,116.398986,40.032027,
,14,OSMturn007,turn,,116.402643,40.031800,
,14,OSMintersection008,intersection,,116.396500,40.031725,
,14,OSMintersection009,intersection,,116.407572,40.031658,
,14,OSMintersection010,intersection,,116.396861,40.031603,
,14,OSMintersection011,intersection,,116.396523,40.031590,
,14,OSMturn012,turn,,116.396932,40.031578,
,14,OSMturn013,turn,,116.395589,40.031561,
,14,OSMturn014,turn,,116.408163,40.031537,
,14,OSMintersection015,intersection,,116.409022,40.031455,
,14,OSMintersection016,intersection,,116.401091,40.031441,
,14,OSMintersection017,intersection,,116.405621,40.031390,
,14,OSMintersection018,intersection,,116.406206,40.031388,
,14,OSMintersection019,intersection,,116.407730,40.031380,
,14,OSMturn020,turn,,116.407794,40.031380,
,14,OSMturn021,turn,,116.408133,40.031377,
,14,OSMturn022,turn,,116.403237,40.031371,
,14,OSMintersection023,intersection,,116.397236,40.031336,
,14,OSMturn024,turn,,116.395250,40.031233,
,14,OSMturn025,turn,,116.398930,40.031099,
,14,OSMturn026,turn,,116.391159,40.030991,
,14,OSMturn027,turn,,116.400463,40.030874,
,14,OSMturn028,turn,,116.394021,40.030870,
,14,OSMintersection029,intersection,,116.403627,40.030780,
,14,OSMintersection030,intersection,,116.405299,40.030772,
,14,OSMintersection031,intersection,,116.386659,40.030771,
,14,OSMintersection032,intersection,,116.407400,40.030657,
,14,OSMturn033,turn,,116.384044,40.030627,
,14,OSMturn034,turn,,116.399044,40.030616,
,14,OSMturn035,turn,,116.395602,40.030594,
,14,OSMturn036,turn,,116.401527,40.030594,
,14,OSMturn037,turn,,116.394858,40.030591,
,14,OSMintersection038,intersection,,116.392871,40.030589,
,14,OSMturn039,turn,,116.391653,40.030578,
,14,OSMintersection040,intersection,,116.407398,40.030577,
,14,OSMturn041,turn,,116.389077,40.030545,
,14,OSMintersection042,intersection,,116.390174,40.030465,
,14,OSMturn043,turn,,116.402843,40.030423,
,14,OSMturn044,turn,,116.391991,40.030413,
,14,OSMturn045,turn,,116.399620,40.030411,
,14,OSMturn046,turn,,116.400623,40.030411,
,14,OSMintersection047,intersection,,116.383120,40.030372,
,14,OSMturn048,turn,,116.408275,40.030335,
,14,OSMintersection049,intersection,,116.381992,40.030317,
,14,OSMturn050,turn,,116.397660,40.030293,
,14,OSMturn051,turn,,116.379848,40.030261,
,14,OSMturn052,turn,,116.395481,40.030259,
,14,OSMintersection053,intersection,,116.403602,40.030243,
,14,OSMturn054,turn,,116.387552,40.030235,
,14,OSMturn055,turn,,116.389242,40.030230,
,14,OSMintersection056,intersection,,116.404424,40.030230,
,14,OSMturn057,turn,,116.404413,40.030205,
,14,OSMturn058,turn,,116.407092,40.030186,
,14,OSMturn059,turn,,116.394461,40.030176,
,14,OSMintersection060,intersection,,116.393439,40.030155,
,14,OSMturn061,turn,,116.386997,40.030069,
,14,OSMturn062,turn,,116.378847,40.030056,
,14,OSMintersection063,intersection,,116.405344,40.030052,
,14,OSMintersection064,intersection,,116.405266,40.030050,
,14,OSMintersection065,intersection,,116.399918,40.030029,
,14,OSMturn066,turn,,116.405915,40.030019,
,14,OSMturn067,turn,,116.389768,40.030009,
,14,OSMturn068,turn,,116.393878,40.029963,
,14,OSMintersection069,intersection,,116.391394,40.029952,
,14,OSMturn070,turn,,116.388050,40.029945,
,14,OSMintersection071,intersection,,116.381214,40.029934,
,14,OSMintersection072,intersection,,116.394034,40.029923,
,14,OSMturn073,turn,,116.408588,40.029908,
,14,OSMintersection074,intersection,,116.398411,40.029902,
,14,OSMintersection075,intersection,,116.400271,40.029882,
,14,OSMintersection076,intersection,,116.394169,40.029846,
,14,OSMturn077,turn,,116.396831,40.029783,
,14,OSMturn078,turn,,116.381477,40.029768,
,14,OSMintersection079,intersection,,116.406233,40.029724,
,14,OSMturn080,turn,,116.397397,40.029636,
,14,OSMintersection081,intersection,,116.391566,40.029591,
,14,OSMturn082,turn,,116.390653,40.029590,
,14,OSMturn083,turn,,116.392350,40.029560,
,14,OSMturn084,turn,,116.404306,40.029552,
,14,OSMintersection085,intersection,,116.407346,40.029535,
,14,OSMintersection086,intersection,,116.393673,40.029502,
,14,OSMturn087,turn,,116.405636,40.029464,
,14,OSMturn088,turn,,116.377694,40.029433,
,14,OSMturn089,turn,,116.400446,40.029390,
,14,OSMintersection090,intersection,,116.402948,40.029380,
,14,OSMturn091,turn,,116.408506,40.029319,
,14,OSMturn092,turn,,116.392567,40.029316,
,14,OSMturn093,turn,,116.401449,40.029304,
,14,OSMintersection094,intersection,,116.383191,40.029277,
,14,OSMintersection095,intersection,,116.399166,40.029241,
,14,OSMturn096,turn,,116.395242,40.029196,
,14,OSMintersection097,intersection,,116.406775,40.029168,
,14,OSMturn098,turn,,116.379820,40.029132,
,14,OSMintersection099,intersection,,116.380464,40.029065,
,14,OSMturn100,turn,,116.390020,40.029052,
,14,OSMturn101,turn,,116.380982,40.029022,
,14,OSMintersection102,intersection,,116.400110,40.029017,
,14,OSMintersection103,intersection,,116.404581,40.029000,
,14,OSMturn104,turn,,116.391732,40.028992,
,14,OSMintersection105,intersection,,116.404130,40.028893,
,14,OSMturn106,turn,,116.376219,40.028864,
,14,OSMturn107,turn,,116.387330,40.028827,
,14,OSMintersection108,intersection,,116.405096,40.028795,
,14,OSMturn109,turn,,116.399942,40.028790,
,14,OSMturn110,turn,,116.402824,40.028775,
,14,OSMintersection111,intersection,,116.405134,40.028772,
,14,OSMturn112,turn,,116.383657,40.028749,
,14,OSMintersection113,intersection,,116.397154,40.028722,
,14,OSMintersection114,intersection,,116.390516,40.028709,
,14,OSMintersection115,intersection,,116.390384,40.028706,
,14,OSMintersection116,intersection,,116.391352,40.028699,
,14,OSMintersection117,intersection,,116.389568,40.028690,
,14,OSMintersection118,intersection,,116.391927,40.028667,
,14,OSMintersection119,intersection,,116.407905,40.028664,
,14,OSMturn120,turn,,116.393855,40.028639,
,14,OSMturn121,turn,,116.392373,40.028626,
,14,OSMturn122,turn,,116.391055,40.028624,
,14,OSMintersection123,intersection,,116.400517,40.028612,
,14,OSMintersection124,intersection,,116.391045,40.028579,
,14,OSMturn125,turn,,116.405472,40.028565,
,14,OSMintersection126,intersection,,116.386939,40.028497,
,14,OSMintersection127,intersection,,116.374073,40.028467,
,14,OSMintersection128,intersection,,116.386747,40.028465,
,14,OSMturn129,turn,,116.397218,40.028455,
,14,OSMintersection130,intersection,,116.386617,40.028444,
,14,OSMturn131,turn,,116.388557,40.028433,
,14,OSMturn132,turn,,116.391625,40.028432,
,14,OSMturn133,turn,,116.386572,40.028429,
,14,OSMturn134,turn,,116.384830,40.028414,
,14,OSMintersection135,intersection,,116.405806,40.028413,
,14,OSMturn136,turn,,116.381735,40.028379,
,14,OSMintersection137,intersection,,116.379719,40.028351,
,14,OSMintersection138,intersection,,116.381760,40.028345,
,14,OSMintersection139,intersection,,116.406860,40.028342,
,14,OSMintersection140,intersection,,116.403137,40.028338,
,14,OSMintersection141,intersection,,116.406377,40.028312,
,14,OSMturn142,turn,,116.398922,40.028305,
,14,OSMintersection143,intersection,,116.378774,40.028300,
,14,OSMturn144,turn,,116.385986,40.028251,
,14,OSMturn145,turn,,116.377017,40.028248,
,14,OSMintersection146,intersection,,116.397090,40.028233,
,14,OSMintersection147,intersection,,116.397356,40.028226,
,14,OSMintersection148,intersection,,116.386003,40.028203,
,14,OSMturn149,turn,,116.376463,40.028179,
,14,OSMturn150,turn,,116.388386,40.028159,
,14,OSMintersection151,intersection,,116.407639,40.028138,
,14,OSMturn152,turn,,116.386031,40.028123,
,14,OSMturn153,turn,,116.383784,40.028084,
,14,OSMturn154,turn,,116.385270,40.028034,
,14,OSMintersection155,intersection,,116.403353,40.028027,
,14,OSMturn156,turn,,116.392458,40.028014,
,14,OSMintersection157,intersection,,116.386071,40.028011,
,14,OSMturn158,turn,,116.393060,40.028002,
,14,OSMturn159,turn,,116.388387,40.027974,
,14,OSMturn160,turn,,116.387878,40.027973,
,14,OSMintersection161,intersection,,116.395832,40.027968,
,14,OSMintersection162,intersection,,116.376968,40.027925,
,14,OSMintersection163,intersection,,116.379048,40.027902,
,14,OSMintersection164,intersection,,116.400705,40.027882,
,14,OSMturn165,turn,,116.376959,40.027863,
,14,OSMturn166,turn,,116.387518,40.027843,
,14,OSMturn167,turn,,116.383062,40.027835,
,14,OSMturn168,turn,,116.394413,40.027814,
,14,OSMintersection169,intersection,,116.387512,40.027805,
,14,OSMturn170,turn,,116.388304,40.027793,
,14,OSMintersection171,intersection,,116.400924,40.027791,
,14,OSMturn172,turn,,116.408138,40.027783,
,14,OSMturn173,turn,,116.388389,40.027773,
,14,OSMintersection174,intersection,,116.393155,40.027735,
,14,OSMturn175,turn,,116.402565,40.027715,
,14,OSMturn176,turn,,116.386833,40.027709,
,14,OSMturn177,turn,,116.378323,40.027680,
,14,OSMturn178,turn,,116.400031,40.027666,
,14,OSMintersection179,intersection,,116.393755,40.027642,
,14,OSMturn180,turn,,116.376804,40.027633,
,14,OSMintersection181,intersection,,116.407657,40.027617,
,14,OSMintersection182,intersection,,116.397911,40.027602,
,14,OSMturn183,turn,,116.407675,40.027594,
,14,OSMintersection184,intersection,,116.406247,40.027563,
,14,OSMturn185,turn,,116.392344,40.027516,
,14,OSMintersection186,intersection,,116.377340,40.027510,
,14,OSMintersection187,intersection,,116.381912,40.027506,
,14,OSMintersection188,intersection,,116.393349,40.027490,
,14,OSMintersection189,intersection,,116.382767,40.027485,
,14,OSMturn190,turn,,116.384915,40.027456,
,14,OSMturn191,turn,,116.376975,40.027452,
,14,OSMintersection192,intersection,,116.396213,40.027394,
,14,OSMintersection193,intersection,,116.396370,40.027371,
,14,OSMturn194,turn,,116.394064,40.027369,
,14,OSMintersection195,intersection,,116.407369,40.027332,
,14,OSMturn196,turn,,116.383684,40.027306,
,14,OSMintersection197,intersection,,116.401118,40.027302,
,14,OSMintersection198,intersection,,116.377488,40.027268,
,14,OSMturn199,turn,,116.387335,40.027267,
,14,OSMturn200,turn,,116.398365,40.027243,
,14,OSMintersection201,intersection,,116.376931,40.027209,
,14,OSMturn202,turn,,116.381894,40.027182,
,14,OSMturn203,turn,,116.377087,40.027146,
,14,OSMturn204,turn,,116.381105,40.027145,
,14,OSMturn205,turn,,116.381789,40.027131,
,14,OSMintersection206,intersection,,116.383508,40.027118,
,14,OSMturn207,turn,,116.376347,40.027116,
,14,OSMturn208,turn,,116.376278,40.027104,
,14,OSMintersection209,intersection,,116.383438,40.027087,
,14,OSMintersection210,intersection,,116.408216,40.027084,
,14,OSMturn211,turn,,116.399104,40.027074,
,14,OSMturn212,turn,,116.382878,40.027041,
,14,OSMturn213,turn,,116.388388,40.027030,
,14,OSMturn214,turn,,116.379263,40.026995,
,14,OSMturn215,turn,,116.407908,40.026910,
,14,OSMturn216,turn,,116.397710,40.026887,
,14,OSMturn217,turn,,116.387528,40.026824,
,14,OSMintersection218,intersection,,116.393666,40.026810,
,14,OSMturn219,turn,,116.401099,40.026797,
,14,OSMintersection220,intersection,,116.379944,40.026786,
,14,OSMintersection221,intersection,,116.386624,40.026768,
,14,OSMturn222,turn,,116.390930,40.026753,
,14,OSMintersection223,intersection,,116.395180,40.026688,
,14,OSMturn224,turn,,116.403812,40.026660,
,14,OSMintersection225,intersection,,116.376690,40.026646,
,14,OSMturn226,turn,,116.394095,40.026613,
,14,OSMturn227,turn,,116.376425,40.026608,
,14,OSMturn228,turn,,116.394412,40.026560,
,14,OSMintersection229,intersection,,116.383876,40.026551,
,14,OSMintersection230,intersection,,116.393730,40.026544,
,14,OSMturn231,turn,,116.390004,40.026512,
,14,OSMintersection232,intersection,,116.385315,40.026499,
,14,OSMintersection233,intersection,,116.398948,40.026480,
,14,OSMturn234,turn,,116.390605,40.026463,
,14,OSMintersection235,intersection,,116.377122,40.026456,
,14,OSMintersection236,intersection,,116.377074,40.026450,
,14,OSMturn237,turn,,116.387920,40.026440,
,14,OSMintersection238,intersection,,116.380642,40.026438,
,14,OSMturn239,turn,,116.385102,40.026425,
,14,OSMintersection240,intersection,,116.380083,40.026402,
,14,OSMintersection241,intersection,,116.397926,40.026378,
,14,OSMintersection242,intersection,,116.389375,40.026373,
,14,OSMintersection243,intersection,,116.387525,40.026362,
,14,OSMintersection244,intersection,,116.397937,40.026362,
,14,OSMintersection245,intersection,,116.387606,40.026331,
,14,OSMturn246,turn,,116.385104,40.026325,
,14,OSMturn247,turn,,116.379259,40.026322,
,14,OSMturn248,turn,,116.387754,40.026317,
,14,OSMturn249,turn,,116.387123,40.026292,
,14,OSMintersection250,intersection,,116.385188,40.026291,
,14,OSMintersection251,intersection,,116.387748,40.026276,
,14,OSMturn252,turn,,116.378565,40.026267,
,14,OSMintersection253,intersection,,116.395456,40.026258,
,14,OSMintersection254,intersection,,116.389789,40.026249,
,14,OSMintersection255,intersection,,116.377929,40.026225,
,14,OSMturn256,turn,,116.380732,40.026215,
,14,OSMintersection257,intersection,,116.383966,40.026214,
,14,OSMturn258,turn,,116.392972,40.026186,
,14,OSMturn259,turn,,116.377091,40.026158,
,14,OSMintersection260,intersection,,116.388707,40.026144,
,14,OSMintersection261,intersection,,116.391464,40.026087,
,14,OSMintersection262,intersection,,116.387442,40.026085,
,14,OSMturn263,turn,,116.387559,40.026075,
,14,OSMturn264,turn,,116.387593,40.026071,
,14,OSMturn265,turn,,116.407781,40.026063,
,14,OSMturn266,turn,,116.397988,40.026061,
,14,OSMintersection267,intersection,,116.386865,40.026060,
,14,OSMturn268,turn,,116.387760,40.026056,
,14,OSMturn269,turn,,116.387833,40.026049,
,14,OSMintersection270,intersection,,116.386662,40.026044,
,14,OSMintersection271,intersection,,116.395237,40.026031,
,14,OSMintersection272,intersection,,116.388495,40.025988,
,14,OSMintersection273,intersection,,116.391350,40.025963,
,14,OSMturn274,turn,,116.383668,40.025891,
,14,OSMturn275,turn,,116.386132,40.025884,
,14,OSMturn276,turn,,116.382595,40.025865,
,14,OSMturn277,turn,,116.399188,40.025856,
,14,OSMintersection278,intersection,,116.391425,40.025827,
,14,OSMintersection279,intersection,,116.406357,40.025807,
,14,OSMturn280,turn,,116.407236,40.025806,
,14,OSMturn281,turn,,116.390983,40.025741,
,14,OSMturn282,turn,,116.385423,40.025732,
,14,OSMintersection283,intersection,,116.392379,40.025720,
,14,OSMturn284,turn,,116.378402,40.025708,
,14,OSMintersection285,intersection,,116.391409,40.025667,
,14,OSMintersection286,intersection,,116.391112,40.025648,
,14,OSMturn287,turn,,116.391036,40.025643,
,14,OSMintersection288,intersection,,116.390797,40.025627,
,14,OSMturn289,turn,,116.388232,40.025557,
,14,OSMintersection290,intersection,,116.381716,40.025546,
,14,OSMintersection291,intersection,,116.383956,40.025540,
,14,OSMintersection292,intersection,,116.376818,40.025523,
,14,OSMintersection293,intersection,,116.379246,40.025488,
,14,OSMturn294,turn,,116.403864,40.025441,
,14,OSMintersection295,intersection,,116.403935,40.025439,
,14,OSMintersection296,intersection,,116.404918,40.025423,
,14,OSMintersection297,intersection,,116.405400,40.025414,
,14,OSMintersection298,intersection,,116.381703,40.025404,
,14,OSMintersection299,intersection,,116.407236,40.025383,
,14,OSMintersection300,intersection,,116.407406,40.025380,
,14,OSMintersection301,intersection,,116.407763,40.025374,
,14,OSMintersection302,intersection,,116.383919,40.025369,
,14,OSMintersection303,intersection,,116.408806,40.025356,
,14,OSMintersection304,intersection,,116.381423,40.025342,
,14,OSMintersection305,intersection,,116.385058,40.025341,
,14,OSMintersection306,intersection,,116.398549,40.025236,
,14,OSMintersection307,intersection,,116.382201,40.025201,
,14,OSMintersection308,intersection,,116.381901,40.025199,
,14,OSMintersection309,intersection,,116.383285,40.025196,
,14,OSMintersection310,intersection,,116.386086,40.025069,
,14,OSMturn311,turn,,116.397322,40.025059,
,14,OSMturn312,turn,,116.382947,40.024991,
,14,OSMturn313,turn,,116.389987,40.024963,
,14,OSMturn314,turn,,116.388344,40.024935,
,14,OSMturn315,turn,,116.381835,40.024884,
,14,OSMintersection316,intersection,,116.381927,40.024878,
,14,OSMintersection317,intersection,,116.379171,40.024874,
,14,OSMintersection318,intersection,,116.393275,40.024870,
,14,OSMintersection319,intersection,,116.380510,40.024848,
,14,OSMturn320,turn,,116.393891,40.024846,
,14,OSMturn321,turn,,116.380215,40.024835,
,14,OSMturn322,turn,,116.398383,40.024808,
,14,OSMturn323,turn,,116.399380,40.024802,
,14,OSMturn324,turn,,116.381430,40.024788,
,14,OSMintersection325,intersection,,116.386751,40.024762,
,14,OSMintersection326,intersection,,116.398383,40.024744,
,14,OSMturn327,turn,,116.405427,40.024723,
,14,OSMturn328,turn,,116.396571,40.024713,
,14,OSMintersection329,intersection,,116.407414,40.024708,
,14,OSMturn330,turn,,116.397576,40.024692,
,14,OSMintersection331,intersection,,116.382509,40.024662,
,14,OSMintersection332,intersection,,116.382467,40.024647,
,14,OSMintersection333,intersection,,116.395420,40.024646,
,14,OSMintersection334,intersection,,116.390062,40.024622,
,14,OSMturn335,turn,,116.379302,40.024608,
,14,OSMturn336,turn,,116.398383,40.024603,
,14,OSMintersection337,intersection,,116.379769,40.024572,
,14,OSMintersection338,intersection,,116.399424,40.024547,
,14,OSMintersection339,intersection,,116.379769,40.024510,
,14,OSMturn340,turn,,116.390385,40.024502,
,14,OSMintersection341,intersection,,116.380095,40.024489,
,14,OSMturn342,turn,,116.380259,40.024486,
,14,OSMturn343,turn,,116.390593,40.024479,
,14,OSMintersection344,intersection,,116.381305,40.024425,
,14,OSMturn345,turn,,116.389134,40.024344,
,14,OSMintersection346,intersection,,116.407361,40.024339,
,14,OSMintersection347,intersection,,116.406478,40.024330,
,14,OSMturn348,turn,,116.389595,40.024311,
,14,OSMturn349,turn,,116.398443,40.024307,
,14,OSMturn350,turn,,116.394370,40.024246,
,14,OSMturn351,turn,,116.398931,40.024245,
,14,OSMturn352,turn,,116.394260,40.024241,
,14,OSMturn353,turn,,116.394221,40.024206,
,14,OSMturn354,turn,,116.394229,40.024147,
,14,OSMturn355,turn,,116.394402,40.024142,
,14,OSMintersection356,intersection,,116.382760,40.024138,
,14,OSMintersection357,intersection,,116.394345,40.024108,
,14,OSMturn358,turn,,116.381099,40.024088,
,14,OSMturn359,turn,,116.406695,40.024059,
,14,OSMintersection360,intersection,,116.392759,40.024042,
,14,OSMturn361,turn,,116.395514,40.024029,
,14,OSMintersection362,intersection,,116.392407,40.024027,
,14,OSMturn363,turn,,116.395559,40.023993,
,14,OSMintersection364,intersection,,116.379300,40.023981,
,14,OSMintersection365,intersection,,116.398933,40.023947,
,14,OSMintersection366,intersection,,116.390722,40.023916,
,14,OSMturn367,turn,,116.396486,40.023906,
,14,OSMintersection368,intersection,,116.392040,40.023823,
,14,OSMturn369,turn,,116.407285,40.023802,
,14,OSMintersection370,intersection,,116.406465,40.023801,
,14,OSMintersection371,intersection,,116.406683,40.023801,
,14,OSMintersection372,intersection,,116.405995,40.023799,
,14,OSMturn373,turn,,116.404938,40.023798,
,14,OSMintersection374,intersection,,116.405687,40.023797,
,14,OSMturn375,turn,,116.389155,40.023555,
,14,OSMturn376,turn,,116.392851,40.023266,
,14,OSMintersection377,intersection,,116.394452,40.023241,
,14,OSMintersection378,intersection,,116.398391,40.023216,
,14,OSMintersection379,intersection,,116.379277,40.023177,
,14,OSMturn380,turn,,116.405814,40.022983,
,14,OSMturn381,turn,,116.391947,40.022852,
,14,OSMintersection382,intersection,,116.403911,40.022797,
,14,OSMturn383,turn,,116.391951,40.022658,
,14,OSMturn384,turn,,116.391991,40.022514,
,14,OSMturn385,turn,,116.391991,40.022416,
,14,OSMturn386,turn,,116.391974,40.022297,
,14,OSMturn387,turn,,116.391973,40.022164,
,14,OSMintersection388,intersection,,116.404023,40.022121,
,14,OSMturn389,turn,,116.391989,40.022091,
,14,OSMturn390,turn,,116.387635,40.022043,
,14,OSMintersection391,intersection,,116.392005,40.022025,
,14,OSMturn392,turn,,116.396008,40.021777,
,14,OSMturn393,turn,,116.401493,40.021777,
,14,OSMintersection394,intersection,,116.401269,40.021774,
,14,OSMturn395,turn,,116.401046,40.021771,
,14,OSMturn396,turn,,116.400800,40.021754,
,14,OSMturn397,turn,,116.400406,40.021750,
,14,OSMintersection398,intersection,,116.395484,40.021687,
,14,OSMturn399,turn,,116.388356,40.021658,
,14,OSMintersection400,intersection,,116.385093,40.021568,
,14,OSMintersection401,intersection,,116.387810,40.021545,
,14,OSMturn402,turn,,116.400408,40.021477,
,14,OSMintersection403,intersection,,116.399849,40.021471,
,14,OSMintersection404,intersection,,116.392753,40.021447,
,14,OSMintersection405,intersection,,116.392571,40.021428,
,14,OSMintersection406,intersection,,116.391455,40.021350,
,14,OSMturn407,turn,,116.392843,40.021332,
,14,OSMturn408,turn,,116.401490,40.021216,
,14,OSMintersection409,intersection,,116.401270,40.021212,
,14,OSMintersection410,intersection,,116.401041,40.021208,
,14,OSMturn411,turn,,116.399932,40.021206,
,14,OSMintersection412,intersection,,116.400800,40.021202,
,14,OSMturn413,turn,,116.394541,40.021197,
,14,OSMintersection414,intersection,,116.385028,40.021165,
,14,OSMintersection415,intersection,,116.401759,40.021068,
,14,OSMturn416,turn,,116.393682,40.021051,
,14,OSMintersection417,intersection,,116.400799,40.020980,
,14,OSMintersection418,intersection,,116.401039,40.020980,
,14,OSMintersection419,intersection,,116.401757,40.020976,
,14,OSMturn420,turn,,116.394898,40.020975,
,14,OSMturn421,turn,,116.402244,40.020957,
,14,OSMintersection422,intersection,,116.386822,40.020904,
,14,OSMturn423,turn,,116.393207,40.020868,
,14,OSMturn424,turn,,116.385661,40.020854,
,14,OSMintersection425,intersection,,116.399930,40.020830,
,14,OSMintersection426,intersection,,116.398895,40.020813,
,14,OSMintersection427,intersection,,116.383899,40.020787,
,14,OSMturn428,turn,,116.384931,40.020755,
,14,OSMintersection429,intersection,,116.393347,40.020710,
,14,OSMintersection430,intersection,,116.404662,40.020699,
,14,OSMintersection431,intersection,,116.399477,40.020698,
,14,OSMintersection432,intersection,,116.391946,40.020693,
,14,OSMintersection433,intersection,,116.404212,40.020665,
,14,OSMintersection434,intersection,,116.384899,40.020664,
,14,OSMturn435,turn,,116.403498,40.020660,
,14,OSMturn436,turn,,116.404063,40.020657,
,14,OSMturn437,turn,,116.406088,40.020647,
,14,OSMturn438,turn,,116.396980,40.020637,
,14,OSMturn439,turn,,116.391404,40.020612,
,14,OSMturn440,turn,,116.387801,40.020609,
,14,OSMintersection441,intersection,,116.392061,40.020559,
,14,OSMintersection442,intersection,,116.387269,40.020554,
,14,OSMturn443,turn,,116.386786,40.020544,
,14,OSMturn444,turn,,116.387273,40.020514,
,14,OSMturn445,turn,,116.388465,40.020509,
,14,OSMintersection446,intersection,,116.387151,40.020508,
,14,OSMturn447,turn,,116.399477,40.020508,
,14,OSMintersection448,intersection,,116.392803,40.020500,
,14,OSMturn449,turn,,116.398396,40.020440,
,14,OSMintersection450,intersection,,116.391891,40.020432,
,14,OSMintersection451,intersection,,116.383493,40.020411,
,14,OSMintersection452,intersection,,116.386198,40.020408,
,14,OSMintersection453,intersection,,116.391963,40.020403,
,14,OSMintersection454,intersection,,116.387244,40.020311,
,14,OSMintersection455,intersection,,116.395091,40.020308,
,14,OSMturn456,turn,,116.404666,40.020302,
,14,OSMturn457,turn,,116.386527,40.020290,
,14,OSMturn458,turn,,116.395117,40.020250,
,14,OSMintersection459,intersection,,116.401743,40.020242,
,14,OSMturn460,turn,,116.391370,40.020233,
,14,OSMturn461,turn,,116.399477,40.020225,
,14,OSMintersection462,intersection,,116.391290,40.020222,
,14,OSMturn463,turn,,116.388395,40.020201,
,14,OSMturn464,turn,,116.392608,40.020190,
,14,OSMintersection465,intersection,,116.394118,40.020179,
,14,OSMturn466,turn,,116.392589,40.020148,
,14,OSMturn467,turn,,116.388902,40.020095,
,14,OSMturn468,turn,,116.394412,40.020046,
,14,OSMturn469,turn,,116.390965,40.020029,
,14,OSMturn470,turn,,116.406980,40.019981,
,14,OSMturn471,turn,,116.386727,40.019971,
,14,OSMintersection472,intersection,,116.390956,40.019960,
,14,OSMintersection473,intersection,,116.401743,40.019905,
,14,OSMintersection474,intersection,,116.392728,40.019901,
,14,OSMintersection475,intersection,,116.391443,40.019888,
,14,OSMintersection476,intersection,,116.385089,40.019884,
,14,OSMintersection477,intersection,,116.391501,40.019853,
,14,OSMturn478,turn,,116.404647,40.019836,
,14,OSMturn479,turn,,116.397047,40.019833,
,14,OSMturn480,turn,,116.390212,40.019830,
,14,OSMintersection481,intersection,,116.395477,40.019821,
,14,OSMturn482,turn,,116.391154,40.019813,
,14,OSMintersection483,intersection,,116.396525,40.019785,
,14,OSMintersection484,intersection,,116.393822,40.019784,
,14,OSMturn485,turn,,116.388840,40.019781,
,14,OSMturn486,turn,,116.392963,40.019773,
,14,OSMturn487,turn,,116.391137,40.019762,
,14,OSMturn488,turn,,116.404621,40.019718,
,14,OSMintersection489,intersection,,116.388942,40.019710,
,14,OSMintersection490,intersection,,116.393471,40.019663,
,14,OSMintersection491,intersection,,116.393381,40.019645,
,14,OSMintersection492,intersection,,116.383575,40.019620,
,14,OSMintersection493,intersection,,116.393191,40.019608,
,14,OSMintersection494,intersection,,116.404598,40.019595,
,14,OSMintersection495,intersection,,116.393378,40.019577,
,14,OSMintersection496,intersection,,116.387978,40.019575,
,14,OSMturn497,turn,,116.404032,40.019519,
,14,OSMintersection498,intersection,,116.389809,40.019490,
,14,OSMturn499,turn,,116.389270,40.019461,
,14,OSMturn500,turn,,116.397599,40.019407,
,14,OSMturn501,turn,,116.395804,40.019381,
,14,OSMintersection502,intersection,,116.393576,40.019363,
,14,OSMturn503,turn,,116.398413,40.019360,
,14,OSMintersection504,intersection,,116.389661,40.019355,
,14,OSMturn505,turn,,116.395714,40.019312,
,14,OSMturn506,turn,,116.388717,40.019273,
,14,OSMturn507,turn,,116.383474,40.019264,
,14,OSMintersection508,intersection,,116.390277,40.019261,
,14,OSMintersection509,intersection,,116.393357,40.019242,
,14,OSMturn510,turn,,116.398577,40.019235,
,14,OSMturn511,turn,,116.393870,40.019205,
,14,OSMturn512,turn,,116.392583,40.019202,
,14,OSMintersection513,intersection,,116.385567,40.019190,
,14,OSMintersection514,intersection,,116.393348,40.019184,
,14,OSMturn515,turn,,116.387296,40.019179,
,14,OSMintersection516,intersection,,116.390590,40.019169,
,14,OSMturn517,turn,,116.385546,40.019148,
,14,OSMturn518,turn,,116.390673,40.019144,
,14,OSMintersection519,intersection,,116.392613,40.019140,
,14,OSMintersection520,intersection,,116.385169,40.019111,
,14,OSMintersection521,intersection,,116.385204,40.019097,
,14,OSMturn522,turn,,116.407148,40.019094,
,14,OSMturn523,turn,,116.392265,40.019059,
,14,OSMturn524,turn,,116.392428,40.019044,
,14,OSMintersection525,intersection,,116.392308,40.019036,
,14,OSMintersection526,intersection,,116.391580,40.019020,
,14,OSMturn527,turn,,116.392484,40.018960,
,14,OSMturn528,turn,,116.392289,40.018952,
,14,OSMintersection529,intersection,,116.392683,40.018940,
,14,OSMintersection530,intersection,,116.392364,40.018933,
,14,OSMintersection531,intersection,,116.391977,40.018897,
,14,OSMturn532,turn,,116.385414,40.018889,
,14,OSMintersection533,intersection,,116.392064,40.018857,
,14,OSMintersection534,intersection,,116.398663,40.018843,
,14,OSMintersection535,intersection,,116.398763,40.018843,
,14,OSMintersection536,intersection,,116.383888,40.018841,
,14,OSMintersection537,intersection,,116.390521,40.018839,
,14,OSMintersection538,intersection,,116.400255,40.018830,
,14,OSMturn539,turn,,116.392142,40.018829,
,14,OSMturn540,turn,,116.385300,40.018806,
,14,OSMturn541,turn,,116.385368,40.018787,
,14,OSMturn542,turn,,116.398582,40.018780,
,14,OSMturn543,turn,,116.383852,40.018698,
,14,OSMturn544,turn,,116.398549,40.018678,
,14,OSMintersection545,intersection,,116.391358,40.018674,
,14,OSMintersection546,intersection,,116.391429,40.018665,
,14,OSMturn547,turn,,116.389975,40.018661,
,14,OSMturn548,turn,,116.391259,40.018631,
,14,OSMturn549,turn,,116.388313,40.018627,
,14,OSMturn550,turn,,116.382697,40.018616,
,14,OSMturn551,turn,,116.391490,40.018608,
,14,OSMturn552,turn,,116.394581,40.018588,
,14,OSMturn553,turn,,116.390657,40.018582,
,14,OSMturn554,turn,,116.391072,40.018579,
,14,OSMintersection555,intersection,,116.387940,40.018537,
,14,OSMintersection556,intersection,,116.398694,40.018520,
,14,OSMturn557,turn,,116.400916,40.018483,
,14,OSMintersection558,intersection,,116.385122,40.018479,
,14,OSMturn559,turn,,116.392816,40.018467,
,14,OSMturn560,turn,,116.398657,40.018454,
,14,OSMintersection561,intersection,,116.390407,40.018434,
,14,OSMturn562,turn,,116.404752,40.018427,
,14,OSMturn563,turn,,116.385823,40.018416,
,14,OSMintersection564,intersection,,116.385912,40.018412,
,14,OSMintersection565,intersection,,116.385733,40.018391,
,14,OSMintersection566,intersection,,116.393124,40.018389,
,14,OSMturn567,turn,,116.390506,40.018366,
,14,OSMturn568,turn,,116.385026,40.018351,
,14,OSMintersection569,intersection,,116.396212,40.018323,
,14,OSMturn570,turn,,116.385518,40.018241,
,14,OSMturn571,turn,,116.382375,40.018231,
,14,OSMintersection572,intersection,,116.389153,40.018205,
,14,OSMintersection573,intersection,,116.381122,40.018195,
,14,OSMturn574,turn,,116.394160,40.018192,
,14,OSMintersection575,intersection,,116.389022,40.018180,
,14,OSMintersection576,intersection,,116.389109,40.018158,
,14,OSMturn577,turn,,116.383404,40.018142,
,14,OSMintersection578,intersection,,116.398372,40.018048,
,14,OSMturn579,turn,,116.382447,40.018025,
,14,OSMintersection580,intersection,,116.401179,40.018017,
,14,OSMintersection581,intersection,,116.387669,40.017990,
,14,OSMturn582,turn,,116.384825,40.017971,
,14,OSMintersection583,intersection,,116.383257,40.017930,
,14,OSMintersection584,intersection,,116.387423,40.017929,
,14,OSMintersection585,intersection,,116.399130,40.017917,
,14,OSMturn586,turn,,116.397367,40.017904,
,14,OSMturn587,turn,,116.390934,40.017861,
,14,OSMturn588,turn,,116.381884,40.017858,
,14,OSMturn589,turn,,116.394052,40.017843,
,14,OSMintersection590,intersection,,116.393733,40.017838,
,14,OSMintersection591,intersection,,116.382520,40.017806,
,14,OSMintersection592,intersection,,116.382398,40.017785,
,14,OSMturn593,turn,,116.389835,40.017783,
,14,OSMintersection594,intersection,,116.393561,40.017708,
,14,OSMturn595,turn,,116.384350,40.017702,
,14,OSMintersection596,intersection,,116.389340,40.017695,
,14,OSMintersection597,intersection,,116.383716,40.017670,
,14,OSMturn598,turn,,116.383421,40.017669,
,14,OSMintersection599,intersection,,116.393604,40.017665,
,14,OSMintersection600,intersection,,116.382276,40.017652,
,14,OSMturn601,turn,,116.387452,40.017651,
,14,OSMturn602,turn,,116.386074,40.017643,
,14,OSMintersection603,intersection,,116.383673,40.017629,
,14,OSMturn604,turn,,116.405634,40.017624,
,14,OSMturn605,turn,,116.384178,40.017611,
,14,OSMturn606,turn,,116.390366,40.017607,
,14,OSMintersection607,intersection,,116.387582,40.017594,
,14,OSMintersection608,intersection,,116.398297,40.017587,
,14,OSMintersection609,intersection,,116.387957,40.017581,
,14,OSMintersection610,intersection,,116.389170,40.017564,
,14,OSMintersection611,intersection,,116.387936,40.017561,
,14,OSMintersection612,intersection,,116.387981,40.017553,
,14,OSMintersection613,intersection,,116.387406,40.017535,
,14,OSMintersection614,intersection,,116.387320,40.017529,
,14,OSMintersection615,intersection,,116.393923,40.017515,
,14,OSMintersection616,intersection,,116.382013,40.017502,
,14,OSMintersection617,intersection,,116.382450,40.017500,
,14,OSMturn618,turn,,116.402127,40.017498,
,14,OSMintersection619,intersection,,116.383953,40.017469,
,14,OSMturn620,turn,,116.382422,40.017455,
,14,OSMintersection621,intersection,,116.382013,40.017442,
,14,OSMintersection622,intersection,,116.386755,40.017425,
,14,OSMintersection623,intersection,,116.396619,40.017407,
,14,OSMturn624,turn,,116.380810,40.017390,
,14,OSMturn625,turn,,116.386154,40.017329,
,14,OSMintersection626,intersection,,116.388159,40.017322,
,14,OSMturn627,turn,,116.383082,40.017312,
,14,OSMturn628,turn,,116.383063,40.017262,
,14,OSMturn629,turn,,116.386579,40.017251,
,14,OSMintersection630,intersection,,116.393588,40.017249,
,14,OSMturn631,turn,,116.392879,40.017246,
,14,OSMintersection632,intersection,,116.382411,40.017239,
,14,OSMturn633,turn,,116.390173,40.017235,
,14,OSMturn634,turn,,116.406829,40.017233,
,14,OSMturn635,turn,,116.407456,40.017218,
,14,OSMturn636,turn,,116.387983,40.017185,
,14,OSMturn637,turn,,116.398753,40.017183,
,14,OSMintersection638,intersection,,116.381881,40.017162,
,14,OSMintersection639,intersection,,116.383066,40.017158,
,14,OSMintersection640,intersection,,116.394044,40.017156,
,14,OSMturn641,turn,,116.394089,40.017143,
,14,OSMturn642,turn,,116.383694,40.017128,
,14,OSMturn643,turn,,116.393512,40.017101,
,14,OSMintersection644,intersection,,116.394235,40.017099,
,14,OSMturn645,turn,,116.383691,40.017097,
,14,OSMintersection646,intersection,,116.406826,40.017081,
,14,OSMintersection647,intersection,,116.407455,40.017077,
,14,OSMintersection648,intersection,,116.394862,40.017051,
,14,OSMintersection649,intersection,,116.382891,40.017040,
,14,OSMturn650,turn,,116.384225,40.017040,
,14,OSMturn651,turn,,116.394062,40.017030,
,14,OSMintersection652,intersection,,116.382825,40.017004,
,14,OSMturn653,turn,,116.394199,40.016972,
,14,OSMturn654,turn,,116.389760,40.016968,
,14,OSMintersection655,intersection,,116.387995,40.016950,
,14,OSMturn656,turn,,116.386337,40.016941,
,14,OSMintersection657,intersection,,116.382809,40.016939,
,14,OSMintersection658,intersection,,116.394743,40.016929,
,14,OSMintersection659,intersection,,116.406824,40.016917,
,14,OSMintersection660,intersection,,116.407453,40.016907,
,14,OSMintersection661,intersection,,116.394162,40.016906,
,14,OSMturn662,turn,,116.385594,40.016886,
,14,OSMintersection663,intersection,,116.396799,40.016872,
,14,OSMintersection664,intersection,,116.385563,40.016842,
,14,OSMintersection665,intersection,,116.381783,40.016825,
,14,OSMturn666,turn,,116.383390,40.016817,
,14,OSMintersection667,intersection,,116.387463,40.016814,
,14,OSMintersection668,intersection,,116.383364,40.016770,
,14,OSMintersection669,intersection,,116.407451,40.016757,
,14,OSMturn670,turn,,116.394229,40.016756,
,14,OSMturn671,turn,,116.402655,40.016754,
,14,OSMturn672,turn,,116.406821,40.016750,
,14,OSMintersection673,intersection,,116.402233,40.016736,
,14,OSMturn674,turn,,116.400847,40.016730,
,14,OSMturn675,turn,,116.388293,40.016725,
,14,OSMturn676,turn,,116.389054,40.016721,
,14,OSMturn677,turn,,116.394292,40.016714,
,14,OSMturn678,turn,,116.393394,40.016712,
,14,OSMintersection679,intersection,,116.400332,40.016709,
,14,OSMintersection680,intersection,,116.381499,40.016664,
,14,OSMintersection681,intersection,,116.382217,40.016663,
,14,OSMintersection682,intersection,,116.382666,40.016652,
,14,OSMturn683,turn,,116.382293,40.016636,
,14,OSMintersection684,intersection,,116.406600,40.016632,
,14,OSMintersection685,intersection,,116.395758,40.016616,
,14,OSMintersection686,intersection,,116.381046,40.016612,
,14,OSMturn687,turn,,116.385370,40.016579,
,14,OSMturn688,turn,,116.404506,40.016575,
,14,OSMturn689,turn,,116.395968,40.016565,
,14,OSMturn690,turn,,116.406418,40.016565,
,14,OSMintersection691,intersection,,116.406617,40.016565,
,14,OSMturn692,turn,,116.407502,40.016563,
,14,OSMturn693,turn,,116.394467,40.016561,
,14,OSMintersection694,intersection,,116.405458,40.016557,
,14,OSMturn695,turn,,116.405657,40.016553,
,14,OSMintersection696,intersection,,116.390821,40.016544,
,14,OSMintersection697,intersection,,116.383830,40.016537,
,14,OSMturn698,turn,,116.396165,40.016521,
,14,OSMintersection699,intersection,,116.399315,40.016514,
,14,OSMturn700,turn,,116.394605,40.016491,
,14,OSMturn701,turn,,116.382898,40.016479,
,14,OSMintersection702,intersection,,116.394732,40.016459,
,14,OSMturn703,turn,,116.382974,40.016448,
,14,OSMintersection704,intersection,,116.396501,40.016447,
,14,OSMintersection705,intersection,,116.394814,40.016442,
,14,OSMintersection706,intersection,,116.394892,40.016434,
,14,OSMintersection707,intersection,,116.396603,40.016422,
,14,OSMintersection708,intersection,,116.385234,40.016407,
,14,OSMturn709,turn,,116.389706,40.016376,
,14,OSMturn710,turn,,116.385236,40.016368,
,14,OSMintersection711,intersection,,116.382676,40.016364,
,14,OSMintersection712,intersection,,116.383577,40.016354,
,14,OSMintersection713,intersection,,116.382217,40.016352,
,14,OSMintersection714,intersection,,116.398155,40.016347,
,14,OSMintersection715,intersection,,116.382699,40.016328,
,14,OSMintersection716,intersection,,116.383458,40.016316,
,14,OSMintersection717,intersection,,116.390526,40.016312,
,14,OSMintersection718,intersection,,116.383494,40.016285,
,14,OSMintersection719,intersection,,116.393606,40.016266,
,14,OSMintersection720,intersection,,116.382739,40.016265,
,14,OSMintersection721,intersection,,116.405469,40.016258,
,14,OSMturn722,turn,,116.382861,40.016255,
,14,OSMturn723,turn,,116.392941,40.016166,
,14,OSMturn724,turn,,116.404947,40.016157,
,14,OSMintersection725,intersection,,116.393984,40.016103,
,14,OSMturn726,turn,,116.394033,40.016088,
,14,OSMintersection727,intersection,,116.384860,40.016065,
,14,OSMturn728,turn,,116.399795,40.016033,
,14,OSMintersection729,intersection,,116.390275,40.016015,
,14,OSMintersection730,intersection,,116.383266,40.016014,
,14,OSMturn731,turn,,116.383311,40.015997,
,14,OSMintersection732,intersection,,116.396503,40.015997,
,14,OSMturn733,turn,,116.382777,40.015976,
,14,OSMturn734,turn,,116.394508,40.015952,
,14,OSMintersection735,intersection,,116.383119,40.015909,
,14,OSMintersection736,intersection,,116.384390,40.015895,
,14,OSMturn737,turn,,116.403895,40.015893,
,14,OSMintersection738,intersection,,116.396555,40.015878,
,14,OSMintersection739,intersection,,116.384397,40.015877,
,14,OSMintersection740,intersection,,116.396580,40.015835,
,14,OSMturn741,turn,,116.390662,40.015798,
,14,OSMturn742,turn,,116.395038,40.015795,
,14,OSMturn743,turn,,116.386342,40.015793,
,14,OSMturn744,turn,,116.396529,40.015772,
,14,OSMturn745,turn,,116.396142,40.015760,
,14,OSMintersection746,intersection,,116.384061,40.015747,
,14,OSMturn747,turn,,116.383992,40.015740,
,14,OSMintersection748,intersection,,116.382288,40.015724,
,14,OSMturn749,turn,,116.385106,40.015713,
,14,OSMintersection750,intersection,,116.388099,40.015692,
,14,OSMturn751,turn,,116.404410,40.015685,
,14,OSMturn752,turn,,116.396627,40.015657,
,14,OSMintersection753,intersection,,116.380951,40.015578,
,14,OSMintersection754,intersection,,116.384428,40.015537,
,14,OSMturn755,turn,,116.393146,40.015532,
,14,OSMintersection756,intersection,,116.383552,40.015508,
,14,OSMintersection757,intersection,,116.395304,40.015459,
,14,OSMintersection758,intersection,,116.392463,40.015407,
,14,OSMturn759,turn,,116.380568,40.015400,
,14,OSMintersection760,intersection,,116.383061,40.015373,
,14,OSMintersection761,intersection,,116.384827,40.015327,
,14,OSMturn762,turn,,116.402644,40.015316,
,14,OSMturn763,turn,,116.388795,40.015303,
,14,OSMintersection764,intersection,,116.383213,40.015300,
,14,OSMturn765,turn,,116.395466,40.015297,
,14,OSMintersection766,intersection,,116.388637,40.015287,
,14,OSMintersection767,intersection,,116.380440,40.015267,
,14,OSMintersection768,intersection,,116.392304,40.015259,
,14,OSMintersection769,intersection,,116.388847,40.015258,
,14,OSMturn770,turn,,116.390415,40.015247,
,14,OSMintersection771,intersection,,116.388097,40.015198,
,14,OSMturn772,turn,,116.396057,40.015187,
,14,OSMintersection773,intersection,,116.395983,40.015186,
,14,OSMintersection774,intersection,,116.386984,40.015172,
,14,OSMintersection775,intersection,,116.387298,40.015158,
,14,OSMturn776,turn,,116.407406,40.015144,
,14,OSMturn777,turn,,116.394864,40.015116,
,14,OSMturn778,turn,,116.396933,40.015087,
,14,OSMturn779,turn,,116.405904,40.015082,
,14,OSMturn780,turn,,116.383516,40.015076,
,14,OSMturn781,turn,,116.386372,40.015070,
,14,OSMintersection782,intersection,,116.379850,40.015035,
,14,OSMintersection783,intersection,,116.384292,40.015025,
,14,OSMintersection784,intersection,,116.386219,40.015008,
,14,OSMintersection785,intersection,,116.389471,40.014994,
,14,OSMintersection786,intersection,,116.379981,40.014959,
,14,OSMintersection787,intersection,,116.386054,40.014931,
,14,OSMturn788,turn,,116.388811,40.014924,
,14,OSMintersection789,intersection,,116.379680,40.014914,
,14,OSMintersection790,intersection,,116.397708,40.014905,
,14,OSMturn791,turn,,116.394884,40.014891,
,14,OSMturn792,turn,,116.387935,40.014868,
,14,OSMintersection793,intersection,,116.379460,40.014850,
,14,OSMturn794,turn,,116.382508,40.014844,
,14,OSMintersection795,intersection,,116.379814,40.014820,
,14,OSMturn796,turn,,116.382098,40.014817,
,14,OSMintersection797,intersection,,116.377232,40.014809,
,14,OSMintersection798,intersection,,116.394907,40.014801,
,14,OSMintersection799,intersection,,116.379060,40.014790,
,14,OSMturn800,turn,,116.387295,40.014772,
,14,OSMintersection801,intersection,,116.383957,40.014766,
,14,OSMintersection802,intersection,,116.384021,40.014743,
,14,OSMintersection803,intersection,,116.379761,40.014742,
,14,OSMintersection804,intersection,,116.379703,40.014714,
,14,OSMturn805,turn,,116.394748,40.014706,
,14,OSMintersection806,intersection,,116.377909,40.014682,
,14,OSMturn807,turn,,116.396057,40.014676,
,14,OSMintersection808,intersection,,116.384499,40.014654,
,14,OSMintersection809,intersection,,116.379555,40.014649,
,14,OSMturn810,turn,,116.396141,40.014645,
,14,OSMintersection811,intersection,,116.377722,40.014643,
,14,OSMintersection812,intersection,,116.381130,40.014631,
,14,OSMturn813,turn,,116.396233,40.014630,
,14,OSMintersection814,intersection,,116.377283,40.014626,
,14,OSMintersection815,intersection,,116.378611,40.014626,
,14,OSMintersection816,intersection,,116.377933,40.014606,
,14,OSMintersection817,intersection,,116.379659,40.014603,
,14,OSMintersection818,intersection,,116.379162,40.014600,
,14,OSMintersection819,intersection,,116.396243,40.014588,
,14,OSMturn820,turn,,116.378167,40.014586,
,14,OSMintersection821,intersection,,116.395115,40.014576,
,14,OSMturn822,turn,,116.395198,40.014565,
,14,OSMturn823,turn,,116.381437,40.014549,
,14,OSMturn824,turn,,116.387005,40.014546,
,14,OSMturn825,turn,,116.379695,40.014544,
,14,OSMintersection826,intersection,,116.377308,40.014537,
,14,OSMturn827,turn,,116.376255,40.014536,
,14,OSMturn828,turn,,116.379172,40.014534,
,14,OSMintersection829,intersection,,116.377193,40.014508,
,14,OSMintersection830,intersection,,116.379385,40.014508,
,14,OSMintersection831,intersection,,116.378060,40.014496,
,14,OSMturn832,turn,,116.396254,40.014494,
,14,OSMturn833,turn,,116.377318,40.014491,
,14,OSMintersection834,intersection,,116.377110,40.014484,
,14,OSMturn835,turn,,116.395280,40.014475,
,14,OSMintersection836,intersection,,116.380898,40.014474,
,14,OSMturn837,turn,,116.381922,40.014447,
,14,OSMintersection838,intersection,,116.378119,40.014434,
,14,OSMturn839,turn,,116.395960,40.014432,
,14,OSMintersection840,intersection,,116.377598,40.014424,
,14,OSMintersection841,intersection,,116.379772,40.014418,
,14,OSMintersection842,intersection,,116.377592,40.014410,
,14,OSMintersection843,intersection,,116.380773,40.014388,
,14,OSMturn844,turn,,116.398004,40.014388,
,14,OSMintersection845,intersection,,116.385483,40.014384,
,14,OSMintersection846,intersection,,116.379000,40.014373,
,14,OSMintersection847,intersection,,116.378121,40.014368,
,14,OSMintersection848,intersection,,116.379753,40.014353,
,14,OSMturn849,turn,,116.376494,40.014332,
,14,OSMintersection850,intersection,,116.380298,40.014330,
,14,OSMintersection851,intersection,,116.387010,40.014324,
,14,OSMintersection852,intersection,,116.377354,40.014323,
,14,OSMintersection853,intersection,,116.376549,40.014308,
,14,OSMintersection854,intersection,,116.380820,40.014305,
,14,OSMintersection855,intersection,,116.378124,40.014303,
,14,OSMintersection856,intersection,,116.377535,40.014297,
,14,OSMintersection857,intersection,,116.380636,40.014293,
,14,OSMturn858,turn,,116.395496,40.014288,
,14,OSMintersection859,intersection,,116.387043,40.014279,
,14,OSMturn860,turn,,116.395541,40.014273,
,14,OSMintersection861,intersection,,116.395832,40.014270,
,14,OSMintersection862,intersection,,116.381006,40.014260,
,14,OSMturn863,turn,,116.381359,40.014259,
,14,OSMintersection864,intersection,,116.380287,40.014252,
,14,OSMturn865,turn,,116.377889,40.014249,
,14,OSMintersection866,intersection,,116.398640,40.014240,
,14,OSMintersection867,intersection,,116.380641,40.014231,
,14,OSMturn868,turn,,116.396468,40.014228,
,14,OSMintersection869,intersection,,116.395694,40.014221,
,14,OSMturn870,turn,,116.405018,40.014221,
,14,OSMintersection871,intersection,,116.395790,40.014209,
,14,OSMintersection872,intersection,,116.399761,40.014189,
,14,OSMintersection873,intersection,,116.378030,40.014186,
,14,OSMintersection874,intersection,,116.387086,40.014186,
,14,OSMintersection875,intersection,,116.380707,40.014179,
,14,OSMintersection876,intersection,,116.381896,40.014171,
,14,OSMturn877,turn,,116.404411,40.014151,
,14,OSMturn878,turn,,116.395885,40.014148,
,14,OSMintersection879,intersection,,116.381001,40.014128,
,14,OSMturn880,turn,,116.395920,40.014102,
,14,OSMturn881,turn,,116.380983,40.014073,
,14,OSMintersection882,intersection,,116.380800,40.014059,
,14,OSMturn883,turn,,116.394672,40.014030,
,14,OSMturn884,turn,,116.402150,40.014030,
,14,OSMintersection885,intersection,,116.379339,40.014029,
,14,OSMintersection886,intersection,,116.378283,40.014023,
,14,OSMintersection887,intersection,,116.379525,40.013999,
,14,OSMturn888,turn,,116.398359,40.013969,
,14,OSMintersection889,intersection,,116.398616,40.013938,
,14,OSMintersection890,intersection,,116.380897,40.013918,
,14,OSMintersection891,intersection,,116.377630,40.013895,
,14,OSMintersection892,intersection,,116.387048,40.013890,
,14,OSMturn893,turn,,116.384582,40.013881,
,14,OSMturn894,turn,,116.387488,40.013881,
,14,OSMturn895,turn,,116.377663,40.013850,
,14,OSMturn896,turn,,116.395473,40.013843,
,14,OSMturn897,turn,,116.394649,40.013837,
,14,OSMintersection898,intersection,,116.387022,40.013823,
,14,OSMturn899,turn,,116.396150,40.013804,
,14,OSMintersection900,intersection,,116.379996,40.013758,
,14,OSMintersection901,intersection,,116.379505,40.013757,
,14,OSMintersection902,intersection,,116.380082,40.013740,
,14,OSMturn903,turn,,116.380160,40.013725,
,14,OSMintersection904,intersection,,116.395696,40.013709,
,14,OSMintersection905,intersection,,116.396464,40.013654,
,14,OSMintersection906,intersection,,116.377060,40.013649,
,14,OSMturn907,turn,,116.377195,40.013649,
,14,OSMintersection908,intersection,,116.377796,40.013648,
,14,OSMintersection909,intersection,,116.382967,40.013636,
,14,OSMturn910,turn,,116.383381,40.013635,
,14,OSMintersection911,intersection,,116.395173,40.013635,
,14,OSMturn912,turn,,116.375326,40.013625,
,14,OSMturn913,turn,,116.405105,40.013620,
,14,OSMturn914,turn,,116.382204,40.013611,
,14,OSMturn915,turn,,116.378538,40.013608,
,14,OSMintersection916,intersection,,116.398605,40.013587,
,14,OSMintersection917,intersection,,116.405033,40.013577,
,14,OSMintersection918,intersection,,116.386850,40.013576,
,14,OSMintersection919,intersection,,116.376969,40.013549,
,14,OSMintersection920,intersection,,116.376770,40.013546,
,14,OSMintersection921,intersection,,116.403991,40.013534,
,14,OSMturn922,turn,,116.375266,40.013529,
,14,OSMturn923,turn,,116.392138,40.013512,
,14,OSMintersection924,intersection,,116.395630,40.013480,
,14,OSMturn925,turn,,116.382771,40.013474,
,14,OSMintersection926,intersection,,116.396846,40.013444,
,14,OSMintersection927,intersection,,116.396367,40.013428,
,14,OSMintersection928,intersection,,116.404731,40.013426,
,14,OSMintersection929,intersection,,116.395471,40.013415,
,14,OSMintersection930,intersection,,116.376977,40.013411,
,14,OSMturn931,turn,,116.375717,40.013410,
,14,OSMintersection932,intersection,,116.392806,40.013406,
,14,OSMturn933,turn,,116.398057,40.013400,
,14,OSMturn934,turn,,116.403003,40.013393,
,14,OSMintersection935,intersection,,116.392150,40.013391,
,14,OSMintersection936,intersection,,116.376805,40.013390,
,14,OSMintersection937,intersection,,116.396401,40.013366,
,14,OSMintersection938,intersection,,116.376781,40.013333,
,14,OSMturn939,turn,,116.386763,40.013321,
,14,OSMintersection940,intersection,,116.393246,40.013318,
,14,OSMintersection941,intersection,,116.383403,40.013297,
,14,OSMintersection942,intersection,,116.386600,40.013292,
,14,OSMintersection943,intersection,,116.406762,40.013288,
,14,OSMturn944,turn,,116.380575,40.013274,
,14,OSMturn945,turn,,116.396713,40.013272,
,14,OSMturn946,turn,,116.382273,40.013266,
,14,OSMturn947,turn,,116.384422,40.013254,
,14,OSMturn948,turn,,116.385679,40.013236,
,14,OSMintersection949,intersection,,116.391589,40.013230,
,14,OSMturn950,turn,,116.397923,40.013229,
,14,OSMintersection951,intersection,,116.380598,40.013223,
,14,OSMintersection952,intersection,,116.381095,40.013213,
,14,OSMintersection953,intersection,,116.382215,40.013210,
,14,OSMturn954,turn,,116.383408,40.013202,
,14,OSMturn955,turn,,116.404769,40.013202,
,14,OSMintersection956,intersection,,116.380144,40.013201,
,14,OSMintersection957,intersection,,116.379606,40.013196,
,14,OSMintersection958,intersection,,116.382911,40.013186,
,14,OSMintersection959,intersection,,116.397901,40.013184,
,14,OSMturn960,turn,,116.406616,40.013166,
,14,OSMturn961,turn,,116.397990,40.013157,
,14,OSMintersection962,intersection,,116.380632,40.013148,
,14,OSMintersection963,intersection,,116.382850,40.013138,
,14,OSMintersection964,intersection,,116.393811,40.013138,
,14,OSMturn965,turn,,116.403557,40.013136,
,14,OSMturn966,turn,,116.404757,40.013131,
,14,OSMintersection967,intersection,,116.397370,40.013130,
,14,OSMturn968,turn,,116.394512,40.013115,
,14,OSMintersection969,intersection,,116.392848,40.013111,
,14,OSMintersection970,intersection,,116.394245,40.013108,
,14,OSMturn971,turn,,116.375367,40.013103,
,14,OSMintersection972,intersection,,116.397432,40.013094,
,14,OSMintersection973,intersection,,116.398930,40.013094,
,14,OSMturn974,turn,,116.392158,40.013092,
,14,OSMturn975,turn,,116.397651,40.013091,
,14,OSMturn976,turn,,116.385264,40.013084,
,14,OSMintersection977,intersection,,116.399001,40.013054,
,14,OSMintersection978,intersection,,116.380122,40.013045,
,14,OSMturn979,turn,,116.404689,40.013045,
,14,OSMintersection980,intersection,,116.400267,40.013028,
,14,OSMturn981,turn,,116.375891,40.013022,
,14,OSMturn982,turn,,116.394057,40.013013,
,14,OSMintersection983,intersection,,116.399184,40.013009,
,14,OSMintersection984,intersection,,116.397690,40.013008,
,14,OSMintersection985,intersection,,116.381256,40.013004,
,14,OSMintersection986,intersection,,116.391048,40.012987,
,14,OSMturn987,turn,,116.394873,40.012953,
,14,OSMintersection988,intersection,,116.382642,40.012952,
,14,OSMturn989,turn,,116.393266,40.012938,
,14,OSMintersection990,intersection,,116.394009,40.012938,
,14,OSMturn991,turn,,116.404718,40.012934,
,14,OSMintersection992,intersection,,116.394852,40.012914,
,14,OSMturn993,turn,,116.394038,40.012902,
,14,OSMintersection994,intersection,,116.382995,40.012892,
,14,OSMintersection995,intersection,,116.380193,40.012885,
,14,OSMintersection996,intersection,,116.399740,40.012885,
,14,OSMintersection997,intersection,,116.380198,40.012840,
,14,OSMturn998,turn,,116.405189,40.012833,
,14,OSMintersection999,intersection,,116.378835,40.012806,
,14,OSMturn1000,turn,,116.397743,40.012797,
,14,OSMturn1001,turn,,116.395456,40.012789,
,14,OSMturn1002,turn,,116.398065,40.012777,
,14,OSMturn1003,turn,,116.398831,40.012758,
,14,OSMintersection1004,intersection,,116.398128,40.012746,
,14,OSMintersection1005,intersection,,116.404852,40.012739,
,14,OSMturn1006,turn,,116.378485,40.012734,
,14,OSMintersection1007,intersection,,116.387399,40.012730,
,14,OSMturn1008,turn,,116.396779,40.012712,
,14,OSMintersection1009,intersection,,116.380209,40.012711,
,14,OSMintersection1010,intersection,,116.380312,40.012700,
,14,OSMintersection1011,intersection,,116.380465,40.012670,
,14,OSMturn1012,turn,,116.405847,40.012648,
,14,OSMintersection1013,intersection,,116.382245,40.012618,
,14,OSMintersection1014,intersection,,116.380338,40.012608,
,14,OSMturn1015,turn,,116.398208,40.012597,
,14,OSMturn1016,turn,,116.389666,40.012594,
,14,OSMturn1017,turn,,116.390796,40.012589,
,14,OSMintersection1018,intersection,,116.387059,40.012583,
,14,OSMturn1019,turn,,116.382510,40.012571,
,14,OSMintersection1020,intersection,,116.388542,40.012558,
,14,OSMintersection1021,intersection,,116.380365,40.012544,
,14,OSMturn1022,turn,,116.396335,40.012540,
,14,OSMintersection1023,intersection,,116.405654,40.012526,
,14,OSMintersection1024,intersection,,116.394180,40.012493,
,14,OSMintersection1025,intersection,,116.404909,40.012492,
,14,OSMintersection1026,intersection,,116.378941,40.012483,
,14,OSMturn1027,turn,,116.398005,40.012446,
,14,OSMintersection1028,intersection,,116.381562,40.012445,
,14,OSMturn1029,turn,,116.377347,40.012435,
,14,OSMturn1030,turn,,116.377011,40.012429,
,14,OSMturn1031,turn,,116.375323,40.012420,
,14,OSMintersection1032,intersection,,116.398306,40.012414,
,14,OSMintersection1033,intersection,,116.382030,40.012404,
,14,OSMintersection1034,intersection,,116.381563,40.012399,
,14,OSMturn1035,turn,,116.397742,40.012392,
,14,OSMturn1036,turn,,116.389417,40.012388,
,14,OSMturn1037,turn,,116.389306,40.012379,
,14,OSMintersection1038,intersection,,116.398790,40.012376,
,14,OSMintersection1039,intersection,,116.378273,40.012360,
,14,OSMintersection1040,intersection,,116.379016,40.012360,
,14,OSMintersection1041,intersection,,116.384410,40.012357,
,14,OSMturn1042,turn,,116.385368,40.012354,
,14,OSMintersection1043,intersection,,116.379086,40.012342,
,14,OSMintersection1044,intersection,,116.388312,40.012328,
,14,OSMintersection1045,intersection,,116.380005,40.012318,
,14,OSMturn1046,turn,,116.378276,40.012301,
,14,OSMintersection1047,intersection,,116.378102,40.012300,
,14,OSMturn1048,turn,,116.383389,40.012296,
,14,OSMturn1049,turn,,116.397787,40.012281,
,14,OSMintersection1050,intersection,,116.398104,40.012279,
,14,OSMintersection1051,intersection,,116.377352,40.012268,
,14,OSMturn1052,turn,,116.375318,40.012265,
,14,OSMturn1053,turn,,116.389215,40.012257,
,14,OSMturn1054,turn,,116.383074,40.012232,
,14,OSMturn1055,turn,,116.378666,40.012229,
,14,OSMturn1056,turn,,116.407441,40.012225,
,14,OSMintersection1057,intersection,,116.398134,40.012222,
,14,OSMintersection1058,intersection,,116.394073,40.012209,
,14,OSMintersection1059,intersection,,116.405394,40.012201,
,14,OSMintersection1060,intersection,,116.380322,40.012195,
,14,OSMturn1061,turn,,116.389484,40.012185,
,14,OSMintersection1062,intersection,,116.386424,40.012171,
,14,OSMturn1063,turn,,116.386855,40.012170,
,14,OSMintersection1064,intersection,,116.384405,40.012161,
,14,OSMintersection1065,intersection,,116.389433,40.012158,
,14,OSMintersection1066,intersection,,116.405193,40.012158,
,14,OSMintersection1067,intersection,,116.403216,40.012156,
,14,OSMturn1068,turn,,116.385178,40.012152,
,14,OSMturn1069,turn,,116.394055,40.012152,
,14,OSMturn1070,turn,,116.389513,40.012127,
,14,OSMturn1071,turn,,116.382163,40.012117,
,14,OSMintersection1072,intersection,,116.389314,40.012117,
,14,OSMintersection1073,intersection,,116.381561,40.012115,
,14,OSMturn1074,turn,,116.406018,40.012105,
,14,OSMintersection1075,intersection,,116.394679,40.012098,
,14,OSMturn1076,turn,,116.379494,40.012094,
,14,OSMintersection1077,intersection,,116.382161,40.012071,
,14,OSMintersection1078,intersection,,116.390878,40.012068,
,14,OSMintersection1079,intersection,,116.387751,40.012050,
,14,OSMintersection1080,intersection,,116.394021,40.012045,
,14,OSMintersection1081,intersection,,116.390933,40.012043,
,14,OSMintersection1082,intersection,,116.395120,40.012033,
,14,OSMintersection1083,intersection,,116.395867,40.012026,
,14,OSMintersection1084,intersection,,116.386042,40.012025,
,14,OSMintersection1085,intersection,,116.388005,40.012021,
,14,OSMintersection1086,intersection,,116.390990,40.012016,
,14,OSMintersection1087,intersection,,116.376916,40.011969,
,14,OSMturn1088,turn,,116.378846,40.011959,
,14,OSMintersection1089,intersection,,116.380447,40.011959,
,14,OSMintersection1090,intersection,,116.380369,40.011947,
,14,OSMintersection1091,intersection,,116.381266,40.011938,
,14,OSMturn1092,turn,,116.397008,40.011927,
,14,OSMintersection1093,intersection,,116.399520,40.011862,
,14,OSMturn1094,turn,,116.406807,40.011861,
,14,OSMturn1095,turn,,116.385739,40.011839,
,14,OSMintersection1096,intersection,,116.394261,40.011837,
,14,OSMturn1097,turn,,116.381331,40.011820,
,14,OSMintersection1098,intersection,,116.390990,40.011816,
,14,OSMintersection1099,intersection,,116.394762,40.011802,
,14,OSMintersection1100,intersection,,116.376915,40.011765,
,14,OSMturn1101,turn,,116.376428,40.011764,
,14,OSMintersection1102,intersection,,116.378291,40.011763,
,14,OSMturn1103,turn,,116.379307,40.011750,
,14,OSMintersection1104,intersection,,116.399105,40.011725,
,14,OSMintersection1105,intersection,,116.405536,40.011725,
,14,OSMturn1106,turn,,116.396961,40.011718,
,14,OSMturn1107,turn,,116.395181,40.011713,
,14,OSMturn1108,turn,,116.398485,40.011700,
,14,OSMintersection1109,intersection,,116.399383,40.011695,
,14,OSMintersection1110,intersection,,116.380473,40.011693,
,14,OSMintersection1111,intersection,,116.393085,40.011692,
,14,OSMintersection1112,intersection,,116.390160,40.011682,
,14,OSMintersection1113,intersection,,116.397010,40.011673,
,14,OSMintersection1114,intersection,,116.392010,40.011667,
,14,OSMintersection1115,intersection,,116.400931,40.011659,
,14,OSMintersection1116,intersection,,116.402000,40.011606,
,14,OSMintersection1117,intersection,,116.392617,40.011595,
,14,OSMintersection1118,intersection,,116.401667,40.011593,
,14,OSMintersection1119,intersection,,116.381342,40.011575,
,14,OSMintersection1120,intersection,,116.397486,40.011571,
,14,OSMturn1121,turn,,116.381381,40.011567,
,14,OSMturn1122,turn,,116.388600,40.011545,
,14,OSMintersection1123,intersection,,116.380908,40.011502,
,14,OSMintersection1124,intersection,,116.380808,40.011451,
,14,OSMturn1125,turn,,116.381426,40.011433,
,14,OSMintersection1126,intersection,,116.394577,40.011433,
,14,OSMintersection1127,intersection,,116.380876,40.011430,
,14,OSMintersection1128,intersection,,116.400289,40.011413,
,14,OSMintersection1129,intersection,,116.399864,40.011411,
,14,OSMintersection1130,intersection,,116.397038,40.011404,
,14,OSMturn1131,turn,,116.379314,40.011370,
,14,OSMintersection1132,intersection,,116.388151,40.011347,
,14,OSMturn1133,turn,,116.400830,40.011339,
,14,OSMturn1134,turn,,116.381422,40.011337,
,14,OSMturn1135,turn,,116.392783,40.011336,
,14,OSMturn1136,turn,,116.393132,40.011336,
,14,OSMturn1137,turn,,116.392318,40.011324,
,14,OSMturn1138,turn,,116.392041,40.011309,
,14,OSMintersection1139,intersection,,116.380961,40.011302,
,14,OSMintersection1140,intersection,,116.390576,40.011274,
,14,OSMturn1141,turn,,116.389362,40.011272,
,14,OSMturn1142,turn,,116.381936,40.011260,
,14,OSMintersection1143,intersection,,116.399083,40.011256,
,14,OSMturn1144,turn,,116.395179,40.011236,
,14,OSMintersection1145,intersection,,116.388212,40.011214,
,14,OSMintersection1146,intersection,,116.393692,40.011201,
,14,OSMintersection1147,intersection,,116.400272,40.011194,
,14,OSMturn1148,turn,,116.388211,40.011172,
,14,OSMintersection1149,intersection,,116.382136,40.011170,
,14,OSMturn1150,turn,,116.380837,40.011166,
,14,OSMintersection1151,intersection,,116.380111,40.011145,
,14,OSMturn1152,turn,,116.381528,40.011145,
,14,OSMintersection1153,intersection,,116.391446,40.011136,
,14,OSMintersection1154,intersection,,116.401391,40.011135,
,14,OSMintersection1155,intersection,,116.381293,40.011125,
,14,OSMturn1156,turn,,116.381108,40.011124,
,14,OSMturn1157,turn,,116.380627,40.011119,
,14,OSMintersection1158,intersection,,116.380592,40.011110,
,14,OSMintersection1159,intersection,,116.398952,40.011095,
,14,OSMintersection1160,intersection,,116.377503,40.011088,
,14,OSMintersection1161,intersection,,116.377589,40.011087,
,14,OSMturn1162,turn,,116.378218,40.011076,
,14,OSMintersection1163,intersection,,116.396511,40.011067,
,14,OSMturn1164,turn,,116.377687,40.011064,
,14,OSMintersection1165,intersection,,116.384241,40.011059,
,14,OSMturn1166,turn,,116.380813,40.011047,
,14,OSMintersection1167,intersection,,116.381095,40.011042,
,14,OSMturn1168,turn,,116.394684,40.011014,
,14,OSMintersection1169,intersection,,116.380843,40.011011,
,14,OSMintersection1170,intersection,,116.381651,40.010991,
,14,OSMintersection1171,intersection,,116.381016,40.010985,
,14,OSMturn1172,turn,,116.381556,40.010985,
,14,OSMintersection1173,intersection,,116.378299,40.010979,
,14,OSMturn1174,turn,,116.380941,40.010977,
,14,OSMintersection1175,intersection,,116.377769,40.010975,
,14,OSMintersection1176,intersection,,116.380105,40.010972,
,14,OSMturn1177,turn,,116.380620,40.010944,
,14,OSMturn1178,turn,,116.395752,40.010934,
,14,OSMintersection1179,intersection,,116.377642,40.010901,
,14,OSMturn1180,turn,,116.379857,40.010900,
,14,OSMturn1181,turn,,116.377216,40.010894,
,14,OSMturn1182,turn,,116.379905,40.010889,
,14,OSMintersection1183,intersection,,116.380659,40.010889,
,14,OSMintersection1184,intersection,,116.377950,40.010887,
,14,OSMintersection1185,intersection,,116.380131,40.010878,
,14,OSMturn1186,turn,,116.378343,40.010877,
,14,OSMintersection1187,intersection,,116.380672,40.010871,
,14,OSMintersection1188,intersection,,116.381251,40.010864,
,14,OSMintersection1189,intersection,,116.398670,40.010862,
,14,OSMturn1190,turn,,116.398142,40.010825,
,14,OSMturn1191,turn,,116.387160,40.010816,
,14,OSMintersection1192,intersection,,116.377764,40.010786,
,14,OSMintersection1193,intersection,,116.377630,40.010783,
,14,OSMintersection1194,intersection,,116.388192,40.010764,
,14,OSMintersection1195,intersection,,116.380945,40.010762,
,14,OSMintersection1196,intersection,,116.385707,40.010760,
,14,OSMintersection1197,intersection,,116.384248,40.010757,
,14,OSMintersection1198,intersection,,116.384404,40.010756,
,14,OSMintersection1199,intersection,,116.384653,40.010755,
,14,OSMintersection1200,intersection,,116.385167,40.010753,
,14,OSMintersection1201,intersection,,116.377936,40.010747,
,14,OSMturn1202,turn,,116.395210,40.010747,
,14,OSMintersection1203,intersection,,116.377679,40.010729,
,14,OSMturn1204,turn,,116.388193,40.010714,
,14,OSMintersection1205,intersection,,116.383643,40.010711,
,14,OSMintersection1206,intersection,,116.377731,40.010709,
,14,OSMturn1207,turn,,116.399031,40.010704,
,14,OSMintersection1208,intersection,,116.377817,40.010702,
,14,OSMturn1209,turn,,116.390338,40.010702,
,14,OSMintersection1210,intersection,,116.382769,40.010701,
,14,OSMintersection1211,intersection,,116.382941,40.010700,
,14,OSMintersection1212,intersection,,116.395219,40.010690,
,14,OSMturn1213,turn,,116.378298,40.010688,
,14,OSMintersection1214,intersection,,116.396645,40.010653,
,14,OSMintersection1215,intersection,,116.402236,40.010634,
,14,OSMturn1216,turn,,116.398837,40.010632,
,14,OSMturn1217,turn,,116.389262,40.010615,
,14,OSMturn1218,turn,,116.377502,40.010582,
,14,OSMintersection1219,intersection,,116.383640,40.010581,
,14,OSMturn1220,turn,,116.389895,40.010526,
,14,OSMintersection1221,intersection,,116.407615,40.010516,
,14,OSMintersection1222,intersection,,116.380964,40.010500,
,14,OSMintersection1223,intersection,,116.377529,40.010497,
,14,OSMintersection1224,intersection,,116.376427,40.010494,
,14,OSMturn1225,turn,,116.397248,40.010491,
,14,OSMturn1226,turn,,116.380390,40.010455,
,14,OSMintersection1227,intersection,,116.397138,40.010454,
,14,OSMturn1228,turn,,116.385633,40.010411,
,14,OSMintersection1229,intersection,,116.382939,40.010401,
,14,OSMintersection1230,intersection,,116.396570,40.010401,
,14,OSMintersection1231,intersection,,116.382171,40.010394,
,14,OSMintersection1232,intersection,,116.382210,40.010394,
,14,OSMturn1233,turn,,116.395196,40.010393,
,14,OSMintersection1234,intersection,,116.386255,40.010392,
,14,OSMturn1235,turn,,116.396821,40.010375,
,14,OSMintersection1236,intersection,,116.381833,40.010371,
,14,OSMturn1237,turn,,116.400433,40.010349,
,14,OSMturn1238,turn,,116.396718,40.010310,
,14,OSMturn1239,turn,,116.384783,40.010277,
,14,OSMturn1240,turn,,116.381111,40.010243,
,14,OSMturn1241,turn,,116.386662,40.010238,
,14,OSMintersection1242,intersection,,116.400003,40.010208,
,14,OSMturn1243,turn,,116.392375,40.010178,
,14,OSMturn1244,turn,,116.400426,40.010178,
,14,OSMintersection1245,intersection,,116.392690,40.010173,
,14,OSMturn1246,turn,,116.386836,40.010123,
,14,OSMturn1247,turn,,116.387872,40.010118,
,14,OSMintersection1248,intersection,,116.391395,40.010116,
,14,OSMintersection1249,intersection,,116.392693,40.010109,
,14,OSMintersection1250,intersection,,116.402190,40.010107,
,14,OSMintersection1251,intersection,,116.393793,40.010080,
,14,OSMintersection1252,intersection,,116.396707,40.010073,
,14,OSMintersection1253,intersection,,116.403255,40.009997,
,14,OSMintersection1254,intersection,,116.406692,40.009772,
,14,南门入口,gate,,116.392690,40.010173,
,14,南园核心区,place,,116.392265,40.019059,
,14,北园核心区,place,,116.397660,40.030293,
,14,西侧健身区,place,,116.377347,40.012435,
,14,奥森乐仕堡,place,,116.402843,40.030423,
,14,Chess Park,place,,116.407346,40.029535,
,14,动森咖啡,facility,,116.376347,40.027116,
,14,卡丁车,place,,116.376818,40.025523,
,14,奥运赋,place,,116.387269,40.020554,
,14,廉洁奥运主题文化展馆,place,,116.386527,40.020290,
,14,泰山石,place,,116.392428,40.019044,
,14,天境,place,,116.392265,40.019059,
,14,朝花台,place,,116.393124,40.018389,
,14,夕拾台,place,,116.389835,40.017783,
,14,森林艺术中心,place,,116.399130,40.017917,
,14,书画频道,place,,116.399130,40.017917,
,14,林泉高致,place,,116.389054,40.016721,
,14,游船码头（奥海）,place,,116.394892,40.016434,
,14,听泉轩,place,,116.388099,40.015692,
,14,和平柱,place,,116.378611,40.014626,
,14,探求勇气,place,,116.377722,40.014643,
,14,奥运五环观景台,place,,116.378060,40.014496,
,14,五环亭,place,,116.380575,40.013274,
,14,游船码头（南湖）,place,,116.394512,40.013115,
,14,儿童乐园,place,,116.394180,40.012493,
,14,奥林匹克宣言广场,place,,116.389306,40.012379,
,14,朝阳贞石园,place,,116.378276,40.012301,
,14,奥运金镛楼,place,,116.380369,40.011947,
,14,以沫咖啡,facility,,116.390990,40.011816,
,14,特步跑步俱乐部,facility,,116.392010,40.011667,
,14,红土网球馆,place,,116.379307,40.011750,
,14,Grid Coffee,facility,,116.393085,40.011692,
,14,森林小剧场,place,,116.395181,40.011713,
,14,森林公园南门地铁口,place,,116.392690,40.010173,
,14,劳动广场,place,,116.380964,40.010500,
,126,OSMintersection001,intersection,,116.318290,39.945730,
,126,OSMturn002,turn,,116.318594,39.945442,
,126,OSMturn003,turn,,116.319346,39.944831,
,126,OSMturn004,turn,,116.319633,39.944758,
,126,OSMintersection005,intersection,,116.317572,39.944619,
,126,OSMintersection006,intersection,,116.318479,39.944511,
,126,OSMintersection007,intersection,,116.317763,39.944400,
,126,OSMintersection008,intersection,,116.318957,39.944303,
,126,OSMturn009,turn,,116.317954,39.944055,
,126,OSMturn010,turn,,116.318404,39.943973,
,126,OSMturn011,turn,,116.318991,39.943969,
,126,OSMturn012,turn,,116.317153,39.943927,
,126,OSMturn013,turn,,116.316537,39.943877,
,126,OSMturn014,turn,,116.320581,39.943773,
,126,OSMintersection015,intersection,,116.318375,39.943663,
,126,OSMturn016,turn,,116.317925,39.943595,
,126,OSMturn017,turn,,116.318714,39.943578,
,126,OSMintersection018,intersection,,116.319354,39.943426,
,126,OSMturn019,turn,,116.319274,39.943366,
,126,OSMturn020,turn,,116.315116,39.943340,
,126,OSMturn021,turn,,116.319149,39.943271,
,126,OSMintersection022,intersection,,116.319050,39.943196,
,126,OSMintersection023,intersection,,116.320197,39.943132,
,126,OSMintersection024,intersection,,116.319373,39.943090,
,126,OSMintersection025,intersection,,116.319675,39.943017,
,126,OSMturn026,turn,,116.318779,39.942963,
,126,OSMintersection027,intersection,,116.318481,39.942961,
,126,OSMintersection028,intersection,,116.319668,39.942959,
,126,OSMturn029,turn,,116.318440,39.942932,
,126,OSMturn030,turn,,116.314851,39.942930,
,126,OSMturn031,turn,,116.318490,39.942886,
,126,OSMintersection032,intersection,,116.318160,39.942877,
,126,OSMturn033,turn,,116.318662,39.942843,
,126,OSMturn034,turn,,116.319556,39.942830,
,126,OSMturn035,turn,,116.318719,39.942800,
,126,OSMturn036,turn,,116.321488,39.942696,
,126,OSMintersection037,intersection,,116.317870,39.942669,
,126,OSMintersection038,intersection,,116.318858,39.942651,
,126,OSMintersection039,intersection,,116.318854,39.942634,
,126,OSMturn040,turn,,116.315144,39.942631,
,126,OSMturn041,turn,,116.320941,39.942610,
,126,OSMturn042,turn,,116.317740,39.942602,
,126,OSMturn043,turn,,116.321169,39.942597,
,126,OSMintersection044,intersection,,116.314882,39.942543,
,126,OSMintersection045,intersection,,116.318374,39.942509,
,126,OSMturn046,turn,,116.319748,39.942499,
,126,OSMintersection047,intersection,,116.318778,39.942496,
,126,OSMintersection048,intersection,,116.319672,39.942435,
,126,OSMintersection049,intersection,,116.319714,39.942393,
,126,OSMintersection050,intersection,,116.321340,39.942391,
,126,OSMintersection051,intersection,,116.318130,39.942377,
,126,OSMturn052,turn,,116.321427,39.942359,
,126,OSMturn053,turn,,116.315299,39.942354,
,126,OSMturn054,turn,,116.321749,39.942328,
,126,OSMturn055,turn,,116.317939,39.942300,
,126,OSMturn056,turn,,116.315307,39.942297,
,126,OSMturn057,turn,,116.319860,39.942188,
,126,OSMturn058,turn,,116.319970,39.942045,
,126,OSMturn059,turn,,116.321440,39.942008,
,126,OSMintersection060,intersection,,116.320033,39.941958,
,126,OSMturn061,turn,,116.321429,39.941958,
,126,OSMturn062,turn,,116.320563,39.941823,
,126,OSMturn063,turn,,116.321790,39.941812,
,126,OSMturn064,turn,,116.322171,39.941592,
,126,OSMturn065,turn,,116.315491,39.941519,
,126,OSMintersection066,intersection,,116.319907,39.941493,
,126,OSMintersection067,intersection,,116.320910,39.941477,
,126,OSMintersection068,intersection,,116.322164,39.941434,
,126,OSMturn069,turn,,116.315545,39.941430,
,126,OSMturn070,turn,,116.319853,39.941426,
,126,OSMturn071,turn,,116.320040,39.941426,
,126,OSMintersection072,intersection,,116.319952,39.941424,
,126,OSMintersection073,intersection,,116.322162,39.941408,
,126,OSMintersection074,intersection,,116.319843,39.941399,
,126,OSMturn075,turn,,116.315645,39.941394,
,126,OSMintersection076,intersection,,116.321541,39.941393,
,126,OSMturn077,turn,,116.315932,39.941385,
,126,OSMintersection078,intersection,,116.322645,39.941378,
,126,OSMturn079,turn,,116.321352,39.941370,
,126,OSMintersection080,intersection,,116.322844,39.941360,
,126,OSMintersection081,intersection,,116.316260,39.941358,
,126,OSMturn082,turn,,116.321117,39.941352,
,126,OSMturn083,turn,,116.314965,39.941340,
,126,OSMturn084,turn,,116.320989,39.941337,
,126,OSMturn085,turn,,116.323231,39.941324,
,126,OSMturn086,turn,,116.316043,39.941318,
,126,OSMturn087,turn,,116.315763,39.941314,
,126,OSMturn088,turn,,116.323376,39.941310,
,126,OSMintersection089,intersection,,116.316060,39.941303,
,126,OSMintersection090,intersection,,116.316183,39.941303,
,126,OSMintersection091,intersection,,116.323489,39.941299,
,126,OSMturn092,turn,,116.320168,39.941291,
,126,OSMturn093,turn,,116.323672,39.941289,
,126,OSMintersection094,intersection,,116.315798,39.941285,
,126,OSMintersection095,intersection,,116.315997,39.941207,
,126,OSMintersection096,intersection,,116.316028,39.941207,
,126,OSMintersection097,intersection,,116.322772,39.941192,
,126,OSMturn098,turn,,116.320586,39.941188,
,126,OSMturn099,turn,,116.315108,39.941170,
,126,OSMintersection100,intersection,,116.316000,39.941157,
,126,OSMturn101,turn,,116.320359,39.941156,
,126,OSMturn102,turn,,116.316349,39.941133,
,126,OSMturn103,turn,,116.319709,39.941089,
,126,OSMintersection104,intersection,,116.320204,39.941080,
,126,OSMintersection105,intersection,,116.319838,39.941072,
,126,OSMintersection106,intersection,,116.319692,39.941056,
,126,OSMturn107,turn,,116.319888,39.941052,
,126,OSMturn108,turn,,116.316844,39.941043,
,126,OSMintersection109,intersection,,116.320212,39.941043,
,126,OSMintersection110,intersection,,116.316436,39.941040,
,126,OSMturn111,turn,,116.322143,39.941010,
,126,OSMturn112,turn,,116.319551,39.940981,
,126,OSMintersection113,intersection,,116.315862,39.940960,
,126,OSMturn114,turn,,116.323706,39.940918,
,126,OSMturn115,turn,,116.319417,39.940879,
,126,OSMturn116,turn,,116.315498,39.940862,
,126,OSMintersection117,intersection,,116.319375,39.940860,
,126,OSMturn118,turn,,116.322323,39.940755,
,126,OSMintersection119,intersection,,116.315858,39.940751,
,126,OSMintersection120,intersection,,116.323161,39.940731,
,126,OSMturn121,turn,,116.324190,39.940700,
,126,OSMturn122,turn,,116.318071,39.940699,
,126,OSMturn123,turn,,116.322588,39.940685,
,126,OSMintersection124,intersection,,116.315354,39.940669,
,126,OSMintersection125,intersection,,116.322117,39.940584,
,126,OSMintersection126,intersection,,116.321629,39.940564,
,126,OSMturn127,turn,,116.315999,39.940433,
,126,OSMturn128,turn,,116.321948,39.940432,
,126,OSMturn129,turn,,116.324631,39.940415,
,126,OSMintersection130,intersection,,116.324300,39.940387,
,126,OSMturn131,turn,,116.317072,39.940327,
,126,OSMintersection132,intersection,,116.319615,39.940320,
,126,OSMturn133,turn,,116.321267,39.940307,
,126,OSMturn134,turn,,116.322961,39.940297,
,126,OSMintersection135,intersection,,116.322056,39.940288,
,126,OSMintersection136,intersection,,116.324346,39.940246,
,126,OSMturn137,turn,,116.320166,39.940231,
,126,OSMturn138,turn,,116.322171,39.940231,
,126,OSMturn139,turn,,116.322214,39.940180,
,126,OSMintersection140,intersection,,116.322245,39.940144,
,126,OSMintersection141,intersection,,116.319631,39.940097,
,126,OSMturn142,turn,,116.321291,39.940070,
,126,OSMturn143,turn,,116.318212,39.939986,
,126,OSMintersection144,intersection,,116.323825,39.939863,
,126,OSMturn145,turn,,116.323343,39.939756,
,126,OSMintersection146,intersection,,116.322688,39.939628,
,126,OSMintersection147,intersection,,116.322689,39.939542,
,126,北门入口,gate,,116.318594,39.945442,
,126,中心湖区,place,,116.317939,39.942300,
,126,翠池,place,,116.319633,39.944758,
,126,双林寺塔遗址,place,,116.322688,39.939628,
,126,石刻,place,,116.324631,39.940415,
,126,儿童活动区,place,,116.320166,39.940231,
,126,西湖观景点,place,,116.316260,39.941358,
,126,东湖观景点,place,,116.317740,39.942602,
,126,紫竹院公园,place,,116.318778,39.942496,
,126,南门入口,gate,,116.318212,39.939986,
,126,东门入口,gate,,116.324631,39.940415,
,126,西门入口,gate,,116.314882,39.942543,
,251,OSMintersection001,intersection,,116.398993,39.907193,
,251,OSMintersection002,intersection,,116.396097,39.907092,
,251,OSMturn003,turn,,116.399001,39.907070,
,251,OSMturn004,turn,,116.398452,39.907060,
,251,OSMintersection005,intersection,,116.397544,39.907012,
,251,OSMintersection006,intersection,,116.397593,39.906980,
,251,OSMintersection007,intersection,,116.397536,39.906974,
,251,OSMturn008,turn,,116.396572,39.906966,
,251,OSMturn009,turn,,116.396102,39.906958,
,251,OSMturn010,turn,,116.397547,39.906944,
,251,OSMintersection011,intersection,,116.398471,39.906665,
,251,OSMintersection012,intersection,,116.397559,39.906642,
,251,OSMintersection013,intersection,,116.396582,39.906619,
,251,OSMintersection014,intersection,,116.398541,39.905300,
,251,OSMintersection015,intersection,,116.397628,39.905272,
,251,OSMintersection016,intersection,,116.396645,39.905243,
,251,OSMintersection017,intersection,,116.399292,39.905127,
,251,OSMturn018,turn,,116.399110,39.905122,
,251,OSMturn019,turn,,116.396149,39.905018,
,251,OSMintersection020,intersection,,116.395979,39.905016,
,251,OSMturn021,turn,,116.397962,39.904966,
,251,OSMintersection022,intersection,,116.397646,39.904959,
,251,OSMturn023,turn,,116.397329,39.904951,
,251,OSMturn024,turn,,116.397651,39.904905,
,251,OSMturn025,turn,,116.397653,39.904860,
,251,OSMintersection026,intersection,,116.397656,39.904815,
,251,OSMturn027,turn,,116.397902,39.904781,
,251,OSMturn028,turn,,116.397431,39.904771,
,251,OSMturn029,turn,,116.397659,39.904769,
,251,OSMintersection030,intersection,,116.397661,39.904731,
,251,OSMturn031,turn,,116.397662,39.904696,
,251,OSMintersection032,intersection,,116.397936,39.904668,
,251,OSMintersection033,intersection,,116.397906,39.904667,
,251,OSMintersection034,intersection,,116.399126,39.904629,
,251,OSMintersection035,intersection,,116.398572,39.904619,
,251,OSMintersection036,intersection,,116.398058,39.904601,
,251,OSMintersection037,intersection,,116.398000,39.904600,
,251,OSMintersection038,intersection,,116.397957,39.904599,
,251,OSMturn039,turn,,116.397910,39.904598,
,251,OSMintersection040,intersection,,116.397850,39.904596,
,251,OSMintersection041,intersection,,116.397549,39.904590,
,251,OSMturn042,turn,,116.397499,39.904589,
,251,OSMintersection043,intersection,,116.397420,39.904587,
,251,OSMturn044,turn,,116.397358,39.904585,
,251,OSMintersection045,intersection,,116.397251,39.904583,
,251,OSMintersection046,intersection,,116.396677,39.904564,
,251,OSMintersection047,intersection,,116.396158,39.904558,
,251,OSMintersection048,intersection,,116.397864,39.904503,
,251,OSMintersection049,intersection,,116.397677,39.904487,
,251,OSMintersection050,intersection,,116.397439,39.904478,
,251,OSMintersection051,intersection,,116.397404,39.904477,
,251,OSMturn052,turn,,116.397678,39.904444,
,251,OSMturn053,turn,,116.397910,39.904419,
,251,OSMturn054,turn,,116.397680,39.904401,
,251,OSMintersection055,intersection,,116.397682,39.904364,
,251,OSMintersection056,intersection,,116.397683,39.904322,
,251,OSMintersection057,intersection,,116.397684,39.904292,
,251,OSMturn058,turn,,116.397986,39.904243,
,251,OSMintersection059,intersection,,116.397690,39.904235,
,251,OSMturn060,turn,,116.397348,39.904227,
,251,OSMintersection061,intersection,,116.399162,39.903974,
,251,OSMintersection062,intersection,,116.397705,39.903937,
,251,OSMintersection063,intersection,,116.396198,39.903897,
,251,OSMintersection064,intersection,,116.397897,39.903470,
,251,OSMintersection065,intersection,,116.397725,39.903465,
,251,OSMintersection066,intersection,,116.397547,39.903459,
,251,OSMturn067,turn,,116.398534,39.903416,
,251,OSMintersection068,intersection,,116.398165,39.903407,
,251,OSMturn069,turn,,116.397985,39.903403,
,251,OSMintersection070,intersection,,116.397728,39.903396,
,251,OSMturn071,turn,,116.397479,39.903390,
,251,OSMintersection072,intersection,,116.397293,39.903385,
,251,OSMturn073,turn,,116.396906,39.903375,
,251,OSMturn074,turn,,116.399167,39.903226,
,251,OSMturn075,turn,,116.396230,39.903151,
,251,OSMintersection076,intersection,,116.398547,39.903101,
,251,OSMintersection077,intersection,,116.398174,39.903092,
,251,OSMintersection078,intersection,,116.397741,39.903081,
,251,OSMintersection079,intersection,,116.397304,39.903069,
,251,OSMintersection080,intersection,,116.396919,39.903059,
,251,OSMturn081,turn,,116.397741,39.903059,
,251,OSMintersection082,intersection,,116.399177,39.903003,
,251,OSMintersection083,intersection,,116.398552,39.902994,
,251,OSMintersection084,intersection,,116.397742,39.902979,
,251,OSMintersection085,intersection,,116.398314,39.902977,
,251,OSMintersection086,intersection,,116.396924,39.902952,
,251,OSMintersection087,intersection,,116.397232,39.902952,
,251,OSMintersection088,intersection,,116.397742,39.902949,
,251,OSMintersection089,intersection,,116.396240,39.902932,
,251,OSMturn090,turn,,116.398268,39.902892,
,251,OSMintersection091,intersection,,116.397743,39.902887,
,251,OSMturn092,turn,,116.397283,39.902870,
,251,OSMturn093,turn,,116.398368,39.902695,
,251,OSMturn094,turn,,116.398324,39.902694,
,251,OSMturn095,turn,,116.397239,39.902666,
,251,OSMturn096,turn,,116.397186,39.902665,
,251,OSMturn097,turn,,116.398370,39.902632,
,251,OSMturn098,turn,,116.398326,39.902631,
,251,OSMturn099,turn,,116.397241,39.902596,
,251,OSMturn100,turn,,116.397187,39.902594,
,251,OSMturn101,turn,,116.398284,39.902535,
,251,OSMturn102,turn,,116.398330,39.902535,
,251,OSMintersection103,intersection,,116.398374,39.902535,
,251,OSMintersection104,intersection,,116.398566,39.902535,
,251,OSMintersection105,intersection,,116.397263,39.902498,
,251,OSMintersection106,intersection,,116.397191,39.902496,
,251,OSMintersection107,intersection,,116.397045,39.902493,
,251,OSMturn108,turn,,116.396944,39.902491,
,251,OSMturn109,turn,,116.398378,39.902429,
,251,OSMturn110,turn,,116.398334,39.902428,
,251,OSMturn111,turn,,116.397245,39.902396,
,251,OSMturn112,turn,,116.397191,39.902395,
,251,OSMturn113,turn,,116.398381,39.902357,
,251,OSMturn114,turn,,116.398335,39.902356,
,251,OSMturn115,turn,,116.397247,39.902328,
,251,OSMturn116,turn,,116.397194,39.902327,
,251,OSMturn117,turn,,116.398302,39.902127,
,251,OSMturn118,turn,,116.397788,39.902116,
,251,OSMturn119,turn,,116.397309,39.902107,
,251,OSMintersection120,intersection,,116.397789,39.902099,
,251,OSMintersection121,intersection,,116.398392,39.902060,
,251,OSMturn122,turn,,116.398348,39.902059,
,251,OSMintersection123,intersection,,116.397791,39.902048,
,251,OSMintersection124,intersection,,116.397259,39.902035,
,251,OSMturn125,turn,,116.397791,39.902032,
,251,OSMintersection126,intersection,,116.397795,39.901972,
,251,OSMturn127,turn,,116.398596,39.901960,
,251,OSMintersection128,intersection,,116.397796,39.901940,
,251,OSMturn129,turn,,116.397063,39.901926,
,251,OSMturn130,turn,,116.399419,39.901236,
,251,OSMintersection131,intersection,,116.399256,39.901221,
,251,OSMintersection132,intersection,,116.397830,39.901183,
,251,OSMintersection133,intersection,,116.396320,39.901142,
,251,OSMturn134,turn,,116.396203,39.901138,
,251,OSMintersection135,intersection,,116.399456,39.901001,
,251,OSMintersection136,intersection,,116.399436,39.900906,
,251,OSMturn137,turn,,116.396220,39.900889,
,251,OSMintersection138,intersection,,116.399462,39.900889,
,251,OSMintersection139,intersection,,116.397845,39.900866,
,251,OSMturn140,turn,,116.399463,39.900866,
,251,OSMturn141,turn,,116.399465,39.900466,
,251,OSMturn142,turn,,116.399056,39.900419,
,251,OSMintersection143,intersection,,116.398889,39.900418,
,251,北侧入口,gate,,116.397544,39.907012,
,251,南侧入口,gate,,116.397845,39.900866,
,251,东侧入口,gate,,116.399162,39.903974,
,251,西侧入口,gate,,116.396198,39.903897,
,251,国旗杆,place,,116.397559,39.906642,
,251,广场中心,place,,116.397725,39.903465,
,251,天安门广场,place,,116.397725,39.903465,
,251,人民英雄纪念碑,place,,116.397549,39.904590,
,251,毛主席纪念堂,place,,116.397743,39.902887,
,251,正阳门,place,,116.397845,39.900866,
,815,OSMintersection001,intersection,,116.462420,39.943680,
,815,OSMintersection002,intersection,,116.463544,39.943680,
,815,OSMturn003,turn,,116.463680,39.943680,
,815,OSMintersection004,intersection,,116.465100,39.943550,
,815,OSMturn005,turn,,116.466760,39.943368,
,815,OSMintersection006,intersection,,116.466143,39.943365,
,815,OSMturn007,turn,,116.464970,39.943360,
,815,OSMturn008,turn,,116.465100,39.943360,
,815,OSMturn009,turn,,116.465550,39.943360,
,815,OSMturn010,turn,,116.466140,39.943360,
,815,OSMintersection011,intersection,,116.466760,39.943360,
,815,OSMintersection012,intersection,,116.463549,39.943356,
,815,OSMintersection013,intersection,,116.463674,39.943355,
,815,OSMintersection014,intersection,,116.465530,39.942990,
,815,OSMintersection015,intersection,,116.464969,39.942920,
,815,OSMturn016,turn,,116.466766,39.942894,
,815,OSMintersection017,intersection,,116.466148,39.942892,
,815,OSMintersection018,intersection,,116.464965,39.942730,
,815,OSMturn019,turn,,116.466130,39.942730,
,815,OSMintersection020,intersection,,116.465540,39.942729,
,815,OSMintersection021,intersection,,116.467120,39.942690,
,815,OSMintersection022,intersection,,116.466131,39.942677,
,815,OSMintersection023,intersection,,116.466319,39.942662,
,815,OSMintersection024,intersection,,116.464610,39.942590,
,815,OSMintersection025,intersection,,116.467640,39.942560,
,815,OSMturn026,turn,,116.465540,39.942520,
,815,OSMintersection027,intersection,,116.464782,39.942518,
,815,OSMintersection028,intersection,,116.464950,39.942507,
,815,OSMintersection029,intersection,,116.465436,39.942431,
,815,OSMintersection030,intersection,,116.465282,39.942417,
,815,OSMturn031,turn,,116.464610,39.942280,
,815,OSMintersection032,intersection,,116.464780,39.942280,
,815,OSMintersection033,intersection,,116.465540,39.942280,
,815,OSMintersection034,intersection,,116.463551,39.942278,
,815,OSMintersection035,intersection,,116.465282,39.942277,
,815,OSMintersection036,intersection,,116.463683,39.942276,
,815,OSMturn037,turn,,116.463861,39.942243,
,815,OSMintersection038,intersection,,116.466130,39.942220,
,815,OSMintersection039,intersection,,116.465658,39.942218,
,815,OSMturn040,turn,,116.463292,39.942187,
,815,OSMintersection041,intersection,,116.463888,39.941892,
,815,OSMturn042,turn,,116.463289,39.941891,
,815,OSMturn043,turn,,116.464780,39.941890,
,815,OSMintersection044,intersection,,116.462500,39.941450,
,815,OSMturn045,turn,,116.462730,39.941450,
,815,OSMintersection046,intersection,,116.464840,39.941380,
,815,OSMintersection047,intersection,,116.465381,39.941079,
,815,OSMturn048,turn,,116.463290,39.941060,
,815,OSMturn049,turn,,116.463920,39.941060,
,815,OSMturn050,turn,,116.464840,39.941060,
,815,OSMintersection051,intersection,,116.465380,39.941060,
,815,OSMintersection052,intersection,,116.462731,39.941059,
,815,OSMturn053,turn,,116.462910,39.941056,
,815,OSMintersection054,intersection,,116.462420,39.940980,
,815,OSMturn055,turn,,116.463280,39.940980,
,815,OSMintersection056,intersection,,116.465511,39.940918,
,815,OSMturn057,turn,,116.467640,39.940900,
,815,OSMturn058,turn,,116.467640,39.940870,
,815,OSMturn059,turn,,116.468900,39.940870,
,815,OSMintersection060,intersection,,116.465721,39.940869,
,815,OSMintersection061,intersection,,116.463922,39.940809,
,815,OSMturn062,turn,,116.463277,39.940807,
,815,OSMintersection063,intersection,,116.465406,39.940782,
,815,OSMturn064,turn,,116.463700,39.940490,
,815,OSMturn065,turn,,116.464610,39.940490,
,815,OSMturn066,turn,,116.464800,39.940490,
,815,OSMturn067,turn,,116.465360,39.940490,
,815,OSMintersection068,intersection,,116.465550,39.940490,
,815,OSMturn069,turn,,116.465870,39.940490,
,815,OSMintersection070,intersection,,116.466130,39.940490,
,815,OSMintersection071,intersection,,116.463280,39.940489,
,815,OSMintersection072,intersection,,116.465361,39.940483,
,815,OSMturn073,turn,,116.463902,39.940399,
,815,OSMintersection074,intersection,,116.463702,39.940342,
,815,OSMintersection075,intersection,,116.463539,39.940341,
,815,OSMintersection076,intersection,,116.465356,39.940298,
,815,OSMintersection077,intersection,,116.465871,39.940181,
,815,OSMintersection078,intersection,,116.465019,39.940151,
,815,OSMintersection079,intersection,,116.465560,39.940132,
,815,OSMintersection080,intersection,,116.464800,39.940123,
,815,OSMintersection081,intersection,,116.468900,39.940100,
,815,OSMintersection082,intersection,,116.464610,39.940030,
,815,OSMturn083,turn,,116.466132,39.939920,
,815,OSMintersection084,intersection,,116.465876,39.939881,
,815,OSMintersection085,intersection,,116.464943,39.939743,
,815,OSMturn086,turn,,116.468200,39.939280,
,815,OSMintersection087,intersection,,116.467641,39.939279,
,815,OSMintersection088,intersection,,116.466136,39.939279,
,815,OSMintersection089,intersection,,116.465630,39.939257,
,815,OSMintersection090,intersection,,116.465630,39.939005,
,815,OSMturn091,turn,,116.465409,39.938938,
,815,OSMturn092,turn,,116.465910,39.938895,
,815,OSMintersection093,intersection,,116.462420,39.938750,
,815,OSMintersection094,intersection,,116.464430,39.938750,
,815,OSMturn095,turn,,116.464500,39.938750,
,815,OSMintersection096,intersection,,116.465610,39.938750,
,815,OSMturn097,turn,,116.467770,39.938750,
,815,OSMintersection098,intersection,,116.468200,39.938750,
,815,OSMintersection099,intersection,,116.465299,39.938749,
,815,OSMintersection100,intersection,,116.463537,39.938749,
,815,OSMintersection101,intersection,,116.463698,39.938748,
,815,OSMintersection102,intersection,,116.467349,39.938743,
,815,OSMintersection103,intersection,,116.466138,39.938740,
,815,OSMintersection104,intersection,,116.465971,39.938735,
,815,OSMturn105,turn,,116.465833,39.938537,
,815,OSMintersection106,intersection,,116.465611,39.938489,
,815,OSMturn107,turn,,116.464430,39.938160,
,815,OSMintersection108,intersection,,116.468400,39.937820,
,815,OSMintersection109,intersection,,116.464500,39.937750,
,815,OSMintersection110,intersection,,116.462430,39.937700,
,815,OSMturn111,turn,,116.464500,39.937700,
,815,OSMturn112,turn,,116.465560,39.937700,
,815,OSMturn113,turn,,116.466250,39.937700,
,815,OSMturn114,turn,,116.467710,39.937700,
,815,西门入口,gate,,116.462500,39.941450,
,815,东门入口,gate,,116.468900,39.940100,
,815,北门入口,gate,,116.465100,39.943550,
,815,南门入口,gate,,116.464500,39.937750,
,815,中心广场,place,,116.466130,39.940490,
,815,全国农业展览馆,place,,116.466130,39.940490,
,815,10号馆,place,,116.468200,39.938750,
,815,1号馆,place,,116.464840,39.941380,
,815,2号馆,place,,116.464610,39.942590,
,815,3号馆,place,,116.464610,39.940030,
,815,4号馆,place,,116.465530,39.942990,
,815,5号馆,place,,116.465876,39.939881,
,815,7号馆,place,,116.466250,39.937700,
,815,8号馆,place,,116.467770,39.938750,
,815,9号馆,place,,116.467770,39.938750,
,815,庆丰收组雕（右）,place,,116.463700,39.940490,
,815,庆丰收组雕（左）,place,,116.463551,39.942278,
,815,新馆,place,,116.464430,39.938160,
,1306,OSMintersection001,intersection,,116.314441,39.975247,
,1306,OSMturn002,turn,,116.316743,39.975195,
,1306,OSMturn003,turn,,116.315868,39.975138,
,1306,OSMturn004,turn,,116.314114,39.974980,
,1306,OSMintersection005,intersection,,116.315890,39.974970,
,1306,OSMturn006,turn,,116.311846,39.974931,
,1306,OSMturn007,turn,,116.315877,39.974929,
,1306,OSMintersection008,intersection,,116.315483,39.974899,
,1306,OSMintersection009,intersection,,116.315191,39.974877,
,1306,OSMintersection010,intersection,,116.317936,39.974875,
,1306,OSMintersection011,intersection,,116.314927,39.974857,
,1306,OSMintersection012,intersection,,116.317729,39.974833,
,1306,OSMintersection013,intersection,,116.314556,39.974830,
,1306,OSMintersection014,intersection,,116.312188,39.974825,
,1306,OSMintersection015,intersection,,116.317454,39.974824,
,1306,OSMintersection016,intersection,,116.314314,39.974811,
,1306,OSMintersection017,intersection,,116.317489,39.974787,
,1306,OSMintersection018,intersection,,116.317520,39.974730,
,1306,OSMintersection019,intersection,,116.315199,39.974686,
,1306,OSMturn020,turn,,116.315351,39.974675,
,1306,OSMintersection021,intersection,,116.317235,39.974645,
,1306,OSMintersection022,intersection,,116.317580,39.974622,
,1306,OSMturn023,turn,,116.315464,39.974604,
,1306,OSMintersection024,intersection,,116.316858,39.974598,
,1306,OSMintersection025,intersection,,116.317986,39.974581,
,1306,OSMintersection026,intersection,,116.315012,39.974573,
,1306,OSMintersection027,intersection,,116.317796,39.974568,
,1306,OSMintersection028,intersection,,116.317834,39.974567,
,1306,OSMintersection029,intersection,,116.314995,39.974536,
,1306,OSMintersection030,intersection,,116.315927,39.974527,
,1306,OSMintersection031,intersection,,116.315523,39.974499,
,1306,OSMintersection032,intersection,,116.314978,39.974465,
,1306,OSMintersection033,intersection,,116.314595,39.974438,
,1306,OSMturn034,turn,,116.315432,39.974354,
,1306,OSMintersection035,intersection,,116.315337,39.974305,
,1306,OSMturn036,turn,,116.315191,39.974298,
,1306,OSMturn037,turn,,116.315280,39.974296,
,1306,OSMintersection038,intersection,,116.315855,39.974204,
,1306,OSMintersection039,intersection,,116.315564,39.974188,
,1306,OSMintersection040,intersection,,116.315305,39.974171,
,1306,OSMintersection041,intersection,,116.315003,39.974150,
,1306,OSMintersection042,intersection,,116.314618,39.974127,
,1306,OSMintersection043,intersection,,116.316961,39.974026,
,1306,OSMintersection044,intersection,,116.314296,39.974016,
,1306,OSMturn045,turn,,116.314301,39.973963,
,1306,OSMintersection046,intersection,,116.315888,39.973940,
,1306,OSMintersection047,intersection,,116.315332,39.973912,
,1306,OSMintersection048,intersection,,116.312301,39.973813,
,1306,OSMturn049,turn,,116.315179,39.973803,
,1306,OSMintersection050,intersection,,116.316708,39.973747,
,1306,OSMintersection051,intersection,,116.314343,39.973709,
,1306,OSMintersection052,intersection,,116.313371,39.973631,
,1306,OSMintersection053,intersection,,116.313069,39.973607,
,1306,OSMturn054,turn,,116.312037,39.973572,
,1306,OSMintersection055,intersection,,116.313385,39.973534,
,1306,OSMintersection056,intersection,,116.312183,39.973505,
,1306,OSMturn057,turn,,116.312157,39.973405,
,1306,OSMintersection058,intersection,,116.314869,39.973270,
,1306,OSMintersection059,intersection,,116.313843,39.973209,
,1306,OSMintersection060,intersection,,116.311079,39.973192,
,1306,OSMintersection061,intersection,,116.312986,39.973176,
,1306,OSMintersection062,intersection,,116.312099,39.973103,
,1306,OSMintersection063,intersection,,116.311098,39.973081,
,1306,OSMintersection064,intersection,,116.316812,39.973041,
,1306,OSMintersection065,intersection,,116.310689,39.973030,
,1306,OSMintersection066,intersection,,116.311112,39.973008,
,1306,OSMturn067,turn,,116.310632,39.972998,
,1306,OSMturn068,turn,,116.315822,39.972965,
,1306,OSMintersection069,intersection,,116.309004,39.972887,
,1306,OSMturn070,turn,,116.310478,39.972862,
,1306,OSMintersection071,intersection,,116.310144,39.972840,
,1306,OSMturn072,turn,,116.313037,39.972810,
,1306,OSMintersection073,intersection,,116.310147,39.972809,
,1306,OSMintersection074,intersection,,116.309018,39.972797,
,1306,OSMintersection075,intersection,,116.313040,39.972780,
,1306,OSMturn076,turn,,116.309613,39.972775,
,1306,OSMintersection077,intersection,,116.312148,39.972753,
,1306,OSMintersection078,intersection,,116.312046,39.972737,
,1306,OSMintersection079,intersection,,116.311169,39.972683,
,1306,OSMintersection080,intersection,,116.312050,39.972671,
,1306,OSMintersection081,intersection,,116.310680,39.972649,
,1306,OSMintersection082,intersection,,116.310502,39.972637,
,1306,OSMintersection083,intersection,,116.313986,39.972619,
,1306,OSMintersection084,intersection,,116.310181,39.972616,
,1306,OSMturn085,turn,,116.315758,39.972605,
,1306,OSMintersection086,intersection,,116.309621,39.972579,
,1306,OSMturn087,turn,,116.313993,39.972545,
,1306,OSMintersection088,intersection,,116.314234,39.972520,
,1306,OSMturn089,turn,,116.313997,39.972509,
,1306,OSMintersection090,intersection,,116.313069,39.972483,
,1306,OSMintersection091,intersection,,116.312067,39.972422,
,1306,OSMintersection092,intersection,,116.311226,39.972364,
,1306,OSMintersection093,intersection,,116.314013,39.972353,
,1306,OSMintersection094,intersection,,116.313088,39.972288,
,1306,OSMintersection095,intersection,,116.311241,39.972282,
,1306,OSMintersection096,intersection,,116.314025,39.972235,
,1306,OSMintersection097,intersection,,116.313093,39.972231,
,1306,OSMintersection098,intersection,,116.310236,39.972215,
,1306,OSMintersection099,intersection,,116.313100,39.972167,
,1306,OSMturn100,turn,,116.312087,39.972158,
,1306,OSMturn101,turn,,116.312092,39.972120,
,1306,OSMturn102,turn,,116.309651,39.972097,
,1306,OSMintersection103,intersection,,116.314414,39.972066,
,1306,OSMintersection104,intersection,,116.309095,39.972059,
,1306,OSMintersection105,intersection,,116.311281,39.972057,
,1306,OSMintersection106,intersection,,116.314044,39.972043,
,1306,OSMintersection107,intersection,,116.312119,39.971923,
,1306,OSMintersection108,intersection,,116.311314,39.971870,
,1306,OSMturn109,turn,,116.315901,39.971865,
,1306,OSMturn110,turn,,116.315442,39.971840,
,1306,OSMintersection111,intersection,,116.312138,39.971787,
,1306,OSMintersection112,intersection,,116.311338,39.971737,
,1306,OSMintersection113,intersection,,116.313155,39.971676,
,1306,OSMintersection114,intersection,,116.314089,39.971606,
,1306,OSMintersection115,intersection,,116.312163,39.971602,
,1306,OSMturn116,turn,,116.315936,39.971571,
,1306,OSMturn117,turn,,116.318940,39.971565,
,1306,OSMintersection118,intersection,,116.315642,39.971554,
,1306,OSMturn119,turn,,116.315474,39.971544,
,1306,OSMintersection120,intersection,,116.313171,39.971540,
,1306,OSMintersection121,intersection,,116.318344,39.971533,
,1306,OSMintersection122,intersection,,116.315649,39.971496,
,1306,OSMintersection123,intersection,,116.315260,39.971468,
,1306,OSMintersection124,intersection,,116.312181,39.971466,
,1306,OSMturn125,turn,,116.317007,39.971450,
,1306,OSMintersection126,intersection,,116.311395,39.971416,
,1306,OSMturn127,turn,,116.317013,39.971403,
,1306,OSMintersection128,intersection,,116.315269,39.971403,
,1306,OSMintersection129,intersection,,116.314112,39.971383,
,1306,OSMintersection130,intersection,,116.313197,39.971315,
,1306,OSMintersection131,intersection,,116.317988,39.971300,
,1306,OSMintersection132,intersection,,116.319058,39.971298,
,1306,OSMintersection133,intersection,,116.318411,39.971279,
,1306,OSMintersection134,intersection,,116.312613,39.971272,
,1306,OSMintersection135,intersection,,116.312213,39.971243,
,1306,OSMintersection136,intersection,,116.317035,39.971229,
,1306,OSMintersection137,intersection,,116.311414,39.971184,
,1306,OSMintersection138,intersection,,116.310354,39.971097,
,1306,OSMintersection139,intersection,,116.318106,39.971092,
,1306,OSMintersection140,intersection,,116.317058,39.971037,
,1306,OSMturn141,turn,,116.309235,39.971008,
,1306,OSMintersection142,intersection,,116.309084,39.970990,
,1306,OSMintersection143,intersection,,116.309240,39.970968,
,1306,OSMintersection144,intersection,,116.310372,39.970912,
,1306,OSMintersection145,intersection,,116.309305,39.970829,
,1306,OSMintersection146,intersection,,116.309107,39.970813,
,1306,OSMintersection147,intersection,,116.309324,39.970785,
,1306,OSMintersection148,intersection,,116.319522,39.970764,
,1306,OSMintersection149,intersection,,116.308443,39.970762,
,1306,OSMintersection150,intersection,,116.308435,39.970761,
,1306,OSMturn151,turn,,116.308287,39.970750,
,1306,OSMturn152,turn,,116.319440,39.970741,
,1306,OSMintersection153,intersection,,116.317100,39.970693,
,1306,OSMturn154,turn,,116.318428,39.970634,
,1306,OSMintersection155,intersection,,116.318181,39.970625,
,1306,OSMintersection156,intersection,,116.315752,39.970596,
,1306,OSMturn157,turn,,116.318523,39.970578,
,1306,OSMintersection158,intersection,,116.317371,39.970570,
,1306,OSMintersection159,intersection,,116.315317,39.970568,
,1306,OSMintersection160,intersection,,116.314135,39.970487,
,1306,OSMintersection161,intersection,,116.318542,39.970404,
,1306,OSMintersection162,intersection,,116.312734,39.970399,
,1306,OSMintersection163,intersection,,116.312649,39.970392,
,1306,OSMturn164,turn,,116.318210,39.970385,
,1306,OSMintersection165,intersection,,116.311531,39.970305,
,1306,OSMturn166,turn,,116.310501,39.970250,
,1306,OSMturn167,turn,,116.310507,39.970202,
,1306,OSMturn168,turn,,116.309571,39.970141,
,1306,OSMintersection169,intersection,,116.318626,39.969948,
,1306,OSMintersection170,intersection,,116.309422,39.969946,
,1306,OSMintersection171,intersection,,116.308413,39.969877,
,1306,OSMintersection172,intersection,,116.307889,39.969837,
,1306,OSMintersection173,intersection,,116.317199,39.969834,
,1306,OSMintersection174,intersection,,116.320048,39.969724,
,1306,OSMintersection175,intersection,,116.315760,39.969713,
,1306,OSMintersection176,intersection,,116.315421,39.969682,
,1306,OSMintersection177,intersection,,116.319821,39.969673,
,1306,OSMintersection178,intersection,,116.314828,39.969635,
,1306,OSMintersection179,intersection,,116.319167,39.969628,
,1306,OSMintersection180,intersection,,116.314223,39.969588,
,1306,OSMintersection181,intersection,,116.313960,39.969566,
,1306,OSMintersection182,intersection,,116.308454,39.969564,
,1306,OSMintersection183,intersection,,116.313027,39.969524,
,1306,OSMturn184,turn,,116.307898,39.969523,
,1306,OSMintersection185,intersection,,116.312767,39.969510,
,1306,OSMintersection186,intersection,,116.309481,39.969470,
,1306,OSMintersection187,intersection,,116.319912,39.969374,
,1306,OSMintersection188,intersection,,116.319690,39.969369,
,1306,OSMturn189,turn,,116.314910,39.969364,
,1306,OSMintersection190,intersection,,116.314829,39.969359,
,1306,OSMintersection191,intersection,,116.319204,39.969295,
,1306,OSMintersection192,intersection,,116.319028,39.969282,
,1306,OSMintersection193,intersection,,116.314938,39.969260,
,1306,OSMturn194,turn,,116.314820,39.969248,
,1306,OSMintersection195,intersection,,116.318587,39.969237,
,1306,OSMintersection196,intersection,,116.308501,39.969208,
,1306,OSMintersection197,intersection,,116.307945,39.969169,
,1306,OSMintersection198,intersection,,116.317663,39.969144,
,1306,OSMintersection199,intersection,,116.317284,39.969105,
,1306,OSMturn200,turn,,116.309875,39.969098,
,1306,OSMturn201,turn,,116.309519,39.969073,
,1306,OSMintersection202,intersection,,116.316846,39.969071,
,1306,OSMturn203,turn,,116.309522,39.969022,
,1306,OSMintersection204,intersection,,116.315848,39.968969,
,1306,OSMintersection205,intersection,,116.310679,39.968961,
,1306,OSMintersection206,intersection,,116.308535,39.968955,
,1306,OSMintersection207,intersection,,116.315703,39.968954,
,1306,OSMturn208,turn,,116.309900,39.968899,
,1306,OSMintersection209,intersection,,116.314922,39.968885,
,1306,OSMintersection210,intersection,,116.308548,39.968854,
,1306,OSMintersection211,intersection,,116.314031,39.968824,
,1306,OSMintersection212,intersection,,116.319318,39.968823,
,1306,OSMturn213,turn,,116.307991,39.968815,
,1306,OSMintersection214,intersection,,116.313097,39.968758,
,1306,OSMintersection215,intersection,,116.312793,39.968742,
,1306,OSMintersection216,intersection,,116.318718,39.968729,
,1306,OSMintersection217,intersection,,116.311699,39.968672,
,1306,OSMintersection218,intersection,,116.320470,39.968647,
,1306,OSMintersection219,intersection,,116.318078,39.968635,
,1306,OSMintersection220,intersection,,116.310730,39.968599,
,1306,OSMintersection221,intersection,,116.319370,39.968586,
,1306,OSMintersection222,intersection,,116.317742,39.968585,
,1306,OSMintersection223,intersection,,116.309575,39.968510,
,1306,OSMintersection224,intersection,,116.316924,39.968465,
,1306,OSMturn225,turn,,116.308601,39.968432,
,1306,OSMintersection226,intersection,,116.315787,39.968427,
,1306,OSMintersection227,intersection,,116.314132,39.968321,
,1306,OSMintersection228,intersection,,116.318153,39.968284,
,1306,OSMintersection229,intersection,,116.312862,39.968223,
,1306,OSMintersection230,intersection,,116.311803,39.967912,
,1306,OSMturn231,turn,,116.311013,39.967818,
,1306,OSMturn232,turn,,116.312933,39.967655,
,1306,OSMintersection233,intersection,,116.311873,39.967512,
,1306,OSMturn234,turn,,116.311062,39.967415,
,1306,OSMintersection235,intersection,,116.311242,39.967290,
,1306,中国人民大学,place,,116.311959,39.970395,
,1306,人民大学公交站(东门侧),gate,,116.319773,39.970173,
,1306,中国人民大学图书馆,place,,116.315975,39.972361,
,1306,图书馆及计算机机房,place,,116.315459,39.975217,
,1306,藏书馆,place,,116.314768,39.970031,
,1306,逸夫会堂,place,,116.316173,39.970280,
,1306,明德主楼,place,,116.308067,39.971830,
,1306,明德堂,place,,116.308018,39.972468,
,1306,明德新闻楼,place,,116.308563,39.972434,
,1306,明德法学楼,place,,116.308721,39.971306,
,1306,求是楼,place,,116.316344,39.969441,
,1306,公共教学一楼,place,,116.316366,39.968681,
,1306,公共教学二楼,place,,116.314902,39.968721,
,1306,公共教学三楼,place,,116.313455,39.968487,
,1306,教学四楼,place,,116.317091,39.973572,
,1306,信息楼,place,,116.315592,39.973495,
,1306,数学学院,place,,116.317293,39.973330,
,1306,国学馆,place,,116.314971,39.972224,
,1306,理工楼,place,,116.314436,39.970721,
,1306,崇德楼西楼,place,,116.315675,39.970357,
,1306,崇德楼东楼,place,,116.316638,39.970399,
,1306,文化大厦,place,,116.318696,39.971276,
,1306,中国人民大学博物馆,place,,116.313144,39.969934,
,1306,艺术学院,place,,116.313467,39.970139,
,1306,人文楼,place,,116.313662,39.969209,
,1306,中国人民大学综合服务中心,facility,,116.316159,39.970829,
,1306,中国人民大学校医院,facility,,116.311345,39.967652,
,1306,国际文化交流中心,place,,116.316075,39.968290,
,1306,青年公寓,place,,116.317395,39.968357,
,1306,立德公寓,place,,116.318862,39.968602,
,1306,立德楼,place,,116.319650,39.969070,
,1306,留学生1楼,place,,116.315170,39.968137,
,1306,品园1楼,place,,116.307751,39.968679,
,1306,品园3楼,place,,116.309005,39.969224,
,1306,品园6楼（公主楼）,place,,116.309962,39.968887,
,1306,知行1楼,place,,116.310752,39.972465,
,1306,知行2楼,place,,116.309916,39.972331,
,1306,知行3楼,place,,116.310837,39.972893,
,1306,知行6楼,place,,116.309362,39.972568,
,1306,静园1楼,place,,116.313554,39.971472,
,1306,静园10楼,place,,116.312487,39.972077,
,1306,静园20楼,place,,116.311595,39.972926,
,1306,北园1楼,place,,116.310600,39.973551,
,1306,北园4楼,place,,116.311232,39.974646,
,1306,北园6楼,place,,116.310003,39.974273,
,1306,东区食堂,facility,,116.317214,39.968867,
,1306,中区食堂,facility,,116.315228,39.971209,
,1306,西区食堂,facility,,116.307590,39.969149,
,1306,清真食堂,facility,,116.315043,39.971026,
,1306,汇贤食府,facility,,116.315265,39.971046,
,1306,物美,facility,,116.318313,39.970505,
,1306,Cici咖啡屋,facility,,116.315907,39.970767,
,1306,蜜雪冰城,facility,,116.318339,39.970431,
,1306,赛百味,facility,,116.318195,39.973154,
,1306,快递收发点,facility,,116.310016,39.972969,
,1306,校卫队,facility,,116.319396,39.969726,
,1306,操场,place,,116.311875,39.969667,
,1306,世纪馆,place,,116.310948,39.969560,
,1306,游泳馆,place,,116.312493,39.968073,
,1306,网球场,place,,116.312155,39.968326,
,1306,大操场,place,,116.313149,39.974434,
,1306,大棚馆,place,,116.312550,39.975021,
,1307,OSMintersection001,intersection,,116.326400,40.013216,
,1307,OSMturn002,turn,,116.330999,40.013050,
,1307,OSMintersection003,intersection,,116.326755,40.012975,
,1307,OSMintersection004,intersection,,116.326971,40.012693,
,1307,OSMintersection005,intersection,,116.325925,40.012431,
,1307,OSMintersection006,intersection,,116.325341,40.012377,
,1307,OSMturn007,turn,,116.326109,40.012340,
,1307,OSMintersection008,intersection,,116.323566,40.012327,
,1307,OSMintersection009,intersection,,116.331974,40.012283,
,1307,OSMintersection010,intersection,,116.326254,40.012265,
,1307,OSMintersection011,intersection,,116.325764,40.012264,
,1307,OSMintersection012,intersection,,116.326291,40.012243,
,1307,OSMintersection013,intersection,,116.330711,40.012223,
,1307,OSMintersection014,intersection,,116.330130,40.012197,
,1307,OSMintersection015,intersection,,116.329184,40.012169,
,1307,OSMintersection016,intersection,,116.327995,40.012126,
,1307,OSMintersection017,intersection,,116.327462,40.012107,
,1307,OSMintersection018,intersection,,116.326621,40.012078,
,1307,OSMturn019,turn,,116.326136,40.011560,
,1307,OSMintersection020,intersection,,116.326089,40.011515,
,1307,OSMintersection021,intersection,,116.328868,40.011458,
,1307,OSMintersection022,intersection,,116.328455,40.011442,
,1307,OSMintersection023,intersection,,116.323604,40.011300,
,1307,OSMintersection024,intersection,,116.328707,40.011214,
,1307,OSMturn025,turn,,116.324660,40.011211,
,1307,OSMintersection026,intersection,,116.322868,40.011157,
,1307,OSMturn027,turn,,116.322394,40.011060,
,1307,OSMintersection028,intersection,,116.332081,40.011012,
,1307,OSMintersection029,intersection,,116.331870,40.011004,
,1307,OSMintersection030,intersection,,116.322284,40.010988,
,1307,OSMintersection031,intersection,,116.328707,40.010966,
,1307,OSMintersection032,intersection,,116.328800,40.010947,
,1307,OSMintersection033,intersection,,116.330158,40.010930,
,1307,OSMturn034,turn,,116.328806,40.010887,
,1307,OSMintersection035,intersection,,116.328712,40.010884,
,1307,OSMintersection036,intersection,,116.328579,40.010875,
,1307,OSMturn037,turn,,116.320599,40.010844,
,1307,OSMintersection038,intersection,,116.326552,40.010821,
,1307,OSMturn039,turn,,116.320110,40.010800,
,1307,OSMintersection040,intersection,,116.328739,40.010796,
,1307,OSMintersection041,intersection,,116.325336,40.010795,
,1307,OSMturn042,turn,,116.328633,40.010792,
,1307,OSMintersection043,intersection,,116.320952,40.010726,
,1307,OSMintersection044,intersection,,116.318859,40.010687,
,1307,OSMintersection045,intersection,,116.326347,40.010638,
,1307,OSMintersection046,intersection,,116.326634,40.010582,
,1307,OSMintersection047,intersection,,116.324622,40.010571,
,1307,OSMintersection048,intersection,,116.325074,40.010547,
,1307,OSMintersection049,intersection,,116.324611,40.010530,
,1307,OSMintersection050,intersection,,116.324382,40.010513,
,1307,OSMintersection051,intersection,,116.323043,40.010461,
,1307,OSMturn052,turn,,116.324174,40.010444,
,1307,OSMintersection053,intersection,,116.323790,40.010414,
,1307,OSMturn054,turn,,116.323620,40.010265,
,1307,OSMintersection055,intersection,,116.323777,40.010241,
,1307,OSMintersection056,intersection,,116.322493,40.010221,
,1307,OSMturn057,turn,,116.328773,40.010194,
,1307,OSMintersection058,intersection,,116.333094,40.010136,
,1307,OSMintersection059,intersection,,116.327369,40.010126,
,1307,OSMintersection060,intersection,,116.332013,40.010087,
,1307,OSMturn061,turn,,116.331930,40.010085,
,1307,OSMturn062,turn,,116.322928,40.010077,
,1307,OSMintersection063,intersection,,116.322516,40.010040,
,1307,OSMintersection064,intersection,,116.330230,40.010010,
,1307,OSMturn065,turn,,116.322649,40.010001,
,1307,OSMintersection066,intersection,,116.327213,40.009976,
,1307,OSMintersection067,intersection,,116.321091,40.009684,
,1307,OSMintersection068,intersection,,116.320460,40.009650,
,1307,OSMintersection069,intersection,,116.333729,40.009524,
,1307,OSMintersection070,intersection,,116.327247,40.009479,
,1307,OSMintersection071,intersection,,116.333768,40.009462,
,1307,OSMintersection072,intersection,,116.326592,40.009451,
,1307,OSMintersection073,intersection,,116.326441,40.009445,
,1307,OSMintersection074,intersection,,116.325388,40.009400,
,1307,OSMturn075,turn,,116.325153,40.009391,
,1307,OSMintersection076,intersection,,116.335480,40.009323,
,1307,OSMintersection077,intersection,,116.327262,40.009309,
,1307,OSMintersection078,intersection,,116.326445,40.009269,
,1307,OSMintersection079,intersection,,116.333817,40.009226,
,1307,OSMintersection080,intersection,,116.333673,40.009219,
,1307,OSMintersection081,intersection,,116.332715,40.009178,
,1307,OSMintersection082,intersection,,116.321140,40.009130,
,1307,OSMintersection083,intersection,,116.330292,40.009078,
,1307,OSMintersection084,intersection,,116.319606,40.009050,
,1307,OSMintersection085,intersection,,116.328860,40.009014,
,1307,OSMintersection086,intersection,,116.334742,40.009010,
,1307,OSMturn087,turn,,116.334104,40.009004,
,1307,OSMintersection088,intersection,,116.319564,40.008976,
,1307,OSMintersection089,intersection,,116.326470,40.008958,
,1307,OSMintersection090,intersection,,116.325945,40.008937,
,1307,OSMintersection091,intersection,,116.325404,40.008919,
,1307,OSMintersection092,intersection,,116.322665,40.008900,
,1307,OSMintersection093,intersection,,116.324645,40.008893,
,1307,OSMturn094,turn,,116.322651,40.008843,
,1307,OSMintersection095,intersection,,116.334894,40.008808,
,1307,OSMintersection096,intersection,,116.328861,40.008795,
,1307,OSMintersection097,intersection,,116.325959,40.008791,
,1307,OSMturn098,turn,,116.328155,40.008786,
,1307,OSMturn099,turn,,116.327315,40.008683,
,1307,OSMintersection100,intersection,,116.326650,40.008659,
,1307,OSMturn101,turn,,116.321197,40.008646,
,1307,OSMturn102,turn,,116.327318,40.008644,
,1307,OSMturn103,turn,,116.328052,40.008640,
,1307,OSMintersection104,intersection,,116.325974,40.008637,
,1307,OSMintersection105,intersection,,116.320543,40.008628,
,1307,OSMturn106,turn,,116.328862,40.008609,
,1307,OSMintersection107,intersection,,116.334634,40.008590,
,1307,OSMintersection108,intersection,,116.334109,40.008589,
,1307,OSMintersection109,intersection,,116.319634,40.008571,
,1307,OSMintersection110,intersection,,116.328812,40.008494,
,1307,OSMturn111,turn,,116.324434,40.008477,
,1307,OSMintersection112,intersection,,116.328794,40.008425,
,1307,OSMintersection113,intersection,,116.335472,40.008308,
,1307,OSMintersection114,intersection,,116.334892,40.008306,
,1307,OSMintersection115,intersection,,116.334518,40.008305,
,1307,OSMintersection116,intersection,,116.334112,40.008299,
,1307,OSMintersection117,intersection,,116.322764,40.008291,
,1307,OSMintersection118,intersection,,116.322496,40.008270,
,1307,OSMintersection119,intersection,,116.327870,40.008261,
,1307,OSMturn120,turn,,116.326347,40.008254,
,1307,OSMintersection121,intersection,,116.326002,40.008238,
,1307,OSMintersection122,intersection,,116.326379,40.008220,
,1307,OSMintersection123,intersection,,116.325440,40.008214,
,1307,OSMturn124,turn,,116.333761,40.008207,
,1307,OSMintersection125,intersection,,116.319701,40.008181,
,1307,OSMintersection126,intersection,,116.319083,40.008152,
,1307,OSMintersection127,intersection,,116.333786,40.008111,
,1307,OSMintersection128,intersection,,116.333870,40.008101,
,1307,OSMintersection129,intersection,,116.327359,40.008051,
,1307,OSMintersection130,intersection,,116.326393,40.008011,
,1307,OSMintersection131,intersection,,116.330402,40.007992,
,1307,OSMintersection132,intersection,,116.325465,40.007978,
,1307,OSMintersection133,intersection,,116.329031,40.007941,
,1307,OSMintersection134,intersection,,116.328892,40.007935,
,1307,OSMintersection135,intersection,,116.325378,40.007934,
,1307,OSMintersection136,intersection,,116.327918,40.007897,
,1307,OSMintersection137,intersection,,116.325414,40.007890,
,1307,OSMintersection138,intersection,,116.327373,40.007877,
,1307,OSMintersection139,intersection,,116.325212,40.007860,
,1307,OSMturn140,turn,,116.325293,40.007773,
,1307,OSMintersection141,intersection,,116.335916,40.007741,
,1307,OSMintersection142,intersection,,116.323357,40.007725,
,1307,OSMintersection143,intersection,,116.323271,40.007721,
,1307,OSMintersection144,intersection,,116.323813,40.007714,
,1307,OSMintersection145,intersection,,116.334179,40.007708,
,1307,OSMintersection146,intersection,,116.334669,40.007705,
,1307,OSMintersection147,intersection,,116.322840,40.007701,
,1307,OSMintersection148,intersection,,116.325407,40.007663,
,1307,OSMintersection149,intersection,,116.329043,40.007657,
,1307,OSMintersection150,intersection,,116.333969,40.007655,
,1307,OSMturn151,turn,,116.328189,40.007621,
,1307,OSMintersection152,intersection,,116.320961,40.007620,
,1307,OSMturn153,turn,,116.328058,40.007614,
,1307,OSMintersection154,intersection,,116.327727,40.007575,
,1307,OSMintersection155,intersection,,116.327393,40.007570,
,1307,OSMintersection156,intersection,,116.319367,40.007563,
,1307,OSMintersection157,intersection,,116.319828,40.007555,
,1307,OSMintersection158,intersection,,116.327418,40.007538,
,1307,OSMturn159,turn,,116.327398,40.007497,
,1307,OSMintersection160,intersection,,116.326252,40.007453,
,1307,OSMturn161,turn,,116.327902,40.007446,
,1307,OSMintersection162,intersection,,116.324636,40.007429,
,1307,OSMintersection163,intersection,,116.329053,40.007411,
,1307,OSMturn164,turn,,116.328582,40.007393,
,1307,OSMturn165,turn,,116.328482,40.007389,
,1307,OSMturn166,turn,,116.322841,40.007374,
,1307,OSMturn167,turn,,116.328001,40.007372,
,1307,OSMturn168,turn,,116.330403,40.007334,
,1307,OSMturn169,turn,,116.321550,40.007306,
,1307,OSMintersection170,intersection,,116.328267,40.007302,
,1307,OSMintersection171,intersection,,116.330405,40.007292,
,1307,OSMintersection172,intersection,,116.329060,40.007278,
,1307,OSMintersection173,intersection,,116.324626,40.007263,
,1307,OSMintersection174,intersection,,116.325446,40.007243,
,1307,OSMturn175,turn,,116.328348,40.007200,
,1307,OSMturn176,turn,,116.331583,40.007196,
,1307,OSMintersection177,intersection,,116.324741,40.007196,
,1307,OSMintersection178,intersection,,116.324565,40.007185,
,1307,OSMintersection179,intersection,,116.323848,40.007173,
,1307,OSMintersection180,intersection,,116.328644,40.007172,
,1307,OSMintersection181,intersection,,116.329040,40.007162,
,1307,OSMintersection182,intersection,,116.330672,40.007160,
,1307,OSMturn183,turn,,116.328396,40.007134,
,1307,OSMintersection184,intersection,,116.328719,40.007131,
,1307,OSMintersection185,intersection,,116.323853,40.007087,
,1307,OSMintersection186,intersection,,116.328358,40.007072,
,1307,OSMintersection187,intersection,,116.322867,40.007043,
,1307,OSMintersection188,intersection,,116.334177,40.007025,
,1307,OSMintersection189,intersection,,116.334344,40.007025,
,1307,OSMintersection190,intersection,,116.327436,40.006993,
,1307,OSMintersection191,intersection,,116.327837,40.006948,
,1307,OSMintersection192,intersection,,116.327895,40.006926,
,1307,OSMintersection193,intersection,,116.326234,40.006912,
,1307,OSMintersection194,intersection,,116.335340,40.006908,
,1307,OSMturn195,turn,,116.336553,40.006837,
,1307,OSMintersection196,intersection,,116.329076,40.006824,
,1307,OSMintersection197,intersection,,116.334060,40.006823,
,1307,OSMintersection198,intersection,,116.335344,40.006808,
,1307,OSMintersection199,intersection,,116.335233,40.006805,
,1307,OSMintersection200,intersection,,116.328363,40.006801,
,1307,OSMintersection201,intersection,,116.334071,40.006777,
,1307,OSMintersection202,intersection,,116.333350,40.006749,
,1307,OSMturn203,turn,,116.333283,40.006747,
,1307,OSMintersection204,intersection,,116.323875,40.006693,
,1307,OSMintersection205,intersection,,116.331701,40.006692,
,1307,OSMturn206,turn,,116.331617,40.006689,
,1307,OSMintersection207,intersection,,116.331199,40.006675,
,1307,OSMturn208,turn,,116.324678,40.006660,
,1307,OSMturn209,turn,,116.325899,40.006647,
,1307,OSMintersection210,intersection,,116.330422,40.006645,
,1307,OSMintersection211,intersection,,116.322906,40.006640,
,1307,OSMintersection212,intersection,,116.325502,40.006628,
,1307,OSMturn213,turn,,116.321059,40.006623,
,1307,OSMintersection214,intersection,,116.319966,40.006613,
,1307,OSMintersection215,intersection,,116.329464,40.006607,
,1307,OSMintersection216,intersection,,116.329088,40.006598,
,1307,OSMintersection217,intersection,,116.324623,40.006592,
,1307,OSMintersection218,intersection,,116.320611,40.006586,
,1307,OSMintersection219,intersection,,116.324771,40.006578,
,1307,OSMintersection220,intersection,,116.323884,40.006566,
,1307,OSMintersection221,intersection,,116.328377,40.006556,
,1307,OSMturn222,turn,,116.319996,40.006556,
,1307,OSMintersection223,intersection,,116.324722,40.006533,
,1307,OSMturn224,turn,,116.325977,40.006527,
,1307,OSMintersection225,intersection,,116.326076,40.006491,
,1307,OSMintersection226,intersection,,116.326378,40.006449,
,1307,OSMintersection227,intersection,,116.326084,40.006437,
,1307,OSMintersection228,intersection,,116.322917,40.006435,
,1307,OSMintersection229,intersection,,116.335251,40.006397,
,1307,OSMintersection230,intersection,,116.321613,40.006369,
,1307,OSMintersection231,intersection,,116.334125,40.006356,
,1307,OSMintersection232,intersection,,116.318989,40.006255,
,1307,OSMintersection233,intersection,,116.327620,40.006215,
,1307,OSMintersection234,intersection,,116.327492,40.006200,
,1307,OSMintersection235,intersection,,116.326571,40.006161,
,1307,OSMintersection236,intersection,,116.318331,40.006158,
,1307,OSMturn237,turn,,116.319873,40.006153,
,1307,OSMintersection238,intersection,,116.321621,40.006153,
,1307,OSMintersection239,intersection,,116.326365,40.006148,
,1307,OSMintersection240,intersection,,116.326614,40.006111,
,1307,OSMintersection241,intersection,,116.325552,40.006107,
,1307,OSMintersection242,intersection,,116.320673,40.006101,
,1307,OSMintersection243,intersection,,116.326361,40.006095,
,1307,OSMintersection244,intersection,,116.324751,40.006056,
,1307,OSMturn245,turn,,116.324327,40.006030,
,1307,OSMintersection246,intersection,,116.323918,40.006002,
,1307,OSMintersection247,intersection,,116.322919,40.005941,
,1307,OSMintersection248,intersection,,116.327517,40.005937,
,1307,OSMintersection249,intersection,,116.336586,40.005891,
,1307,OSMintersection250,intersection,,116.327521,40.005888,
,1307,OSMintersection251,intersection,,116.321638,40.005871,
,1307,OSMintersection252,intersection,,116.335468,40.005865,
,1307,OSMintersection253,intersection,,116.331235,40.005862,
,1307,OSMturn254,turn,,116.335288,40.005859,
,1307,OSMintersection255,intersection,,116.330528,40.005854,
,1307,OSMturn256,turn,,116.330445,40.005851,
,1307,OSMintersection257,intersection,,116.335290,40.005837,
,1307,OSMintersection258,intersection,,116.320700,40.005829,
,1307,OSMintersection259,intersection,,116.334801,40.005819,
,1307,OSMintersection260,intersection,,116.320531,40.005815,
,1307,OSMintersection261,intersection,,116.334151,40.005796,
,1307,OSMturn262,turn,,116.334106,40.005795,
,1307,OSMintersection263,intersection,,116.327711,40.005699,
,1307,OSMintersection264,intersection,,116.318387,40.005682,
,1307,OSMintersection265,intersection,,116.327676,40.005651,
,1307,OSMturn266,turn,,116.317053,40.005621,
,1307,OSMintersection267,intersection,,116.331247,40.005595,
,1307,OSMintersection268,intersection,,116.330504,40.005570,
,1307,OSMturn269,turn,,116.328490,40.005431,
,1307,OSMintersection270,intersection,,116.321675,40.005426,
,1307,OSMintersection271,intersection,,116.325195,40.005425,
,1307,OSMintersection272,intersection,,116.327561,40.005425,
,1307,OSMintersection273,intersection,,116.320582,40.005350,
,1307,OSMintersection274,intersection,,116.326791,40.005302,
,1307,OSMintersection275,intersection,,116.334878,40.005223,
,1307,OSMintersection276,intersection,,116.336619,40.005082,
,1307,OSMintersection277,intersection,,116.335868,40.005056,
,1307,OSMintersection278,intersection,,116.335508,40.005042,
,1307,OSMintersection279,intersection,,116.334196,40.004933,
,1307,OSMintersection280,intersection,,116.333379,40.004902,
,1307,OSMintersection281,intersection,,116.333090,40.004890,
,1307,OSMturn282,turn,,116.332969,40.004885,
,1307,OSMturn283,turn,,116.326564,40.004862,
,1307,OSMintersection284,intersection,,116.331263,40.004835,
,1307,OSMintersection285,intersection,,116.326776,40.004830,
,1307,OSMintersection286,intersection,,116.331420,40.004827,
,1307,OSMintersection287,intersection,,116.330509,40.004791,
,1307,OSMintersection288,intersection,,116.324828,40.004765,
,1307,OSMturn289,turn,,116.324212,40.004761,
,1307,OSMintersection290,intersection,,116.317119,40.004756,
,1307,OSMintersection291,intersection,,116.324703,40.004754,
,1307,OSMturn292,turn,,116.334064,40.004754,
,1307,OSMturn293,turn,,116.331636,40.004748,
,1307,OSMintersection294,intersection,,116.329364,40.004747,
,1307,OSMintersection295,intersection,,116.316592,40.004727,
,1307,OSMintersection296,intersection,,116.328503,40.004713,
,1307,OSMintersection297,intersection,,116.320652,40.004708,
,1307,OSMturn298,turn,,116.327865,40.004689,
,1307,OSMintersection299,intersection,,116.327611,40.004680,
,1307,OSMintersection300,intersection,,116.327394,40.004665,
,1307,OSMintersection301,intersection,,116.320658,40.004656,
,1307,OSMintersection302,intersection,,116.326938,40.004652,
,1307,OSMintersection303,intersection,,116.325075,40.004640,
,1307,OSMintersection304,intersection,,116.329376,40.004598,
,1307,OSMintersection305,intersection,,116.326940,40.004555,
,1307,OSMturn306,turn,,116.335074,40.004548,
,1307,OSMintersection307,intersection,,116.333409,40.004537,
,1307,OSMintersection308,intersection,,116.334216,40.004530,
,1307,OSMintersection309,intersection,,116.333109,40.004521,
,1307,OSMintersection310,intersection,,116.321753,40.004514,
,1307,OSMintersection311,intersection,,116.320680,40.004458,
,1307,OSMintersection312,intersection,,116.331655,40.004457,
,1307,OSMintersection313,intersection,,116.331271,40.004443,
,1307,OSMturn314,turn,,116.324214,40.004425,
,1307,OSMintersection315,intersection,,116.324741,40.004316,
,1307,OSMintersection316,intersection,,116.324200,40.004312,
,1307,OSMturn317,turn,,116.326314,40.004308,
,1307,OSMintersection318,intersection,,116.323877,40.004301,
,1307,OSMintersection319,intersection,,116.323054,40.004266,
,1307,OSMintersection320,intersection,,116.321776,40.004202,
,1307,OSMintersection321,intersection,,116.325761,40.004199,
,1307,OSMintersection322,intersection,,116.325763,40.004182,
,1307,OSMintersection323,intersection,,116.325105,40.004176,
,1307,OSMintersection324,intersection,,116.324753,40.004164,
,1307,OSMintersection325,intersection,,116.323893,40.004122,
,1307,OSMintersection326,intersection,,116.335107,40.004058,
,1307,OSMturn327,turn,,116.326510,40.004058,
,1307,OSMintersection328,intersection,,116.334242,40.004045,
,1307,OSMintersection329,intersection,,116.326349,40.004036,
,1307,OSMintersection330,intersection,,116.326168,40.004026,
,1307,OSMintersection331,intersection,,116.325770,40.004020,
,1307,OSMturn332,turn,,116.324761,40.004000,
,1307,OSMintersection333,intersection,,116.329292,40.003994,
,1307,OSMintersection334,intersection,,116.323910,40.003965,
,1307,OSMintersection335,intersection,,116.321755,40.003957,
,1307,OSMturn336,turn,,116.324765,40.003953,
,1307,OSMintersection337,intersection,,116.321743,40.003894,
,1307,OSMturn338,turn,,116.323929,40.003894,
,1307,OSMintersection339,intersection,,116.329268,40.003814,
,1307,OSMintersection340,intersection,,116.328936,40.003804,
,1307,OSMturn341,turn,,116.321723,40.003785,
,1307,OSMintersection342,intersection,,116.320757,40.003752,
,1307,OSMintersection343,intersection,,116.334231,40.003752,
,1307,OSMintersection344,intersection,,116.333466,40.003727,
,1307,OSMintersection345,intersection,,116.333152,40.003714,
,1307,OSMintersection346,intersection,,116.319666,40.003706,
,1307,OSMturn347,turn,,116.332836,40.003704,
,1307,OSMturn348,turn,,116.336670,40.003674,
,1307,OSMintersection349,intersection,,116.335132,40.003667,
,1307,OSMintersection350,intersection,,116.331709,40.003664,
,1307,OSMintersection351,intersection,,116.335952,40.003661,
,1307,OSMintersection352,intersection,,116.321389,40.003654,
,1307,OSMintersection353,intersection,,116.331324,40.003651,
,1307,OSMintersection354,intersection,,116.336675,40.003630,
,1307,OSMintersection355,intersection,,116.336632,40.003629,
,1307,OSMintersection356,intersection,,116.330580,40.003625,
,1307,OSMintersection357,intersection,,116.335313,40.003625,
,1307,OSMturn358,turn,,116.335136,40.003618,
,1307,OSMintersection359,intersection,,116.334296,40.003587,
,1307,OSMturn360,turn,,116.335316,40.003539,
,1307,OSMintersection361,intersection,,116.334226,40.003533,
,1307,OSMintersection362,intersection,,116.318589,40.003530,
,1307,OSMintersection363,intersection,,116.319676,40.003500,
,1307,OSMintersection364,intersection,,116.320236,40.003484,
,1307,OSMintersection365,intersection,,116.325740,40.003480,
,1307,OSMintersection366,intersection,,116.325692,40.003478,
,1307,OSMintersection367,intersection,,116.324798,40.003424,
,1307,OSMintersection368,intersection,,116.330592,40.003418,
,1307,OSMintersection369,intersection,,116.330472,40.003416,
,1307,OSMintersection370,intersection,,116.317750,40.003412,
,1307,OSMintersection371,intersection,,116.329251,40.003388,
,1307,OSMturn372,turn,,116.329127,40.003385,
,1307,OSMintersection373,intersection,,116.324020,40.003374,
,1307,OSMintersection374,intersection,,116.327838,40.003358,
,1307,OSMintersection375,intersection,,116.327732,40.003356,
,1307,OSMintersection376,intersection,,116.324804,40.003341,
,1307,OSMintersection377,intersection,,116.318605,40.003339,
,1307,OSMintersection378,intersection,,116.326238,40.003316,
,1307,OSMintersection379,intersection,,116.329134,40.003312,
,1307,OSMintersection380,intersection,,116.325857,40.003293,
,1307,OSMintersection381,intersection,,116.324035,40.003290,
,1307,OSMintersection382,intersection,,116.321421,40.003283,
,1307,OSMturn383,turn,,116.321424,40.003252,
,1307,OSMintersection384,intersection,,116.324815,40.003233,
,1307,OSMintersection385,intersection,,116.335328,40.003230,
,1307,OSMturn386,turn,,116.318600,40.003227,
,1307,OSMintersection387,intersection,,116.320780,40.003221,
,1307,OSMturn388,turn,,116.320254,40.003186,
,1307,OSMturn389,turn,,116.324055,40.003167,
,1307,OSMturn390,turn,,116.330175,40.003159,
,1307,OSMturn391,turn,,116.330080,40.003079,
,1307,OSMintersection392,intersection,,116.326848,40.003071,
,1307,OSMintersection393,intersection,,116.317642,40.003046,
,1307,OSMintersection394,intersection,,116.326883,40.003016,
,1307,OSMintersection395,intersection,,116.325885,40.003004,
,1307,OSMintersection396,intersection,,116.317624,40.002981,
,1307,OSMintersection397,intersection,,116.335710,40.002964,
,1307,OSMintersection398,intersection,,116.324845,40.002943,
,1307,OSMintersection399,intersection,,116.326946,40.002902,
,1307,OSMintersection400,intersection,,116.332878,40.002856,
,1307,OSMintersection401,intersection,,116.326283,40.002855,
,1307,OSMturn402,turn,,116.329321,40.002854,
,1307,OSMintersection403,intersection,,116.329159,40.002854,
,1307,OSMintersection404,intersection,,116.325901,40.002842,
,1307,OSMintersection405,intersection,,116.324861,40.002780,
,1307,OSMturn406,turn,,116.329708,40.002761,
,1307,OSMintersection407,intersection,,116.319789,40.002756,
,1307,OSMturn408,turn,,116.334311,40.002712,
,1307,OSMintersection409,intersection,,116.334245,40.002710,
,1307,OSMturn410,turn,,116.329634,40.002693,
,1307,OSMintersection411,intersection,,116.333205,40.002680,
,1307,OSMintersection412,intersection,,116.326974,40.002677,
,1307,OSMintersection413,intersection,,116.327821,40.002672,
,1307,OSMintersection414,intersection,,116.332862,40.002669,
,1307,OSMintersection415,intersection,,116.329439,40.002667,
,1307,OSMintersection416,intersection,,116.320643,40.002661,
,1307,OSMintersection417,intersection,,116.331705,40.002636,
,1307,OSMturn418,turn,,116.327027,40.002632,
,1307,OSMturn419,turn,,116.336727,40.002624,
,1307,OSMintersection420,intersection,,116.325923,40.002624,
,1307,OSMintersection421,intersection,,116.336675,40.002622,
,1307,OSMintersection422,intersection,,116.326777,40.002617,
,1307,OSMintersection423,intersection,,116.330641,40.002612,
,1307,OSMintersection424,intersection,,116.329529,40.002606,
,1307,OSMintersection425,intersection,,116.336032,40.002604,
,1307,OSMturn426,turn,,116.335727,40.002596,
,1307,OSMturn427,turn,,116.335662,40.002594,
,1307,OSMintersection428,intersection,,116.321536,40.002593,
,1307,OSMintersection429,intersection,,116.320875,40.002586,
,1307,OSMintersection430,intersection,,116.335352,40.002586,
,1307,OSMturn431,turn,,116.334319,40.002550,
,1307,OSMintersection432,intersection,,116.334323,40.002527,
,1307,OSMintersection433,intersection,,116.335668,40.002463,
,1307,OSMintersection434,intersection,,116.333219,40.002457,
,1307,OSMintersection435,intersection,,116.335671,40.002414,
,1307,OSMintersection436,intersection,,116.330653,40.002407,
,1307,OSMintersection437,intersection,,116.331712,40.002402,
,1307,OSMintersection438,intersection,,116.333223,40.002401,
,1307,OSMturn439,turn,,116.318664,40.002397,
,1307,OSMintersection440,intersection,,116.330090,40.002386,
,1307,OSMintersection441,intersection,,116.318638,40.002366,
,1307,OSMintersection442,intersection,,116.329205,40.002348,
,1307,OSMintersection443,intersection,,116.331714,40.002345,
,1307,OSMintersection444,intersection,,116.327861,40.002325,
,1307,OSMintersection445,intersection,,116.323052,40.002307,
,1307,OSMturn446,turn,,116.327863,40.002302,
,1307,OSMturn447,turn,,116.326340,40.002273,
,1307,OSMintersection448,intersection,,116.326378,40.002228,
,1307,OSMintersection449,intersection,,116.321592,40.002220,
,1307,OSMintersection450,intersection,,116.324989,40.002193,
,1307,OSMintersection451,intersection,,116.334364,40.002191,
,1307,OSMturn452,turn,,116.324919,40.002189,
,1307,OSMintersection453,intersection,,116.323590,40.002112,
,1307,OSMintersection454,intersection,,116.324930,40.002097,
,1307,OSMintersection455,intersection,,116.323694,40.002073,
,1307,OSMintersection456,intersection,,116.324156,40.002039,
,1307,OSMintersection457,intersection,,116.324842,40.002015,
,1307,OSMintersection458,intersection,,116.324341,40.001998,
,1307,OSMintersection459,intersection,,116.324952,40.001976,
,1307,OSMintersection460,intersection,,116.316636,40.001971,
,1307,OSMintersection461,intersection,,116.323089,40.001941,
,1307,OSMintersection462,intersection,,116.316068,40.001918,
,1307,OSMintersection463,intersection,,116.317430,40.001879,
,1307,OSMturn464,turn,,116.333243,40.001877,
,1307,OSMturn465,turn,,116.325068,40.001852,
,1307,OSMintersection466,intersection,,116.323094,40.001833,
,1307,OSMturn467,turn,,116.331732,40.001829,
,1307,OSMturn468,turn,,116.325093,40.001827,
,1307,OSMintersection469,intersection,,116.318538,40.001825,
,1307,OSMturn470,turn,,116.333248,40.001795,
,1307,OSMturn471,turn,,116.318287,40.001768,
,1307,OSMintersection472,intersection,,116.324149,40.001748,
,1307,OSMturn473,turn,,116.331732,40.001747,
,1307,OSMintersection474,intersection,,116.328369,40.001721,
,1307,OSMintersection475,intersection,,116.327906,40.001714,
,1307,OSMintersection476,intersection,,116.317540,40.001708,
,1307,OSMintersection477,intersection,,116.317286,40.001685,
,1307,OSMintersection478,intersection,,116.325280,40.001662,
,1307,OSMintersection479,intersection,,116.315947,40.001650,
,1307,OSMintersection480,intersection,,116.333255,40.001630,
,1307,OSMintersection481,intersection,,116.316695,40.001627,
,1307,OSMintersection482,intersection,,116.325089,40.001626,
,1307,OSMintersection483,intersection,,116.326263,40.001623,
,1307,OSMintersection484,intersection,,116.332933,40.001620,
,1307,OSMturn485,turn,,116.325384,40.001617,
,1307,OSMintersection486,intersection,,116.328281,40.001602,
,1307,OSMintersection487,intersection,,116.316125,40.001593,
,1307,OSMintersection488,intersection,,116.332050,40.001584,
,1307,OSMintersection489,intersection,,116.331735,40.001581,
,1307,OSMturn490,turn,,116.332927,40.001567,
,1307,OSMturn491,turn,,116.324362,40.001512,
,1307,OSMturn492,turn,,116.333261,40.001510,
,1307,OSMturn493,turn,,116.333034,40.001505,
,1307,OSMintersection494,intersection,,116.324163,40.001503,
,1307,OSMintersection495,intersection,,116.324364,40.001471,
,1307,OSMturn496,turn,,116.336773,40.001470,
,1307,OSMintersection497,intersection,,116.333107,40.001435,
,1307,OSMintersection498,intersection,,116.331738,40.001411,
,1307,OSMintersection499,intersection,,116.332834,40.001397,
,1307,OSMintersection500,intersection,,116.335215,40.001392,
,1307,OSMintersection501,intersection,,116.335168,40.001391,
,1307,OSMintersection502,intersection,,116.331948,40.001367,
,1307,OSMintersection503,intersection,,116.334380,40.001365,
,1307,OSMintersection504,intersection,,116.332836,40.001356,
,1307,OSMturn505,turn,,116.332033,40.001327,
,1307,OSMintersection506,intersection,,116.323125,40.001292,
,1307,OSMintersection507,intersection,,116.331900,40.001289,
,1307,OSMintersection508,intersection,,116.322639,40.001265,
,1307,OSMintersection509,intersection,,116.324178,40.001241,
,1307,OSMintersection510,intersection,,116.331879,40.001233,
,1307,OSMintersection511,intersection,,116.334358,40.001214,
,1307,OSMturn512,turn,,116.334069,40.001205,
,1307,OSMturn513,turn,,116.333891,40.001199,
,1307,OSMintersection514,intersection,,116.324381,40.001196,
,1307,OSMintersection515,intersection,,116.333280,40.001179,
,1307,OSMintersection516,intersection,,116.329619,40.001168,
,1307,OSMintersection517,intersection,,116.330165,40.001155,
,1307,OSMintersection518,intersection,,116.330711,40.001148,
,1307,OSMintersection519,intersection,,116.321783,40.001140,
,1307,OSMintersection520,intersection,,116.331746,40.001136,
,1307,OSMintersection521,intersection,,116.328316,40.001129,
,1307,OSMturn522,turn,,116.325983,40.001122,
,1307,OSMturn523,turn,,116.331099,40.001115,
,1307,OSMturn524,turn,,116.330977,40.001111,
,1307,OSMintersection525,intersection,,116.327950,40.001107,
,1307,OSMturn526,turn,,116.330713,40.001102,
,1307,OSMturn527,turn,,116.328015,40.001091,
,1307,OSMintersection528,intersection,,116.335221,40.001086,
,1307,OSMintersection529,intersection,,116.330169,40.001084,
,1307,OSMintersection530,intersection,,116.333222,40.001075,
,1307,OSMturn531,turn,,116.333270,40.001071,
,1307,OSMturn532,turn,,116.332743,40.001062,
,1307,OSMturn533,turn,,116.332292,40.001046,
,1307,OSMturn534,turn,,116.331809,40.001036,
,1307,OSMintersection535,intersection,,116.326027,40.001011,
,1307,OSMintersection536,intersection,,116.327957,40.001011,
,1307,OSMturn537,turn,,116.326344,40.001005,
,1307,OSMturn538,turn,,116.331758,40.001002,
,1307,OSMturn539,turn,,116.330173,40.001000,
,1307,OSMintersection540,intersection,,116.324487,40.000987,
,1307,OSMturn541,turn,,116.323143,40.000983,
,1307,OSMturn542,turn,,116.324295,40.000980,
,1307,OSMintersection543,intersection,,116.328013,40.000964,
,1307,OSMturn544,turn,,116.322679,40.000964,
,1307,OSMturn545,turn,,116.332705,40.000958,
,1307,OSMturn546,turn,,116.324493,40.000923,
,1307,OSMintersection547,intersection,,116.324365,40.000917,
,1307,OSMturn548,turn,,116.332483,40.000879,
,1307,OSMintersection549,intersection,,116.315320,40.000857,
,1307,OSMintersection550,intersection,,116.316028,40.000832,
,1307,OSMturn551,turn,,116.324405,40.000809,
,1307,OSMintersection552,intersection,,116.317455,40.000710,
,1307,OSMintersection553,intersection,,116.324411,40.000686,
,1307,OSMintersection554,intersection,,116.316838,40.000665,
,1307,OSMintersection555,intersection,,116.326359,40.000662,
,1307,OSMintersection556,intersection,,116.324411,40.000661,
,1307,OSMintersection557,intersection,,116.316240,40.000615,
,1307,OSMintersection558,intersection,,116.316057,40.000603,
,1307,OSMintersection559,intersection,,116.326915,40.000549,
,1307,OSMintersection560,intersection,,116.332787,40.000511,
,1307,OSMintersection561,intersection,,116.332232,40.000501,
,1307,OSMintersection562,intersection,,116.332327,40.000495,
,1307,OSMintersection563,intersection,,116.337035,40.000490,
,1307,OSMintersection564,intersection,,116.336825,40.000480,
,1307,OSMintersection565,intersection,,116.335268,40.000445,
,1307,OSMintersection566,intersection,,116.324411,40.000439,
,1307,OSMturn567,turn,,116.325617,40.000408,
,1307,OSMturn568,turn,,116.328361,40.000286,
,1307,OSMintersection569,intersection,,116.336825,40.000261,
,1307,OSMintersection570,intersection,,116.330196,40.000248,
,1307,OSMintersection571,intersection,,116.329591,40.000228,
,1307,OSMintersection572,intersection,,116.335313,40.000218,
,1307,OSMintersection573,intersection,,116.335264,40.000216,
,1307,OSMintersection574,intersection,,116.317508,40.000212,
,1307,OSMintersection575,intersection,,116.316895,40.000168,
,1307,OSMturn576,turn,,116.316299,40.000130,
,1307,OSMturn577,turn,,116.335245,40.000092,
,1307,OSMturn578,turn,,116.322375,40.000081,
,1307,OSMturn579,turn,,116.335178,40.000081,
,1307,OSMturn580,turn,,116.329602,40.000074,
,1307,OSMturn581,turn,,116.321846,40.000071,
,1307,OSMintersection582,intersection,,116.335244,40.000030,
,1307,OSMintersection583,intersection,,116.334275,40.000006,
,1307,OSMturn584,turn,,116.318895,39.999961,
,1307,OSMintersection585,intersection,,116.332797,39.999960,
,1307,OSMturn586,turn,,116.321850,39.999957,
,1307,OSMintersection587,intersection,,116.332310,39.999942,
,1307,OSMturn588,turn,,116.331068,39.999934,
,1307,OSMintersection589,intersection,,116.330207,39.999924,
,1307,OSMturn590,turn,,116.330363,39.999912,
,1307,OSMintersection591,intersection,,116.316101,39.999905,
,1307,OSMintersection592,intersection,,116.315245,39.999876,
,1307,OSMturn593,turn,,116.317358,39.999828,
,1307,OSMturn594,turn,,116.318908,39.999817,
,1307,OSMturn595,turn,,116.316225,39.999793,
,1307,OSMintersection596,intersection,,116.321864,39.999786,
,1307,OSMintersection597,intersection,,116.317734,39.999783,
,1307,OSMintersection598,intersection,,116.317623,39.999745,
,1307,OSMintersection599,intersection,,116.323669,39.999744,
,1307,OSMturn600,turn,,116.321868,39.999731,
,1307,OSMturn601,turn,,116.329618,39.999715,
,1307,OSMturn602,turn,,116.317824,39.999708,
,1307,OSMintersection603,intersection,,116.324083,39.999684,
,1307,OSMturn604,turn,,116.318926,39.999674,
,1307,OSMintersection605,intersection,,116.324368,39.999670,
,1307,OSMintersection606,intersection,,116.317621,39.999642,
,1307,OSMturn607,turn,,116.334251,39.999637,
,1307,OSMintersection608,intersection,,116.326036,39.999637,
,1307,OSMintersection609,intersection,,116.325561,39.999634,
,1307,OSMintersection610,intersection,,116.325435,39.999633,
,1307,OSMturn611,turn,,116.329624,39.999626,
,1307,OSMintersection612,intersection,,116.326854,39.999626,
,1307,OSMturn613,turn,,116.329585,39.999624,
,1307,OSMturn614,turn,,116.327077,39.999620,
,1307,OSMturn615,turn,,116.329374,39.999612,
,1307,OSMintersection616,intersection,,116.328022,39.999598,
,1307,OSMintersection617,intersection,,116.328117,39.999597,
,1307,OSMturn618,turn,,116.328309,39.999596,
,1307,OSMturn619,turn,,116.328399,39.999595,
,1307,OSMintersection620,intersection,,116.326034,39.999586,
,1307,OSMintersection621,intersection,,116.327074,39.999564,
,1307,OSMintersection622,intersection,,116.335194,39.999525,
,1307,OSMintersection623,intersection,,116.328629,39.999506,
,1307,OSMintersection624,intersection,,116.321890,39.999457,
,1307,OSMintersection625,intersection,,116.335230,39.999451,
,1307,OSMintersection626,intersection,,116.335241,39.999413,
,1307,OSMintersection627,intersection,,116.321902,39.999304,
,1307,OSMintersection628,intersection,,116.335279,39.999289,
,1307,OSMintersection629,intersection,,116.335197,39.999289,
,1307,OSMintersection630,intersection,,116.325643,39.999281,
,1307,OSMintersection631,intersection,,116.326017,39.999264,
,1307,OSMintersection632,intersection,,116.334271,39.999262,
,1307,OSMintersection633,intersection,,116.323988,39.999218,
,1307,OSMintersection634,intersection,,116.327017,39.999218,
,1307,OSMturn635,turn,,116.319003,39.999172,
,1307,OSMintersection636,intersection,,116.329645,39.999170,
,1307,OSMturn637,turn,,116.334274,39.999169,
,1307,OSMintersection638,intersection,,116.334202,39.999169,
,1307,OSMintersection639,intersection,,116.325411,39.999166,
,1307,OSMturn640,turn,,116.336859,39.999160,
,1307,OSMintersection641,intersection,,116.327986,39.999159,
,1307,OSMintersection642,intersection,,116.332922,39.999138,
,1307,OSMintersection643,intersection,,116.332809,39.999135,
,1307,OSMintersection644,intersection,,116.332388,39.999124,
,1307,OSMintersection645,intersection,,116.332291,39.999122,
,1307,OSMturn646,turn,,116.319011,39.999118,
,1307,OSMintersection647,intersection,,116.335336,39.999109,
,1307,OSMintersection648,intersection,,116.321920,39.999103,
,1307,OSMturn649,turn,,116.331589,39.999100,
,1307,OSMintersection650,intersection,,116.323981,39.999099,
,1307,OSMturn651,turn,,116.330888,39.999079,
,1307,OSMintersection652,intersection,,116.331592,39.999069,
,1307,OSMintersection653,intersection,,116.330250,39.999068,
,1307,OSMturn654,turn,,116.329690,39.999030,
,1307,OSMintersection655,intersection,,116.315756,39.999028,
,1307,OSMturn656,turn,,116.329606,39.999027,
,1307,OSMturn657,turn,,116.328551,39.998987,
,1307,OSMintersection658,intersection,,116.328217,39.998969,
,1307,OSMturn659,turn,,116.330858,39.998938,
,1307,OSMturn660,turn,,116.329885,39.998895,
,1307,OSMintersection661,intersection,,116.323959,39.998837,
,1307,OSMintersection662,intersection,,116.319060,39.998804,
,1307,OSMintersection663,intersection,,116.328020,39.998794,
,1307,OSMintersection664,intersection,,116.324760,39.998784,
,1307,OSMintersection665,intersection,,116.326964,39.998783,
,1307,OSMturn666,turn,,116.334283,39.998746,
,1307,OSMintersection667,intersection,,116.325400,39.998741,
,1307,OSMturn668,turn,,116.335354,39.998737,
,1307,OSMintersection669,intersection,,116.335279,39.998735,
,1307,OSMintersection670,intersection,,116.321954,39.998712,
,1307,OSMturn671,turn,,116.334343,39.998709,
,1307,OSMintersection672,intersection,,116.315966,39.998709,
,1307,OSMintersection673,intersection,,116.332859,39.998699,
,1307,OSMintersection674,intersection,,116.332408,39.998686,
,1307,OSMintersection675,intersection,,116.332324,39.998684,
,1307,OSMintersection676,intersection,,116.331609,39.998654,
,1307,OSMintersection677,intersection,,116.319794,39.998590,
,1307,OSMturn678,turn,,116.335362,39.998571,
,1307,OSMintersection679,intersection,,116.335281,39.998571,
,1307,OSMintersection680,intersection,,116.319099,39.998551,
,1307,OSMintersection681,intersection,,116.334350,39.998541,
,1307,OSMturn682,turn,,116.330887,39.998458,
,1307,OSMintersection683,intersection,,116.328073,39.998437,
,1307,OSMintersection684,intersection,,116.329913,39.998416,
,1307,OSMintersection685,intersection,,116.334275,39.998415,
,1307,OSMintersection686,intersection,,116.326944,39.998398,
,1307,OSMintersection687,intersection,,116.316311,39.998390,
,1307,OSMintersection688,intersection,,116.331620,39.998385,
,1307,OSMintersection689,intersection,,116.331272,39.998376,
,1307,OSMintersection690,intersection,,116.323938,39.998354,
,1307,OSMintersection691,intersection,,116.336446,39.998333,
,1307,OSMintersection692,intersection,,116.324727,39.998301,
,1307,OSMturn693,turn,,116.331594,39.998289,
,1307,OSMintersection694,intersection,,116.331626,39.998267,
,1307,OSMintersection695,intersection,,116.325474,39.998258,
,1307,OSMintersection696,intersection,,116.329772,39.998164,
,1307,OSMintersection697,intersection,,116.331389,39.998163,
,1307,OSMintersection698,intersection,,116.331382,39.998153,
,1307,OSMintersection699,intersection,,116.329808,39.998131,
,1307,OSMintersection700,intersection,,116.328263,39.998099,
,1307,OSMturn701,turn,,116.328344,39.998099,
,1307,OSMintersection702,intersection,,116.327117,39.998071,
,1307,OSMintersection703,intersection,,116.326961,39.998056,
,1307,OSMintersection704,intersection,,116.326086,39.998054,
,1307,OSMintersection705,intersection,,116.329645,39.998053,
,1307,OSMintersection706,intersection,,116.325550,39.997866,
,1307,OSMturn707,turn,,116.335391,39.997853,
,1307,OSMintersection708,intersection,,116.327144,39.997773,
,1307,OSMintersection709,intersection,,116.329664,39.997763,
,1307,OSMintersection710,intersection,,116.324872,39.997755,
,1307,OSMintersection711,intersection,,116.328779,39.997730,
,1307,OSMturn712,turn,,116.331858,39.997709,
,1307,OSMintersection713,intersection,,116.334348,39.997697,
,1307,OSMintersection714,intersection,,116.332380,39.997685,
,1307,OSMintersection715,intersection,,116.334389,39.997667,
,1307,OSMintersection716,intersection,,116.332963,39.997655,
,1307,OSMintersection717,intersection,,116.332872,39.997651,
,1307,OSMintersection718,intersection,,116.332389,39.997642,
,1307,OSMintersection719,intersection,,116.329777,39.997637,
,1307,OSMintersection720,intersection,,116.332454,39.997635,
,1307,OSMintersection721,intersection,,116.323906,39.997612,
,1307,OSMintersection722,intersection,,116.332914,39.997610,
,1307,OSMintersection723,intersection,,116.332749,39.997598,
,1307,OSMturn724,turn,,116.332447,39.997593,
,1307,OSMintersection725,intersection,,116.332651,39.997592,
,1307,OSMintersection726,intersection,,116.330814,39.997565,
,1307,OSMintersection727,intersection,,116.331865,39.997562,
,1307,OSMintersection728,intersection,,116.329814,39.997558,
,1307,OSMturn729,turn,,116.332469,39.997540,
,1307,OSMturn730,turn,,116.329818,39.997499,
,1307,OSMintersection731,intersection,,116.330814,39.997490,
,1307,OSMintersection732,intersection,,116.328453,39.997483,
,1307,OSMintersection733,intersection,,116.328544,39.997476,
,1307,OSMturn734,turn,,116.319871,39.997471,
,1307,OSMintersection735,intersection,,116.322044,39.997465,
,1307,OSMintersection736,intersection,,116.329817,39.997446,
,1307,OSMintersection737,intersection,,116.328544,39.997380,
,1307,OSMintersection738,intersection,,116.328443,39.997373,
,1307,OSMintersection739,intersection,,116.320446,39.997353,
,1307,OSMintersection740,intersection,,116.324994,39.997290,
,1307,OSMturn741,turn,,116.329823,39.997287,
,1307,OSMintersection742,intersection,,116.324006,39.997132,
,1307,OSMintersection743,intersection,,116.326876,39.997132,
,1307,OSMturn744,turn,,116.329833,39.997092,
,1307,OSMintersection745,intersection,,116.328519,39.997087,
,1307,OSMturn746,turn,,116.327294,39.996950,
,1307,OSMintersection747,intersection,,116.326828,39.996932,
,1307,OSMintersection748,intersection,,116.332574,39.996766,
,1307,OSMintersection749,intersection,,116.326598,39.996763,
,1307,OSMturn750,turn,,116.321024,39.996762,
,1307,OSMturn751,turn,,116.329844,39.996760,
,1307,OSMintersection752,intersection,,116.328199,39.996743,
,1307,OSMintersection753,intersection,,116.327339,39.996695,
,1307,OSMintersection754,intersection,,116.328582,39.996512,
,1307,OSMturn755,turn,,116.334142,39.996504,
,1307,OSMturn756,turn,,116.329855,39.996483,
,1307,OSMintersection757,intersection,,116.330869,39.996453,
,1307,OSMintersection758,intersection,,116.331657,39.996451,
,1307,OSMintersection759,intersection,,116.331521,39.996449,
,1307,OSMintersection760,intersection,,116.331370,39.996447,
,1307,OSMintersection761,intersection,,116.330632,39.996445,
,1307,OSMintersection762,intersection,,116.329655,39.996410,
,1307,OSMintersection763,intersection,,116.332920,39.996395,
,1307,OSMintersection764,intersection,,116.332748,39.996395,
,1307,OSMintersection765,intersection,,116.332596,39.996390,
,1307,OSMturn766,turn,,116.332144,39.996375,
,1307,OSMintersection767,intersection,,116.331523,39.996361,
,1307,OSMintersection768,intersection,,116.330875,39.996347,
,1307,OSMintersection769,intersection,,116.332875,39.996334,
,1307,OSMintersection770,intersection,,116.332928,39.996330,
,1307,OSMturn771,turn,,116.329860,39.996319,
,1307,OSMturn772,turn,,116.333915,39.996319,
,1307,OSMturn773,turn,,116.329800,39.996318,
,1307,OSMintersection774,intersection,,116.328678,39.996287,
,1307,OSMintersection775,intersection,,116.328617,39.996243,
,1307,OSMintersection776,intersection,,116.328631,39.996211,
,1307,OSMintersection777,intersection,,116.332908,39.996185,
,1307,OSMintersection778,intersection,,116.327428,39.996153,
,1307,OSMintersection779,intersection,,116.326333,39.995990,
,1307,OSMintersection780,intersection,,116.325285,39.995848,
,1307,OSMintersection781,intersection,,116.328372,39.995841,
,1307,OSMturn782,turn,,116.332894,39.995836,
,1307,OSMintersection783,intersection,,116.332661,39.995830,
,1307,OSMintersection784,intersection,,116.333078,39.995814,
,1307,OSMintersection785,intersection,,116.332970,39.995807,
,1307,OSMintersection786,intersection,,116.327484,39.995796,
,1307,OSMintersection787,intersection,,116.332623,39.995782,
,1307,OSMintersection788,intersection,,116.324319,39.995721,
,1307,OSMintersection789,intersection,,116.331605,39.995699,
,1307,OSMturn790,turn,,116.331470,39.995694,
,1307,OSMturn791,turn,,116.323837,39.995684,
,1307,OSMintersection792,intersection,,116.327523,39.995634,
,1307,OSMintersection793,intersection,,116.322375,39.995578,
,1307,OSMintersection794,intersection,,116.322322,39.995573,
,1307,OSMintersection795,intersection,,116.326413,39.995570,
,1307,OSMintersection796,intersection,,116.332940,39.995569,
,1307,OSMintersection797,intersection,,116.322207,39.995564,
,1307,OSMintersection798,intersection,,116.332677,39.995552,
,1307,OSMintersection799,intersection,,116.321821,39.995539,
,1307,OSMintersection800,intersection,,116.328426,39.995524,
,1307,OSMintersection801,intersection,,116.332740,39.995516,
,1307,OSMintersection802,intersection,,116.332949,39.995510,
,1307,OSMintersection803,intersection,,116.321151,39.995494,
,1307,OSMintersection804,intersection,,116.331479,39.995487,
,1307,OSMintersection805,intersection,,116.327544,39.995473,
,1307,OSMturn806,turn,,116.329851,39.995428,
,1307,OSMintersection807,intersection,,116.327569,39.995276,
,1307,OSMintersection808,intersection,,116.332836,39.995261,
,1307,OSMintersection809,intersection,,116.332568,39.995223,
,1307,OSMintersection810,intersection,,116.326573,39.995220,
,1307,OSMintersection811,intersection,,116.328453,39.995178,
,1307,OSMintersection812,intersection,,116.321856,39.995164,
,1307,OSMturn813,turn,,116.325822,39.995142,
,1307,OSMintersection814,intersection,,116.326497,39.995138,
,1307,OSMintersection815,intersection,,116.327588,39.995128,
,1307,OSMintersection816,intersection,,116.321189,39.995125,
,1307,OSMintersection817,intersection,,116.332581,39.995064,
,1307,OSMintersection818,intersection,,116.327610,39.994962,
,1307,OSMintersection819,intersection,,116.328797,39.994909,
,1307,OSMintersection820,intersection,,116.326666,39.994902,
,1307,OSMintersection821,intersection,,116.327623,39.994855,
,1307,OSMturn822,turn,,116.332077,39.994851,
,1307,OSMintersection823,intersection,,116.331371,39.994836,
,1307,OSMintersection824,intersection,,116.321888,39.994820,
,1307,OSMintersection825,intersection,,116.332018,39.994810,
,1307,OSMintersection826,intersection,,116.331618,39.994798,
,1307,OSMintersection827,intersection,,116.321225,39.994776,
,1307,OSMintersection828,intersection,,116.332160,39.994762,
,1307,OSMintersection829,intersection,,116.327638,39.994655,
,1307,OSMturn830,turn,,116.328827,39.994650,
,1307,OSMturn831,turn,,116.324438,39.994649,
,1307,OSMintersection832,intersection,,116.331693,39.994630,
,1307,OSMintersection833,intersection,,116.328844,39.994538,
,1307,OSMintersection834,intersection,,116.321918,39.994496,
,1307,OSMintersection835,intersection,,116.321258,39.994456,
,1307,OSMturn836,turn,,116.326581,39.994437,
,1307,OSMintersection837,intersection,,116.326402,39.994384,
,1307,OSMintersection838,intersection,,116.329883,39.994318,
,1307,OSMintersection839,intersection,,116.329097,39.994291,
,1307,OSMintersection840,intersection,,116.330081,39.994283,
,1307,OSMturn841,turn,,116.323783,39.994264,
,1307,OSMintersection842,intersection,,116.332593,39.994238,
,1307,OSMintersection843,intersection,,116.331695,39.994221,
,1307,OSMintersection844,intersection,,116.331482,39.994215,
,1307,OSMintersection845,intersection,,116.330834,39.994197,
,1307,OSMintersection846,intersection,,116.330091,39.994171,
,1307,OSMintersection847,intersection,,116.329888,39.994157,
,1307,OSMintersection848,intersection,,116.329898,39.993953,
,1307,OSMturn849,turn,,116.329387,39.993941,
,1307,OSMintersection850,intersection,,116.331705,39.993726,
,1307,OSMturn851,turn,,116.331706,39.993673,
,1307,OSMintersection852,intersection,,116.331498,39.993667,
,1307,OSMintersection853,intersection,,116.330847,39.993655,
,1307,OSMintersection854,intersection,,116.331499,39.993650,
,1307,OSMintersection855,intersection,,116.330114,39.993642,
,1307,OSMintersection856,intersection,,116.329915,39.993636,
,1307,OSMintersection857,intersection,,116.329384,39.993626,
,1307,OSMintersection858,intersection,,116.329165,39.993622,
,1307,OSMintersection859,intersection,,116.321020,39.993351,
,1307,OSMintersection860,intersection,,116.326469,39.993261,
,1307,OSMturn861,turn,,116.325527,39.993229,
,1307,OSMturn862,turn,,116.324157,39.993183,
,1307,OSMturn863,turn,,116.331549,39.993147,
,1307,OSMintersection864,intersection,,116.322778,39.993139,
,1307,OSMintersection865,intersection,,116.331719,39.993125,
,1307,OSMintersection866,intersection,,116.324159,39.993112,
,1307,OSMintersection867,intersection,,116.329975,39.993018,
,1307,OSMintersection868,intersection,,116.331723,39.993015,
,1307,OSMintersection869,intersection,,116.328483,39.992946,
,1307,OSMturn870,turn,,116.326828,39.992914,
,1307,OSMintersection871,intersection,,116.332667,39.992912,
,1307,OSMintersection872,intersection,,116.334554,39.992910,
,1307,OSMintersection873,intersection,,116.334399,39.992905,
,1307,OSMintersection874,intersection,,116.332637,39.992845,
,1307,OSMintersection875,intersection,,116.334437,39.992823,
,1307,OSMturn876,turn,,116.329049,39.992807,
,1307,OSMintersection877,intersection,,116.328964,39.992805,
,1307,OSMintersection878,intersection,,116.329961,39.992746,
,1307,OSMintersection879,intersection,,116.328316,39.992715,
,1307,OSMturn880,turn,,116.324181,39.992715,
,1307,OSMintersection881,intersection,,116.329020,39.992713,
,1307,OSMturn882,turn,,116.328956,39.992711,
,1307,OSMintersection883,intersection,,116.325557,39.992697,
,1307,OSMintersection884,intersection,,116.326994,39.992683,
,1307,OSMintersection885,intersection,,116.326514,39.992666,
,1307,OSMintersection886,intersection,,116.322802,39.992602,
,1307,OSMintersection887,intersection,,116.325566,39.992596,
,1307,OSMintersection888,intersection,,116.332672,39.992583,
,1307,OSMintersection889,intersection,,116.324186,39.992563,
,1307,OSMintersection890,intersection,,116.326517,39.992561,
,1307,OSMintersection891,intersection,,116.323356,39.992534,
,1307,清华大学,place,,116.325022,40.001051,
,1307,清华大学西门,gate,,116.314993,39.998029,
,1307,清华大学南门,gate,,116.328000,39.992473,
,1307,清华大学东门,gate,,116.339846,40.002482,
,1307,清华大学北门,gate,,116.328439,40.013629,
,1307,清华大学图书馆,place,,116.324510,40.004422,
,1307,逸夫馆,place,,116.323594,40.004940,
,1307,老馆,place,,116.324918,40.004828,
,1307,李文正馆,place,,116.323694,40.005467,
,1307,人文社科图书馆（凯风楼）,place,,116.328409,40.004239,
,1307,法律图书馆,place,,116.328847,39.999320,
,1307,清华学堂,place,,116.325534,40.002484,
,1307,大礼堂,place,,116.324378,40.003749,
,1307,二校门,place,,116.324414,40.001009,
,1307,日晷,place,,116.324540,40.002077,
,1307,水木清华,place,,116.322989,40.003220,
,1307,荷塘月色,place,,116.322886,40.003415,
,1307,校史馆,place,,116.329186,40.002072,
,1307,清华大学艺术博物馆,place,,116.335805,40.001944,
,1307,新清华学堂,place,,116.329405,40.001608,
,1307,中央主楼,place,,116.332470,40.002013,
,1307,东主楼,place,,116.333615,40.001955,
,1307,西主楼,place,,116.331266,40.001834,
,1307,第一教学楼,place,,116.324021,40.001542,
,1307,第二教学楼,place,,116.323883,40.002310,
,1307,第三教学楼一、二段,place,,116.328722,40.002688,
,1307,第三教学楼三段,place,,116.328459,40.003111,
,1307,第四教学楼,place,,116.327414,40.002508,
,1307,第五教学楼,place,,116.326651,40.002629,
,1307,第六教学楼A区,place,,116.329984,40.002754,
,1307,第六教学楼B区,place,,116.329810,40.003131,
,1307,第六教学楼C区,place,,116.329518,40.002861,
,1307,文北楼,place,,116.326764,40.003951,
,1307,文南楼,place,,116.327516,40.001956,
,1307,文西楼（新闻与传播学院）,place,,116.326014,40.003023,
,1307,蒙民伟人文楼,place,,116.328475,40.003615,
,1307,建筑馆,place,,116.333521,39.999596,
,1307,经济管理学院,place,,116.331109,39.999650,
,1307,工物馆,place,,116.333526,40.003291,
,1307,电子工程馆,place,,116.336103,40.005432,
,1307,化学馆,place,,116.319505,40.005976,
,1307,生物学馆,place,,116.319658,40.003245,
,1307,明理楼 （法学院）,place,,116.331935,39.998276,
,1307,新水利馆,place,,116.325445,40.003544,
,1307,机械工程馆,place,,116.325521,40.001274,
,1307,清华大学校医院,facility,,116.318241,40.002816,
,1307,C楼 - 学生服务中心,facility,,116.328212,40.009906,
,1307,学生区快递服务站,facility,,116.327109,40.013002,
,1307,紫荆学生超市,facility,,116.329204,40.005452,
,1307,中国邮政,facility,,116.324385,39.999358,
,1307,观畴园餐厅（万人大食堂）,facility,,116.322191,40.006960,
,1307,清芬园餐厅,facility,,116.328206,40.005807,
,1307,听涛园餐厅,facility,,116.326781,40.006661,
,1307,丁香园餐厅,facility,,116.326836,40.008360,
,1307,紫荆园餐厅,facility,,116.328604,40.011817,
,1307,桃李园餐厅,facility,,116.326091,40.010931,
,1307,熙春园餐厅,facility,,116.321381,40.002003,
,1307,荷园教工餐厅,facility,,116.321212,40.002933,
,1307,南园教工食堂,facility,,116.327176,39.995898,
,1307,北园餐厅,facility,,116.318921,40.011898,
,1307,玉树园餐厅,facility,,116.332153,40.011816,
,1307,芝兰园餐厅,facility,,116.333804,40.010357,
,1307,闻馨园餐厅,facility,,116.328679,40.006948,
,1307,清青快餐,facility,,116.328018,40.005947,
,1307,东大操场,place,,116.331971,40.005656,
,1307,西大操场,place,,116.322208,40.005224,
,1307,紫荆操场,place,,116.329337,40.010141,
,1307,综合体育馆,place,,116.332297,40.004490,
,1307,西体育馆,place,,116.321242,40.005014,
,1307,北体育馆,place,,116.332334,40.007683,
,1307,陈明游泳馆,place,,116.331158,40.007479,
,1307,气膜体育馆,place,,116.331263,40.012554,
,1307,东区体育馆,place,,116.331443,40.005848,
,1307,紫荆学生公寓1号楼,place,,116.326171,40.009788,
,1307,紫荆学生公寓9号楼,place,,116.329450,40.011551,
,1307,紫荆学生公寓15号楼,place,,116.328508,40.012682,
,1307,紫荆学生公寓19号楼,place,,116.332154,40.011531,
,1307,紫荆学生公寓23号楼,place,,116.334361,40.009580,
,1308,OSMintersection001,intersection,,116.312043,39.999483,
,1308,OSMintersection002,intersection,,116.311309,39.999385,
,1308,OSMintersection003,intersection,,116.311891,39.999247,
,1308,OSMintersection004,intersection,,116.311358,39.999183,
,1308,OSMintersection005,intersection,,116.309866,39.999085,
,1308,OSMturn006,turn,,116.311170,39.998989,
,1308,OSMturn007,turn,,116.309465,39.998934,
,1308,OSMintersection008,intersection,,116.311929,39.998877,
,1308,OSMintersection009,intersection,,116.311431,39.998820,
,1308,OSMintersection010,intersection,,116.309530,39.998689,
,1308,OSMintersection011,intersection,,116.312024,39.998607,
,1308,OSMintersection012,intersection,,116.311470,39.998555,
,1308,OSMintersection013,intersection,,116.312035,39.998279,
,1308,OSMturn014,turn,,116.311559,39.998223,
,1308,OSMturn015,turn,,116.308615,39.998173,
,1308,OSMintersection016,intersection,,116.309675,39.998155,
,1308,OSMintersection017,intersection,,116.310657,39.998127,
,1308,OSMintersection018,intersection,,116.311549,39.998049,
,1308,OSMturn019,turn,,116.308649,39.998035,
,1308,OSMintersection020,intersection,,116.311409,39.997941,
,1308,OSMintersection021,intersection,,116.312310,39.997933,
,1308,OSMintersection022,intersection,,116.312100,39.997907,
,1308,OSMintersection023,intersection,,116.310698,39.997763,
,1308,OSMintersection024,intersection,,116.308139,39.997670,
,1308,OSMintersection025,intersection,,116.308310,39.997603,
,1308,OSMintersection026,intersection,,116.308378,39.997576,
,1308,OSMintersection027,intersection,,116.309804,39.997568,
,1308,OSMintersection028,intersection,,116.310828,39.997565,
,1308,OSMturn029,turn,,116.309697,39.997466,
,1308,OSMintersection030,intersection,,116.311915,39.997453,
,1308,OSMturn031,turn,,116.311491,39.997407,
,1308,OSMturn032,turn,,116.312965,39.997339,
,1308,OSMintersection033,intersection,,116.312461,39.997287,
,1308,OSMturn034,turn,,116.307622,39.997224,
,1308,OSMturn035,turn,,116.309706,39.997189,
,1308,OSMintersection036,intersection,,116.312252,39.997175,
,1308,OSMintersection037,intersection,,116.310818,39.997174,
,1308,OSMintersection038,intersection,,116.310059,39.997173,
,1308,OSMturn039,turn,,116.312148,39.997165,
,1308,OSMintersection040,intersection,,116.315219,39.997155,
,1308,OSMturn041,turn,,116.311955,39.997146,
,1308,OSMintersection042,intersection,,116.314822,39.997126,
,1308,OSMintersection043,intersection,,116.311546,39.997105,
,1308,OSMintersection044,intersection,,116.313108,39.997084,
,1308,OSMintersection045,intersection,,116.314107,39.997074,
,1308,OSMturn046,turn,,116.309415,39.997061,
,1308,OSMintersection047,intersection,,116.310834,39.997034,
,1308,OSMturn048,turn,,116.313256,39.997012,
,1308,OSMturn049,turn,,116.313115,39.997006,
,1308,OSMintersection050,intersection,,116.313028,39.996997,
,1308,OSMturn051,turn,,116.313122,39.996929,
,1308,OSMintersection052,intersection,,116.304076,39.996887,
,1308,OSMintersection053,intersection,,116.303575,39.996721,
,1308,OSMintersection054,intersection,,116.302614,39.996689,
,1308,OSMintersection055,intersection,,116.301710,39.996660,
,1308,OSMturn056,turn,,116.300798,39.996631,
,1308,OSMintersection057,intersection,,116.308465,39.996627,
,1308,OSMturn058,turn,,116.307816,39.996599,
,1308,OSMintersection059,intersection,,116.310885,39.996598,
,1308,OSMturn060,turn,,116.314149,39.996558,
,1308,OSMturn061,turn,,116.308482,39.996524,
,1308,OSMturn062,turn,,116.307798,39.996487,
,1308,OSMintersection063,intersection,,116.314155,39.996482,
,1308,OSMintersection064,intersection,,116.310187,39.996477,
,1308,OSMturn065,turn,,116.314854,39.996470,
,1308,OSMturn066,turn,,116.314159,39.996434,
,1308,OSMturn067,turn,,116.311711,39.996430,
,1308,OSMintersection068,intersection,,116.311551,39.996416,
,1308,OSMturn069,turn,,116.303545,39.996416,
,1308,OSMturn070,turn,,116.313477,39.996399,
,1308,OSMturn071,turn,,116.308510,39.996399,
,1308,OSMintersection072,intersection,,116.313425,39.996397,
,1308,OSMintersection073,intersection,,116.302680,39.996389,
,1308,OSMturn074,turn,,116.314876,39.996388,
,1308,OSMintersection075,intersection,,116.309563,39.996382,
,1308,OSMintersection076,intersection,,116.301715,39.996361,
,1308,OSMintersection077,intersection,,116.314120,39.996354,
,1308,OSMintersection078,intersection,,116.300813,39.996338,
,1308,OSMturn079,turn,,116.313543,39.996327,
,1308,OSMintersection080,intersection,,116.313393,39.996317,
,1308,OSMintersection081,intersection,,116.307844,39.996317,
,1308,OSMturn082,turn,,116.307713,39.996304,
,1308,OSMintersection083,intersection,,116.308538,39.996275,
,1308,OSMintersection084,intersection,,116.312702,39.996259,
,1308,OSMintersection085,intersection,,116.309178,39.996237,
,1308,OSMintersection086,intersection,,116.312455,39.996229,
,1308,OSMturn087,turn,,116.307624,39.996207,
,1308,OSMintersection088,intersection,,116.311756,39.996144,
,1308,OSMintersection089,intersection,,116.310828,39.996093,
,1308,OSMintersection090,intersection,,116.302773,39.996092,
,1308,OSMintersection091,intersection,,116.301730,39.996044,
,1308,OSMintersection092,intersection,,116.300832,39.996043,
,1308,OSMintersection093,intersection,,116.307465,39.996041,
,1308,OSMintersection094,intersection,,116.306632,39.996033,
,1308,OSMturn095,turn,,116.310815,39.996026,
,1308,OSMintersection096,intersection,,116.305581,39.995986,
,1308,OSMintersection097,intersection,,116.307245,39.995982,
,1308,OSMintersection098,intersection,,116.310826,39.995978,
,1308,OSMintersection099,intersection,,116.307467,39.995971,
,1308,OSMintersection100,intersection,,116.307348,39.995944,
,1308,OSMintersection101,intersection,,116.306641,39.995891,
,1308,OSMintersection102,intersection,,116.306296,39.995889,
,1308,OSMintersection103,intersection,,116.307251,39.995880,
,1308,OSMintersection104,intersection,,116.309178,39.995860,
,1308,OSMintersection105,intersection,,116.308035,39.995840,
,1308,OSMintersection106,intersection,,116.302958,39.995795,
,1308,OSMturn107,turn,,116.310992,39.995761,
,1308,OSMturn108,turn,,116.303014,39.995705,
,1308,OSMintersection109,intersection,,116.310993,39.995698,
,1308,OSMintersection110,intersection,,116.311084,39.995656,
,1308,OSMturn111,turn,,116.311549,39.995651,
,1308,OSMintersection112,intersection,,116.310969,39.995620,
,1308,OSMintersection113,intersection,,116.303069,39.995617,
,1308,OSMintersection114,intersection,,116.311183,39.995571,
,1308,OSMintersection115,intersection,,116.303100,39.995568,
,1308,OSMintersection116,intersection,,116.301643,39.995555,
,1308,OSMturn117,turn,,116.302346,39.995523,
,1308,OSMintersection118,intersection,,116.311283,39.995510,
,1308,OSMturn119,turn,,116.301644,39.995500,
,1308,OSMintersection120,intersection,,116.300728,39.995474,
,1308,OSMintersection121,intersection,,116.309139,39.995401,
,1308,OSMintersection122,intersection,,116.305978,39.995301,
,1308,OSMintersection123,intersection,,116.306309,39.995299,
,1308,OSMintersection124,intersection,,116.303495,39.995280,
,1308,OSMintersection125,intersection,,116.315571,39.995241,
,1308,OSMintersection126,intersection,,116.302781,39.995236,
,1308,OSMturn127,turn,,116.303604,39.995193,
,1308,OSMintersection128,intersection,,116.304639,39.995159,
,1308,OSMintersection129,intersection,,116.301649,39.995141,
,1308,OSMintersection130,intersection,,116.300719,39.995137,
,1308,OSMintersection131,intersection,,116.304246,39.995113,
,1308,OSMturn132,turn,,116.309145,39.995104,
,1308,OSMintersection133,intersection,,116.314957,39.995092,
,1308,OSMturn134,turn,,116.308686,39.995088,
,1308,OSMintersection135,intersection,,116.302474,39.995088,
,1308,OSMintersection136,intersection,,116.307883,39.995082,
,1308,OSMturn137,turn,,116.308752,39.995079,
,1308,OSMintersection138,intersection,,116.306945,39.995063,
,1308,OSMintersection139,intersection,,116.314334,39.994991,
,1308,OSMturn140,turn,,116.306669,39.994979,
,1308,OSMintersection141,intersection,,116.305529,39.994968,
,1308,OSMturn142,turn,,116.303850,39.994940,
,1308,OSMintersection143,intersection,,116.306669,39.994931,
,1308,OSMintersection144,intersection,,116.313785,39.994902,
,1308,OSMintersection145,intersection,,116.306752,39.994900,
,1308,OSMturn146,turn,,116.307894,39.994899,
,1308,OSMintersection147,intersection,,116.306316,39.994897,
,1308,OSMintersection148,intersection,,116.306214,39.994887,
,1308,OSMintersection149,intersection,,116.300700,39.994884,
,1308,OSMintersection150,intersection,,116.305432,39.994876,
,1308,OSMturn151,turn,,116.307428,39.994876,
,1308,OSMintersection152,intersection,,116.306872,39.994865,
,1308,OSMintersection153,intersection,,116.313804,39.994832,
,1308,OSMintersection154,intersection,,116.313148,39.994820,
,1308,OSMintersection155,intersection,,116.302714,39.994801,
,1308,OSMintersection156,intersection,,116.307874,39.994797,
,1308,OSMintersection157,intersection,,116.318256,39.994794,
,1308,OSMturn158,turn,,116.300662,39.994793,
,1308,OSMintersection159,intersection,,116.301659,39.994780,
,1308,OSMintersection160,intersection,,116.308067,39.994726,
,1308,OSMintersection161,intersection,,116.303941,39.994703,
,1308,OSMintersection162,intersection,,116.308130,39.994699,
,1308,OSMintersection163,intersection,,116.302428,39.994680,
,1308,OSMturn164,turn,,116.307786,39.994673,
,1308,OSMintersection165,intersection,,116.304052,39.994647,
,1308,OSMintersection166,intersection,,116.313173,39.994647,
,1308,OSMintersection167,intersection,,116.304353,39.994639,
,1308,OSMintersection168,intersection,,116.304482,39.994639,
,1308,OSMturn169,turn,,116.305913,39.994587,
,1308,OSMintersection170,intersection,,116.307574,39.994586,
,1308,OSMturn171,turn,,116.304639,39.994568,
,1308,OSMturn172,turn,,116.304738,39.994568,
,1308,OSMintersection173,intersection,,116.304517,39.994567,
,1308,OSMturn174,turn,,116.304960,39.994567,
,1308,OSMintersection175,intersection,,116.304841,39.994566,
,1308,OSMintersection176,intersection,,116.305238,39.994565,
,1308,OSMintersection177,intersection,,116.306230,39.994556,
,1308,OSMintersection178,intersection,,116.306763,39.994543,
,1308,OSMturn179,turn,,116.305994,39.994541,
,1308,OSMintersection180,intersection,,116.304345,39.994528,
,1308,OSMintersection181,intersection,,116.307589,39.994521,
,1308,OSMintersection182,intersection,,116.304354,39.994492,
,1308,OSMturn183,turn,,116.301668,39.994485,
,1308,OSMintersection184,intersection,,116.312108,39.994443,
,1308,OSMturn185,turn,,116.304859,39.994418,
,1308,OSMintersection186,intersection,,116.301674,39.994417,
,1308,OSMintersection187,intersection,,116.311972,39.994380,
,1308,OSMintersection188,intersection,,116.304484,39.994378,
,1308,OSMintersection189,intersection,,116.304110,39.994347,
,1308,OSMintersection190,intersection,,116.304841,39.994343,
,1308,OSMintersection191,intersection,,116.305386,39.994337,
,1308,OSMintersection192,intersection,,116.301649,39.994314,
,1308,OSMintersection193,intersection,,116.306288,39.994301,
,1308,OSMintersection194,intersection,,116.305449,39.994299,
,1308,OSMintersection195,intersection,,116.305493,39.994260,
,1308,OSMturn196,turn,,116.302935,39.994258,
,1308,OSMturn197,turn,,116.307579,39.994249,
,1308,OSMturn198,turn,,116.304985,39.994213,
,1308,OSMintersection199,intersection,,116.305216,39.994208,
,1308,OSMintersection200,intersection,,116.315649,39.994199,
,1308,OSMintersection201,intersection,,116.306313,39.994188,
,1308,OSMturn202,turn,,116.305249,39.994179,
,1308,OSMintersection203,intersection,,116.315482,39.994178,
,1308,OSMintersection204,intersection,,116.308447,39.994163,
,1308,OSMintersection205,intersection,,116.306370,39.994151,
,1308,OSMintersection206,intersection,,116.307613,39.994150,
,1308,OSMturn207,turn,,116.315036,39.994135,
,1308,OSMintersection208,intersection,,116.306686,39.994127,
,1308,OSMturn209,turn,,116.313918,39.994124,
,1308,OSMintersection210,intersection,,116.313228,39.994109,
,1308,OSMintersection211,intersection,,116.307176,39.994101,
,1308,OSMintersection212,intersection,,116.304149,39.994098,
,1308,OSMintersection213,intersection,,116.303942,39.994078,
,1308,OSMintersection214,intersection,,116.310352,39.994063,
,1308,OSMintersection215,intersection,,116.306357,39.994058,
,1308,OSMturn216,turn,,116.313092,39.994017,
,1308,OSMintersection217,intersection,,116.311544,39.994017,
,1308,OSMintersection218,intersection,,116.312752,39.994008,
,1308,OSMintersection219,intersection,,116.304389,39.994002,
,1308,OSMintersection220,intersection,,116.310588,39.993996,
,1308,OSMintersection221,intersection,,116.312271,39.993996,
,1308,OSMintersection222,intersection,,116.305503,39.993993,
,1308,OSMintersection223,intersection,,116.306280,39.993992,
,1308,OSMturn224,turn,,116.319712,39.993983,
,1308,OSMintersection225,intersection,,116.318264,39.993935,
,1308,OSMintersection226,intersection,,116.306280,39.993880,
,1308,OSMintersection227,intersection,,116.304508,39.993878,
,1308,OSMintersection228,intersection,,116.305500,39.993875,
,1308,OSMintersection229,intersection,,116.304403,39.993872,
,1308,OSMintersection230,intersection,,116.316927,39.993863,
,1308,OSMintersection231,intersection,,116.304187,39.993860,
,1308,OSMintersection232,intersection,,116.315862,39.993849,
,1308,OSMintersection233,intersection,,116.309663,39.993838,
,1308,OSMturn234,turn,,116.316115,39.993838,
,1308,OSMintersection235,intersection,,116.316939,39.993832,
,1308,OSMintersection236,intersection,,116.309477,39.993820,
,1308,OSMintersection237,intersection,,116.314882,39.993818,
,1308,OSMturn238,turn,,116.305505,39.993778,
,1308,OSMturn239,turn,,116.304898,39.993769,
,1308,OSMintersection240,intersection,,116.304783,39.993749,
,1308,OSMintersection241,intersection,,116.306285,39.993730,
,1308,OSMturn242,turn,,116.305520,39.993722,
,1308,OSMturn243,turn,,116.312759,39.993721,
,1308,OSMintersection244,intersection,,116.312283,39.993715,
,1308,OSMintersection245,intersection,,116.314123,39.993702,
,1308,OSMintersection246,intersection,,116.311746,39.993682,
,1308,OSMturn247,turn,,116.316957,39.993639,
,1308,OSMintersection248,intersection,,116.310101,39.993607,
,1308,OSMintersection249,intersection,,116.318280,39.993603,
,1308,OSMintersection250,intersection,,116.317344,39.993579,
,1308,OSMintersection251,intersection,,116.304556,39.993543,
,1308,OSMintersection252,intersection,,116.304444,39.993540,
,1308,OSMintersection253,intersection,,116.310020,39.993531,
,1308,OSMintersection254,intersection,,116.308881,39.993440,
,1308,OSMintersection255,intersection,,116.306999,39.993412,
,1308,OSMintersection256,intersection,,116.311963,39.993361,
,1308,OSMintersection257,intersection,,116.311240,39.993356,
,1308,OSMintersection258,intersection,,116.312219,39.993350,
,1308,OSMintersection259,intersection,,116.310179,39.993348,
,1308,OSMintersection260,intersection,,116.306925,39.993314,
,1308,OSMintersection261,intersection,,116.318299,39.993313,
,1308,OSMintersection262,intersection,,116.312158,39.993303,
,1308,OSMintersection263,intersection,,116.309412,39.993293,
,1308,OSMintersection264,intersection,,116.314266,39.993268,
,1308,OSMintersection265,intersection,,116.316976,39.993262,
,1308,OSMintersection266,intersection,,116.307196,39.993253,
,1308,OSMintersection267,intersection,,116.312033,39.993244,
,1308,OSMintersection268,intersection,,116.316091,39.993226,
,1308,OSMintersection269,intersection,,116.313946,39.993157,
,1308,OSMintersection270,intersection,,116.307699,39.993139,
,1308,OSMintersection271,intersection,,116.308506,39.993138,
,1308,OSMturn272,turn,,116.314937,39.993100,
,1308,OSMintersection273,intersection,,116.308939,39.993085,
,1308,OSMintersection274,intersection,,116.312121,39.993077,
,1308,OSMintersection275,intersection,,116.313285,39.993059,
,1308,OSMintersection276,intersection,,116.313949,39.993056,
,1308,OSMintersection277,intersection,,116.315665,39.993055,
,1308,OSMintersection278,intersection,,116.313129,39.993052,
,1308,OSMintersection279,intersection,,116.310857,39.993052,
,1308,OSMintersection280,intersection,,116.315504,39.993044,
,1308,OSMturn281,turn,,116.315332,39.993044,
,1308,OSMintersection282,intersection,,116.313317,39.993034,
,1308,OSMintersection283,intersection,,116.315123,39.993034,
,1308,OSMturn284,turn,,116.306044,39.993029,
,1308,OSMintersection285,intersection,,116.313108,39.993026,
,1308,OSMintersection286,intersection,,116.304530,39.993022,
,1308,OSMintersection287,intersection,,116.313043,39.993022,
,1308,OSMintersection288,intersection,,116.312376,39.992986,
,1308,OSMturn289,turn,,116.313952,39.992980,
,1308,OSMturn290,turn,,116.313866,39.992975,
,1308,OSMturn291,turn,,116.306123,39.992963,
,1308,OSMintersection292,intersection,,116.304701,39.992956,
,1308,OSMintersection293,intersection,,116.313252,39.992949,
,1308,OSMintersection294,intersection,,116.304899,39.992932,
,1308,OSMturn295,turn,,116.307545,39.992905,
,1308,OSMturn296,turn,,116.312437,39.992900,
,1308,OSMintersection297,intersection,,116.306203,39.992898,
,1308,OSMintersection298,intersection,,116.308515,39.992876,
,1308,OSMturn299,turn,,116.308015,39.992875,
,1308,OSMintersection300,intersection,,116.307601,39.992868,
,1308,OSMintersection301,intersection,,116.307703,39.992866,
,1308,OSMintersection302,intersection,,116.306770,39.992859,
,1308,OSMintersection303,intersection,,116.315126,39.992853,
,1308,OSMintersection304,intersection,,116.312402,39.992850,
,1308,OSMintersection305,intersection,,116.314873,39.992850,
,1308,OSMturn306,turn,,116.307470,39.992836,
,1308,OSMintersection307,intersection,,116.307599,39.992832,
,1308,OSMintersection308,intersection,,116.305354,39.992811,
,1308,OSMturn309,turn,,116.312407,39.992772,
,1308,OSMintersection310,intersection,,116.312590,39.992757,
,1308,OSMturn311,turn,,116.312408,39.992753,
,1308,OSMturn312,turn,,116.311491,39.992735,
,1308,OSMintersection313,intersection,,116.310434,39.992732,
,1308,OSMintersection314,intersection,,116.309460,39.992682,
,1308,OSMintersection315,intersection,,116.310935,39.992631,
,1308,OSMturn316,turn,,116.305629,39.992591,
,1308,OSMintersection317,intersection,,116.310447,39.992570,
,1308,OSMintersection318,intersection,,116.310844,39.992561,
,1308,OSMintersection319,intersection,,116.306447,39.992539,
,1308,OSMintersection320,intersection,,116.311780,39.992525,
,1308,OSMintersection321,intersection,,116.313921,39.992516,
,1308,OSMturn322,turn,,116.309521,39.992516,
,1308,OSMturn323,turn,,116.309463,39.992512,
,1308,OSMintersection324,intersection,,116.313582,39.992500,
,1308,OSMintersection325,intersection,,116.309074,39.992489,
,1308,OSMturn326,turn,,116.310818,39.992479,
,1308,OSMturn327,turn,,116.306472,39.992476,
,1308,OSMintersection328,intersection,,116.316145,39.992464,
,1308,OSMintersection329,intersection,,116.308530,39.992457,
,1308,OSMintersection330,intersection,,116.307722,39.992436,
,1308,OSMintersection331,intersection,,116.307226,39.992419,
,1308,OSMintersection332,intersection,,116.306374,39.992409,
,1308,OSMintersection333,intersection,,116.319806,39.992376,
,1308,OSMintersection334,intersection,,116.312428,39.992336,
,1308,OSMintersection335,intersection,,116.311134,39.992331,
,1308,OSMintersection336,intersection,,116.318402,39.992314,
,1308,OSMintersection337,intersection,,116.311791,39.992306,
,1308,OSMintersection338,intersection,,116.319811,39.992293,
,1308,OSMintersection339,intersection,,116.311359,39.992288,
,1308,OSMturn340,turn,,116.311883,39.992285,
,1308,OSMintersection341,intersection,,116.309535,39.992251,
,1308,OSMintersection342,intersection,,116.315570,39.992249,
,1308,OSMintersection343,intersection,,116.318410,39.992228,
,1308,OSMintersection344,intersection,,116.316045,39.992202,
,1308,OSMturn345,turn,,116.315752,39.992188,
,1308,OSMturn346,turn,,116.315576,39.992180,
,1308,OSMturn347,turn,,116.308273,39.992146,
,1308,OSMintersection348,intersection,,116.308890,39.992144,
,1308,OSMintersection349,intersection,,116.308540,39.992143,
,1308,OSMturn350,turn,,116.307734,39.992120,
,1308,OSMintersection351,intersection,,116.307409,39.992117,
,1308,OSMintersection352,intersection,,116.308065,39.992110,
,1308,OSMintersection353,intersection,,116.306381,39.992100,
,1308,OSMintersection354,intersection,,116.307934,39.992094,
,1308,OSMintersection355,intersection,,116.315746,39.992086,
,1308,OSMintersection356,intersection,,116.315614,39.992083,
,1308,OSMintersection357,intersection,,116.315410,39.992079,
,1308,OSMintersection358,intersection,,116.311813,39.992079,
,1308,OSMintersection359,intersection,,116.316781,39.992075,
,1308,OSMintersection360,intersection,,116.305659,39.992071,
,1308,OSMintersection361,intersection,,116.308543,39.992070,
,1308,OSMintersection362,intersection,,116.315167,39.992069,
,1308,OSMturn363,turn,,116.307777,39.992066,
,1308,OSMintersection364,intersection,,116.308447,39.992057,
,1308,OSMturn365,turn,,116.308324,39.992049,
,1308,OSMintersection366,intersection,,116.313951,39.992026,
,1308,OSMintersection367,intersection,,116.310740,39.992016,
,1308,OSMintersection368,intersection,,116.309397,39.992014,
,1308,OSMintersection369,intersection,,116.315527,39.992012,
,1308,OSMintersection370,intersection,,116.313623,39.992011,
,1308,OSMintersection371,intersection,,116.309089,39.992010,
,1308,OSMturn372,turn,,116.307871,39.991999,
,1308,OSMturn373,turn,,116.319559,39.991996,
,1308,OSMturn374,turn,,116.308395,39.991973,
,1308,OSMintersection375,intersection,,116.316824,39.991970,
,1308,OSMintersection376,intersection,,116.306388,39.991968,
,1308,OSMturn377,turn,,116.315554,39.991962,
,1308,OSMintersection378,intersection,,116.312454,39.991960,
,1308,OSMintersection379,intersection,,116.318648,39.991959,
,1308,OSMintersection380,intersection,,116.315649,39.991954,
,1308,OSMintersection381,intersection,,116.316216,39.991940,
,1308,OSMintersection382,intersection,,116.318132,39.991937,
,1308,OSMintersection383,intersection,,116.311825,39.991936,
,1308,OSMintersection384,intersection,,116.305670,39.991928,
,1308,OSMintersection385,intersection,,116.316038,39.991924,
,1308,OSMintersection386,intersection,,116.311372,39.991919,
,1308,OSMintersection387,intersection,,116.315658,39.991918,
,1308,OSMintersection388,intersection,,116.311262,39.991914,
,1308,OSMturn389,turn,,116.306391,39.991911,
,1308,OSMintersection390,intersection,,116.311137,39.991909,
,1308,OSMturn391,turn,,116.305007,39.991903,
,1308,OSMintersection392,intersection,,116.311040,39.991903,
,1308,OSMturn393,turn,,116.308397,39.991900,
,1308,OSMintersection394,intersection,,116.306046,39.991899,
,1308,OSMintersection395,intersection,,116.316850,39.991892,
,1308,OSMintersection396,intersection,,116.310721,39.991887,
,1308,OSMintersection397,intersection,,116.308050,39.991887,
,1308,OSMintersection398,intersection,,116.310631,39.991886,
,1308,OSMintersection399,intersection,,116.310507,39.991882,
,1308,OSMintersection400,intersection,,116.307959,39.991829,
,1308,OSMintersection401,intersection,,116.308366,39.991829,
,1308,OSMintersection402,intersection,,116.305675,39.991817,
,1308,OSMintersection403,intersection,,116.311834,39.991791,
,1308,OSMintersection404,intersection,,116.310751,39.991772,
,1308,OSMintersection405,intersection,,116.319594,39.991713,
,1308,OSMintersection406,intersection,,116.318680,39.991678,
,1308,OSMintersection407,intersection,,116.308905,39.991657,
,1308,OSMintersection408,intersection,,116.308555,39.991657,
,1308,OSMintersection409,intersection,,116.313614,39.991655,
,1308,OSMintersection410,intersection,,116.307751,39.991648,
,1308,OSMintersection411,intersection,,116.307424,39.991639,
,1308,OSMintersection412,intersection,,116.311838,39.991628,
,1308,OSMintersection413,intersection,,116.312710,39.991617,
,1308,OSMturn414,turn,,116.312472,39.991607,
,1308,OSMintersection415,intersection,,116.309329,39.991578,
,1308,OSMintersection416,intersection,,116.309103,39.991571,
,1308,OSMturn417,turn,,116.312476,39.991541,
,1308,OSMintersection418,intersection,,116.305699,39.991514,
,1308,OSMintersection419,intersection,,116.311847,39.991510,
,1308,OSMintersection420,intersection,,116.311426,39.991490,
,1308,OSMintersection421,intersection,,116.311205,39.991480,
,1308,OSMintersection422,intersection,,116.306420,39.991474,
,1308,OSMintersection423,intersection,,116.305997,39.991443,
,1308,OSMturn424,turn,,116.308395,39.991440,
,1308,OSMintersection425,intersection,,116.305708,39.991412,
,1308,OSMintersection426,intersection,,116.319624,39.991405,
,1308,OSMintersection427,intersection,,116.307998,39.991396,
,1308,OSMintersection428,intersection,,116.318697,39.991377,
,1308,OSMintersection429,intersection,,116.318159,39.991360,
,1308,OSMintersection430,intersection,,116.315579,39.991356,
,1308,OSMintersection431,intersection,,116.305708,39.991333,
,1308,OSMintersection432,intersection,,116.311863,39.991321,
,1308,OSMintersection433,intersection,,116.309559,39.991319,
,1308,OSMintersection434,intersection,,116.307794,39.991313,
,1308,OSMintersection435,intersection,,116.305043,39.991313,
,1308,OSMintersection436,intersection,,116.309624,39.991312,
,1308,OSMintersection437,intersection,,116.309111,39.991306,
,1308,OSMturn438,turn,,116.308434,39.991276,
,1308,OSMturn439,turn,,116.308461,39.991258,
,1308,OSMintersection440,intersection,,116.308568,39.991253,
,1308,OSMturn441,turn,,116.310857,39.991251,
,1308,OSMturn442,turn,,116.307869,39.991249,
,1308,OSMintersection443,intersection,,116.315928,39.991236,
,1308,OSMintersection444,intersection,,116.315548,39.991216,
,1308,OSMturn445,turn,,116.310493,39.991183,
,1308,OSMintersection446,intersection,,116.308919,39.991181,
,1308,OSMintersection447,intersection,,116.308571,39.991179,
,1308,OSMintersection448,intersection,,116.307793,39.991175,
,1308,OSMintersection449,intersection,,116.310926,39.991169,
,1308,OSMintersection450,intersection,,116.307439,39.991157,
,1308,OSMturn451,turn,,116.310565,39.991157,
,1308,OSMintersection452,intersection,,116.310126,39.991142,
,1308,OSMintersection453,intersection,,116.309635,39.991125,
,1308,OSMturn454,turn,,116.307140,39.991107,
,1308,OSMturn455,turn,,116.306454,39.991093,
,1308,OSMintersection456,intersection,,116.308163,39.991078,
,1308,OSMintersection457,intersection,,116.312511,39.991066,
,1308,OSMintersection458,intersection,,116.306457,39.991061,
,1308,OSMintersection459,intersection,,116.306377,39.991058,
,1308,OSMintersection460,intersection,,116.319638,39.991050,
,1308,OSMintersection461,intersection,,116.305734,39.991036,
,1308,OSMintersection462,intersection,,116.305593,39.991031,
,1308,OSMintersection463,intersection,,116.315619,39.991027,
,1308,OSMintersection464,intersection,,116.318714,39.991016,
,1308,OSMintersection465,intersection,,116.311224,39.991011,
,1308,OSMintersection466,intersection,,116.318085,39.991008,
,1308,OSMintersection467,intersection,,116.305239,39.991008,
,1308,OSMintersection468,intersection,,116.310577,39.991002,
,1308,OSMintersection469,intersection,,116.318171,39.990992,
,1308,OSMintersection470,intersection,,116.305090,39.990984,
,1308,OSMintersection471,intersection,,116.317263,39.990977,
,1308,OSMintersection472,intersection,,116.305050,39.990967,
,1308,OSMintersection473,intersection,,116.316789,39.990959,
,1308,OSMintersection474,intersection,,116.305599,39.990955,
,1308,OSMturn475,turn,,116.310136,39.990950,
,1308,OSMintersection476,intersection,,116.304377,39.990940,
,1308,OSMintersection477,intersection,,116.309125,39.990922,
,1308,OSMintersection478,intersection,,116.309646,39.990918,
,1308,OSMintersection479,intersection,,116.315656,39.990914,
,1308,OSMintersection480,intersection,,116.308579,39.990906,
,1308,OSMintersection481,intersection,,116.308120,39.990902,
,1308,OSMintersection482,intersection,,116.307779,39.990900,
,1308,OSMintersection483,intersection,,116.311232,39.990891,
,1308,OSMintersection484,intersection,,116.306509,39.990874,
,1308,OSMturn485,turn,,116.310139,39.990872,
,1308,OSMintersection486,intersection,,116.312536,39.990848,
,1308,OSMturn487,turn,,116.316130,39.990846,
,1308,OSMturn488,turn,,116.319655,39.990745,
,1308,OSMintersection489,intersection,,116.318741,39.990698,
,1308,OSMintersection490,intersection,,116.318183,39.990670,
,1308,OSMintersection491,intersection,,116.311246,39.990669,
,1308,OSMintersection492,intersection,,116.310936,39.990665,
,1308,OSMintersection493,intersection,,116.310500,39.990660,
,1308,OSMintersection494,intersection,,116.310146,39.990656,
,1308,OSMintersection495,intersection,,116.309657,39.990650,
,1308,OSMintersection496,intersection,,116.316147,39.990649,
,1308,OSMintersection497,intersection,,116.315670,39.990626,
,1308,OSMintersection498,intersection,,116.313839,39.990554,
,1308,OSMintersection499,intersection,,116.310508,39.990541,
,1308,OSMintersection500,intersection,,116.310391,39.990539,
,1308,OSMintersection501,intersection,,116.315290,39.990530,
,1308,OSMintersection502,intersection,,116.309564,39.990526,
,1308,OSMintersection503,intersection,,116.314934,39.990519,
,1308,OSMturn504,turn,,116.317288,39.990515,
,1308,OSMintersection505,intersection,,116.316851,39.990503,
,1308,OSMintersection506,intersection,,116.307765,39.990502,
,1308,OSMintersection507,intersection,,116.309917,39.990472,
,1308,OSMintersection508,intersection,,116.315695,39.990467,
,1308,OSMintersection509,intersection,,116.312841,39.990455,
,1308,OSMintersection510,intersection,,116.308547,39.990454,
,1308,OSMintersection511,intersection,,116.306536,39.990453,
,1308,OSMintersection512,intersection,,116.311255,39.990453,
,1308,OSMintersection513,intersection,,116.312578,39.990445,
,1308,OSMintersection514,intersection,,116.309362,39.990445,
,1308,OSMintersection515,intersection,,116.308905,39.990439,
,1308,OSMintersection516,intersection,,116.314852,39.990429,
,1308,OSMintersection517,intersection,,116.309982,39.990422,
,1308,OSMturn518,turn,,116.313849,39.990410,
,1308,OSMintersection519,intersection,,116.320386,39.990402,
,1308,OSMturn520,turn,,116.319826,39.990380,
,1308,OSMintersection521,intersection,,116.316170,39.990366,
,1308,OSMintersection522,intersection,,116.316170,39.990332,
,1308,OSMturn523,turn,,116.319803,39.990316,
,1308,OSMintersection524,intersection,,116.319550,39.990308,
,1308,OSMturn525,turn,,116.319873,39.990305,
,1308,OSMintersection526,intersection,,116.318208,39.990279,
,1308,OSMintersection527,intersection,,116.317303,39.990271,
,1308,OSMturn528,turn,,116.317167,39.990264,
,1308,OSMturn529,turn,,116.318269,39.990260,
,1308,OSMintersection530,intersection,,116.309579,39.990258,
,1308,OSMintersection531,intersection,,116.309364,39.990252,
,1308,OSMintersection532,intersection,,116.316872,39.990251,
,1308,OSMintersection533,intersection,,116.312590,39.990242,
,1308,OSMintersection534,intersection,,116.315705,39.990241,
,1308,OSMturn535,turn,,116.313860,39.990234,
,1308,OSMintersection536,intersection,,116.316185,39.990219,
,1308,OSMturn537,turn,,116.316095,39.990215,
,1308,OSMturn538,turn,,116.317255,39.990214,
,1308,OSMintersection539,intersection,,116.315720,39.990213,
,1308,OSMintersection540,intersection,,116.311272,39.990194,
,1308,OSMintersection541,intersection,,116.315897,39.990091,
,1308,OSMintersection542,intersection,,116.315790,39.990088,
,1308,OSMintersection543,intersection,,116.315539,39.990077,
,1308,OSMintersection544,intersection,,116.315331,39.990068,
,1308,OSMintersection545,intersection,,116.315225,39.990063,
,1308,OSMintersection546,intersection,,116.315062,39.990056,
,1308,OSMintersection547,intersection,,116.314880,39.990048,
,1308,OSMintersection548,intersection,,116.314287,39.990022,
,1308,OSMturn549,turn,,116.313925,39.990006,
,1308,OSMturn550,turn,,116.313876,39.990004,
,1308,OSMintersection551,intersection,,116.319901,39.990000,
,1308,OSMintersection552,intersection,,116.317274,39.989999,
,1308,OSMintersection553,intersection,,116.319819,39.989998,
,1308,OSMintersection554,intersection,,116.319567,39.989992,
,1308,OSMintersection555,intersection,,116.313365,39.989981,
,1308,OSMintersection556,intersection,,116.308926,39.989976,
,1308,OSMintersection557,intersection,,116.308538,39.989972,
,1308,OSMintersection558,intersection,,116.309367,39.989971,
,1308,OSMintersection559,intersection,,116.312845,39.989958,
,1308,OSMintersection560,intersection,,116.318269,39.989956,
,1308,OSMintersection561,intersection,,116.312615,39.989948,
,1308,OSMintersection562,intersection,,116.306471,39.989940,
,1308,OSMintersection563,intersection,,116.318225,39.989915,
,1308,OSMintersection564,intersection,,116.313893,39.989901,
,1308,OSMintersection565,intersection,,116.313369,39.989900,
,1308,OSMintersection566,intersection,,116.311310,39.989890,
,1308,OSMturn567,turn,,116.305316,39.989873,
,1308,OSMintersection568,intersection,,116.307491,39.989802,
,1308,OSMintersection569,intersection,,116.310769,39.989799,
,1308,OSMintersection570,intersection,,116.306460,39.989772,
,1308,OSMintersection571,intersection,,116.320427,39.989736,
,1308,OSMintersection572,intersection,,116.310916,39.989695,
,1308,OSMturn573,turn,,116.319145,39.989686,
,1308,OSMintersection574,intersection,,116.318827,39.989682,
,1308,OSMintersection575,intersection,,116.319289,39.989669,
,1308,OSMturn576,turn,,116.319821,39.989665,
,1308,OSMintersection577,intersection,,116.317824,39.989663,
,1308,OSMturn578,turn,,116.319457,39.989657,
,1308,OSMintersection579,intersection,,116.310117,39.989648,
,1308,OSMintersection580,intersection,,116.319877,39.989641,
,1308,OSMturn581,turn,,116.319444,39.989618,
,1308,OSMintersection582,intersection,,116.317858,39.989603,
,1308,OSMintersection583,intersection,,116.310809,39.989595,
,1308,OSMturn584,turn,,116.318588,39.989584,
,1308,OSMintersection585,intersection,,116.310042,39.989550,
,1308,OSMintersection586,intersection,,116.309372,39.989538,
,1308,OSMintersection587,intersection,,116.308545,39.989537,
,1308,OSMturn588,turn,,116.308774,39.989537,
,1308,OSMintersection589,intersection,,116.308945,39.989537,
,1308,OSMintersection590,intersection,,116.308057,39.989535,
,1308,OSMintersection591,intersection,,116.310342,39.989521,
,1308,OSMintersection592,intersection,,116.311023,39.989506,
,1308,OSMintersection593,intersection,,116.314318,39.989506,
,1308,OSMintersection594,intersection,,116.306466,39.989484,
,1308,OSMintersection595,intersection,,116.313138,39.989461,
,1308,OSMturn596,turn,,116.313039,39.989457,
,1308,OSMintersection597,intersection,,116.313466,39.989452,
,1308,OSMturn598,turn,,116.312865,39.989451,
,1308,OSMturn599,turn,,116.318464,39.989436,
,1308,OSMintersection600,intersection,,116.313056,39.989435,
,1308,OSMintersection601,intersection,,116.312881,39.989428,
,1308,OSMintersection602,intersection,,116.318292,39.989421,
,1308,OSMintersection603,intersection,,116.312647,39.989419,
,1308,OSMintersection604,intersection,,116.310597,39.989405,
,1308,OSMintersection605,intersection,,116.311871,39.989385,
,1308,OSMintersection606,intersection,,116.318293,39.989382,
,1308,OSMturn607,turn,,116.309374,39.989373,
,1308,OSMintersection608,intersection,,116.311375,39.989364,
,1308,OSMintersection609,intersection,,116.311233,39.989361,
,1308,OSMintersection610,intersection,,116.315097,39.989349,
,1308,OSMintersection611,intersection,,116.310599,39.989348,
,1308,OSMintersection612,intersection,,116.306309,39.989342,
,1308,OSMintersection613,intersection,,116.310354,39.989337,
,1308,OSMintersection614,intersection,,116.314717,39.989335,
,1308,OSMintersection615,intersection,,116.306437,39.989324,
,1308,OSMintersection616,intersection,,116.314335,39.989322,
,1308,OSMintersection617,intersection,,116.306467,39.989273,
,1308,OSMintersection618,intersection,,116.305370,39.989255,
,1308,OSMintersection619,intersection,,116.313481,39.989252,
,1308,OSMintersection620,intersection,,116.308511,39.989228,
,1308,OSMintersection621,intersection,,116.315880,39.989217,
,1308,OSMintersection622,intersection,,116.310608,39.989206,
,1308,OSMintersection623,intersection,,116.315606,39.989204,
,1308,OSMintersection624,intersection,,116.309196,39.989197,
,1308,OSMintersection625,intersection,,116.308932,39.989189,
,1308,OSMturn626,turn,,116.308493,39.989174,
,1308,OSMintersection627,intersection,,116.310370,39.989129,
,1308,OSMintersection628,intersection,,116.318283,39.989119,
,1308,OSMintersection629,intersection,,116.307524,39.989115,
,1308,OSMturn630,turn,,116.307454,39.989075,
,1308,OSMintersection631,intersection,,116.307170,39.989074,
,1308,OSMintersection632,intersection,,116.317301,39.989069,
,1308,OSMturn633,turn,,116.319301,39.989055,
,1308,OSMintersection634,intersection,,116.313494,39.989003,
,1308,OSMintersection635,intersection,,116.314365,39.988988,
,1308,OSMintersection636,intersection,,116.309687,39.988981,
,1308,OSMturn637,turn,,116.312887,39.988976,
,1308,OSMintersection638,intersection,,116.319700,39.988974,
,1308,OSMturn639,turn,,116.314221,39.988970,
,1308,OSMturn640,turn,,116.309196,39.988968,
,1308,OSMintersection641,intersection,,116.306469,39.988937,
,1308,OSMintersection642,intersection,,116.305417,39.988934,
,1308,OSMintersection643,intersection,,116.307459,39.988914,
,1308,OSMintersection644,intersection,,116.307177,39.988907,
,1308,OSMintersection645,intersection,,116.313623,39.988894,
,1308,OSMintersection646,intersection,,116.319698,39.988875,
,1308,OSMturn647,turn,,116.314378,39.988849,
,1308,OSMintersection648,intersection,,116.314182,39.988840,
,1308,OSMintersection649,intersection,,116.310399,39.988821,
,1308,OSMintersection650,intersection,,116.313618,39.988817,
,1308,OSMintersection651,intersection,,116.313508,39.988812,
,1308,OSMintersection652,intersection,,116.318636,39.988811,
,1308,OSMintersection653,intersection,,116.317102,39.988801,
,1308,OSMintersection654,intersection,,116.309783,39.988786,
,1308,OSMturn655,turn,,116.314384,39.988778,
,1308,OSMintersection656,intersection,,116.312684,39.988771,
,1308,OSMintersection657,intersection,,116.316549,39.988769,
,1308,OSMintersection658,intersection,,116.308449,39.988765,
,1308,OSMintersection659,intersection,,116.308520,39.988755,
,1308,OSMintersection660,intersection,,116.308918,39.988754,
,1308,OSMintersection661,intersection,,116.309005,39.988742,
,1308,OSMturn662,turn,,116.307562,39.988735,
,1308,OSMintersection663,intersection,,116.317280,39.988729,
,1308,OSMintersection664,intersection,,116.307447,39.988724,
,1308,OSMturn665,turn,,116.314571,39.988723,
,1308,OSMintersection666,intersection,,116.308304,39.988701,
,1308,OSMintersection667,intersection,,116.307194,39.988699,
,1308,OSMintersection668,intersection,,116.306471,39.988679,
,1308,OSMintersection669,intersection,,116.314646,39.988668,
,1308,OSMturn670,turn,,116.314732,39.988656,
,1308,OSMintersection671,intersection,,116.308446,39.988614,
,1308,OSMintersection672,intersection,,116.308352,39.988610,
,1308,OSMintersection673,intersection,,116.319567,39.988590,
,1308,OSMintersection674,intersection,,116.306472,39.988575,
,1308,OSMintersection675,intersection,,116.314403,39.988572,
,1308,OSMintersection676,intersection,,116.305478,39.988548,
,1308,OSMintersection677,intersection,,116.308286,39.988536,
,1308,OSMintersection678,intersection,,116.318710,39.988531,
,1308,OSMintersection679,intersection,,116.309331,39.988528,
,1308,OSMintersection680,intersection,,116.308450,39.988495,
,1308,OSMturn681,turn,,116.317414,39.988487,
,1308,OSMturn682,turn,,116.317901,39.988476,
,1308,OSMintersection683,intersection,,116.306472,39.988476,
,1308,OSMintersection684,intersection,,116.317131,39.988470,
,1308,OSMintersection685,intersection,,116.308324,39.988465,
,1308,OSMintersection686,intersection,,116.305490,39.988449,
,1308,OSMintersection687,intersection,,116.311931,39.988438,
,1308,OSMintersection688,intersection,,116.312730,39.988430,
,1308,OSMintersection689,intersection,,116.316294,39.988421,
,1308,OSMintersection690,intersection,,116.316176,39.988414,
,1308,OSMintersection691,intersection,,116.311427,39.988414,
,1308,OSMintersection692,intersection,,116.309334,39.988411,
,1308,OSMintersection693,intersection,,116.316321,39.988372,
,1308,OSMintersection694,intersection,,116.309838,39.988367,
,1308,OSMturn695,turn,,116.310622,39.988360,
,1308,OSMintersection696,intersection,,116.310325,39.988348,
,1308,OSMintersection697,intersection,,116.309285,39.988347,
,1308,OSMintersection698,intersection,,116.310429,39.988347,
,1308,OSMintersection699,intersection,,116.308910,39.988343,
,1308,OSMintersection700,intersection,,116.308727,39.988340,
,1308,OSMturn701,turn,,116.307215,39.988328,
,1308,OSMintersection702,intersection,,116.307077,39.988328,
,1308,OSMintersection703,intersection,,116.309390,39.988321,
,1308,OSMturn704,turn,,116.312593,39.988272,
,1308,OSMintersection705,intersection,,116.308372,39.988258,
,1308,OSMintersection706,intersection,,116.307219,39.988257,
,1308,OSMintersection707,intersection,,116.308289,39.988256,
,1308,OSMintersection708,intersection,,116.312102,39.988254,
,1308,OSMintersection709,intersection,,116.312731,39.988224,
,1308,OSMintersection710,intersection,,116.309362,39.988210,
,1308,OSMintersection711,intersection,,116.306474,39.988153,
,1308,OSMintersection712,intersection,,116.308476,39.988135,
,1308,OSMintersection713,intersection,,116.305532,39.988123,
,1308,OSMintersection714,intersection,,116.315964,39.988122,
,1308,OSMintersection715,intersection,,116.307227,39.988122,
,1308,OSMintersection716,intersection,,116.320074,39.988106,
,1308,OSMintersection717,intersection,,116.310939,39.988096,
,1308,OSMintersection718,intersection,,116.319641,39.988071,
,1308,OSMintersection719,intersection,,116.316076,39.988054,
,1308,OSMintersection720,intersection,,116.315969,39.988050,
,1308,OSMintersection721,intersection,,116.319391,39.988050,
,1308,OSMintersection722,intersection,,116.315674,39.988049,
,1308,OSMturn723,turn,,116.315590,39.988048,
,1308,OSMintersection724,intersection,,116.314540,39.988019,
,1308,OSMintersection725,intersection,,116.306475,39.988015,
,1308,OSMintersection726,intersection,,116.318796,39.988002,
,1308,OSMintersection727,intersection,,116.318260,39.987958,
,1308,OSMintersection728,intersection,,116.317971,39.987935,
,1308,OSMintersection729,intersection,,116.307799,39.987919,
,1308,OSMintersection730,intersection,,116.310456,39.987913,
,1308,OSMintersection731,intersection,,116.311691,39.987909,
,1308,OSMintersection732,intersection,,116.311454,39.987905,
,1308,OSMintersection733,intersection,,116.309864,39.987893,
,1308,OSMintersection734,intersection,,116.310947,39.987883,
,1308,OSMintersection735,intersection,,116.317485,39.987883,
,1308,OSMintersection736,intersection,,116.309519,39.987881,
,1308,OSMintersection737,intersection,,116.310830,39.987878,
,1308,OSMturn738,turn,,116.308199,39.987877,
,1308,OSMintersection739,intersection,,116.308385,39.987877,
,1308,OSMintersection740,intersection,,116.308939,39.987860,
,1308,OSMintersection741,intersection,,116.315470,39.987855,
,1308,OSMintersection742,intersection,,116.315590,39.987854,
,1308,OSMturn743,turn,,116.308520,39.987851,
,1308,OSMintersection744,intersection,,116.307801,39.987844,
,1308,OSMintersection745,intersection,,116.307244,39.987824,
,1308,OSMintersection746,intersection,,116.319429,39.987797,
,1308,OSMintersection747,intersection,,116.306476,39.987777,
,1308,OSMintersection748,intersection,,116.316369,39.987772,
,1308,OSMturn749,turn,,116.316289,39.987769,
,1308,OSMintersection750,intersection,,116.308361,39.987766,
,1308,OSMintersection751,intersection,,116.308225,39.987761,
,1308,OSMintersection752,intersection,,116.318295,39.987708,
,1308,OSMintersection753,intersection,,116.312258,39.987695,
,1308,OSMintersection754,intersection,,116.312134,39.987692,
,1308,OSMintersection755,intersection,,116.314799,39.987680,
,1308,OSMintersection756,intersection,,116.305505,39.987672,
,1308,OSMintersection757,intersection,,116.305412,39.987665,
,1308,OSMintersection758,intersection,,116.314571,39.987657,
,1308,OSMturn759,turn,,116.305612,39.987655,
,1308,OSMintersection760,intersection,,116.310963,39.987651,
,1308,OSMturn761,turn,,116.306109,39.987568,
,1308,OSMintersection762,intersection,,116.319866,39.987559,
,1308,OSMintersection763,intersection,,116.308481,39.987545,
,1308,OSMintersection764,intersection,,116.308359,39.987540,
,1308,OSMintersection765,intersection,,116.319468,39.987527,
,1308,OSMintersection766,intersection,,116.319244,39.987509,
,1308,OSMintersection767,intersection,,116.309972,39.987502,
,1308,OSMintersection768,intersection,,116.309006,39.987477,
,1308,OSMintersection769,intersection,,116.318490,39.987440,
,1308,OSMintersection770,intersection,,116.318333,39.987435,
,1308,OSMintersection771,intersection,,116.312148,39.987434,
,1308,OSMturn772,turn,,116.308367,39.987431,
,1308,OSMintersection773,intersection,,116.308342,39.987430,
,1308,OSMintersection774,intersection,,116.307792,39.987426,
,1308,OSMintersection775,intersection,,116.315607,39.987423,
,1308,OSMturn776,turn,,116.308028,39.987422,
,1308,OSMintersection777,intersection,,116.316019,39.987418,
,1308,OSMturn778,turn,,116.318039,39.987411,
,1308,OSMintersection779,intersection,,116.311481,39.987406,
,1308,OSMintersection780,intersection,,116.307552,39.987405,
,1308,OSMturn781,turn,,116.315620,39.987403,
,1308,OSMintersection782,intersection,,116.310488,39.987381,
,1308,OSMintersection783,intersection,,116.318008,39.987375,
,1308,OSMintersection784,intersection,,116.309975,39.987366,
,1308,OSMintersection785,intersection,,116.309555,39.987353,
,1308,OSMintersection786,intersection,,116.309007,39.987338,
,1308,OSMintersection787,intersection,,116.308630,39.987328,
,1308,OSMintersection788,intersection,,116.308494,39.987324,
,1308,OSMintersection789,intersection,,116.308377,39.987321,
,1308,OSMturn790,turn,,116.319905,39.987314,
,1308,OSMintersection791,intersection,,116.307799,39.987305,
,1308,OSMintersection792,intersection,,116.307256,39.987291,
,1308,OSMintersection793,intersection,,116.306743,39.987277,
,1308,OSMintersection794,intersection,,116.319278,39.987277,
,1308,OSMintersection795,intersection,,116.318514,39.987224,
,1308,OSMintersection796,intersection,,116.318034,39.987183,
,1308,OSMturn797,turn,,116.317715,39.987154,
,1308,OSMintersection798,intersection,,116.311112,39.987143,
,1308,OSMturn799,turn,,116.310123,39.987063,
,1308,OSMturn800,turn,,116.319892,39.987049,
,1308,OSMintersection801,intersection,,116.316420,39.987049,
,1308,OSMintersection802,intersection,,116.309576,39.987046,
,1308,OSMturn803,turn,,116.308935,39.987024,
,1308,OSMintersection804,intersection,,116.319312,39.987007,
,1308,OSMintersection805,intersection,,116.306230,39.986999,
,1308,OSMintersection806,intersection,,116.311778,39.986989,
,1308,OSMintersection807,intersection,,116.319034,39.986986,
,1308,OSMintersection808,intersection,,116.311515,39.986983,
,1308,OSMintersection809,intersection,,116.311122,39.986970,
,1308,OSMintersection810,intersection,,116.318832,39.986970,
,1308,OSMintersection811,intersection,,116.310873,39.986963,
,1308,OSMintersection812,intersection,,116.318552,39.986949,
,1308,OSMintersection813,intersection,,116.313811,39.986905,
,1308,OSMintersection814,intersection,,116.308944,39.986903,
,1308,OSMintersection815,intersection,,116.308647,39.986894,
,1308,OSMturn816,turn,,116.312430,39.986852,
,1308,OSMturn817,turn,,116.312187,39.986848,
,1308,OSMintersection818,intersection,,116.316466,39.986830,
,1308,OSMintersection819,intersection,,116.309592,39.986825,
,1308,OSMintersection820,intersection,,116.309504,39.986803,
,1308,OSMintersection821,intersection,,116.318018,39.986761,
,1308,OSMturn822,turn,,116.311142,39.986746,
,1308,OSMintersection823,intersection,,116.316088,39.986743,
,1308,OSMturn824,turn,,116.310932,39.986739,
,1308,OSMturn825,turn,,116.307827,39.986737,
,1308,OSMturn826,turn,,116.315194,39.986722,
,1308,OSMturn827,turn,,116.307175,39.986721,
,1308,OSMintersection828,intersection,,116.314654,39.986698,
,1308,OSMturn829,turn,,116.320303,39.986686,
,1308,OSMintersection830,intersection,,116.319945,39.986671,
,1308,OSMintersection831,intersection,,116.319059,39.986630,
,1308,OSMintersection832,intersection,,116.310528,39.986618,
,1308,OSMintersection833,intersection,,116.318872,39.986616,
,1308,OSMturn834,turn,,116.309608,39.986594,
,1308,OSMturn835,turn,,116.314663,39.986593,
,1308,OSMintersection836,intersection,,116.318038,39.986590,
,1308,OSMturn837,turn,,116.311551,39.986543,
,1308,OSMintersection838,intersection,,116.308667,39.986529,
,1308,OSMintersection839,intersection,,116.314673,39.986497,
,1308,OSMintersection840,intersection,,116.311558,39.986453,
,1308,OSMintersection841,intersection,,116.319968,39.986428,
,1308,OSMintersection842,intersection,,116.312692,39.986418,
,1308,OSMintersection843,intersection,,116.319080,39.986398,
,1308,OSMintersection844,intersection,,116.310288,39.986393,
,1308,OSMintersection845,intersection,,116.318890,39.986381,
,1308,OSMintersection846,intersection,,116.318068,39.986322,
,1308,OSMintersection847,intersection,,116.311924,39.986270,
,1308,OSMintersection848,intersection,,116.319063,39.986151,
,1308,OSMintersection849,intersection,,116.320336,39.986148,
,1308,OSMintersection850,intersection,,116.319993,39.986136,
,1308,OSMturn851,turn,,116.318094,39.986092,
,1308,OSMintersection852,intersection,,116.320291,39.985986,
,1308,OSMintersection853,intersection,,116.314533,39.985979,
,1308,OSMturn854,turn,,116.320356,39.985969,
,1308,OSMturn855,turn,,116.319879,39.985942,
,1308,OSMintersection856,intersection,,116.319042,39.985940,
,1308,OSMturn857,turn,,116.320353,39.985924,
,1308,OSMintersection858,intersection,,116.312748,39.985923,
,1308,OSMturn859,turn,,116.320185,39.985914,
,1308,OSMintersection860,intersection,,116.319884,39.985903,
,1308,OSMintersection861,intersection,,116.319043,39.985903,
,1308,OSMturn862,turn,,116.311947,39.985902,
,1308,OSMturn863,turn,,116.316838,39.985900,
,1308,OSMintersection864,intersection,,116.320203,39.985823,
,1308,OSMintersection865,intersection,,116.319895,39.985813,
,1308,OSMintersection866,intersection,,116.316448,39.985800,
,1308,OSMintersection867,intersection,,116.320419,39.985797,
,1308,OSMturn868,turn,,116.320301,39.985792,
,1308,OSMintersection869,intersection,,116.319052,39.985790,
,1308,OSMturn870,turn,,116.316014,39.985783,
,1308,OSMintersection871,intersection,,116.316479,39.985667,
,1308,OSMintersection872,intersection,,116.312817,39.985661,
,1308,OSMintersection873,intersection,,116.309141,39.985641,
,1308,OSMintersection874,intersection,,116.309523,39.985615,
,1308,OSMintersection875,intersection,,116.310334,39.985604,
,1308,OSMintersection876,intersection,,116.312823,39.985584,
,1308,OSMturn877,turn,,116.305727,39.985576,
,1308,OSMturn878,turn,,116.305831,39.985570,
,1308,OSMintersection879,intersection,,116.305390,39.985528,
,1308,OSMintersection880,intersection,,116.310340,39.985505,
,1308,北京大学,place,,116.310969,39.993489,
,1308,北京大学西门,gate,,116.304675,39.994558,
,1308,北京大学东门,gate,,116.315830,39.992061,
,1308,北京大学图书馆,place,,116.309993,39.991835,
,1308,阿卜杜勒·阿齐兹国王公共图书馆北京大学分馆（古籍图书馆）,place,,116.309412,39.992792,
,1308,赛克勒考古与艺术博物馆,place,,116.305852,39.995667,
,1308,北大地质博物馆,place,,116.311783,39.991718,
,1308,校史馆,place,,116.306141,39.993289,
,1308,百周年纪念讲堂,place,,116.310576,39.989876,
,1308,博雅塔,place,,116.311874,39.993918,
,1308,未名湖石,place,,116.307853,39.994611,
,1308,北大百年纪念,place,,116.309163,39.994788,
,1308,北京大学星,place,,116.309188,39.994632,
,1308,李大钊像,place,,116.308112,39.992864,
,1308,蔡元培像,place,,116.307608,39.994631,
,1308,西南联大纪念碑,place,,116.305266,39.993646,
,1308,北京大学烈士纪念碑,place,,116.308169,39.992183,
,1308,第一教学楼,place,,116.310430,39.992818,
,1308,第二教学楼（李兆基楼）,place,,116.313374,39.989622,
,1308,第三教学楼（刘卿楼）,place,,116.313866,39.989049,
,1308,第四教学楼,place,,116.314150,39.989323,
,1308,理科教学楼（黄廷方楼）,place,,116.313205,39.991563,
,1308,电化教学楼（智华楼）,place,,116.311927,39.989841,
,1308,文史楼,place,,116.311768,39.992178,
,1308,地学楼,place,,116.311783,39.991719,
,1308,老化学楼,place,,116.311805,39.991334,
,1308,老生物楼,place,,116.311717,39.992520,
,1308,数学科学学院,place,,116.312107,39.989856,
,1308,北京大学物理学院,place,,116.317025,39.993098,
,1308,北京大学工学院,place,,116.318207,39.994246,
,1308,北京大学工学院与交叉学科大楼,place,,116.316894,39.994727,
,1308,北京大学化学与分子工程学院,place,,116.317059,39.991005,
,1308,北京大学化学学院A区,place,,116.317646,39.990702,
,1308,北京大学化学学院B区,place,,116.317294,39.991129,
,1308,光华管理学院,place,,116.313267,39.995608,
,1308,光华管理学院2号楼,place,,116.313786,39.996049,
,1308,法学院（陈明楼）,place,,116.313893,39.995439,
,1308,法学院（凯原楼）,place,,116.313549,39.994526,
,1308,政府管理学院（廖凯原楼）,place,,116.314536,39.995749,
,1308,北京大学国际关系学院,place,,116.306697,39.991742,
,1308,北京大学国家发展研究院,place,,116.298720,39.994863,
,1308,李兆基人文学苑,place,,116.311300,39.996958,
,1308,外文楼,place,,116.305852,39.995024,
,1308,办公楼（贝公楼）,place,,116.306489,39.994596,
,1308,民主楼,place,,116.306460,39.995343,
,1308,德斋,place,,116.307029,39.995423,
,1308,才斋,place,,116.307666,39.995433,
,1308,均斋,place,,116.308310,39.995468,
,1308,备斋,place,,116.308951,39.995477,
,1308,一院,place,,116.307486,39.992138,
,1308,二院,place,,116.307508,39.991652,
,1308,三院,place,,116.307514,39.991167,
,1308,四院,place,,116.308800,39.991199,
,1308,五院,place,,116.308789,39.991673,
,1308,六院,place,,116.308777,39.992150,
,1308,新太阳学生中心（16楼-18楼）,facility,,116.310872,39.988879,
,1308,北京大学校医院,facility,,116.314074,39.996697,
,1308,北京大学邮政所,facility,,116.306891,39.987349,
,1308,北大超市发超市,facility,,116.300823,39.994284,
,1308,物美,facility,,116.305613,39.989438,
,1308,艺园餐厅,facility,,116.306860,39.988417,
,1308,农园餐厅,facility,,116.312192,39.988801,
,1308,学五食堂,facility,,116.306857,39.988934,
,1308,学一食堂,facility,,116.307784,39.987524,
,1308,松林餐厅,facility,,116.308093,39.987758,
,1308,餐饮综合楼（家园食堂）,facility,,116.307868,39.988301,
,1308,勺园食堂,facility,,116.305588,39.991681,
,1308,佟园餐厅（清真）,facility,,116.306772,39.991030,
,1308,燕南食堂,facility,,116.310202,39.990525,
,1308,成府园食堂,facility,,116.314258,39.996727,
,1308,邱德拔体育馆,place,,116.315042,39.988742,
,1308,第一体育馆,place,,116.311512,39.995318,
,1308,第二体育馆,place,,116.308136,39.990767,
,1308,五四体育中心,place,,116.312308,39.987507,
,1308,五四体育场,place,,116.313186,39.987749,
,1308,东操场,place,,116.312203,39.995227,
,1308,北京大学中关新园,place,,116.317682,39.989583,
,1308,勺园1号楼,place,,116.305944,39.991364,
,1308,勺园3号楼,place,,116.305906,39.992009,
,1308,勺园5号楼,place,,116.305317,39.992131,
,1308,勺园7号楼,place,,116.306079,39.990398,
,1308,勺园9号楼,place,,116.305383,39.990099,
,1309,OSMturn001,turn,,116.320869,40.030202,
,1309,OSMintersection002,intersection,,116.318983,40.030093,
,1309,OSMintersection003,intersection,,116.319127,40.029944,
,1309,OSMintersection004,intersection,,116.317586,40.029865,
,1309,OSMintersection005,intersection,,116.319152,40.029749,
,1309,OSMintersection006,intersection,,116.318654,40.029625,
,1309,OSMintersection007,intersection,,116.317659,40.029516,
,1309,OSMturn008,turn,,116.318724,40.029292,
,1309,OSMturn009,turn,,116.321425,40.029250,
,1309,OSMintersection010,intersection,,116.317701,40.029178,
,1309,OSMturn011,turn,,116.319169,40.029088,
,1309,OSMturn012,turn,,116.318810,40.028955,
,1309,OSMintersection013,intersection,,116.317740,40.028867,
,1309,OSMturn014,turn,,116.315464,40.028715,
,1309,OSMturn015,turn,,116.317861,40.027906,
,1309,OSMintersection016,intersection,,116.318958,40.027904,
,1309,OSMturn017,turn,,116.320082,40.027892,
,1309,OSMturn018,turn,,116.319009,40.027818,
,1309,OSMintersection019,intersection,,116.315593,40.027762,
,1309,OSMintersection020,intersection,,116.316202,40.027680,
,1309,OSMintersection021,intersection,,116.315584,40.027635,
,1309,OSMintersection022,intersection,,116.321915,40.027569,
,1309,OSMintersection023,intersection,,116.321932,40.027537,
,1309,OSMintersection024,intersection,,116.321950,40.026780,
,1309,OSMturn025,turn,,116.316307,40.026765,
,1309,OSMintersection026,intersection,,116.315708,40.026713,
,1309,OSMintersection027,intersection,,116.320280,40.026663,
,1309,OSMturn028,turn,,116.315719,40.026068,
,1309,OSMturn029,turn,,116.315561,40.025636,
,1309,OSMturn030,turn,,116.323265,40.024519,
,1309,OSMturn031,turn,,116.322605,40.024357,
,1309,OSMturn032,turn,,116.322764,40.024279,
,1309,OSMintersection033,intersection,,116.316645,40.024192,
,1309,OSMintersection034,intersection,,116.320573,40.024147,
,1309,OSMintersection035,intersection,,116.319252,40.024028,
,1309,OSMintersection036,intersection,,116.322852,40.023955,
,1309,OSMintersection037,intersection,,116.318006,40.023916,
,1309,OSMintersection038,intersection,,116.316718,40.023800,
,1309,OSMintersection039,intersection,,116.321666,40.023785,
,1309,OSMturn040,turn,,116.321671,40.023756,
,1309,OSMintersection041,intersection,,116.315797,40.023737,
,1309,OSMturn042,turn,,116.314595,40.023728,
,1309,OSMintersection043,intersection,,116.313996,40.023688,
,1309,OSMintersection044,intersection,,116.320653,40.023672,
,1309,OSMintersection045,intersection,,116.314786,40.023663,
,1309,OSMintersection046,intersection,,116.314015,40.023533,
,1309,OSMintersection047,intersection,,116.322362,40.023522,
,1309,OSMturn048,turn,,116.321727,40.023480,
,1309,OSMintersection049,intersection,,116.316764,40.023468,
,1309,OSMturn050,turn,,116.321734,40.023445,
,1309,OSMturn051,turn,,116.316265,40.023422,
,1309,OSMintersection052,intersection,,116.320706,40.023360,
,1309,OSMintersection053,intersection,,116.321765,40.023264,
,1309,OSMturn054,turn,,116.321978,40.023218,
,1309,OSMintersection055,intersection,,116.321083,40.023210,
,1309,OSMturn056,turn,,116.321776,40.023203,
,1309,OSMintersection057,intersection,,116.320736,40.023182,
,1309,OSMintersection058,intersection,,116.319379,40.023057,
,1309,OSMintersection059,intersection,,116.318127,40.022967,
,1309,OSMturn060,turn,,116.323512,40.022947,
,1309,OSMintersection061,intersection,,116.322994,40.022908,
,1309,OSMintersection062,intersection,,116.316844,40.022880,
,1309,OSMintersection063,intersection,,116.321145,40.022827,
,1309,OSMintersection064,intersection,,116.320773,40.022799,
,1309,OSMintersection065,intersection,,116.323019,40.022659,
,1309,OSMintersection066,intersection,,116.322079,40.022569,
,1309,OSMintersection067,intersection,,116.321837,40.022546,
,1309,OSMintersection068,intersection,,116.321200,40.022485,
,1309,OSMintersection069,intersection,,116.316394,40.022480,
,1309,OSMintersection070,intersection,,116.320807,40.022448,
,1309,OSMturn071,turn,,116.314907,40.022366,
,1309,OSMintersection072,intersection,,116.320818,40.022353,
,1309,OSMintersection073,intersection,,116.319470,40.022252,
,1309,OSMintersection074,intersection,,116.316932,40.022234,
,1309,OSMintersection075,intersection,,116.316439,40.022192,
,1309,OSMintersection076,intersection,,116.316341,40.022184,
,1309,OSMintersection077,intersection,,116.318218,40.022172,
,1309,OSMturn078,turn,,116.318222,40.022141,
,1309,OSMintersection079,intersection,,116.317544,40.022127,
,1309,OSMturn080,turn,,116.316997,40.022090,
,1309,OSMturn081,turn,,116.316952,40.022087,
,1309,OSMturn082,turn,,116.317563,40.022023,
,1309,OSMintersection083,intersection,,116.317047,40.021999,
,1309,OSMturn084,turn,,116.317009,40.021997,
,1309,OSMturn085,turn,,116.317650,40.021977,
,1309,OSMintersection086,intersection,,116.317523,40.021915,
,1309,OSMintersection087,intersection,,116.317585,40.021905,
,1309,OSMintersection088,intersection,,116.317581,40.021850,
,1309,OSMturn089,turn,,116.316498,40.021815,
,1309,OSMturn090,turn,,116.323712,40.021810,
,1309,OSMintersection091,intersection,,116.317726,40.021802,
,1309,OSMturn092,turn,,116.324140,40.021801,
,1309,OSMturn093,turn,,116.317759,40.021779,
,1309,OSMintersection094,intersection,,116.317469,40.021765,
,1309,OSMintersection095,intersection,,116.315064,40.021763,
,1309,OSMturn096,turn,,116.317439,40.021666,
,1309,OSMintersection097,intersection,,116.318287,40.021642,
,1309,OSMintersection098,intersection,,116.318064,40.021622,
,1309,OSMintersection099,intersection,,116.317733,40.021604,
,1309,OSMintersection100,intersection,,116.317569,40.021584,
,1309,OSMintersection101,intersection,,116.317604,40.021579,
,1309,OSMintersection102,intersection,,116.317130,40.021535,
,1309,OSMturn103,turn,,116.317641,40.021523,
,1309,OSMintersection104,intersection,,116.323178,40.021487,
,1309,OSMturn105,turn,,116.323345,40.021476,
,1309,OSMturn106,turn,,116.323575,40.021451,
,1309,OSMturn107,turn,,116.315377,40.021416,
,1309,OSMturn108,turn,,116.315111,40.021400,
,1309,OSMturn109,turn,,116.317929,40.021384,
,1309,OSMintersection110,intersection,,116.317402,40.021380,
,1309,OSMintersection111,intersection,,116.321905,40.021351,
,1309,OSMintersection112,intersection,,116.317342,40.021341,
,1309,OSMturn113,turn,,116.317504,40.021318,
,1309,OSMturn114,turn,,116.317169,40.021279,
,1309,OSMintersection115,intersection,,116.320920,40.021274,
,1309,OSMintersection116,intersection,,116.319588,40.021163,
,1309,OSMturn117,turn,,116.324182,40.021092,
,1309,OSMintersection118,intersection,,116.317124,40.021085,
,1309,OSMintersection119,intersection,,116.318363,40.021060,
,1309,OSMintersection120,intersection,,116.318145,40.021043,
,1309,OSMintersection121,intersection,,116.317373,40.020981,
,1309,OSMintersection122,intersection,,116.317086,40.020958,
,1309,OSMturn123,turn,,116.324033,40.020928,
,1309,OSMintersection124,intersection,,116.318662,40.020922,
,1309,OSMintersection125,intersection,,116.318170,40.020894,
,1309,OSMturn126,turn,,116.315453,40.020837,
,1309,OSMturn127,turn,,116.323536,40.020747,
,1309,OSMintersection128,intersection,,116.323814,40.020701,
,1309,OSMturn129,turn,,116.317659,40.020698,
,1309,OSMintersection130,intersection,,116.323435,40.020627,
,1309,OSMintersection131,intersection,,116.317089,40.020615,
,1309,OSMturn132,turn,,116.322799,40.020310,
,1309,OSMturn133,turn,,116.322123,40.020297,
,1309,OSMturn134,turn,,116.317686,40.020209,
,1309,OSMturn135,turn,,116.322014,40.020178,
,1309,OSMintersection136,intersection,,116.319414,40.020159,
,1309,OSMturn137,turn,,116.321992,40.020124,
,1309,OSMturn138,turn,,116.318820,40.020121,
,1309,OSMturn139,turn,,116.320958,40.020065,
,1309,OSMturn140,turn,,116.317815,40.019989,
,1309,OSMintersection141,intersection,,116.321087,40.019987,
,1309,OSMturn142,turn,,116.318462,40.019939,
,1309,OSMturn143,turn,,116.320348,40.019929,
,1309,OSMintersection144,intersection,,116.324245,40.019923,
,1309,OSMturn145,turn,,116.321098,40.019902,
,1309,OSMturn146,turn,,116.319506,40.019746,
,1309,OSMturn147,turn,,116.318782,40.019697,
,1309,OSMturn148,turn,,116.323086,40.019594,
,1309,OSMturn149,turn,,116.318381,40.019518,
,1309,OSMturn150,turn,,116.321162,40.019356,
,1309,OSMturn151,turn,,116.317526,40.019330,
,1309,OSMintersection152,intersection,,116.321177,40.019271,
,1309,OSMintersection153,intersection,,116.321195,40.019179,
,1309,OSMintersection154,intersection,,116.319884,40.019045,
,1309,OSMintersection155,intersection,,116.315178,40.019031,
,1309,北京体育大学,place,,116.318990,40.023477,
,1309,北京体育大学西南入口,gate,,116.313954,40.021812,
,1309,北京体育大学图书馆,place,,116.318616,40.022549,
,1309,国家训练基地综合馆,place,,116.318314,40.027407,
,1309,北京体育大学体育馆,place,,116.318723,40.020505,
,1309,室内马术馆,place,,116.315905,40.028233,
,1309,体操馆,place,,116.319824,40.023672,
,1309,武术馆,place,,116.318680,40.023601,
,1309,篮球馆,place,,116.317271,40.023436,
,1309,田径馆,place,,116.315185,40.023224,
,1309,大鹏馆,place,,116.315452,40.022687,
,1309,网球综合训练馆,place,,116.315824,40.022090,
,1309,游泳馆,place,,116.315986,40.021401,
,1309,北京体育大学足球场,place,,116.317792,40.025250,
,1309,西田径场,place,,116.314938,40.025051,
,1309,英东田径场,place,,116.316429,40.025510,
,1309,篮球场,place,,116.319530,40.025011,
,1309,网球场,place,,116.320782,40.027439,
,1309,北京体育大学滑板场,place,,116.319676,40.029389,
,1309,教学楼,place,,116.320078,40.022751,
,1309,第二教学楼,place,,116.318629,40.022825,
,1309,国际教育与交流学院,place,,116.322241,40.020767,
,1309,人文学院（东平房）,place,,116.323007,40.021289,
,1309,南办公楼,place,,116.318874,40.021425,
,1309,北办公楼,place,,116.318782,40.021950,
,1309,田径场行政楼,place,,116.315751,40.025174,
,1309,党员之家,place,,116.322521,40.020538,
,1309,阅览室,place,,116.322702,40.020591,
,1309,1号学生公寓,place,,116.321783,40.021145,
,1309,2号学生公寓,place,,116.321442,40.021493,
,1309,3号学生公寓（小白楼）,place,,116.322251,40.021714,
,1309,4号学生公寓,place,,116.321406,40.021869,
,1309,5号学生公寓,place,,116.322220,40.022080,
,1309,6号学生公寓,place,,116.321343,40.022224,
,1309,8号学生公寓,place,,116.321245,40.023334,
,1309,10号学生公寓,place,,116.321178,40.023601,
,1309,11号学生公寓,place,,116.322073,40.023690,
,1309,12号学生公寓,place,,116.321178,40.023973,
,1309,13号学生公寓,place,,116.322036,40.024074,
,1309,北京体育大学食堂,facility,,116.321478,40.022898,
,1309,教师食堂,facility,,116.322597,40.021604,
,1309,快递中心,facility,,116.323556,40.022941,
,1309,小白楼超市,facility,,116.321913,40.021699,
,1309,冠军书店,facility,,116.323243,40.021631,
,1309,中国邮政（已停业）,facility,,116.321955,40.021545,
,1309,毛泽东像,place,,116.316988,40.021521,
,1309,一马当先，万马奔腾,place,,116.314999,40.020471,
,1309,科技之光,place,,116.314468,40.020576,
,1310,OSMturn001,turn,,116.357894,40.007194,
,1310,OSMintersection002,intersection,,116.354930,40.007130,
,1310,OSMintersection003,intersection,,116.353939,40.007117,
,1310,OSMturn004,turn,,116.352955,40.007096,
,1310,OSMintersection005,intersection,,116.356036,40.007057,
,1310,OSMintersection006,intersection,,116.356840,40.007051,
,1310,OSMintersection007,intersection,,116.358003,40.006955,
,1310,OSMintersection008,intersection,,116.356044,40.006927,
,1310,OSMturn009,turn,,116.358005,40.006918,
,1310,OSMturn010,turn,,116.357324,40.006910,
,1310,OSMintersection011,intersection,,116.354936,40.006909,
,1310,OSMturn012,turn,,116.354518,40.006901,
,1310,OSMintersection013,intersection,,116.354461,40.006901,
,1310,OSMintersection014,intersection,,116.353981,40.006882,
,1310,OSMintersection015,intersection,,116.353807,40.006869,
,1310,OSMintersection016,intersection,,116.353331,40.006841,
,1310,OSMintersection017,intersection,,116.352972,40.006817,
,1310,OSMintersection018,intersection,,116.352743,40.006807,
,1310,OSMintersection019,intersection,,116.358020,40.006628,
,1310,OSMintersection020,intersection,,116.357326,40.006622,
,1310,OSMturn021,turn,,116.357326,40.006609,
,1310,OSMintersection022,intersection,,116.357198,40.006606,
,1310,OSMintersection023,intersection,,116.356862,40.006595,
,1310,OSMturn024,turn,,116.356791,40.006591,
,1310,OSMintersection025,intersection,,116.354593,40.006351,
,1310,OSMintersection026,intersection,,116.354049,40.006316,
,1310,OSMintersection027,intersection,,116.354342,40.006032,
,1310,OSMturn028,turn,,116.357216,40.006009,
,1310,OSMintersection029,intersection,,116.356971,40.006009,
,1310,OSMintersection030,intersection,,116.356807,40.006008,
,1310,OSMintersection031,intersection,,116.356445,40.006006,
,1310,OSMintersection032,intersection,,116.356101,40.006004,
,1310,OSMintersection033,intersection,,116.356110,40.005890,
,1310,OSMintersection034,intersection,,116.356853,40.005870,
,1310,OSMintersection035,intersection,,116.354697,40.005866,
,1310,OSMturn036,turn,,116.360184,40.005865,
,1310,OSMturn037,turn,,116.359496,40.005846,
,1310,OSMintersection038,intersection,,116.354656,40.005817,
,1310,OSMintersection039,intersection,,116.356939,40.005755,
,1310,OSMintersection040,intersection,,116.354590,40.005738,
,1310,OSMturn041,turn,,116.353506,40.005734,
,1310,OSMintersection042,intersection,,116.354034,40.005689,
,1310,OSMintersection043,intersection,,116.354068,40.005688,
,1310,OSMintersection044,intersection,,116.353811,40.005664,
,1310,OSMintersection045,intersection,,116.356129,40.005552,
,1310,OSMintersection046,intersection,,116.353827,40.005519,
,1310,OSMintersection047,intersection,,116.353168,40.005501,
,1310,OSMintersection048,intersection,,116.359526,40.005325,
,1310,OSMintersection049,intersection,,116.358107,40.005283,
,1310,OSMintersection050,intersection,,116.355262,40.005246,
,1310,OSMintersection051,intersection,,116.354624,40.005230,
,1310,OSMintersection052,intersection,,116.353857,40.005227,
,1310,OSMintersection053,intersection,,116.356151,40.005224,
,1310,OSMintersection054,intersection,,116.353241,40.005206,
,1310,OSMintersection055,intersection,,116.356002,40.004923,
,1310,OSMintersection056,intersection,,116.354649,40.004893,
,1310,OSMintersection057,intersection,,116.353894,40.004878,
,1310,OSMintersection058,intersection,,116.361145,40.004857,
,1310,OSMintersection059,intersection,,116.353257,40.004852,
,1310,OSMintersection060,intersection,,116.359887,40.004828,
,1310,OSMintersection061,intersection,,116.359572,40.004821,
,1310,OSMintersection062,intersection,,116.358123,40.004790,
,1310,OSMintersection063,intersection,,116.356186,40.004640,
,1310,OSMintersection064,intersection,,116.354680,40.004595,
,1310,OSMintersection065,intersection,,116.353928,40.004553,
,1310,OSMintersection066,intersection,,116.353182,40.004519,
,1310,OSMintersection067,intersection,,116.353944,40.004336,
,1310,OSMintersection068,intersection,,116.358139,40.004304,
,1310,OSMintersection069,intersection,,116.356210,40.004248,
,1310,OSMintersection070,intersection,,116.354746,40.004207,
,1310,OSMintersection071,intersection,,116.353108,40.004147,
,1310,OSMintersection072,intersection,,116.356223,40.004044,
,1310,OSMturn073,turn,,116.357734,40.004035,
,1310,OSMintersection074,intersection,,116.358089,40.003918,
,1310,OSMintersection075,intersection,,116.356853,40.003914,
,1310,OSMintersection076,intersection,,116.357197,40.003861,
,1310,OSMintersection077,intersection,,116.357192,40.003762,
,1310,OSMintersection078,intersection,,116.356880,40.003708,
,1310,OSMintersection079,intersection,,116.361328,40.003672,
,1310,OSMturn080,turn,,116.362197,40.003669,
,1310,OSMintersection081,intersection,,116.358275,40.003475,
,1310,OSMintersection082,intersection,,116.357891,40.003456,
,1310,OSMintersection083,intersection,,116.357256,40.003432,
,1310,OSMintersection084,intersection,,116.356958,40.003420,
,1310,OSMintersection085,intersection,,116.356692,40.003409,
,1310,OSMintersection086,intersection,,116.356590,40.003405,
,1310,OSMintersection087,intersection,,116.356263,40.003393,
,1310,OSMintersection088,intersection,,116.354802,40.003384,
,1310,OSMturn089,turn,,116.354294,40.003363,
,1310,OSMintersection090,intersection,,116.361358,40.003242,
,1310,OSMturn091,turn,,116.361624,40.003239,
,1310,OSMturn092,turn,,116.361361,40.003169,
,1310,OSMintersection093,intersection,,116.354817,40.003154,
,1310,OSMintersection094,intersection,,116.358295,40.003152,
,1310,OSMintersection095,intersection,,116.360695,40.003141,
,1310,OSMintersection096,intersection,,116.354305,40.003136,
,1310,OSMintersection097,intersection,,116.357286,40.003113,
,1310,OSMintersection098,intersection,,116.359994,40.003105,
,1310,OSMintersection099,intersection,,116.357047,40.003100,
,1310,OSMintersection100,intersection,,116.356990,40.003099,
,1310,OSMintersection101,intersection,,116.356694,40.003096,
,1310,OSMintersection102,intersection,,116.359615,40.003085,
,1310,OSMintersection103,intersection,,116.356277,40.003080,
,1310,OSMintersection104,intersection,,116.356695,40.003069,
,1310,OSMintersection105,intersection,,116.354825,40.003047,
,1310,OSMintersection106,intersection,,116.358305,40.003032,
,1310,OSMintersection107,intersection,,116.357767,40.002981,
,1310,OSMintersection108,intersection,,116.357627,40.002974,
,1310,OSMintersection109,intersection,,116.357300,40.002957,
,1310,OSMintersection110,intersection,,116.356996,40.002941,
,1310,OSMintersection111,intersection,,116.356695,40.002926,
,1310,OSMintersection112,intersection,,116.356285,40.002906,
,1310,OSMintersection113,intersection,,116.357632,40.002898,
,1310,OSMintersection114,intersection,,116.354837,40.002862,
,1310,OSMintersection115,intersection,,116.358314,40.002856,
,1310,OSMintersection116,intersection,,116.357724,40.002838,
,1310,OSMturn117,turn,,116.362487,40.002806,
,1310,OSMintersection118,intersection,,116.361654,40.002805,
,1310,OSMintersection119,intersection,,116.360704,40.002798,
,1310,OSMintersection120,intersection,,116.354751,40.002751,
,1310,OSMintersection121,intersection,,116.357848,40.002743,
,1310,OSMintersection122,intersection,,116.358320,40.002577,
,1310,OSMintersection123,intersection,,116.357813,40.002557,
,1310,OSMintersection124,intersection,,116.357659,40.002549,
,1310,OSMintersection125,intersection,,116.356996,40.002527,
,1310,OSMintersection126,intersection,,116.356302,40.002510,
,1310,OSMintersection127,intersection,,116.355502,40.002466,
,1310,OSMturn128,turn,,116.354869,40.002443,
,1310,OSMturn129,turn,,116.361190,40.002244,
,1310,OSMintersection130,intersection,,116.360696,40.002227,
,1310,OSMintersection131,intersection,,116.360384,40.002222,
,1310,OSMintersection132,intersection,,116.359651,40.002211,
,1310,OSMturn133,turn,,116.358778,40.002197,
,1310,OSMturn134,turn,,116.358554,40.002194,
,1310,OSMturn135,turn,,116.358342,40.002190,
,1310,OSMturn136,turn,,116.357573,40.002189,
,1310,OSMturn137,turn,,116.358344,40.002153,
,1310,OSMintersection138,intersection,,116.357589,40.002126,
,1310,OSMintersection139,intersection,,116.357029,40.002121,
,1310,OSMintersection140,intersection,,116.357039,40.001866,
,1310,OSMintersection141,intersection,,116.361218,40.001859,
,1310,OSMturn142,turn,,116.356514,40.001854,
,1310,OSMintersection143,intersection,,116.360388,40.001838,
,1310,OSMintersection144,intersection,,116.356094,40.001763,
,1310,OSMintersection145,intersection,,116.356040,40.001761,
,1310,OSMintersection146,intersection,,116.355529,40.001753,
,1310,OSMturn147,turn,,116.355153,40.001743,
,1310,OSMturn148,turn,,116.354805,40.001666,
,1310,OSMturn149,turn,,116.355329,40.001653,
,1310,OSMturn150,turn,,116.361238,40.001591,
,1310,OSMintersection151,intersection,,116.360400,40.001566,
,1310,OSMturn152,turn,,116.355538,40.001563,
,1310,OSMintersection153,intersection,,116.355536,40.001541,
,1310,OSMturn154,turn,,116.357061,40.001522,
,1310,OSMturn155,turn,,116.354770,40.001518,
,1310,OSMturn156,turn,,116.356619,40.001512,
,1310,OSMintersection157,intersection,,116.356534,40.001510,
,1310,OSMintersection158,intersection,,116.358372,40.001504,
,1310,OSMturn159,turn,,116.356310,40.001504,
,1310,OSMintersection160,intersection,,116.356104,40.001498,
,1310,OSMturn161,turn,,116.355535,40.001482,
,1310,OSMintersection162,intersection,,116.356312,40.001463,
,1310,OSMintersection163,intersection,,116.362139,40.001459,
,1310,OSMturn164,turn,,116.358375,40.001436,
,1310,OSMturn165,turn,,116.354872,40.001434,
,1310,OSMintersection166,intersection,,116.358378,40.001330,
,1310,OSMintersection167,intersection,,116.356322,40.001259,
,1310,OSMintersection168,intersection,,116.353153,40.001149,
,1310,中国农业大学东校区,place,,116.357452,40.003724,
,1310,中国农业大学东校区入口,gate,,116.356837,40.001220,
,1310,中国农业大学东区图书馆,place,,116.355655,40.003427,
,1310,中国农业大学新图书馆,place,,116.358780,40.006170,
,1310,马锦明大楼（主楼）,place,,116.356249,40.002033,
,1310,第一教学楼,place,,116.356918,40.002721,
,1310,二教,place,,116.355437,40.002673,
,1310,Teaching Building 3,place,,116.357107,40.004701,
,1310,中国农业大学体育馆,place,,116.359208,40.004088,
,1310,信息与电气工程学院,place,,116.356357,40.006620,
,1310,工学院,place,,116.357433,40.005859,
,1310,国际学院,place,,116.361089,40.002961,
,1310,Israeli Building,place,,116.360986,40.002508,
,1310,计算中心楼,place,,116.354947,40.003553,
,1310,女生宿舍楼,place,,116.359580,40.001812,
,1310,学生公寓3号楼,place,,116.359928,40.005359,
,1310,学生公寓二号楼,place,,116.361956,40.003300,
,1310,公共浴室,facility,,116.362617,40.003067,
,1310,中国农业大学东区社区卫生服务中心,facility,,116.354230,40.003414,
,1310,近邻宝,facility,,116.361352,40.004311,
,1310,老水塔,place,,116.357700,40.002916,
,1310,毛泽东雕像,place,,116.356300,40.001724,
,1310,Here Cafe,facility,,116.357060,40.004823,
,1310,中国农业大学昆虫标本馆,place,,116.357223,40.004483,
,1312,OSMturn001,turn,,116.364232,39.964895,
,1312,OSMintersection002,intersection,,116.368180,39.964884,
,1312,OSMintersection003,intersection,,116.362847,39.964858,
,1312,OSMturn004,turn,,116.361624,39.964826,
,1312,OSMturn005,turn,,116.369276,39.964687,
,1312,OSMintersection006,intersection,,116.365236,39.964682,
,1312,OSMturn007,turn,,116.366191,39.964674,
,1312,OSMintersection008,intersection,,116.368186,39.964657,
,1312,OSMintersection009,intersection,,116.365628,39.964656,
,1312,OSMintersection010,intersection,,116.365277,39.964645,
,1312,OSMturn011,turn,,116.367337,39.964629,
,1312,OSMintersection012,intersection,,116.364245,39.964614,
,1312,OSMintersection013,intersection,,116.362860,39.964587,
,1312,OSMintersection014,intersection,,116.367342,39.964558,
,1312,OSMintersection015,intersection,,116.366204,39.964519,
,1312,OSMintersection016,intersection,,116.365342,39.964514,
,1312,OSMintersection017,intersection,,116.365447,39.964446,
,1312,OSMintersection018,intersection,,116.366214,39.964392,
,1312,OSMintersection019,intersection,,116.365536,39.964388,
,1312,OSMintersection020,intersection,,116.365371,39.964384,
,1312,OSMturn021,turn,,116.365541,39.964366,
,1312,OSMturn022,turn,,116.365368,39.964355,
,1312,OSMintersection023,intersection,,116.365035,39.964343,
,1312,OSMintersection024,intersection,,116.369282,39.964332,
,1312,OSMintersection025,intersection,,116.366221,39.964309,
,1312,OSMintersection026,intersection,,116.368262,39.964303,
,1312,OSMintersection027,intersection,,116.365941,39.964294,
,1312,OSMintersection028,intersection,,116.367442,39.964280,
,1312,OSMintersection029,intersection,,116.364949,39.964272,
,1312,OSMintersection030,intersection,,116.364397,39.964247,
,1312,OSMintersection031,intersection,,116.366226,39.964245,
,1312,OSMintersection032,intersection,,116.366232,39.964180,
,1312,OSMintersection033,intersection,,116.365948,39.964165,
,1312,OSMintersection034,intersection,,116.365337,39.964035,
,1312,OSMintersection035,intersection,,116.366245,39.964029,
,1312,OSMintersection036,intersection,,116.365046,39.964024,
,1312,OSMintersection037,intersection,,116.365626,39.964001,
,1312,OSMintersection038,intersection,,116.369288,39.964001,
,1312,OSMintersection039,intersection,,116.368295,39.963978,
,1312,OSMintersection040,intersection,,116.367472,39.963947,
,1312,OSMintersection041,intersection,,116.370430,39.963914,
,1312,OSMintersection042,intersection,,116.366254,39.963902,
,1312,OSMintersection043,intersection,,116.365932,39.963878,
,1312,OSMintersection044,intersection,,116.369303,39.963851,
,1312,OSMintersection045,intersection,,116.369297,39.963804,
,1312,OSMintersection046,intersection,,116.364442,39.963792,
,1312,OSMintersection047,intersection,,116.362947,39.963761,
,1312,OSMintersection048,intersection,,116.366266,39.963756,
,1312,OSMintersection049,intersection,,116.368325,39.963754,
,1312,OSMintersection050,intersection,,116.365658,39.963736,
,1312,OSMintersection051,intersection,,116.367747,39.963729,
,1312,OSMintersection052,intersection,,116.365348,39.963726,
,1312,OSMintersection053,intersection,,116.367491,39.963718,
,1312,OSMintersection054,intersection,,116.364990,39.963715,
,1312,OSMintersection055,intersection,,116.366274,39.963665,
,1312,OSMintersection056,intersection,,116.364993,39.963664,
,1312,OSMturn057,turn,,116.364819,39.963660,
,1312,OSMturn058,turn,,116.364450,39.963651,
,1312,OSMturn059,turn,,116.363145,39.963521,
,1312,OSMturn060,turn,,116.361925,39.963501,
,1312,OSMintersection061,intersection,,116.367765,39.963448,
,1312,OSMintersection062,intersection,,116.367027,39.963413,
,1312,OSMintersection063,intersection,,116.366299,39.963373,
,1312,OSMturn064,turn,,116.367782,39.963293,
,1312,OSMintersection065,intersection,,116.362598,39.963290,
,1312,OSMturn066,turn,,116.361929,39.963280,
,1312,OSMturn067,turn,,116.361229,39.963248,
,1312,OSMintersection068,intersection,,116.367803,39.963106,
,1312,OSMintersection069,intersection,,116.367057,39.963083,
,1312,OSMintersection070,intersection,,116.361226,39.963022,
,1312,OSMintersection071,intersection,,116.366328,39.962997,
,1312,OSMintersection072,intersection,,116.365044,39.962981,
,1312,OSMintersection073,intersection,,116.366492,39.962962,
,1312,OSMintersection074,intersection,,116.364319,39.962960,
,1312,OSMturn075,turn,,116.363529,39.962938,
,1312,OSMturn076,turn,,116.366336,39.962855,
,1312,OSMintersection077,intersection,,116.366464,39.962830,
,1312,OSMturn078,turn,,116.366339,39.962822,
,1312,OSMintersection079,intersection,,116.365056,39.962814,
,1312,OSMintersection080,intersection,,116.364836,39.962806,
,1312,OSMintersection081,intersection,,116.364330,39.962787,
,1312,OSMintersection082,intersection,,116.364173,39.962781,
,1312,OSMintersection083,intersection,,116.361252,39.962775,
,1312,OSMintersection084,intersection,,116.361053,39.962769,
,1312,OSMintersection085,intersection,,116.363835,39.962767,
,1312,OSMintersection086,intersection,,116.369376,39.962764,
,1312,OSMintersection087,intersection,,116.363540,39.962759,
,1312,OSMintersection088,intersection,,116.363044,39.962741,
,1312,OSMintersection089,intersection,,116.362860,39.962734,
,1312,OSMintersection090,intersection,,116.368837,39.962729,
,1312,OSMintersection091,intersection,,116.366589,39.962724,
,1312,OSMturn092,turn,,116.369983,39.962707,
,1312,OSMintersection093,intersection,,116.362054,39.962705,
,1312,OSMintersection094,intersection,,116.361741,39.962695,
,1312,OSMintersection095,intersection,,116.361471,39.962679,
,1312,OSMintersection096,intersection,,116.367852,39.962677,
,1312,OSMturn097,turn,,116.369385,39.962676,
,1312,OSMintersection098,intersection,,116.361261,39.962666,
,1312,OSMintersection099,intersection,,116.361058,39.962657,
,1312,OSMintersection100,intersection,,116.366728,39.962626,
,1312,OSMturn101,turn,,116.361270,39.962561,
,1312,OSMintersection102,intersection,,116.366737,39.962532,
,1312,OSMturn103,turn,,116.366553,39.962522,
,1312,OSMturn104,turn,,116.363868,39.962401,
,1312,OSMintersection105,intersection,,116.368871,39.962384,
,1312,OSMintersection106,intersection,,116.363322,39.962383,
,1312,OSMintersection107,intersection,,116.364259,39.962382,
,1312,OSMintersection108,intersection,,116.367925,39.962378,
,1312,OSMintersection109,intersection,,116.362894,39.962373,
,1312,OSMintersection110,intersection,,116.370024,39.962365,
,1312,OSMturn111,turn,,116.361284,39.962353,
,1312,OSMintersection112,intersection,,116.361070,39.962353,
,1312,OSMintersection113,intersection,,116.369476,39.962339,
,1312,OSMintersection114,intersection,,116.368879,39.962310,
,1312,OSMintersection115,intersection,,116.366759,39.962299,
,1312,OSMturn116,turn,,116.364867,39.962282,
,1312,OSMintersection117,intersection,,116.362097,39.962278,
,1312,OSMturn118,turn,,116.364740,39.962245,
,1312,OSMintersection119,intersection,,116.362145,39.962231,
,1312,OSMturn120,turn,,116.362102,39.962228,
,1312,OSMintersection121,intersection,,116.361493,39.962218,
,1312,OSMturn122,turn,,116.361428,39.962217,
,1312,OSMturn123,turn,,116.365713,39.962202,
,1312,OSMturn124,turn,,116.365596,39.962190,
,1312,OSMturn125,turn,,116.365962,39.962160,
,1312,OSMturn126,turn,,116.365701,39.962107,
,1312,OSMintersection127,intersection,,116.367933,39.962098,
,1312,OSMintersection128,intersection,,116.370058,39.962024,
,1312,OSMintersection129,intersection,,116.366784,39.962019,
,1312,OSMintersection130,intersection,,116.366408,39.962016,
,1312,OSMintersection131,intersection,,116.365598,39.962013,
,1312,OSMintersection132,intersection,,116.370441,39.962011,
,1312,OSMintersection133,intersection,,116.365969,39.961998,
,1312,OSMintersection134,intersection,,116.368913,39.961965,
,1312,OSMintersection135,intersection,,116.370627,39.961936,
,1312,OSMintersection136,intersection,,116.370435,39.961928,
,1312,OSMintersection137,intersection,,116.370335,39.961921,
,1312,OSMintersection138,intersection,,116.367957,39.961918,
,1312,OSMturn139,turn,,116.365494,39.961918,
,1312,OSMturn140,turn,,116.366796,39.961892,
,1312,OSMturn141,turn,,116.364902,39.961885,
,1312,OSMintersection142,intersection,,116.367957,39.961877,
,1312,OSMturn143,turn,,116.365938,39.961876,
,1312,OSMintersection144,intersection,,116.366076,39.961855,
,1312,OSMintersection145,intersection,,116.369110,39.961838,
,1312,OSMintersection146,intersection,,116.368927,39.961826,
,1312,OSMintersection147,intersection,,116.366103,39.961820,
,1312,OSMintersection148,intersection,,116.367959,39.961771,
,1312,OSMintersection149,intersection,,116.367867,39.961766,
,1312,OSMintersection150,intersection,,116.366435,39.961687,
,1312,OSMintersection151,intersection,,116.366114,39.961657,
,1312,OSMintersection152,intersection,,116.366450,39.961505,
,1312,OSMturn153,turn,,116.365902,39.961495,
,1312,OSMintersection154,intersection,,116.364907,39.961461,
,1312,OSMintersection155,intersection,,116.364940,39.961460,
,1312,OSMturn156,turn,,116.366061,39.961432,
,1312,OSMintersection157,intersection,,116.366144,39.961389,
,1312,OSMintersection158,intersection,,116.367892,39.961360,
,1312,OSMintersection159,intersection,,116.367717,39.961349,
,1312,OSMintersection160,intersection,,116.367626,39.961345,
,1312,OSMturn161,turn,,116.367300,39.961308,
,1312,OSMintersection162,intersection,,116.367722,39.961266,
,1312,OSMintersection163,intersection,,116.365392,39.961255,
,1312,OSMintersection164,intersection,,116.367771,39.961248,
,1312,OSMturn165,turn,,116.364967,39.961237,
,1312,OSMturn166,turn,,116.365840,39.961174,
,1312,OSMintersection167,intersection,,116.366250,39.961149,
,1312,OSMintersection168,intersection,,116.366079,39.961142,
,1312,OSMintersection169,intersection,,116.365806,39.961142,
,1312,OSMintersection170,intersection,,116.365409,39.961120,
,1312,OSMintersection171,intersection,,116.365486,39.961107,
,1312,OSMintersection172,intersection,,116.365915,39.961102,
,1312,OSMintersection173,intersection,,116.366488,39.961046,
,1312,OSMintersection174,intersection,,116.366258,39.961035,
,1312,OSMintersection175,intersection,,116.366141,39.961029,
,1312,OSMintersection176,intersection,,116.367929,39.961013,
,1312,OSMintersection177,intersection,,116.365980,39.961013,
,1312,OSMintersection178,intersection,,116.367689,39.961000,
,1312,OSMintersection179,intersection,,116.367789,39.961000,
,1312,OSMintersection180,intersection,,116.367307,39.960983,
,1312,OSMintersection181,intersection,,116.366496,39.960945,
,1312,OSMintersection182,intersection,,116.365537,39.960899,
,1312,OSMintersection183,intersection,,116.365438,39.960892,
,1312,OSMintersection184,intersection,,116.367942,39.960884,
,1312,OSMintersection185,intersection,,116.367723,39.960876,
,1312,OSMintersection186,intersection,,116.365820,39.960875,
,1312,OSMturn187,turn,,116.365449,39.960802,
,1312,OSMintersection188,intersection,,116.369187,39.960785,
,1312,OSMintersection189,intersection,,116.365938,39.960758,
,1312,OSMintersection190,intersection,,116.367956,39.960733,
,1312,OSMintersection191,intersection,,116.365828,39.960706,
,1312,OSMintersection192,intersection,,116.367964,39.960656,
,1312,OSMintersection193,intersection,,116.367744,39.960642,
,1312,OSMintersection194,intersection,,116.367650,39.960635,
,1312,OSMintersection195,intersection,,116.365793,39.960619,
,1312,OSMintersection196,intersection,,116.367090,39.960599,
,1312,OSMintersection197,intersection,,116.367094,39.960566,
,1312,OSMintersection198,intersection,,116.367973,39.960559,
,1312,OSMintersection199,intersection,,116.367660,39.960543,
,1312,OSMintersection200,intersection,,116.366889,39.960505,
,1312,OSMintersection201,intersection,,116.366533,39.960488,
,1312,OSMintersection202,intersection,,116.361275,39.960339,
,1312,OSMintersection203,intersection,,116.361503,39.960338,
,1312,OSMintersection204,intersection,,116.362121,39.960337,
,1312,OSMintersection205,intersection,,116.362326,39.960337,
,1312,OSMintersection206,intersection,,116.363512,39.960336,
,1312,OSMturn207,turn,,116.364938,39.960335,
,1312,OSMintersection208,intersection,,116.363332,39.960335,
,1312,OSMintersection209,intersection,,116.363597,39.960335,
,1312,OSMintersection210,intersection,,116.365543,39.960332,
,1312,OSMintersection211,intersection,,116.365833,39.960332,
,1312,OSMintersection212,intersection,,116.366010,39.960332,
,1312,OSMintersection213,intersection,,116.366361,39.960331,
,1312,OSMintersection214,intersection,,116.366546,39.960331,
,1312,OSMintersection215,intersection,,116.364980,39.960319,
,1312,OSMturn216,turn,,116.363664,39.960300,
,1312,OSMturn217,turn,,116.370176,39.960236,
,1312,OSMintersection218,intersection,,116.364433,39.960236,
,1312,OSMintersection219,intersection,,116.369962,39.960229,
,1312,OSMturn220,turn,,116.369238,39.960205,
,1312,OSMintersection221,intersection,,116.364433,39.960194,
,1312,OSMturn222,turn,,116.363664,39.960184,
,1312,OSMturn223,turn,,116.369240,39.960177,
,1312,OSMintersection224,intersection,,116.369835,39.960115,
,1312,OSMturn225,turn,,116.364949,39.960093,
,1312,OSMturn226,turn,,116.364519,39.960091,
,1312,OSMturn227,turn,,116.369441,39.960085,
,1312,OSMintersection228,intersection,,116.369831,39.960084,
,1312,OSMintersection229,intersection,,116.366568,39.960080,
,1312,OSMintersection230,intersection,,116.367124,39.960079,
,1312,OSMintersection231,intersection,,116.367317,39.960078,
,1312,OSMintersection232,intersection,,116.367396,39.960078,
,1312,OSMintersection233,intersection,,116.367995,39.960077,
,1312,OSMturn234,turn,,116.369564,39.960038,
,1312,OSMintersection235,intersection,,116.365024,39.960011,
,1312,OSMintersection236,intersection,,116.369754,39.960001,
,1312,OSMintersection237,intersection,,116.369617,39.959993,
,1312,OSMintersection238,intersection,,116.366574,39.959989,
,1312,OSMintersection239,intersection,,116.366463,39.959988,
,1312,OSMintersection240,intersection,,116.366339,39.959986,
,1312,OSMintersection241,intersection,,116.366076,39.959983,
,1312,OSMintersection242,intersection,,116.365409,39.959973,
,1312,OSMintersection243,intersection,,116.369803,39.959957,
,1312,OSMintersection244,intersection,,116.363331,39.959950,
,1312,OSMintersection245,intersection,,116.363596,39.959948,
,1312,OSMintersection246,intersection,,116.363047,39.959947,
,1312,OSMintersection247,intersection,,116.362802,39.959945,
,1312,OSMturn248,turn,,116.362584,39.959944,
,1312,OSMturn249,turn,,116.369598,39.959920,
,1312,OSMintersection250,intersection,,116.366460,39.959906,
,1312,OSMintersection251,intersection,,116.366465,39.959887,
,1312,OSMintersection252,intersection,,116.362783,39.959857,
,1312,OSMintersection253,intersection,,116.362861,39.959843,
,1312,OSMturn254,turn,,116.366487,39.959837,
,1312,OSMintersection255,intersection,,116.369804,39.959817,
,1312,OSMturn256,turn,,116.367393,39.959810,
,1312,OSMturn257,turn,,116.362727,39.959810,
,1312,OSMturn258,turn,,116.367724,39.959807,
,1312,OSMturn259,turn,,116.362878,39.959802,
,1312,OSMintersection260,intersection,,116.362583,39.959801,
,1312,OSMintersection261,intersection,,116.367306,39.959801,
,1312,OSMintersection262,intersection,,116.363045,39.959799,
,1312,OSMintersection263,intersection,,116.367755,39.959787,
,1312,OSMturn264,turn,,116.367624,39.959787,
,1312,OSMintersection265,intersection,,116.362736,39.959778,
,1312,OSMturn266,turn,,116.366485,39.959773,
,1312,OSMintersection267,intersection,,116.362118,39.959769,
,1312,OSMintersection268,intersection,,116.362849,39.959760,
,1312,OSMintersection269,intersection,,116.361751,39.959759,
,1312,OSMturn270,turn,,116.362799,39.959749,
,1312,OSMintersection271,intersection,,116.367277,39.959747,
,1312,OSMintersection272,intersection,,116.367611,39.959744,
,1312,OSMturn273,turn,,116.367428,39.959743,
,1312,OSMintersection274,intersection,,116.367696,39.959743,
,1312,OSMintersection275,intersection,,116.367761,39.959738,
,1312,OSMturn276,turn,,116.367308,39.959710,
,1312,OSMturn277,turn,,116.367647,39.959703,
,1312,OSMintersection278,intersection,,116.367705,39.959699,
,1312,OSMintersection279,intersection,,116.369286,39.959696,
,1312,OSMturn280,turn,,116.366451,39.959665,
,1312,OSMintersection281,intersection,,116.362117,39.959658,
,1312,OSMintersection282,intersection,,116.362583,39.959654,
,1312,OSMintersection283,intersection,,116.362809,39.959652,
,1312,OSMturn284,turn,,116.363043,39.959651,
,1312,OSMturn285,turn,,116.370208,39.959609,
,1312,OSMturn286,turn,,116.366467,39.959606,
,1312,OSMintersection287,intersection,,116.369998,39.959595,
,1312,OSMintersection288,intersection,,116.366085,39.959582,
,1312,OSMturn289,turn,,116.365415,39.959577,
,1312,OSMintersection290,intersection,,116.369300,39.959549,
,1312,OSMintersection291,intersection,,116.366151,39.959545,
,1312,OSMintersection292,intersection,,116.366611,39.959537,
,1312,OSMintersection293,intersection,,116.366186,39.959525,
,1312,OSMintersection294,intersection,,116.366450,39.959522,
,1312,OSMintersection295,intersection,,116.365030,39.959515,
,1312,OSMturn296,turn,,116.365347,39.959512,
,1312,OSMintersection297,intersection,,116.369307,39.959474,
,1312,OSMintersection298,intersection,,116.369112,39.959462,
,1312,OSMintersection299,intersection,,116.368969,39.959453,
,1312,OSMintersection300,intersection,,116.368409,39.959426,
,1312,OSMintersection301,intersection,,116.368274,39.959419,
,1312,OSMintersection302,intersection,,116.368058,39.959415,
,1312,OSMintersection303,intersection,,116.367972,39.959413,
,1312,OSMintersection304,intersection,,116.367422,39.959401,
,1312,OSMintersection305,intersection,,116.367317,39.959399,
,1312,OSMintersection306,intersection,,116.367129,39.959395,
,1312,OSMintersection307,intersection,,116.366624,39.959383,
,1312,OSMintersection308,intersection,,116.365347,39.959368,
,1312,OSMturn309,turn,,116.365032,39.959364,
,1312,OSMintersection310,intersection,,116.362115,39.959333,
,1312,OSMintersection311,intersection,,116.362204,39.959332,
,1312,OSMturn312,turn,,116.366187,39.959330,
,1312,OSMintersection313,intersection,,116.362320,39.959327,
,1312,OSMintersection314,intersection,,116.363209,39.959322,
,1312,OSMintersection315,intersection,,116.363330,39.959322,
,1312,OSMintersection316,intersection,,116.363597,39.959322,
,1312,OSMintersection317,intersection,,116.365022,39.959320,
,1312,OSMintersection318,intersection,,116.362616,39.959320,
,1312,OSMintersection319,intersection,,116.363691,39.959319,
,1312,OSMintersection320,intersection,,116.365359,39.959318,
,1312,OSMturn321,turn,,116.366187,39.959316,
,1312,OSMintersection322,intersection,,116.366629,39.959312,
,1312,OSMintersection323,intersection,,116.361987,39.959291,
,1312,OSMintersection324,intersection,,116.361777,39.959289,
,1312,OSMintersection325,intersection,,116.361330,39.959284,
,1312,OSMintersection326,intersection,,116.369351,39.959095,
,1312,OSMintersection327,intersection,,116.369136,39.959088,
,1312,OSMturn328,turn,,116.369413,39.959087,
,1312,OSMintersection329,intersection,,116.368998,39.959083,
,1312,OSMintersection330,intersection,,116.368710,39.959074,
,1312,OSMintersection331,intersection,,116.370751,39.959072,
,1312,OSMintersection332,intersection,,116.368439,39.959066,
,1312,OSMintersection333,intersection,,116.368293,39.959061,
,1312,OSMintersection334,intersection,,116.370451,39.959058,
,1312,OSMintersection335,intersection,,116.368072,39.959055,
,1312,OSMintersection336,intersection,,116.367934,39.959049,
,1312,OSMintersection337,intersection,,116.369490,39.959049,
,1312,OSMintersection338,intersection,,116.366671,39.959003,
,1312,OSMintersection339,intersection,,116.368078,39.958962,
,1312,OSMturn340,turn,,116.368179,39.958924,
,1312,OSMintersection341,intersection,,116.368242,39.958905,
,1312,OSMintersection342,intersection,,116.362614,39.958903,
,1312,OSMintersection343,intersection,,116.369153,39.958900,
,1312,OSMintersection344,intersection,,116.362331,39.958898,
,1312,OSMintersection345,intersection,,116.369014,39.958894,
,1312,OSMintersection346,intersection,,116.362202,39.958893,
,1312,OSMintersection347,intersection,,116.361987,39.958892,
,1312,OSMintersection348,intersection,,116.361782,39.958890,
,1312,OSMintersection349,intersection,,116.368729,39.958881,
,1312,OSMturn350,turn,,116.368275,39.958880,
,1312,OSMintersection351,intersection,,116.368455,39.958869,
,1312,OSMintersection352,intersection,,116.368183,39.958868,
,1312,OSMturn353,turn,,116.368308,39.958862,
,1312,OSMintersection354,intersection,,116.363693,39.958855,
,1312,OSMintersection355,intersection,,116.365032,39.958847,
,1312,OSMintersection356,intersection,,116.364763,39.958846,
,1312,OSMintersection357,intersection,,116.364628,39.958846,
,1312,OSMturn358,turn,,116.368725,39.958794,
,1312,OSMturn359,turn,,116.368650,39.958757,
,1312,OSMturn360,turn,,116.368744,39.958615,
,1312,OSMintersection361,intersection,,116.361785,39.958575,
,1312,OSMintersection362,intersection,,116.362611,39.958572,
,1312,OSMintersection363,intersection,,116.365031,39.958565,
,1312,OSMintersection364,intersection,,116.362928,39.958563,
,1312,OSMintersection365,intersection,,116.363193,39.958562,
,1312,OSMintersection366,intersection,,116.363692,39.958558,
,1312,OSMintersection367,intersection,,116.369185,39.958557,
,1312,OSMintersection368,intersection,,116.366710,39.958554,
,1312,OSMintersection369,intersection,,116.369042,39.958549,
,1312,OSMintersection370,intersection,,116.368770,39.958539,
,1312,OSMintersection371,intersection,,116.368484,39.958528,
,1312,OSMintersection372,intersection,,116.368334,39.958521,
,1312,OSMintersection373,intersection,,116.368777,39.958461,
,1312,OSMturn374,turn,,116.362932,39.958445,
,1312,OSMintersection375,intersection,,116.361788,39.958442,
,1312,OSMturn376,turn,,116.361605,39.958438,
,1312,OSMturn377,turn,,116.369413,39.958384,
,1312,OSMintersection378,intersection,,116.369202,39.958374,
,1312,OSMintersection379,intersection,,116.368534,39.958373,
,1312,OSMintersection380,intersection,,116.369057,39.958371,
,1312,OSMintersection381,intersection,,116.368346,39.958357,
,1312,OSMturn382,turn,,116.368121,39.958347,
,1312,OSMturn383,turn,,116.370506,39.958336,
,1312,OSMintersection384,intersection,,116.370289,39.958331,
,1312,OSMturn385,turn,,116.369536,39.958315,
,1312,OSMintersection386,intersection,,116.367987,39.958289,
,1312,OSMintersection387,intersection,,116.361602,39.958267,
,1312,OSMintersection388,intersection,,116.366722,39.958176,
,1312,OSMintersection389,intersection,,116.370299,39.958063,
,1312,北京师范大学,place,,116.365964,39.961697,
,1312,北京师范大学南门,gate,,116.368215,39.958016,
,1312,图书馆,place,,116.368580,39.961038,
,1312,主楼,place,,116.368656,39.960071,
,1312,教二楼,place,,116.370025,39.959374,
,1312,教四楼,place,,116.369927,39.960462,
,1312,教六楼,place,,116.367231,39.961311,
,1312,教七楼,place,,116.367397,39.960780,
,1312,教八楼,place,,116.367404,39.960248,
,1312,教九楼,place,,116.366957,39.959733,
,1312,教十楼,place,,116.367410,39.959221,
,1312,A教学楼,place,,116.368329,39.962884,
,1312,B教学楼,place,,116.368401,39.963523,
,1312,C教学楼,place,,116.367999,39.963184,
,1312,D教学楼,place,,116.368049,39.963532,
,1312,邱季端体育馆,place,,116.364340,39.959823,
,1312,东操场,place,,116.364168,39.961549,
,1312,西操场,place,,116.362822,39.961542,
,1312,学生活动中心,place,,116.363372,39.962530,
,1312,艺术楼,place,,116.362489,39.962498,
,1312,化学楼,place,,116.362518,39.963134,
,1312,生地楼,place,,116.364089,39.963263,
,1312,标本馆,place,,116.364001,39.963285,
,1312,科技楼,place,,116.365474,39.961625,
,1312,京师学堂,place,,116.366158,39.960716,
,1312,敬文讲堂,place,,116.366867,39.960773,
,1312,励耘学苑,place,,116.369748,39.961344,
,1312,人工智能学院,place,,116.367708,39.961432,
,1312,物理学系,place,,116.367483,39.959254,
,1312,天文学系,place,,116.367260,39.959261,
,1312,新乐群餐厅,facility,,116.362137,39.958694,
,1312,西北餐厅,facility,,116.362924,39.958690,
,1312,西南餐厅,facility,,116.362924,39.959093,
,1312,兰蕙餐厅,facility,,116.361619,39.959017,
,1312,学生第六食堂,facility,,116.369486,39.961258,
,1312,教工食堂,facility,,116.367346,39.963218,
,1312,实习餐厅,facility,,116.367456,39.962914,
,1312,乐育超市,facility,,116.367747,39.962235,
,1312,学1楼,place,,116.361808,39.961920,
,1312,学3楼,place,,116.361876,39.960875,
,1312,学7楼,place,,116.362805,39.959483,
,1312,学10楼,place,,116.361972,39.958306,
,1312,乐育1楼,place,,116.370198,39.962318,
,1312,乐育5楼,place,,116.368270,39.962031,
,1312,乐育9楼,place,,116.367346,39.962443,
,1312,木铎,place,,116.368194,39.958761,
,1312,北京师范大学百年钟,place,,116.367796,39.961170,
,1312,校训碑,place,,116.366636,39.958932,
,1313,OSMturn001,turn,,116.360740,39.965000,
,1313,OSMturn002,turn,,116.359341,39.964956,
,1313,OSMturn003,turn,,116.357066,39.964900,
,1313,OSMintersection004,intersection,,116.358619,39.964890,
,1313,OSMturn005,turn,,116.356147,39.964874,
,1313,OSMintersection006,intersection,,116.357810,39.964808,
,1313,OSMintersection007,intersection,,116.356165,39.964665,
,1313,OSMintersection008,intersection,,116.361063,39.964569,
,1313,OSMintersection009,intersection,,116.360756,39.964559,
,1313,OSMintersection010,intersection,,116.360258,39.964535,
,1313,OSMintersection011,intersection,,116.359692,39.964528,
,1313,OSMturn012,turn,,116.359358,39.964524,
,1313,OSMturn013,turn,,116.356178,39.964508,
,1313,OSMintersection014,intersection,,116.355450,39.964496,
,1313,OSMintersection015,intersection,,116.359373,39.964443,
,1313,OSMintersection016,intersection,,116.358609,39.964430,
,1313,OSMintersection017,intersection,,116.357104,39.964382,
,1313,OSMintersection018,intersection,,116.358599,39.964381,
,1313,OSMintersection019,intersection,,116.358074,39.964370,
,1313,OSMintersection020,intersection,,116.357851,39.964364,
,1313,OSMturn021,turn,,116.357119,39.964197,
,1313,OSMintersection022,intersection,,116.356196,39.964186,
,1313,OSMintersection023,intersection,,116.360780,39.964163,
,1313,OSMintersection024,intersection,,116.355508,39.964159,
,1313,OSMintersection025,intersection,,116.360290,39.964148,
,1313,OSMintersection026,intersection,,116.358083,39.964120,
,1313,OSMintersection027,intersection,,116.357876,39.964109,
,1313,OSMintersection028,intersection,,116.355414,39.963885,
,1313,OSMintersection029,intersection,,116.358640,39.963839,
,1313,OSMintersection030,intersection,,116.357776,39.963820,
,1313,OSMturn031,turn,,116.357430,39.963789,
,1313,OSMturn032,turn,,116.357371,39.963788,
,1313,OSMintersection033,intersection,,116.356630,39.963780,
,1313,OSMintersection034,intersection,,116.356655,39.963780,
,1313,OSMturn035,turn,,116.357143,39.963780,
,1313,OSMturn036,turn,,116.356103,39.963774,
,1313,OSMintersection037,intersection,,116.356210,39.963771,
,1313,OSMintersection038,intersection,,116.355498,39.963758,
,1313,OSMintersection039,intersection,,116.356212,39.963676,
,1313,OSMintersection040,intersection,,116.359721,39.963672,
,1313,OSMintersection041,intersection,,116.358893,39.963659,
,1313,OSMintersection042,intersection,,116.358855,39.963659,
,1313,OSMintersection043,intersection,,116.358647,39.963656,
,1313,OSMintersection044,intersection,,116.355415,39.963654,
,1313,OSMturn045,turn,,116.357555,39.963577,
,1313,OSMintersection046,intersection,,116.357440,39.963554,
,1313,OSMintersection047,intersection,,116.357377,39.963540,
,1313,OSMintersection048,intersection,,116.360816,39.963495,
,1313,OSMintersection049,intersection,,116.360345,39.963490,
,1313,OSMturn050,turn,,116.358663,39.963335,
,1313,OSMintersection051,intersection,,116.357598,39.963304,
,1313,OSMintersection052,intersection,,116.357479,39.963302,
,1313,OSMturn053,turn,,116.357363,39.963300,
,1313,OSMintersection054,intersection,,116.357173,39.963297,
,1313,OSMintersection055,intersection,,116.358665,39.963296,
,1313,OSMintersection056,intersection,,116.358481,39.963191,
,1313,OSMintersection057,intersection,,116.359750,39.963093,
,1313,OSMturn058,turn,,116.360838,39.963033,
,1313,OSMintersection059,intersection,,116.360372,39.963013,
,1313,OSMintersection060,intersection,,116.358677,39.962994,
,1313,OSMturn061,turn,,116.358576,39.962992,
,1313,OSMintersection062,intersection,,116.358592,39.962975,
,1313,OSMintersection063,intersection,,116.358657,39.962635,
,1313,OSMintersection064,intersection,,116.358591,39.962631,
,1313,OSMintersection065,intersection,,116.357208,39.962611,
,1313,OSMintersection066,intersection,,116.357210,39.962566,
,1313,OSMintersection067,intersection,,116.358554,39.962417,
,1313,OSMintersection068,intersection,,116.360914,39.962412,
,1313,OSMintersection069,intersection,,116.360413,39.962404,
,1313,OSMintersection070,intersection,,116.360410,39.962354,
,1313,OSMintersection071,intersection,,116.358724,39.962349,
,1313,OSMintersection072,intersection,,116.360409,39.962337,
,1313,OSMintersection073,intersection,,116.358091,39.962326,
,1313,OSMintersection074,intersection,,116.357853,39.962317,
,1313,OSMintersection075,intersection,,116.357223,39.962305,
,1313,OSMintersection076,intersection,,116.356290,39.962276,
,1313,OSMintersection077,intersection,,116.355471,39.962254,
,1313,OSMturn078,turn,,116.359226,39.962246,
,1313,OSMintersection079,intersection,,116.357865,39.962057,
,1313,OSMintersection080,intersection,,116.358120,39.962032,
,1313,OSMintersection081,intersection,,116.359233,39.962030,
,1313,OSMturn082,turn,,116.358914,39.962024,
,1313,OSMintersection083,intersection,,116.358722,39.961756,
,1313,OSMintersection084,intersection,,116.357247,39.961731,
,1313,OSMintersection085,intersection,,116.358726,39.961706,
,1313,OSMintersection086,intersection,,116.359327,39.961701,
,1313,OSMintersection087,intersection,,116.356331,39.961699,
,1313,OSMintersection088,intersection,,116.358767,39.961697,
,1313,OSMintersection089,intersection,,116.355510,39.961683,
,1313,OSMintersection090,intersection,,116.359330,39.961667,
,1313,OSMintersection091,intersection,,116.360081,39.961644,
,1313,OSMturn092,turn,,116.359333,39.961635,
,1313,OSMintersection093,intersection,,116.355368,39.961624,
,1313,OSMintersection094,intersection,,116.360917,39.961519,
,1313,OSMintersection095,intersection,,116.360088,39.961418,
,1313,OSMturn096,turn,,116.356205,39.961295,
,1313,OSMturn097,turn,,116.355685,39.961265,
,1313,OSMturn098,turn,,116.357257,39.961233,
,1313,OSMintersection099,intersection,,116.357041,39.961231,
,1313,OSMturn100,turn,,116.356902,39.961227,
,1313,OSMturn101,turn,,116.356761,39.961225,
,1313,OSMintersection102,intersection,,116.356349,39.961210,
,1313,OSMintersection103,intersection,,116.359611,39.961200,
,1313,OSMturn104,turn,,116.359410,39.961198,
,1313,OSMintersection105,intersection,,116.359342,39.961198,
,1313,OSMintersection106,intersection,,116.355685,39.961185,
,1313,OSMintersection107,intersection,,116.355527,39.961183,
,1313,OSMintersection108,intersection,,116.356278,39.961141,
,1313,OSMintersection109,intersection,,116.355137,39.961139,
,1313,OSMintersection110,intersection,,116.356305,39.961110,
,1313,OSMturn111,turn,,116.356350,39.960792,
,1313,OSMintersection112,intersection,,116.359351,39.960738,
,1313,OSMintersection113,intersection,,116.358708,39.960725,
,1313,OSMintersection114,intersection,,116.357286,39.960709,
,1313,OSMintersection115,intersection,,116.356391,39.960691,
,1313,OSMintersection116,intersection,,116.356364,39.960690,
,1313,OSMintersection117,intersection,,116.355567,39.960674,
,1313,OSMturn118,turn,,116.355590,39.960373,
,1313,OSMturn119,turn,,116.355594,39.960312,
,1313,OSMturn120,turn,,116.359360,39.960225,
,1313,OSMintersection121,intersection,,116.358681,39.960210,
,1313,OSMintersection122,intersection,,116.357308,39.960174,
,1313,OSMturn123,turn,,116.355608,39.960127,
,1313,OSMintersection124,intersection,,116.357311,39.959923,
,1313,北门,gate,,116.357042,39.964935,
,1313,西门,gate,,116.355315,39.961128,
,1313,校医院（北京邮电大学社区卫生服务中心）,facility,,116.356839,39.959961,
,1313,北邮体育馆,place,,116.359927,39.961962,
,1313,体育场,place,,116.360130,39.960645,
,1313,综合食堂(新食堂),facility,,116.356511,39.963935,
,1313,北京邮电大学学生餐厅(老食堂),facility,,116.359049,39.963359,
,1313,学苑风味餐厅(矮食堂),facility,,116.358453,39.963566,
,1313,学生活动中心,place,,116.357311,39.964118,
,1313,学生发展中心,place,,116.357793,39.963430,
,1313,综合服务楼,facility,,116.357830,39.964206,
,1313,科研楼,place,,116.358953,39.964163,
,1313,未来学习大楼,place,,116.358372,39.961315,
,1313,科学会堂,place,,116.359019,39.961355,
,1313,教一楼,place,,116.357964,39.961931,
,1313,教二楼,place,,116.358021,39.960528,
,1313,教三楼,place,,116.356467,39.960379,
,1313,教四楼,place,,116.356282,39.961944,
,1313,档案馆,place,,116.358087,39.963099,
,1313,校史馆,place,,116.359244,39.963904,
,1313,麦当劳,facility,,116.357532,39.963649,
,1313,物美,facility,,116.357823,39.963700,
,1313,北邮邮驿站,facility,,116.357296,39.964895,
,1313,京东物流,facility,,116.358414,39.964906,
,1313,顺丰快递,facility,,116.358322,39.964906,
,1313,学生1号公寓,place,,116.355835,39.962430,
,1313,学生5号公寓,place,,116.355758,39.963543,
,1313,学生6号公寓,place,,116.358205,39.964668,
,1313,学生11号公寓,place,,116.355721,39.964699,
,1314,OSMintersection001,intersection,,116.353281,39.993455,
,1314,OSMintersection002,intersection,,116.352916,39.993442,
,1314,OSMturn003,turn,,116.348304,39.993320,
,1314,OSMintersection004,intersection,,116.344934,39.993245,
,1314,OSMintersection005,intersection,,116.353290,39.993210,
,1314,OSMintersection006,intersection,,116.352928,39.993206,
,1314,OSMintersection007,intersection,,116.350784,39.993158,
,1314,OSMturn008,turn,,116.348309,39.993088,
,1314,OSMintersection009,intersection,,116.350795,39.993008,
,1314,OSMintersection010,intersection,,116.349516,39.992989,
,1314,OSMintersection011,intersection,,116.344834,39.992980,
,1314,OSMturn012,turn,,116.348295,39.992960,
,1314,OSMintersection013,intersection,,116.347214,39.992930,
,1314,OSMturn014,turn,,116.345541,39.992879,
,1314,OSMintersection015,intersection,,116.347217,39.992728,
,1314,OSMintersection016,intersection,,116.345547,39.992688,
,1314,OSMturn017,turn,,116.345411,39.992684,
,1314,OSMintersection018,intersection,,116.350832,39.992490,
,1314,OSMintersection019,intersection,,116.350227,39.992472,
,1314,OSMintersection020,intersection,,116.349534,39.992458,
,1314,OSMintersection021,intersection,,116.349203,39.992452,
,1314,OSMintersection022,intersection,,116.348819,39.992442,
,1314,OSMintersection023,intersection,,116.348305,39.992427,
,1314,OSMintersection024,intersection,,116.348307,39.992374,
,1314,OSMintersection025,intersection,,116.345433,39.992368,
,1314,OSMintersection026,intersection,,116.347245,39.992365,
,1314,OSMintersection027,intersection,,116.344769,39.992354,
,1314,OSMintersection028,intersection,,116.347251,39.992169,
,1314,OSMintersection029,intersection,,116.346752,39.992156,
,1314,OSMintersection030,intersection,,116.346653,39.992153,
,1314,OSMintersection031,intersection,,116.346324,39.992144,
,1314,OSMintersection032,intersection,,116.346205,39.992141,
,1314,OSMintersection033,intersection,,116.345537,39.992123,
,1314,OSMintersection034,intersection,,116.345450,39.992121,
,1314,OSMturn035,turn,,116.344763,39.992088,
,1314,OSMintersection036,intersection,,116.350249,39.992038,
,1314,OSMintersection037,intersection,,116.346668,39.992034,
,1314,OSMturn038,turn,,116.346332,39.992027,
,1314,OSMintersection039,intersection,,116.346277,39.992025,
,1314,OSMintersection040,intersection,,116.349226,39.992022,
,1314,OSMintersection041,intersection,,116.349231,39.991827,
,1314,OSMintersection042,intersection,,116.348845,39.991821,
,1314,OSMintersection043,intersection,,116.348733,39.991819,
,1314,OSMintersection044,intersection,,116.348331,39.991814,
,1314,OSMintersection045,intersection,,116.348333,39.991775,
,1314,OSMintersection046,intersection,,116.347265,39.991761,
,1314,OSMintersection047,intersection,,116.346754,39.991747,
,1314,OSMintersection048,intersection,,116.346262,39.991735,
,1314,OSMintersection049,intersection,,116.351522,39.991629,
,1314,OSMintersection050,intersection,,116.351525,39.991568,
,1314,OSMintersection051,intersection,,116.350870,39.991546,
,1314,OSMturn052,turn,,116.350276,39.991525,
,1314,OSMturn053,turn,,116.346738,39.991478,
,1314,OSMintersection054,intersection,,116.346513,39.991473,
,1314,OSMturn055,turn,,116.346296,39.991469,
,1314,OSMintersection056,intersection,,116.347277,39.991427,
,1314,OSMintersection057,intersection,,116.346781,39.991416,
,1314,OSMintersection058,intersection,,116.346515,39.991410,
,1314,OSMintersection059,intersection,,116.346232,39.991404,
,1314,OSMintersection060,intersection,,116.345634,39.991391,
,1314,OSMintersection061,intersection,,116.351551,39.991190,
,1314,OSMintersection062,intersection,,116.351430,39.991186,
,1314,OSMintersection063,intersection,,116.349247,39.991117,
,1314,OSMintersection064,intersection,,116.348757,39.991100,
,1314,OSMintersection065,intersection,,116.351519,39.991084,
,1314,OSMturn066,turn,,116.351316,39.991065,
,1314,OSMintersection067,intersection,,116.347290,39.991060,
,1314,OSMintersection068,intersection,,116.345657,39.991019,
,1314,OSMintersection069,intersection,,116.344823,39.991001,
,1314,OSMintersection070,intersection,,116.352400,39.990823,
,1314,OSMintersection071,intersection,,116.351762,39.990808,
,1314,OSMintersection072,intersection,,116.351860,39.990695,
,1314,OSMintersection073,intersection,,116.353046,39.990285,
,1314,OSMintersection074,intersection,,116.352298,39.990266,
,1314,OSMintersection075,intersection,,116.352304,39.990101,
,1314,OSMturn076,turn,,116.352057,39.990098,
,1314,OSMturn077,turn,,116.352150,39.990096,
,1314,OSMintersection078,intersection,,116.351893,39.990087,
,1314,OSMintersection079,intersection,,116.353062,39.989973,
,1314,OSMintersection080,intersection,,116.352309,39.989961,
,1314,OSMintersection081,intersection,,116.351924,39.989529,
,1314,OSMintersection082,intersection,,116.351391,39.989511,
,1314,OSMintersection083,intersection,,116.351704,39.989195,
,1314,OSMturn084,turn,,116.353073,39.989082,
,1314,OSMintersection085,intersection,,116.353075,39.988971,
,1314,中国地质大学（北京）,place,,116.346760,39.990016,
,1314,中国地质大学北门,gate,,116.350180,39.993327,
,1314,中国地质大学博物馆,place,,116.350195,39.993325,
,1314,中国地质图书馆,place,,116.349799,39.991724,
,1314,中国地质大学校史馆,place,,116.348574,39.991612,
,1314,地大体育馆,place,,116.346287,39.990656,
,1314,地质大学网球场,place,,116.350382,39.989187,
,1314,棒球训练场,place,,116.350727,39.989405,
,1314,东操场,place,,116.350796,39.989942,
,1314,西操场,place,,116.349457,39.989984,
,1314,餐饮中心,facility,,116.345908,39.991738,
,1314,教职工餐厅,facility,,116.347054,39.992363,
,1314,穆斯林餐厅,facility,,116.346889,39.992626,
,1314,中国地质大学校医院,facility,,116.345786,39.992310,
,1314,教11楼,place,,116.351114,39.989253,
,1314,教10楼,place,,116.352429,39.989351,
,1314,教五楼,place,,116.351607,39.990105,
,1314,逸夫楼,place,,116.352381,39.990967,
,1314,教4楼,place,,116.350721,39.991422,
,1314,综合办公楼,place,,116.349018,39.991505,
,1314,中国地质大学信息工程学院,place,,116.352321,39.991509,
,1314,地大国际会议中心,place,,116.345157,39.991522,
,1314,学15楼,place,,116.347752,39.991595,
,1314,学14楼,place,,116.346997,39.991774,
,1314,教2楼,place,,116.351522,39.991821,
,1314,教14楼,place,,116.349058,39.992122,
,1314,综合楼,place,,116.350534,39.992213,
,1314,地调楼,place,,116.349834,39.992220,
,1314,阶梯教室,place,,116.349423,39.992233,
,1314,东2楼,place,,116.347804,39.992261,
,1314,新生代广场,place,,116.346375,39.992441,
,1314,学18楼,place,,116.345128,39.992536,
,1314,学17楼,place,,116.347737,39.992624,
,1314,水资源与环境学院,place,,116.351866,39.992691,
,1314,土地科学技术学院,place,,116.351213,39.992742,
,1314,学19楼,place,,116.348988,39.992748,
,1314,科研楼,place,,116.350209,39.992804,
,1314,小花园,place,,116.350572,39.991779,
,1314,花园,place,,116.351518,39.992271,
,1314,冬日广场,place,,116.347529,39.990680,
,1316,OSMintersection001,intersection,,116.347357,39.954394,
,1316,OSMintersection002,intersection,,116.342398,39.954379,
,1316,OSMintersection003,intersection,,116.346278,39.954341,
,1316,OSMintersection004,intersection,,116.346310,39.954211,
,1316,OSMintersection005,intersection,,116.345473,39.954057,
,1316,OSMturn006,turn,,116.345190,39.954007,
,1316,OSMintersection007,intersection,,116.344965,39.953966,
,1316,OSMintersection008,intersection,,116.344249,39.953839,
,1316,OSMintersection009,intersection,,116.343724,39.953745,
,1316,OSMintersection010,intersection,,116.345472,39.953615,
,1316,OSMintersection011,intersection,,116.342804,39.953552,
,1316,OSMintersection012,intersection,,116.344999,39.953541,
,1316,OSMturn013,turn,,116.344413,39.953428,
,1316,OSMturn014,turn,,116.345850,39.953419,
,1316,OSMintersection015,intersection,,116.345702,39.953344,
,1316,OSMintersection016,intersection,,116.347708,39.953265,
,1316,OSMintersection017,intersection,,116.345039,39.953251,
,1316,OSMturn018,turn,,116.344910,39.953199,
,1316,OSMturn019,turn,,116.339865,39.953036,
,1316,OSMintersection020,intersection,,116.346617,39.953036,
,1316,OSMintersection021,intersection,,116.345771,39.952897,
,1316,OSMintersection022,intersection,,116.345028,39.952775,
,1316,OSMturn023,turn,,116.342902,39.952744,
,1316,OSMturn024,turn,,116.342071,39.952672,
,1316,OSMintersection025,intersection,,116.344054,39.952615,
,1316,OSMintersection026,intersection,,116.340997,39.952583,
,1316,OSMintersection027,intersection,,116.343457,39.952530,
,1316,OSMintersection028,intersection,,116.347906,39.952525,
,1316,OSMintersection029,intersection,,116.342986,39.952476,
,1316,OSMintersection030,intersection,,116.342921,39.952471,
,1316,OSMturn031,turn,,116.343497,39.952378,
,1316,OSMintersection032,intersection,,116.346811,39.952374,
,1316,OSMintersection033,intersection,,116.342076,39.952325,
,1316,OSMturn034,turn,,116.343869,39.952196,
,1316,OSMintersection035,intersection,,116.341130,39.952162,
,1316,OSMintersection036,intersection,,116.346211,39.952062,
,1316,OSMintersection037,intersection,,116.340170,39.951970,
,1316,OSMintersection038,intersection,,116.339260,39.951743,
,1316,OSMturn039,turn,,116.344315,39.951727,
,1316,OSMintersection040,intersection,,116.344321,39.951705,
,1316,OSMintersection041,intersection,,116.343982,39.951683,
,1316,OSMintersection042,intersection,,116.343188,39.951568,
,1316,OSMintersection043,intersection,,116.338284,39.951562,
,1316,OSMintersection044,intersection,,116.337276,39.951542,
,1316,OSMintersection045,intersection,,116.342756,39.951493,
,1316,OSMturn046,turn,,116.336845,39.951463,
,1316,OSMintersection047,intersection,,116.342330,39.951416,
,1316,OSMintersection048,intersection,,116.336917,39.951304,
,1316,OSMintersection049,intersection,,116.341418,39.951251,
,1316,OSMintersection050,intersection,,116.336603,39.951229,
,1316,OSMturn051,turn,,116.340435,39.951170,
,1316,OSMturn052,turn,,116.340463,39.951079,
,1316,OSMintersection053,intersection,,116.339463,39.950974,
,1316,OSMturn054,turn,,116.346600,39.950769,
,1316,OSMturn055,turn,,116.344666,39.950448,
,1316,OSMintersection056,intersection,,116.341209,39.950176,
,1316,OSMturn057,turn,,116.343299,39.949631,
,1316,OSMintersection058,intersection,,116.338873,39.949529,
,1316,OSMintersection059,intersection,,116.341397,39.949375,
,1316,OSMturn060,turn,,116.341465,39.949188,
,1316,OSMturn061,turn,,116.340025,39.949115,
,1316,OSMintersection062,intersection,,116.341492,39.949110,
,1316,北京交通大学主校区,place,,116.343057,39.951838,
,1316,北京交通大学东门,gate,,116.347399,39.953853,
,1316,图书馆,place,,116.343484,39.952042,
,1316,交大校史博物馆,place,,116.340309,39.950647,
,1316,天佑会堂,place,,116.340238,39.949964,
,1316,詹天佑雕像,place,,116.340857,39.950103,
,1316,饮水思源碑,place,,116.341125,39.950284,
,1316,世纪钟,place,,116.342172,39.950332,
,1316,思源楼,place,,116.340824,39.951492,
,1316,思源西楼,place,,116.339909,39.951227,
,1316,思源东楼,place,,116.341817,39.951545,
,1316,科学会堂,place,,116.341788,39.951837,
,1316,一号教学楼,place,,116.341568,39.952411,
,1316,二号教学楼,place,,116.340616,39.952245,
,1316,第四教学楼,place,,116.340081,39.950659,
,1316,第五教学楼,place,,116.342665,39.951121,
,1316,第七教学楼,place,,116.341966,39.951116,
,1316,第八教学楼,place,,116.342431,39.952624,
,1316,第九教学楼,place,,116.342338,39.949827,
,1316,东阶梯教室,place,,116.342696,39.950705,
,1316,逸夫教学楼与研究生院,place,,116.345171,39.951701,
,1316,运输设备教学馆,place,,116.342330,39.953110,
,1316,土木工程楼,place,,116.346046,39.950445,
,1316,机械楼,place,,116.345871,39.951078,
,1316,机械实验馆,place,,116.345047,39.950757,
,1316,电气工程楼,place,,116.344971,39.951284,
,1316,建筑与艺术楼,place,,116.338942,39.951416,
,1316,信息中心,place,,116.339782,39.951674,
,1316,学生活动中心,place,,116.338013,39.950545,
,1316,交大体育馆,place,,116.336918,39.951890,
,1316,北京交通大学综合体育馆,place,,116.338777,39.952788,
,1316,篮球场,place,,116.338826,39.951959,
,1316,排球场,place,,116.339234,39.952045,
,1316,网球场,place,,116.339725,39.952144,
,1316,逸夫操场,place,,116.345059,39.952354,
,1316,西操场,place,,116.337861,39.952405,
,1316,学生一食堂,facility,,116.343470,39.953125,
,1316,益民餐厅,facility,,116.343805,39.953102,
,1316,学生第二食堂,facility,,116.337903,39.950622,
,1316,学生第三食堂,facility,,116.338036,39.950570,
,1316,学生第四食堂,facility,,116.344370,39.949663,
,1316,清真食堂（主校区）,facility,,116.338384,39.950422,
,1316,校医院,facility,,116.346883,39.953400,
,1316,2号学生公寓,place,,116.340481,39.949329,
,1316,12号学生公寓,place,,116.339331,39.949818,
,1316,18号学生公寓,place,,116.343561,39.952782,
,1316,16号学生公寓,place,,116.343340,39.953495,
,1316,19号学生公寓,place,,116.339484,39.949298,
,1316,22号学生公寓,place,,116.338381,39.949726,
,1317,OSMturn001,turn,,116.317596,39.965460,
,1317,OSMintersection002,intersection,,116.317643,39.965374,
,1317,OSMintersection003,intersection,,116.317361,39.965307,
,1317,OSMintersection004,intersection,,116.312412,39.965303,
,1317,OSMintersection005,intersection,,116.315952,39.965299,
,1317,OSMturn006,turn,,116.316985,39.965294,
,1317,OSMturn007,turn,,116.317379,39.965277,
,1317,OSMintersection008,intersection,,116.317712,39.965267,
,1317,OSMintersection009,intersection,,116.317005,39.965246,
,1317,OSMintersection010,intersection,,116.316784,39.965216,
,1317,OSMintersection011,intersection,,116.317042,39.965188,
,1317,OSMintersection012,intersection,,116.317070,39.965152,
,1317,OSMturn013,turn,,116.315491,39.965130,
,1317,OSMintersection014,intersection,,116.316213,39.964943,
,1317,OSMintersection015,intersection,,116.316372,39.964940,
,1317,OSMturn016,turn,,116.316391,39.964907,
,1317,OSMintersection017,intersection,,116.316258,39.964871,
,1317,OSMturn018,turn,,116.311185,39.964770,
,1317,OSMturn019,turn,,116.310696,39.964716,
,1317,OSMintersection020,intersection,,116.310297,39.964675,
,1317,OSMintersection021,intersection,,116.310246,39.964667,
,1317,OSMintersection022,intersection,,116.310508,39.964654,
,1317,OSMturn023,turn,,116.310044,39.964647,
,1317,OSMintersection024,intersection,,116.311206,39.964645,
,1317,OSMintersection025,intersection,,116.310297,39.964633,
,1317,OSMintersection026,intersection,,116.310935,39.964615,
,1317,OSMintersection027,intersection,,116.318081,39.964604,
,1317,OSMintersection028,intersection,,116.315310,39.964598,
,1317,OSMturn029,turn,,116.309319,39.964560,
,1317,OSMturn030,turn,,116.315182,39.964549,
,1317,OSMintersection031,intersection,,116.315347,39.964543,
,1317,OSMintersection032,intersection,,116.311219,39.964319,
,1317,OSMintersection033,intersection,,116.313033,39.964249,
,1317,OSMintersection034,intersection,,116.310364,39.964220,
,1317,OSMintersection035,intersection,,116.311138,39.964184,
,1317,OSMturn036,turn,,116.309405,39.964178,
,1317,OSMturn037,turn,,116.311172,39.964137,
,1317,OSMturn038,turn,,116.311233,39.964123,
,1317,OSMintersection039,intersection,,116.316735,39.964105,
,1317,OSMintersection040,intersection,,116.311160,39.964096,
,1317,OSMturn041,turn,,116.311294,39.964075,
,1317,OSMturn042,turn,,116.310708,39.964069,
,1317,OSMintersection043,intersection,,116.311173,39.964035,
,1317,OSMintersection044,intersection,,116.311905,39.964026,
,1317,OSMturn045,turn,,116.311700,39.964019,
,1317,OSMintersection046,intersection,,116.311892,39.964001,
,1317,OSMintersection047,intersection,,116.311184,39.964000,
,1317,OSMintersection048,intersection,,116.311696,39.963985,
,1317,OSMturn049,turn,,116.311847,39.963963,
,1317,OSMturn050,turn,,116.311218,39.963960,
,1317,OSMturn051,turn,,116.311289,39.963927,
,1317,OSMturn052,turn,,116.310582,39.963896,
,1317,OSMintersection053,intersection,,116.309036,39.963891,
,1317,OSMintersection054,intersection,,116.311169,39.963882,
,1317,OSMturn055,turn,,116.311130,39.963843,
,1317,OSMturn056,turn,,116.310885,39.963802,
,1317,OSMintersection057,intersection,,116.313304,39.963794,
,1317,OSMintersection058,intersection,,116.310949,39.963781,
,1317,OSMintersection059,intersection,,116.313252,39.963776,
,1317,OSMintersection060,intersection,,116.310654,39.963741,
,1317,OSMintersection061,intersection,,116.310707,39.963727,
,1317,OSMturn062,turn,,116.312879,39.963643,
,1317,OSMintersection063,intersection,,116.312565,39.963603,
,1317,OSMintersection064,intersection,,116.312597,39.963543,
,1317,OSMintersection065,intersection,,116.310003,39.963507,
,1317,OSMintersection066,intersection,,116.312629,39.963492,
,1317,OSMturn067,turn,,116.312341,39.963451,
,1317,OSMintersection068,intersection,,116.310550,39.963432,
,1317,OSMintersection069,intersection,,116.312358,39.963421,
,1317,OSMintersection070,intersection,,116.309419,39.963391,
,1317,OSMturn071,turn,,116.317186,39.963372,
,1317,OSMintersection072,intersection,,116.312128,39.963340,
,1317,OSMintersection073,intersection,,116.310168,39.963307,
,1317,OSMturn074,turn,,116.311922,39.963302,
,1317,OSMintersection075,intersection,,116.311937,39.963276,
,1317,OSMintersection076,intersection,,116.311662,39.963203,
,1317,OSMintersection077,intersection,,116.311664,39.963179,
,1317,OSMintersection078,intersection,,116.311335,39.963168,
,1317,OSMintersection079,intersection,,116.311363,39.963086,
,1317,OSMintersection080,intersection,,116.311041,39.963068,
,1317,OSMintersection081,intersection,,116.309366,39.963022,
,1317,OSMintersection082,intersection,,116.311077,39.963000,
,1317,OSMintersection083,intersection,,116.311820,39.962936,
,1317,OSMintersection084,intersection,,116.315828,39.962896,
,1317,OSMturn085,turn,,116.311542,39.962836,
,1317,OSMintersection086,intersection,,116.310051,39.962756,
,1317,OSMintersection087,intersection,,116.309971,39.962731,
,1317,OSMintersection088,intersection,,116.310084,39.962697,
,1317,OSMintersection089,intersection,,116.311223,39.962615,
,1317,OSMintersection090,intersection,,116.311087,39.962573,
,1317,OSMintersection091,intersection,,116.317194,39.962439,
,1317,OSMintersection092,intersection,,116.318099,39.962388,
,1317,OSMintersection093,intersection,,116.309046,39.962324,
,1317,OSMintersection094,intersection,,116.311260,39.962178,
,1317,OSMintersection095,intersection,,116.311148,39.962174,
,1317,OSMintersection096,intersection,,116.310386,39.962148,
,1317,OSMintersection097,intersection,,116.313480,39.962144,
,1317,OSMintersection098,intersection,,116.313528,39.962132,
,1317,OSMturn099,turn,,116.312835,39.962106,
,1317,OSMintersection100,intersection,,116.317197,39.962092,
,1317,OSMturn101,turn,,116.309553,39.962089,
,1317,OSMturn102,turn,,116.312663,39.961954,
,1317,OSMintersection103,intersection,,116.317021,39.961608,
,1317,OSMturn104,turn,,116.312654,39.961349,
,1317,OSMintersection105,intersection,,116.311283,39.961338,
,1317,OSMturn106,turn,,116.309569,39.961337,
,1317,OSMintersection107,intersection,,116.310407,39.961337,
,1317,OSMintersection108,intersection,,116.312546,39.961334,
,1317,OSMintersection109,intersection,,116.315855,39.961331,
,1317,OSMintersection110,intersection,,116.313539,39.961319,
,1317,OSMturn111,turn,,116.314929,39.961314,
,1317,OSMintersection112,intersection,,116.317015,39.961308,
,1317,OSMintersection113,intersection,,116.318802,39.961274,
,1317,OSMintersection114,intersection,,116.309569,39.961222,
,1317,OSMintersection115,intersection,,116.318063,39.961193,
,1317,OSMintersection116,intersection,,116.309069,39.961107,
,1317,OSMintersection117,intersection,,116.311282,39.960708,
,1317,OSMturn118,turn,,116.309010,39.960700,
,1317,OSMturn119,turn,,116.318173,39.960588,
,1317,OSMintersection120,intersection,,116.314893,39.960525,
,1317,OSMintersection121,intersection,,116.315881,39.960519,
,1317,OSMintersection122,intersection,,116.316286,39.960516,
,1317,OSMintersection123,intersection,,116.317015,39.960511,
,1317,OSMintersection124,intersection,,116.313728,39.960489,
,1317,OSMintersection125,intersection,,116.312603,39.960452,
,1317,OSMintersection126,intersection,,116.311891,39.960451,
,1317,OSMintersection127,intersection,,116.313807,39.959997,
,1317,OSMintersection128,intersection,,116.312674,39.959979,
,1317,OSMintersection129,intersection,,116.314910,39.959975,
,1317,OSMturn130,turn,,116.317499,39.959815,
,1317,OSMintersection131,intersection,,116.316365,39.959717,
,1317,OSMintersection132,intersection,,116.310036,39.959000,
,1317,OSMintersection133,intersection,,116.309375,39.958962,
,1317,OSMturn134,turn,,116.317639,39.958882,
,1317,OSMintersection135,intersection,,116.309413,39.958823,
,1317,OSMintersection136,intersection,,116.311286,39.958818,
,1317,OSMturn137,turn,,116.309074,39.958793,
,1317,OSMintersection138,intersection,,116.316397,39.958774,
,1317,OSMturn139,turn,,116.314958,39.958497,
,1317,OSMintersection140,intersection,,116.313858,39.958494,
,1317,OSMturn141,turn,,116.313752,39.958484,
,1317,OSMintersection142,intersection,,116.318617,39.958269,
,1317,OSMintersection143,intersection,,116.318654,39.958045,
,1317,OSMintersection144,intersection,,116.316390,39.957998,
,1317,OSMintersection145,intersection,,116.314967,39.957971,
,1317,OSMintersection146,intersection,,116.313899,39.957951,
,1317,OSMintersection147,intersection,,116.313750,39.957948,
,1317,OSMintersection148,intersection,,116.312684,39.957927,
,1317,OSMintersection149,intersection,,116.311295,39.957901,
,1317,OSMintersection150,intersection,,116.310783,39.957888,
,1317,OSMturn151,turn,,116.313952,39.957418,
,1317,OSMintersection152,intersection,,116.312759,39.957404,
,1317,OSMintersection153,intersection,,116.318680,39.957399,
,1317,OSMturn154,turn,,116.309310,39.957364,
,1317,OSMintersection155,intersection,,116.316390,39.957191,
,1317,北京理工大学,place,,116.315840,39.959138,
,1317,北京理工大学东门,gate,,116.318650,39.960200,
,1317,北京理工大学体育馆,place,,116.314447,39.959199,
,1317,北京理工大学足球场,place,,116.315618,39.959255,
,1317,中心教学楼,place,,116.316978,39.959273,
,1317,3号教学楼,place,,116.318435,39.960192,
,1317,4号教学楼,place,,116.318618,39.958640,
,1317,六号教学楼,place,,116.310369,39.964443,
,1317,七号教学楼,place,,116.316963,39.958431,
,1317,信息教学楼,place,,116.317170,39.957866,
,1317,研究生教学楼,place,,116.317985,39.957584,
,1317,北京理工大学校医院,facility,,116.316284,39.960700,
,1317,北京理工大学国际教育交流中心,place,,116.310760,39.962362,
,1317,北京科学会堂,place,,116.317705,39.965099,
,1317,会议楼,place,,116.317980,39.965019,
,1317,悦宾楼,place,,116.317568,39.963985,
,1317,怡宾楼,place,,116.317909,39.962763,
,1317,瑞宾楼,place,,116.318707,39.961773,
,1317,篮球场,place,,116.312844,39.958561,
,1317,篮球场北,place,,116.312834,39.958831,
,1317,3号学生公寓,place,,116.312257,39.957172,
,1317,6号学生公寓,place,,116.312073,39.958536,
,1317,11号学生宿舍,place,,116.314321,39.958248,
,1317,16号学生公寓,place,,116.311518,39.958325,
,1317,新一号宿舍,place,,116.315582,39.957697,
,1317,2号研究生公寓,place,,116.310090,39.957653,
,1317,硕博小区1号楼,place,,116.310801,39.958213,
,1317,硕博小区3号楼,place,,116.309935,39.958375,
,1317,2号教职工公寓,place,,116.310384,39.957221,
,1317,4号教职工公寓,place,,116.314344,39.957273,
,1317,第七食堂,facility,,116.313309,39.957215,
,1317,北京理工大学中关村校区2食堂,facility,,116.312767,39.960595,
,1317,北京理工大学中关村校区第3食堂,facility,,116.313670,39.960752,
,1317,北京理工大学中关村校区第八食堂,facility,,116.313675,39.960725,
,1317,教工食堂,facility,,116.313275,39.960715,
,1317,延园餐厅,facility,,116.314715,39.960865,
,1317,瑞幸咖啡(国防科技园5号楼店),facility,,116.310383,39.960169,
,1317,硕博学生商店,facility,,116.311224,39.957997,
,1319,OSMintersection001,intersection,,116.555211,39.914709,
,1319,OSMintersection002,intersection,,116.559757,39.914473,
,1319,OSMturn003,turn,,116.559623,39.914468,
,1319,OSMintersection004,intersection,,116.559831,39.914427,
,1319,OSMintersection005,intersection,,116.557836,39.914386,
,1319,OSMturn006,turn,,116.557762,39.914382,
,1319,OSMintersection007,intersection,,116.556665,39.914374,
,1319,OSMturn008,turn,,116.556691,39.914327,
,1319,OSMintersection009,intersection,,116.555263,39.914284,
,1319,OSMintersection010,intersection,,116.559847,39.914245,
,1319,OSMintersection011,intersection,,116.559838,39.914214,
,1319,OSMturn012,turn,,116.559792,39.914163,
,1319,OSMintersection013,intersection,,116.559757,39.914124,
,1319,OSMintersection014,intersection,,116.559725,39.914061,
,1319,OSMturn015,turn,,116.559719,39.914024,
,1319,OSMturn016,turn,,116.560833,39.913374,
,1319,OSMturn017,turn,,116.560776,39.913371,
,1319,OSMturn018,turn,,116.560153,39.913337,
,1319,OSMturn019,turn,,116.560886,39.913335,
,1319,OSMintersection020,intersection,,116.559797,39.913314,
,1319,OSMintersection021,intersection,,116.557958,39.913199,
,1319,OSMintersection022,intersection,,116.556841,39.913129,
,1319,OSMintersection023,intersection,,116.556709,39.913121,
,1319,OSMintersection024,intersection,,116.555418,39.913024,
,1319,OSMintersection025,intersection,,116.554341,39.912942,
,1319,OSMturn026,turn,,116.559618,39.912835,
,1319,OSMintersection027,intersection,,116.557897,39.912740,
,1319,OSMintersection028,intersection,,116.556762,39.912678,
,1319,OSMturn029,turn,,116.556623,39.912670,
,1319,OSMintersection030,intersection,,116.561117,39.912442,
,1319,OSMintersection031,intersection,,116.560986,39.912433,
,1319,OSMturn032,turn,,116.561004,39.912275,
,1319,OSMintersection033,intersection,,116.561015,39.912051,
,1319,OSMintersection034,intersection,,116.561058,39.912041,
,1319,OSMintersection035,intersection,,116.558063,39.911390,
,1319,OSMturn036,turn,,116.561152,39.911327,
,1319,OSMintersection037,intersection,,116.556800,39.911110,
,1319,OSMintersection038,intersection,,116.561286,39.910987,
,1319,OSMturn039,turn,,116.561209,39.910924,
,1319,OSMturn040,turn,,116.559828,39.910672,
,1319,OSMturn041,turn,,116.559841,39.910631,
,1319,OSMturn042,turn,,116.559874,39.910593,
,1319,OSMturn043,turn,,116.559926,39.910553,
,1319,OSMturn044,turn,,116.559858,39.910550,
,1319,OSMintersection045,intersection,,116.559146,39.910501,
,1319,中国传媒大学,place,,116.558385,39.913753,
,1319,中国传媒大学西门,gate,,116.554200,39.912760,
,1319,中国传媒大学东门,gate,,116.560900,39.912620,
,1319,中国传媒大学图书馆,place,,116.557711,39.914519,
,1319,传媒博物馆,place,,116.557187,39.914450,
,1319,广告博物馆,place,,116.559368,39.914735,
,1319,校史馆,place,,116.556966,39.914511,
,1319,大阅城,place,,116.557966,39.914232,
,1319,文化广场,place,,116.557035,39.911962,
,1319,中传足球场,place,,116.558798,39.911517,
,1319,游泳馆,place,,116.560009,39.913660,
,1319,大学生活动中心,place,,116.561387,39.913184,
,1319,校医院,facility,,116.554356,39.915276,
,1319,风味餐厅,facility,,116.554521,39.914393,
,1319,星光教育超市,facility,,116.557470,39.913725,
,1319,海南鸡饭,facility,,116.557710,39.913857,
,1319,中国传媒大学国际交流中心,place,,116.560029,39.911411,
,1319,中国传媒大学停车场,facility,,116.559835,39.912665,
,1319,中国传媒大学停车场入口,gate,,116.558050,39.912310,
,1319,公共厕所,facility,,116.557820,39.911925,
,1320,OSMintersection006,intersection,,116.464279,39.985158,
,1320,OSMintersection007,intersection,,116.464347,39.985098,
,1320,OSMintersection008,intersection,,116.464530,39.984937,
,1320,OSMintersection009,intersection,,116.463962,39.984885,
,1320,OSMintersection010,intersection,,116.464749,39.984837,
,1320,OSMturn011,turn,,116.465134,39.984772,
,1320,OSMintersection012,intersection,,116.464123,39.984717,
,1320,OSMintersection013,intersection,,116.465010,39.984707,
,1320,OSMintersection014,intersection,,116.464277,39.984579,
,1320,OSMintersection015,intersection,,116.464073,39.984458,
,1320,OSMintersection016,intersection,,116.464255,39.984268,
,1320,OSMturn017,turn,,116.465878,39.984211,
,1320,OSMturn018,turn,,116.463924,39.984073,
,1320,OSMturn019,turn,,116.463923,39.984034,
,1320,OSMturn020,turn,,116.464086,39.983841,
,1320,OSMintersection021,intersection,,116.466102,39.983828,
,1320,OSMturn022,turn,,116.464440,39.983482,
,1320,OSMturn023,turn,,116.464610,39.983285,
,1320,OSMturn024,turn,,116.464565,39.982771,
,1320,OSMintersection025,intersection,,116.464546,39.982447,
,1320,OSMintersection026,intersection,,116.466162,39.982381,
,1320,OSMturn027,turn,,116.464513,39.981620,
,1320,OSMintersection028,intersection,,116.464498,39.981291,
,1320,OSMintersection041,intersection,,116.463600,39.984900,
,1320,OSMintersection042,intersection,,116.463180,39.984900,
,1320,OSMturn043,turn,,116.462650,39.985080,
,1320,OSMintersection044,intersection,,116.462200,39.985280,
,1320,中央美术学院,place,,116.463893,39.983546,
,1320,中央美术学院美术馆,place,,116.464760,39.984428,
,1320,中央美术学院图书馆,place,,116.463715,39.983792,
,1320,中央美术学院北校区图书馆,place,,116.463180,39.984825,
,1320,中央美术学院设计学院,place,,116.465257,39.981490,
,1320,中央美术学院油画系材料工作室,place,,116.465869,39.983134,
,1320,中央美术学院国际办公室,place,,116.464592,39.981545,
,1320,中央美术学院东北门,gate,,116.464786,39.985004,
,1320,中央美术学院南区出入口,gate,,116.464568,39.981312,
,1320,中央美术学院1食堂,facility,,116.464831,39.981678,
,1320,沐甘泽Coffee(央美店),facility,,116.464425,39.983575,
,1320,大碗先生,facility,,116.463925,39.983475,
,1320,中央美术学院南校区停车场,facility,,116.466205,39.982988,
,1320,中央美术学院3食堂,facility,,116.462186,39.985331,
,1321,西门,gate,,116.284156,40.156788,
,1321,快递站,facility,,116.284420,40.157222,
,1321,快递站路口,intersection,,116.284428,40.156950,
,1321,外卖,facility,,116.286421,40.157436,
,1321,国脉西路鸿雁路,intersection,,116.287759,40.157828,
,1321,田径场路口,intersection,,116.287547,40.158284,
,1321,田径场入口,gate,,116.287055,40.158180,
,1321,篮球场门口,gate,,116.286666,40.158795,
,1321,引体向上,facility,,116.286331,40.159529,
,1321,网球场门口,gate,,116.286777,40.158078,
,1321,排球场门口,gate,,116.286380,40.157962,
,1321,普天充电站,facility,,116.287423,40.158544,
,1321,雁北一站式路口,intersection,,116.287330,40.158747,
,1321,雁北一站式,facility,,116.287618,40.158750,
,1321,雁北E,place,,116.287459,40.159161,
,1321,雁北A,place,,116.288010,40.158358,
,1321,雁北B,place,,116.287966,40.158761,
,1321,雁北D1,place,,116.288831,40.158438,
,1321,雁北C,place,,116.288662,40.159014,
,1321,地超路口2,intersection,,116.288419,40.158001,
,1321,雁北路口1,intersection,,116.288096,40.158542,
,1321,雁北路口2,intersection,,116.288693,40.158686,
,1321,雁北转弯1,turn,,116.288141,40.158415,
,1321,雁北转弯2,turn,,116.288652,40.158813,
,1321,雁北B路口,intersection,,116.287947,40.158905,
,1321,雁北D2路口,intersection,,116.288541,40.159055,
,1321,雁北D1路口,intersection,,116.288938,40.158145,
,1321,地超路口1,intersection,,116.288839,40.158112,
,1321,雁北D2,place,,116.288438,40.159435,
,1321,雁北D2垃圾站,facility,,116.288461,40.159236,
,1321,雁北D1垃圾站,facility,,116.288879,40.158287,
,1321,地超入口1,facility,,116.288762,40.158273,
,1321,地超入口2,facility,,116.288335,40.158185,
,1321,餐厅路口1,intersection,,116.288904,40.159065,
,1321,教工餐厅入口1,gate,,116.289160,40.159004,
,1321,教工餐厅入口2,gate,,116.289470,40.159075,
,1321,教工餐厅入口3,gate,,116.289543,40.158922,
,1321,教工餐厅二楼入口1,gate,,116.289220,40.159052,
,1321,空中连廊路口1,intersection,,116.289498,40.159118,
,1321,教工餐厅二楼入口2,gate,,116.289550,40.159024,
,1321,教工南路口,intersection,,116.289669,40.158882,
,1321,醉面,facility,,116.289558,40.158888,
,1321,蜜雪,facility,,116.289575,40.158850,
,1321,天猫,facility,,116.289785,40.159033,
,1321,宿舍东路鸿雁路,intersection,,116.289268,40.158221,
,1321,教工餐厅入口4,gate,,116.289319,40.158611,
,1321,风味餐厅入口1,gate,,116.289160,40.159201,
,1321,风味餐厅入口2,gate,,116.289418,40.159281,
,1321,餐厅路口2,intersection,,116.289185,40.159116,
,1321,kfc2,facility,,116.289470,40.159459,
,1321,kfc1,facility,,116.289455,40.159262,
,1321,二维码广场,intersection,,116.289635,40.159221,
,1321,办公楼路口,intersection,,116.290184,40.159377,
,1321,办公楼门口,gate,,116.290129,40.159477,
,1321,学活北入口,gate,,116.290236,40.159284,
,1321,学活南入口,gate,,116.290411,40.158877,
,1321,天猫路口,intersection,,116.289922,40.158404,
,1321,学活路口,intersection,,116.290560,40.158553,
,1321,教工南停车,facility,,116.289321,40.158494,
,1321,医务室路口,intersection,,116.289551,40.159646,
,1321,医务室,facility,,116.289638,40.159888,
,1321,国脉路北,intersection,,116.290507,40.159911,
,1321,餐厅北,intersection,,116.288804,40.159448,
,1321,雁北D2转弯,turn,,116.288608,40.159764,
,1321,雁北D2北,intersection,,116.288254,40.159679,
,1321,晒衣被,facility,,116.287542,40.159487,
,1321,雁北E北,intersection,,116.287048,40.159361,
,1321,图书馆西,intersection,,116.290729,40.159496,
,1321,国脉路鸿雁路,intersection,,116.291179,40.158718,
,1321,东配楼门口,gate,,116.291996,40.159871,
,1321,图书馆入口1,gate,,116.291227,40.159688,
,1321,图书馆入口2,gate,,116.291291,40.159489,
,1321,图书馆入口3,gate,,116.291277,40.159068,
,1321,图书馆入口4,gate,,116.291917,40.159142,
,1321,图书馆入口4,gate,,116.292229,40.158649,
,1321,N楼入口2,gate,,116.291567,40.158475,
,1321,N楼入口3,gate,,116.292896,40.158783,
,1321,N楼入口4,gate,,116.292137,40.158480,
,1321,S楼入口1,gate,,116.291827,40.157918,
,1321,S楼入口2,gate,,116.292300,40.158161,
,1321,S楼入口3,gate,,116.293052,40.158211,
,1321,S楼入口4,gate,,116.293012,40.158334,
,1321,N楼入口5,gate,,116.292925,40.158662,
,1321,N楼路口1,intersection,,116.292041,40.158908,
,1321,N楼路口2,intersection,,116.291346,40.158397,
,1321,N楼路口3,intersection,,116.291460,40.158205,
,1321,S楼路口1,intersection,,116.291566,40.158012,
,1321,S楼路口2,intersection,,116.291631,40.157840,
,1321,S2路口1,intersection,,116.293475,40.158337,
,1321,S1路口1,intersection,,116.293365,40.159269,
,1321,S1路口2,intersection,,116.293237,40.158721,
,1321,S3路口,intersection,,116.293836,40.157735,
,1321,教学楼南1,intersection,,116.293632,40.158065,
,1321,教学楼南2,intersection,,116.291725,40.157629,
,1321,教学楼南3,intersection,,116.289821,40.157123,
,1321,网安北,intersection,,116.292252,40.160448,
,1321,网安西,intersection,,116.292540,40.159944,
,1321,网安东,intersection,,116.293552,40.160654,
,1321,智工东,intersection,,116.294262,40.159517,
,1321,S1入口1,gate,,116.294187,40.159234,
,1321,S1入口2,gate,,116.293485,40.159007,
,1321,S1入口3,gate,,116.293485,40.158785,
,1321,S2入口1,gate,,116.293729,40.158487,
,1321,S2入口2,gate,,116.294323,40.158873,
,1321,S3入口,gate,,116.294109,40.157772,
,1321,S3南,intersection,,116.294103,40.157286,
,1321,理院入口1,gate,,116.295181,40.157489,
,1321,理院入口2,gate,,116.294986,40.157065,
,1321,理院路口,intersection,,116.294742,40.157460,
,1321,南门北,intersection,,116.292125,40.156755,
,1321,学生食堂路口1,intersection,,116.291147,40.156477,
,1321,学生食堂入口1,gate,,116.290821,40.156350,
,1321,学生食堂入口2,gate,,116.290586,40.156273,
,1321,学生食堂入口3,gate,,116.291203,40.156270,
,1321,学生食堂路口2,intersection,,116.290231,40.156206,
,1321,学生食堂东南,turn,,116.291460,40.155785,
,1321,学生食堂西南,turn,,116.290516,40.155504,
,1321,s6路口1,intersection,,116.290265,40.156079,
,1321,s6入口1,place,,116.290146,40.155701,
,1321,s6入口2,place,,116.289701,40.155742,
,1321,s5入口1,place,,116.290129,40.156059,
,1321,s5入口2,place,,116.289864,40.156564,
,1321,雁南s4,place,,116.289732,40.157020,
,1321,雁南s3,place,,116.289331,40.157331,
,1321,雁南s2,place,,116.289161,40.157781,
,1321,雁南s1入口1,place,,116.288528,40.157781,
,1321,雁南s1入口2,place,,116.288354,40.157381,
,1321,雁南s1西,turn,,116.288045,40.157280,
,1321,雁南s1南,turn,,116.288453,40.157197,
,1321,雁南s3西,intersection,,116.288709,40.157200,
,1321,雁南s1转弯,turn,,116.288676,40.157476,
,1321,雁南s1路口,intersection,,116.289493,40.157770,
,1321,雁南s3路口,intersection,,116.289640,40.157378,
,1321,雁南s3南,intersection,,116.288857,40.156952,
,1321,雁南一站式路口,intersection,,116.288797,40.156543,
,1321,雁南s4转弯,turn,,116.289152,40.156604,
,1321,雁南一站式,facility,,116.288965,40.156447,
,1321,雁南s5路口1,intersection,,116.290039,40.156626,
,1321,雁南s6转弯,turn,,116.289002,40.155968,
,1321,雁南s6转弯2,intersection,,116.289423,40.156071,
,1321,南门,gate,,116.292337,40.156288,
,1321,数媒西南,intersection,,116.292986,40.159204,
,1321,雁南s6转弯3,turn,,116.289714,40.156330,
,1321,雁南s6转弯4,turn,,116.289646,40.155388,
,1321,雁南s6转弯5,turn,,116.289328,40.155310,
,1321,s6路口2,intersection,,116.290399,40.155735,
,1321,雁南s5路口2,intersection,,116.290096,40.156422,
,1321,教工西,intersection,,116.289136,40.158560,
,1321,雁北E西,intersection,,116.287191,40.159100,
,1321,图书馆路口,intersection,,116.291266,40.159585,
,1321,NS楼西,intersection,,116.292980,40.158515,
,1321,S2路口2,intersection,,116.293333,40.158555,
,1322,OSMturn001,turn,,116.274181,40.156596,
,1322,OSMintersection002,intersection,,116.273220,40.156346,
,1322,OSMintersection003,intersection,,116.264981,40.156291,
,1322,OSMintersection004,intersection,,116.271868,40.155995,
,1322,OSMintersection005,intersection,,116.271256,40.155869,
,1322,OSMintersection006,intersection,,116.267475,40.155789,
,1322,OSMintersection007,intersection,,116.267509,40.155711,
,1322,OSMturn008,turn,,116.269179,40.155687,
,1322,OSMintersection009,intersection,,116.271398,40.155485,
,1322,OSMturn010,turn,,116.275356,40.155420,
,1322,OSMturn011,turn,,116.275237,40.155393,
,1322,OSMturn012,turn,,116.275077,40.155349,
,1322,OSMintersection013,intersection,,116.274750,40.155276,
,1322,OSMintersection014,intersection,,116.267727,40.155233,
,1322,OSMintersection015,intersection,,116.265439,40.155210,
,1322,OSMintersection016,intersection,,116.273745,40.155020,
,1322,OSMintersection017,intersection,,116.272282,40.155018,
,1322,OSMturn018,turn,,116.275583,40.154977,
,1322,OSMintersection019,intersection,,116.267290,40.154872,
,1322,OSMintersection020,intersection,,116.271633,40.154853,
,1322,OSMintersection021,intersection,,116.274929,40.154806,
,1322,OSMintersection022,intersection,,116.272423,40.154683,
,1322,OSMintersection023,intersection,,116.270647,40.154618,
,1322,OSMturn024,turn,,116.267608,40.154613,
,1322,OSMintersection025,intersection,,116.275709,40.154597,
,1322,OSMintersection026,intersection,,116.275067,40.154412,
,1322,OSMintersection027,intersection,,116.275111,40.154356,
,1322,OSMintersection028,intersection,,116.269018,40.154231,
,1322,OSMintersection029,intersection,,116.265844,40.154204,
,1322,OSMintersection030,intersection,,116.274052,40.154118,
,1322,OSMintersection031,intersection,,116.267928,40.153972,
,1322,OSMintersection032,intersection,,116.272761,40.153885,
,1322,OSMintersection033,intersection,,116.272774,40.153845,
,1322,OSMintersection034,intersection,,116.272836,40.153788,
,1322,OSMintersection035,intersection,,116.266560,40.153705,
,1322,OSMintersection036,intersection,,116.266737,40.153690,
,1322,OSMintersection037,intersection,,116.272226,40.153613,
,1322,OSMturn038,turn,,116.275412,40.153575,
,1322,OSMintersection039,intersection,,116.271207,40.153308,
,1322,OSMintersection040,intersection,,116.273022,40.153281,
,1322,OSMturn041,turn,,116.268226,40.153261,
,1322,OSMintersection042,intersection,,116.273040,40.153217,
,1322,OSMintersection043,intersection,,116.269439,40.153176,
,1322,OSMintersection044,intersection,,116.273078,40.153061,
,1322,OSMintersection045,intersection,,116.273147,40.153007,
,1322,OSMintersection046,intersection,,116.272211,40.152985,
,1322,OSMintersection047,intersection,,116.268339,40.152956,
,1322,OSMintersection048,intersection,,116.272522,40.152931,
,1322,OSMturn049,turn,,116.268352,40.152917,
,1322,OSMintersection050,intersection,,116.269563,40.152833,
,1322,OSMturn051,turn,,116.267174,40.152615,
,1322,OSMintersection052,intersection,,116.268489,40.152526,
,1322,OSMintersection053,intersection,,116.274785,40.152466,
,1322,OSMintersection054,intersection,,116.275087,40.152447,
,1322,OSMintersection055,intersection,,116.274820,40.152374,
,1322,OSMturn056,turn,,116.271379,40.152372,
,1322,OSMintersection057,intersection,,116.270875,40.152326,
,1322,OSMintersection058,intersection,,116.270654,40.152280,
,1322,OSMintersection059,intersection,,116.273494,40.152139,
,1322,OSMintersection060,intersection,,116.266922,40.152079,
,1322,OSMintersection061,intersection,,116.273586,40.152040,
,1322,OSMturn062,turn,,116.273521,40.152027,
,1322,OSMturn063,turn,,116.271413,40.152018,
,1322,OSMturn064,turn,,116.271419,40.151938,
,1322,OSMturn065,turn,,116.273591,40.151852,
,1322,OSMintersection066,intersection,,116.265175,40.151592,
,1322,OSMintersection067,intersection,,116.275321,40.151519,
,1322,OSMturn068,turn,,116.270225,40.151489,
,1322,OSMintersection069,intersection,,116.273759,40.151437,
,1322,OSMintersection070,intersection,,116.275254,40.151299,
,1322,OSMintersection071,intersection,,116.273202,40.151293,
,1322,OSMintersection072,intersection,,116.269125,40.151193,
,1322,OSMturn073,turn,,116.273866,40.151160,
,1322,OSMintersection074,intersection,,116.271712,40.150910,
,1322,OSMturn075,turn,,116.267665,40.150905,
,1322,OSMturn076,turn,,116.271661,40.150896,
,1322,OSMintersection077,intersection,,116.271260,40.150783,
,1322,OSMintersection078,intersection,,116.271095,40.150737,
,1322,OSMturn079,turn,,116.274091,40.150655,
,1322,OSMintersection080,intersection,,116.274005,40.150630,
,1322,OSMintersection081,intersection,,116.269862,40.150404,
,1322,OSMintersection082,intersection,,116.268802,40.150389,
,1322,OSMturn083,turn,,116.268868,40.150385,
,1322,OSMintersection084,intersection,,116.269465,40.150354,
,1322,OSMintersection085,intersection,,116.272054,40.150173,
,1322,OSMintersection086,intersection,,116.272101,40.150167,
,1322,OSMintersection087,intersection,,116.271999,40.150135,
,1322,OSMintersection088,intersection,,116.271534,40.150017,
,1322,OSMintersection089,intersection,,116.274369,40.149989,
,1322,OSMintersection090,intersection,,116.272087,40.149954,
,1322,OSMturn091,turn,,116.267254,40.149921,
,1322,OSMintersection092,intersection,,116.271646,40.149844,
,1322,OSMturn093,turn,,116.271455,40.149796,
,1322,OSMintersection094,intersection,,116.267321,40.149730,
,1322,OSMturn095,turn,,116.270198,40.149660,
,1322,OSMintersection096,intersection,,116.272263,40.149591,
,1322,OSMintersection097,intersection,,116.271803,40.149472,
,1322,北京航空航天大学沙河校区图书馆(待建),place,,116.271747,40.154146,
,1322,北京航空航天大学沙河校区东区食堂,facility,,116.275076,40.155680,
,1322,北京航空航天大学沙河校区西区食堂,facility,,116.266282,40.155075,
,1322,山水阁中餐厅(沙河唯实交流中心),facility,,116.266850,40.155795,
,1322,北京航空航天大学沙河校区医务室,facility,,116.275324,40.155126,
,1322,北京航空航天大学沙河校区综合体育馆,place,,116.274375,40.151875,
,1322,北京航空航天大学沙河校区游泳馆,place,,116.274753,40.151166,
,1322,北京航空航天大学沙河校区足球场,place,,116.268197,40.155668,
,1322,北京航空航天大学沙河校区田径场,place,,116.275938,40.152256,
,1322,北京航空航天大学沙河校区工程训练中心,facility,,116.269035,40.149717,
,1322,北京航空航天大学沙河校区6号宿舍楼,place,,116.264857,40.155404,
,1322,北京航空航天大学沙河校区学生公寓西区,place,,116.263725,40.154625,
,1322,北航沙河校区东门,gate,,116.276428,40.154182,
,1322,沙河唯实国际文化交流中心,place,,116.266287,40.156351,
,1322,库迪咖啡(北航沙河东区公寓校内店),facility,,116.272923,40.155598,
,1322,库迪咖啡(北航沙河西区店),facility,,116.266725,40.150875,
,1322,北京航空航天大学沙河校区排球场,place,,116.274684,40.153018,
,1322,北京航空航天大学沙河校区网球场,place,,116.275341,40.153248,
