id,destination_id,from_node_id,to_node_id,distance,ideal_speed,crowd_factor,transport_type,edge_type,bidirectional_flag
,10,2,1,191,76.8,1.0,walk,road,1
,10,1,3,111,79.6,1.0,walk,road,1
,10,69,197,221,80.4,1.0,walk,road,1
,10,299,297,11,67.9,1.0,walk,road,1
,10,297,291,56,70.8,1.0,walk,road,1
,10,291,288,46,72.7,1.0,walk,road,1
,10,288,287,63,71.6,1.0,walk,road,1
,10,287,263,93,75.1,1.0,walk,road,1
,10,263,257,26,71.8,1.0,walk,road,1
,10,257,248,29,70.0,1.0,walk,road,1
,10,248,242,8,65.6,1.0,walk,road,1
,10,210,212,21,70.3,1.0,walk,road,1
,10,212,207,20,66.9,1.0,walk,road,1
,10,207,217,37,67.9,1.0,walk,road,1
,10,219,220,20,65.1,1.0,walk,road,1
,10,223,216,22,69.7,1.0,walk,road,1
,10,211,209,13,66.7,1.0,walk,road,1
,10,232,205,96,79.1,1.0,walk,road,1
,10,205,183,73,80.3,1.0,walk,road,1
,10,177,141,63,80.2,1.0,walk,road,1
,10,135,119,25,70.5,1.0,walk,road,1
,10,119,103,39,69.5,1.0,walk,road,1
,10,103,101,9,64.5,1.0,walk,road,1
,10,89,85,8,61.8,1.0,walk,road,1
,10,28,1,165,78.4,1.0,walk,road,1
,10,3,10,84,75.6,1.0,walk,road,1
,10,10,13,24,67.2,1.0,walk,road,1
,10,13,14,20,64.6,1.0,walk,road,1
,10,2,21,143,80.6,1.0,walk,road,1
,10,21,27,40,67.0,1.0,walk,road,1
,10,37,46,47,70.7,1.0,walk,road,1
,10,42,33,44,69.8,1.0,walk,road,1
,10,33,32,75,72.4,1.0,walk,road,1
,10,32,31,16,65.1,1.0,walk,road,1
,10,31,36,15,60.4,1.0,walk,road,1
,10,38,35,10,64.7,1.0,walk,road,1
,10,35,28,23,69.2,1.0,walk,road,1
,10,174,169,9,62.3,1.0,walk,road,1
,10,169,170,8,62.1,1.0,walk,road,1
,10,170,173,9,67.7,1.0,walk,road,1
,10,176,178,16,64.4,1.0,walk,road,1
,10,178,174,10,61.2,1.0,walk,road,1
,10,32,41,16,63.6,1.0,walk,road,1
,10,41,102,106,79.8,1.0,walk,road,1
,10,102,112,31,66.6,1.0,walk,road,1
,10,112,117,45,72.0,1.0,walk,road,1
,10,41,45,79,80.2,1.0,walk,road,1
,10,45,56,16,63.2,1.0,walk,road,1
,10,56,64,14,64.7,1.0,walk,road,1
,10,64,65,17,66.3,1.0,walk,road,1
,10,65,63,64,73.5,1.0,walk,road,1
,10,63,71,28,73.6,1.0,walk,road,1
,10,71,81,25,69.0,1.0,walk,road,1
,10,175,190,22,73.8,1.0,walk,road,1
,10,193,196,8,61.3,1.0,walk,road,1
,10,196,201,20,67.3,1.0,walk,road,1
,10,202,206,34,68.8,1.0,walk,road,1
,10,206,224,46,67.5,1.0,walk,road,1
,10,224,227,12,64.9,1.0,walk,road,1
,10,230,241,33,70.4,1.0,walk,road,1
,10,241,252,40,68.7,1.0,walk,road,1
,10,252,251,24,73.5,1.0,walk,road,1
,10,251,250,9,61.0,1.0,walk,road,1
,10,250,238,24,73.3,1.0,walk,road,1
,10,238,223,45,73.5,1.0,walk,road,1
,10,223,222,29,66.8,1.0,walk,road,1
,10,222,220,18,63.4,1.0,walk,road,1
,10,81,92,22,71.1,1.0,walk,road,1
,10,84,79,8,62.2,1.0,walk,road,1
,10,79,78,7,61.3,1.0,walk,road,1
,10,78,83,8,65.1,1.0,walk,road,1
,10,86,84,10,62.5,1.0,walk,road,1
,10,178,182,13,63.4,1.0,walk,road,1
,10,188,189,21,66.7,1.0,walk,road,1
,10,189,150,74,76.6,1.0,walk,road,1
,10,150,146,27,67.8,1.0,walk,road,1
,10,146,129,26,71.3,1.0,walk,road,1
,10,127,106,39,69.7,1.0,walk,road,1
,10,106,99,33,73.8,1.0,walk,road,1
,10,99,98,9,60.6,1.0,walk,road,1
,10,98,96,10,63.4,1.0,walk,road,1
,10,97,94,6,63.9,1.0,walk,road,1
,10,94,75,43,72.9,1.0,walk,road,1
,10,75,74,23,71.8,1.0,walk,road,1
,10,94,116,61,78.8,1.0,walk,road,1
,10,116,126,44,67.2,1.0,walk,road,1
,10,126,133,14,61.2,1.0,walk,road,1
,10,133,147,15,60.4,1.0,walk,road,1
,10,147,165,19,60.1,1.0,walk,road,1
,10,165,170,7,62.8,1.0,walk,road,1
,10,178,184,11,62.0,1.0,walk,road,1
,10,187,189,6,63.7,1.0,walk,road,1
,10,129,123,16,61.7,1.0,walk,road,1
,10,123,108,45,67.1,1.0,walk,road,1
,10,108,110,25,72.9,1.0,walk,road,1
,10,113,114,10,65.4,1.0,walk,road,1
,10,59,60,16,65.6,1.0,walk,road,1
,10,60,68,15,67.0,1.0,walk,road,1
,10,68,73,9,64.6,1.0,walk,road,1
,10,73,74,16,63.4,1.0,walk,road,1
,10,74,66,18,65.1,1.0,walk,road,1
,10,60,54,18,60.1,1.0,walk,road,1
,10,54,50,10,67.4,1.0,walk,road,1
,10,50,49,6,64.4,1.0,walk,road,1
,10,48,40,7,64.8,1.0,walk,road,1
,10,40,35,10,61.1,1.0,walk,road,1
,10,61,39,30,68.6,1.0,walk,road,1
,10,39,18,55,68.7,1.0,walk,road,1
,10,18,17,11,64.6,1.0,walk,road,1
,10,98,88,17,64.3,1.0,walk,road,1
,10,69,70,69,74.9,1.0,walk,road,1
,10,70,67,69,79.0,1.0,walk,road,1
,10,67,72,71,80.3,1.0,walk,road,1
,10,72,80,24,66.5,1.0,walk,road,1
,10,82,88,18,65.5,1.0,walk,road,1
,10,70,115,107,80.1,1.0,walk,road,1
,10,115,114,31,72.2,1.0,walk,road,1
,10,209,206,12,64.6,1.0,walk,road,1
,10,205,208,55,67.8,1.0,walk,road,1
,10,208,214,55,66.1,1.0,walk,road,1
,10,215,218,8,66.3,1.0,walk,road,1
,10,218,219,12,67.8,1.0,walk,road,1
,10,291,280,46,73.1,1.0,walk,road,1
,10,280,259,58,68.4,1.0,walk,road,1
,10,259,236,59,67.9,1.0,walk,road,1
,10,236,222,32,68.9,1.0,walk,road,1
,10,280,283,141,74.9,1.0,walk,road,1
,10,283,269,40,68.9,1.0,walk,road,1
,10,266,255,36,67.6,1.0,walk,road,1
,10,255,226,68,80.1,1.0,walk,road,1
,10,226,221,10,66.9,1.0,walk,road,1
,10,221,203,78,78.0,1.0,walk,road,1
,10,203,200,22,70.9,1.0,walk,road,1
,10,200,201,24,71.1,1.0,walk,road,1
,10,176,185,19,66.0,1.0,walk,road,1
,10,185,196,27,72.4,1.0,walk,road,1
,10,117,121,10,67.2,1.0,walk,road,1
,10,121,124,10,61.9,1.0,walk,road,1
,10,124,126,7,61.7,1.0,walk,road,1
,10,133,137,14,60.1,1.0,walk,road,1
,10,19,23,28,68.2,1.0,walk,road,1
,10,23,29,12,66.0,1.0,walk,road,1
,10,29,52,31,68.0,1.0,walk,road,1
,10,52,47,36,72.6,1.0,walk,road,1
,10,47,25,31,71.3,1.0,walk,road,1
,10,25,20,28,70.5,1.0,walk,road,1
,10,20,19,7,60.4,1.0,walk,road,1
,10,25,24,43,73.7,1.0,walk,road,1
,10,26,30,6,61.4,1.0,walk,road,1
,10,30,34,14,64.4,1.0,walk,road,1
,10,34,37,30,69.3,1.0,walk,road,1
,10,53,43,10,64.0,1.0,walk,road,1
,10,43,44,7,66.9,1.0,walk,road,1
,10,44,51,7,64.9,1.0,walk,road,1
,10,51,58,19,66.2,1.0,walk,road,1
,10,58,55,16,60.3,1.0,walk,road,1
,10,44,29,30,67.7,1.0,walk,road,1
,10,62,77,34,70.4,1.0,walk,road,1
,10,119,118,32,72.2,1.0,walk,road,1
,10,118,111,26,69.4,1.0,walk,road,1
,10,111,107,9,65.3,1.0,walk,road,1
,10,105,104,9,61.3,1.0,walk,road,1
,10,104,91,38,68.0,1.0,walk,road,1
,10,91,85,42,68.9,1.0,walk,road,1
,10,211,216,36,70.6,1.0,walk,road,1
,10,6,7,25,66.6,1.0,walk,road,1
,10,7,8,7,67.9,1.0,walk,road,1
,10,9,11,44,69.1,1.0,walk,road,1
,10,11,16,35,67.8,1.0,walk,road,1
,10,22,23,19,63.4,1.0,walk,road,1
,10,131,109,47,66.9,1.0,walk,road,1
,10,109,112,32,68.9,1.0,walk,road,1
,10,152,131,34,68.1,1.0,walk,road,1
,10,148,158,12,65.0,1.0,walk,road,1
,10,239,233,22,69.6,1.0,walk,road,1
,10,233,232,31,68.2,1.0,walk,road,1
,10,232,243,30,70.5,1.0,walk,road,1
,10,243,239,22,73.0,1.0,walk,road,1
,10,239,256,52,70.4,1.0,walk,road,1
,10,242,232,44,68.5,1.0,walk,road,1
,10,232,217,38,70.1,1.0,walk,road,1
,10,65,76,28,68.8,1.0,walk,road,1
,10,76,93,35,73.9,1.0,walk,road,1
,10,103,104,53,71.9,1.0,walk,road,1
,10,104,92,55,69.5,1.0,walk,road,1
,10,92,87,49,72.5,1.0,walk,road,1
,10,87,93,23,71.1,1.0,walk,road,1
,10,93,95,9,62.7,1.0,walk,road,1
,10,130,152,39,72.0,1.0,walk,road,1
,10,152,161,56,70.8,1.0,walk,road,1
,10,161,167,18,66.7,1.0,walk,road,1
,10,161,179,28,69.2,1.0,walk,road,1
,10,179,199,59,69.7,1.0,walk,road,1
,10,198,194,10,61.9,1.0,walk,road,1
,10,194,192,11,60.8,1.0,walk,road,1
,10,192,186,13,67.2,1.0,walk,road,1
,10,186,181,11,62.0,1.0,walk,road,1
,10,181,171,13,62.4,1.0,walk,road,1
,10,168,166,7,64.5,1.0,walk,road,1
,10,166,158,10,64.3,1.0,walk,road,1
,10,148,136,17,63.3,1.0,walk,road,1
,10,136,130,26,66.1,1.0,walk,road,1
,10,16,20,22,72.8,1.0,walk,road,1
,10,265,268,11,60.7,1.0,walk,road,1
,10,265,260,15,60.6,1.0,walk,road,1
,10,241,253,41,70.5,1.0,walk,road,1
,10,253,258,14,61.4,1.0,walk,road,1
,10,258,260,8,60.7,1.0,walk,road,1
,10,55,52,12,62.2,1.0,walk,road,1
,10,57,62,12,61.3,1.0,walk,road,1
,10,77,78,8,62.8,1.0,walk,road,1
,10,195,204,51,67.8,1.0,walk,road,1
,10,204,207,28,71.7,1.0,walk,road,1
,10,172,195,56,73.7,1.0,walk,road,1
,10,111,145,57,71.0,1.0,walk,road,1
,10,145,177,55,67.5,1.0,walk,road,1
,10,235,238,24,66.4,1.0,walk,road,1
,10,235,228,35,67.4,1.0,walk,road,1
,10,225,224,12,60.0,1.0,walk,road,1
,10,228,225,13,61.6,1.0,walk,road,1
,10,288,296,25,69.3,1.0,walk,road,1
,10,122,149,39,71.2,1.0,walk,road,1
,10,149,151,66,73.6,1.0,walk,road,1
,10,115,151,49,68.1,1.0,walk,road,1
,10,151,164,18,66.8,1.0,walk,road,1
,10,164,180,132,71.6,1.0,walk,road,1
,10,180,191,30,71.1,1.0,walk,road,1
,10,274,279,19,61.6,1.0,walk,road,1
,10,279,286,19,63.3,1.0,walk,road,1
,10,286,285,15,61.6,1.0,walk,road,1
,10,285,284,11,62.6,1.0,walk,road,1
,10,284,281,6,61.4,1.0,walk,road,1
,10,281,275,20,65.2,1.0,walk,road,1
,10,275,274,6,60.0,1.0,walk,road,1
,10,295,293,6,61.0,1.0,walk,road,1
,10,293,277,77,80.9,1.0,walk,road,1
,10,277,273,9,62.4,1.0,walk,road,1
,10,282,295,74,77.7,1.0,walk,road,1
,10,298,295,12,61.9,1.0,walk,road,1
,10,11,12,26,70.6,1.0,walk,road,1
,10,256,262,27,66.1,1.0,walk,road,1
,10,185,190,27,70.6,1.0,walk,road,1
,10,215,237,52,71.0,1.0,walk,road,1
,10,245,240,49,70.2,1.0,walk,road,1
,10,240,237,7,60.2,1.0,walk,road,1
,10,244,242,8,61.5,1.0,walk,road,1
,10,242,234,22,69.1,1.0,walk,road,1
,10,234,213,66,74.7,1.0,walk,road,1
,10,248,244,12,61.9,1.0,walk,road,1
,10,244,254,29,72.7,1.0,walk,road,1
,10,254,261,26,72.0,1.0,walk,road,1
,10,263,261,12,67.7,1.0,walk,road,1
,10,261,245,61,79.0,1.0,walk,road,1
,10,245,231,33,71.2,1.0,walk,road,1
,10,254,257,12,63.9,1.0,walk,road,1
,10,257,271,55,67.7,1.0,walk,road,1
,10,208,229,49,70.0,1.0,walk,road,1
,10,102,90,44,66.6,1.0,walk,road,1
,10,109,100,28,68.3,1.0,walk,road,1
,10,265,264,15,66.8,1.0,walk,road,1
,10,18,15,64,75.8,1.0,walk,road,1
,10,125,113,22,67.2,1.0,walk,road,1
,10,154,157,10,64.4,1.0,walk,road,1
,10,157,160,11,64.3,1.0,walk,road,1
,10,163,162,8,63.9,1.0,walk,road,1
,10,160,156,15,62.0,1.0,walk,road,1
,10,157,153,13,64.8,1.0,walk,road,1
,10,139,142,7,62.2,1.0,walk,road,1
,10,142,154,15,64.2,1.0,walk,road,1
,10,154,155,6,66.3,1.0,walk,road,1
,10,157,163,6,62.2,1.0,walk,road,1
,10,163,159,16,62.2,1.0,walk,road,1
,10,132,139,6,65.6,1.0,walk,road,1
,10,139,140,7,66.3,1.0,walk,road,1
,10,134,143,26,73.6,1.0,walk,road,1
,10,134,120,27,66.1,1.0,walk,road,1
,10,120,128,11,66.6,1.0,walk,road,1
,10,123,132,22,66.8,1.0,walk,road,1
,10,132,138,11,63.7,1.0,walk,road,1
,10,138,134,15,64.6,1.0,walk,road,1
,10,5,7,18,61.6,1.0,walk,road,1
,10,4,8,21,72.2,1.0,walk,road,1
,10,246,247,27,67.7,1.0,walk,road,1
,10,247,240,9,60.6,1.0,walk,road,1
,10,278,272,12,62.8,1.0,walk,road,1
,10,272,270,18,67.0,1.0,walk,road,1
,10,270,267,15,66.3,1.0,walk,road,1
,10,267,249,67,80.4,1.0,walk,road,1
,10,249,245,9,66.0,1.0,walk,road,1
,10,297,292,23,66.3,1.0,walk,road,1
,10,151,144,37,71.5,1.0,walk,road,1
,10,298,294,12,62.1,1.0,walk,road,1
,10,293,290,6,67.2,1.0,walk,road,1
,10,289,276,68,80.5,1.0,walk,road,1
,10,276,273,10,61.7,1.0,walk,road,1
,10,85,84,2,63.9,1.0,walk,road,1
,10,266,268,3,67.3,1.0,walk,road,1
,10,59,61,3,67.0,1.0,walk,road,1
,10,42,46,5,63.4,1.0,walk,road,1
,10,49,48,5,66.2,1.0,walk,road,1
,10,57,52,5,63.8,1.0,walk,road,1
,10,9,8,4,60.3,1.0,walk,road,1
,10,168,171,6,64.1,1.0,walk,road,1
,10,97,96,6,63.7,1.0,walk,road,1
,10,82,80,5,67.4,1.0,walk,road,1
,10,144,143,3,60.2,1.0,walk,road,1
,10,271,273,13,63.6,1.0,walk,road,1
,10,282,281,15,66.6,1.0,walk,road,1
,10,177,300,1,61.4,1.0,walk,road,1
,10,229,301,1,64.2,1.0,walk,road,1
,10,223,302,1,62.5,1.0,walk,road,1
,10,252,303,1,62.2,1.0,walk,road,1
,10,230,304,1,60.5,1.0,walk,road,1
,10,206,305,1,60.5,1.0,walk,road,1
,10,100,306,1,65.0,1.0,walk,road,1
,10,148,307,1,64.2,1.0,walk,road,1
,10,108,308,1,61.7,1.0,walk,road,1
,10,106,309,1,64.4,1.0,walk,road,1
,10,150,310,1,60.8,1.0,walk,road,1
,10,120,311,1,59.4,1.0,walk,road,1
,10,150,312,1,60.0,1.0,walk,road,1
,10,51,313,1,62.7,1.0,walk,road,1
,10,47,314,1,64.2,1.0,walk,road,1
,10,19,315,1,61.6,1.0,walk,road,1
,10,33,316,1,61.4,1.0,walk,road,1
,10,21,317,1,61.6,1.0,walk,road,1
,10,32,318,1,64.6,1.0,walk,road,1
,10,15,319,1,61.8,1.0,walk,road,1
,10,12,320,1,63.1,1.0,walk,road,1
,14,1437,1565,158,80.4,1.0,walk,road,1
,14,1561,1382,216,78.6,1.0,walk,road,1
,14,1382,1268,134,73.5,1.0,walk,road,1
,14,1268,1213,118,72.3,1.0,walk,road,1
,14,1213,1116,236,82.4,1.0,walk,road,1
,14,1116,1073,129,72.4,1.0,walk,road,1
,14,771,754,123,75.0,1.0,walk,road,1
,14,754,748,10,63.1,1.0,walk,road,1
,14,1399,1338,84,75.3,1.0,walk,road,1
,14,1338,1262,88,72.6,1.0,walk,road,1
,14,1262,1165,154,83.5,1.0,walk,road,1
,14,1165,1128,89,77.6,1.0,walk,road,1
,14,1128,1122,42,67.0,1.0,walk,road,1
,14,1121,1100,51,68.4,1.0,walk,road,1
,14,1100,1084,36,71.7,1.0,walk,road,1
,14,1084,1080,15,66.8,1.0,walk,road,1
,14,1080,1068,77,77.2,1.0,walk,road,1
,14,1068,1006,145,77.8,1.0,walk,road,1
,14,1006,944,89,77.3,1.0,walk,road,1
,14,944,893,93,77.7,1.0,walk,road,1
,14,893,812,262,77.6,1.0,walk,road,1
,14,812,796,132,78.9,1.0,walk,road,1
,14,796,772,111,77.6,1.0,walk,road,1
,14,772,742,77,73.3,1.0,walk,road,1
,14,742,721,110,75.8,1.0,walk,road,1
,14,721,719,48,73.0,1.0,walk,road,1
,14,630,595,91,72.8,1.0,walk,road,1
,14,595,570,92,71.0,1.0,walk,road,1
,14,719,726,266,79.9,1.0,walk,road,1
,14,726,725,95,71.8,1.0,walk,road,1
,14,725,724,16,67.3,1.0,walk,road,1
,14,724,718,234,79.0,1.0,walk,road,1
,14,718,712,46,68.6,1.0,walk,road,1
,14,712,746,268,80.3,1.0,walk,road,1
,14,746,751,51,68.6,1.0,walk,road,1
,14,751,767,21,67.9,1.0,walk,road,1
,14,1089,1105,61,73.2,1.0,walk,road,1
,14,1105,1090,85,77.4,1.0,walk,road,1
,14,1090,1061,65,78.0,1.0,walk,road,1
,14,1061,1037,58,72.9,1.0,walk,road,1
,14,975,995,36,68.1,1.0,walk,road,1
,14,995,996,65,77.5,1.0,walk,road,1
,14,996,930,94,78.1,1.0,walk,road,1
,14,930,916,21,73.8,1.0,walk,road,1
,14,916,913,43,69.6,1.0,walk,road,1
,14,913,881,87,78.5,1.0,walk,road,1
,14,881,873,27,70.0,1.0,walk,road,1
,14,1095,987,185,79.7,1.0,walk,road,1
,14,987,942,91,75.4,1.0,walk,road,1
,14,942,922,63,72.6,1.0,walk,road,1
,14,922,885,88,79.8,1.0,walk,road,1
,14,1049,1029,63,75.4,1.0,walk,road,1
,14,1029,974,66,73.9,1.0,walk,road,1
,14,974,916,88,74.1,1.0,walk,road,1
,14,916,896,55,69.2,1.0,walk,road,1
,14,892,867,86,77.1,1.0,walk,road,1
,14,867,828,72,74.0,1.0,walk,road,1
,14,828,824,54,69.6,1.0,walk,road,1
,14,824,826,81,78.6,1.0,walk,road,1
,14,826,816,71,72.3,1.0,walk,road,1
,14,816,774,103,78.5,1.0,walk,road,1
,14,774,760,58,68.4,1.0,walk,road,1
,14,760,765,58,72.7,1.0,walk,road,1
,14,752,761,18,60.8,1.0,walk,road,1
,14,1338,1327,33,68.6,1.0,walk,road,1
,14,1327,1259,85,73.2,1.0,walk,road,1
,14,1259,1238,29,71.1,1.0,walk,road,1
,14,1238,1214,64,76.5,1.0,walk,road,1
,14,1214,1194,48,72.5,1.0,walk,road,1
,14,1194,1179,11,67.0,1.0,walk,road,1
,14,1171,1144,25,73.6,1.0,walk,road,1
,14,1144,1104,84,78.3,1.0,walk,road,1
,14,1104,1063,88,80.7,1.0,walk,road,1
,14,1063,1030,114,77.1,1.0,walk,road,1
,14,1030,962,156,85.6,1.0,walk,road,1
,14,1101,1094,53,73.0,1.0,walk,road,1
,14,1086,1083,14,60.8,1.0,walk,road,1
,14,1083,1049,149,75.6,1.0,walk,road,1
,14,1049,1037,39,71.8,1.0,walk,road,1
,14,1037,1016,36,72.2,1.0,walk,road,1
,14,1016,951,192,76.1,1.0,walk,road,1
,14,951,950,60,68.5,1.0,walk,road,1
,14,950,960,40,68.6,1.0,walk,road,1
,14,961,964,13,64.2,1.0,walk,road,1
,14,964,978,47,67.1,1.0,walk,road,1
,14,978,1005,93,74.1,1.0,walk,road,1
,14,1005,1009,19,60.8,1.0,walk,road,1
,14,686,663,64,75.2,1.0,walk,road,1
,14,660,654,31,73.6,1.0,walk,road,1
,14,654,633,38,67.2,1.0,walk,road,1
,14,633,608,101,74.2,1.0,walk,road,1
,14,581,593,17,64.1,1.0,walk,road,1
,14,688,686,113,72.3,1.0,walk,road,1
,14,686,695,139,73.0,1.0,walk,road,1
,14,695,645,245,82.9,1.0,walk,road,1
,14,645,590,143,79.2,1.0,walk,road,1
,14,663,660,18,64.1,1.0,walk,road,1
,14,550,578,76,79.6,1.0,walk,road,1
,14,578,581,129,80.7,1.0,walk,road,1
,14,581,574,144,79.1,1.0,walk,road,1
,14,464,453,54,68.3,1.0,walk,road,1
,14,450,448,11,66.2,1.0,walk,road,1
,14,448,446,17,65.6,1.0,walk,road,1
,14,446,374,200,83.4,1.0,walk,road,1
,14,374,361,134,73.9,1.0,walk,road,1
,14,361,362,94,72.0,1.0,walk,road,1
,14,362,359,127,73.1,1.0,walk,road,1
,14,359,364,34,73.2,1.0,walk,road,1
,14,364,424,160,79.8,1.0,walk,road,1
,14,424,436,46,71.9,1.0,walk,road,1
,14,401,402,78,75.9,1.0,walk,road,1
,14,402,434,99,74.9,1.0,walk,road,1
,14,587,541,81,73.3,1.0,walk,road,1
,14,541,477,146,71.3,1.0,walk,road,1
,14,477,472,13,64.5,1.0,walk,road,1
,14,436,401,101,72.4,1.0,walk,road,1
,14,401,389,43,66.1,1.0,walk,road,1
,14,444,452,52,67.6,1.0,walk,road,1
,14,452,505,119,77.3,1.0,walk,road,1
,14,505,508,86,74.3,1.0,walk,road,1
,14,508,499,38,70.9,1.0,walk,road,1
,14,499,514,40,69.8,1.0,walk,road,1
,14,514,538,71,75.4,1.0,walk,road,1
,14,538,550,30,67.8,1.0,walk,road,1
,14,550,546,32,66.3,1.0,walk,road,1
,14,562,537,165,77.9,1.0,walk,road,1
,14,537,519,52,70.2,1.0,walk,road,1
,14,519,486,66,72.9,1.0,walk,road,1
,14,486,446,88,72.4,1.0,walk,road,1
,14,584,582,13,61.2,1.0,walk,road,1
,14,493,479,22,70.4,1.0,walk,road,1
,14,438,436,49,68.6,1.0,walk,road,1
,14,436,442,27,73.0,1.0,walk,road,1
,14,442,434,47,67.4,1.0,walk,road,1
,14,434,435,11,61.3,1.0,walk,road,1
,14,435,437,69,72.2,1.0,walk,road,1
,14,437,451,91,76.8,1.0,walk,road,1
,14,451,470,34,70.5,1.0,walk,road,1
,14,489,490,67,77.1,1.0,walk,road,1
,14,654,668,53,66.3,1.0,walk,road,1
,14,668,665,39,72.5,1.0,walk,road,1
,14,665,634,94,73.2,1.0,walk,road,1
,14,634,609,70,77.0,1.0,walk,road,1
,14,609,592,53,68.0,1.0,walk,road,1
,14,592,580,25,66.9,1.0,walk,road,1
,14,508,494,32,67.9,1.0,walk,road,1
,14,582,587,49,73.8,1.0,walk,road,1
,14,587,590,17,67.9,1.0,walk,road,1
,14,590,552,125,76.0,1.0,walk,road,1
,14,552,549,123,71.4,1.0,walk,road,1
,14,549,558,276,79.3,1.0,walk,road,1
,14,558,560,48,69.4,1.0,walk,road,1
,14,560,567,71,79.6,1.0,walk,road,1
,14,567,572,59,70.6,1.0,walk,road,1
,14,499,494,52,68.7,1.0,walk,road,1
,14,494,476,67,73.2,1.0,walk,road,1
,14,476,438,85,71.7,1.0,walk,road,1
,14,438,403,106,78.0,1.0,walk,road,1
,14,403,380,114,72.0,1.0,walk,road,1
,14,479,470,21,73.1,1.0,walk,road,1
,14,881,887,11,61.6,1.0,walk,road,1
,14,1327,1340,99,72.9,1.0,walk,road,1
,14,1340,1336,96,72.9,1.0,walk,road,1
,14,1336,1306,126,71.1,1.0,walk,road,1
,14,1306,1269,53,70.4,1.0,walk,road,1
,14,1269,1255,51,70.8,1.0,walk,road,1
,14,1255,1252,56,67.8,1.0,walk,road,1
,14,1252,1260,39,66.4,1.0,walk,road,1
,14,1260,1284,52,71.7,1.0,walk,road,1
,14,1284,1302,25,66.3,1.0,walk,road,1
,14,380,388,43,67.6,1.0,walk,road,1
,14,388,392,14,63.7,1.0,walk,road,1
,14,998,1039,53,71.2,1.0,walk,road,1
,14,1039,1045,37,72.0,1.0,walk,road,1
,14,1046,1054,43,73.5,1.0,walk,road,1
,14,1054,1062,48,71.6,1.0,walk,road,1
,14,963,998,44,70.7,1.0,walk,road,1
,14,1062,1077,44,67.0,1.0,walk,road,1
,14,1077,1085,23,73.3,1.0,walk,road,1
,14,950,963,18,64.2,1.0,walk,road,1
,14,1085,1093,46,70.9,1.0,walk,road,1
,14,1077,1097,54,68.9,1.0,walk,road,1
,14,1225,1219,32,72.5,1.0,walk,road,1
,14,1188,1152,35,70.3,1.0,walk,road,1
,14,1155,1178,28,72.3,1.0,walk,road,1
,14,1219,1200,38,68.2,1.0,walk,road,1
,14,1198,1191,11,63.2,1.0,walk,road,1
,14,1133,1130,8,63.9,1.0,walk,road,1
,14,1127,1092,57,66.2,1.0,walk,road,1
,14,1287,1246,57,69.4,1.0,walk,road,1
,14,1246,1225,40,71.1,1.0,walk,road,1
,14,1335,1324,18,61.7,1.0,walk,road,1
,14,1352,1335,22,66.2,1.0,walk,road,1
,14,1111,1118,10,65.4,1.0,walk,road,1
,14,1118,1142,36,66.5,1.0,walk,road,1
,14,1142,1155,12,61.2,1.0,walk,road,1
,14,1159,1127,28,68.5,1.0,walk,road,1
,14,1208,1188,164,82.4,1.0,walk,road,1
,14,1253,1236,51,66.9,1.0,walk,road,1
,14,1236,1209,39,71.0,1.0,walk,road,1
,14,1180,1189,14,61.2,1.0,walk,road,1
,14,1189,1191,8,60.5,1.0,walk,road,1
,14,1236,1293,61,76.0,1.0,walk,road,1
,14,1297,1303,16,60.7,1.0,walk,road,1
,14,1303,1316,49,67.2,1.0,walk,road,1
,14,1181,1159,21,67.4,1.0,walk,road,1
,14,1209,1208,22,73.1,1.0,walk,road,1
,14,1097,1111,25,67.3,1.0,walk,road,1
,14,1295,1292,19,65.4,1.0,walk,road,1
,14,1322,1281,43,72.3,1.0,walk,road,1
,14,1281,1279,8,66.9,1.0,walk,road,1
,14,1279,1295,24,73.8,1.0,walk,road,1
,14,1304,1320,24,72.7,1.0,walk,road,1
,14,1320,1322,28,73.0,1.0,walk,road,1
,14,1270,1253,22,70.8,1.0,walk,road,1
,14,1209,1186,34,68.1,1.0,walk,road,1
,14,1186,1164,57,69.8,1.0,walk,road,1
,14,1164,1110,63,73.5,1.0,walk,road,1
,14,1110,1034,165,84.2,1.0,walk,road,1
,14,1034,1027,132,75.3,1.0,walk,road,1
,14,1547,1440,128,77.3,1.0,walk,road,1
,14,1440,1328,140,74.9,1.0,walk,road,1
,14,1328,1307,165,78.9,1.0,walk,road,1
,14,1147,1169,30,67.4,1.0,walk,road,1
,14,1173,1172,69,71.8,1.0,walk,road,1
,14,1172,1176,16,63.5,1.0,walk,road,1
,14,1176,1185,31,69.1,1.0,walk,road,1
,14,1185,1193,14,67.9,1.0,walk,road,1
,14,1193,1206,28,67.4,1.0,walk,road,1
,14,1206,1221,108,75.7,1.0,walk,road,1
,14,1221,1220,42,72.3,1.0,walk,road,1
,14,1223,1210,66,76.5,1.0,walk,road,1
,14,1210,1201,19,66.2,1.0,walk,road,1
,14,1199,1182,15,61.9,1.0,walk,road,1
,14,1182,1156,26,67.9,1.0,walk,road,1
,14,1156,1106,95,80.1,1.0,walk,road,1
,14,1106,1102,14,62.2,1.0,walk,road,1
,14,1113,1129,24,69.3,1.0,walk,road,1
,14,1129,1137,10,67.2,1.0,walk,road,1
,14,1145,1161,15,64.4,1.0,walk,road,1
,14,1168,1207,44,67.8,1.0,walk,road,1
,14,1207,1221,27,70.6,1.0,walk,road,1
,14,1221,1277,63,77.1,1.0,walk,road,1
,14,623,621,89,73.9,1.0,walk,road,1
,14,621,620,30,66.5,1.0,walk,road,1
,14,620,619,15,60.4,1.0,walk,road,1
,14,619,617,156,84.2,1.0,walk,road,1
,14,617,616,41,71.8,1.0,walk,road,1
,14,616,615,84,73.1,1.0,walk,road,1
,14,781,858,169,77.9,1.0,walk,road,1
,14,858,905,140,79.1,1.0,walk,road,1
,14,905,957,88,73.1,1.0,walk,road,1
,14,957,1019,88,73.5,1.0,walk,road,1
,14,1019,1048,67,76.6,1.0,walk,road,1
,14,1048,1192,205,77.6,1.0,walk,road,1
,14,1192,1316,145,72.3,1.0,walk,road,1
,14,1316,1413,115,74.2,1.0,walk,road,1
,14,1413,1429,22,73.1,1.0,walk,road,1
,14,1429,1463,55,69.5,1.0,walk,road,1
,14,1463,1479,21,69.2,1.0,walk,road,1
,14,1479,1509,35,71.2,1.0,walk,road,1
,14,1509,1510,45,67.1,1.0,walk,road,1
,14,823,830,20,60.3,1.0,walk,road,1
,14,1165,1107,78,71.6,1.0,walk,road,1
,14,1107,1104,16,63.3,1.0,walk,road,1
,14,743,749,21,71.4,1.0,walk,road,1
,14,725,711,82,77.3,1.0,walk,road,1
,14,709,707,8,61.8,1.0,walk,road,1
,14,707,706,15,66.1,1.0,walk,road,1
,14,706,705,13,65.4,1.0,walk,road,1
,14,705,704,11,62.9,1.0,walk,road,1
,14,704,703,16,65.2,1.0,walk,road,1
,14,703,701,22,72.6,1.0,walk,road,1
,14,701,688,108,80.2,1.0,walk,road,1
,14,688,682,39,70.6,1.0,walk,road,1
,14,682,603,188,80.8,1.0,walk,road,1
,14,761,768,64,74.8,1.0,walk,road,1
,14,768,749,52,71.6,1.0,walk,road,1
,14,749,736,47,69.1,1.0,walk,road,1
,14,736,733,75,75.3,1.0,walk,road,1
,14,733,740,39,67.7,1.0,walk,road,1
,14,740,775,76,71.3,1.0,walk,road,1
,14,778,801,57,66.9,1.0,walk,road,1
,14,801,825,60,71.4,1.0,walk,road,1
,14,825,872,126,75.5,1.0,walk,road,1
,14,872,968,173,76.6,1.0,walk,road,1
,14,968,978,17,66.2,1.0,walk,road,1
,14,830,854,44,70.2,1.0,walk,road,1
,14,854,855,8,66.6,1.0,walk,road,1
,14,855,858,127,76.3,1.0,walk,road,1
,14,724,727,15,62.5,1.0,walk,road,1
,14,796,840,86,75.2,1.0,walk,road,1
,14,841,860,33,66.6,1.0,walk,road,1
,14,861,883,57,67.9,1.0,walk,road,1
,14,1084,1076,37,66.8,1.0,walk,road,1
,14,1076,1067,45,67.0,1.0,walk,road,1
,14,1067,1056,38,71.3,1.0,walk,road,1
,14,1056,1047,44,72.7,1.0,walk,road,1
,14,1047,1028,50,73.3,1.0,walk,road,1
,14,1028,1007,22,66.1,1.0,walk,road,1
,14,727,743,60,71.4,1.0,walk,road,1
,14,982,890,151,84.9,1.0,walk,road,1
,14,890,885,25,69.9,1.0,walk,road,1
,14,885,883,8,63.0,1.0,walk,road,1
,14,884,904,139,80.1,1.0,walk,road,1
,14,904,901,22,73.5,1.0,walk,road,1
,14,901,875,65,81.0,1.0,walk,road,1
,14,875,835,90,77.2,1.0,walk,road,1
,14,835,774,126,71.7,1.0,walk,road,1
,14,774,764,23,68.9,1.0,walk,road,1
,14,762,742,54,71.1,1.0,walk,road,1
,14,767,781,32,67.9,1.0,walk,road,1
,14,1007,984,34,70.7,1.0,walk,road,1
,14,801,803,89,77.2,1.0,walk,road,1
,14,803,799,45,69.4,1.0,walk,road,1
,14,799,820,67,77.8,1.0,walk,road,1
,14,820,823,70,73.0,1.0,walk,road,1
,14,749,785,88,78.7,1.0,walk,road,1
,14,785,804,51,66.6,1.0,walk,road,1
,14,804,810,33,68.8,1.0,walk,road,1
,14,811,813,17,64.4,1.0,walk,road,1
,14,813,806,27,72.7,1.0,walk,road,1
,14,806,794,25,70.9,1.0,walk,road,1
,14,794,797,105,80.8,1.0,walk,road,1
,14,795,782,39,68.1,1.0,walk,road,1
,14,832,813,69,71.1,1.0,walk,road,1
,14,828,836,29,70.3,1.0,walk,road,1
,14,838,846,78,79.8,1.0,walk,road,1
,14,846,832,88,72.7,1.0,walk,road,1
,14,591,573,31,66.5,1.0,walk,road,1
,14,573,513,146,76.2,1.0,walk,road,1
,14,513,466,114,72.8,1.0,walk,road,1
,14,466,449,27,71.4,1.0,walk,road,1
,14,492,471,58,67.1,1.0,walk,road,1
,14,471,459,70,75.0,1.0,walk,road,1
,14,459,461,41,71.6,1.0,walk,road,1
,14,461,455,50,70.5,1.0,walk,road,1
,14,455,445,33,67.2,1.0,walk,road,1
,14,445,431,37,68.2,1.0,walk,road,1
,14,428,423,49,70.9,1.0,walk,road,1
,14,423,425,40,73.9,1.0,walk,road,1
,14,425,475,117,74.3,1.0,walk,road,1
,14,1403,1427,68,72.0,1.0,walk,road,1
,14,1427,1464,53,66.6,1.0,walk,road,1
,14,1464,1498,59,66.3,1.0,walk,road,1
,14,1498,1483,66,80.2,1.0,walk,road,1
,14,1034,1019,100,81.0,1.0,walk,road,1
,14,1019,999,89,80.5,1.0,walk,road,1
,14,999,994,44,71.1,1.0,walk,road,1
,14,1008,994,312,86.0,1.0,walk,road,1
,14,1015,1010,65,72.3,1.0,walk,road,1
,14,1303,1323,41,66.6,1.0,walk,road,1
,14,1323,1358,43,73.0,1.0,walk,road,1
,14,1358,1352,41,73.4,1.0,walk,road,1
,14,1352,1347,26,69.0,1.0,walk,road,1
,14,1008,1014,81,75.0,1.0,walk,road,1
,14,1014,1015,17,67.7,1.0,walk,road,1
,14,331,330,29,71.4,1.0,walk,road,1
,14,332,343,37,67.1,1.0,walk,road,1
,14,343,370,121,71.1,1.0,walk,road,1
,14,370,394,77,76.2,1.0,walk,road,1
,14,394,415,98,71.3,1.0,walk,road,1
,14,422,409,50,68.3,1.0,walk,road,1
,14,409,395,57,73.6,1.0,walk,road,1
,14,395,385,34,70.6,1.0,walk,road,1
,14,385,394,129,80.5,1.0,walk,road,1
,14,394,400,91,79.3,1.0,walk,road,1
,14,400,397,51,72.2,1.0,walk,road,1
,14,380,379,87,73.5,1.0,walk,road,1
,14,379,357,57,73.6,1.0,walk,road,1
,14,357,348,78,75.4,1.0,walk,road,1
,14,348,358,103,75.8,1.0,walk,road,1
,14,392,372,129,74.7,1.0,walk,road,1
,14,372,355,39,70.8,1.0,walk,road,1
,14,355,344,77,71.3,1.0,walk,road,1
,14,344,333,47,67.3,1.0,walk,road,1
,14,333,328,80,79.2,1.0,walk,road,1
,14,548,543,67,72.7,1.0,walk,road,1
,14,543,512,118,74.5,1.0,walk,road,1
,14,512,513,14,66.0,1.0,walk,road,1
,14,337,350,74,71.0,1.0,walk,road,1
,14,350,376,96,72.9,1.0,walk,road,1
,14,377,404,73,76.8,1.0,walk,road,1
,14,404,423,66,80.4,1.0,walk,road,1
,14,495,517,132,73.7,1.0,walk,road,1
,14,475,495,75,75.5,1.0,walk,road,1
,14,336,327,138,75.1,1.0,walk,road,1
,14,327,342,70,79.1,1.0,walk,road,1
,14,342,337,203,84.6,1.0,walk,road,1
,14,337,338,50,70.7,1.0,walk,road,1
,14,338,339,130,73.6,1.0,walk,road,1
,14,340,341,29,68.8,1.0,walk,road,1
,14,546,548,28,70.0,1.0,walk,road,1
,14,793,991,359,86.9,1.0,walk,road,1
,14,991,1082,160,81.8,1.0,walk,road,1
,14,1082,1204,149,79.5,1.0,walk,road,1
,14,1204,1467,354,88.6,1.0,walk,road,1
,14,1467,1562,112,80.6,1.0,walk,road,1
,14,560,540,44,73.5,1.0,walk,road,1
,14,565,568,13,66.0,1.0,walk,road,1
,14,568,557,20,65.1,1.0,walk,road,1
,14,557,580,75,72.7,1.0,walk,road,1
,14,580,601,199,79.8,1.0,walk,road,1
,14,601,607,12,60.1,1.0,walk,road,1
,14,571,589,26,69.6,1.0,walk,road,1
,14,656,646,16,66.9,1.0,walk,road,1
,14,642,626,50,73.0,1.0,walk,road,1
,14,626,597,88,76.9,1.0,walk,road,1
,14,597,553,72,80.7,1.0,walk,road,1
,14,552,559,20,66.0,1.0,walk,road,1
,14,559,566,11,61.9,1.0,walk,road,1
,14,566,570,8,63.6,1.0,walk,road,1
,14,570,602,65,76.8,1.0,walk,road,1
,14,602,625,53,73.9,1.0,walk,road,1
,14,625,622,97,76.3,1.0,walk,road,1
,14,622,629,57,69.3,1.0,walk,road,1
,14,629,632,37,71.1,1.0,walk,road,1
,14,652,627,66,74.6,1.0,walk,road,1
,14,627,610,56,72.4,1.0,walk,road,1
,14,610,613,210,81.1,1.0,walk,road,1
,14,613,604,76,79.7,1.0,walk,road,1
,14,604,575,70,72.3,1.0,walk,road,1
,14,483,463,50,68.2,1.0,walk,road,1
,14,463,418,128,79.0,1.0,walk,road,1
,14,418,419,55,71.9,1.0,walk,road,1
,14,419,421,44,69.9,1.0,walk,road,1
,14,421,456,96,77.6,1.0,walk,road,1
,14,458,507,94,74.2,1.0,walk,road,1
,14,507,522,36,72.6,1.0,walk,road,1
,14,467,502,84,76.9,1.0,walk,road,1
,14,502,536,81,71.0,1.0,walk,road,1
,14,536,561,60,67.7,1.0,walk,road,1
,14,564,586,34,73.0,1.0,walk,road,1
,14,586,631,125,77.5,1.0,walk,road,1
,14,631,648,75,76.7,1.0,walk,road,1
,14,648,653,98,78.3,1.0,walk,road,1
,14,828,807,92,73.0,1.0,walk,road,1
,14,802,789,29,74.0,1.0,walk,road,1
,14,789,782,35,68.5,1.0,walk,road,1
,14,780,759,42,72.1,1.0,walk,road,1
,14,759,770,46,67.5,1.0,walk,road,1
,14,773,761,19,67.3,1.0,walk,road,1
,14,902,888,46,67.1,1.0,walk,road,1
,14,1128,1103,45,71.9,1.0,walk,road,1
,14,1103,1074,58,66.4,1.0,walk,road,1
,14,1074,1059,38,71.5,1.0,walk,road,1
,14,1056,1017,86,79.2,1.0,walk,road,1
,14,1017,965,63,80.1,1.0,walk,road,1
,14,962,939,44,69.7,1.0,walk,road,1
,14,939,925,25,71.2,1.0,walk,road,1
,14,888,878,16,63.5,1.0,walk,road,1
,14,878,860,39,67.5,1.0,walk,road,1
,14,812,827,41,67.0,1.0,walk,road,1
,14,827,856,59,68.2,1.0,walk,road,1
,14,856,863,16,61.2,1.0,walk,road,1
,14,662,661,14,67.9,1.0,walk,road,1
,14,987,975,48,71.8,1.0,walk,road,1
,14,975,956,26,67.3,1.0,walk,road,1
,14,875,869,33,67.0,1.0,walk,road,1
,14,869,895,78,72.0,1.0,walk,road,1
,14,406,440,97,71.4,1.0,walk,road,1
,14,440,481,184,78.4,1.0,walk,road,1
,14,481,466,111,76.8,1.0,walk,road,1
,14,466,467,23,69.8,1.0,walk,road,1
,14,467,462,134,75.0,1.0,walk,road,1
,14,462,429,102,71.1,1.0,walk,road,1
,14,429,443,53,67.0,1.0,walk,road,1
,14,915,902,50,73.5,1.0,walk,road,1
,14,1571,1569,94,80.8,1.0,walk,road,1
,14,1569,1568,111,73.9,1.0,walk,road,1
,14,925,915,18,63.4,1.0,walk,road,1
,14,947,918,49,73.7,1.0,walk,road,1
,14,918,917,25,66.9,1.0,walk,road,1
,14,923,939,30,66.1,1.0,walk,road,1
,14,655,657,40,70.4,1.0,walk,road,1
,14,659,661,28,71.1,1.0,walk,road,1
,14,661,641,40,67.6,1.0,walk,road,1
,14,641,639,25,73.6,1.0,walk,road,1
,14,624,618,25,69.8,1.0,walk,road,1
,14,726,711,88,71.1,1.0,walk,road,1
,14,863,897,73,76.5,1.0,walk,road,1
,14,396,406,57,70.4,1.0,walk,road,1
,14,406,412,96,71.9,1.0,walk,road,1
,14,412,441,78,79.7,1.0,walk,road,1
,14,441,478,91,72.4,1.0,walk,road,1
,14,478,488,117,71.4,1.0,walk,road,1
,14,488,543,141,75.6,1.0,walk,road,1
,14,543,573,53,66.5,1.0,walk,road,1
,14,950,935,41,72.4,1.0,walk,road,1
,14,840,856,113,75.3,1.0,walk,road,1
,14,766,791,70,71.7,1.0,walk,road,1
,14,837,840,32,68.3,1.0,walk,road,1
,14,772,777,31,71.3,1.0,walk,road,1
,14,777,763,36,72.3,1.0,walk,road,1
,14,763,766,31,67.0,1.0,walk,road,1
,14,766,764,10,66.5,1.0,walk,road,1
,14,852,861,12,64.6,1.0,walk,road,1
,14,791,833,132,78.4,1.0,walk,road,1
,14,837,852,31,70.0,1.0,walk,road,1
,14,956,946,21,68.3,1.0,walk,road,1
,14,946,932,30,72.7,1.0,walk,road,1
,14,931,927,30,69.4,1.0,walk,road,1
,14,927,921,13,66.1,1.0,walk,road,1
,14,921,904,31,72.6,1.0,walk,road,1
,14,946,930,90,80.8,1.0,walk,road,1
,14,803,821,76,79.4,1.0,walk,road,1
,14,821,804,175,84.7,1.0,walk,road,1
,14,1405,1364,43,68.9,1.0,walk,road,1
,14,1364,1340,32,71.0,1.0,walk,road,1
,14,1413,1449,58,66.1,1.0,walk,road,1
,14,1463,1449,69,78.6,1.0,walk,road,1
,14,1448,1453,47,66.4,1.0,walk,road,1
,14,1453,1474,53,68.3,1.0,walk,road,1
,14,858,877,68,76.0,1.0,walk,road,1
,14,877,900,56,66.5,1.0,walk,road,1
,14,900,999,162,77.4,1.0,walk,road,1
,14,367,414,122,74.7,1.0,walk,road,1
,14,414,487,161,82.7,1.0,walk,road,1
,14,487,509,46,67.5,1.0,walk,road,1
,14,509,507,73,78.0,1.0,walk,road,1
,14,509,532,50,68.5,1.0,walk,road,1
,14,532,529,48,69.2,1.0,walk,road,1
,14,526,516,26,71.9,1.0,walk,road,1
,14,516,510,106,75.2,1.0,walk,road,1
,14,510,474,71,79.7,1.0,walk,road,1
,14,474,464,66,74.0,1.0,walk,road,1
,14,391,398,29,66.3,1.0,walk,road,1
,14,398,369,75,74.1,1.0,walk,road,1
,14,616,693,181,85.9,1.0,walk,road,1
,14,693,694,64,71.6,1.0,walk,road,1
,14,694,692,26,69.9,1.0,walk,road,1
,14,692,690,40,66.8,1.0,walk,road,1
,14,690,691,19,66.8,1.0,walk,road,1
,14,691,689,51,71.9,1.0,walk,road,1
,14,689,666,60,69.4,1.0,walk,road,1
,14,666,649,41,69.9,1.0,walk,road,1
,14,649,620,75,75.1,1.0,walk,road,1
,14,694,700,91,80.7,1.0,walk,road,1
,14,700,692,92,73.0,1.0,walk,road,1
,14,691,679,29,72.8,1.0,walk,road,1
,14,679,666,65,76.0,1.0,walk,road,1
,14,690,667,59,66.1,1.0,walk,road,1
,14,617,647,77,76.3,1.0,walk,road,1
,14,647,649,169,76.9,1.0,walk,road,1
,14,350,349,142,77.8,1.0,walk,road,1
,14,349,363,78,79.7,1.0,walk,road,1
,14,363,410,116,77.3,1.0,walk,road,1
,14,410,430,68,78.2,1.0,walk,road,1
,14,430,460,55,70.2,1.0,walk,road,1
,14,460,475,39,68.4,1.0,walk,road,1
,14,475,544,157,78.0,1.0,walk,road,1
,14,544,614,136,74.3,1.0,walk,road,1
,14,614,702,294,86.0,1.0,walk,road,1
,14,326,332,182,84.5,1.0,walk,road,1
,14,343,345,147,73.3,1.0,walk,road,1
,14,345,354,55,72.6,1.0,walk,road,1
,14,354,365,54,69.1,1.0,walk,road,1
,14,365,385,50,70.2,1.0,walk,road,1
,14,395,366,66,71.4,1.0,walk,road,1
,14,366,347,53,72.6,1.0,walk,road,1
,14,347,326,180,85.1,1.0,walk,road,1
,14,410,425,114,77.6,1.0,walk,road,1
,14,350,352,179,85.1,1.0,walk,road,1
,14,352,360,9,62.5,1.0,walk,road,1
,14,360,368,79,78.4,1.0,walk,road,1
,14,368,393,54,73.8,1.0,walk,road,1
,14,393,411,66,79.6,1.0,walk,road,1
,14,411,439,89,72.3,1.0,walk,road,1
,14,439,471,63,79.1,1.0,walk,road,1
,14,471,501,58,69.4,1.0,walk,road,1
,14,503,535,79,74.9,1.0,walk,road,1
,14,535,585,95,75.9,1.0,walk,road,1
,14,460,413,179,80.3,1.0,walk,road,1
,14,413,356,144,80.4,1.0,walk,road,1
,14,356,336,101,72.5,1.0,walk,road,1
,14,336,324,138,78.4,1.0,walk,road,1
,14,324,321,195,77.9,1.0,walk,road,1
,14,1280,1332,87,72.3,1.0,walk,road,1
,14,1343,1394,56,69.3,1.0,walk,road,1
,14,1394,1414,72,79.8,1.0,walk,road,1
,14,1414,1574,232,81.2,1.0,walk,road,1
,14,814,817,49,68.8,1.0,walk,road,1
,14,817,1057,403,79.9,1.0,walk,road,1
,14,1057,1254,288,77.1,1.0,walk,road,1
,14,1254,1436,216,82.3,1.0,walk,road,1
,14,1248,1275,25,70.7,1.0,walk,road,1
,14,1286,1299,11,66.1,1.0,walk,road,1
,14,1299,1311,13,60.3,1.0,walk,road,1
,14,1311,1325,25,67.8,1.0,walk,road,1
,14,1345,1386,44,66.4,1.0,walk,road,1
,14,776,798,52,69.2,1.0,walk,road,1
,14,1041,1044,46,70.4,1.0,walk,road,1
,14,1044,1071,70,72.0,1.0,walk,road,1
,14,1071,1197,171,84.8,1.0,walk,road,1
,14,1197,1241,77,73.8,1.0,walk,road,1
,14,1241,1285,58,69.7,1.0,walk,road,1
,14,1285,1387,113,78.8,1.0,walk,road,1
,14,1387,1436,120,79.5,1.0,walk,road,1
,14,1436,1438,28,73.6,1.0,walk,road,1
,14,1438,1435,63,78.3,1.0,walk,road,1
,14,1237,1248,31,69.4,1.0,walk,road,1
,14,1248,1241,64,71.4,1.0,walk,road,1
,14,756,753,13,64.5,1.0,walk,road,1
,14,753,750,39,67.9,1.0,walk,road,1
,14,750,757,122,71.9,1.0,walk,road,1
,14,757,790,106,76.3,1.0,walk,road,1
,14,790,842,100,79.5,1.0,walk,road,1
,14,842,1004,278,83.3,1.0,walk,road,1
,14,1011,1096,172,84.9,1.0,walk,road,1
,14,1096,1263,214,81.1,1.0,walk,road,1
,14,1263,1280,18,62.5,1.0,walk,road,1
,14,751,745,41,66.3,1.0,walk,road,1
,14,745,737,76,76.2,1.0,walk,road,1
,14,737,738,20,62.6,1.0,walk,road,1
,14,738,739,61,76.6,1.0,walk,road,1
,14,739,741,41,71.7,1.0,walk,road,1
,14,808,814,14,67.7,1.0,walk,road,1
,14,814,882,131,79.9,1.0,walk,road,1
,14,882,924,117,80.5,1.0,walk,road,1
,14,924,1014,120,75.7,1.0,walk,road,1
,14,1014,1041,33,69.7,1.0,walk,road,1
,14,1041,1099,136,78.2,1.0,walk,road,1
,14,1099,1190,122,74.2,1.0,walk,road,1
,14,1190,1233,67,73.4,1.0,walk,road,1
,14,1233,1318,88,72.2,1.0,walk,road,1
,14,1318,1343,52,73.2,1.0,walk,road,1
,14,1425,1379,54,72.8,1.0,walk,road,1
,14,1379,1343,42,72.6,1.0,walk,road,1
,14,1343,1332,21,66.3,1.0,walk,road,1
,14,1379,1386,18,61.0,1.0,walk,road,1
,14,1386,1387,168,85.1,1.0,walk,road,1
,14,1401,1432,77,78.9,1.0,walk,road,1
,14,1432,1461,82,76.8,1.0,walk,road,1
,14,1461,1442,72,76.5,1.0,walk,road,1
,14,1442,1452,44,69.8,1.0,walk,road,1
,14,1432,1460,58,72.2,1.0,walk,road,1
,14,1460,1529,67,75.3,1.0,walk,road,1
,14,1529,1540,42,71.4,1.0,walk,road,1
,14,1540,1537,55,67.6,1.0,walk,road,1
,14,1537,1468,109,72.7,1.0,walk,road,1
,14,1553,1532,33,71.3,1.0,walk,road,1
,14,1522,1488,54,73.7,1.0,walk,road,1
,14,1488,1446,47,72.8,1.0,walk,road,1
,14,1446,1419,44,71.0,1.0,walk,road,1
,14,1419,1395,34,71.5,1.0,walk,road,1
,14,1306,1337,49,71.8,1.0,walk,road,1
,14,1337,1406,66,81.0,1.0,walk,road,1
,14,1290,1302,19,61.1,1.0,walk,road,1
,14,1260,1289,41,70.1,1.0,walk,road,1
,14,1289,1269,108,72.5,1.0,walk,road,1
,14,1284,1310,28,73.8,1.0,walk,road,1
,14,1313,1344,47,71.6,1.0,walk,road,1
,14,1344,1378,33,68.4,1.0,walk,road,1
,14,1389,1400,12,61.9,1.0,walk,road,1
,14,1473,1460,76,78.9,1.0,walk,road,1
,14,1466,1446,80,79.4,1.0,walk,road,1
,14,1290,1288,23,72.1,1.0,walk,road,1
,14,1288,1307,36,67.4,1.0,walk,road,1
,14,1402,1419,40,73.1,1.0,walk,road,1
,14,674,680,126,80.2,1.0,walk,road,1
,14,680,682,30,71.2,1.0,walk,road,1
,14,677,697,97,81.0,1.0,walk,road,1
,14,698,697,335,88.6,1.0,walk,road,1
,14,697,696,136,76.6,1.0,walk,road,1
,14,696,680,87,76.5,1.0,walk,road,1
,14,646,650,69,75.5,1.0,walk,road,1
,14,650,687,128,71.2,1.0,walk,road,1
,14,687,683,80,73.3,1.0,walk,road,1
,14,681,653,69,73.8,1.0,walk,road,1
,14,653,591,155,85.7,1.0,walk,road,1
,14,720,734,45,73.9,1.0,walk,road,1
,14,734,747,105,73.1,1.0,walk,road,1
,14,1079,1157,157,76.1,1.0,walk,road,1
,14,1157,1296,322,81.4,1.0,walk,road,1
,14,1296,1404,135,74.0,1.0,walk,road,1
,14,1404,1554,182,78.7,1.0,walk,road,1
,14,1418,1406,22,67.3,1.0,walk,road,1
,14,873,874,35,68.8,1.0,walk,road,1
,14,935,968,95,72.9,1.0,walk,road,1
,14,978,1025,54,68.6,1.0,walk,road,1
,14,1026,1005,76,76.8,1.0,walk,road,1
,14,1225,1247,26,66.1,1.0,walk,road,1
,14,1257,1265,29,70.3,1.0,walk,road,1
,14,1265,1246,22,67.0,1.0,walk,road,1
,14,955,954,53,70.2,1.0,walk,road,1
,14,954,966,17,64.1,1.0,walk,road,1
,14,966,979,18,60.1,1.0,walk,road,1
,14,979,992,19,62.4,1.0,walk,road,1
,14,992,989,54,67.2,1.0,walk,road,1
,14,989,980,17,61.3,1.0,walk,road,1
,14,980,967,19,65.5,1.0,walk,road,1
,14,967,955,16,66.8,1.0,walk,road,1
,14,966,967,54,68.7,1.0,walk,road,1
,14,979,980,54,66.9,1.0,walk,road,1
,14,1010,1011,17,65.2,1.0,walk,road,1
,14,1011,1012,75,75.0,1.0,walk,road,1
,14,1238,1262,38,66.7,1.0,walk,road,1
,14,1238,1218,31,72.8,1.0,walk,road,1
,14,1212,1194,33,71.6,1.0,walk,road,1
,14,1558,1572,26,73.1,1.0,walk,road,1
,14,1558,1550,16,64.1,1.0,walk,road,1
,14,1550,1553,117,74.8,1.0,walk,road,1
,14,1545,1547,10,66.9,1.0,walk,road,1
,14,1547,1555,28,70.2,1.0,walk,road,1
,14,1555,1534,34,68.9,1.0,walk,road,1
,14,1534,1483,47,71.9,1.0,walk,road,1
,14,1483,1450,58,70.1,1.0,walk,road,1
,14,1450,1433,30,66.2,1.0,walk,road,1
,14,1426,1403,99,76.5,1.0,walk,road,1
,14,1403,1402,64,80.7,1.0,walk,road,1
,14,1402,1395,38,69.3,1.0,walk,road,1
,14,1395,1400,56,73.7,1.0,walk,road,1
,14,1400,1431,89,75.6,1.0,walk,road,1
,14,1510,1545,85,73.3,1.0,walk,road,1
,14,1450,1440,42,70.0,1.0,walk,road,1
,14,1186,1192,96,75.8,1.0,walk,road,1
,14,1027,1024,9,62.0,1.0,walk,road,1
,14,928,898,52,71.9,1.0,walk,road,1
,14,898,880,51,67.7,1.0,walk,road,1
,14,876,855,36,70.0,1.0,walk,road,1
,14,746,769,59,72.0,1.0,walk,road,1
,14,769,758,123,74.8,1.0,walk,road,1
,14,758,718,173,79.1,1.0,walk,road,1
,14,765,783,35,71.1,1.0,walk,road,1
,14,783,787,45,68.2,1.0,walk,road,1
,14,787,805,35,68.7,1.0,walk,road,1
,14,805,809,12,61.3,1.0,walk,road,1
,14,809,819,39,67.8,1.0,walk,road,1
,14,819,818,46,66.7,1.0,walk,road,1
,14,818,824,20,63.7,1.0,walk,road,1
,14,809,816,84,77.9,1.0,walk,road,1
,14,818,800,51,69.2,1.0,walk,road,1
,14,800,792,65,73.1,1.0,walk,road,1
,14,785,788,29,69.8,1.0,walk,road,1
,14,788,778,64,72.9,1.0,walk,road,1
,14,910,909,27,69.3,1.0,walk,road,1
,14,909,894,40,70.2,1.0,walk,road,1
,14,894,831,115,75.4,1.0,walk,road,1
,14,831,822,31,73.3,1.0,walk,road,1
,14,822,815,29,71.9,1.0,walk,road,1
,14,822,829,23,68.2,1.0,walk,road,1
,14,834,886,90,77.4,1.0,walk,road,1
,14,854,862,10,62.8,1.0,walk,road,1
,14,862,864,12,65.9,1.0,walk,road,1
,14,864,880,26,72.5,1.0,walk,road,1
,14,898,906,87,79.1,1.0,walk,road,1
,14,906,889,109,74.2,1.0,walk,road,1
,14,943,983,62,77.3,1.0,walk,road,1
,14,961,971,13,67.3,1.0,walk,road,1
,14,971,981,16,60.3,1.0,walk,road,1
,14,964,973,14,62.3,1.0,walk,road,1
,14,973,981,8,60.0,1.0,walk,road,1
,14,981,990,18,64.3,1.0,walk,road,1
,14,997,1013,23,66.3,1.0,walk,road,1
,14,1013,1020,14,65.6,1.0,walk,road,1
,14,1020,1022,11,66.7,1.0,walk,road,1
,14,935,919,32,72.1,1.0,walk,road,1
,14,914,910,21,67.3,1.0,walk,road,1
,14,910,886,80,78.8,1.0,walk,road,1
,14,886,879,28,68.9,1.0,walk,road,1
,14,879,849,54,72.1,1.0,walk,road,1
,14,849,839,23,72.1,1.0,walk,road,1
,14,1009,1018,17,62.7,1.0,walk,road,1
,14,1018,1024,30,73.9,1.0,walk,road,1
,14,1024,983,54,69.5,1.0,walk,road,1
,14,983,928,150,80.7,1.0,walk,road,1
,14,928,905,80,74.4,1.0,walk,road,1
,14,1449,1448,36,69.0,1.0,walk,road,1
,14,1039,1043,58,72.3,1.0,walk,road,1
,14,1043,1078,94,80.6,1.0,walk,road,1
,14,1078,1075,60,72.9,1.0,walk,road,1
,14,1075,1045,96,74.3,1.0,walk,road,1
,14,1088,1078,21,67.4,1.0,walk,road,1
,14,1393,1354,32,73.6,1.0,walk,road,1
,14,1348,1305,67,71.3,1.0,walk,road,1
,14,1305,1272,27,73.7,1.0,walk,road,1
,14,1272,1282,40,68.0,1.0,walk,road,1
,14,1282,1271,9,63.6,1.0,walk,road,1
,14,1239,1240,17,65.2,1.0,walk,road,1
,14,1240,1242,128,80.9,1.0,walk,road,1
,14,1215,1193,49,71.6,1.0,walk,road,1
,14,1193,1175,15,61.4,1.0,walk,road,1
,14,1158,1151,8,63.4,1.0,walk,road,1
,14,1151,1136,16,62.6,1.0,walk,road,1
,14,1136,1126,9,61.8,1.0,walk,road,1
,14,1168,1170,46,69.9,1.0,walk,road,1
,14,1170,1177,29,71.5,1.0,walk,road,1
,14,1177,1174,16,61.2,1.0,walk,road,1
,14,1174,1163,10,65.1,1.0,walk,road,1
,14,1163,1177,16,65.9,1.0,walk,road,1
,14,1250,1256,15,60.1,1.0,walk,road,1
,14,1258,1301,83,79.8,1.0,walk,road,1
,14,1301,1291,46,73.7,1.0,walk,road,1
,14,1291,1251,45,69.9,1.0,walk,road,1
,14,1251,1256,93,79.5,1.0,walk,road,1
,14,1256,1240,18,66.7,1.0,walk,road,1
,14,859,849,48,69.9,1.0,walk,road,1
,14,859,848,19,67.6,1.0,walk,road,1
,14,848,845,9,60.4,1.0,walk,road,1
,14,845,844,10,60.6,1.0,walk,road,1
,14,844,847,10,66.8,1.0,walk,road,1
,14,847,850,11,62.7,1.0,walk,road,1
,14,942,934,49,69.9,1.0,walk,road,1
,14,933,927,16,65.4,1.0,walk,road,1
,14,1091,1070,55,68.1,1.0,walk,road,1
,14,373,349,60,72.0,1.0,walk,road,1
,14,455,504,102,74.5,1.0,walk,road,1
,14,501,515,40,70.9,1.0,walk,road,1
,14,439,405,108,71.3,1.0,walk,road,1
,14,405,378,76,78.9,1.0,walk,road,1
,14,378,360,51,66.1,1.0,walk,road,1
,14,352,339,85,75.9,1.0,walk,road,1
,14,339,329,34,73.0,1.0,walk,road,1
,14,405,399,97,77.3,1.0,walk,road,1
,14,399,407,58,69.8,1.0,walk,road,1
,14,407,431,88,73.0,1.0,walk,road,1
,14,377,384,75,74.0,1.0,walk,road,1
,14,383,386,49,73.9,1.0,walk,road,1
,14,386,399,42,69.5,1.0,walk,road,1
,14,417,459,92,71.7,1.0,walk,road,1
,14,572,575,54,68.5,1.0,walk,road,1
,14,575,518,122,79.6,1.0,walk,road,1
,14,518,506,30,72.4,1.0,walk,road,1
,14,506,485,51,70.8,1.0,walk,road,1
,14,575,579,72,76.1,1.0,walk,road,1
,14,549,577,38,66.6,1.0,walk,road,1
,14,577,611,75,79.6,1.0,walk,road,1
,14,611,622,19,62.1,1.0,walk,road,1
,14,577,594,44,70.4,1.0,walk,road,1
,14,594,611,46,67.6,1.0,walk,road,1
,14,558,576,26,72.8,1.0,walk,road,1
,14,576,596,163,79.3,1.0,walk,road,1
,14,596,629,95,73.4,1.0,walk,road,1
,14,613,637,69,77.7,1.0,walk,road,1
,14,637,684,100,71.4,1.0,walk,road,1
,14,684,699,89,77.2,1.0,walk,road,1
,14,632,651,52,69.8,1.0,walk,road,1
,14,652,636,53,71.3,1.0,walk,road,1
,14,635,644,36,67.1,1.0,walk,road,1
,14,644,664,42,72.1,1.0,walk,road,1
,14,664,678,41,72.0,1.0,walk,road,1
,14,678,684,154,82.8,1.0,walk,road,1
,14,625,645,158,80.6,1.0,walk,road,1
,14,362,435,196,82.0,1.0,walk,road,1
,14,437,420,56,66.8,1.0,walk,road,1
,14,420,387,108,77.7,1.0,walk,road,1
,14,387,375,51,73.8,1.0,walk,road,1
,14,375,390,106,79.6,1.0,walk,road,1
,14,390,427,139,74.0,1.0,walk,road,1
,14,427,480,106,73.5,1.0,walk,road,1
,14,480,490,41,73.2,1.0,walk,road,1
,14,493,533,83,74.1,1.0,walk,road,1
,14,533,562,111,71.6,1.0,walk,road,1
,14,562,574,38,66.0,1.0,walk,road,1
,14,574,551,35,68.5,1.0,walk,road,1
,14,551,554,51,72.3,1.0,walk,road,1
,14,554,542,42,69.5,1.0,walk,road,1
,14,542,538,233,83.9,1.0,walk,road,1
,14,481,512,72,77.1,1.0,walk,road,1
,14,626,643,86,77.7,1.0,walk,road,1
,14,643,658,29,73.4,1.0,walk,road,1
,14,502,520,56,73.2,1.0,walk,road,1
,14,520,531,66,71.5,1.0,walk,road,1
,14,531,498,103,71.4,1.0,walk,road,1
,14,498,491,77,78.0,1.0,walk,road,1
,14,1272,1234,104,78.4,1.0,walk,road,1
,14,1234,1229,65,72.8,1.0,walk,road,1
,14,1229,1230,35,73.3,1.0,walk,road,1
,14,1230,1261,38,68.1,1.0,walk,road,1
,14,1261,1267,87,75.1,1.0,walk,road,1
,14,1267,1361,100,80.2,1.0,walk,road,1
,14,1361,1362,82,77.0,1.0,walk,road,1
,14,1362,1415,65,77.7,1.0,walk,road,1
,14,1415,1516,120,78.2,1.0,walk,road,1
,14,1516,1548,39,71.8,1.0,walk,road,1
,14,1548,1559,74,79.4,1.0,walk,road,1
,14,1559,1519,54,66.2,1.0,walk,road,1
,14,1519,1518,21,69.9,1.0,walk,road,1
,14,1518,1517,13,66.1,1.0,walk,road,1
,14,1517,1525,52,67.5,1.0,walk,road,1
,14,1525,1549,69,75.4,1.0,walk,road,1
,14,1549,1552,62,79.5,1.0,walk,road,1
,14,1551,1556,29,69.4,1.0,walk,road,1
,14,1556,1560,63,73.9,1.0,walk,road,1
,14,1282,1298,45,68.4,1.0,walk,road,1
,14,1298,1319,113,76.1,1.0,walk,road,1
,14,1319,1326,31,73.9,1.0,walk,road,1
,14,1326,1359,45,72.9,1.0,walk,road,1
,14,1366,1422,60,71.1,1.0,walk,road,1
,14,1560,1546,66,73.1,1.0,walk,road,1
,14,1546,1505,52,67.5,1.0,walk,road,1
,14,1505,1496,11,60.2,1.0,walk,road,1
,14,1496,1471,19,67.5,1.0,walk,road,1
,14,1471,1430,68,76.8,1.0,walk,road,1
,14,1430,1411,73,72.1,1.0,walk,road,1
,14,1411,1393,32,71.1,1.0,walk,road,1
,14,1393,1391,51,73.0,1.0,walk,road,1
,14,1556,1469,93,72.2,1.0,walk,road,1
,14,1469,1397,100,71.9,1.0,walk,road,1
,14,1391,1374,79,75.6,1.0,walk,road,1
,14,1525,1531,60,72.2,1.0,walk,road,1
,14,1531,1549,33,73.5,1.0,walk,road,1
,14,1539,1525,15,65.7,1.0,walk,road,1
,14,1366,1367,15,64.0,1.0,walk,road,1
,14,1420,1422,117,74.3,1.0,walk,road,1
,14,1422,1423,87,77.8,1.0,walk,road,1
,14,1423,1451,42,66.1,1.0,walk,road,1
,14,1451,1500,70,77.4,1.0,walk,road,1
,14,1502,1505,19,63.6,1.0,walk,road,1
,14,1496,1497,44,71.6,1.0,walk,road,1
,14,1507,1515,26,71.0,1.0,walk,road,1
,14,1515,1508,28,67.1,1.0,walk,road,1
,14,1508,1475,29,71.3,1.0,walk,road,1
,14,1475,1459,34,74.0,1.0,walk,road,1
,14,1447,1471,72,80.7,1.0,walk,road,1
,14,1497,1477,19,64.1,1.0,walk,road,1
,14,1478,1447,43,67.5,1.0,walk,road,1
,14,1444,1443,10,60.2,1.0,walk,road,1
,14,1443,1439,38,67.5,1.0,walk,road,1
,14,1441,1462,58,66.9,1.0,walk,road,1
,14,1486,1503,22,73.2,1.0,walk,road,1
,14,1494,1515,24,72.4,1.0,walk,road,1
,14,1515,1542,29,73.6,1.0,walk,road,1
,14,1490,1492,8,62.8,1.0,walk,road,1
,14,1492,1472,18,65.8,1.0,walk,road,1
,14,1472,1454,23,73.3,1.0,walk,road,1
,14,1454,1445,11,65.6,1.0,walk,road,1
,14,1445,1447,47,68.4,1.0,walk,road,1
,14,1487,1508,24,71.5,1.0,walk,road,1
,14,1476,1475,16,64.7,1.0,walk,road,1
,14,1477,1459,35,74.0,1.0,walk,road,1
,14,1470,1486,13,64.6,1.0,walk,road,1
,14,1489,1494,9,64.8,1.0,walk,road,1
,14,1491,1487,9,64.8,1.0,walk,road,1
,14,1487,1476,9,68.0,1.0,walk,road,1
,14,1462,1469,20,67.7,1.0,walk,road,1
,14,1531,1530,15,64.8,1.0,walk,road,1
,14,1517,1485,34,70.0,1.0,walk,road,1
,14,1361,1384,22,67.0,1.0,walk,road,1
,14,1384,1518,156,79.8,1.0,walk,road,1
,14,1384,1388,66,80.2,1.0,walk,road,1
,14,1388,1520,156,85.0,1.0,walk,road,1
,14,1516,1520,46,70.8,1.0,walk,road,1
,14,1520,1519,44,67.6,1.0,walk,road,1
,14,1261,1274,11,67.1,1.0,walk,road,1
,14,1274,1368,101,73.6,1.0,walk,road,1
,14,1368,1374,28,67.6,1.0,walk,road,1
,14,1229,1314,83,78.4,1.0,walk,road,1
,14,1305,1331,77,80.2,1.0,walk,road,1
,14,1331,1330,13,64.0,1.0,walk,road,1
,14,1330,1329,9,62.1,1.0,walk,road,1
,14,1329,1346,111,79.7,1.0,walk,road,1
,14,1346,1375,37,72.4,1.0,walk,road,1
,14,1375,1408,34,72.8,1.0,walk,road,1
,14,1408,1396,57,69.3,1.0,walk,road,1
,14,1396,1410,76,76.0,1.0,walk,road,1
,14,1409,1354,107,73.3,1.0,walk,road,1
,14,1441,1417,28,70.4,1.0,walk,road,1
,14,1417,1411,14,60.7,1.0,walk,road,1
,14,1354,1353,40,71.9,1.0,walk,road,1
,14,1353,1339,45,70.3,1.0,walk,road,1
,14,1339,1308,44,73.3,1.0,walk,road,1
,14,1308,1283,27,72.4,1.0,walk,road,1
,14,1278,1245,34,73.0,1.0,walk,road,1
,14,1245,1266,48,67.9,1.0,walk,road,1
,14,1273,1305,85,75.4,1.0,walk,road,1
,14,1183,1182,30,68.9,1.0,walk,road,1
,14,484,491,21,72.1,1.0,walk,road,1
,14,485,469,55,67.1,1.0,walk,road,1
,14,469,426,79,72.5,1.0,walk,road,1
,14,426,447,188,85.6,1.0,walk,road,1
,14,676,652,62,75.0,1.0,walk,road,1
,14,846,851,37,70.3,1.0,walk,road,1
,14,851,853,9,63.6,1.0,walk,road,1
,14,1420,1421,42,70.8,1.0,walk,road,1
,14,1509,1536,29,66.6,1.0,walk,road,1
,14,1536,1527,18,64.8,1.0,walk,road,1
,14,1527,1479,44,67.6,1.0,walk,road,1
,14,1358,1424,77,77.2,1.0,walk,road,1
,14,1189,1203,90,72.3,1.0,walk,road,1
,14,1203,1217,22,72.1,1.0,walk,road,1
,14,1217,1231,50,72.3,1.0,walk,road,1
,14,1249,1244,15,65.5,1.0,walk,road,1
,14,1244,1216,43,72.6,1.0,walk,road,1
,14,1216,1191,49,68.0,1.0,walk,road,1
,14,1300,1316,48,69.5,1.0,walk,road,1
,14,685,671,33,71.2,1.0,walk,road,1
,14,671,669,42,69.5,1.0,walk,road,1
,14,669,656,33,66.7,1.0,walk,road,1
,14,675,670,12,61.2,1.0,walk,road,1
,14,670,672,9,61.9,1.0,walk,road,1
,14,674,677,11,66.7,1.0,walk,road,1
,14,673,640,76,80.2,1.0,walk,road,1
,14,640,638,53,67.7,1.0,walk,road,1
,14,732,731,74,76.2,1.0,walk,road,1
,14,731,745,42,71.3,1.0,walk,road,1
,14,1117,1134,21,71.1,1.0,walk,road,1
,14,1134,1146,10,67.2,1.0,walk,road,1
,14,1153,1172,19,65.9,1.0,walk,road,1
,14,1172,1211,53,72.6,1.0,walk,road,1
,14,1215,1228,25,71.6,1.0,walk,road,1
,14,500,511,25,70.9,1.0,walk,road,1
,14,511,506,32,73.6,1.0,walk,road,1
,14,518,523,37,67.8,1.0,walk,road,1
,14,523,555,77,74.5,1.0,walk,road,1
,14,556,521,85,72.3,1.0,walk,road,1
,14,521,500,48,70.7,1.0,walk,road,1
,14,465,408,144,75.3,1.0,walk,road,1
,14,408,382,120,76.6,1.0,walk,road,1
,14,382,371,88,79.7,1.0,walk,road,1
,14,371,369,183,78.2,1.0,walk,road,1
,14,369,367,96,74.4,1.0,walk,road,1
,14,367,353,84,78.3,1.0,walk,road,1
,14,353,351,223,84.4,1.0,walk,road,1
,14,351,346,384,88.1,1.0,walk,road,1
,14,346,358,152,77.4,1.0,walk,road,1
,14,358,380,68,75.6,1.0,walk,road,1
,14,482,465,36,73.9,1.0,walk,road,1
,14,579,612,74,79.5,1.0,walk,road,1
,14,1431,1456,40,71.8,1.0,walk,road,1
,14,1456,1455,30,70.6,1.0,walk,road,1
,14,1455,1565,129,73.9,1.0,walk,road,1
,14,1565,1563,27,72.6,1.0,walk,road,1
,14,1563,1457,128,73.3,1.0,walk,road,1
,14,1457,1458,24,70.4,1.0,walk,road,1
,14,1458,1434,40,69.1,1.0,walk,road,1
,14,1443,1447,8,64.0,1.0,walk,road,1
,14,1459,1470,18,64.6,1.0,walk,road,1
,14,448,381,180,77.4,1.0,walk,road,1
,14,381,351,83,77.8,1.0,walk,road,1
,14,341,334,18,67.1,1.0,walk,road,1
,14,334,335,74,74.2,1.0,walk,road,1
,14,325,338,81,80.3,1.0,walk,road,1
,14,599,600,75,71.3,1.0,walk,road,1
,14,600,619,47,69.6,1.0,walk,road,1
,14,1534,1550,29,69.2,1.0,walk,road,1
,14,1055,1080,60,67.6,1.0,walk,road,1
,14,1042,1050,44,70.1,1.0,walk,road,1
,14,1050,1038,36,66.1,1.0,walk,road,1
,14,1036,1023,44,67.4,1.0,walk,road,1
,14,1023,1042,23,70.3,1.0,walk,road,1
,14,1068,1033,70,74.5,1.0,walk,road,1
,14,1033,1031,39,66.0,1.0,walk,road,1
,14,1040,1053,32,72.1,1.0,walk,road,1
,14,1053,1055,30,68.8,1.0,walk,road,1
,14,1055,1051,19,64.6,1.0,walk,road,1
,14,1050,1036,37,68.5,1.0,walk,road,1
,14,1036,1032,11,66.4,1.0,walk,road,1
,14,1032,1017,30,67.3,1.0,walk,road,1
,14,986,959,47,72.6,1.0,walk,road,1
,14,959,948,12,67.5,1.0,walk,road,1
,14,959,969,20,62.1,1.0,walk,road,1
,14,972,952,44,68.4,1.0,walk,road,1
,14,952,940,24,67.5,1.0,walk,road,1
,14,952,958,46,66.5,1.0,walk,road,1
,14,1032,988,50,66.5,1.0,walk,road,1
,14,986,965,40,71.5,1.0,walk,road,1
,14,1006,1000,39,73.6,1.0,walk,road,1
,14,1000,985,30,73.6,1.0,walk,road,1
,14,985,958,38,66.9,1.0,walk,road,1
,14,958,941,33,66.2,1.0,walk,road,1
,14,936,908,41,69.2,1.0,walk,road,1
,14,908,893,75,78.0,1.0,walk,road,1
,14,1035,1021,24,72.1,1.0,walk,road,1
,14,1001,985,41,67.9,1.0,walk,road,1
,14,1000,1033,70,78.1,1.0,walk,road,1
,14,1033,1003,32,67.6,1.0,walk,road,1
,14,1003,1002,32,68.6,1.0,walk,road,1
,14,1002,1021,28,70.2,1.0,walk,road,1
,14,1002,977,34,69.0,1.0,walk,road,1
,14,891,870,51,71.3,1.0,walk,road,1
,14,870,878,207,80.4,1.0,walk,road,1
,14,1389,1309,110,77.9,1.0,walk,road,1
,14,1309,1313,66,79.3,1.0,walk,road,1
,14,1400,1416,31,71.2,1.0,walk,road,1
,14,1344,1321,114,76.5,1.0,walk,road,1
,14,1321,1342,80,78.3,1.0,walk,road,1
,14,1342,1412,89,75.4,1.0,walk,road,1
,14,1412,1426,24,67.1,1.0,walk,road,1
,14,1347,1355,23,69.0,1.0,walk,road,1
,14,1355,1369,13,63.8,1.0,walk,road,1
,14,1369,1370,27,72.1,1.0,walk,road,1
,14,1377,1428,65,80.8,1.0,walk,road,1
,14,1428,1424,53,73.3,1.0,walk,road,1
,14,1424,1429,24,72.4,1.0,walk,road,1
,14,1244,1224,26,70.5,1.0,walk,road,1
,14,1141,1125,34,69.0,1.0,walk,road,1
,14,1125,1118,17,60.5,1.0,walk,road,1
,14,1092,1065,64,80.4,1.0,walk,road,1
,14,1065,1052,40,66.9,1.0,walk,road,1
,14,1052,1027,48,71.1,1.0,walk,road,1
,14,857,838,36,70.0,1.0,walk,road,1
,14,887,907,67,78.1,1.0,walk,road,1
,14,907,926,56,69.7,1.0,walk,road,1
,14,926,953,44,67.3,1.0,walk,road,1
,14,953,1016,95,77.2,1.0,walk,road,1
,14,868,865,10,67.3,1.0,walk,road,1
,14,866,871,8,63.7,1.0,walk,road,1
,14,874,868,17,67.9,1.0,walk,road,1
,14,871,851,52,66.6,1.0,walk,road,1
,14,851,843,30,70.4,1.0,walk,road,1
,14,768,784,38,72.6,1.0,walk,road,1
,14,786,794,30,67.5,1.0,walk,road,1
,14,901,929,52,66.7,1.0,walk,road,1
,14,982,976,64,71.9,1.0,walk,road,1
,14,976,945,46,73.6,1.0,walk,road,1
,14,945,949,37,71.2,1.0,walk,road,1
,14,949,942,24,70.1,1.0,walk,road,1
,14,1047,1069,44,67.9,1.0,walk,road,1
,14,1069,1081,49,68.8,1.0,walk,road,1
,14,1226,1407,187,80.2,1.0,walk,road,1
,14,1392,1381,16,65.5,1.0,walk,road,1
,14,1373,1392,18,63.6,1.0,walk,road,1
,14,1392,1385,11,63.9,1.0,walk,road,1
,14,1381,1356,23,68.9,1.0,walk,road,1
,14,1356,1357,9,60.9,1.0,walk,road,1
,14,1357,1373,16,63.5,1.0,walk,road,1
,14,1243,1255,13,63.8,1.0,walk,road,1
,14,1255,1294,33,72.4,1.0,walk,road,1
,14,1294,1289,59,71.5,1.0,walk,road,1
,14,1289,1252,33,72.5,1.0,walk,road,1
,14,1252,1243,58,70.0,1.0,walk,road,1
,14,741,755,112,74.4,1.0,walk,road,1
,14,755,756,48,66.8,1.0,walk,road,1
,14,1114,1068,100,75.8,1.0,walk,road,1
,14,1353,1333,30,68.6,1.0,walk,road,1
,14,1266,1308,47,73.9,1.0,walk,road,1
,14,1420,1407,23,67.9,1.0,walk,road,1
,14,1421,1544,141,78.8,1.0,walk,road,1
,14,1380,1365,30,69.1,1.0,walk,road,1
,14,1365,1363,78,75.8,1.0,walk,road,1
,14,1360,1346,15,66.3,1.0,walk,road,1
,14,1346,1319,37,68.2,1.0,walk,road,1
,14,1331,1334,13,60.7,1.0,walk,road,1
,14,1334,1365,43,72.0,1.0,walk,road,1
,14,1330,1334,10,67.0,1.0,walk,road,1
,14,1341,1380,39,70.9,1.0,walk,road,1
,14,1380,1410,28,70.7,1.0,walk,road,1
,14,1410,1430,30,73.5,1.0,walk,road,1
,14,1298,1315,19,65.5,1.0,walk,road,1
,14,1317,1329,14,62.5,1.0,walk,road,1
,14,1276,1222,60,69.4,1.0,walk,road,1
,14,1166,1205,48,68.9,1.0,walk,road,1
,14,1206,1205,90,75.1,1.0,walk,road,1
,14,1205,1207,16,67.7,1.0,walk,road,1
,14,1132,1143,28,73.8,1.0,walk,road,1
,14,1143,1183,33,69.2,1.0,walk,road,1
,14,1102,1087,56,71.4,1.0,walk,road,1
,14,1087,1132,92,77.8,1.0,walk,road,1
,14,1132,1156,26,73.6,1.0,walk,road,1
,14,1102,1109,20,63.3,1.0,walk,road,1
,14,1109,1113,20,62.1,1.0,walk,road,1
,14,1174,1195,17,61.0,1.0,walk,road,1
,14,1195,1182,27,67.7,1.0,walk,road,1
,14,1202,1210,18,66.2,1.0,walk,road,1
,14,1195,1202,15,62.3,1.0,walk,road,1
,14,1202,1201,16,63.3,1.0,walk,road,1
,14,1184,1195,37,67.2,1.0,walk,road,1
,14,1195,1187,8,63.8,1.0,walk,road,1
,14,1163,1156,14,64.3,1.0,walk,road,1
,14,1167,1166,75,75.9,1.0,walk,road,1
,14,1166,1168,64,79.6,1.0,walk,road,1
,14,1109,1115,15,64.9,1.0,walk,road,1
,14,1115,1170,68,76.1,1.0,walk,road,1
,14,1170,1184,9,63.0,1.0,walk,road,1
,14,1184,1223,60,73.6,1.0,walk,road,1
,14,1119,1113,35,72.5,1.0,walk,road,1
,14,1150,1145,27,71.2,1.0,walk,road,1
,14,1148,1150,18,65.7,1.0,walk,road,1
,14,1150,1129,21,69.6,1.0,walk,road,1
,14,1129,1124,15,61.0,1.0,walk,road,1
,14,1123,1115,10,62.7,1.0,walk,road,1
,14,1115,1106,21,71.2,1.0,walk,road,1
,14,1135,1148,49,67.6,1.0,walk,road,1
,14,1138,1119,23,66.8,1.0,walk,road,1
,14,1119,1135,42,66.1,1.0,walk,road,1
,14,1135,1140,38,71.5,1.0,walk,road,1
,14,1140,1151,14,67.3,1.0,walk,road,1
,14,1160,1131,27,69.9,1.0,walk,road,1
,14,1169,1154,55,70.6,1.0,walk,road,1
,14,1149,1153,11,62.3,1.0,walk,road,1
,14,1162,1176,13,66.2,1.0,walk,road,1
,14,1136,1160,35,66.9,1.0,walk,road,1
,14,1160,1134,35,68.2,1.0,walk,road,1
,14,1147,1134,88,77.3,1.0,walk,road,1
,14,735,739,10,60.2,1.0,walk,road,1
,14,739,779,82,75.8,1.0,walk,road,1
,14,414,432,71,80.9,1.0,walk,road,1
,14,432,473,75,75.8,1.0,walk,road,1
,14,473,454,96,78.2,1.0,walk,road,1
,14,454,453,148,81.0,1.0,walk,road,1
,14,754,744,68,77.2,1.0,walk,road,1
,14,744,710,214,83.6,1.0,walk,road,1
,14,737,732,25,70.7,1.0,walk,road,1
,14,732,716,61,79.6,1.0,walk,road,1
,14,716,717,34,70.0,1.0,walk,road,1
,14,717,722,30,67.4,1.0,walk,road,1
,14,722,723,48,72.2,1.0,walk,road,1
,14,738,730,25,72.5,1.0,walk,road,1
,14,730,715,63,75.8,1.0,walk,road,1
,14,715,714,19,66.2,1.0,walk,road,1
,14,714,713,19,64.8,1.0,walk,road,1
,14,713,728,62,78.6,1.0,walk,road,1
,14,728,729,19,67.4,1.0,walk,road,1
,14,729,730,20,67.7,1.0,walk,road,1
,14,714,729,62,77.4,1.0,walk,road,1
,14,798,808,13,66.5,1.0,walk,road,1
,14,750,776,44,73.2,1.0,walk,road,1
,14,753,708,163,77.0,1.0,walk,road,1
,14,1290,1312,56,72.6,1.0,walk,road,1
,14,1327,1364,90,74.5,1.0,walk,road,1
,14,1091,1112,39,66.1,1.0,walk,road,1
,14,1112,1120,56,72.6,1.0,walk,road,1
,14,1120,1094,52,66.7,1.0,walk,road,1
,14,1066,1074,39,69.4,1.0,walk,road,1
,14,1074,1081,41,69.6,1.0,walk,road,1
,14,1081,1107,113,72.3,1.0,walk,road,1
,14,1081,1103,57,69.2,1.0,walk,road,1
,14,1051,1076,58,68.3,1.0,walk,road,1
,14,1522,1534,123,72.4,1.0,walk,road,1
,14,1028,970,111,80.5,1.0,walk,road,1
,14,970,939,53,69.6,1.0,walk,road,1
,14,1094,1095,27,67.4,1.0,walk,road,1
,14,1095,1091,68,77.4,1.0,walk,road,1
,14,1091,1086,47,73.8,1.0,walk,road,1
,14,1086,1108,43,66.9,1.0,walk,road,1
,14,1108,1105,57,73.5,1.0,walk,road,1
,14,1133,1098,78,79.7,1.0,walk,road,1
,14,1098,1110,69,74.3,1.0,walk,road,1
,14,1152,1139,11,61.3,1.0,walk,road,1
,14,900,938,99,79.3,1.0,walk,road,1
,14,938,993,85,73.7,1.0,walk,road,1
,14,610,618,16,61.8,1.0,walk,road,1
,14,618,628,28,71.5,1.0,walk,road,1
,14,628,627,26,67.3,1.0,walk,road,1
,14,637,655,32,73.3,1.0,walk,road,1
,14,664,662,89,76.9,1.0,walk,road,1
,14,628,635,35,66.1,1.0,walk,road,1
,14,518,521,48,71.4,1.0,walk,road,1
,14,521,527,51,73.2,1.0,walk,road,1
,14,528,547,57,69.8,1.0,walk,road,1
,14,547,545,23,66.8,1.0,walk,road,1
,14,419,456,132,73.4,1.0,walk,road,1
,14,1438,1474,56,70.0,1.0,walk,road,1
,14,1474,1557,120,77.5,1.0,walk,road,1
,14,1535,1570,59,66.2,1.0,walk,road,1
,14,1570,1573,91,80.1,1.0,walk,road,1
,14,1564,1570,150,75.0,1.0,walk,road,1
,14,1263,1376,132,78.0,1.0,walk,road,1
,14,1376,1541,191,77.0,1.0,walk,road,1
,14,1434,1406,95,79.9,1.0,walk,road,1
,14,1398,1390,116,77.6,1.0,walk,road,1
,14,1390,1392,17,62.8,1.0,walk,road,1
,14,1392,1405,112,74.0,1.0,walk,road,1
,14,1405,1399,22,72.3,1.0,walk,road,1
,14,1566,1567,88,73.7,1.0,walk,road,1
,14,1567,1524,72,77.7,1.0,walk,road,1
,14,1514,1468,45,73.8,1.0,walk,road,1
,14,1465,1452,16,60.3,1.0,walk,road,1
,14,1452,1399,85,75.6,1.0,walk,road,1
,14,1431,1437,41,71.6,1.0,walk,road,1
,14,1437,1434,52,66.4,1.0,walk,road,1
,14,1228,1227,51,72.9,1.0,walk,road,1
,14,1338,1383,49,71.4,1.0,walk,road,1
,14,1383,1511,153,76.4,1.0,walk,road,1
,14,1511,1524,89,75.7,1.0,walk,road,1
,14,471,461,109,73.8,1.0,walk,road,1
,14,455,431,70,77.1,1.0,walk,road,1
,14,431,423,53,66.1,1.0,walk,road,1
,14,517,539,56,73.9,1.0,walk,road,1
,14,539,561,274,81.7,1.0,walk,road,1
,14,561,591,232,83.8,1.0,walk,road,1
,14,392,396,14,67.0,1.0,walk,road,1
,14,396,416,117,78.6,1.0,walk,road,1
,14,416,433,171,79.8,1.0,walk,road,1
,14,433,415,181,85.7,1.0,walk,road,1
,14,415,422,84,72.8,1.0,walk,road,1
,14,422,443,57,72.0,1.0,walk,road,1
,14,443,491,98,77.5,1.0,walk,road,1
,14,491,517,57,70.2,1.0,walk,road,1
,14,607,608,20,65.4,1.0,walk,road,1
,14,608,592,200,79.6,1.0,walk,road,1
,14,592,589,57,70.0,1.0,walk,road,1
,14,588,584,14,67.3,1.0,walk,road,1
,14,585,621,77,79.0,1.0,walk,road,1
,14,530,492,78,79.4,1.0,walk,road,1
,14,323,325,25,70.8,1.0,walk,road,1
,14,583,582,10,67.4,1.0,walk,road,1
,14,588,583,17,65.0,1.0,walk,road,1
,14,477,496,73,77.9,1.0,walk,road,1
,14,496,541,106,71.3,1.0,walk,road,1
,14,541,569,68,79.2,1.0,walk,road,1
,14,569,563,35,68.3,1.0,walk,road,1
,14,598,605,18,66.4,1.0,walk,road,1
,14,472,468,9,63.5,1.0,walk,road,1
,14,525,524,58,69.6,1.0,walk,road,1
,14,524,540,107,71.7,1.0,walk,road,1
,14,540,534,63,72.8,1.0,walk,road,1
,14,534,497,110,79.1,1.0,walk,road,1
,14,497,463,79,72.4,1.0,walk,road,1
,14,463,457,81,74.9,1.0,walk,road,1
,14,522,525,11,66.0,1.0,walk,road,1
,14,1052,1058,14,64.4,1.0,walk,road,1
,14,1060,1064,8,62.7,1.0,walk,road,1
,14,1064,1072,15,64.8,1.0,walk,road,1
,14,1072,1130,120,76.4,1.0,walk,road,1
,14,1104,1101,15,64.2,1.0,walk,road,1
,14,591,603,246,79.5,1.0,walk,road,1
,14,603,605,83,73.4,1.0,walk,road,1
,14,605,606,25,67.6,1.0,walk,road,1
,14,449,433,30,73.1,1.0,walk,road,1
,14,397,331,203,80.8,1.0,walk,road,1
,14,331,328,15,62.1,1.0,walk,road,1
,14,328,322,96,75.7,1.0,walk,road,1
,14,1504,1493,31,68.4,1.0,walk,road,1
,14,1528,1543,33,67.1,1.0,walk,road,1
,14,1528,1538,30,70.7,1.0,walk,road,1
,14,1538,1501,42,69.6,1.0,walk,road,1
,14,1501,1480,33,71.8,1.0,walk,road,1
,14,1481,1484,9,66.5,1.0,walk,road,1
,14,1484,1495,12,65.6,1.0,walk,road,1
,14,1495,1504,18,60.5,1.0,walk,road,1
,14,1504,1512,19,65.0,1.0,walk,road,1
,14,1512,1526,9,62.1,1.0,walk,road,1
,14,1521,1533,31,67.5,1.0,walk,road,1
,14,1533,1506,21,66.0,1.0,walk,road,1
,14,1506,1493,12,60.2,1.0,walk,road,1
,14,1493,1482,13,67.7,1.0,walk,road,1
,14,1499,1495,14,63.7,1.0,walk,road,1
,14,1504,1521,16,64.0,1.0,walk,road,1
,14,1521,1528,11,63.6,1.0,walk,road,1
,14,1523,1512,10,66.3,1.0,walk,road,1
,14,1512,1513,11,63.0,1.0,walk,road,1
,14,1084,1114,79,73.8,1.0,walk,road,1
,14,920,940,25,66.9,1.0,walk,road,1
,14,937,911,34,70.9,1.0,walk,road,1
,14,911,912,11,63.5,1.0,walk,road,1
,14,911,899,25,67.7,1.0,walk,road,1
,14,899,891,24,73.7,1.0,walk,road,1
,14,897,903,27,73.2,1.0,walk,road,1
,14,1227,1226,11,61.9,1.0,walk,road,1
,14,1226,1232,148,79.5,1.0,walk,road,1
,14,1196,1264,150,80.3,1.0,walk,road,1
,14,1264,1276,38,70.4,1.0,walk,road,1
,14,1276,1277,46,72.1,1.0,walk,road,1
,14,1277,1235,102,74.9,1.0,walk,road,1
,14,1235,1228,63,79.2,1.0,walk,road,1
,14,1350,1349,29,71.1,1.0,walk,road,1
,14,1349,1371,19,60.3,1.0,walk,road,1
,14,1371,1372,173,82.8,1.0,walk,road,1
,14,1372,1351,17,64.5,1.0,walk,road,1
,14,1351,1350,144,73.8,1.0,walk,road,1
,14,1045,1046,4,67.4,1.0,walk,road,1
,14,1178,1180,4,65.6,1.0,walk,road,1
,14,784,786,5,67.3,1.0,walk,road,1
,14,843,845,4,64.3,1.0,walk,road,1
,14,1270,1279,5,63.7,1.0,walk,road,1
,14,948,947,6,64.1,1.0,walk,road,1
,14,807,802,6,62.2,1.0,walk,road,1
,14,1198,1200,6,60.1,1.0,walk,road,1
,14,782,780,7,63.8,1.0,walk,road,1
,14,990,997,7,64.0,1.0,walk,road,1
,14,1565,1569,7,66.8,1.0,walk,road,1
,14,711,709,7,62.5,1.0,walk,road,1
,14,501,503,3,64.2,1.0,walk,road,1
,14,339,340,5,65.1,1.0,walk,road,1
,14,681,683,6,63.7,1.0,walk,road,1
,14,527,528,6,60.2,1.0,walk,road,1
,14,677,675,6,61.5,1.0,walk,road,1
,14,672,673,5,61.7,1.0,walk,road,1
,14,646,642,7,65.1,1.0,walk,road,1
,14,1275,1286,8,63.1,1.0,walk,road,1
,14,1557,1564,19,60.4,1.0,walk,road,1
,14,1566,1561,20,65.0,1.0,walk,road,1
,14,1012,989,22,73.0,1.0,walk,road,1
,14,1448,1467,24,73.2,1.0,walk,road,1
,14,1382,1404,36,68.9,1.0,walk,road,1
,14,1079,1087,18,60.1,1.0,walk,road,1
,14,1500,1502,4,61.1,1.0,walk,road,1
,14,1232,1242,12,65.0,1.0,walk,road,1
,14,1407,1371,50,70.3,1.0,walk,road,1
,14,721,710,57,67.6,1.0,walk,road,1
,14,748,734,46,67.7,1.0,walk,road,1
,14,1422,1482,77,74.0,1.0,walk,road,1
,14,1565,1575,1,62.6,1.0,walk,road,1
,14,843,1576,1,59.1,1.0,walk,road,1
,14,370,1577,1,60.4,1.0,walk,road,1
,14,1349,1578,1,64.7,1.0,walk,road,1
,14,363,1579,1,60.1,1.0,walk,road,1
,14,405,1580,1,60.7,1.0,walk,road,1
,14,527,1581,1,61.6,1.0,walk,road,1
,14,612,1582,1,63.7,1.0,walk,road,1
,14,762,1583,1,62.5,1.0,walk,road,1
,14,777,1584,1,63.9,1.0,walk,road,1
,14,844,1585,1,61.0,1.0,walk,road,1
,14,843,1586,1,61.6,1.0,walk,road,1
,14,886,1587,1,64.3,1.0,walk,road,1
,14,913,1588,1,59.8,1.0,walk,road,1
,14,905,1589,1,61.5,1.0,walk,road,1
,14,905,1590,1,59.6,1.0,walk,road,1
,14,996,1591,1,62.6,1.0,walk,road,1
,14,1026,1592,1,59.3,1.0,walk,road,1
,14,1070,1593,1,64.8,1.0,walk,road,1
,14,1135,1594,1,63.3,1.0,walk,road,1
,14,1131,1595,1,62.9,1.0,walk,road,1
,14,1151,1596,1,59.3,1.0,walk,road,1
,14,1264,1597,1,60.6,1.0,walk,road,1
,14,1288,1598,1,61.7,1.0,walk,road,1
,14,1344,1599,1,64.6,1.0,walk,road,1
,14,1357,1600,1,62.0,1.0,walk,road,1
,14,1366,1601,1,62.7,1.0,walk,road,1
,14,1410,1602,1,64.8,1.0,walk,road,1
,14,1418,1603,1,63.4,1.0,walk,road,1
,14,1434,1604,1,63.9,1.0,walk,road,1
,14,1423,1605,1,61.9,1.0,walk,road,1
,14,1431,1606,1,61.6,1.0,walk,road,1
,14,1427,1607,1,61.2,1.0,walk,road,1
,14,1565,1608,1,59.9,1.0,walk,road,1
,14,1542,1609,1,63.4,1.0,walk,road,1
,126,1696,1703,4,66.8,1.0,walk,road,1
,126,1703,1704,19,60.4,1.0,walk,road,1
,126,1704,1709,6,63.7,1.0,walk,road,1
,126,1709,1722,25,69.3,1.0,walk,road,1
,126,1724,1726,4,62.9,1.0,walk,road,1
,126,1726,1741,63,78.5,1.0,walk,road,1
,126,1741,1750,25,69.3,1.0,walk,road,1
,126,1745,1753,62,71.9,1.0,walk,road,1
,126,1680,1681,7,67.6,1.0,walk,road,1
,126,1681,1675,9,60.9,1.0,walk,road,1
,126,1716,1714,5,64.0,1.0,walk,road,1
,126,1714,1712,11,66.3,1.0,walk,road,1
,126,1628,1630,15,64.9,1.0,walk,road,1
,126,1684,1696,13,64.0,1.0,walk,road,1
,126,1744,1751,70,75.4,1.0,walk,road,1
,126,1751,1750,142,75.5,1.0,walk,road,1
,126,1750,1752,122,77.4,1.0,walk,road,1
,126,1752,1740,104,79.9,1.0,walk,road,1
,126,1740,1736,92,78.8,1.0,walk,road,1
,126,1736,1728,37,67.3,1.0,walk,road,1
,126,1673,1672,41,66.9,1.0,walk,road,1
,126,1672,1663,57,69.7,1.0,walk,road,1
,126,1663,1645,47,68.7,1.0,walk,road,1
,126,1645,1632,120,72.3,1.0,walk,road,1
,126,1632,1627,79,79.9,1.0,walk,road,1
,126,1627,1628,10,66.4,1.0,walk,road,1
,126,1667,1669,11,63.0,1.0,walk,road,1
,126,1669,1671,48,67.3,1.0,walk,road,1
,126,1671,1676,49,66.5,1.0,walk,road,1
,126,1676,1693,17,64.7,1.0,walk,road,1
,126,1693,1691,11,66.3,1.0,walk,road,1
,126,1633,1657,77,72.9,1.0,walk,road,1
,126,1657,1658,6,67.7,1.0,walk,road,1
,126,1658,1656,81,81.0,1.0,walk,road,1
,126,1656,1654,35,69.3,1.0,walk,road,1
,126,1654,1641,45,70.8,1.0,walk,road,1
,126,1641,1636,29,66.8,1.0,walk,road,1
,126,1637,1634,6,63.9,1.0,walk,road,1
,126,1677,1673,18,66.3,1.0,walk,road,1
,126,1713,1718,4,64.4,1.0,walk,road,1
,126,1721,1724,16,64.6,1.0,walk,road,1
,126,1734,1727,26,73.0,1.0,walk,road,1
,126,1727,1720,32,73.9,1.0,walk,road,1
,126,1720,1682,44,72.4,1.0,walk,road,1
,126,1747,1744,12,61.4,1.0,walk,road,1
,126,1744,1737,18,65.8,1.0,walk,road,1
,126,1737,1734,22,71.6,1.0,walk,road,1
,126,1734,1732,42,67.5,1.0,walk,road,1
,126,1732,1706,58,71.5,1.0,walk,road,1
,126,1706,1687,23,73.7,1.0,walk,road,1
,126,1710,1713,16,65.0,1.0,walk,road,1
,126,1713,1716,27,69.3,1.0,walk,road,1
,126,1706,1689,20,63.1,1.0,walk,road,1
,126,1697,1700,10,60.9,1.0,walk,road,1
,126,1700,1729,69,74.5,1.0,walk,road,1
,126,1729,1743,51,69.8,1.0,walk,road,1
,126,1743,1749,63,80.3,1.0,walk,road,1
,126,1656,1648,17,62.9,1.0,walk,road,1
,126,1647,1644,20,66.9,1.0,walk,road,1
,126,1644,1642,7,66.8,1.0,walk,road,1
,126,1642,1640,15,61.2,1.0,walk,road,1
,126,1640,1638,7,60.7,1.0,walk,road,1
,126,1638,1636,5,61.7,1.0,walk,road,1
,126,1666,1667,18,66.9,1.0,walk,road,1
,126,1714,1701,37,73.8,1.0,walk,road,1
,126,1701,1680,19,64.1,1.0,walk,road,1
,126,1657,1655,10,62.8,1.0,walk,road,1
,126,1658,1666,26,66.8,1.0,walk,road,1
,126,1676,1707,42,68.9,1.0,walk,road,1
,126,1707,1710,20,65.3,1.0,walk,road,1
,126,1709,1705,6,62.9,1.0,walk,road,1
,126,1704,1698,12,63.1,1.0,walk,road,1
,126,1695,1686,12,60.6,1.0,walk,road,1
,126,1686,1703,16,61.6,1.0,walk,road,1
,126,1655,1643,40,71.9,1.0,walk,road,1
,126,1643,1637,17,66.4,1.0,walk,road,1
,126,1637,1650,115,71.7,1.0,walk,road,1
,126,1650,1659,42,67.3,1.0,walk,road,1
,126,1681,1679,8,62.4,1.0,walk,road,1
,126,1722,1719,50,72.5,1.0,walk,road,1
,126,1719,1717,35,69.7,1.0,walk,road,1
,126,1717,1731,111,78.5,1.0,walk,road,1
,126,1731,1726,113,71.6,1.0,walk,road,1
,126,1694,1697,12,61.1,1.0,walk,road,1
,126,1669,1675,53,71.1,1.0,walk,road,1
,126,1675,1679,9,61.6,1.0,walk,road,1
,126,1683,1712,36,68.0,1.0,walk,road,1
,126,1715,1721,15,65.1,1.0,walk,road,1
,126,1630,1631,12,65.4,1.0,walk,road,1
,126,1631,1635,35,68.2,1.0,walk,road,1
,126,1635,1636,25,72.7,1.0,walk,road,1
,126,1733,1725,25,68.0,1.0,walk,road,1
,126,1725,1728,33,68.3,1.0,walk,road,1
,126,1728,1722,23,72.3,1.0,walk,road,1
,126,1722,1708,68,76.3,1.0,walk,road,1
,126,1708,1692,22,68.5,1.0,walk,road,1
,126,1692,1653,134,78.5,1.0,walk,road,1
,126,1653,1639,43,67.7,1.0,walk,road,1
,126,1639,1629,51,73.6,1.0,walk,road,1
,126,1629,1622,135,80.2,1.0,walk,road,1
,126,1622,1621,53,67.2,1.0,walk,road,1
,126,1621,1625,75,77.9,1.0,walk,road,1
,126,1625,1624,39,69.9,1.0,walk,road,1
,126,1624,1626,30,72.3,1.0,walk,road,1
,126,1626,1631,51,71.5,1.0,walk,road,1
,126,1631,1633,30,70.3,1.0,walk,road,1
,126,1633,1634,27,72.7,1.0,walk,road,1
,126,1634,1652,136,72.3,1.0,walk,road,1
,126,1652,1661,34,67.2,1.0,walk,road,1
,126,1661,1668,39,68.4,1.0,walk,road,1
,126,1665,1674,88,72.0,1.0,walk,road,1
,126,1674,1678,11,65.9,1.0,walk,road,1
,126,1678,1684,9,63.7,1.0,walk,road,1
,126,1756,1755,10,62.6,1.0,walk,road,1
,126,1755,1754,58,68.4,1.0,walk,road,1
,126,1754,1745,101,80.3,1.0,walk,road,1
,126,1745,1738,31,72.2,1.0,walk,road,1
,126,1745,1739,16,61.4,1.0,walk,road,1
,126,1739,1730,36,70.8,1.0,walk,road,1
,126,1730,1723,48,72.8,1.0,walk,road,1
,126,1723,1702,41,68.3,1.0,walk,road,1
,126,1702,1700,16,61.7,1.0,walk,road,1
,126,1739,1738,28,73.2,1.0,walk,road,1
,126,1739,1729,104,71.8,1.0,walk,road,1
,126,1627,1620,68,72.7,1.0,walk,road,1
,126,1620,1617,37,71.8,1.0,walk,road,1
,126,1617,1615,47,67.9,1.0,walk,road,1
,126,1615,1614,78,76.2,1.0,walk,road,1
,126,1617,1612,67,77.6,1.0,walk,road,1
,126,1612,1613,26,69.7,1.0,walk,road,1
,126,1613,1623,136,76.8,1.0,walk,road,1
,126,1623,1632,78,80.3,1.0,walk,road,1
,126,1624,1619,35,68.6,1.0,walk,road,1
,126,1619,1618,39,70.2,1.0,walk,road,1
,126,1618,1616,42,73.1,1.0,walk,road,1
,126,1741,1746,48,71.3,1.0,walk,road,1
,126,1746,1742,94,77.6,1.0,walk,road,1
,126,1742,1735,42,66.8,1.0,walk,road,1
,126,1735,1734,42,67.9,1.0,walk,road,1
,126,1735,1685,93,77.6,1.0,walk,road,1
,126,1749,1755,69,73.2,1.0,walk,road,1
,126,1662,1665,6,65.2,1.0,walk,road,1
,126,1653,1649,24,73.5,1.0,walk,road,1
,126,1649,1662,34,71.2,1.0,walk,road,1
,126,1670,1685,64,74.0,1.0,walk,road,1
,126,1685,1682,53,71.2,1.0,walk,road,1
,126,1682,1687,41,70.1,1.0,walk,road,1
,126,1687,1689,17,64.1,1.0,walk,road,1
,126,1689,1694,33,66.4,1.0,walk,road,1
,126,1668,1670,6,64.1,1.0,walk,road,1
,126,1748,1747,7,60.6,1.0,walk,road,1
,126,1749,1748,5,61.5,1.0,walk,road,1
,126,1615,1611,104,77.8,1.0,walk,road,1
,126,1611,1610,41,66.5,1.0,walk,road,1
,126,1641,1646,34,68.7,1.0,walk,road,1
,126,1646,1660,39,72.9,1.0,walk,road,1
,126,1660,1654,25,73.1,1.0,walk,road,1
,126,1646,1651,13,60.7,1.0,walk,road,1
,126,1651,1664,38,71.8,1.0,walk,road,1
,126,1664,1660,18,66.4,1.0,walk,road,1
,126,1711,1699,24,66.1,1.0,walk,road,1
,126,1699,1695,12,61.6,1.0,walk,road,1
,126,1699,1690,9,64.6,1.0,walk,road,1
,126,1719,1711,13,63.9,1.0,walk,road,1
,126,1691,1688,20,64.1,1.0,walk,road,1
,126,1688,1685,16,65.7,1.0,walk,road,1
,126,1611,1757,1,60.2,1.0,walk,road,1
,126,1664,1758,1,62.1,1.0,walk,road,1
,126,1613,1759,1,63.0,1.0,walk,road,1
,126,1755,1760,1,63.0,1.0,walk,road,1
,126,1738,1761,1,63.5,1.0,walk,road,1
,126,1746,1762,1,62.5,1.0,walk,road,1
,126,1690,1763,1,62.1,1.0,walk,road,1
,126,1651,1764,1,62.7,1.0,walk,road,1
,126,1656,1765,1,62.6,1.0,walk,road,1
,126,1752,1766,1,61.2,1.0,walk,road,1
,126,1738,1767,1,62.3,1.0,walk,road,1
,126,1653,1768,1,62.0,1.0,walk,road,1
,251,1771,1769,14,62.2,1.0,walk,road,1
,251,1771,1772,47,70.3,1.0,walk,road,1
,251,1772,1779,44,70.1,1.0,walk,road,1
,251,1779,1780,78,72.7,1.0,walk,road,1
,251,1781,1776,39,67.8,1.0,walk,road,1
,251,1776,1777,40,70.6,1.0,walk,road,1
,251,1843,1831,83,79.3,1.0,walk,road,1
,251,1831,1815,74,75.3,1.0,walk,road,1
,251,1815,1787,51,69.7,1.0,walk,road,1
,251,1842,1829,83,79.2,1.0,walk,road,1
,251,1829,1802,73,76.6,1.0,walk,road,1
,251,1802,1786,55,71.7,1.0,walk,road,1
,251,1842,1850,25,68.9,1.0,walk,road,1
,251,1850,1899,198,80.3,1.0,walk,road,1
,251,1899,1900,122,73.2,1.0,walk,road,1
,251,1900,1901,129,74.5,1.0,walk,road,1
,251,1901,1857,199,81.0,1.0,walk,road,1
,251,1857,1843,24,71.2,1.0,walk,road,1
,251,1831,1830,129,74.0,1.0,walk,road,1
,251,1830,1829,124,79.2,1.0,walk,road,1
,251,1901,1902,10,62.8,1.0,walk,road,1
,251,1899,1898,14,66.5,1.0,walk,road,1
,251,1898,1904,37,69.8,1.0,walk,road,1
,251,1777,1770,15,60.4,1.0,walk,road,1
,251,1902,1905,28,73.0,1.0,walk,road,1
,251,1827,1830,33,67.1,1.0,walk,road,1
,251,1830,1833,53,73.8,1.0,walk,road,1
,251,1905,1907,139,72.9,1.0,walk,road,1
,251,1907,1904,136,79.7,1.0,walk,road,1
,251,1775,1773,4,61.5,1.0,walk,road,1
,251,1775,1774,5,60.5,1.0,walk,road,1
,251,1778,1780,34,73.5,1.0,walk,road,1
,251,1907,1900,35,71.3,1.0,walk,road,1
,251,1784,1783,84,80.2,1.0,walk,road,1
,251,1779,1782,152,82.3,1.0,walk,road,1
,251,1782,1803,76,79.7,1.0,walk,road,1
,251,1781,1784,153,80.8,1.0,walk,road,1
,251,1784,1814,76,79.8,1.0,walk,road,1
,251,1802,1803,47,67.2,1.0,walk,road,1
,251,1803,1804,44,69.5,1.0,walk,road,1
,251,1815,1814,44,67.0,1.0,walk,road,1
,251,1814,1813,49,73.2,1.0,walk,road,1
,251,1785,1786,16,60.8,1.0,walk,road,1
,251,1787,1788,14,61.9,1.0,walk,road,1
,251,1808,1799,19,64.5,1.0,walk,road,1
,251,1817,1816,16,61.8,1.0,walk,road,1
,251,1816,1808,10,62.9,1.0,walk,road,1
,251,1809,1817,16,65.9,1.0,walk,road,1
,251,1804,1826,40,69.0,1.0,walk,road,1
,251,1826,1827,25,67.1,1.0,walk,road,1
,251,1813,1791,41,71.0,1.0,walk,road,1
,251,1791,1790,27,70.0,1.0,walk,road,1
,251,1817,1820,5,65.8,1.0,walk,road,1
,251,1809,1810,4,66.5,1.0,walk,road,1
,251,1827,1828,29,74.0,1.0,walk,road,1
,251,1828,1813,40,67.1,1.0,walk,road,1
,251,1790,1789,27,70.4,1.0,walk,road,1
,251,1789,1804,41,69.9,1.0,walk,road,1
,251,1799,1809,15,60.9,1.0,walk,road,1
,251,1823,1818,24,67.1,1.0,walk,road,1
,251,1819,1811,12,67.8,1.0,walk,road,1
,251,1806,1816,13,66.4,1.0,walk,road,1
,251,1816,1821,10,65.2,1.0,walk,road,1
,251,1821,1823,20,64.1,1.0,walk,road,1
,251,1794,1795,21,69.1,1.0,walk,road,1
,251,1795,1801,13,64.3,1.0,walk,road,1
,251,1800,1806,8,61.5,1.0,walk,road,1
,251,1811,1796,21,66.1,1.0,walk,road,1
,251,1796,1794,20,65.2,1.0,walk,road,1
,251,1825,1827,6,67.5,1.0,walk,road,1
,251,1822,1823,4,62.5,1.0,walk,road,1
,251,1823,1824,5,63.2,1.0,walk,road,1
,251,1820,1822,5,63.3,1.0,walk,road,1
,251,1805,1804,5,65.4,1.0,walk,road,1
,251,1807,1806,4,60.7,1.0,walk,road,1
,251,1808,1807,5,64.8,1.0,walk,road,1
,251,1792,1790,6,60.9,1.0,walk,road,1
,251,1793,1792,5,66.5,1.0,walk,road,1
,251,1797,1794,5,63.2,1.0,walk,road,1
,251,1794,1793,5,67.4,1.0,walk,road,1
,251,1798,1797,4,66.1,1.0,walk,road,1
,251,1812,1813,9,60.0,1.0,walk,road,1
,251,1811,1812,5,67.6,1.0,walk,road,1
,251,1810,1811,7,66.4,1.0,walk,road,1
,251,1893,1894,7,66.7,1.0,walk,road,1
,251,1888,1891,6,61.6,1.0,walk,road,1
,251,1856,1859,7,62.7,1.0,walk,road,1
,251,1860,1859,39,72.5,1.0,walk,road,1
,251,1859,1858,45,70.7,1.0,walk,road,1
,251,1858,1869,40,67.6,1.0,walk,road,1
,251,1869,1885,45,70.4,1.0,walk,road,1
,251,1885,1886,44,72.6,1.0,walk,road,1
,251,1886,1887,41,71.3,1.0,walk,road,1
,251,1887,1873,44,67.3,1.0,walk,road,1
,251,1873,1860,41,66.5,1.0,walk,road,1
,251,1849,1852,9,66.3,1.0,walk,road,1
,251,1855,1863,32,73.8,1.0,walk,road,1
,251,1892,1883,33,66.2,1.0,walk,road,1
,251,1853,1862,31,66.0,1.0,walk,road,1
,251,1864,1855,32,72.9,1.0,walk,road,1
,251,1855,1853,92,73.6,1.0,walk,road,1
,251,1853,1861,32,71.1,1.0,walk,road,1
,251,1890,1882,33,71.7,1.0,walk,road,1
,251,1881,1889,33,67.8,1.0,walk,road,1
,251,1890,1891,48,67.5,1.0,walk,road,1
,251,1891,1892,45,68.9,1.0,walk,road,1
,251,1892,1884,33,73.7,1.0,walk,road,1
,251,1866,1862,7,64.2,1.0,walk,road,1
,251,1878,1882,8,64.6,1.0,walk,road,1
,251,1878,1870,12,63.9,1.0,walk,road,1
,251,1870,1866,11,60.9,1.0,walk,road,1
,251,1874,1875,12,67.5,1.0,walk,road,1
,251,1875,1876,9,63.7,1.0,walk,road,1
,251,1880,1884,8,61.4,1.0,walk,road,1
,251,1868,1864,8,62.7,1.0,walk,road,1
,251,1868,1874,11,66.5,1.0,walk,road,1
,251,1874,1880,11,64.7,1.0,walk,road,1
,251,1871,1872,16,62.1,1.0,walk,road,1
,251,1865,1861,7,63.8,1.0,walk,road,1
,251,1877,1871,12,60.8,1.0,walk,road,1
,251,1871,1865,11,61.2,1.0,walk,road,1
,251,1867,1863,8,66.5,1.0,walk,road,1
,251,1879,1873,11,63.6,1.0,walk,road,1
,251,1873,1867,11,67.1,1.0,walk,road,1
,251,1877,1881,8,60.4,1.0,walk,road,1
,251,1879,1883,8,61.8,1.0,walk,road,1
,251,1845,1836,35,74.0,1.0,walk,road,1
,251,1847,1840,35,71.9,1.0,walk,road,1
,251,1848,1847,33,70.3,1.0,walk,road,1
,251,1847,1846,37,69.7,1.0,walk,road,1
,251,1846,1845,37,66.0,1.0,walk,road,1
,251,1845,1844,32,66.8,1.0,walk,road,1
,251,1838,1839,21,69.0,1.0,walk,road,1
,251,1839,1840,16,67.7,1.0,walk,road,1
,251,1840,1841,33,72.7,1.0,walk,road,1
,251,1841,1848,35,69.7,1.0,walk,road,1
,251,1848,1854,12,67.0,1.0,walk,road,1
,251,1854,1876,51,68.9,1.0,walk,road,1
,251,1896,1895,68,76.8,1.0,walk,road,1
,251,1895,1872,64,74.1,1.0,walk,road,1
,251,1872,1851,51,70.6,1.0,walk,road,1
,251,1851,1844,12,63.8,1.0,walk,road,1
,251,1844,1835,35,70.7,1.0,walk,road,1
,251,1835,1836,32,71.5,1.0,walk,road,1
,251,1836,1837,15,67.7,1.0,walk,road,1
,251,1837,1838,22,67.0,1.0,walk,road,1
,251,1850,1851,53,66.5,1.0,walk,road,1
,251,1857,1854,58,67.9,1.0,walk,road,1
,251,1896,1900,84,77.8,1.0,walk,road,1
,251,1780,1781,83,77.6,1.0,walk,road,1
,251,1783,1782,78,78.3,1.0,walk,road,1
,251,1783,1790,35,68.5,1.0,walk,road,1
,251,1875,1897,63,79.5,1.0,walk,road,1
,251,1897,1896,63,76.6,1.0,walk,road,1
,251,1911,1910,14,67.8,1.0,walk,road,1
,251,1903,1906,12,62.8,1.0,walk,road,1
,251,1908,1909,45,70.7,1.0,walk,road,1
,251,1909,1910,35,69.2,1.0,walk,road,1
,251,1832,1833,15,65.7,1.0,walk,road,1
,251,1833,1834,15,64.8,1.0,walk,road,1
,251,1833,1838,8,61.3,1.0,walk,road,1
,251,1838,1846,35,67.9,1.0,walk,road,1
,251,1891,1893,2,65.9,1.0,walk,road,1
,251,1846,1849,2,66.4,1.0,walk,road,1
,251,1904,1906,3,65.4,1.0,walk,road,1
,251,1906,1908,3,62.8,1.0,walk,road,1
,251,1778,1775,3,60.9,1.0,walk,road,1
,251,1773,1912,1,61.5,1.0,walk,road,1
,251,1907,1913,1,62.2,1.0,walk,road,1
,251,1829,1914,1,64.0,1.0,walk,road,1
,251,1831,1915,1,60.3,1.0,walk,road,1
,251,1780,1916,1,59.2,1.0,walk,road,1
,251,1833,1917,1,63.4,1.0,walk,road,1
,251,1833,1918,1,62.7,1.0,walk,road,1
,251,1809,1919,1,61.9,1.0,walk,road,1
,251,1859,1920,1,61.6,1.0,walk,road,1
,251,1907,1921,1,64.7,1.0,walk,road,1
,815,2025,2024,14,63.9,1.0,walk,road,1
,815,2024,2023,103,76.7,1.0,walk,road,1
,815,1996,2021,177,80.7,1.0,walk,road,1
,815,2027,2026,20,66.9,1.0,walk,road,1
,815,2026,2025,25,73.4,1.0,walk,road,1
,815,2025,2013,19,64.5,1.0,walk,road,1
,815,2013,2011,27,72.0,1.0,walk,road,1
,815,2011,2012,20,64.4,1.0,walk,road,1
,815,2012,2020,23,66.1,1.0,walk,road,1
,815,2020,2027,39,72.8,1.0,walk,road,1
,815,1973,1974,15,66.9,1.0,walk,road,1
,815,1924,1923,12,62.9,1.0,walk,road,1
,815,1923,1933,36,71.6,1.0,walk,road,1
,815,1933,1955,120,76.7,1.0,walk,road,1
,815,2020,2022,137,78.8,1.0,walk,road,1
,815,2022,2021,14,65.2,1.0,walk,road,1
,815,1927,1938,53,70.4,1.0,walk,road,1
,815,1938,1937,53,69.4,1.0,walk,road,1
,815,1937,1926,53,71.2,1.0,walk,road,1
,815,1926,1927,53,73.9,1.0,walk,road,1
,815,1927,1934,210,76.8,1.0,walk,road,1
,815,1934,1933,11,65.3,1.0,walk,road,1
,815,1963,1961,33,66.5,1.0,walk,road,1
,815,1961,1955,24,67.0,1.0,walk,road,1
,815,1955,1957,11,66.7,1.0,walk,road,1
,815,1957,1958,16,60.5,1.0,walk,road,1
,815,1958,1962,39,70.8,1.0,walk,road,1
,815,1983,1992,35,72.1,1.0,walk,road,1
,815,1992,1996,28,69.0,1.0,walk,road,1
,815,1996,1995,14,62.2,1.0,walk,road,1
,815,1995,1994,18,66.6,1.0,walk,road,1
,815,1994,1982,46,71.1,1.0,walk,road,1
,815,1957,1934,120,75.6,1.0,walk,road,1
,815,1934,1924,36,66.5,1.0,walk,road,1
,815,2022,1995,177,84.6,1.0,walk,road,1
,815,2024,2009,60,72.2,1.0,walk,road,1
,815,2009,2004,71,77.3,1.0,walk,road,1
,815,2004,1998,37,72.2,1.0,walk,road,1
,815,1998,1981,78,75.6,1.0,walk,road,1
,815,1981,1960,150,76.1,1.0,walk,road,1
,815,1960,1943,65,71.0,1.0,walk,road,1
,815,1943,1944,16,60.9,1.0,walk,road,1
,815,2001,1999,19,67.4,1.0,walk,road,1
,815,2006,1999,46,70.9,1.0,walk,road,1
,815,1999,1997,33,69.5,1.0,walk,road,1
,815,2000,1998,27,73.7,1.0,walk,road,1
,815,2005,2000,39,70.2,1.0,walk,road,1
,815,2000,1997,25,68.8,1.0,walk,road,1
,815,1997,1993,21,67.5,1.0,walk,road,1
,815,1977,1981,19,61.9,1.0,walk,road,1
,815,1968,1977,21,70.6,1.0,walk,road,1
,815,1977,1984,18,62.5,1.0,walk,road,1
,815,1948,1949,14,61.6,1.0,walk,road,1
,815,1939,1936,21,69.6,1.0,walk,road,1
,815,1939,1949,25,67.9,1.0,walk,road,1
,815,1949,1951,30,70.0,1.0,walk,road,1
,815,1951,1950,13,67.3,1.0,walk,road,1
,815,1950,1941,34,70.0,1.0,walk,road,1
,815,1941,1939,49,66.4,1.0,walk,road,1
,815,1951,1956,16,60.4,1.0,walk,road,1
,815,2008,2009,128,80.9,1.0,walk,road,1
,815,2009,2010,43,67.3,1.0,walk,road,1
,815,2010,2011,28,73.8,1.0,walk,road,1
,815,1943,1938,24,71.2,1.0,walk,road,1
,815,1960,1950,30,67.4,1.0,walk,road,1
,815,1983,1974,42,67.0,1.0,walk,road,1
,815,1923,1955,156,85.8,1.0,walk,road,1
,815,1955,1996,215,81.4,1.0,walk,road,1
,815,1930,1941,70,71.8,1.0,walk,road,1
,815,1941,1977,201,82.0,1.0,walk,road,1
,815,1977,2000,88,77.8,1.0,walk,road,1
,815,2000,2010,97,80.4,1.0,walk,road,1
,815,2010,2027,85,78.5,1.0,walk,road,1
,815,1946,1978,185,77.0,1.0,walk,road,1
,815,1978,2008,180,83.3,1.0,walk,road,1
,815,2008,2023,65,78.6,1.0,walk,road,1
,815,1933,1928,121,78.3,1.0,walk,road,1
,815,1928,1931,100,79.2,1.0,walk,road,1
,815,1931,1932,53,66.1,1.0,walk,road,1
,815,1955,1953,105,80.9,1.0,walk,road,1
,815,1953,1948,26,68.1,1.0,walk,road,1
,815,1948,1947,65,77.0,1.0,walk,road,1
,815,1947,1941,23,67.4,1.0,walk,road,1
,815,1941,1940,50,72.2,1.0,walk,road,1
,815,1940,1942,85,74.6,1.0,walk,road,1
,815,1942,1946,47,72.9,1.0,walk,road,1
,815,1963,1964,127,71.8,1.0,walk,road,1
,815,1964,1953,43,68.7,1.0,walk,road,1
,815,1953,1956,43,74.0,1.0,walk,road,1
,815,1956,1960,33,72.2,1.0,walk,road,1
,815,1960,1959,40,68.9,1.0,walk,road,1
,815,1973,1969,48,70.8,1.0,walk,road,1
,815,1969,1970,54,71.4,1.0,walk,road,1
,815,1970,1972,124,77.7,1.0,walk,road,1
,815,1972,1981,36,68.7,1.0,walk,road,1
,815,1978,1979,3,63.4,1.0,walk,road,1
,815,1979,1980,107,72.3,1.0,walk,road,1
,815,1980,2002,86,80.6,1.0,walk,road,1
,815,1992,1985,36,66.2,1.0,walk,road,1
,815,1985,1987,94,77.6,1.0,walk,road,1
,815,1987,1988,48,73.4,1.0,walk,road,1
,815,1988,1990,43,68.6,1.0,walk,road,1
,815,1990,1991,22,69.7,1.0,walk,road,1
,815,2021,2015,76,78.3,1.0,walk,road,1
,815,2015,2020,74,71.6,1.0,walk,road,1
,815,2020,2024,72,80.6,1.0,walk,road,1
,815,2023,2019,73,78.5,1.0,walk,road,1
,815,2031,2032,176,80.7,1.0,walk,road,1
,815,2032,2033,90,73.7,1.0,walk,road,1
,815,2033,2034,59,70.6,1.0,walk,road,1
,815,2034,2035,124,72.4,1.0,walk,road,1
,815,2035,2029,60,67.7,1.0,walk,road,1
,815,1965,1966,20,62.5,1.0,walk,road,1
,815,1966,1973,44,66.2,1.0,walk,road,1
,815,1922,1923,96,78.2,1.0,walk,road,1
,815,1975,1976,73,76.1,1.0,walk,road,1
,815,1976,1992,55,66.0,1.0,walk,road,1
,815,2014,2021,95,77.6,1.0,walk,road,1
,815,1925,1929,21,70.9,1.0,walk,road,1
,815,1929,1930,38,71.2,1.0,walk,road,1
,815,2030,2016,111,75.5,1.0,walk,road,1
,815,2016,2017,95,71.0,1.0,walk,road,1
,815,2021,2028,100,77.8,1.0,walk,road,1
,815,2028,2015,66,76.5,1.0,walk,road,1
,815,1967,1971,36,66.5,1.0,walk,road,1
,815,1971,1972,46,72.3,1.0,walk,road,1
,815,2003,1986,51,67.9,1.0,walk,road,1
,815,1986,1989,80,79.1,1.0,walk,road,1
,815,1945,1952,34,66.9,1.0,walk,road,1
,815,1952,1954,79,73.5,1.0,walk,road,1
,815,1935,1941,29,66.5,1.0,walk,road,1
,815,2023,2018,36,66.9,1.0,walk,road,1
,815,2018,2019,37,68.4,1.0,walk,road,1
,815,2019,2007,59,72.0,1.0,walk,road,1
,815,2007,2008,48,69.3,1.0,walk,road,1
,815,1965,2036,1,60.6,1.0,walk,road,1
,815,2002,2037,1,59.2,1.0,walk,road,1
,815,1925,2038,1,60.5,1.0,walk,road,1
,815,2030,2039,1,63.7,1.0,walk,road,1
,815,1991,2040,1,63.7,1.0,walk,road,1
,815,1991,2041,1,64.0,1.0,walk,road,1
,815,2019,2042,1,62.1,1.0,walk,road,1
,815,1967,2043,1,61.6,1.0,walk,road,1
,815,1945,2044,1,62.7,1.0,walk,road,1
,815,2003,2045,1,62.1,1.0,walk,road,1
,815,1935,2046,1,62.7,1.0,walk,road,1
,815,2005,2047,1,60.9,1.0,walk,road,1
,815,2034,2048,1,63.8,1.0,walk,road,1
,815,2018,2049,1,62.7,1.0,walk,road,1
,815,2018,2050,1,60.1,1.0,walk,road,1
,815,1985,2051,1,59.1,1.0,walk,road,1
,815,1955,2052,1,60.9,1.0,walk,road,1
,815,2028,2053,1,64.7,1.0,walk,road,1
,815,2028,2032,51,71.4,1.0,walk,road,1
,815,1960,1954,12,66.6,1.0,walk,road,1
,815,2032,2030,6,66.3,1.0,walk,road,1
,815,1993,1989,16,61.4,1.0,walk,road,1
,1306,2288,2281,599,84.9,1.0,walk,road,1
,1306,2281,2271,201,83.7,1.0,walk,road,1
,1306,2227,2230,20,61.4,1.0,walk,road,1
,1306,2230,2232,56,67.4,1.0,walk,road,1
,1306,2240,2230,34,71.7,1.0,walk,road,1
,1306,2230,2205,123,74.9,1.0,walk,road,1
,1306,2204,2203,13,65.6,1.0,walk,road,1
,1306,2202,2199,57,66.4,1.0,walk,road,1
,1306,2199,2198,17,66.0,1.0,walk,road,1
,1306,2198,2197,91,79.3,1.0,walk,road,1
,1306,2122,2127,10,65.0,1.0,walk,road,1
,1306,2127,2157,82,74.3,1.0,walk,road,1
,1306,2157,2194,117,78.7,1.0,walk,road,1
,1306,2196,2198,16,60.3,1.0,walk,road,1
,1306,2200,2223,94,72.3,1.0,walk,road,1
,1306,2223,2239,53,73.7,1.0,walk,road,1
,1306,2239,2254,44,66.8,1.0,walk,road,1
,1306,2256,2276,57,69.3,1.0,walk,road,1
,1306,2103,2117,79,75.5,1.0,walk,road,1
,1306,2117,2178,178,76.4,1.0,walk,road,1
,1306,2180,2189,20,67.9,1.0,walk,road,1
,1306,2189,2193,21,67.4,1.0,walk,road,1
,1306,2193,2206,38,68.3,1.0,walk,road,1
,1306,2206,2226,96,71.4,1.0,walk,road,1
,1306,2226,2252,81,76.9,1.0,walk,road,1
,1306,2278,2276,83,76.1,1.0,walk,road,1
,1306,2276,2273,99,76.2,1.0,walk,road,1
,1306,2273,2270,83,77.6,1.0,walk,road,1
,1306,2270,2268,94,76.5,1.0,walk,road,1
,1306,2268,2267,26,69.6,1.0,walk,road,1
,1306,2267,2264,80,74.4,1.0,walk,road,1
,1306,2264,2262,76,73.2,1.0,walk,road,1
,1306,2262,2260,67,80.7,1.0,walk,road,1
,1306,2260,2257,12,67.4,1.0,walk,road,1
,1306,2257,2255,86,77.6,1.0,walk,road,1
,1306,2255,2252,38,71.8,1.0,walk,road,1
,1306,2137,2151,45,69.6,1.0,walk,road,1
,1306,2151,2191,125,71.5,1.0,walk,road,1
,1306,2191,2197,21,66.7,1.0,walk,road,1
,1306,2197,2219,74,71.1,1.0,walk,road,1
,1306,2220,2258,139,72.7,1.0,walk,road,1
,1306,2258,2273,41,69.7,1.0,walk,road,1
,1306,2219,2218,88,74.2,1.0,walk,road,1
,1306,2218,2216,96,72.7,1.0,walk,road,1
,1306,2216,2215,7,66.7,1.0,walk,road,1
,1306,2215,2213,120,71.4,1.0,walk,road,1
,1306,2213,2212,101,79.6,1.0,walk,road,1
,1306,2212,2209,37,69.6,1.0,walk,road,1
,1306,2209,2206,115,80.5,1.0,walk,road,1
,1306,2277,2255,68,77.0,1.0,walk,road,1
,1306,2232,2222,58,69.2,1.0,walk,road,1
,1306,2222,2226,122,79.8,1.0,walk,road,1
,1306,2226,2228,123,72.1,1.0,walk,road,1
,1306,2228,2229,29,70.2,1.0,walk,road,1
,1306,2229,2231,51,71.4,1.0,walk,road,1
,1306,2231,2233,52,67.2,1.0,walk,road,1
,1306,2233,2234,23,66.9,1.0,walk,road,1
,1306,2234,2236,80,74.0,1.0,walk,road,1
,1306,2236,2238,22,66.6,1.0,walk,road,1
,1306,2234,2264,83,78.8,1.0,walk,road,1
,1306,2228,2257,83,79.7,1.0,walk,road,1
,1306,2216,2238,99,78.3,1.0,walk,road,1
,1306,2238,2268,85,73.8,1.0,walk,road,1
,1306,2236,2267,85,73.2,1.0,walk,road,1
,1306,2278,2263,47,70.2,1.0,walk,road,1
,1306,2263,2259,11,60.3,1.0,walk,road,1
,1306,2259,2249,28,69.8,1.0,walk,road,1
,1306,2249,2235,40,67.1,1.0,walk,road,1
,1306,2235,2224,35,69.7,1.0,walk,road,1
,1306,2224,2204,98,72.3,1.0,walk,road,1
,1306,2190,2179,26,69.2,1.0,walk,road,1
,1306,2179,2165,36,66.3,1.0,walk,road,1
,1306,2165,2161,15,63.6,1.0,walk,road,1
,1306,2161,2158,21,72.8,1.0,walk,road,1
,1306,2158,2148,25,69.0,1.0,walk,road,1
,1306,2148,2145,9,62.3,1.0,walk,road,1
,1306,2145,2132,36,67.4,1.0,walk,road,1
,1306,2132,2119,36,69.5,1.0,walk,road,1
,1306,2119,2116,8,65.0,1.0,walk,road,1
,1306,2116,2113,12,64.7,1.0,walk,road,1
,1306,2191,2190,91,78.6,1.0,walk,road,1
,1306,2190,2188,68,78.6,1.0,walk,road,1
,1306,2188,2187,34,72.6,1.0,walk,road,1
,1306,2187,2183,50,67.5,1.0,walk,road,1
,1306,2183,2182,78,77.9,1.0,walk,road,1
,1306,2182,2176,98,80.4,1.0,walk,road,1
,1306,2176,2175,33,70.9,1.0,walk,road,1
,1306,2175,2178,116,77.0,1.0,walk,road,1
,1306,2111,2112,88,74.7,1.0,walk,road,1
,1306,2112,2114,73,73.6,1.0,walk,road,1
,1306,2114,2115,76,77.0,1.0,walk,road,1
,1306,2115,2119,85,77.5,1.0,walk,road,1
,1306,2114,2125,41,70.4,1.0,walk,road,1
,1306,2128,2143,33,67.4,1.0,walk,road,1
,1306,2143,2147,22,68.1,1.0,walk,road,1
,1306,2147,2150,6,60.0,1.0,walk,road,1
,1306,2150,2152,7,66.5,1.0,walk,road,1
,1306,2152,2166,55,66.1,1.0,walk,road,1
,1306,2166,2173,15,63.5,1.0,walk,road,1
,1306,2173,2183,25,66.8,1.0,walk,road,1
,1306,2190,2218,98,74.8,1.0,walk,road,1
,1306,2224,2225,45,72.4,1.0,walk,road,1
,1306,2182,2167,25,69.1,1.0,walk,road,1
,1306,2167,2159,49,72.1,1.0,walk,road,1
,1306,2159,2149,21,73.5,1.0,walk,road,1
,1306,2149,2146,13,62.7,1.0,walk,road,1
,1306,2146,2142,17,66.5,1.0,walk,road,1
,1306,2140,2136,8,67.6,1.0,walk,road,1
,1306,2136,2112,67,73.0,1.0,walk,road,1
,1306,2270,2283,85,76.9,1.0,walk,road,1
,1306,2283,2286,45,69.7,1.0,walk,road,1
,1306,2283,2284,68,72.7,1.0,walk,road,1
,1306,2284,2287,45,67.8,1.0,walk,road,1
,1306,2287,2286,70,72.8,1.0,walk,road,1
,1306,2286,2285,92,75.7,1.0,walk,road,1
,1306,2285,2282,63,71.3,1.0,walk,road,1
,1306,2282,2268,58,66.1,1.0,walk,road,1
,1306,2264,2280,57,69.4,1.0,walk,road,1
,1306,2282,2280,109,80.5,1.0,walk,road,1
,1306,2280,2279,142,78.7,1.0,walk,road,1
,1306,2279,2277,97,74.2,1.0,walk,road,1
,1306,2277,2275,71,79.4,1.0,walk,road,1
,1306,2275,2272,29,69.6,1.0,walk,road,1
,1306,2272,2269,56,73.9,1.0,walk,road,1
,1306,2269,2265,52,70.5,1.0,walk,road,1
,1306,2265,2244,53,67.2,1.0,walk,road,1
,1306,2260,2279,59,73.1,1.0,walk,road,1
,1306,2235,2237,48,67.7,1.0,walk,road,1
,1306,2237,2250,40,69.2,1.0,walk,road,1
,1306,2250,2266,40,70.7,1.0,walk,road,1
,1306,2266,2263,48,70.0,1.0,walk,road,1
,1306,2250,2249,48,73.5,1.0,walk,road,1
,1306,2134,2120,39,69.2,1.0,walk,road,1
,1306,2084,2083,35,71.0,1.0,walk,road,1
,1306,2083,2077,80,74.4,1.0,walk,road,1
,1306,2077,2074,33,69.8,1.0,walk,road,1
,1306,2074,2071,26,67.1,1.0,walk,road,1
,1306,2071,2065,21,72.7,1.0,walk,road,1
,1306,2065,2063,18,61.0,1.0,walk,road,1
,1306,2087,2084,18,62.1,1.0,walk,road,1
,1306,2084,2076,13,63.6,1.0,walk,road,1
,1306,2076,2073,12,62.4,1.0,walk,road,1
,1306,2073,2072,13,63.1,1.0,walk,road,1
,1306,2072,2079,20,62.1,1.0,walk,road,1
,1306,2082,2085,8,64.2,1.0,walk,road,1
,1306,2085,2089,26,68.3,1.0,walk,road,1
,1306,2089,2090,8,60.5,1.0,walk,road,1
,1306,2088,2087,10,60.3,1.0,walk,road,1
,1306,2072,2062,21,66.2,1.0,walk,road,1
,1306,2090,2093,14,66.0,1.0,walk,road,1
,1306,2064,2085,44,73.3,1.0,walk,road,1
,1306,2085,2094,35,66.6,1.0,walk,road,1
,1306,2061,2084,45,73.3,1.0,walk,road,1
,1306,2084,2092,35,67.8,1.0,walk,road,1
,1306,2085,2086,33,72.0,1.0,walk,road,1
,1306,2066,2086,44,68.3,1.0,walk,road,1
,1306,2086,2095,35,69.8,1.0,walk,road,1
,1306,2095,2094,33,71.2,1.0,walk,road,1
,1306,2094,2093,26,68.3,1.0,walk,road,1
,1306,2093,2092,22,68.2,1.0,walk,road,1
,1306,2092,2091,25,69.7,1.0,walk,road,1
,1306,2091,2083,36,68.1,1.0,walk,road,1
,1306,2083,2060,45,73.4,1.0,walk,road,1
,1306,2060,2061,34,71.0,1.0,walk,road,1
,1306,2061,2062,25,67.1,1.0,walk,road,1
,1306,2062,2064,23,69.8,1.0,walk,road,1
,1306,2064,2066,32,66.8,1.0,walk,road,1
,1306,2095,2097,30,72.2,1.0,walk,road,1
,1306,2098,2101,171,81.4,1.0,walk,road,1
,1306,2066,2069,21,70.2,1.0,walk,road,1
,1306,2069,2057,25,68.5,1.0,walk,road,1
,1306,2057,2067,165,85.4,1.0,walk,road,1
,1306,2067,2101,113,73.1,1.0,walk,road,1
,1306,2101,2109,36,71.3,1.0,walk,road,1
,1306,2109,2110,11,66.1,1.0,walk,road,1
,1306,2067,2059,31,69.6,1.0,walk,road,1
,1306,2059,2107,152,76.3,1.0,walk,road,1
,1306,2246,2262,42,71.4,1.0,walk,road,1
,1306,2245,2232,40,71.5,1.0,walk,road,1
,1306,2175,2209,101,74.4,1.0,walk,road,1
,1306,2180,2174,114,78.7,1.0,walk,road,1
,1306,2174,2170,51,67.0,1.0,walk,road,1
,1306,2170,2185,31,69.5,1.0,walk,road,1
,1306,2136,2138,151,77.0,1.0,walk,road,1
,1306,2138,2121,40,69.3,1.0,walk,road,1
,1306,2121,2117,85,79.0,1.0,walk,road,1
,1306,2187,2215,98,73.2,1.0,walk,road,1
,1306,2143,2140,79,78.6,1.0,walk,road,1
,1306,2147,2146,79,74.3,1.0,walk,road,1
,1306,2152,2149,79,78.2,1.0,walk,road,1
,1306,2131,2132,75,74.7,1.0,walk,road,1
,1306,2144,2145,72,71.9,1.0,walk,road,1
,1306,2160,2161,69,75.5,1.0,walk,road,1
,1306,2164,2165,68,76.3,1.0,walk,road,1
,1306,2168,2166,85,71.2,1.0,walk,road,1
,1306,2167,2173,79,74.4,1.0,walk,road,1
,1306,2173,2177,85,72.5,1.0,walk,road,1
,1306,2177,2179,67,73.9,1.0,walk,road,1
,1306,2154,2158,70,74.7,1.0,walk,road,1
,1306,2130,2125,76,71.1,1.0,walk,road,1
,1306,2153,2150,86,73.7,1.0,walk,road,1
,1306,2116,2118,35,66.2,1.0,walk,road,1
,1306,2120,2127,139,75.2,1.0,walk,road,1
,1306,2139,2137,48,69.1,1.0,walk,road,1
,1306,2137,2135,27,73.9,1.0,walk,road,1
,1306,2135,2134,15,64.5,1.0,walk,road,1
,1306,2134,2132,42,70.7,1.0,walk,road,1
,1306,2194,2191,96,75.3,1.0,walk,road,1
,1306,2188,2177,25,66.5,1.0,walk,road,1
,1306,2177,2168,15,62.1,1.0,walk,road,1
,1306,2168,2164,21,73.2,1.0,walk,road,1
,1306,2164,2160,15,64.2,1.0,walk,road,1
,1306,2160,2154,22,69.9,1.0,walk,road,1
,1306,2153,2144,29,67.4,1.0,walk,road,1
,1306,2144,2133,28,71.9,1.0,walk,road,1
,1306,2133,2131,7,63.3,1.0,walk,road,1
,1306,2131,2130,9,64.8,1.0,walk,road,1
,1306,2130,2115,39,73.3,1.0,walk,road,1
,1306,2151,2148,86,78.8,1.0,walk,road,1
,1306,2157,2155,48,68.4,1.0,walk,road,1
,1306,2155,2139,54,72.9,1.0,walk,road,1
,1306,2235,2239,88,76.1,1.0,walk,road,1
,1306,2259,2256,84,73.0,1.0,walk,road,1
,1306,2163,2172,33,69.4,1.0,walk,road,1
,1306,2172,2171,14,63.9,1.0,walk,road,1
,1306,2171,2169,25,70.3,1.0,walk,road,1
,1306,2169,2162,33,71.7,1.0,walk,road,1
,1306,2162,2163,39,69.2,1.0,walk,road,1
,1306,2252,2251,33,73.4,1.0,walk,road,1
,1306,2251,2248,79,77.7,1.0,walk,road,1
,1306,2248,2245,38,73.6,1.0,walk,road,1
,1306,2245,2244,15,66.0,1.0,walk,road,1
,1306,2244,2241,42,69.0,1.0,walk,road,1
,1306,2248,2269,58,67.1,1.0,walk,road,1
,1306,2275,2251,62,78.6,1.0,walk,road,1
,1306,2229,2212,99,74.8,1.0,walk,road,1
,1306,2205,2201,7,65.6,1.0,walk,road,1
,1306,2068,2065,23,68.1,1.0,walk,road,1
,1306,2065,2081,31,67.4,1.0,walk,road,1
,1306,2081,2075,22,71.1,1.0,walk,road,1
,1306,2075,2071,13,62.3,1.0,walk,road,1
,1306,2071,2070,7,65.7,1.0,walk,road,1
,1306,2107,2109,15,65.6,1.0,walk,road,1
,1306,2093,2100,29,73.7,1.0,walk,road,1
,1306,2100,2102,18,61.4,1.0,walk,road,1
,1306,2100,2099,48,69.5,1.0,walk,road,1
,1306,2099,2091,29,66.5,1.0,walk,road,1
,1306,2102,2104,72,72.2,1.0,walk,road,1
,1306,2098,2104,28,69.3,1.0,walk,road,1
,1306,2104,2105,83,78.0,1.0,walk,road,1
,1306,2105,2106,26,66.4,1.0,walk,road,1
,1306,2069,2054,50,69.3,1.0,walk,road,1
,1306,2231,2243,31,66.1,1.0,walk,road,1
,1306,2243,2247,12,64.7,1.0,walk,road,1
,1306,2247,2246,10,62.3,1.0,walk,road,1
,1306,2246,2242,12,63.7,1.0,walk,road,1
,1306,2242,2243,7,60.4,1.0,walk,road,1
,1306,2213,2233,100,73.8,1.0,walk,road,1
,1306,2223,2221,25,67.8,1.0,walk,road,1
,1306,2221,2220,80,73.6,1.0,walk,road,1
,1306,2254,2253,30,66.4,1.0,walk,road,1
,1306,2253,2261,22,69.6,1.0,walk,road,1
,1306,2261,2258,67,73.7,1.0,walk,road,1
,1306,2115,2110,34,72.6,1.0,walk,road,1
,1306,2130,2133,12,64.7,1.0,walk,road,1
,1306,2222,2214,51,67.6,1.0,walk,road,1
,1306,2214,2210,19,61.3,1.0,walk,road,1
,1306,2210,2207,10,64.8,1.0,walk,road,1
,1306,2207,2208,21,72.8,1.0,walk,road,1
,1306,2208,2211,69,73.0,1.0,walk,road,1
,1306,2195,2199,20,60.8,1.0,walk,road,1
,1306,2175,2171,6,67.2,1.0,walk,road,1
,1306,2142,2141,20,66.1,1.0,walk,road,1
,1306,2272,2281,40,71.9,1.0,walk,road,1
,1306,2265,2274,27,67.3,1.0,walk,road,1
,1306,2214,2217,28,68.1,1.0,walk,road,1
,1306,2217,2208,27,69.0,1.0,walk,road,1
,1306,2159,2156,32,70.2,1.0,walk,road,1
,1306,2176,2181,7,65.1,1.0,walk,road,1
,1306,2135,2123,25,66.5,1.0,walk,road,1
,1306,2123,2124,29,66.8,1.0,walk,road,1
,1306,2126,2129,46,69.9,1.0,walk,road,1
,1306,2129,2139,22,71.0,1.0,walk,road,1
,1306,2193,2192,89,78.9,1.0,walk,road,1
,1306,2189,2184,82,78.4,1.0,walk,road,1
,1306,2174,2186,29,69.8,1.0,walk,road,1
,1306,2105,2108,11,62.8,1.0,walk,road,1
,1306,2099,2096,92,78.0,1.0,walk,road,1
,1306,2058,2056,19,67.4,1.0,walk,road,1
,1306,2056,2055,75,76.2,1.0,walk,road,1
,1306,2055,2077,67,77.5,1.0,walk,road,1
,1306,2074,2075,29,67.1,1.0,walk,road,1
,1306,2075,2080,19,65.6,1.0,walk,road,1
,1306,2081,2078,13,65.4,1.0,walk,road,1
,1306,2218,2289,38,63.6,1.0,walk,road,1
,1306,2227,2290,55,63.0,1.0,walk,road,1
,1306,2138,2291,33,63.3,1.0,walk,road,1
,1306,2061,2292,35,61.8,1.0,walk,road,1
,1306,2231,2293,44,63.2,1.0,walk,road,1
,1306,2209,2294,50,63.6,1.0,walk,road,1
,1306,2157,2295,91,62.0,1.0,walk,road,1
,1306,2127,2296,93,60.4,1.0,walk,road,1
,1306,2127,2297,56,61.8,1.0,walk,road,1
,1306,2195,2298,47,63.3,1.0,walk,road,1
,1306,2228,2299,58,62.6,1.0,walk,road,1
,1306,2277,2300,53,62.3,1.0,walk,road,1
,1306,2262,2301,18,63.3,1.0,walk,road,1
,1306,2267,2302,43,61.8,1.0,walk,road,1
,1306,2103,2303,38,59.1,1.0,walk,road,1
,1306,2102,2304,49,61.9,1.0,walk,road,1
,1306,2117,2305,52,59.8,1.0,walk,road,1
,1306,2156,2306,51,60.7,1.0,walk,road,1
,1306,2213,2307,37,63.1,1.0,walk,road,1
,1306,2209,2308,27,62.0,1.0,walk,road,1
,1306,2206,2309,51,61.1,1.0,walk,road,1
,1306,2186,2310,24,60.3,1.0,walk,road,1
,1306,2236,2311,47,63.0,1.0,walk,road,1
,1306,2215,2312,69,64.0,1.0,walk,road,1
,1306,2234,2313,47,64.5,1.0,walk,road,1
,1306,2209,2314,43,60.1,1.0,walk,road,1
,1306,2284,2315,34,60.3,1.0,walk,road,1
,1306,2279,2316,29,62.4,1.0,walk,road,1
,1306,2275,2317,39,64.8,1.0,walk,road,1
,1306,2269,2318,19,60.3,1.0,walk,road,1
,1306,2241,2319,33,60.1,1.0,walk,road,1
,1306,2279,2320,62,64.0,1.0,walk,road,1
,1306,2266,2321,25,61.6,1.0,walk,road,1
,1306,2249,2322,43,63.3,1.0,walk,road,1
,1306,2261,2323,5,61.6,1.0,walk,road,1
,1306,2134,2324,21,62.4,1.0,walk,road,1
,1306,2151,2325,30,63.7,1.0,walk,road,1
,1306,2118,2326,20,64.6,1.0,walk,road,1
,1306,2139,2327,22,61.3,1.0,walk,road,1
,1306,2173,2328,34,64.7,1.0,walk,road,1
,1306,2154,2329,34,61.4,1.0,walk,road,1
,1306,2119,2330,42,61.8,1.0,walk,road,1
,1306,2113,2331,57,64.4,1.0,walk,road,1
,1306,2059,2332,61,62.5,1.0,walk,road,1
,1306,2118,2333,150,63.5,1.0,walk,road,1
,1306,2252,2334,27,61.2,1.0,walk,road,1
,1306,2181,2335,22,63.9,1.0,walk,road,1
,1306,2250,2336,30,63.4,1.0,walk,road,1
,1306,2181,2337,46,59.2,1.0,walk,road,1
,1306,2181,2338,40,63.4,1.0,walk,road,1
,1306,2217,2339,16,64.1,1.0,walk,road,1
,1306,2209,2340,23,59.8,1.0,walk,road,1
,1306,2217,2341,12,60.0,1.0,walk,road,1
,1306,2117,2342,119,63.3,1.0,walk,road,1
,1306,2124,2343,18,62.8,1.0,walk,road,1
,1306,2232,2344,22,59.7,1.0,walk,road,1
,1306,2218,2345,77,61.3,1.0,walk,road,1
,1306,2258,2346,70,61.9,1.0,walk,road,1
,1306,2282,2347,36,61.8,1.0,walk,road,1
,1306,2270,2348,55,62.2,1.0,walk,road,1
,1306,2105,2349,91,61.2,1.0,walk,road,1
,1306,2067,2350,38,63.5,1.0,walk,road,1
,1307,2885,2896,131,80.7,1.0,walk,road,1
,1307,2896,2897,11,67.4,1.0,walk,road,1
,1307,2897,2928,193,80.8,1.0,walk,road,1
,1307,2928,2947,397,88.6,1.0,walk,road,1
,1307,2366,2372,86,72.1,1.0,walk,road,1
,1307,2369,2388,90,77.2,1.0,walk,road,1
,1307,2383,2364,141,78.7,1.0,walk,road,1
,1307,3075,3115,134,80.3,1.0,walk,road,1
,1307,3115,3137,68,80.1,1.0,walk,road,1
,1307,3158,3152,29,71.4,1.0,walk,road,1
,1307,3146,3135,27,72.0,1.0,walk,road,1
,1307,3135,3127,42,73.4,1.0,walk,road,1
,1307,3127,3120,16,62.8,1.0,walk,road,1
,1307,3113,3073,135,78.4,1.0,walk,road,1
,1307,2596,2570,63,75.2,1.0,walk,road,1
,1307,2570,2554,14,60.4,1.0,walk,road,1
,1307,2554,2535,44,73.4,1.0,walk,road,1
,1307,2535,2529,10,65.6,1.0,walk,road,1
,1307,2529,2494,60,73.2,1.0,walk,road,1
,1307,2649,2648,22,67.5,1.0,walk,road,1
,1307,2648,2646,54,72.2,1.0,walk,road,1
,1307,2646,2644,73,77.9,1.0,walk,road,1
,1307,2644,2637,98,72.0,1.0,walk,road,1
,1307,2380,2377,12,61.5,1.0,walk,road,1
,1307,2377,2376,42,66.6,1.0,walk,road,1
,1307,2376,2373,65,73.4,1.0,walk,road,1
,1307,2373,2375,90,76.1,1.0,walk,road,1
,1307,2375,2361,150,74.8,1.0,walk,road,1
,1307,2361,2355,23,67.9,1.0,walk,road,1
,1307,2355,2351,96,75.0,1.0,walk,road,1
,1307,2494,2489,120,74.6,1.0,walk,road,1
,1307,3126,3128,103,79.9,1.0,walk,road,1
,1307,3128,3129,95,80.1,1.0,walk,road,1
,1307,3129,3130,91,72.0,1.0,walk,road,1
,1307,3130,3138,84,71.6,1.0,walk,road,1
,1307,3085,3071,159,78.1,1.0,walk,road,1
,1307,3071,3060,84,76.9,1.0,walk,road,1
,1307,3060,3056,59,70.5,1.0,walk,road,1
,1307,3056,3053,122,76.1,1.0,walk,road,1
,1307,3053,3052,13,61.3,1.0,walk,road,1
,1307,3052,3050,98,75.2,1.0,walk,road,1
,1307,3179,3171,22,70.4,1.0,walk,road,1
,1307,3171,3168,12,60.5,1.0,walk,road,1
,1307,3168,3165,19,60.5,1.0,walk,road,1
,1307,3165,3157,17,62.6,1.0,walk,road,1
,1307,3157,3155,22,71.3,1.0,walk,road,1
,1307,3155,3142,18,64.3,1.0,walk,road,1
,1307,3142,3136,18,67.3,1.0,walk,road,1
,1307,3136,3128,40,73.2,1.0,walk,road,1
,1307,3128,3103,61,78.1,1.0,walk,road,1
,1307,3103,3096,29,66.0,1.0,walk,road,1
,1307,3058,3052,33,73.4,1.0,walk,road,1
,1307,2885,2872,13,66.2,1.0,walk,road,1
,1307,2872,2833,61,79.2,1.0,walk,road,1
,1307,2833,2798,68,77.8,1.0,walk,road,1
,1307,2943,2924,45,69.1,1.0,walk,road,1
,1307,2924,2902,56,73.1,1.0,walk,road,1
,1307,2902,2827,109,72.5,1.0,walk,road,1
,1307,2789,2757,104,73.6,1.0,walk,road,1
,1307,2766,2779,21,71.9,1.0,walk,road,1
,1307,2936,2931,13,61.0,1.0,walk,road,1
,1307,2931,2869,119,75.0,1.0,walk,road,1
,1307,2869,2799,121,75.0,1.0,walk,road,1
,1307,2799,2778,42,69.1,1.0,walk,road,1
,1307,2778,2733,74,76.7,1.0,walk,road,1
,1307,2732,2702,41,69.7,1.0,walk,road,1
,1307,2702,2691,32,72.0,1.0,walk,road,1
,1307,2947,2826,215,77.8,1.0,walk,road,1
,1307,2826,2813,21,69.7,1.0,walk,road,1
,1307,2813,2746,124,75.3,1.0,walk,road,1
,1307,2743,2727,88,74.7,1.0,walk,road,1
,1307,2778,2779,56,66.5,1.0,walk,road,1
,1307,2799,2795,125,76.4,1.0,walk,road,1
,1307,2795,2803,51,72.0,1.0,walk,road,1
,1307,2712,2696,94,71.9,1.0,walk,road,1
,1307,2696,2692,93,73.2,1.0,walk,road,1
,1307,2692,2685,88,80.7,1.0,walk,road,1
,1307,2669,2597,187,80.6,1.0,walk,road,1
,1307,2597,2578,55,71.7,1.0,walk,road,1
,1307,2578,2561,23,66.3,1.0,walk,road,1
,1307,2561,2537,45,68.9,1.0,walk,road,1
,1307,2537,2516,37,70.2,1.0,walk,road,1
,1307,2516,2519,110,78.7,1.0,walk,road,1
,1307,3011,3014,69,71.0,1.0,walk,road,1
,1307,3014,3017,55,67.2,1.0,walk,road,1
,1307,3056,3045,44,72.8,1.0,walk,road,1
,1307,3045,3017,54,69.4,1.0,walk,road,1
,1307,3017,2989,47,72.9,1.0,walk,road,1
,1307,2989,2960,52,67.4,1.0,walk,road,1
,1307,2998,3000,176,80.5,1.0,walk,road,1
,1307,2955,2960,91,72.1,1.0,walk,road,1
,1307,2960,2959,11,62.7,1.0,walk,road,1
,1307,2959,2958,40,73.9,1.0,walk,road,1
,1307,2925,2904,55,71.6,1.0,walk,road,1
,1307,2904,2831,108,77.2,1.0,walk,road,1
,1307,2831,2810,39,66.4,1.0,walk,road,1
,1307,2924,2925,52,70.3,1.0,walk,road,1
,1307,2925,2926,51,68.9,1.0,walk,road,1
,1307,2926,2907,54,66.2,1.0,walk,road,1
,1307,2907,2837,109,79.7,1.0,walk,road,1
,1307,2837,2812,36,66.2,1.0,walk,road,1
,1307,3053,3036,38,70.1,1.0,walk,road,1
,1307,3036,3015,43,71.6,1.0,walk,road,1
,1307,3015,2984,49,66.7,1.0,walk,road,1
,1307,2984,2971,39,68.6,1.0,walk,road,1
,1307,2997,2990,130,80.8,1.0,walk,road,1
,1307,2915,2914,133,71.4,1.0,walk,road,1
,1307,2914,2913,18,60.5,1.0,walk,road,1
,1307,2957,2982,42,66.7,1.0,walk,road,1
,1307,2982,2987,10,63.9,1.0,walk,road,1
,1307,2987,3016,47,67.0,1.0,walk,road,1
,1307,3021,3031,19,60.6,1.0,walk,road,1
,1307,3239,3230,17,63.8,1.0,walk,road,1
,1307,3186,3164,78,79.3,1.0,walk,road,1
,1307,3164,3145,49,73.1,1.0,walk,road,1
,1307,3145,3129,47,66.4,1.0,walk,road,1
,1307,3240,3235,12,63.3,1.0,walk,road,1
,1307,3235,3210,66,76.2,1.0,walk,road,1
,1307,3210,3187,125,78.9,1.0,walk,road,1
,1307,2400,2399,20,60.5,1.0,walk,road,1
,1307,2371,2365,84,78.6,1.0,walk,road,1
,1307,2868,2786,140,73.8,1.0,walk,road,1
,1307,2786,2773,23,72.6,1.0,walk,road,1
,1307,2773,2718,90,77.5,1.0,walk,road,1
,1307,2718,2706,23,73.9,1.0,walk,road,1
,1307,2706,2637,130,80.8,1.0,walk,road,1
,1307,2637,2618,87,77.6,1.0,walk,road,1
,1307,2618,2606,32,72.3,1.0,walk,road,1
,1307,2606,2560,88,76.1,1.0,walk,road,1
,1307,2560,2521,72,76.7,1.0,walk,road,1
,1307,2518,2481,73,75.2,1.0,walk,road,1
,1307,2481,2433,121,79.2,1.0,walk,road,1
,1307,2414,2411,145,74.2,1.0,walk,road,1
,1307,2410,2408,92,79.9,1.0,walk,road,1
,1307,2411,2379,102,72.3,1.0,walk,road,1
,1307,2406,2403,113,71.8,1.0,walk,road,1
,1307,2443,2485,124,74.8,1.0,walk,road,1
,1307,2487,2543,129,80.2,1.0,walk,road,1
,1307,2543,2576,53,70.5,1.0,walk,road,1
,1307,2576,2585,36,71.1,1.0,walk,road,1
,1307,2668,2675,20,64.2,1.0,walk,road,1
,1307,2655,2650,41,67.1,1.0,walk,road,1
,1307,2806,2739,126,81.0,1.0,walk,road,1
,1307,2739,2731,14,65.3,1.0,walk,road,1
,1307,2731,2723,9,63.2,1.0,walk,road,1
,1307,2723,2688,58,69.4,1.0,walk,road,1
,1307,2688,2684,8,64.2,1.0,walk,road,1
,1307,2686,2717,59,68.7,1.0,walk,road,1
,1307,2717,2726,9,67.8,1.0,walk,road,1
,1307,2726,2734,12,63.3,1.0,walk,road,1
,1307,2734,2748,32,67.5,1.0,walk,road,1
,1307,2748,2755,18,65.1,1.0,walk,road,1
,1307,2755,2802,66,72.3,1.0,walk,road,1
,1307,2650,2649,19,64.1,1.0,walk,road,1
,1307,2666,2664,13,60.5,1.0,walk,road,1
,1307,2664,2639,37,72.3,1.0,walk,road,1
,1307,2827,2813,25,69.7,1.0,walk,road,1
,1307,2813,2720,173,81.5,1.0,walk,road,1
,1307,2720,2712,73,72.4,1.0,walk,road,1
,1307,2670,2669,109,77.6,1.0,walk,road,1
,1307,2669,2668,70,73.8,1.0,walk,road,1
,1307,2668,2666,28,67.0,1.0,walk,road,1
,1307,3167,3178,49,72.1,1.0,walk,road,1
,1307,3178,3182,42,68.3,1.0,walk,road,1
,1307,3182,3193,45,74.0,1.0,walk,road,1
,1307,3193,3200,55,70.3,1.0,walk,road,1
,1307,3201,3215,61,73.1,1.0,walk,road,1
,1307,3215,3218,12,62.8,1.0,walk,road,1
,1307,2773,2767,91,73.2,1.0,walk,road,1
,1307,2767,2764,99,73.2,1.0,walk,road,1
,1307,2764,2761,29,70.5,1.0,walk,road,1
,1307,2761,2759,89,80.2,1.0,walk,road,1
,1307,3079,3098,87,76.4,1.0,walk,road,1
,1307,3098,3115,42,66.2,1.0,walk,road,1
,1307,3113,3072,135,76.0,1.0,walk,road,1
,1307,2820,2830,18,60.6,1.0,walk,road,1
,1307,2830,2842,13,63.3,1.0,walk,road,1
,1307,2842,2865,37,66.5,1.0,walk,road,1
,1307,2870,2888,15,63.1,1.0,walk,road,1
,1307,2888,2911,69,79.5,1.0,walk,road,1
,1307,2911,2912,8,61.1,1.0,walk,road,1
,1307,2912,2910,39,73.5,1.0,walk,road,1
,1307,2910,2881,75,72.7,1.0,walk,road,1
,1307,2881,2865,12,63.3,1.0,walk,road,1
,1307,2488,2486,47,73.7,1.0,walk,road,1
,1307,2486,2484,83,80.4,1.0,walk,road,1
,1307,2484,2483,12,65.6,1.0,walk,road,1
,1307,2483,2481,117,78.2,1.0,walk,road,1
,1307,2368,2354,75,72.8,1.0,walk,road,1
,1307,2354,2352,345,84.4,1.0,walk,road,1
,1307,2352,2363,95,75.9,1.0,walk,road,1
,1307,2796,2792,114,77.1,1.0,walk,road,1
,1307,2792,2790,76,77.6,1.0,walk,road,1
,1307,2790,2786,48,67.4,1.0,walk,road,1
,1307,2725,2724,9,64.0,1.0,walk,road,1
,1307,2722,2721,11,66.5,1.0,walk,road,1
,1307,2721,2719,104,79.9,1.0,walk,road,1
,1307,2719,2718,10,66.3,1.0,walk,road,1
,1307,2684,2682,73,74.2,1.0,walk,road,1
,1307,2763,2768,68,75.1,1.0,walk,road,1
,1307,2768,2772,21,71.8,1.0,walk,road,1
,1307,2706,2703,63,74.4,1.0,walk,road,1
,1307,2703,2700,33,69.6,1.0,walk,road,1
,1307,2700,2697,96,75.9,1.0,walk,road,1
,1307,2697,2695,27,69.6,1.0,walk,road,1
,1307,2695,2694,27,72.7,1.0,walk,road,1
,1307,2694,2693,65,80.4,1.0,walk,road,1
,1307,2636,2643,20,63.3,1.0,walk,road,1
,1307,2750,2764,21,71.5,1.0,walk,road,1
,1307,2372,2371,35,70.0,1.0,walk,road,1
,1307,2407,2435,131,79.8,1.0,walk,road,1
,1307,2482,2473,26,70.2,1.0,walk,road,1
,1307,2471,2454,44,73.4,1.0,walk,road,1
,1307,2454,2447,17,61.0,1.0,walk,road,1
,1307,2447,2440,16,63.3,1.0,walk,road,1
,1307,2440,2439,45,67.6,1.0,walk,road,1
,1307,2439,2428,35,71.1,1.0,walk,road,1
,1307,2428,2427,70,76.8,1.0,walk,road,1
,1307,2662,2663,33,72.3,1.0,walk,road,1
,1307,2723,2717,67,75.1,1.0,walk,road,1
,1307,2734,2731,67,71.3,1.0,walk,road,1
,1307,2880,2882,41,68.1,1.0,walk,road,1
,1307,2882,2895,12,60.0,1.0,walk,road,1
,1307,2895,2898,21,73.2,1.0,walk,road,1
,1307,2898,2883,25,70.3,1.0,walk,road,1
,1307,2883,2884,41,73.5,1.0,walk,road,1
,1307,2884,2870,12,64.7,1.0,walk,road,1
,1307,2870,2848,31,72.7,1.0,walk,road,1
,1307,2848,2852,19,65.5,1.0,walk,road,1
,1307,2852,2855,8,61.3,1.0,walk,road,1
,1307,2855,2849,69,75.8,1.0,walk,road,1
,1307,2854,2847,25,73.8,1.0,walk,road,1
,1307,2847,2865,32,68.2,1.0,walk,road,1
,1307,2428,2423,20,65.2,1.0,walk,road,1
,1307,2621,2671,145,74.0,1.0,walk,road,1
,1307,2639,2641,42,67.9,1.0,walk,road,1
,1307,2641,2638,11,64.3,1.0,walk,road,1
,1307,2653,2673,52,72.9,1.0,walk,road,1
,1307,2396,2395,25,67.1,1.0,walk,road,1
,1307,2395,2388,27,68.9,1.0,walk,road,1
,1307,2679,2680,15,64.9,1.0,walk,road,1
,1307,2680,2681,34,71.7,1.0,walk,road,1
,1307,2681,2686,86,75.0,1.0,walk,road,1
,1307,2537,2535,84,73.9,1.0,walk,road,1
,1307,2853,2801,92,76.9,1.0,walk,road,1
,1307,2801,2781,40,73.2,1.0,walk,road,1
,1307,2781,2758,18,61.1,1.0,walk,road,1
,1307,2758,2709,97,74.8,1.0,walk,road,1
,1307,2709,2693,19,67.2,1.0,walk,road,1
,1307,2693,2678,33,70.7,1.0,walk,road,1
,1307,2678,2658,54,70.6,1.0,walk,road,1
,1307,2658,2629,45,66.2,1.0,walk,road,1
,1307,2629,2611,96,73.0,1.0,walk,road,1
,1307,2611,2581,62,76.9,1.0,walk,road,1
,1307,2581,2551,47,70.5,1.0,walk,road,1
,1307,2551,2538,29,71.5,1.0,walk,road,1
,1307,2538,2478,123,71.8,1.0,walk,road,1
,1307,2478,2429,125,78.5,1.0,walk,road,1
,1307,3083,3080,109,79.6,1.0,walk,road,1
,1307,3080,3076,85,79.0,1.0,walk,road,1
,1307,3076,3077,90,72.7,1.0,walk,road,1
,1307,3077,3074,50,73.3,1.0,walk,road,1
,1307,3074,3075,17,61.4,1.0,walk,road,1
,1307,3075,3073,8,62.6,1.0,walk,road,1
,1307,3073,3072,14,65.8,1.0,walk,road,1
,1307,3072,3063,123,75.2,1.0,walk,road,1
,1307,3065,3057,88,73.6,1.0,walk,road,1
,1307,2702,2714,100,79.1,1.0,walk,road,1
,1307,2714,2713,48,66.1,1.0,walk,road,1
,1307,2713,2727,93,73.8,1.0,walk,road,1
,1307,2847,2843,10,61.9,1.0,walk,road,1
,1307,2843,2840,11,62.5,1.0,walk,road,1
,1307,2840,2852,86,77.3,1.0,walk,road,1
,1307,2852,2857,10,61.0,1.0,walk,road,1
,1307,2860,2870,16,60.2,1.0,walk,road,1
,1307,2906,2916,25,68.9,1.0,walk,road,1
,1307,2916,2955,86,73.6,1.0,walk,road,1
,1307,2955,2953,24,67.7,1.0,walk,road,1
,1307,2953,2983,52,72.9,1.0,walk,road,1
,1307,2983,3000,13,60.7,1.0,walk,road,1
,1307,3000,3011,29,72.1,1.0,walk,road,1
,1307,3011,3040,54,67.8,1.0,walk,road,1
,1307,3040,3071,83,78.0,1.0,walk,road,1
,1307,3071,3092,54,70.3,1.0,walk,road,1
,1307,3092,3138,159,80.9,1.0,walk,road,1
,1307,3026,3038,30,72.3,1.0,walk,road,1
,1307,3038,3043,11,64.3,1.0,walk,road,1
,1307,3044,3062,65,77.3,1.0,walk,road,1
,1307,3062,3077,16,67.9,1.0,walk,road,1
,1307,2531,2534,28,66.4,1.0,walk,road,1
,1307,2530,2533,21,66.1,1.0,walk,road,1
,1307,2536,2550,30,67.5,1.0,walk,road,1
,1307,2550,2571,27,68.1,1.0,walk,road,1
,1307,2571,2619,125,74.2,1.0,walk,road,1
,1307,2619,2646,80,76.0,1.0,walk,road,1
,1307,2864,2892,25,70.3,1.0,walk,road,1
,1307,2892,2897,9,62.7,1.0,walk,road,1
,1307,2890,2864,25,73.9,1.0,walk,road,1
,1307,2864,2845,31,73.8,1.0,walk,road,1
,1307,2841,2808,54,73.7,1.0,walk,road,1
,1307,2679,2677,14,60.5,1.0,walk,road,1
,1307,2655,2677,66,71.1,1.0,walk,road,1
,1307,2650,2652,39,66.9,1.0,walk,road,1
,1307,2652,2655,11,66.0,1.0,walk,road,1
,1307,2403,2402,33,69.9,1.0,walk,road,1
,1307,2402,2400,19,60.0,1.0,walk,road,1
,1307,2398,2425,129,79.4,1.0,walk,road,1
,1307,2944,2934,16,61.7,1.0,walk,road,1
,1307,2934,2819,210,78.9,1.0,walk,road,1
,1307,2819,2791,61,80.4,1.0,walk,road,1
,1307,2789,2736,92,76.0,1.0,walk,road,1
,1307,2736,2727,12,60.6,1.0,walk,road,1
,1307,2879,2889,9,67.9,1.0,walk,road,1
,1307,2889,2920,84,73.4,1.0,walk,road,1
,1307,2920,2939,36,71.1,1.0,walk,road,1
,1307,2939,3003,95,78.5,1.0,walk,road,1
,1307,2561,2554,83,80.4,1.0,walk,road,1
,1307,3137,3159,62,72.8,1.0,walk,road,1
,1307,3159,3167,18,63.7,1.0,walk,road,1
,1307,3113,3114,15,65.3,1.0,walk,road,1
,1307,3114,3115,13,63.2,1.0,walk,road,1
,1307,2671,2667,49,71.2,1.0,walk,road,1
,1307,2667,2633,65,76.2,1.0,walk,road,1
,1307,2633,2593,138,77.1,1.0,walk,road,1
,1307,2498,2524,47,71.7,1.0,walk,road,1
,1307,2524,2562,69,76.8,1.0,walk,road,1
,1307,2562,2591,58,70.7,1.0,walk,road,1
,1307,2540,2543,103,74.0,1.0,walk,road,1
,1307,2479,2480,82,74.7,1.0,walk,road,1
,1307,2480,2482,79,75.5,1.0,walk,road,1
,1307,2498,2490,16,60.4,1.0,walk,road,1
,1307,2490,2489,12,63.5,1.0,walk,road,1
,1307,2449,2450,57,67.5,1.0,walk,road,1
,1307,2450,2454,58,66.2,1.0,walk,road,1
,1307,2368,2369,71,74.7,1.0,walk,road,1
,1307,2370,2391,103,74.1,1.0,walk,road,1
,1307,2391,2398,35,69.4,1.0,walk,road,1
,1307,2363,2364,50,66.9,1.0,walk,road,1
,1307,2364,2365,81,78.2,1.0,walk,road,1
,1307,2365,2366,101,75.3,1.0,walk,road,1
,1307,2366,2367,45,72.7,1.0,walk,road,1
,1307,2367,2368,72,76.0,1.0,walk,road,1
,1307,2807,2809,10,60.4,1.0,walk,road,1
,1307,2809,2815,17,60.8,1.0,walk,road,1
,1307,2802,2804,10,63.4,1.0,walk,road,1
,1307,2804,2807,12,66.8,1.0,walk,road,1
,1307,2807,2808,43,71.5,1.0,walk,road,1
,1307,2808,2806,16,63.2,1.0,walk,road,1
,1307,2806,2805,40,73.1,1.0,walk,road,1
,1307,2818,2828,24,66.3,1.0,walk,road,1
,1307,2818,2832,22,72.9,1.0,walk,road,1
,1307,2832,2828,17,65.0,1.0,walk,road,1
,1307,2828,2835,10,63.5,1.0,walk,road,1
,1307,2835,2833,75,74.3,1.0,walk,road,1
,1307,2742,2679,115,74.4,1.0,walk,road,1
,1307,2569,2567,13,63.6,1.0,walk,road,1
,1307,2567,2558,9,64.5,1.0,walk,road,1
,1307,2558,2569,12,62.7,1.0,walk,road,1
,1307,2594,2573,53,66.5,1.0,walk,road,1
,1307,2570,2567,63,73.8,1.0,walk,road,1
,1307,2529,2528,61,80.7,1.0,walk,road,1
,1307,2562,2569,63,71.7,1.0,walk,road,1
,1307,2512,2523,19,63.9,1.0,walk,road,1
,1307,2523,2527,12,62.6,1.0,walk,road,1
,1307,2527,2528,15,61.5,1.0,walk,road,1
,1307,2528,2523,10,65.0,1.0,walk,road,1
,1307,2524,2527,60,73.0,1.0,walk,road,1
,1307,2580,2578,111,76.7,1.0,walk,road,1
,1307,2610,2623,52,68.8,1.0,walk,road,1
,1307,2623,2647,72,73.2,1.0,walk,road,1
,1307,2651,2661,22,68.5,1.0,walk,road,1
,1307,2661,2692,79,76.2,1.0,walk,road,1
,1307,2400,2461,226,77.4,1.0,walk,road,1
,1307,2461,2489,95,77.9,1.0,walk,road,1
,1307,2714,2738,33,70.5,1.0,walk,road,1
,1307,2738,2737,45,70.1,1.0,walk,road,1
,1307,2737,2733,55,68.5,1.0,walk,road,1
,1307,2737,2779,71,80.6,1.0,walk,road,1
,1307,2762,2749,25,66.5,1.0,walk,road,1
,1307,2749,2744,14,63.3,1.0,walk,road,1
,1307,2652,2624,73,78.5,1.0,walk,road,1
,1307,2624,2590,91,79.9,1.0,walk,road,1
,1307,2388,2396,27,72.8,1.0,walk,road,1
,1307,2473,2471,48,70.2,1.0,walk,road,1
,1307,2471,2470,29,70.1,1.0,walk,road,1
,1307,2643,2662,32,72.8,1.0,walk,road,1
,1307,2662,2700,88,78.6,1.0,walk,road,1
,1307,2641,2665,49,67.4,1.0,walk,road,1
,1307,2494,2405,281,82.3,1.0,walk,road,1
,1307,2405,2403,19,60.8,1.0,walk,road,1
,1307,2666,2665,46,70.4,1.0,walk,road,1
,1307,2665,2674,17,63.4,1.0,walk,road,1
,1307,3192,3193,76,74.2,1.0,walk,road,1
,1307,3193,3194,18,63.7,1.0,walk,road,1
,1307,2728,2730,33,71.8,1.0,walk,road,1
,1307,2730,2745,32,73.4,1.0,walk,road,1
,1307,2745,2754,18,65.6,1.0,walk,road,1
,1307,2754,2770,24,68.7,1.0,walk,road,1
,1307,2754,2755,89,74.2,1.0,walk,road,1
,1307,2800,2797,115,71.7,1.0,walk,road,1
,1307,2745,2748,89,77.0,1.0,walk,road,1
,1307,3046,3004,97,72.0,1.0,walk,road,1
,1307,3004,3003,48,70.0,1.0,walk,road,1
,1307,2722,2729,8,61.7,1.0,walk,road,1
,1307,2729,2753,51,66.2,1.0,walk,road,1
,1307,2753,2792,56,66.7,1.0,walk,road,1
,1307,3186,3187,16,65.7,1.0,walk,road,1
,1307,3187,3191,223,81.3,1.0,walk,road,1
,1307,3191,3214,152,82.5,1.0,walk,road,1
,1307,3214,3236,60,73.9,1.0,walk,road,1
,1307,3210,3211,80,76.1,1.0,walk,road,1
,1307,3211,3212,117,74.9,1.0,walk,road,1
,1307,3212,3214,118,77.4,1.0,walk,road,1
,1307,2707,2710,10,60.6,1.0,walk,road,1
,1307,2710,2735,34,66.1,1.0,walk,road,1
,1307,2735,2780,72,73.0,1.0,walk,road,1
,1307,2780,2777,26,71.6,1.0,walk,road,1
,1307,2776,2775,26,71.9,1.0,walk,road,1
,1307,2775,2771,55,70.0,1.0,walk,road,1
,1307,2769,2704,112,75.7,1.0,walk,road,1
,1307,2709,2708,72,79.2,1.0,walk,road,1
,1307,2708,2707,15,62.9,1.0,walk,road,1
,1307,2707,2701,55,69.1,1.0,walk,road,1
,1307,2701,2698,61,72.5,1.0,walk,road,1
,1307,2553,2630,205,82.5,1.0,walk,road,1
,1307,2637,2634,64,80.7,1.0,walk,road,1
,1307,2634,2636,13,64.4,1.0,walk,road,1
,1307,3180,3183,13,64.9,1.0,walk,road,1
,1307,3183,3227,193,83.9,1.0,walk,road,1
,1307,3227,3231,11,61.0,1.0,walk,road,1
,1307,3167,3192,92,73.3,1.0,walk,road,1
,1307,3192,3221,148,77.0,1.0,walk,road,1
,1307,3224,3238,29,73.5,1.0,walk,road,1
,1307,2899,2900,60,72.3,1.0,walk,road,1
,1307,2900,2908,26,67.4,1.0,walk,road,1
,1307,3189,3188,67,76.3,1.0,walk,road,1
,1307,3227,3232,11,67.2,1.0,walk,road,1
,1307,3231,3226,11,66.1,1.0,walk,road,1
,1307,3226,3183,193,83.6,1.0,walk,road,1
,1307,3222,3223,13,61.3,1.0,walk,road,1
,1307,3223,3224,150,71.0,1.0,walk,road,1
,1307,3224,3228,228,77.7,1.0,walk,road,1
,1307,3228,3231,80,76.5,1.0,walk,road,1
,1307,3232,3229,54,66.4,1.0,walk,road,1
,1307,3229,3237,235,78.1,1.0,walk,road,1
,1307,3237,3239,118,75.4,1.0,walk,road,1
,1307,3239,3241,71,75.7,1.0,walk,road,1
,1307,3041,3105,283,83.3,1.0,walk,road,1
,1307,2545,2599,105,76.0,1.0,walk,road,1
,1307,2599,2626,90,77.6,1.0,walk,road,1
,1307,2626,2698,157,83.5,1.0,walk,road,1
,1307,2626,2627,64,77.0,1.0,walk,road,1
,1307,2627,2628,31,69.5,1.0,walk,road,1
,1307,2628,2602,92,80.0,1.0,walk,road,1
,1307,2611,2609,55,68.5,1.0,walk,road,1
,1307,2609,2607,42,73.9,1.0,walk,road,1
,1307,3228,3217,30,73.5,1.0,walk,road,1
,1307,3217,3206,69,71.7,1.0,walk,road,1
,1307,3206,3198,35,73.3,1.0,walk,road,1
,1307,3198,3197,23,67.0,1.0,walk,road,1
,1307,3197,3188,18,60.9,1.0,walk,road,1
,1307,3188,3156,123,74.4,1.0,walk,road,1
,1307,3156,3154,139,73.4,1.0,walk,road,1
,1307,3154,3176,77,80.2,1.0,walk,road,1
,1307,3176,3182,20,64.8,1.0,walk,road,1
,1307,3229,3234,113,77.0,1.0,walk,road,1
,1307,3234,3235,41,68.5,1.0,walk,road,1
,1307,3235,3237,81,81.0,1.0,walk,road,1
,1307,3171,3169,100,77.6,1.0,walk,road,1
,1307,2480,2472,23,73.3,1.0,walk,road,1
,1307,2470,2450,52,72.9,1.0,walk,road,1
,1307,2440,2441,46,70.3,1.0,walk,road,1
,1307,2441,2443,65,75.3,1.0,walk,road,1
,1307,3020,3027,184,83.3,1.0,walk,road,1
,1307,3027,3030,59,71.2,1.0,walk,road,1
,1307,3138,3181,120,74.4,1.0,walk,road,1
,1307,3181,3184,215,85.3,1.0,walk,road,1
,1307,3184,3185,56,72.7,1.0,walk,road,1
,1307,2483,2499,32,72.0,1.0,walk,road,1
,1307,2499,2513,27,67.8,1.0,walk,road,1
,1307,2513,2522,15,61.9,1.0,walk,road,1
,1307,2522,2531,13,60.7,1.0,walk,road,1
,1307,2531,2546,38,69.0,1.0,walk,road,1
,1307,2546,2566,25,67.7,1.0,walk,road,1
,1307,2522,2518,115,79.8,1.0,walk,road,1
,1307,2749,2751,57,67.5,1.0,walk,road,1
,1307,2958,2905,117,79.2,1.0,walk,road,1
,1307,2958,2962,70,75.1,1.0,walk,road,1
,1307,2962,2964,19,67.4,1.0,walk,road,1
,1307,2964,2966,81,75.4,1.0,walk,road,1
,1307,2966,2967,8,60.5,1.0,walk,road,1
,1307,3036,3033,96,74.6,1.0,walk,road,1
,1307,3015,3013,90,71.5,1.0,walk,road,1
,1307,2980,2981,32,66.1,1.0,walk,road,1
,1307,2981,2984,85,72.1,1.0,walk,road,1
,1307,2984,2991,83,72.9,1.0,walk,road,1
,1307,2970,2981,36,66.1,1.0,walk,road,1
,1307,2981,3054,135,72.0,1.0,walk,road,1
,1307,2897,2901,12,60.1,1.0,walk,road,1
,1307,2439,2450,37,71.4,1.0,walk,road,1
,1307,2608,2592,30,71.6,1.0,walk,road,1
,1307,2592,2568,54,67.5,1.0,walk,road,1
,1307,2568,2572,52,67.8,1.0,walk,road,1
,1307,2623,2620,93,73.3,1.0,walk,road,1
,1307,3001,2999,60,69.8,1.0,walk,road,1
,1307,2935,2933,126,75.7,1.0,walk,road,1
,1307,2982,2979,79,71.6,1.0,walk,road,1
,1307,3021,3019,80,73.5,1.0,walk,road,1
,1307,2869,2858,74,71.4,1.0,walk,road,1
,1307,2858,2856,41,69.9,1.0,walk,road,1
,1307,2856,2816,60,71.1,1.0,walk,road,1
,1307,2983,2989,121,79.4,1.0,walk,road,1
,1307,3014,3042,54,67.5,1.0,walk,road,1
,1307,3042,3045,64,78.8,1.0,walk,road,1
,1307,3040,3042,67,73.8,1.0,walk,road,1
,1307,3060,3090,53,71.1,1.0,walk,road,1
,1307,3090,3130,162,77.8,1.0,walk,road,1
,1307,3130,3163,91,76.2,1.0,walk,road,1
,1307,3163,3164,57,70.0,1.0,walk,road,1
,1307,3092,3090,86,74.2,1.0,walk,road,1
,1307,2916,2917,103,80.9,1.0,walk,road,1
,1307,2917,2959,86,76.0,1.0,walk,road,1
,1307,2996,2977,247,76.6,1.0,walk,road,1
,1307,2819,2821,22,66.7,1.0,walk,road,1
,1307,2827,2831,51,66.2,1.0,walk,road,1
,1307,2831,2837,49,68.8,1.0,walk,road,1
,1307,2902,2904,53,71.0,1.0,walk,road,1
,1307,2904,2907,51,72.2,1.0,walk,road,1
,1307,2907,2908,16,67.6,1.0,walk,road,1
,1307,2592,2588,81,71.9,1.0,walk,road,1
,1307,2661,2660,92,75.6,1.0,walk,road,1
,1307,2376,2401,79,77.1,1.0,walk,road,1
,1307,2962,2909,103,78.6,1.0,walk,road,1
,1307,2443,2399,182,83.2,1.0,walk,road,1
,1307,2357,2355,19,64.5,1.0,walk,road,1
,1307,2631,2659,41,67.8,1.0,walk,road,1
,1307,2659,2695,90,76.4,1.0,walk,road,1
,1307,3085,3089,137,78.9,1.0,walk,road,1
,1307,3089,3100,82,76.8,1.0,walk,road,1
,1307,3100,3153,141,72.0,1.0,walk,road,1
,1307,3153,3166,41,70.6,1.0,walk,road,1
,1307,3166,3177,39,70.1,1.0,walk,road,1
,1307,3177,3185,36,67.3,1.0,walk,road,1
,1307,3185,3209,125,77.0,1.0,walk,road,1
,1307,2740,2741,12,64.7,1.0,walk,road,1
,1307,2640,2720,159,83.9,1.0,walk,road,1
,1307,2509,2510,98,73.5,1.0,walk,road,1
,1307,3237,3233,11,66.1,1.0,walk,road,1
,1307,3230,3216,44,69.2,1.0,walk,road,1
,1307,2767,2787,26,73.8,1.0,walk,road,1
,1307,2793,2817,57,67.7,1.0,walk,road,1
,1307,3119,3127,17,62.8,1.0,walk,road,1
,1307,3127,3132,39,66.1,1.0,walk,road,1
,1307,3132,3146,30,67.5,1.0,walk,road,1
,1307,3146,3151,18,66.2,1.0,walk,road,1
,1307,3148,3137,26,73.9,1.0,walk,road,1
,1307,3133,3114,63,72.0,1.0,walk,road,1
,1307,2545,2548,103,77.6,1.0,walk,road,1
,1307,2548,2549,9,64.7,1.0,walk,road,1
,1307,2549,2551,99,77.5,1.0,walk,road,1
,1307,2551,2552,61,80.6,1.0,walk,road,1
,1307,2553,2555,135,77.1,1.0,walk,road,1
,1307,2556,2557,36,71.1,1.0,walk,road,1
,1307,2557,2560,66,80.3,1.0,walk,road,1
,1307,2560,2565,82,72.6,1.0,walk,road,1
,1307,2565,2566,32,69.5,1.0,walk,road,1
,1307,2566,2571,61,75.2,1.0,walk,road,1
,1307,2571,2583,75,79.2,1.0,walk,road,1
,1307,2583,2584,11,60.4,1.0,walk,road,1
,1307,2584,2585,79,76.4,1.0,walk,road,1
,1307,3172,3178,12,66.0,1.0,walk,road,1
,1307,3135,3134,9,63.8,1.0,walk,road,1
,1307,2397,2362,234,79.0,1.0,walk,road,1
,1307,2362,2353,91,71.9,1.0,walk,road,1
,1307,2398,2399,39,72.1,1.0,walk,road,1
,1307,2407,2390,67,72.1,1.0,walk,road,1
,1307,2390,2385,10,68.0,1.0,walk,road,1
,1307,2383,2414,103,75.2,1.0,walk,road,1
,1307,2414,2433,104,72.8,1.0,walk,road,1
,1307,2630,2629,70,73.7,1.0,walk,road,1
,1307,2618,2617,63,76.7,1.0,walk,road,1
,1307,2605,2603,60,68.5,1.0,walk,road,1
,1307,2557,2603,90,73.7,1.0,walk,road,1
,1307,2603,2617,30,72.2,1.0,walk,road,1
,1307,2617,2634,85,72.2,1.0,walk,road,1
,1307,2359,2363,108,80.5,1.0,walk,road,1
,1307,2396,2409,81,71.5,1.0,walk,road,1
,1307,3066,3023,116,74.4,1.0,walk,road,1
,1307,3023,2992,49,69.8,1.0,walk,road,1
,1307,2992,2935,92,71.0,1.0,walk,road,1
,1307,2935,2910,61,72.3,1.0,walk,road,1
,1307,2911,2937,62,74.1,1.0,walk,road,1
,1307,2937,2995,91,72.1,1.0,walk,road,1
,1307,2995,3025,49,69.4,1.0,walk,road,1
,1307,3025,3064,111,75.7,1.0,walk,road,1
,1307,2797,2751,65,76.1,1.0,walk,road,1
,1307,2751,2728,51,72.5,1.0,walk,road,1
,1307,2728,2680,79,73.4,1.0,walk,road,1
,1307,2374,2371,30,70.0,1.0,walk,road,1
,1307,2372,2374,33,71.7,1.0,walk,road,1
,1307,2374,2381,28,67.2,1.0,walk,road,1
,1307,2381,2385,9,67.7,1.0,walk,road,1
,1307,2425,2424,20,61.7,1.0,walk,road,1
,1307,2424,2423,90,80.6,1.0,walk,road,1
,1307,2423,2422,13,60.4,1.0,walk,road,1
,1307,2422,2420,56,69.5,1.0,walk,road,1
,1307,2420,2435,147,78.9,1.0,walk,road,1
,1307,2435,2433,122,72.0,1.0,walk,road,1
,1307,2395,2391,88,73.7,1.0,walk,road,1
,1307,2362,2368,34,67.3,1.0,walk,road,1
,1307,2378,2379,18,64.6,1.0,walk,road,1
,1307,2379,2383,146,72.9,1.0,walk,road,1
,1307,2383,2384,115,76.0,1.0,walk,road,1
,1307,2385,2386,11,67.0,1.0,walk,road,1
,1307,2386,2409,132,78.0,1.0,walk,road,1
,1307,2409,2416,21,70.1,1.0,walk,road,1
,1307,2416,2422,79,76.3,1.0,walk,road,1
,1307,3180,3169,29,68.2,1.0,walk,road,1
,1307,3169,3126,145,74.9,1.0,walk,road,1
,1307,3124,3104,26,69.3,1.0,walk,road,1
,1307,3104,3095,64,78.3,1.0,walk,road,1
,1307,3095,3087,33,73.6,1.0,walk,road,1
,1307,3087,3083,11,61.8,1.0,walk,road,1
,1307,3082,3051,69,75.3,1.0,walk,road,1
,1307,3051,3008,97,71.5,1.0,walk,road,1
,1307,3008,2967,70,72.4,1.0,walk,road,1
,1307,2967,2886,158,81.1,1.0,walk,road,1
,1307,2886,2877,10,64.5,1.0,walk,road,1
,1307,2875,2825,68,80.5,1.0,walk,road,1
,1307,2825,2796,65,77.8,1.0,walk,road,1
,1307,2794,2763,39,71.1,1.0,walk,road,1
,1307,2763,2725,76,78.0,1.0,walk,road,1
,1307,2725,2649,148,77.8,1.0,walk,road,1
,1307,2649,2622,83,75.2,1.0,walk,road,1
,1307,2622,2600,52,71.6,1.0,walk,road,1
,1307,2598,2584,29,69.4,1.0,walk,road,1
,1307,2584,2540,88,75.0,1.0,walk,road,1
,1307,2540,2509,56,70.2,1.0,walk,road,1
,1307,2505,2488,34,66.5,1.0,walk,road,1
,1307,2488,2479,19,65.3,1.0,walk,road,1
,1307,2479,2452,66,79.5,1.0,walk,road,1
,1307,2449,2427,70,72.8,1.0,walk,road,1
,1307,2427,2420,19,65.8,1.0,walk,road,1
,1307,2420,2416,55,70.6,1.0,walk,road,1
,1307,2935,2937,42,71.3,1.0,walk,road,1
,1307,2937,2938,106,77.4,1.0,walk,road,1
,1307,3124,3123,96,71.2,1.0,walk,road,1
,1307,3121,3118,86,74.3,1.0,walk,road,1
,1307,3118,3117,55,71.7,1.0,walk,road,1
,1307,3117,3116,53,72.9,1.0,walk,road,1
,1307,3076,3081,8,63.4,1.0,walk,road,1
,1307,3081,3107,115,76.2,1.0,walk,road,1
,1307,3107,3118,12,64.4,1.0,walk,road,1
,1307,3116,3098,57,71.1,1.0,walk,road,1
,1307,2456,2460,13,60.1,1.0,walk,road,1
,1307,2462,2484,55,66.8,1.0,walk,road,1
,1307,2990,2919,122,73.1,1.0,walk,road,1
,1307,2919,2914,24,72.7,1.0,walk,road,1
,1307,2780,2782,88,79.7,1.0,walk,road,1
,1307,2430,2474,113,78.2,1.0,walk,road,1
,1307,2474,2477,11,63.3,1.0,walk,road,1
,1307,2478,2500,50,72.7,1.0,walk,road,1
,1307,2500,2547,93,75.0,1.0,walk,road,1
,1307,2551,2612,109,72.8,1.0,walk,road,1
,1307,2612,2642,116,76.3,1.0,walk,road,1
,1307,2642,2693,112,72.5,1.0,walk,road,1
,1307,2693,2711,24,72.7,1.0,walk,road,1
,1307,2711,2759,92,73.5,1.0,walk,road,1
,1307,2759,2782,21,71.9,1.0,walk,road,1
,1307,2782,2861,146,77.6,1.0,walk,road,1
,1307,2674,2673,30,67.4,1.0,walk,road,1
,1307,2673,2671,56,71.2,1.0,walk,road,1
,1307,2630,2657,41,67.0,1.0,walk,road,1
,1307,2657,2694,90,74.0,1.0,walk,road,1
,1307,2491,2496,106,78.2,1.0,walk,road,1
,1307,2496,2495,42,70.6,1.0,walk,road,1
,1307,2495,2500,19,63.4,1.0,walk,road,1
,1307,3003,3001,54,71.3,1.0,walk,road,1
,1307,2967,2968,16,60.5,1.0,walk,road,1
,1307,2927,2923,14,66.9,1.0,walk,road,1
,1307,2923,2915,26,70.5,1.0,walk,road,1
,1307,2915,2878,71,80.2,1.0,walk,road,1
,1307,2878,2850,34,71.7,1.0,walk,road,1
,1307,3155,3150,75,79.2,1.0,walk,road,1
,1307,3136,3131,76,79.6,1.0,walk,road,1
,1307,3157,3160,85,74.6,1.0,walk,road,1
,1307,3145,3142,95,78.3,1.0,walk,road,1
,1307,3168,3170,81,73.6,1.0,walk,road,1
,1307,3165,3161,74,77.7,1.0,walk,road,1
,1307,3078,3069,9,66.2,1.0,walk,road,1
,1307,3069,3049,55,66.6,1.0,walk,road,1
,1307,3006,3007,90,71.1,1.0,walk,road,1
,1307,3007,3008,29,73.5,1.0,walk,road,1
,1307,2801,2785,114,75.6,1.0,walk,road,1
,1307,2783,2777,15,65.2,1.0,walk,road,1
,1307,2826,2821,64,73.0,1.0,walk,road,1
,1307,2827,2826,22,66.6,1.0,walk,road,1
,1307,2950,2949,153,84.7,1.0,walk,road,1
,1307,2949,2953,36,68.9,1.0,walk,road,1
,1307,3049,3048,134,75.1,1.0,walk,road,1
,1307,2360,2357,15,66.9,1.0,walk,road,1
,1307,2901,2903,14,62.3,1.0,walk,road,1
,1307,2672,2681,18,67.5,1.0,walk,road,1
,1307,3031,3029,79,78.2,1.0,walk,road,1
,1307,2581,2579,96,71.6,1.0,walk,road,1
,1307,2579,2604,60,69.7,1.0,walk,road,1
,1307,2497,2502,160,84.1,1.0,walk,road,1
,1307,2502,2507,97,76.4,1.0,walk,road,1
,1307,2507,2506,39,69.4,1.0,walk,road,1
,1307,2568,2563,38,67.3,1.0,walk,road,1
,1307,2563,2502,111,78.8,1.0,walk,road,1
,1307,2564,2507,105,80.9,1.0,walk,road,1
,1307,3126,3124,9,60.5,1.0,walk,road,1
,1307,3124,3087,122,76.0,1.0,walk,road,1
,1307,2967,2893,152,79.9,1.0,walk,road,1
,1307,2886,2966,157,82.8,1.0,walk,road,1
,1307,2966,3050,168,83.6,1.0,walk,road,1
,1307,3050,3082,70,76.3,1.0,walk,road,1
,1307,3082,3088,12,65.6,1.0,walk,road,1
,1307,3088,3095,33,66.2,1.0,walk,road,1
,1307,3104,3125,30,69.6,1.0,walk,road,1
,1307,3068,3076,134,78.6,1.0,walk,road,1
,1307,3076,3078,85,78.9,1.0,walk,road,1
,1307,3078,3083,109,75.4,1.0,walk,road,1
,1307,3088,3087,9,66.8,1.0,walk,road,1
,1307,3087,3086,109,72.5,1.0,walk,road,1
,1307,3086,3081,85,76.8,1.0,walk,road,1
,1307,3081,3079,141,73.9,1.0,walk,road,1
,1307,2863,2865,52,66.9,1.0,walk,road,1
,1307,2865,2870,131,74.6,1.0,walk,road,1
,1307,2870,2873,55,67.5,1.0,walk,road,1
,1307,2887,2885,27,68.8,1.0,walk,road,1
,1307,3057,3028,80,76.0,1.0,walk,road,1
,1307,3028,3018,18,62.8,1.0,walk,road,1
,1307,3018,2997,41,67.5,1.0,walk,road,1
,1307,2997,2978,21,66.6,1.0,walk,road,1
,1307,2978,2976,14,63.9,1.0,walk,road,1
,1307,2975,2972,9,65.2,1.0,walk,road,1
,1307,2861,2878,75,75.9,1.0,walk,road,1
,1307,3024,3023,38,68.6,1.0,walk,road,1
,1307,3023,3016,121,74.2,1.0,walk,road,1
,1307,2589,2591,69,80.6,1.0,walk,road,1
,1307,2591,2594,68,74.0,1.0,walk,road,1
,1307,2594,2595,36,73.7,1.0,walk,road,1
,1307,2595,2596,35,68.1,1.0,walk,road,1
,1307,2596,2597,85,71.7,1.0,walk,road,1
,1307,2597,2601,109,79.0,1.0,walk,road,1
,1307,2601,2608,80,74.0,1.0,walk,road,1
,1307,2608,2610,14,63.7,1.0,walk,road,1
,1307,2610,2614,183,85.0,1.0,walk,road,1
,1307,2585,2589,18,65.1,1.0,walk,road,1
,1307,2867,2790,137,79.1,1.0,walk,road,1
,1307,2943,2945,97,77.6,1.0,walk,road,1
,1307,2945,2941,16,64.2,1.0,walk,road,1
,1307,3153,3149,57,70.1,1.0,walk,road,1
,1307,3149,3147,33,69.4,1.0,walk,road,1
,1307,3147,3144,10,61.9,1.0,walk,road,1
,1307,2685,2670,27,74.0,1.0,walk,road,1
,1307,2670,2660,35,70.9,1.0,walk,road,1
,1307,2660,2620,102,78.9,1.0,walk,road,1
,1307,2620,2601,50,66.6,1.0,walk,road,1
,1307,2601,2588,31,71.9,1.0,walk,road,1
,1307,2588,2580,24,67.6,1.0,walk,road,1
,1307,2580,2519,104,71.5,1.0,walk,road,1
,1307,2691,2687,12,61.6,1.0,walk,road,1
,1307,2627,2701,155,78.8,1.0,walk,road,1
,1307,2858,2894,34,67.6,1.0,walk,road,1
,1307,2894,2891,40,66.8,1.0,walk,road,1
,1307,2891,2856,34,71.0,1.0,walk,road,1
,1307,2811,2795,41,74.0,1.0,walk,road,1
,1307,2908,2941,78,72.5,1.0,walk,road,1
,1307,2435,2446,24,71.3,1.0,walk,road,1
,1307,2446,2456,21,68.8,1.0,walk,road,1
,1307,2429,2426,142,73.8,1.0,walk,road,1
,1307,2429,2421,27,72.8,1.0,walk,road,1
,1307,2419,2408,87,79.2,1.0,walk,road,1
,1307,2408,2378,130,78.5,1.0,walk,road,1
,1307,2378,2363,178,83.0,1.0,walk,road,1
,1307,2685,2675,183,83.7,1.0,walk,road,1
,1307,2675,2674,73,76.4,1.0,walk,road,1
,1307,2659,2657,26,66.5,1.0,walk,road,1
,1307,2663,2634,44,73.9,1.0,walk,road,1
,1307,2663,2703,88,74.4,1.0,walk,road,1
,1307,2636,2632,132,71.5,1.0,walk,road,1
,1307,2632,2631,10,60.1,1.0,walk,road,1
,1307,2631,2630,25,72.0,1.0,walk,road,1
,1307,2817,2823,9,65.1,1.0,walk,road,1
,1307,2823,2839,18,61.4,1.0,walk,road,1
,1307,2839,2848,19,64.1,1.0,walk,road,1
,1307,2814,2820,9,60.8,1.0,walk,road,1
,1307,2761,2784,25,73.5,1.0,walk,road,1
,1307,2788,2814,58,73.7,1.0,walk,road,1
,1307,2496,2464,69,77.8,1.0,walk,road,1
,1307,2464,2463,49,67.0,1.0,walk,road,1
,1307,2495,2466,66,77.0,1.0,walk,road,1
,1307,2466,2458,32,67.8,1.0,walk,road,1
,1307,2458,2437,46,66.3,1.0,walk,road,1
,1307,2466,2465,35,71.7,1.0,walk,road,1
,1307,2741,2756,47,72.5,1.0,walk,road,1
,1307,2760,2774,13,60.4,1.0,walk,road,1
,1307,2774,2792,40,67.9,1.0,walk,road,1
,1307,2756,2760,10,66.4,1.0,walk,road,1
,1307,2719,2740,38,69.7,1.0,walk,road,1
,1307,2583,2613,58,72.4,1.0,walk,road,1
,1307,2615,2622,27,70.0,1.0,walk,road,1
,1307,3141,3138,41,66.2,1.0,walk,road,1
,1307,3143,3141,125,71.4,1.0,walk,road,1
,1307,3089,3084,51,71.2,1.0,walk,road,1
,1307,3084,3027,125,79.7,1.0,walk,road,1
,1307,3194,3195,55,73.0,1.0,walk,road,1
,1307,3195,3196,63,76.0,1.0,walk,road,1
,1307,3196,3197,17,66.3,1.0,walk,road,1
,1307,2406,2413,20,64.5,1.0,walk,road,1
,1307,2413,2442,127,73.4,1.0,walk,road,1
,1307,2444,2467,62,71.2,1.0,walk,road,1
,1307,2467,2497,66,79.3,1.0,walk,road,1
,1307,2494,2492,39,66.7,1.0,walk,road,1
,1307,2493,2497,37,67.2,1.0,walk,road,1
,1307,2489,2485,16,64.1,1.0,walk,road,1
,1307,2485,2482,9,66.6,1.0,walk,road,1
,1307,2424,2441,54,69.6,1.0,walk,road,1
,1307,2696,2713,23,72.0,1.0,walk,road,1
,1307,2727,2712,21,70.7,1.0,walk,road,1
,1307,2712,2614,240,78.3,1.0,walk,road,1
,1307,2614,2586,53,70.7,1.0,walk,road,1
,1307,2954,2944,16,61.4,1.0,walk,road,1
,1307,3030,3012,28,66.9,1.0,walk,road,1
,1307,3012,2996,35,73.4,1.0,walk,road,1
,1307,2985,2954,56,72.6,1.0,walk,road,1
,1307,2946,2936,19,62.0,1.0,walk,road,1
,1307,3147,3085,212,83.9,1.0,walk,road,1
,1307,3085,3020,139,71.2,1.0,walk,road,1
,1307,3020,2998,44,70.8,1.0,walk,road,1
,1307,2998,2977,22,67.8,1.0,walk,road,1
,1307,2977,2974,17,65.4,1.0,walk,road,1
,1307,2974,2950,31,68.1,1.0,walk,road,1
,1307,2919,2922,129,72.5,1.0,walk,road,1
,1307,2923,2933,87,80.8,1.0,walk,road,1
,1307,2933,2957,41,73.8,1.0,walk,road,1
,1307,2999,2995,60,66.0,1.0,walk,road,1
,1307,2995,2994,8,60.2,1.0,walk,road,1
,1307,2994,2993,36,71.5,1.0,walk,road,1
,1307,2993,2992,10,60.0,1.0,walk,road,1
,1307,2930,2921,17,64.3,1.0,walk,road,1
,1307,2951,2930,40,71.4,1.0,walk,road,1
,1307,2986,2961,51,70.9,1.0,walk,road,1
,1307,2961,2951,10,60.0,1.0,walk,road,1
,1307,2965,2963,18,63.0,1.0,walk,road,1
,1307,2969,2918,77,77.8,1.0,walk,road,1
,1307,2918,2921,105,77.5,1.0,walk,road,1
,1307,2921,2920,52,66.9,1.0,walk,road,1
,1307,2969,2965,83,80.7,1.0,walk,road,1
,1307,3094,3091,22,71.4,1.0,walk,road,1
,1307,3101,3094,37,72.9,1.0,walk,road,1
,1307,3106,3101,31,72.3,1.0,walk,road,1
,1307,3121,3106,18,61.9,1.0,walk,road,1
,1307,3091,3086,18,66.9,1.0,walk,road,1
,1307,2938,2940,60,71.2,1.0,walk,road,1
,1307,2940,2939,13,62.3,1.0,walk,road,1
,1307,3038,3039,30,69.9,1.0,walk,road,1
,1307,3063,3035,80,80.5,1.0,walk,road,1
,1307,3031,3063,94,74.9,1.0,walk,road,1
,1307,2988,2992,109,72.4,1.0,walk,road,1
,1307,2579,2549,45,69.3,1.0,walk,road,1
,1307,2602,2604,15,68.0,1.0,walk,road,1
,1307,2599,2602,95,77.2,1.0,walk,road,1
,1307,3002,3026,46,73.9,1.0,walk,road,1
,1307,3026,3025,61,80.6,1.0,walk,road,1
,1307,2873,2874,10,63.2,1.0,walk,road,1
,1307,2874,2876,23,66.3,1.0,walk,road,1
,1307,2876,2879,46,73.1,1.0,walk,road,1
,1307,2879,2886,189,84.1,1.0,walk,road,1
,1307,2886,2887,137,76.5,1.0,walk,road,1
,1307,2862,2863,15,61.6,1.0,walk,road,1
,1307,2900,2829,91,74.7,1.0,walk,road,1
,1307,2941,2942,73,76.4,1.0,walk,road,1
,1307,2972,2927,63,74.6,1.0,walk,road,1
,1307,2576,2577,25,70.2,1.0,walk,road,1
,1307,2575,2574,9,64.6,1.0,walk,road,1
,1307,2574,2559,15,66.2,1.0,walk,road,1
,1307,2559,2498,121,73.2,1.0,walk,road,1
,1307,2589,2576,33,66.6,1.0,walk,road,1
,1307,2635,2624,52,69.7,1.0,walk,road,1
,1307,2711,2705,205,78.7,1.0,walk,road,1
,1307,3049,3034,33,66.9,1.0,walk,road,1
,1307,3034,3010,53,69.7,1.0,walk,road,1
,1307,3010,3009,83,79.0,1.0,walk,road,1
,1307,3009,3032,54,67.7,1.0,walk,road,1
,1307,3032,3034,83,72.1,1.0,walk,road,1
,1307,3059,3061,75,74.5,1.0,walk,road,1
,1307,3069,3059,17,63.0,1.0,walk,road,1
,1307,3059,3055,32,66.3,1.0,walk,road,1
,1307,2730,2715,23,69.0,1.0,walk,road,1
,1307,2716,2734,79,78.4,1.0,walk,road,1
,1307,2614,2616,114,73.3,1.0,walk,road,1
,1307,2616,2640,96,76.3,1.0,walk,road,1
,1307,2640,2645,45,70.9,1.0,walk,road,1
,1307,3043,3047,22,68.1,1.0,walk,road,1
,1307,2752,2729,53,73.9,1.0,walk,road,1
,1307,2753,2752,14,61.7,1.0,walk,road,1
,1307,2765,2774,10,67.0,1.0,walk,road,1
,1307,2469,2486,41,72.0,1.0,walk,road,1
,1307,2453,2448,18,62.1,1.0,walk,road,1
,1307,2448,2446,60,70.9,1.0,walk,road,1
,1307,2452,2453,63,77.0,1.0,walk,road,1
,1307,2354,2367,77,72.0,1.0,walk,road,1
,1307,2514,2515,8,67.4,1.0,walk,road,1
,1307,2515,2520,21,72.5,1.0,walk,road,1
,1307,2513,2514,40,72.6,1.0,walk,road,1
,1307,2503,2504,29,66.6,1.0,walk,road,1
,1307,2499,2501,73,72.5,1.0,walk,road,1
,1307,2501,2503,11,67.0,1.0,walk,road,1
,1307,2540,2541,35,74.0,1.0,walk,road,1
,1307,2542,2550,42,69.0,1.0,walk,road,1
,1307,2533,2525,8,67.1,1.0,walk,road,1
,1307,2525,2520,13,65.9,1.0,walk,road,1
,1307,2520,2517,24,69.6,1.0,walk,road,1
,1307,2517,2511,12,63.5,1.0,walk,road,1
,1307,2511,2504,21,67.7,1.0,walk,road,1
,1307,2504,2508,27,66.0,1.0,walk,road,1
,1307,2974,2949,155,77.2,1.0,walk,road,1
,1307,2675,2684,17,67.8,1.0,walk,road,1
,1307,2674,2682,18,63.9,1.0,walk,road,1
,1307,2556,2526,56,72.5,1.0,walk,road,1
,1307,2526,2532,78,80.4,1.0,walk,road,1
,1307,3225,3223,10,60.7,1.0,walk,road,1
,1307,3140,3154,23,66.8,1.0,walk,road,1
,1307,2629,2628,112,74.4,1.0,walk,road,1
,1307,2473,2447,78,74.4,1.0,walk,road,1
,1307,2972,2932,56,68.9,1.0,walk,road,1
,1307,2978,2972,27,69.2,1.0,walk,road,1
,1307,2929,2972,62,71.5,1.0,walk,road,1
,1307,2923,2929,17,63.8,1.0,walk,road,1
,1307,3107,3111,20,60.4,1.0,walk,road,1
,1307,3123,3112,16,62.8,1.0,walk,road,1
,1307,2464,2445,56,73.5,1.0,walk,road,1
,1307,2437,2436,54,72.6,1.0,walk,road,1
,1307,2458,2457,45,72.0,1.0,walk,road,1
,1307,2546,2565,41,71.3,1.0,walk,road,1
,1307,2968,2973,29,69.2,1.0,walk,road,1
,1307,3198,3199,44,68.2,1.0,walk,road,1
,1307,3199,3207,35,73.9,1.0,walk,road,1
,1307,3207,3206,45,67.9,1.0,walk,road,1
,1307,3207,3208,19,64.2,1.0,walk,road,1
,1307,3196,3205,59,66.4,1.0,walk,road,1
,1307,3205,3217,70,76.8,1.0,walk,road,1
,1307,3194,3202,61,78.1,1.0,walk,road,1
,1307,3204,3213,56,67.1,1.0,walk,road,1
,1307,3213,3215,15,64.2,1.0,walk,road,1
,1307,3205,3203,62,77.9,1.0,walk,road,1
,1307,3203,3202,55,70.5,1.0,walk,road,1
,1307,3206,3205,17,67.0,1.0,walk,road,1
,1307,3202,3201,18,65.1,1.0,walk,road,1
,1307,3195,3203,60,73.2,1.0,walk,road,1
,1307,3190,3196,12,61.0,1.0,walk,road,1
,1307,3182,3173,36,70.8,1.0,walk,road,1
,1307,3135,3137,30,71.4,1.0,walk,road,1
,1307,2731,2726,66,79.1,1.0,walk,road,1
,1307,2912,2937,61,79.8,1.0,walk,road,1
,1307,2937,2994,91,74.8,1.0,walk,road,1
,1307,2994,3024,49,68.9,1.0,walk,road,1
,1307,3024,3070,117,75.0,1.0,walk,road,1
,1307,3067,3023,116,78.4,1.0,walk,road,1
,1307,3023,2993,49,71.9,1.0,walk,road,1
,1307,2993,2935,92,74.5,1.0,walk,road,1
,1307,2735,2747,44,71.3,1.0,walk,road,1
,1307,2747,2776,41,72.0,1.0,walk,road,1
,1307,2747,2775,48,70.7,1.0,walk,road,1
,1307,2548,2544,11,62.1,1.0,walk,road,1
,1307,2721,2689,47,73.4,1.0,walk,road,1
,1307,2689,2690,28,70.8,1.0,walk,road,1
,1307,2689,2683,20,64.1,1.0,walk,road,1
,1307,2963,3006,66,72.3,1.0,walk,road,1
,1307,2654,2644,17,62.2,1.0,walk,road,1
,1307,2851,2853,67,72.8,1.0,walk,road,1
,1307,2853,2861,17,63.6,1.0,walk,road,1
,1307,2861,2862,25,72.4,1.0,walk,road,1
,1307,2846,2769,128,77.2,1.0,walk,road,1
,1307,2914,2846,110,76.5,1.0,walk,road,1
,1307,2822,2844,27,72.4,1.0,walk,road,1
,1307,2844,2859,29,70.4,1.0,walk,road,1
,1307,2844,2841,17,62.4,1.0,walk,road,1
,1307,3117,3109,10,65.4,1.0,walk,road,1
,1307,3109,3110,13,64.8,1.0,walk,road,1
,1307,3109,3108,12,65.3,1.0,walk,road,1
,1307,2431,2430,82,80.7,1.0,walk,road,1
,1307,2430,2429,12,63.2,1.0,walk,road,1
,1307,3140,3139,12,65.0,1.0,walk,road,1
,1307,2838,2839,27,72.1,1.0,walk,road,1
,1307,2834,2830,27,71.3,1.0,walk,road,1
,1307,2507,2475,71,77.7,1.0,walk,road,1
,1307,2475,2459,44,72.9,1.0,walk,road,1
,1307,2459,2438,45,68.0,1.0,walk,road,1
,1307,2459,2455,78,80.7,1.0,walk,road,1
,1307,2475,2476,53,66.3,1.0,walk,road,1
,1307,2434,2432,131,75.8,1.0,walk,road,1
,1307,2418,2417,54,66.8,1.0,walk,road,1
,1307,2417,2432,62,79.0,1.0,walk,road,1
,1307,2432,2451,54,73.8,1.0,walk,road,1
,1307,2451,2444,126,73.9,1.0,walk,road,1
,1307,2373,2358,114,76.7,1.0,walk,road,1
,1307,3149,3162,42,72.2,1.0,walk,road,1
,1307,3162,3174,38,71.0,1.0,walk,road,1
,1307,3174,3184,36,69.8,1.0,walk,road,1
,1307,3166,3162,57,67.6,1.0,walk,road,1
,1307,3177,3174,57,72.7,1.0,walk,road,1
,1307,3122,3152,122,78.2,1.0,walk,road,1
,1307,3152,3159,46,66.6,1.0,walk,road,1
,1307,3159,3172,59,70.9,1.0,walk,road,1
,1307,3105,3122,28,70.5,1.0,walk,road,1
,1307,3175,3176,34,71.2,1.0,walk,road,1
,1307,3234,3220,29,71.5,1.0,walk,road,1
,1307,3219,3220,141,76.6,1.0,walk,road,1
,1307,2417,2393,116,74.5,1.0,walk,road,1
,1307,2467,2468,23,68.7,1.0,walk,road,1
,1307,2394,2389,107,77.6,1.0,walk,road,1
,1307,2389,2387,42,71.9,1.0,walk,road,1
,1307,2387,2380,144,77.4,1.0,walk,road,1
,1307,2406,2380,87,71.7,1.0,walk,road,1
,1307,2361,2356,38,70.5,1.0,walk,road,1
,1307,3103,3102,73,73.5,1.0,walk,road,1
,1307,3096,3097,40,69.5,1.0,walk,road,1
,1307,3097,3093,23,73.4,1.0,walk,road,1
,1307,3097,3099,27,72.8,1.0,walk,road,1
,1307,2948,2947,10,65.5,1.0,walk,road,1
,1307,2947,2952,11,60.6,1.0,walk,road,1
,1307,2952,2956,19,65.2,1.0,walk,road,1
,1307,2808,2809,52,68.8,1.0,walk,road,1
,1307,2809,2804,14,61.1,1.0,walk,road,1
,1307,2815,2832,25,67.6,1.0,walk,road,1
,1307,2877,2871,26,68.6,1.0,walk,road,1
,1307,2871,2866,111,76.8,1.0,walk,road,1
,1307,2871,2836,53,71.0,1.0,walk,road,1
,1307,2825,2824,39,73.9,1.0,walk,road,1
,1307,2609,2625,67,75.8,1.0,walk,road,1
,1307,2538,2539,14,63.1,1.0,walk,road,1
,1307,3005,2985,277,86.0,1.0,walk,road,1
,1307,3022,3012,264,80.2,1.0,walk,road,1
,1307,3037,3030,238,85.1,1.0,walk,road,1
,1307,2413,2415,12,62.0,1.0,walk,road,1
,1307,2415,2412,25,71.8,1.0,walk,road,1
,1307,2412,2404,62,71.6,1.0,walk,road,1
,1307,2404,2405,14,61.2,1.0,walk,road,1
,1307,2384,2390,12,63.4,1.0,walk,road,1
,1307,2390,2392,9,63.2,1.0,walk,road,1
,1307,2392,2386,10,67.1,1.0,walk,road,1
,1307,2386,2381,15,66.3,1.0,walk,road,1
,1307,2381,2382,8,60.5,1.0,walk,road,1
,1307,2658,2656,73,75.1,1.0,walk,road,1
,1307,2656,2676,55,71.2,1.0,walk,road,1
,1307,2676,2678,74,78.6,1.0,walk,road,1
,1307,2676,2699,44,69.6,1.0,walk,road,1
,1307,2582,2587,76,76.8,1.0,walk,road,1
,1307,2587,2572,46,68.9,1.0,walk,road,1
,1307,2890,3242,46,59.8,1.0,walk,road,1
,1307,3022,3243,112,60.7,1.0,walk,road,1
,1307,3229,3244,38,64.1,1.0,walk,road,1
,1307,2769,3245,266,59.1,1.0,walk,road,1
,1307,2353,3246,161,62.6,1.0,walk,road,1
,1307,2665,3247,23,59.1,1.0,walk,road,1
,1307,2639,3248,56,62.4,1.0,walk,road,1
,1307,2638,3249,10,61.6,1.0,walk,road,1
,1307,2596,3250,62,59.2,1.0,walk,road,1
,1307,2646,3251,53,60.8,1.0,walk,road,1
,1307,2973,3252,28,61.7,1.0,walk,road,1
,1307,2770,3253,37,59.4,1.0,walk,road,1
,1307,2686,3254,40,62.2,1.0,walk,road,1
,1307,2890,3255,7,62.1,1.0,walk,road,1
,1307,2808,3256,19,64.7,1.0,walk,road,1
,1307,2731,3257,89,59.0,1.0,walk,road,1
,1307,2669,3258,96,60.8,1.0,walk,road,1
,1307,2792,3259,31,63.2,1.0,walk,road,1
,1307,2785,3260,53,63.6,1.0,walk,road,1
,1307,2866,3261,52,61.5,1.0,walk,road,1
,1307,2834,3262,59,60.0,1.0,walk,road,1
,1307,2814,3263,33,63.6,1.0,walk,road,1
,1307,2817,3264,40,61.4,1.0,walk,road,1
,1307,2844,3265,13,63.5,1.0,walk,road,1
,1307,2805,3266,31,62.0,1.0,walk,road,1
,1307,2753,3267,42,65.0,1.0,walk,road,1
,1307,2724,3268,60,60.3,1.0,walk,road,1
,1307,2768,3269,36,63.3,1.0,walk,road,1
,1307,2772,3270,11,62.4,1.0,walk,road,1
,1307,2756,3271,24,64.5,1.0,walk,road,1
,1307,2741,3272,24,61.0,1.0,walk,road,1
,1307,2752,3273,17,63.1,1.0,walk,road,1
,1307,2677,3274,25,62.2,1.0,walk,road,1
,1307,2825,3275,43,64.2,1.0,walk,road,1
,1307,2745,3276,11,64.5,1.0,walk,road,1
,1307,2690,3277,45,61.5,1.0,walk,road,1
,1307,2957,3278,62,60.3,1.0,walk,road,1
,1307,2938,3279,32,59.1,1.0,walk,road,1
,1307,2694,3280,49,64.5,1.0,walk,road,1
,1307,2627,3281,46,62.1,1.0,walk,road,1
,1307,2587,3282,37,64.4,1.0,walk,road,1
,1307,2713,3283,28,61.6,1.0,walk,road,1
,1307,3044,3284,26,63.3,1.0,walk,road,1
,1307,2716,3285,22,65.0,1.0,walk,road,1
,1307,2835,3286,40,64.8,1.0,walk,road,1
,1307,2736,3287,55,62.3,1.0,walk,road,1
,1307,2407,3288,58,59.1,1.0,walk,road,1
,1307,2353,3289,30,59.4,1.0,walk,road,1
,1307,2619,3290,61,63.3,1.0,walk,road,1
,1307,2955,3291,35,59.2,1.0,walk,road,1
,1307,2537,3292,58,59.8,1.0,walk,road,1
,1307,2613,3293,44,63.3,1.0,walk,road,1
,1307,2576,3294,42,63.7,1.0,walk,road,1
,1307,2450,3295,37,63.6,1.0,walk,road,1
,1307,2372,3296,44,63.0,1.0,walk,road,1
,1307,2395,3297,39,60.5,1.0,walk,road,1
,1307,2799,3298,30,64.7,1.0,walk,road,1
,1307,2733,3299,40,60.9,1.0,walk,road,1
,1307,3136,3300,29,60.9,1.0,walk,road,1
,1307,2394,3301,135,63.4,1.0,walk,road,1
,1307,2359,3302,54,64.8,1.0,walk,road,1
,1307,2408,3303,65,61.8,1.0,walk,road,1
,1307,2534,3304,21,60.5,1.0,walk,road,1
,1307,2613,3305,38,61.7,1.0,walk,road,1
,1307,2617,3306,62,64.1,1.0,walk,road,1
,1307,2620,3307,51,61.0,1.0,walk,road,1
,1307,2407,3308,48,60.7,1.0,walk,road,1
,1307,2662,3309,55,64.2,1.0,walk,road,1
,1307,2620,3310,59,62.9,1.0,walk,road,1
,1307,2526,3311,84,60.3,1.0,walk,road,1
,1307,2526,3312,48,60.0,1.0,walk,road,1
,1307,2352,3313,60,62.8,1.0,walk,road,1
,1307,2603,3314,18,62.3,1.0,walk,road,1
,1307,2423,3315,45,61.7,1.0,walk,road,1
,1307,2371,3316,51,64.9,1.0,walk,road,1
,1307,2366,3317,76,59.4,1.0,walk,road,1
,1307,2378,3318,58,59.5,1.0,walk,road,1
,1307,2421,3319,52,61.0,1.0,walk,road,1
,1308,3612,3529,129,79.1,1.0,walk,road,1
,1308,3529,3485,60,71.6,1.0,walk,road,1
,1308,3485,3473,19,63.4,1.0,walk,road,1
,1308,3473,3403,164,76.8,1.0,walk,road,1
,1308,3414,3423,141,72.9,1.0,walk,road,1
,1308,3423,3424,97,78.4,1.0,walk,road,1
,1308,3424,3422,67,80.0,1.0,walk,road,1
,1308,3422,3420,52,66.9,1.0,walk,road,1
,1308,3462,3466,30,66.3,1.0,walk,road,1
,1308,3466,3467,9,67.6,1.0,walk,road,1
,1308,3467,3469,67,72.8,1.0,walk,road,1
,1308,3469,3495,38,70.1,1.0,walk,road,1
,1308,3495,3510,28,69.5,1.0,walk,road,1
,1308,3514,3541,30,73.7,1.0,walk,road,1
,1308,3541,3547,13,61.4,1.0,walk,road,1
,1308,3547,3557,11,60.7,1.0,walk,road,1
,1308,3561,3603,89,74.2,1.0,walk,road,1
,1308,3930,3928,54,73.7,1.0,walk,road,1
,1308,3928,3927,12,63.2,1.0,walk,road,1
,1308,3502,3482,68,74.4,1.0,walk,road,1
,1308,3482,3474,28,66.1,1.0,walk,road,1
,1308,3474,3480,105,80.7,1.0,walk,road,1
,1308,3480,3484,11,60.2,1.0,walk,road,1
,1308,3484,3487,37,68.6,1.0,walk,road,1
,1308,3487,3492,9,60.7,1.0,walk,road,1
,1308,4156,4127,49,70.4,1.0,walk,road,1
,1308,4127,4098,47,73.7,1.0,walk,road,1
,1308,4098,4051,56,73.4,1.0,walk,road,1
,1308,4051,4010,57,67.7,1.0,walk,road,1
,1308,4010,3927,106,78.5,1.0,walk,road,1
,1308,3927,3885,59,72.6,1.0,walk,road,1
,1308,3885,3859,34,67.9,1.0,walk,road,1
,1308,3859,3831,29,68.6,1.0,walk,road,1
,1308,3831,3810,24,71.6,1.0,walk,road,1
,1308,3810,3802,25,67.8,1.0,walk,road,1
,1308,3802,3784,13,67.4,1.0,walk,road,1
,1308,3784,3740,52,68.0,1.0,walk,road,1
,1308,3740,3709,48,69.6,1.0,walk,road,1
,1308,3709,3654,47,72.2,1.0,walk,road,1
,1308,4090,4073,29,68.4,1.0,walk,road,1
,1308,4073,4027,63,76.8,1.0,walk,road,1
,1308,4195,4191,9,60.2,1.0,walk,road,1
,1308,4191,4177,30,70.0,1.0,walk,road,1
,1308,4177,4161,55,67.0,1.0,walk,road,1
,1308,3417,3426,28,73.7,1.0,walk,road,1
,1308,3426,3429,14,66.9,1.0,walk,road,1
,1308,3429,3433,13,67.8,1.0,walk,road,1
,1308,3437,3536,168,76.0,1.0,walk,road,1
,1308,3536,3565,41,71.3,1.0,walk,road,1
,1308,3565,3575,40,73.5,1.0,walk,road,1
,1308,3575,3586,14,64.4,1.0,walk,road,1
,1308,3586,3593,20,63.5,1.0,walk,road,1
,1308,3593,3607,24,73.9,1.0,walk,road,1
,1308,3607,3615,11,60.8,1.0,walk,road,1
,1308,3342,3346,79,79.5,1.0,walk,road,1
,1308,3346,3348,15,64.6,1.0,walk,road,1
,1308,3880,3852,33,67.9,1.0,walk,road,1
,1308,3852,3832,23,73.3,1.0,walk,road,1
,1308,3832,3805,45,68.6,1.0,walk,road,1
,1308,3805,3776,24,68.4,1.0,walk,road,1
,1308,3776,3736,53,73.6,1.0,walk,road,1
,1308,3733,3697,39,70.1,1.0,walk,road,1
,1308,3697,3653,42,73.6,1.0,walk,road,1
,1308,3653,3630,46,70.7,1.0,walk,road,1
,1308,3628,3623,9,62.3,1.0,walk,road,1
,1308,3880,3878,20,65.8,1.0,walk,road,1
,1308,3878,3874,44,73.8,1.0,walk,road,1
,1308,3874,3869,44,72.2,1.0,walk,road,1
,1308,3868,3867,31,69.5,1.0,walk,road,1
,1308,3867,3866,51,68.3,1.0,walk,road,1
,1308,3866,3865,16,67.6,1.0,walk,road,1
,1308,3865,3864,14,64.7,1.0,walk,road,1
,1308,3864,3863,9,63.8,1.0,walk,road,1
,1308,3863,3862,18,67.7,1.0,walk,road,1
,1308,3705,3702,39,70.7,1.0,walk,road,1
,1308,3702,3697,54,72.1,1.0,walk,road,1
,1308,3697,3689,100,78.1,1.0,walk,road,1
,1308,3689,3685,28,72.2,1.0,walk,road,1
,1308,3685,3681,104,76.4,1.0,walk,road,1
,1308,3681,3676,21,72.8,1.0,walk,road,1
,1308,3602,3622,20,67.0,1.0,walk,road,1
,1308,3622,3681,87,74.9,1.0,walk,road,1
,1308,3681,3820,171,83.1,1.0,walk,road,1
,1308,3820,3863,52,68.7,1.0,walk,road,1
,1308,3662,3655,10,66.8,1.0,walk,road,1
,1308,3655,3580,111,73.9,1.0,walk,road,1
,1308,3580,3568,32,70.7,1.0,walk,road,1
,1308,3568,3544,37,70.2,1.0,walk,road,1
,1308,3544,3476,96,72.5,1.0,walk,road,1
,1308,3704,3700,15,66.3,1.0,walk,road,1
,1308,3700,3694,52,67.5,1.0,walk,road,1
,1308,4137,4120,25,73.6,1.0,walk,road,1
,1308,3816,3815,41,68.0,1.0,walk,road,1
,1308,3798,3816,32,72.1,1.0,walk,road,1
,1308,3816,3827,18,62.0,1.0,walk,road,1
,1308,3806,3815,22,70.7,1.0,walk,road,1
,1308,3815,3840,32,69.9,1.0,walk,road,1
,1308,3505,3515,109,78.4,1.0,walk,road,1
,1308,3515,3508,101,79.3,1.0,walk,road,1
,1308,3508,3507,32,72.1,1.0,walk,road,1
,1308,3374,3395,33,66.5,1.0,walk,road,1
,1308,3395,3410,35,69.5,1.0,walk,road,1
,1308,3410,3435,55,72.7,1.0,walk,road,1
,1308,3438,3448,40,67.2,1.0,walk,road,1
,1308,3448,3478,40,70.2,1.0,walk,road,1
,1308,3478,3502,33,68.7,1.0,walk,road,1
,1308,3795,3789,61,75.6,1.0,walk,road,1
,1308,3789,3786,13,64.4,1.0,walk,road,1
,1308,3786,3791,17,65.8,1.0,walk,road,1
,1308,3651,3650,73,80.9,1.0,walk,road,1
,1308,3650,3649,42,67.6,1.0,walk,road,1
,1308,3649,3648,69,77.1,1.0,walk,road,1
,1308,3648,3644,46,67.8,1.0,walk,road,1
,1308,3644,3642,33,67.3,1.0,walk,road,1
,1308,3641,3636,79,79.8,1.0,walk,road,1
,1308,3636,3637,34,73.2,1.0,walk,road,1
,1308,3637,3654,36,73.5,1.0,walk,road,1
,1308,3522,3599,126,79.5,1.0,walk,road,1
,1308,3599,3661,89,72.6,1.0,walk,road,1
,1308,3665,3675,11,65.8,1.0,walk,road,1
,1308,3675,3699,15,61.9,1.0,walk,road,1
,1308,3706,3858,190,79.2,1.0,walk,road,1
,1308,3858,3861,15,67.2,1.0,walk,road,1
,1308,3861,3940,97,78.4,1.0,walk,road,1
,1308,3940,4033,122,71.6,1.0,walk,road,1
,1308,4039,4096,70,78.9,1.0,walk,road,1
,1308,4096,4142,75,74.4,1.0,walk,road,1
,1308,3652,3655,120,76.1,1.0,walk,road,1
,1308,3655,3663,201,85.7,1.0,walk,road,1
,1308,3663,3664,25,70.6,1.0,walk,road,1
,1308,3664,3665,15,62.4,1.0,walk,road,1
,1308,3550,3548,18,65.5,1.0,walk,road,1
,1308,3548,3546,9,66.5,1.0,walk,road,1
,1308,3508,3531,28,66.4,1.0,walk,road,1
,1308,3531,3550,27,67.1,1.0,walk,road,1
,1308,3550,3571,42,73.1,1.0,walk,road,1
,1308,3571,3570,9,65.8,1.0,walk,road,1
,1308,3538,3548,14,60.8,1.0,walk,road,1
,1308,3548,3571,37,70.7,1.0,walk,road,1
,1308,3571,3605,58,71.1,1.0,walk,road,1
,1308,4176,4178,14,65.7,1.0,walk,road,1
,1308,4178,4179,26,68.6,1.0,walk,road,1
,1308,4179,4180,72,80.1,1.0,walk,road,1
,1308,4180,4185,221,77.2,1.0,walk,road,1
,1308,4185,4189,37,72.5,1.0,walk,road,1
,1308,4189,4191,273,76.1,1.0,walk,road,1
,1308,4191,4194,212,84.2,1.0,walk,road,1
,1308,4194,4193,69,78.2,1.0,walk,road,1
,1308,4193,4197,315,80.0,1.0,walk,road,1
,1308,4197,4196,9,60.2,1.0,walk,road,1
,1308,4188,4180,13,65.6,1.0,walk,road,1
,1308,4175,4167,23,69.8,1.0,walk,road,1
,1308,4179,4184,10,61.6,1.0,walk,road,1
,1308,4183,4173,21,69.8,1.0,walk,road,1
,1308,4171,4168,18,67.4,1.0,walk,road,1
,1308,4168,4148,60,66.7,1.0,walk,road,1
,1308,4067,4137,105,80.1,1.0,walk,road,1
,1308,4137,4182,108,72.6,1.0,walk,road,1
,1308,4182,4180,188,78.3,1.0,walk,road,1
,1308,4180,4174,71,78.5,1.0,walk,road,1
,1308,4174,4173,41,67.2,1.0,walk,road,1
,1308,4097,4089,25,68.9,1.0,walk,road,1
,1308,4089,4088,13,65.6,1.0,walk,road,1
,1308,4088,4085,65,72.8,1.0,walk,road,1
,1308,4085,4084,19,66.4,1.0,walk,road,1
,1308,4084,4081,34,67.7,1.0,walk,road,1
,1308,4005,4002,84,76.0,1.0,walk,road,1
,1308,3675,3674,11,65.2,1.0,walk,road,1
,1308,3615,3612,70,74.3,1.0,walk,road,1
,1308,3612,3609,52,69.0,1.0,walk,road,1
,1308,3608,3602,100,78.6,1.0,walk,road,1
,1308,3602,3600,18,62.8,1.0,walk,road,1
,1308,3599,3596,14,61.4,1.0,walk,road,1
,1308,3551,3444,157,78.0,1.0,walk,road,1
,1308,4112,4111,44,67.3,1.0,walk,road,1
,1308,4111,4110,46,70.2,1.0,walk,road,1
,1308,4110,4108,49,70.1,1.0,walk,road,1
,1308,4108,4107,10,62.9,1.0,walk,road,1
,1308,4107,4106,12,60.8,1.0,walk,road,1
,1308,4106,4105,32,69.9,1.0,walk,road,1
,1308,4105,4104,47,67.1,1.0,walk,road,1
,1308,4104,4103,36,67.6,1.0,walk,road,1
,1308,4103,4101,44,68.5,1.0,walk,road,1
,1308,4101,4098,85,79.7,1.0,walk,road,1
,1308,4098,4090,57,69.0,1.0,walk,road,1
,1308,4101,4049,59,68.9,1.0,walk,road,1
,1308,4049,4017,48,67.7,1.0,walk,road,1
,1308,4017,3968,53,68.9,1.0,walk,road,1
,1308,3968,3946,34,73.2,1.0,walk,road,1
,1308,4049,4052,50,72.3,1.0,walk,road,1
,1308,4052,4055,29,69.2,1.0,walk,road,1
,1308,4055,4059,49,71.3,1.0,walk,road,1
,1308,4059,4062,36,72.2,1.0,walk,road,1
,1308,4062,4058,12,63.0,1.0,walk,road,1
,1308,4058,4057,16,65.6,1.0,walk,road,1
,1308,4057,4063,34,67.4,1.0,walk,road,1
,1308,4063,4064,48,70.6,1.0,walk,road,1
,1308,4064,4066,66,80.9,1.0,walk,road,1
,1308,4066,4075,84,72.6,1.0,walk,road,1
,1308,4066,4044,27,66.9,1.0,walk,road,1
,1308,4044,4030,15,61.3,1.0,walk,road,1
,1308,4030,4002,36,70.0,1.0,walk,road,1
,1308,4002,3993,11,62.3,1.0,walk,road,1
,1308,3993,3987,11,61.3,1.0,walk,road,1
,1308,3987,3960,29,66.5,1.0,walk,road,1
,1308,3960,3936,37,74.0,1.0,walk,road,1
,1308,3934,3913,18,61.5,1.0,walk,road,1
,1308,3913,3889,32,73.6,1.0,walk,road,1
,1308,3889,3881,19,61.3,1.0,walk,road,1
,1308,3881,3830,57,71.1,1.0,walk,road,1
,1308,3830,3803,47,70.6,1.0,walk,road,1
,1308,3803,3777,21,73.7,1.0,walk,road,1
,1308,3774,3741,42,67.8,1.0,walk,road,1
,1308,3741,3708,49,68.2,1.0,walk,road,1
,1308,3695,3672,15,63.0,1.0,walk,road,1
,1308,3672,3651,34,70.6,1.0,walk,road,1
,1308,3541,3542,66,78.4,1.0,walk,road,1
,1308,3542,3545,12,63.8,1.0,walk,road,1
,1308,3545,3560,17,64.4,1.0,walk,road,1
,1308,3560,3561,65,78.1,1.0,walk,road,1
,1308,3494,3504,17,63.2,1.0,walk,road,1
,1308,3504,3509,8,67.5,1.0,walk,road,1
,1308,3509,3559,66,73.4,1.0,walk,road,1
,1308,3559,3613,91,72.7,1.0,walk,road,1
,1308,3490,3491,8,67.4,1.0,walk,road,1
,1308,3513,3512,72,76.0,1.0,walk,road,1
,1308,3512,3496,29,70.4,1.0,walk,road,1
,1308,3496,3467,37,73.8,1.0,walk,road,1
,1308,3488,3498,9,64.9,1.0,walk,road,1
,1308,3498,3496,20,61.7,1.0,walk,road,1
,1308,3488,3495,58,69.3,1.0,walk,road,1
,1308,3420,3459,101,72.0,1.0,walk,road,1
,1308,3464,3497,40,67.4,1.0,walk,road,1
,1308,3497,3527,47,71.1,1.0,walk,road,1
,1308,3527,3579,93,75.9,1.0,walk,road,1
,1308,3579,3621,52,67.3,1.0,walk,road,1
,1308,3621,3646,50,71.6,1.0,walk,road,1
,1308,3646,3651,11,64.8,1.0,walk,road,1
,1308,3512,3520,13,63.7,1.0,walk,road,1
,1308,3524,3534,10,61.9,1.0,walk,road,1
,1308,3534,3527,29,73.1,1.0,walk,road,1
,1308,3534,3542,10,60.1,1.0,walk,road,1
,1308,3560,3579,72,73.2,1.0,walk,road,1
,1308,3803,3801,108,72.1,1.0,walk,road,1
,1308,3801,3800,29,67.1,1.0,walk,road,1
,1308,3800,3799,39,72.0,1.0,walk,road,1
,1308,3799,3796,47,66.3,1.0,walk,road,1
,1308,3796,3797,44,73.5,1.0,walk,road,1
,1308,3986,4020,41,72.7,1.0,walk,road,1
,1308,4025,4034,15,67.6,1.0,walk,road,1
,1308,4034,4064,33,66.2,1.0,walk,road,1
,1308,4064,4111,59,69.0,1.0,walk,road,1
,1308,3977,3990,17,62.9,1.0,walk,road,1
,1308,3990,3999,13,65.8,1.0,walk,road,1
,1308,3999,4024,27,69.8,1.0,walk,road,1
,1308,4024,4069,55,70.8,1.0,walk,road,1
,1308,4069,4082,27,72.9,1.0,walk,road,1
,1308,4082,4107,25,72.5,1.0,walk,road,1
,1308,3987,3986,62,71.7,1.0,walk,road,1
,1308,3986,3983,22,66.5,1.0,walk,road,1
,1308,3981,3977,76,80.8,1.0,walk,road,1
,1308,3978,3979,34,71.8,1.0,walk,road,1
,1308,3979,3973,74,79.0,1.0,walk,road,1
,1308,3973,3968,53,73.0,1.0,walk,road,1
,1308,4106,4134,48,66.8,1.0,walk,road,1
,1308,4134,4157,41,68.1,1.0,walk,road,1
,1308,4104,4121,34,71.8,1.0,walk,road,1
,1308,4121,4138,25,71.2,1.0,walk,road,1
,1308,4138,4153,26,67.7,1.0,walk,road,1
,1308,3927,3924,42,66.9,1.0,walk,road,1
,1308,3924,3922,66,78.1,1.0,walk,road,1
,1308,3880,3922,59,68.2,1.0,walk,road,1
,1308,3922,3975,72,75.5,1.0,walk,road,1
,1308,3916,3938,22,69.2,1.0,walk,road,1
,1308,3938,3953,28,70.7,1.0,walk,road,1
,1308,3953,3970,21,73.9,1.0,walk,road,1
,1308,3938,3912,77,73.3,1.0,walk,road,1
,1308,3975,3970,70,72.7,1.0,walk,road,1
,1308,3970,3969,9,60.8,1.0,walk,road,1
,1308,3969,3967,48,68.2,1.0,walk,road,1
,1308,3967,3966,17,63.6,1.0,walk,road,1
,1308,3473,3463,55,69.7,1.0,walk,road,1
,1308,3463,3458,48,72.2,1.0,walk,road,1
,1308,3458,3452,54,68.6,1.0,walk,road,1
,1308,3370,3399,72,74.5,1.0,walk,road,1
,1308,3399,3463,161,81.2,1.0,walk,road,1
,1308,3472,3528,79,80.2,1.0,walk,road,1
,1308,3536,3539,81,79.7,1.0,walk,road,1
,1308,3533,3552,64,72.3,1.0,walk,road,1
,1308,3552,3572,46,68.1,1.0,walk,road,1
,1308,3572,3578,24,74.0,1.0,walk,road,1
,1308,3578,3582,66,80.8,1.0,walk,road,1
,1308,3582,3555,59,70.9,1.0,walk,road,1
,1308,3555,3523,96,73.1,1.0,walk,road,1
,1308,3523,3489,88,73.3,1.0,walk,road,1
,1308,3428,3429,9,60.5,1.0,walk,road,1
,1308,3429,3431,11,62.0,1.0,walk,road,1
,1308,3431,3440,158,82.6,1.0,walk,road,1
,1308,3440,3451,33,72.2,1.0,walk,road,1
,1308,3451,3456,34,71.7,1.0,walk,road,1
,1308,3453,3455,68,75.6,1.0,walk,road,1
,1308,3455,3457,80,72.4,1.0,walk,road,1
,1308,3457,3459,25,69.3,1.0,walk,road,1
,1308,3708,3713,29,68.0,1.0,walk,road,1
,1308,3713,3742,51,66.2,1.0,walk,road,1
,1308,3742,3741,36,73.8,1.0,walk,road,1
,1308,3778,3780,55,70.1,1.0,walk,road,1
,1308,3780,3781,12,62.5,1.0,walk,road,1
,1308,3781,3786,30,66.3,1.0,walk,road,1
,1308,3650,3773,146,80.5,1.0,walk,road,1
,1308,3773,3774,58,66.1,1.0,walk,road,1
,1308,3821,3829,87,80.6,1.0,walk,road,1
,1308,3829,3825,67,75.2,1.0,walk,road,1
,1308,3825,3830,105,80.6,1.0,walk,road,1
,1308,3814,3813,42,73.0,1.0,walk,road,1
,1308,3813,3812,30,66.7,1.0,walk,road,1
,1308,3812,3811,37,72.9,1.0,walk,road,1
,1308,3811,3810,26,69.7,1.0,walk,road,1
,1308,3855,3851,59,71.3,1.0,walk,road,1
,1308,3851,3847,25,69.8,1.0,walk,road,1
,1308,3846,3845,77,80.9,1.0,walk,road,1
,1308,3845,3839,138,76.1,1.0,walk,road,1
,1308,3845,3879,36,66.1,1.0,walk,road,1
,1308,3882,3925,60,69.4,1.0,walk,road,1
,1308,3925,3918,16,65.0,1.0,walk,road,1
,1308,3918,3893,41,72.1,1.0,walk,road,1
,1308,3893,3892,27,69.9,1.0,walk,road,1
,1308,3892,3894,12,67.1,1.0,walk,road,1
,1308,3894,3900,14,61.5,1.0,walk,road,1
,1308,3900,3899,37,68.2,1.0,walk,road,1
,1308,3899,3890,48,68.5,1.0,walk,road,1
,1308,3879,3896,50,73.8,1.0,walk,road,1
,1308,3901,3921,42,72.4,1.0,walk,road,1
,1308,3844,3872,34,69.0,1.0,walk,road,1
,1308,3872,3899,40,73.4,1.0,walk,road,1
,1308,3497,3471,37,67.4,1.0,walk,road,1
,1308,3471,3457,23,72.2,1.0,walk,road,1
,1308,3424,3455,85,74.0,1.0,walk,road,1
,1308,3455,3465,20,60.4,1.0,walk,road,1
,1308,3465,3475,11,62.1,1.0,walk,road,1
,1308,3475,3483,16,61.0,1.0,walk,road,1
,1308,3483,3489,21,68.8,1.0,walk,road,1
,1308,3497,3489,69,77.8,1.0,walk,road,1
,1308,3527,3530,42,73.8,1.0,walk,road,1
,1308,3530,3525,38,68.0,1.0,walk,road,1
,1308,3525,3516,11,62.4,1.0,walk,road,1
,1308,3516,3500,30,69.5,1.0,walk,road,1
,1308,3525,3523,71,71.3,1.0,walk,road,1
,1308,3649,3620,48,67.6,1.0,walk,road,1
,1308,3620,3589,30,67.5,1.0,walk,road,1
,1308,3525,3589,113,80.3,1.0,walk,road,1
,1308,3648,3617,47,69.6,1.0,walk,road,1
,1308,3617,3590,29,71.4,1.0,walk,road,1
,1308,3579,3585,24,72.8,1.0,walk,road,1
,1308,3585,3589,45,72.6,1.0,walk,road,1
,1308,3589,3590,69,74.4,1.0,walk,road,1
,1308,3590,3592,37,71.9,1.0,walk,road,1
,1308,3592,3598,163,78.3,1.0,walk,road,1
,1308,3598,3593,108,76.9,1.0,walk,road,1
,1308,3590,3573,46,69.7,1.0,walk,road,1
,1308,3525,3590,136,77.1,1.0,walk,road,1
,1308,3649,3669,35,68.1,1.0,walk,road,1
,1308,3682,3729,47,69.8,1.0,walk,road,1
,1308,3729,3753,37,68.5,1.0,walk,road,1
,1308,3753,3767,15,60.7,1.0,walk,road,1
,1308,3767,3801,31,71.0,1.0,walk,road,1
,1308,3801,3825,44,67.5,1.0,walk,road,1
,1308,3648,3668,35,69.6,1.0,walk,road,1
,1308,3668,3680,8,62.2,1.0,walk,road,1
,1308,3680,3727,46,72.6,1.0,walk,road,1
,1308,3727,3759,45,69.1,1.0,walk,road,1
,1308,3759,3766,8,66.9,1.0,walk,road,1
,1308,3766,3799,30,73.7,1.0,walk,road,1
,1308,3799,3829,50,68.6,1.0,walk,road,1
,1308,3784,3776,110,71.5,1.0,walk,road,1
,1308,3654,3658,20,60.5,1.0,walk,road,1
,1308,3658,3656,37,67.0,1.0,walk,road,1
,1308,3656,3659,8,64.9,1.0,walk,road,1
,1308,3659,3653,47,72.5,1.0,walk,road,1
,1308,3768,3740,42,68.2,1.0,walk,road,1
,1308,3740,3739,19,64.9,1.0,walk,road,1
,1308,3739,3738,36,66.8,1.0,walk,road,1
,1308,3738,3736,54,72.4,1.0,walk,road,1
,1308,3658,3705,41,71.5,1.0,walk,road,1
,1308,3705,3739,48,68.3,1.0,walk,road,1
,1308,3453,3475,76,79.1,1.0,walk,road,1
,1308,3807,3808,78,78.7,1.0,walk,road,1
,1308,3808,3809,48,71.3,1.0,walk,road,1
,1308,3779,3783,79,77.6,1.0,walk,road,1
,1308,3783,3788,46,72.5,1.0,walk,road,1
,1308,3745,3747,79,71.8,1.0,walk,road,1
,1308,3747,3748,46,68.3,1.0,walk,road,1
,1308,3724,3725,78,76.6,1.0,walk,road,1
,1308,3692,3724,32,70.2,1.0,walk,road,1
,1308,3724,3745,34,68.3,1.0,walk,road,1
,1308,3745,3779,40,71.3,1.0,walk,road,1
,1308,3698,3725,31,70.6,1.0,walk,road,1
,1308,3725,3747,34,67.6,1.0,walk,road,1
,1308,3747,3783,40,72.4,1.0,walk,road,1
,1308,3779,3807,34,72.6,1.0,walk,road,1
,1308,3783,3808,35,71.6,1.0,walk,road,1
,1308,3839,3838,48,72.2,1.0,walk,road,1
,1308,3569,3568,80,75.3,1.0,walk,road,1
,1308,3580,3584,113,78.8,1.0,walk,road,1
,1308,3584,3587,76,77.1,1.0,walk,road,1
,1308,3587,3553,68,79.6,1.0,walk,road,1
,1308,3553,3549,69,73.4,1.0,walk,road,1
,1308,3554,3566,22,73.0,1.0,walk,road,1
,1308,3566,3584,42,66.9,1.0,walk,road,1
,1308,3657,3652,9,64.6,1.0,walk,road,1
,1308,3652,3543,179,79.4,1.0,walk,road,1
,1308,4170,4167,83,77.7,1.0,walk,road,1
,1308,4167,4169,79,76.1,1.0,walk,road,1
,1308,4169,4160,33,70.5,1.0,walk,road,1
,1308,4160,4149,27,66.4,1.0,walk,road,1
,1308,4149,4119,42,71.2,1.0,walk,road,1
,1308,4119,4123,50,71.7,1.0,walk,road,1
,1308,4123,4126,24,68.2,1.0,walk,road,1
,1308,4126,4129,17,63.5,1.0,walk,road,1
,1308,4129,4131,24,68.5,1.0,walk,road,1
,1308,4131,4140,50,71.9,1.0,walk,road,1
,1308,4140,4155,19,60.7,1.0,walk,road,1
,1308,4155,4165,30,73.7,1.0,walk,road,1
,1308,4165,4170,26,71.3,1.0,walk,road,1
,1308,4129,4152,40,68.8,1.0,walk,road,1
,1308,4152,4164,26,73.5,1.0,walk,road,1
,1308,4164,4167,30,71.2,1.0,walk,road,1
,1308,4155,4152,71,73.1,1.0,walk,road,1
,1308,4152,4150,16,65.8,1.0,walk,road,1
,1308,4150,4149,76,79.0,1.0,walk,road,1
,1308,4149,4148,31,73.3,1.0,walk,road,1
,1308,4165,4164,70,71.9,1.0,walk,road,1
,1308,4164,4162,16,67.7,1.0,walk,road,1
,1308,4162,4160,76,80.1,1.0,walk,road,1
,1308,4167,4162,28,67.3,1.0,walk,road,1
,1308,4162,4150,26,72.7,1.0,walk,road,1
,1308,4150,4126,40,66.3,1.0,walk,road,1
,1308,3361,3384,73,76.2,1.0,walk,road,1
,1308,3384,3385,59,66.3,1.0,walk,road,1
,1308,3385,3389,58,71.2,1.0,walk,road,1
,1308,3391,3367,70,74.2,1.0,walk,road,1
,1308,3367,3364,73,79.3,1.0,walk,road,1
,1308,3364,3361,61,74.1,1.0,walk,road,1
,1308,3361,3359,34,72.5,1.0,walk,road,1
,1308,3979,4018,46,66.6,1.0,walk,road,1
,1308,4018,4059,54,71.4,1.0,walk,road,1
,1308,3904,3973,88,76.5,1.0,walk,road,1
,1308,3973,4013,47,71.3,1.0,walk,road,1
,1308,4013,4052,53,70.7,1.0,walk,road,1
,1308,4011,4016,8,60.5,1.0,walk,road,1
,1308,4016,4022,9,65.0,1.0,walk,road,1
,1308,4022,4011,11,60.2,1.0,walk,road,1
,1308,3867,3912,57,68.7,1.0,walk,road,1
,1308,3912,3935,21,72.8,1.0,walk,road,1
,1308,3935,3954,37,73.1,1.0,walk,road,1
,1308,3954,3966,16,64.8,1.0,walk,road,1
,1308,3974,3994,23,72.5,1.0,walk,road,1
,1308,3994,4043,63,72.0,1.0,walk,road,1
,1308,4043,4077,40,73.0,1.0,walk,road,1
,1308,4077,4147,107,80.1,1.0,walk,road,1
,1308,4147,4154,12,66.8,1.0,walk,road,1
,1308,4154,4158,11,60.4,1.0,walk,road,1
,1308,4027,4006,25,70.3,1.0,walk,road,1
,1308,4006,4010,43,69.0,1.0,walk,road,1
,1308,4010,4014,69,78.3,1.0,walk,road,1
,1308,4014,4017,17,61.7,1.0,walk,road,1
,1308,3975,4007,38,73.7,1.0,walk,road,1
,1308,4007,4023,21,67.2,1.0,walk,road,1
,1308,4023,4027,42,67.2,1.0,walk,road,1
,1308,3924,4006,105,77.6,1.0,walk,road,1
,1308,3582,3592,46,73.3,1.0,walk,road,1
,1308,3578,3576,90,71.6,1.0,walk,road,1
,1308,3576,3575,62,76.5,1.0,walk,road,1
,1308,3433,3430,32,70.2,1.0,walk,road,1
,1308,3430,3506,146,72.6,1.0,walk,road,1
,1308,3440,3423,51,68.9,1.0,walk,road,1
,1308,3420,3421,29,66.5,1.0,walk,road,1
,1308,3421,3442,66,76.5,1.0,walk,road,1
,1308,3442,3466,45,66.1,1.0,walk,road,1
,1308,3460,3469,13,63.7,1.0,walk,road,1
,1308,3441,3442,28,66.3,1.0,walk,road,1
,1308,3416,3419,10,67.5,1.0,walk,road,1
,1308,3343,3338,59,68.5,1.0,walk,road,1
,1308,3338,3334,16,61.0,1.0,walk,road,1
,1308,3334,3329,97,73.9,1.0,walk,road,1
,1308,3400,3402,59,68.9,1.0,walk,road,1
,1308,3402,3404,55,73.0,1.0,walk,road,1
,1308,3404,3394,37,69.5,1.0,walk,road,1
,1308,3394,3383,54,72.7,1.0,walk,road,1
,1308,3383,3378,61,76.4,1.0,walk,road,1
,1308,3345,3348,113,77.6,1.0,walk,road,1
,1308,3394,3365,77,80.0,1.0,walk,road,1
,1308,3365,3354,29,70.3,1.0,walk,road,1
,1308,3354,3357,30,67.8,1.0,walk,road,1
,1308,3357,3356,65,72.2,1.0,walk,road,1
,1308,3405,3355,107,71.9,1.0,walk,road,1
,1308,3355,3341,82,72.6,1.0,walk,road,1
,1308,4075,4032,50,67.5,1.0,walk,road,1
,1308,4032,4005,36,71.3,1.0,walk,road,1
,1308,4005,3995,11,62.4,1.0,walk,road,1
,1308,3995,3961,43,68.7,1.0,walk,road,1
,1308,3961,3937,36,69.9,1.0,walk,road,1
,1308,3937,3886,69,75.3,1.0,walk,road,1
,1308,3886,3881,99,71.9,1.0,walk,road,1
,1308,3937,3934,91,76.2,1.0,walk,road,1
,1308,3961,3960,90,72.8,1.0,walk,road,1
,1308,3995,3993,85,78.7,1.0,walk,road,1
,1308,4032,4030,80,80.3,1.0,walk,road,1
,1308,4075,4078,9,65.3,1.0,walk,road,1
,1308,3829,3834,31,66.1,1.0,walk,road,1
,1308,3834,3833,39,73.1,1.0,walk,road,1
,1308,3833,3821,19,67.6,1.0,walk,road,1
,1308,3836,3898,87,76.9,1.0,walk,road,1
,1308,3898,3904,13,63.4,1.0,walk,road,1
,1308,3544,3543,123,77.5,1.0,walk,road,1
,1308,3678,3694,12,62.5,1.0,walk,road,1
,1308,3694,3714,9,65.5,1.0,walk,road,1
,1308,3714,3792,104,71.1,1.0,walk,road,1
,1308,3792,3790,40,68.8,1.0,walk,road,1
,1308,3790,3785,70,73.5,1.0,walk,road,1
,1308,3790,3823,51,67.1,1.0,walk,road,1
,1308,3714,3701,109,79.3,1.0,walk,road,1
,1308,3701,3698,44,71.6,1.0,walk,road,1
,1308,3698,3692,78,78.2,1.0,walk,road,1
,1308,3847,3951,133,78.7,1.0,walk,road,1
,1308,3951,3972,34,73.8,1.0,walk,road,1
,1308,3972,3976,47,67.0,1.0,walk,road,1
,1308,4009,4008,10,65.1,1.0,walk,road,1
,1308,4008,4003,71,78.1,1.0,walk,road,1
,1308,4003,4000,24,69.1,1.0,walk,road,1
,1308,4000,4054,67,76.7,1.0,walk,road,1
,1308,4054,4067,96,75.6,1.0,walk,road,1
,1308,3972,4003,37,71.9,1.0,walk,road,1
,1308,4131,4114,31,72.2,1.0,walk,road,1
,1308,4114,4088,24,70.7,1.0,walk,road,1
,1308,4123,4113,30,69.1,1.0,walk,road,1
,1308,4113,4085,26,72.8,1.0,walk,road,1
,1308,4140,4116,51,73.8,1.0,walk,road,1
,1308,4116,4115,27,68.7,1.0,walk,road,1
,1308,4115,4114,41,71.3,1.0,walk,road,1
,1308,4114,4113,65,79.4,1.0,walk,road,1
,1308,4113,4109,54,72.1,1.0,walk,road,1
,1308,4115,4102,22,70.5,1.0,walk,road,1
,1308,4097,4047,59,66.4,1.0,walk,road,1
,1308,4047,4001,60,73.9,1.0,walk,road,1
,1308,4001,3997,69,75.9,1.0,walk,road,1
,1308,3997,3992,73,79.0,1.0,walk,road,1
,1308,3992,3965,34,68.2,1.0,walk,road,1
,1308,3965,3957,11,65.3,1.0,walk,road,1
,1308,4169,4168,29,67.1,1.0,walk,road,1
,1308,4054,4047,42,68.5,1.0,walk,road,1
,1308,4047,4046,25,69.3,1.0,walk,road,1
,1308,4046,4045,46,67.5,1.0,walk,road,1
,1308,4045,4040,51,67.1,1.0,walk,road,1
,1308,4040,4037,21,71.7,1.0,walk,road,1
,1308,4037,4035,37,73.5,1.0,walk,road,1
,1308,4046,4071,28,70.1,1.0,walk,road,1
,1308,4071,4089,31,73.0,1.0,walk,road,1
,1308,4040,4065,28,66.1,1.0,walk,road,1
,1308,4065,4084,30,66.5,1.0,walk,road,1
,1308,4071,4065,97,71.2,1.0,walk,road,1
,1308,4109,4081,27,73.5,1.0,walk,road,1
,1308,4081,4037,60,73.3,1.0,walk,road,1
,1308,4037,3992,58,66.3,1.0,walk,road,1
,1308,3965,3971,91,72.4,1.0,walk,road,1
,1308,3971,3982,116,73.1,1.0,walk,road,1
,1308,3971,3997,32,69.3,1.0,walk,road,1
,1308,3997,4045,59,71.3,1.0,walk,road,1
,1308,3474,3454,38,71.2,1.0,walk,road,1
,1308,3454,3448,71,71.7,1.0,walk,road,1
,1308,3477,3468,11,67.7,1.0,walk,road,1
,1308,3468,3449,28,73.0,1.0,walk,road,1
,1308,3449,3439,38,69.1,1.0,walk,road,1
,1308,3439,3411,64,77.1,1.0,walk,road,1
,1308,3411,3397,33,66.3,1.0,walk,road,1
,1308,3397,3375,33,66.4,1.0,walk,road,1
,1308,3375,3374,78,75.5,1.0,walk,road,1
,1308,3374,3373,77,77.6,1.0,walk,road,1
,1308,3373,3372,82,78.4,1.0,walk,road,1
,1308,3397,3395,77,79.4,1.0,walk,road,1
,1308,3395,3392,82,72.9,1.0,walk,road,1
,1308,3392,3388,74,79.1,1.0,walk,road,1
,1308,3411,3410,77,75.9,1.0,walk,road,1
,1308,3410,3409,89,71.9,1.0,walk,road,1
,1308,4163,4194,88,78.5,1.0,walk,road,1
,1308,4194,4199,11,63.0,1.0,walk,road,1
,1308,3393,3452,144,79.9,1.0,walk,road,1
,1308,3452,3526,107,80.0,1.0,walk,road,1
,1308,3493,3495,24,71.1,1.0,walk,road,1
,1308,3505,3511,12,60.5,1.0,walk,road,1
,1308,3833,3850,21,68.0,1.0,walk,road,1
,1308,3850,3877,31,72.2,1.0,walk,road,1
,1308,3877,3905,48,73.5,1.0,walk,road,1
,1308,3905,3926,18,61.1,1.0,walk,road,1
,1308,3834,3875,52,68.6,1.0,walk,road,1
,1308,3875,3908,49,72.5,1.0,walk,road,1
,1308,3908,3907,15,63.9,1.0,walk,road,1
,1308,3907,3906,20,67.6,1.0,walk,road,1
,1308,3829,3876,54,66.4,1.0,walk,road,1
,1308,3876,3906,48,73.7,1.0,walk,road,1
,1308,3906,3939,34,70.4,1.0,walk,road,1
,1308,3587,3647,85,78.8,1.0,walk,road,1
,1308,3552,3555,16,60.2,1.0,walk,road,1
,1308,3616,3621,48,71.5,1.0,walk,road,1
,1308,3621,3614,66,77.4,1.0,walk,road,1
,1308,3541,3521,30,66.7,1.0,walk,road,1
,1308,3521,3547,40,67.2,1.0,walk,road,1
,1308,3547,3545,66,81.0,1.0,walk,road,1
,1308,3634,3598,47,67.5,1.0,walk,road,1
,1308,3517,3509,19,66.0,1.0,walk,road,1
,1308,3518,3517,20,62.4,1.0,walk,road,1
,1308,3922,3920,20,67.9,1.0,walk,road,1
,1308,3920,3919,15,66.6,1.0,walk,road,1
,1308,3491,3494,9,60.8,1.0,walk,road,1
,1308,3494,3493,10,64.3,1.0,walk,road,1
,1308,3492,3490,10,61.2,1.0,walk,road,1
,1308,3640,3609,51,71.5,1.0,walk,road,1
,1308,3685,3640,55,69.8,1.0,walk,road,1
,1308,3640,3643,29,72.0,1.0,walk,road,1
,1308,4159,4156,10,60.8,1.0,walk,road,1
,1308,3600,3599,15,62.9,1.0,walk,road,1
,1308,3676,3675,17,64.5,1.0,walk,road,1
,1308,3862,3861,21,69.7,1.0,walk,road,1
,1308,3861,3860,9,65.7,1.0,walk,road,1
,1308,3852,3859,112,78.4,1.0,walk,road,1
,1308,3878,3828,55,68.4,1.0,walk,road,1
,1308,3828,3805,51,71.1,1.0,walk,road,1
,1308,3828,3832,22,72.4,1.0,walk,road,1
,1308,3981,3962,22,71.0,1.0,walk,road,1
,1308,3962,3949,18,64.8,1.0,walk,road,1
,1308,3948,3887,76,76.7,1.0,walk,road,1
,1308,3887,3825,81,80.3,1.0,walk,road,1
,1308,3889,3887,88,72.8,1.0,walk,road,1
,1308,3950,3963,19,64.9,1.0,walk,road,1
,1308,3963,3986,23,73.6,1.0,walk,road,1
,1308,3963,3962,24,70.3,1.0,walk,road,1
,1308,3802,3811,36,70.4,1.0,walk,road,1
,1308,3812,3818,13,65.8,1.0,walk,road,1
,1308,3818,3831,64,75.1,1.0,walk,road,1
,1308,3447,3494,68,80.4,1.0,walk,road,1
,1308,3335,3346,66,77.9,1.0,walk,road,1
,1308,4190,4185,15,61.3,1.0,walk,road,1
,1308,4185,4120,139,71.3,1.0,walk,road,1
,1308,4120,4068,81,78.2,1.0,walk,road,1
,1308,4068,4008,73,73.7,1.0,walk,road,1
,1308,4008,3856,200,78.4,1.0,walk,road,1
,1308,3856,3704,190,80.3,1.0,walk,road,1
,1308,3704,3663,31,70.2,1.0,walk,road,1
,1308,3663,3551,184,80.8,1.0,walk,road,1
,1308,3551,3519,43,73.4,1.0,walk,road,1
,1308,4176,4187,15,61.0,1.0,walk,road,1
,1308,4186,4187,10,65.4,1.0,walk,road,1
,1308,3477,3505,96,71.1,1.0,walk,road,1
,1308,3329,3326,28,71.6,1.0,walk,road,1
,1308,3326,3324,38,67.5,1.0,walk,road,1
,1308,3386,3407,32,70.5,1.0,walk,road,1
,1308,3503,3540,52,69.1,1.0,walk,road,1
,1308,3540,3563,31,73.6,1.0,walk,road,1
,1308,3563,3577,41,72.0,1.0,walk,road,1
,1308,3581,3586,12,63.7,1.0,walk,road,1
,1308,3540,3537,41,68.4,1.0,walk,road,1
,1308,3537,3535,29,71.6,1.0,walk,road,1
,1308,3913,3950,75,71.8,1.0,walk,road,1
,1308,3950,3949,24,72.9,1.0,walk,road,1
,1308,3784,3768,31,69.0,1.0,walk,road,1
,1308,3768,3770,31,68.0,1.0,walk,road,1
,1308,3764,3771,32,72.1,1.0,walk,road,1
,1308,3771,3772,42,70.3,1.0,walk,road,1
,1308,4011,3998,13,65.2,1.0,walk,road,1
,1308,4022,4013,39,67.7,1.0,walk,road,1
,1308,3716,3671,25,67.5,1.0,walk,road,1
,1308,3671,3673,11,62.4,1.0,walk,road,1
,1308,3671,3666,18,65.4,1.0,walk,road,1
,1308,3683,3684,11,65.6,1.0,walk,road,1
,1308,3684,3666,12,66.5,1.0,walk,road,1
,1308,3719,3716,10,66.6,1.0,walk,road,1
,1308,3716,3720,28,70.6,1.0,walk,road,1
,1308,3757,3743,19,66.4,1.0,walk,road,1
,1308,3743,3720,43,72.0,1.0,walk,road,1
,1308,3720,3712,8,63.7,1.0,walk,road,1
,1308,3712,3693,8,66.6,1.0,walk,road,1
,1308,3693,3683,10,62.3,1.0,walk,road,1
,1308,3683,3680,8,67.2,1.0,walk,road,1
,1308,3753,3761,10,64.9,1.0,walk,road,1
,1308,3761,3767,10,63.0,1.0,walk,road,1
,1308,3767,3775,33,71.1,1.0,walk,road,1
,1308,3775,3758,32,72.8,1.0,walk,road,1
,1308,3753,3746,20,60.1,1.0,walk,road,1
,1308,3682,3673,14,64.4,1.0,walk,road,1
,1308,3673,3691,12,67.5,1.0,walk,road,1
,1308,3691,3719,20,65.7,1.0,walk,road,1
,1308,3719,3746,48,69.2,1.0,walk,road,1
,1308,3746,3757,39,73.4,1.0,walk,road,1
,1308,3758,3759,9,67.6,1.0,walk,road,1
,1308,3772,3755,21,71.7,1.0,walk,road,1
,1308,4018,4016,32,71.4,1.0,walk,road,1
,1308,3923,3902,28,70.2,1.0,walk,road,1
,1308,3902,3891,14,65.4,1.0,walk,road,1
,1308,3891,3885,40,67.9,1.0,walk,road,1
,1308,4151,4153,78,71.2,1.0,walk,road,1
,1308,3572,3567,11,63.5,1.0,walk,road,1
,1308,3433,3431,19,62.9,1.0,walk,road,1
,1308,3709,3707,11,60.8,1.0,walk,road,1
,1308,3711,3715,27,69.8,1.0,walk,road,1
,1308,3715,3686,14,62.8,1.0,walk,road,1
,1308,3686,3645,52,68.8,1.0,walk,road,1
,1308,3645,3636,33,66.5,1.0,walk,road,1
,1308,3715,3723,13,63.4,1.0,walk,road,1
,1308,3723,3760,59,67.8,1.0,walk,road,1
,1308,3760,3764,32,68.1,1.0,walk,road,1
,1308,3772,3797,23,70.9,1.0,walk,road,1
,1308,3797,3814,30,70.9,1.0,walk,road,1
,1308,3814,3821,16,60.3,1.0,walk,road,1
,1308,3644,3690,53,70.6,1.0,walk,road,1
,1308,3690,3735,49,71.4,1.0,walk,road,1
,1308,3735,3756,29,67.2,1.0,walk,road,1
,1308,3756,3796,43,67.7,1.0,walk,road,1
,1308,3403,3352,116,71.9,1.0,walk,road,1
,1308,3352,3340,73,72.3,1.0,walk,road,1
,1308,3340,3320,174,80.2,1.0,walk,road,1
,1308,3399,3403,59,70.3,1.0,walk,road,1
,1308,3403,3405,21,74.0,1.0,walk,road,1
,1308,3405,3407,60,72.4,1.0,walk,road,1
,1308,3407,3414,81,78.8,1.0,walk,road,1
,1308,3631,3628,78,77.5,1.0,walk,road,1
,1308,3611,3613,17,62.3,1.0,walk,road,1
,1308,3613,3627,41,66.0,1.0,walk,road,1
,1308,3635,3651,67,71.3,1.0,walk,road,1
,1308,3485,3503,93,71.8,1.0,walk,road,1
,1308,3503,3506,14,65.4,1.0,walk,road,1
,1308,3506,3536,54,73.9,1.0,walk,road,1
,1308,3471,3470,47,66.2,1.0,walk,road,1
,1308,3470,3489,35,68.0,1.0,walk,road,1
,1308,3342,3336,41,70.0,1.0,walk,road,1
,1308,3930,3932,21,68.1,1.0,walk,road,1
,1308,3932,3946,23,66.3,1.0,walk,road,1
,1308,3946,3930,31,74.0,1.0,walk,road,1
,1308,4101,4151,85,72.4,1.0,walk,road,1
,1308,3934,3931,11,60.9,1.0,walk,road,1
,1308,3945,3944,37,68.9,1.0,walk,road,1
,1308,3944,3943,22,70.6,1.0,walk,road,1
,1308,3943,3926,25,66.0,1.0,walk,road,1
,1308,3908,3944,39,67.8,1.0,walk,road,1
,1308,3742,3744,25,71.9,1.0,walk,road,1
,1308,3744,3737,11,63.4,1.0,walk,road,1
,1308,3744,3750,9,64.8,1.0,walk,road,1
,1308,3750,3780,33,73.6,1.0,walk,road,1
,1308,3750,3754,57,68.2,1.0,walk,road,1
,1308,3945,3977,46,68.9,1.0,walk,road,1
,1308,3637,3634,11,65.6,1.0,walk,road,1
,1308,3634,3631,49,73.2,1.0,walk,road,1
,1308,4111,4146,64,71.0,1.0,walk,road,1
,1308,4110,4144,63,79.3,1.0,walk,road,1
,1308,4055,4104,59,73.6,1.0,walk,road,1
,1308,3357,3383,78,75.2,1.0,walk,road,1
,1308,3347,3342,25,72.3,1.0,walk,road,1
,1308,3398,3399,13,63.4,1.0,walk,road,1
,1308,3528,3529,59,71.5,1.0,walk,road,1
,1308,3622,3624,22,66.7,1.0,walk,road,1
,1308,3340,3341,18,60.1,1.0,walk,road,1
,1308,3341,3339,59,72.9,1.0,walk,road,1
,1308,3325,3328,29,73.2,1.0,walk,road,1
,1308,3328,3331,30,66.4,1.0,walk,road,1
,1308,3331,3333,38,70.2,1.0,walk,road,1
,1308,3337,3339,17,66.3,1.0,walk,road,1
,1308,3339,3347,65,76.2,1.0,walk,road,1
,1308,3347,3356,43,68.9,1.0,walk,road,1
,1308,3356,3366,16,66.6,1.0,walk,road,1
,1308,3366,3378,49,71.0,1.0,walk,road,1
,1308,3378,3408,56,71.9,1.0,walk,road,1
,1308,3422,3419,11,62.5,1.0,walk,road,1
,1308,3419,3418,11,65.9,1.0,walk,road,1
,1308,3412,3406,23,68.4,1.0,walk,road,1
,1308,3406,3401,13,60.4,1.0,walk,road,1
,1308,3401,3400,11,67.0,1.0,walk,road,1
,1308,3400,3381,19,63.6,1.0,walk,road,1
,1308,3381,3377,13,65.0,1.0,walk,road,1
,1308,3377,3353,71,74.3,1.0,walk,road,1
,1308,3353,3343,66,79.7,1.0,walk,road,1
,1308,3329,3325,144,77.7,1.0,walk,road,1
,1308,3404,3423,42,66.9,1.0,walk,road,1
,1308,3413,3420,16,66.6,1.0,walk,road,1
,1308,3717,3718,11,61.4,1.0,walk,road,1
,1308,3398,3396,49,73.5,1.0,walk,road,1
,1308,3396,3393,64,73.9,1.0,walk,road,1
,1308,3370,3368,9,65.6,1.0,walk,road,1
,1308,3368,3363,9,61.2,1.0,walk,road,1
,1308,4090,4136,65,73.5,1.0,walk,road,1
,1308,4110,4093,13,64.9,1.0,walk,road,1
,1308,4069,4070,12,65.2,1.0,walk,road,1
,1308,3531,3532,18,60.0,1.0,walk,road,1
,1308,3526,3602,123,80.7,1.0,walk,road,1
,1308,3932,3904,36,70.7,1.0,walk,road,1
,1308,3814,3826,30,73.8,1.0,walk,road,1
,1308,4082,4083,10,66.0,1.0,walk,road,1
,1308,3703,3679,16,60.7,1.0,walk,road,1
,1308,3679,3672,62,79.8,1.0,walk,road,1
,1308,3703,3710,57,68.1,1.0,walk,road,1
,1308,4076,4075,8,67.4,1.0,walk,road,1
,1308,4198,4196,29,69.8,1.0,walk,road,1
,1308,3421,3415,62,78.1,1.0,walk,road,1
,1308,3366,3362,61,79.4,1.0,walk,road,1
,1308,3362,3360,35,68.5,1.0,walk,road,1
,1308,3608,3595,8,67.1,1.0,walk,road,1
,1308,3595,3588,11,63.2,1.0,walk,road,1
,1308,3588,3564,62,73.5,1.0,walk,road,1
,1308,3588,3583,30,66.3,1.0,walk,road,1
,1308,3865,3929,79,74.7,1.0,walk,road,1
,1308,3929,3933,32,68.7,1.0,walk,road,1
,1308,3933,3935,33,70.5,1.0,walk,road,1
,1308,3933,3989,75,73.4,1.0,walk,road,1
,1308,3989,3994,30,66.3,1.0,walk,road,1
,1308,3635,3679,58,69.7,1.0,walk,road,1
,1308,3484,3450,54,71.6,1.0,walk,road,1
,1308,3537,3562,32,71.3,1.0,walk,road,1
,1308,3562,3563,41,68.6,1.0,walk,road,1
,1308,3943,3959,25,69.3,1.0,walk,road,1
,1308,3959,3955,42,66.0,1.0,walk,road,1
,1308,3629,3630,16,60.8,1.0,walk,road,1
,1308,3636,3632,18,65.4,1.0,walk,road,1
,1308,3434,3443,46,69.0,1.0,walk,road,1
,1308,3443,3446,13,61.7,1.0,walk,road,1
,1308,3449,3448,79,71.9,1.0,walk,road,1
,1308,3438,3439,78,75.5,1.0,walk,road,1
,1308,3482,3478,66,72.0,1.0,walk,road,1
,1308,3478,3468,83,80.4,1.0,walk,road,1
,1308,3373,3392,34,69.8,1.0,walk,road,1
,1308,3372,3388,34,69.9,1.0,walk,road,1
,1308,3372,3371,46,72.4,1.0,walk,road,1
,1308,3443,3445,61,73.3,1.0,walk,road,1
,1308,3454,3436,50,73.5,1.0,walk,road,1
,1308,3436,3425,60,73.4,1.0,walk,road,1
,1308,3402,3390,14,63.5,1.0,walk,road,1
,1308,3390,3380,14,60.3,1.0,walk,road,1
,1308,3380,3376,12,63.5,1.0,walk,road,1
,1308,3362,3350,34,73.0,1.0,walk,road,1
,1308,3350,3349,37,66.9,1.0,walk,road,1
,1308,3386,3387,14,60.2,1.0,walk,road,1
,1308,3360,3358,17,67.1,1.0,walk,road,1
,1308,3358,3355,9,64.8,1.0,walk,road,1
,1308,3626,3625,11,61.6,1.0,walk,road,1
,1308,3625,3614,10,62.5,1.0,walk,road,1
,1308,3619,3620,9,64.9,1.0,walk,road,1
,1308,3620,3618,27,67.1,1.0,walk,road,1
,1308,3618,3617,43,70.4,1.0,walk,road,1
,1308,3458,3396,153,77.7,1.0,walk,road,1
,1308,3908,3905,36,70.3,1.0,walk,road,1
,1308,4043,4042,89,80.9,1.0,walk,road,1
,1308,4041,4039,25,71.7,1.0,walk,road,1
,1308,4042,4061,22,71.0,1.0,walk,road,1
,1308,4061,4094,48,67.0,1.0,walk,road,1
,1308,4100,4145,84,76.6,1.0,walk,road,1
,1308,4145,4147,46,72.2,1.0,walk,road,1
,1308,4136,4135,21,72.7,1.0,walk,road,1
,1308,3906,3909,42,69.4,1.0,walk,road,1
,1308,4051,4053,43,67.8,1.0,walk,road,1
,1308,4053,4036,24,72.5,1.0,walk,road,1
,1308,4053,4079,26,67.4,1.0,walk,road,1
,1308,4053,4056,10,65.7,1.0,walk,road,1
,1308,3535,3597,107,76.5,1.0,walk,road,1
,1308,3606,3607,57,70.3,1.0,walk,road,1
,1308,3529,3594,117,71.3,1.0,walk,road,1
,1308,3601,3595,54,71.2,1.0,walk,road,1
,1308,3595,3591,84,73.3,1.0,walk,road,1
,1308,3591,3556,80,78.3,1.0,walk,road,1
,1308,4007,4028,23,66.7,1.0,walk,road,1
,1308,4135,4132,118,73.7,1.0,walk,road,1
,1308,4073,4072,11,65.6,1.0,walk,road,1
,1308,4039,4038,9,66.8,1.0,walk,road,1
,1308,3928,3911,24,71.9,1.0,walk,road,1
,1308,3911,3891,23,69.2,1.0,walk,road,1
,1308,3911,3902,21,68.3,1.0,walk,road,1
,1308,3891,3888,17,60.9,1.0,walk,road,1
,1308,4063,4048,8,60.4,1.0,walk,road,1
,1308,4122,4121,55,66.9,1.0,walk,road,1
,1308,4121,4118,47,73.4,1.0,walk,road,1
,1308,4118,4138,52,69.9,1.0,walk,road,1
,1308,4139,4133,49,66.9,1.0,walk,road,1
,1308,4133,4122,14,63.1,1.0,walk,road,1
,1308,4151,4143,37,72.1,1.0,walk,road,1
,1308,3953,3956,52,72.5,1.0,walk,road,1
,1308,3956,3920,50,67.2,1.0,walk,road,1
,1308,3917,3878,56,69.4,1.0,walk,road,1
,1308,3974,3984,17,61.2,1.0,walk,road,1
,1308,3984,3988,9,68.0,1.0,walk,road,1
,1308,3446,3461,35,69.2,1.0,walk,road,1
,1308,3461,3480,27,67.9,1.0,walk,road,1
,1308,3392,3409,34,72.7,1.0,walk,road,1
,1308,3409,3425,37,72.4,1.0,walk,road,1
,1308,3425,3427,11,65.6,1.0,walk,road,1
,1308,3427,3432,11,68.0,1.0,walk,road,1
,1308,3733,3732,20,60.4,1.0,walk,road,1
,1308,3689,3728,40,73.2,1.0,walk,road,1
,1308,3738,3731,13,64.8,1.0,walk,road,1
,1308,3722,3702,16,62.6,1.0,walk,road,1
,1308,3656,3639,24,69.0,1.0,walk,road,1
,1308,3752,3756,38,70.6,1.0,walk,road,1
,1308,4004,3996,9,67.4,1.0,walk,road,1
,1308,3996,3991,10,68.0,1.0,walk,road,1
,1308,3991,3990,8,65.8,1.0,walk,road,1
,1308,3999,4004,11,60.1,1.0,walk,road,1
,1308,4026,4004,23,70.2,1.0,walk,road,1
,1308,3999,4031,40,68.3,1.0,walk,road,1
,1308,4093,4095,20,61.7,1.0,walk,road,1
,1308,4093,4099,21,70.4,1.0,walk,road,1
,1308,4020,4021,12,63.3,1.0,walk,road,1
,1308,3996,3985,18,67.0,1.0,walk,road,1
,1308,4024,4058,42,67.2,1.0,walk,road,1
,1308,4091,4083,12,60.1,1.0,walk,road,1
,1308,4083,4069,25,73.2,1.0,walk,road,1
,1308,3717,3723,16,60.4,1.0,walk,road,1
,1308,3717,3686,17,62.7,1.0,walk,road,1
,1308,4078,4080,43,67.0,1.0,walk,road,1
,1308,4080,4124,64,73.3,1.0,walk,road,1
,1308,3486,3487,11,65.9,1.0,walk,road,1
,1308,3487,3499,17,67.4,1.0,walk,road,1
,1308,3501,3492,16,60.2,1.0,walk,road,1
,1308,3969,3964,9,65.6,1.0,walk,road,1
,1308,3967,3958,15,63.5,1.0,walk,road,1
,1308,3910,3898,24,68.6,1.0,walk,road,1
,1308,3868,3883,12,65.6,1.0,walk,road,1
,1308,3874,3884,9,62.8,1.0,walk,road,1
,1308,3914,3915,8,63.7,1.0,walk,road,1
,1308,3866,3835,42,71.9,1.0,walk,road,1
,1308,3702,3677,16,60.6,1.0,walk,road,1
,1308,3770,3787,17,60.0,1.0,walk,road,1
,1308,3771,3794,21,73.0,1.0,walk,road,1
,1308,4069,4058,12,61.8,1.0,walk,road,1
,1308,4095,4092,27,71.9,1.0,walk,road,1
,1308,4091,4108,12,65.0,1.0,walk,road,1
,1308,4127,4128,34,66.7,1.0,walk,road,1
,1308,4128,4130,21,72.9,1.0,walk,road,1
,1308,4128,4117,19,67.5,1.0,walk,road,1
,1308,4128,4141,25,69.5,1.0,walk,road,1
,1308,4143,4141,18,62.2,1.0,walk,road,1
,1308,3703,3713,32,69.5,1.0,walk,road,1
,1308,3721,3703,12,64.5,1.0,walk,road,1
,1308,3710,3754,66,76.0,1.0,walk,road,1
,1308,3754,3789,37,68.2,1.0,walk,road,1
,1308,3864,3929,80,73.9,1.0,walk,road,1
,1308,3915,3917,15,67.8,1.0,walk,road,1
,1308,3958,3954,12,60.6,1.0,walk,road,1
,1308,4177,4172,152,85.2,1.0,walk,road,1
,1308,4177,4181,68,76.1,1.0,walk,road,1
,1308,4181,4166,41,71.5,1.0,walk,road,1
,1308,4024,4004,23,73.7,1.0,walk,road,1
,1308,4004,3991,16,61.1,1.0,walk,road,1
,1308,3991,3985,11,66.7,1.0,walk,road,1
,1308,3985,3977,14,61.2,1.0,walk,road,1
,1308,3980,3973,66,71.8,1.0,walk,road,1
,1308,3579,3574,13,64.5,1.0,walk,road,1
,1308,3574,3530,78,79.0,1.0,walk,road,1
,1308,3574,3585,24,73.0,1.0,walk,road,1
,1308,3475,3479,18,67.3,1.0,walk,road,1
,1308,3481,3456,68,78.6,1.0,walk,road,1
,1308,3642,3633,19,66.4,1.0,walk,road,1
,1308,3641,3660,29,73.0,1.0,walk,road,1
,1308,4105,4087,15,66.9,1.0,walk,road,1
,1308,4103,4086,15,65.0,1.0,walk,road,1
,1308,3328,3327,43,66.3,1.0,walk,road,1
,1308,3328,3323,41,71.9,1.0,walk,road,1
,1308,3323,3321,23,71.0,1.0,walk,road,1
,1308,3323,3322,46,67.6,1.0,walk,road,1
,1308,3331,3330,48,70.6,1.0,walk,road,1
,1308,3333,3332,41,67.2,1.0,walk,road,1
,1308,3352,3351,43,73.2,1.0,walk,road,1
,1308,3351,3369,38,67.5,1.0,walk,road,1
,1308,3379,3364,57,73.0,1.0,walk,road,1
,1308,3610,3616,10,60.4,1.0,walk,road,1
,1308,3616,3638,45,70.9,1.0,walk,road,1
,1308,3603,3610,10,61.5,1.0,walk,road,1
,1308,3382,3379,8,63.1,1.0,walk,road,1
,1308,3604,3612,15,64.3,1.0,walk,road,1
,1308,3399,3389,12,60.0,1.0,walk,road,1
,1308,3738,3751,21,71.9,1.0,walk,road,1
,1308,3343,3344,16,62.1,1.0,walk,road,1
,1308,3576,3565,56,69.1,1.0,walk,road,1
,1308,4096,4100,34,71.2,1.0,walk,road,1
,1308,4192,4193,33,70.1,1.0,walk,road,1
,1308,3735,3734,19,64.5,1.0,walk,road,1
,1308,3690,3687,26,66.2,1.0,walk,road,1
,1308,3782,3763,22,71.4,1.0,walk,road,1
,1308,3763,3749,16,66.6,1.0,walk,road,1
,1308,3763,3762,32,67.3,1.0,walk,road,1
,1308,3862,3858,22,72.8,1.0,walk,road,1
,1308,3853,3827,25,69.1,1.0,walk,road,1
,1308,3827,3798,50,72.8,1.0,walk,road,1
,1308,3798,3782,13,63.5,1.0,walk,road,1
,1308,3782,3749,37,68.0,1.0,walk,road,1
,1308,3749,3696,67,71.7,1.0,walk,road,1
,1308,3688,3676,12,63.2,1.0,walk,road,1
,1308,3696,3699,8,66.6,1.0,walk,road,1
,1308,3699,3704,33,71.8,1.0,walk,road,1
,1308,3942,3940,23,67.0,1.0,walk,road,1
,1308,4022,4029,13,61.4,1.0,walk,road,1
,1308,3820,3822,30,70.2,1.0,walk,road,1
,1308,3818,3819,10,63.3,1.0,walk,road,1
,1308,3804,3813,24,69.4,1.0,walk,road,1
,1308,3794,3804,9,64.3,1.0,walk,road,1
,1308,3930,3941,16,60.3,1.0,walk,road,1
,1308,4061,4060,10,63.3,1.0,walk,road,1
,1308,4077,4074,20,66.2,1.0,walk,road,1
,1308,4051,4050,20,63.5,1.0,walk,road,1
,1308,4127,4125,22,69.8,1.0,walk,road,1
,1308,4133,4134,25,71.9,1.0,walk,road,1
,1308,4146,4144,56,72.4,1.0,walk,road,1
,1308,4018,4019,16,63.4,1.0,walk,road,1
,1308,4034,4044,65,75.8,1.0,walk,road,1
,1308,3558,3557,52,68.9,1.0,walk,road,1
,1308,3559,3558,10,60.3,1.0,walk,road,1
,1308,4017,4015,9,67.5,1.0,walk,road,1
,1308,3837,3854,20,61.0,1.0,walk,road,1
,1308,3669,3670,28,66.3,1.0,walk,road,1
,1308,3729,3730,28,66.5,1.0,walk,road,1
,1308,3767,3769,30,69.2,1.0,walk,road,1
,1308,3766,3765,30,68.1,1.0,walk,road,1
,1308,3727,3726,30,67.4,1.0,walk,road,1
,1308,3668,3667,30,71.6,1.0,walk,road,1
,1308,3800,3775,20,66.2,1.0,walk,road,1
,1308,3876,3875,33,66.7,1.0,walk,road,1
,1308,3875,3877,38,69.8,1.0,walk,road,1
,1308,3850,3849,18,67.0,1.0,walk,road,1
,1308,3781,3793,8,67.2,1.0,walk,road,1
,1308,3869,3854,26,68.1,1.0,walk,road,1
,1308,3837,3817,16,63.4,1.0,walk,road,1
,1308,3701,3748,64,75.9,1.0,walk,road,1
,1308,3748,3788,41,66.4,1.0,walk,road,1
,1308,3788,3809,36,73.2,1.0,walk,road,1
,1308,3809,3845,44,70.9,1.0,walk,road,1
,1308,3894,3952,68,81.0,1.0,walk,road,1
,1308,3952,3947,87,72.5,1.0,walk,road,1
,1308,3947,3925,29,68.8,1.0,walk,road,1
,1308,3947,3951,84,73.7,1.0,walk,road,1
,1308,3857,3845,82,78.2,1.0,walk,road,1
,1308,3848,3843,109,78.7,1.0,walk,road,1
,1308,3843,3842,22,71.6,1.0,walk,road,1
,1308,3843,3873,35,70.5,1.0,walk,road,1
,1308,3873,3879,111,76.2,1.0,walk,road,1
,1308,3879,3848,34,69.4,1.0,walk,road,1
,1308,3879,3921,59,68.9,1.0,walk,road,1
,1308,3872,3873,21,68.4,1.0,walk,road,1
,1308,3842,3872,35,72.0,1.0,walk,road,1
,1308,3921,3903,31,70.2,1.0,walk,road,1
,1308,3903,3893,23,73.2,1.0,walk,road,1
,1308,3894,3897,14,67.3,1.0,walk,road,1
,1308,3897,3895,31,71.8,1.0,walk,road,1
,1308,3895,3872,37,68.3,1.0,walk,road,1
,1308,3844,3870,34,70.1,1.0,walk,road,1
,1308,3871,3857,24,70.3,1.0,walk,road,1
,1308,3700,3806,122,80.6,1.0,walk,road,1
,1308,3841,3855,13,65.2,1.0,walk,road,1
,1308,3855,4008,200,80.2,1.0,walk,road,1
,1308,4012,4067,67,76.5,1.0,walk,road,1
,1308,3851,3824,28,68.9,1.0,walk,road,1
,1308,3824,3823,37,73.1,1.0,walk,road,1
,1308,3824,3792,51,70.5,1.0,walk,road,1
,1308,3576,4200,27,63.2,1.0,walk,road,1
,1308,3490,4201,3,60.2,1.0,walk,road,1
,1308,3674,4202,8,61.4,1.0,walk,road,1
,1308,3718,4203,44,64.2,1.0,walk,road,1
,1308,3633,4204,13,63.9,1.0,walk,road,1
,1308,3441,4205,42,63.3,1.0,walk,road,1
,1308,3722,4206,9,63.4,1.0,walk,road,1
,1308,3603,4207,30,63.7,1.0,walk,road,1
,1308,3888,4208,19,59.3,1.0,walk,road,1
,1308,3565,4209,28,62.3,1.0,walk,road,1
,1308,3483,4210,9,60.6,1.0,walk,road,1
,1308,3451,4211,35,64.9,1.0,walk,road,1
,1308,3451,4212,53,61.4,1.0,walk,road,1
,1308,3618,4213,8,62.0,1.0,walk,road,1
,1308,3489,4214,6,62.5,1.0,walk,road,1
,1308,3561,4215,23,61.2,1.0,walk,road,1
,1308,3666,4216,10,61.1,1.0,walk,road,1
,1308,3632,4217,10,61.4,1.0,walk,road,1
,1308,3916,4218,20,64.6,1.0,walk,road,1
,1308,3964,4219,27,62.2,1.0,walk,road,1
,1308,3935,4220,16,62.3,1.0,walk,road,1
,1308,3728,4221,36,62.9,1.0,walk,road,1
,1308,3924,4222,51,61.1,1.0,walk,road,1
,1308,3677,4223,12,59.2,1.0,walk,road,1
,1308,3722,4224,9,63.6,1.0,walk,road,1
,1308,3751,4225,5,63.4,1.0,walk,road,1
,1308,3639,4226,5,62.3,1.0,walk,road,1
,1308,3880,4227,44,60.5,1.0,walk,road,1
,1308,3584,4228,19,60.4,1.0,walk,road,1
,1308,3544,4229,35,59.0,1.0,walk,road,1
,1308,3549,4230,96,61.1,1.0,walk,road,1
,1308,3790,4231,18,59.8,1.0,walk,road,1
,1308,3823,4232,37,59.2,1.0,walk,road,1
,1308,3790,4233,17,63.0,1.0,walk,road,1
,1308,3399,4234,80,62.6,1.0,walk,road,1
,1308,3398,4235,37,60.3,1.0,walk,road,1
,1308,3463,4236,60,61.9,1.0,walk,road,1
,1308,3485,4237,35,62.7,1.0,walk,road,1
,1308,3396,4238,76,60.9,1.0,walk,road,1
,1308,3708,4239,32,61.5,1.0,walk,road,1
,1308,3477,4240,166,62.5,1.0,walk,road,1
,1308,3362,4241,27,62.4,1.0,walk,road,1
,1308,3460,4242,28,62.2,1.0,walk,road,1
,1308,3496,4243,23,64.7,1.0,walk,road,1
,1308,3442,4244,14,63.1,1.0,walk,road,1
,1308,3457,4245,41,61.3,1.0,walk,road,1
,1308,3455,4246,43,61.9,1.0,walk,road,1
,1308,3424,4247,48,64.8,1.0,walk,road,1
,1308,3440,4248,18,61.9,1.0,walk,road,1
,1308,3670,4249,7,64.4,1.0,walk,road,1
,1308,3730,4250,7,60.8,1.0,walk,road,1
,1308,3769,4251,6,63.5,1.0,walk,road,1
,1308,3765,4252,10,63.9,1.0,walk,road,1
,1308,3726,4253,10,63.9,1.0,walk,road,1
,1308,3667,4254,10,59.8,1.0,walk,road,1
,1308,3968,4255,41,59.6,1.0,walk,road,1
,1308,3379,4256,17,61.4,1.0,walk,road,1
,1308,4112,4257,15,64.2,1.0,walk,road,1
,1308,3477,4258,58,59.8,1.0,walk,road,1
,1308,3937,4259,29,61.3,1.0,walk,road,1
,1308,4021,4260,21,61.6,1.0,walk,road,1
,1308,3975,4261,42,63.1,1.0,walk,road,1
,1308,3963,4262,27,62.1,1.0,walk,road,1
,1308,4093,4263,11,60.2,1.0,walk,road,1
,1308,4070,4264,11,62.2,1.0,walk,road,1
,1308,4026,4265,36,60.8,1.0,walk,road,1
,1308,3721,4266,17,64.3,1.0,walk,road,1
,1308,3777,4267,27,61.7,1.0,walk,road,1
,1308,3813,4268,15,62.5,1.0,walk,road,1
,1308,3379,4269,21,60.8,1.0,walk,road,1
,1308,3989,4270,28,61.0,1.0,walk,road,1
,1308,3437,4271,29,60.9,1.0,walk,road,1
,1308,3800,4272,15,65.0,1.0,walk,road,1
,1308,4090,4273,16,62.2,1.0,walk,road,1
,1308,4028,4274,66,63.4,1.0,walk,road,1
,1308,3430,4275,73,62.7,1.0,walk,road,1
,1308,3896,4276,15,63.2,1.0,walk,road,1
,1308,3742,4277,10,59.0,1.0,walk,road,1
,1308,3713,4278,17,64.2,1.0,walk,road,1
,1308,3679,4279,30,59.9,1.0,walk,road,1
,1308,3830,4280,39,59.2,1.0,walk,road,1
,1308,3886,4281,26,64.3,1.0,walk,road,1
,1309,4434,4433,10,63.9,1.0,walk,road,1
,1309,4433,4431,10,67.6,1.0,walk,road,1
,1309,4431,4426,61,75.6,1.0,walk,road,1
,1309,4426,4422,10,64.4,1.0,walk,road,1
,1309,4422,4396,144,77.4,1.0,walk,road,1
,1309,4396,4353,120,72.6,1.0,walk,road,1
,1309,4353,4351,11,61.1,1.0,walk,road,1
,1309,4351,4345,39,73.7,1.0,walk,road,1
,1309,4345,4338,43,73.9,1.0,walk,road,1
,1309,4338,4333,20,63.8,1.0,walk,road,1
,1309,4333,4325,35,68.9,1.0,walk,road,1
,1309,4325,4315,53,70.5,1.0,walk,road,1
,1309,4315,4308,281,83.8,1.0,walk,road,1
,1309,4308,4298,138,72.1,1.0,walk,road,1
,1309,4322,4319,79,77.1,1.0,walk,road,1
,1309,4319,4318,110,77.5,1.0,walk,road,1
,1309,4318,4316,107,74.2,1.0,walk,road,1
,1309,4316,4315,113,74.4,1.0,walk,road,1
,1309,4403,4402,25,72.8,1.0,walk,road,1
,1309,4402,4401,66,71.3,1.0,walk,road,1
,1309,4401,4400,19,66.9,1.0,walk,road,1
,1309,4400,4397,105,75.2,1.0,walk,road,1
,1309,4397,4396,114,74.1,1.0,walk,road,1
,1309,4424,4427,74,76.7,1.0,walk,road,1
,1309,4427,4428,62,79.7,1.0,walk,road,1
,1309,4428,4430,40,66.6,1.0,walk,road,1
,1309,4430,4432,76,80.5,1.0,walk,road,1
,1309,4285,4288,39,69.8,1.0,walk,road,1
,1309,4288,4291,38,69.3,1.0,walk,road,1
,1309,4291,4294,35,72.7,1.0,walk,road,1
,1309,4294,4296,107,78.3,1.0,walk,road,1
,1309,4296,4300,194,81.7,1.0,walk,road,1
,1309,4300,4295,107,72.7,1.0,walk,road,1
,1309,4295,4294,195,85.8,1.0,walk,road,1
,1309,4288,4287,86,72.0,1.0,walk,road,1
,1309,4287,4286,45,70.3,1.0,walk,road,1
,1309,4286,4284,22,69.8,1.0,walk,road,1
,1309,4284,4283,21,69.4,1.0,walk,road,1
,1309,4287,4289,37,68.1,1.0,walk,road,1
,1309,4289,4291,88,77.5,1.0,walk,road,1
,1309,4292,4293,34,71.2,1.0,walk,road,1
,1309,4293,4297,118,79.5,1.0,walk,road,1
,1309,4297,4301,236,85.4,1.0,walk,road,1
,1309,4301,4302,53,66.8,1.0,walk,road,1
,1309,4300,4302,14,62.6,1.0,walk,road,1
,1309,4302,4307,103,77.1,1.0,walk,road,1
,1309,4307,4306,51,70.9,1.0,walk,road,1
,1309,4306,4301,102,72.2,1.0,walk,road,1
,1309,4297,4299,11,67.9,1.0,walk,road,1
,1309,4299,4298,92,75.3,1.0,walk,road,1
,1309,4308,4305,143,72.0,1.0,walk,road,1
,1309,4433,4435,113,75.0,1.0,walk,road,1
,1309,4396,4392,84,73.1,1.0,walk,road,1
,1309,4392,4385,109,76.9,1.0,walk,road,1
,1309,4385,4386,14,67.0,1.0,walk,road,1
,1309,4385,4346,131,75.9,1.0,walk,road,1
,1309,4346,4342,28,71.9,1.0,walk,road,1
,1309,4342,4317,117,73.4,1.0,walk,road,1
,1309,4317,4313,37,66.7,1.0,walk,road,1
,1309,4313,4312,16,61.4,1.0,walk,road,1
,1309,4312,4315,175,80.1,1.0,walk,road,1
,1309,4351,4349,34,69.6,1.0,walk,road,1
,1309,4349,4348,55,72.8,1.0,walk,road,1
,1309,4348,4347,21,66.1,1.0,walk,road,1
,1309,4347,4346,81,75.6,1.0,walk,road,1
,1309,4358,4354,107,79.5,1.0,walk,road,1
,1309,4354,4353,115,80.3,1.0,walk,road,1
,1309,4354,4339,90,80.3,1.0,walk,road,1
,1309,4354,4397,122,75.7,1.0,walk,road,1
,1309,4358,4340,89,73.6,1.0,walk,road,1
,1309,4340,4339,107,79.1,1.0,walk,road,1
,1309,4339,4338,116,72.8,1.0,walk,road,1
,1309,4359,4378,56,67.2,1.0,walk,road,1
,1309,4378,4400,65,79.8,1.0,walk,road,1
,1309,4358,4360,58,74.0,1.0,walk,road,1
,1309,4360,4361,47,72.1,1.0,walk,road,1
,1309,4307,4309,72,75.2,1.0,walk,road,1
,1309,4309,4310,50,71.1,1.0,walk,road,1
,1309,4310,4322,212,83.2,1.0,walk,road,1
,1309,4425,4429,105,80.6,1.0,walk,road,1
,1309,4429,4433,166,83.9,1.0,walk,road,1
,1309,4409,4411,33,71.4,1.0,walk,road,1
,1309,4411,4413,65,76.9,1.0,walk,road,1
,1309,4413,4414,58,70.1,1.0,walk,road,1
,1309,4414,4416,16,66.3,1.0,walk,road,1
,1309,4416,4418,6,63.2,1.0,walk,road,1
,1309,4418,4422,79,71.7,1.0,walk,road,1
,1309,4424,4420,54,66.6,1.0,walk,road,1
,1309,4420,4422,14,65.2,1.0,walk,road,1
,1309,4406,4405,42,67.1,1.0,walk,road,1
,1309,4401,4406,17,65.0,1.0,walk,road,1
,1309,4406,4410,49,72.4,1.0,walk,road,1
,1309,4410,4415,54,72.8,1.0,walk,road,1
,1309,4415,4421,27,72.4,1.0,walk,road,1
,1309,4421,4423,55,68.0,1.0,walk,road,1
,1309,4423,4419,37,69.6,1.0,walk,road,1
,1309,4419,4417,51,72.8,1.0,walk,road,1
,1309,4286,4292,74,73.1,1.0,walk,road,1
,1309,4412,4403,38,66.5,1.0,walk,road,1
,1309,4403,4362,126,80.4,1.0,walk,road,1
,1309,4362,4355,16,65.2,1.0,walk,road,1
,1309,4355,4343,72,79.5,1.0,walk,road,1
,1309,4343,4330,66,77.9,1.0,walk,road,1
,1309,4330,4319,37,70.7,1.0,walk,road,1
,1309,4327,4326,67,73.5,1.0,walk,road,1
,1309,4322,4326,86,74.8,1.0,walk,road,1
,1309,4411,4408,16,60.3,1.0,walk,road,1
,1309,4408,4404,47,68.0,1.0,walk,road,1
,1309,4404,4398,22,66.8,1.0,walk,road,1
,1309,4398,4373,79,75.3,1.0,walk,road,1
,1309,4373,4311,311,79.6,1.0,walk,road,1
,1309,4311,4304,354,86.2,1.0,walk,road,1
,1309,4303,4290,192,81.4,1.0,walk,road,1
,1309,4290,4282,116,77.9,1.0,walk,road,1
,1309,4282,4284,151,79.5,1.0,walk,road,1
,1309,4432,4436,203,77.3,1.0,walk,road,1
,1309,4326,4323,18,67.4,1.0,walk,road,1
,1309,4323,4324,51,73.8,1.0,walk,road,1
,1309,4402,4395,37,68.3,1.0,walk,road,1
,1309,4395,4391,23,71.1,1.0,walk,road,1
,1309,4391,4393,7,63.2,1.0,walk,road,1
,1309,4391,4384,26,70.7,1.0,walk,road,1
,1309,4399,4383,50,72.1,1.0,walk,road,1
,1309,4383,4365,52,67.7,1.0,walk,road,1
,1309,4365,4361,10,62.3,1.0,walk,road,1
,1309,4383,4382,41,73.5,1.0,walk,road,1
,1309,4382,4380,11,60.9,1.0,walk,road,1
,1309,4380,4379,28,67.5,1.0,walk,road,1
,1309,4379,4378,19,62.8,1.0,walk,road,1
,1309,4384,4382,7,65.0,1.0,walk,road,1
,1309,4375,4364,44,69.1,1.0,walk,road,1
,1309,4360,4363,12,67.1,1.0,walk,road,1
,1309,4363,4366,9,66.1,1.0,walk,road,1
,1309,4366,4368,10,66.0,1.0,walk,road,1
,1309,4368,4369,6,61.9,1.0,walk,road,1
,1309,4369,4372,13,61.2,1.0,walk,road,1
,1309,4374,4359,56,72.1,1.0,walk,road,1
,1309,4368,4367,5,66.4,1.0,walk,road,1
,1309,4369,4375,13,63.0,1.0,walk,road,1
,1309,4375,4377,11,64.1,1.0,walk,road,1
,1309,4377,4381,14,62.8,1.0,walk,road,1
,1309,4380,4374,20,64.9,1.0,walk,road,1
,1309,4379,4390,29,70.0,1.0,walk,road,1
,1309,4390,4394,37,73.6,1.0,walk,road,1
,1309,4394,4391,11,62.3,1.0,walk,road,1
,1309,4325,4321,87,79.7,1.0,walk,road,1
,1309,4321,4329,31,67.6,1.0,walk,road,1
,1309,4331,4333,88,75.1,1.0,walk,road,1
,1309,4331,4334,20,67.7,1.0,walk,road,1
,1309,4334,4336,58,68.7,1.0,walk,road,1
,1309,4336,4338,30,71.0,1.0,walk,road,1
,1309,4329,4328,54,71.8,1.0,walk,road,1
,1309,4320,4317,103,80.8,1.0,walk,road,1
,1309,4336,4344,43,69.7,1.0,walk,road,1
,1309,4344,4349,38,73.0,1.0,walk,road,1
,1309,4344,4345,32,69.2,1.0,walk,road,1
,1309,4342,4341,44,71.1,1.0,walk,road,1
,1309,4341,4371,128,79.6,1.0,walk,road,1
,1309,4371,4387,42,67.5,1.0,walk,road,1
,1309,4387,4386,20,64.2,1.0,walk,road,1
,1309,4334,4337,7,64.3,1.0,walk,road,1
,1309,4337,4335,17,67.4,1.0,walk,road,1
,1309,4335,4347,73,78.9,1.0,walk,road,1
,1309,4340,4318,106,75.8,1.0,walk,road,1
,1309,4340,4343,110,73.6,1.0,walk,road,1
,1309,4339,4316,109,73.6,1.0,walk,road,1
,1309,4319,4314,44,73.2,1.0,walk,road,1
,1309,4355,4356,42,73.1,1.0,walk,road,1
,1309,4356,4357,8,65.5,1.0,walk,road,1
,1309,4356,4370,42,70.4,1.0,walk,road,1
,1309,4370,4376,122,73.1,1.0,walk,road,1
,1309,4376,4389,41,69.8,1.0,walk,road,1
,1309,4389,4388,23,66.7,1.0,walk,road,1
,1309,4388,4407,65,71.5,1.0,walk,road,1
,1309,4407,4403,140,72.9,1.0,walk,road,1
,1309,4350,4352,127,73.7,1.0,walk,road,1
,1309,4352,4376,68,76.0,1.0,walk,road,1
,1309,4356,4350,32,73.2,1.0,walk,road,1
,1309,4350,4332,105,72.1,1.0,walk,road,1
,1309,4332,4330,43,70.8,1.0,walk,road,1
,1309,4348,4392,133,72.8,1.0,walk,road,1
,1309,4339,4437,57,60.0,1.0,walk,road,1
,1309,4376,4438,95,59.1,1.0,walk,road,1
,1309,4358,4439,54,59.5,1.0,walk,road,1
,1309,4296,4440,68,61.5,1.0,walk,road,1
,1309,4419,4441,43,60.5,1.0,walk,road,1
,1309,4300,4442,59,61.0,1.0,walk,road,1
,1309,4316,4443,63,61.5,1.0,walk,road,1
,1309,4318,4444,67,63.1,1.0,walk,road,1
,1309,4330,4445,43,62.3,1.0,walk,road,1
,1309,4326,4446,59,60.2,1.0,walk,road,1
,1309,4352,4447,59,64.7,1.0,walk,road,1
,1309,4357,4448,45,60.3,1.0,walk,road,1
,1309,4388,4449,52,61.4,1.0,walk,road,1
,1309,4318,4450,149,63.6,1.0,walk,road,1
,1309,4310,4451,84,59.2,1.0,walk,road,1
,1309,4310,4452,75,62.7,1.0,walk,road,1
,1309,4316,4453,112,64.6,1.0,walk,road,1
,1309,4298,4454,78,61.9,1.0,walk,road,1
,1309,4292,4455,55,64.5,1.0,walk,road,1
,1309,4345,4456,59,64.0,1.0,walk,road,1
,1309,4340,4457,46,60.7,1.0,walk,road,1
,1309,4414,4458,53,63.0,1.0,walk,road,1
,1309,4385,4459,26,63.3,1.0,walk,road,1
,1309,4378,4460,56,60.9,1.0,walk,road,1
,1309,4359,4461,52,60.7,1.0,walk,road,1
,1309,4310,4462,54,62.0,1.0,walk,road,1
,1309,4413,4463,35,60.3,1.0,walk,road,1
,1309,4413,4464,32,59.6,1.0,walk,road,1
,1309,4392,4465,25,61.8,1.0,walk,road,1
,1309,4392,4466,42,59.4,1.0,walk,road,1
,1309,4392,4467,50,60.0,1.0,walk,road,1
,1309,4349,4468,71,62.0,1.0,walk,road,1
,1309,4347,4469,56,63.6,1.0,walk,road,1
,1309,4349,4470,31,63.6,1.0,walk,road,1
,1309,4336,4471,20,64.3,1.0,walk,road,1
,1309,4336,4472,44,59.0,1.0,walk,road,1
,1309,4328,4473,31,64.5,1.0,walk,road,1
,1309,4320,4474,47,64.1,1.0,walk,road,1
,1309,4320,4475,45,59.3,1.0,walk,road,1
,1309,4344,4476,29,64.0,1.0,walk,road,1
,1309,4385,4477,51,59.2,1.0,walk,road,1
,1309,4341,4478,4,61.2,1.0,walk,road,1
,1309,4392,4479,39,62.8,1.0,walk,road,1
,1309,4385,4480,17,61.4,1.0,walk,road,1
,1309,4392,4481,22,60.9,1.0,walk,road,1
,1309,4383,4482,12,62.0,1.0,walk,road,1
,1309,4407,4483,56,64.8,1.0,walk,road,1
,1309,4407,4484,89,64.5,1.0,walk,road,1
,1310,4552,4546,54,69.1,1.0,walk,road,1
,1310,4546,4533,55,70.8,1.0,walk,road,1
,1310,4533,4503,150,77.6,1.0,walk,road,1
,1310,4503,4493,32,69.2,1.0,walk,road,1
,1310,4491,4485,28,67.6,1.0,walk,road,1
,1310,4647,4650,321,88.4,1.0,walk,road,1
,1310,4650,4651,175,79.8,1.0,walk,road,1
,1310,4651,4652,270,76.9,1.0,walk,road,1
,1310,4532,4533,121,74.0,1.0,walk,road,1
,1310,4533,4537,167,77.2,1.0,walk,road,1
,1310,4610,4596,44,68.4,1.0,walk,road,1
,1310,4596,4587,19,62.5,1.0,walk,road,1
,1310,4587,4571,35,73.5,1.0,walk,road,1
,1310,4571,4556,73,79.6,1.0,walk,road,1
,1310,4556,4553,23,71.9,1.0,walk,road,1
,1310,4553,4547,44,73.1,1.0,walk,road,1
,1310,4547,4537,65,79.1,1.0,walk,road,1
,1310,4537,4529,36,66.9,1.0,walk,road,1
,1310,4529,4517,38,70.2,1.0,walk,road,1
,1310,4517,4516,13,64.7,1.0,walk,road,1
,1310,4516,4492,103,76.3,1.0,walk,road,1
,1310,4492,4489,14,65.4,1.0,walk,road,1
,1310,4542,4544,107,72.5,1.0,walk,road,1
,1310,4544,4545,27,72.3,1.0,walk,road,1
,1310,4545,4546,123,76.4,1.0,walk,road,1
,1310,4576,4574,8,66.8,1.0,walk,road,1
,1310,4574,4563,48,73.9,1.0,walk,road,1
,1310,4563,4542,133,72.9,1.0,walk,road,1
,1310,4542,4520,139,73.4,1.0,walk,road,1
,1310,4520,4521,59,73.1,1.0,walk,road,1
,1310,4521,4532,58,66.3,1.0,walk,road,1
,1310,4532,4545,56,71.3,1.0,walk,road,1
,1310,4613,4614,42,73.7,1.0,walk,road,1
,1310,4614,4603,64,71.6,1.0,walk,road,1
,1310,4603,4579,38,69.8,1.0,walk,road,1
,1310,4554,4548,44,73.0,1.0,walk,road,1
,1310,4548,4540,33,69.0,1.0,walk,road,1
,1310,4540,4535,38,73.8,1.0,walk,road,1
,1310,4535,4524,57,73.4,1.0,walk,road,1
,1310,4519,4517,120,71.6,1.0,walk,road,1
,1310,4496,4509,61,80.6,1.0,walk,road,1
,1310,4509,4519,55,68.3,1.0,walk,road,1
,1310,4519,4522,6,61.0,1.0,walk,road,1
,1310,4522,4524,10,63.3,1.0,walk,road,1
,1310,4524,4527,45,68.1,1.0,walk,road,1
,1310,4526,4528,19,65.6,1.0,walk,road,1
,1310,4551,4549,24,67.7,1.0,walk,road,1
,1310,4549,4541,36,68.7,1.0,walk,road,1
,1310,4541,4536,39,72.0,1.0,walk,road,1
,1310,4536,4530,33,66.7,1.0,walk,road,1
,1310,4530,4528,16,64.0,1.0,walk,road,1
,1310,4528,4525,27,73.3,1.0,walk,road,1
,1310,4630,4611,79,71.1,1.0,walk,road,1
,1310,4624,4623,28,72.7,1.0,walk,road,1
,1310,4623,4609,45,73.3,1.0,walk,road,1
,1310,4621,4622,64,72.1,1.0,walk,road,1
,1310,4622,4623,48,66.6,1.0,walk,road,1
,1310,4565,4566,33,68.5,1.0,walk,road,1
,1310,4566,4567,54,70.2,1.0,walk,road,1
,1310,4567,4568,25,72.2,1.0,walk,road,1
,1310,4568,4569,23,68.9,1.0,walk,road,1
,1310,4569,4570,9,62.0,1.0,walk,road,1
,1310,4570,4571,28,70.8,1.0,walk,road,1
,1310,4616,4586,97,76.2,1.0,walk,road,1
,1310,4486,4495,25,66.8,1.0,walk,road,1
,1310,4498,4487,26,68.0,1.0,walk,road,1
,1310,4631,4632,31,72.7,1.0,walk,road,1
,1310,4632,4639,17,63.5,1.0,walk,road,1
,1310,4639,4649,13,62.8,1.0,walk,road,1
,1310,4649,4633,46,70.0,1.0,walk,road,1
,1310,4633,4636,20,66.2,1.0,walk,road,1
,1310,4538,4536,53,68.6,1.0,walk,road,1
,1310,4536,4535,65,75.8,1.0,walk,road,1
,1310,4535,4534,54,73.7,1.0,walk,road,1
,1310,4558,4557,33,68.1,1.0,walk,road,1
,1310,4557,4560,50,69.1,1.0,walk,road,1
,1310,4560,4561,11,61.4,1.0,walk,road,1
,1310,4608,4597,39,73.3,1.0,walk,road,1
,1310,4597,4592,8,60.2,1.0,walk,road,1
,1310,4645,4637,7,65.3,1.0,walk,road,1
,1310,4636,4630,21,67.7,1.0,walk,road,1
,1310,4567,4581,36,67.7,1.0,walk,road,1
,1310,4581,4593,17,66.2,1.0,walk,road,1
,1310,4594,4584,17,62.4,1.0,walk,road,1
,1310,4584,4568,36,71.4,1.0,walk,road,1
,1310,4626,4624,45,71.3,1.0,walk,road,1
,1310,4624,4638,38,69.5,1.0,walk,road,1
,1310,4598,4596,123,79.1,1.0,walk,road,1
,1310,4596,4595,35,66.8,1.0,walk,road,1
,1310,4595,4594,26,69.4,1.0,walk,road,1
,1310,4594,4593,26,69.8,1.0,walk,road,1
,1310,4593,4592,28,68.7,1.0,walk,road,1
,1310,4592,4591,12,65.6,1.0,walk,road,1
,1310,4591,4590,46,73.6,1.0,walk,road,1
,1310,4640,4641,7,65.1,1.0,walk,road,1
,1310,4641,4643,19,64.6,1.0,walk,road,1
,1310,4643,4644,18,60.4,1.0,walk,road,1
,1310,4644,4645,48,71.9,1.0,walk,road,1
,1310,4560,4559,30,70.9,1.0,walk,road,1
,1310,4570,4562,42,69.2,1.0,walk,road,1
,1310,4638,4640,38,73.0,1.0,walk,road,1
,1310,4607,4605,21,72.1,1.0,walk,road,1
,1310,4605,4600,15,67.9,1.0,walk,road,1
,1310,4600,4597,10,60.6,1.0,walk,road,1
,1310,4591,4600,16,62.0,1.0,walk,road,1
,1310,4589,4587,124,73.1,1.0,walk,road,1
,1310,4569,4585,35,69.3,1.0,walk,road,1
,1310,4588,4595,16,60.5,1.0,walk,road,1
,1310,4550,4549,64,80.7,1.0,walk,road,1
,1310,4549,4548,64,71.3,1.0,walk,road,1
,1310,4548,4547,128,74.7,1.0,walk,road,1
,1310,4599,4605,42,72.9,1.0,walk,road,1
,1310,4556,4559,56,72.3,1.0,walk,road,1
,1310,4559,4562,23,67.0,1.0,walk,road,1
,1310,4562,4561,27,73.4,1.0,walk,road,1
,1310,4561,4566,69,75.9,1.0,walk,road,1
,1310,4604,4580,57,70.6,1.0,walk,road,1
,1310,4531,4530,56,66.4,1.0,walk,road,1
,1310,4543,4541,54,69.5,1.0,walk,road,1
,1310,4541,4540,64,78.6,1.0,walk,road,1
,1310,4540,4539,115,77.5,1.0,walk,road,1
,1310,4578,4581,86,75.4,1.0,walk,road,1
,1310,4581,4583,20,67.1,1.0,walk,road,1
,1310,4584,4585,25,66.6,1.0,walk,road,1
,1310,4585,4587,36,67.4,1.0,walk,road,1
,1310,4608,4620,41,68.1,1.0,walk,road,1
,1310,4620,4622,7,66.7,1.0,walk,road,1
,1310,4511,4522,36,71.6,1.0,walk,road,1
,1310,4526,4511,46,68.8,1.0,walk,road,1
,1310,4511,4509,41,70.7,1.0,walk,road,1
,1310,4513,4518,18,60.0,1.0,walk,road,1
,1310,4518,4515,38,66.3,1.0,walk,road,1
,1310,4490,4507,51,69.5,1.0,walk,road,1
,1310,4507,4506,29,71.0,1.0,walk,road,1
,1310,4506,4512,66,78.3,1.0,walk,road,1
,1310,4512,4513,21,71.1,1.0,walk,road,1
,1310,4513,4514,14,65.5,1.0,walk,road,1
,1310,4514,4515,31,71.9,1.0,walk,road,1
,1310,4515,4516,29,66.2,1.0,walk,road,1
,1310,4494,4504,32,66.4,1.0,walk,road,1
,1310,4505,4503,59,70.2,1.0,walk,road,1
,1310,4505,4506,11,66.7,1.0,walk,road,1
,1310,4529,4518,71,78.0,1.0,walk,road,1
,1310,4518,4523,15,65.5,1.0,walk,road,1
,1310,4526,4499,133,74.7,1.0,walk,road,1
,1310,4648,4642,8,60.6,1.0,walk,road,1
,1310,4642,4621,72,72.0,1.0,walk,road,1
,1310,4619,4606,43,66.2,1.0,walk,road,1
,1310,4606,4599,31,67.1,1.0,walk,road,1
,1310,4599,4590,20,61.5,1.0,walk,road,1
,1310,4590,4586,112,77.4,1.0,walk,road,1
,1310,4586,4582,32,73.4,1.0,walk,road,1
,1310,4582,4579,60,69.4,1.0,walk,road,1
,1310,4579,4576,57,73.8,1.0,walk,road,1
,1310,4572,4573,43,67.3,1.0,walk,road,1
,1310,4573,4580,25,73.8,1.0,walk,road,1
,1310,4580,4577,44,73.7,1.0,walk,road,1
,1310,4552,4553,164,82.3,1.0,walk,road,1
,1310,4553,4554,125,71.4,1.0,walk,road,1
,1310,4554,4555,140,79.6,1.0,walk,road,1
,1310,4511,4510,40,70.1,1.0,walk,road,1
,1310,4606,4607,43,70.1,1.0,walk,road,1
,1310,4607,4608,13,64.7,1.0,walk,road,1
,1310,4608,4609,57,73.4,1.0,walk,road,1
,1310,4609,4610,59,67.4,1.0,walk,road,1
,1310,4610,4611,68,71.3,1.0,walk,road,1
,1310,4611,4612,54,66.1,1.0,walk,road,1
,1310,4612,4598,47,73.7,1.0,walk,road,1
,1310,4598,4589,21,66.2,1.0,walk,road,1
,1310,4589,4577,12,66.3,1.0,walk,road,1
,1310,4577,4572,26,69.8,1.0,walk,road,1
,1310,4572,4554,92,74.2,1.0,walk,road,1
,1310,4574,4575,23,70.3,1.0,walk,road,1
,1310,4575,4602,48,71.4,1.0,walk,road,1
,1310,4602,4603,81,76.8,1.0,walk,road,1
,1310,4552,4565,93,77.2,1.0,walk,road,1
,1310,4565,4578,36,67.3,1.0,walk,road,1
,1310,4578,4590,13,65.1,1.0,walk,road,1
,1310,4502,4501,19,60.1,1.0,walk,road,1
,1310,4501,4500,31,66.8,1.0,walk,road,1
,1310,4500,4499,41,70.9,1.0,walk,road,1
,1310,4499,4498,15,63.9,1.0,walk,road,1
,1310,4498,4497,41,74.0,1.0,walk,road,1
,1310,4496,4495,36,69.7,1.0,walk,road,1
,1310,4495,4492,94,75.5,1.0,walk,road,1
,1310,4488,4501,31,71.8,1.0,walk,road,1
,1310,4525,4500,124,73.0,1.0,walk,road,1
,1310,4485,4486,253,80.5,1.0,walk,road,1
,1310,4486,4487,84,72.4,1.0,walk,road,1
,1310,4487,4488,84,80.1,1.0,walk,road,1
,1310,4646,4651,23,73.7,1.0,walk,road,1
,1310,4628,4644,29,69.0,1.0,walk,road,1
,1310,4626,4641,38,72.1,1.0,walk,road,1
,1310,4648,4650,12,60.5,1.0,walk,road,1
,1310,4630,4629,44,70.1,1.0,walk,road,1
,1310,4631,4630,32,70.0,1.0,walk,road,1
,1310,4507,4508,6,61.0,1.0,walk,road,1
,1310,4508,4514,65,77.6,1.0,walk,road,1
,1310,4563,4564,74,78.6,1.0,walk,road,1
,1310,4564,4601,99,74.8,1.0,walk,road,1
,1310,4601,4602,71,78.2,1.0,walk,road,1
,1310,4614,4615,27,68.7,1.0,walk,road,1
,1310,4615,4616,62,75.3,1.0,walk,road,1
,1310,4616,4617,74,80.5,1.0,walk,road,1
,1310,4544,4582,192,84.0,1.0,walk,road,1
,1310,4494,4493,58,69.8,1.0,walk,road,1
,1310,4613,4625,43,67.9,1.0,walk,road,1
,1310,4625,4634,30,72.2,1.0,walk,road,1
,1310,4634,4635,71,78.5,1.0,walk,road,1
,1310,4635,4642,173,85.3,1.0,walk,road,1
,1310,4625,4627,71,75.9,1.0,walk,road,1
,1310,4627,4615,43,73.0,1.0,walk,road,1
,1310,4627,4635,30,71.2,1.0,walk,road,1
,1310,4618,4619,18,65.0,1.0,walk,road,1
,1310,4617,4618,19,64.9,1.0,walk,road,1
,1310,4561,4653,23,67.0,1.0,walk,road,1
,1310,4640,4654,37,66.2,1.0,walk,road,1
,1310,4571,4655,52,73.7,1.0,walk,road,1
,1310,4521,4656,71,72.1,1.0,walk,road,1
,1310,4626,4657,30,73.8,1.0,walk,road,1
,1310,4609,4658,23,71.1,1.0,walk,road,1
,1310,4611,4659,24,71.2,1.0,walk,road,1
,1310,4547,4660,79,79.0,1.0,walk,road,1
,1310,4545,4661,87,72.1,1.0,walk,road,1
,1310,4508,4662,37,72.3,1.0,walk,road,1
,1310,4512,4663,25,67.5,1.0,walk,road,1
,1310,4576,4664,33,69.5,1.0,walk,road,1
,1310,4613,4665,34,68.7,1.0,walk,road,1
,1310,4572,4666,22,67.0,1.0,walk,road,1
,1310,4616,4667,45,72.9,1.0,walk,road,1
,1310,4532,4668,34,69.6,1.0,walk,road,1
,1310,4575,4669,29,71.7,1.0,walk,road,1
,1310,4601,4670,31,69.7,1.0,walk,road,1
,1310,4573,4671,8,61.8,1.0,walk,road,1
,1310,4542,4672,63,74.8,1.0,walk,road,1
,1310,4597,4673,6,62.5,1.0,walk,road,1
,1310,4628,4674,18,67.4,1.0,walk,road,1
,1310,4547,4675,77,76.6,1.0,walk,road,1
,1310,4557,4676,66,75.0,1.0,walk,road,1
,1312,5064,5044,42,69.4,1.0,walk,road,1
,1312,5044,5014,50,68.7,1.0,walk,road,1
,1312,5014,4998,35,72.3,1.0,walk,road,1
,1312,4998,4983,8,66.3,1.0,walk,road,1
,1312,4983,4968,17,64.8,1.0,walk,road,1
,1312,4968,4914,50,71.1,1.0,walk,road,1
,1312,4914,4905,10,64.5,1.0,walk,road,1
,1312,4905,4890,28,69.5,1.0,walk,road,1
,1312,4890,4877,18,67.4,1.0,walk,road,1
,1312,4877,4857,51,73.5,1.0,walk,road,1
,1312,4857,4849,11,61.8,1.0,walk,road,1
,1312,4849,4828,51,70.2,1.0,walk,road,1
,1312,4828,4826,20,67.1,1.0,walk,road,1
,1312,4826,4806,37,69.2,1.0,walk,road,1
,1312,4806,4754,90,72.6,1.0,walk,road,1
,1312,4752,4747,16,60.1,1.0,walk,road,1
,1312,4747,4739,42,71.3,1.0,walk,road,1
,1312,4739,4731,33,66.6,1.0,walk,road,1
,1312,4731,4724,10,60.3,1.0,walk,road,1
,1312,4724,4718,16,61.0,1.0,walk,road,1
,1312,4718,4711,14,67.3,1.0,walk,road,1
,1312,4711,4708,17,63.8,1.0,walk,road,1
,1312,4708,4707,7,64.7,1.0,walk,road,1
,1312,4707,4701,7,61.9,1.0,walk,road,1
,1312,4701,4694,9,60.4,1.0,walk,road,1
,1312,4694,4691,14,65.0,1.0,walk,road,1
,1312,4691,4683,17,61.8,1.0,walk,road,1
,1312,4826,4825,122,73.4,1.0,walk,road,1
,1312,4825,4824,8,65.2,1.0,walk,road,1
,1312,4824,4822,83,77.4,1.0,walk,road,1
,1312,4822,4821,16,60.6,1.0,walk,road,1
,1312,4821,4813,105,78.5,1.0,walk,road,1
,1312,4813,4812,9,62.2,1.0,walk,road,1
,1312,4812,4811,16,60.7,1.0,walk,road,1
,1312,4878,4879,20,62.2,1.0,walk,road,1
,1312,4879,4880,53,71.1,1.0,walk,road,1
,1312,4880,4881,18,64.8,1.0,walk,road,1
,1312,4881,4884,86,72.0,1.0,walk,road,1
,1312,4884,4882,15,61.8,1.0,walk,road,1
,1312,4882,4885,7,60.2,1.0,walk,road,1
,1312,4885,4883,114,71.7,1.0,walk,road,1
,1312,4891,4886,48,68.6,1.0,walk,road,1
,1312,4886,4887,25,71.6,1.0,walk,road,1
,1312,4887,4888,15,64.0,1.0,walk,road,1
,1312,4888,4889,30,68.6,1.0,walk,road,1
,1312,4889,4890,16,62.5,1.0,walk,road,1
,1312,5001,5000,38,66.9,1.0,walk,road,1
,1312,5000,4999,18,65.1,1.0,walk,road,1
,1312,4999,4986,12,63.2,1.0,walk,road,1
,1312,4986,4987,8,60.9,1.0,walk,road,1
,1312,4987,4989,10,67.1,1.0,walk,road,1
,1312,4989,4994,25,73.3,1.0,walk,road,1
,1312,4994,4990,51,67.5,1.0,walk,road,1
,1312,4990,4991,10,62.5,1.0,walk,road,1
,1312,4991,4992,23,72.1,1.0,walk,road,1
,1312,4992,4995,8,62.6,1.0,walk,road,1
,1312,4995,4993,113,74.5,1.0,walk,road,1
,1312,4993,4996,29,70.0,1.0,walk,road,1
,1312,4996,4997,71,80.8,1.0,walk,road,1
,1312,4997,4998,38,68.9,1.0,walk,road,1
,1312,4705,4730,62,73.6,1.0,walk,road,1
,1312,4730,4732,6,62.4,1.0,walk,road,1
,1312,4732,4748,76,80.4,1.0,walk,road,1
,1312,4748,4755,19,66.8,1.0,walk,road,1
,1312,4880,4943,63,78.5,1.0,walk,road,1
,1312,4943,4957,12,61.4,1.0,walk,road,1
,1312,4957,4986,36,72.9,1.0,walk,road,1
,1312,4881,4795,211,77.5,1.0,walk,road,1
,1312,4796,4793,6,65.4,1.0,walk,road,1
,1312,4793,4769,48,69.3,1.0,walk,road,1
,1312,4909,4874,54,68.3,1.0,walk,road,1
,1312,4874,4868,11,61.1,1.0,walk,road,1
,1312,4868,4866,9,61.5,1.0,walk,road,1
,1312,4866,4860,17,67.5,1.0,walk,road,1
,1312,4860,4852,14,65.3,1.0,walk,road,1
,1312,4852,4834,39,68.3,1.0,walk,road,1
,1312,4834,4825,45,72.1,1.0,walk,road,1
,1312,4821,4864,117,79.0,1.0,walk,road,1
,1312,4864,4896,65,74.2,1.0,walk,road,1
,1312,4899,4955,54,68.1,1.0,walk,road,1
,1312,4955,4966,16,61.3,1.0,walk,road,1
,1312,4966,4973,8,63.8,1.0,walk,road,1
,1312,4973,5002,42,70.0,1.0,walk,road,1
,1312,5014,5012,108,78.4,1.0,walk,road,1
,1312,5012,5011,12,65.1,1.0,walk,road,1
,1312,5011,4978,40,71.0,1.0,walk,road,1
,1312,4978,4909,74,78.0,1.0,walk,road,1
,1312,5061,5013,82,71.2,1.0,walk,road,1
,1312,4978,4977,18,61.9,1.0,walk,road,1
,1312,4977,4976,12,63.1,1.0,walk,road,1
,1312,4976,4975,48,73.6,1.0,walk,road,1
,1312,4975,4974,12,66.1,1.0,walk,road,1
,1312,4974,4973,17,63.1,1.0,walk,road,1
,1312,4977,5009,40,70.0,1.0,walk,road,1
,1312,5009,5026,20,60.9,1.0,walk,road,1
,1312,5029,5048,38,69.0,1.0,walk,road,1
,1312,5048,5057,18,67.4,1.0,walk,road,1
,1312,4974,5003,42,72.2,1.0,walk,road,1
,1312,5003,5019,21,68.7,1.0,walk,road,1
,1312,5019,5043,38,73.8,1.0,walk,road,1
,1312,5043,5054,20,64.6,1.0,walk,road,1
,1312,5058,5057,19,62.0,1.0,walk,road,1
,1312,5057,5055,16,65.5,1.0,walk,road,1
,1312,5055,5056,45,67.3,1.0,walk,road,1
,1312,5056,5054,12,64.8,1.0,walk,road,1
,1312,4976,5008,40,72.3,1.0,walk,road,1
,1312,5008,5027,22,72.0,1.0,walk,road,1
,1312,5027,5047,38,68.9,1.0,walk,road,1
,1312,5047,5055,18,64.6,1.0,walk,road,1
,1312,4975,5005,41,66.9,1.0,walk,road,1
,1312,5005,5021,21,73.9,1.0,walk,road,1
,1312,5021,5045,38,68.7,1.0,walk,road,1
,1312,5045,5056,20,66.4,1.0,walk,road,1
,1312,5048,5047,13,64.9,1.0,walk,road,1
,1312,5047,5046,24,72.1,1.0,walk,road,1
,1312,5046,5045,23,66.9,1.0,walk,road,1
,1312,5045,5043,12,62.5,1.0,walk,road,1
,1312,5055,5049,23,73.8,1.0,walk,road,1
,1312,5049,5056,26,69.3,1.0,walk,road,1
,1312,5049,5046,9,63.7,1.0,walk,road,1
,1312,5046,5036,9,62.5,1.0,walk,road,1
,1312,5029,5027,13,66.6,1.0,walk,road,1
,1312,5027,5025,23,69.2,1.0,walk,road,1
,1312,5025,5021,24,70.9,1.0,walk,road,1
,1312,5021,5019,12,64.9,1.0,walk,road,1
,1312,5006,5025,22,67.1,1.0,walk,road,1
,1312,5025,5034,10,67.3,1.0,walk,road,1
,1312,5036,5035,18,66.2,1.0,walk,road,1
,1312,5035,5034,8,66.8,1.0,walk,road,1
,1312,4819,4829,42,66.8,1.0,walk,road,1
,1312,4829,4832,15,61.6,1.0,walk,road,1
,1312,4832,4827,25,73.9,1.0,walk,road,1
,1312,4827,4823,18,62.7,1.0,walk,road,1
,1312,4820,4819,12,66.9,1.0,walk,road,1
,1312,4827,4826,28,70.1,1.0,walk,road,1
,1312,4770,4769,27,69.4,1.0,walk,road,1
,1312,4769,4765,69,75.4,1.0,walk,road,1
,1312,4765,4764,16,65.8,1.0,walk,road,1
,1312,4764,4763,42,70.2,1.0,walk,road,1
,1312,4763,4761,25,66.9,1.0,walk,road,1
,1312,4761,4758,29,69.4,1.0,walk,road,1
,1312,4758,4757,13,66.7,1.0,walk,road,1
,1312,4757,4756,43,70.6,1.0,walk,road,1
,1312,4756,4755,19,63.7,1.0,walk,road,1
,1312,4755,4752,109,72.6,1.0,walk,road,1
,1312,4885,4921,43,67.3,1.0,walk,road,1
,1312,4921,4992,70,73.3,1.0,walk,road,1
,1312,5000,5024,44,73.1,1.0,walk,road,1
,1312,5024,5037,35,68.8,1.0,walk,road,1
,1312,5037,5051,15,61.7,1.0,walk,road,1
,1312,5052,5051,16,62.9,1.0,walk,road,1
,1312,5051,5050,98,75.1,1.0,walk,road,1
,1312,5050,5040,13,66.9,1.0,walk,road,1
,1312,5040,5038,27,71.0,1.0,walk,road,1
,1312,5038,5037,70,78.8,1.0,walk,road,1
,1312,4994,5018,46,69.6,1.0,walk,road,1
,1312,5018,5038,37,70.4,1.0,walk,road,1
,1312,5024,5023,17,67.0,1.0,walk,road,1
,1312,5023,5022,18,65.8,1.0,walk,road,1
,1312,5022,5020,11,66.0,1.0,walk,road,1
,1312,5020,5018,24,68.1,1.0,walk,road,1
,1312,4987,5022,49,68.6,1.0,walk,road,1
,1312,4999,5023,44,71.4,1.0,walk,road,1
,1312,4989,5020,48,68.8,1.0,walk,road,1
,1312,5040,5041,23,70.3,1.0,walk,road,1
,1312,5041,5042,43,67.7,1.0,walk,road,1
,1312,5042,5039,114,74.6,1.0,walk,road,1
,1312,5039,5044,143,74.6,1.0,walk,road,1
,1312,4775,4774,17,64.0,1.0,walk,road,1
,1312,4774,4771,18,65.6,1.0,walk,road,1
,1312,4771,4770,23,71.4,1.0,walk,road,1
,1312,4990,5041,84,71.6,1.0,walk,road,1
,1312,4995,5030,52,69.0,1.0,walk,road,1
,1312,5030,5042,33,66.9,1.0,walk,road,1
,1312,4891,4911,35,69.5,1.0,walk,road,1
,1312,4911,4971,55,73.3,1.0,walk,road,1
,1312,4971,4985,17,64.6,1.0,walk,road,1
,1312,4993,5031,53,67.4,1.0,walk,road,1
,1312,5031,5039,31,71.8,1.0,walk,road,1
,1312,4943,4945,31,66.3,1.0,walk,road,1
,1312,4765,4785,40,66.4,1.0,walk,road,1
,1312,4785,4782,36,69.0,1.0,walk,road,1
,1312,4782,4780,47,66.1,1.0,walk,road,1
,1312,4780,4761,41,70.5,1.0,walk,road,1
,1312,4782,4882,228,78.7,1.0,walk,road,1
,1312,4793,4785,69,73.9,1.0,walk,road,1
,1312,5030,5033,80,75.3,1.0,walk,road,1
,1312,5031,5032,23,67.7,1.0,walk,road,1
,1312,4678,4684,25,69.0,1.0,walk,road,1
,1312,4684,4702,40,68.2,1.0,walk,road,1
,1312,4702,4715,36,70.9,1.0,walk,road,1
,1312,4715,4725,25,69.9,1.0,walk,road,1
,1312,4731,4729,104,75.4,1.0,walk,road,1
,1312,4729,4727,22,70.1,1.0,walk,road,1
,1312,4727,4725,49,70.9,1.0,walk,road,1
,1312,4725,4721,83,75.9,1.0,walk,road,1
,1312,4877,4876,30,72.7,1.0,walk,road,1
,1312,4876,4875,66,78.1,1.0,walk,road,1
,1312,4875,4874,27,71.6,1.0,walk,road,1
,1312,4738,4737,63,73.8,1.0,walk,road,1
,1312,4738,4745,37,67.3,1.0,walk,road,1
,1312,4745,4749,50,70.6,1.0,walk,road,1
,1312,4749,4753,15,61.2,1.0,walk,road,1
,1312,4737,4740,17,67.0,1.0,walk,road,1
,1312,4740,4744,21,66.8,1.0,walk,road,1
,1312,4744,4772,48,67.1,1.0,walk,road,1
,1312,4753,4767,16,64.6,1.0,walk,road,1
,1312,4767,4776,16,63.0,1.0,walk,road,1
,1312,4776,4778,10,66.7,1.0,walk,road,1
,1312,4778,4791,26,68.5,1.0,walk,road,1
,1312,4791,4805,31,66.9,1.0,walk,road,1
,1312,4805,4816,14,61.9,1.0,walk,road,1
,1312,4776,4772,96,75.5,1.0,walk,road,1
,1312,4772,4766,84,79.7,1.0,walk,road,1
,1312,4766,4762,46,67.9,1.0,walk,road,1
,1312,4766,4781,38,72.8,1.0,walk,road,1
,1312,4781,4790,8,64.2,1.0,walk,road,1
,1312,4790,4810,39,68.7,1.0,walk,road,1
,1312,4810,4822,16,63.0,1.0,walk,road,1
,1312,4772,4784,34,66.3,1.0,walk,road,1
,1312,4784,4803,31,68.7,1.0,walk,road,1
,1312,4803,4814,20,63.2,1.0,walk,road,1
,1312,4818,4824,12,61.0,1.0,walk,road,1
,1312,4813,4804,26,73.7,1.0,walk,road,1
,1312,4804,4786,38,72.9,1.0,walk,road,1
,1312,4786,4768,38,68.1,1.0,walk,road,1
,1312,4768,4773,51,73.5,1.0,walk,road,1
,1312,4773,4762,10,61.0,1.0,walk,road,1
,1312,5061,5060,64,79.3,1.0,walk,road,1
,1312,5060,5059,19,66.8,1.0,walk,road,1
,1312,5059,5010,80,76.2,1.0,walk,road,1
,1312,5060,5065,30,71.4,1.0,walk,road,1
,1312,5002,5053,79,78.0,1.0,walk,road,1
,1312,5053,5054,18,65.3,1.0,walk,road,1
,1312,4791,4784,100,72.8,1.0,walk,road,1
,1312,4805,4803,98,80.4,1.0,walk,road,1
,1312,4681,4700,40,68.0,1.0,walk,road,1
,1312,4700,4714,37,73.3,1.0,walk,road,1
,1312,4714,4720,17,60.7,1.0,walk,road,1
,1312,4720,4721,5,67.9,1.0,walk,road,1
,1312,4684,4681,93,76.1,1.0,walk,road,1
,1312,4707,4704,104,79.1,1.0,walk,road,1
,1312,4704,4702,70,73.6,1.0,walk,road,1
,1312,4702,4700,87,77.3,1.0,walk,road,1
,1312,4718,4716,104,74.5,1.0,walk,road,1
,1312,4716,4715,70,72.1,1.0,walk,road,1
,1312,4715,4714,85,74.5,1.0,walk,road,1
,1312,4687,4690,8,67.7,1.0,walk,road,1
,1312,4690,4704,32,73.6,1.0,walk,road,1
,1312,4704,4716,37,73.0,1.0,walk,road,1
,1312,4716,4729,26,71.6,1.0,walk,road,1
,1312,4684,4687,72,73.4,1.0,walk,road,1
,1312,4690,4691,97,76.9,1.0,walk,road,1
,1312,4978,4979,7,62.9,1.0,walk,road,1
,1312,4979,4980,47,67.6,1.0,walk,road,1
,1312,4980,4981,9,62.3,1.0,walk,road,1
,1312,4981,4982,16,63.3,1.0,walk,road,1
,1312,4982,4983,43,73.4,1.0,walk,road,1
,1312,4905,4906,47,67.3,1.0,walk,road,1
,1312,4906,4907,16,67.5,1.0,walk,road,1
,1312,4907,4908,7,65.5,1.0,walk,road,1
,1312,4908,4909,51,71.8,1.0,walk,road,1
,1312,4764,4735,87,74.0,1.0,walk,road,1
,1312,4732,4733,15,63.4,1.0,walk,road,1
,1312,4677,4679,118,78.7,1.0,walk,road,1
,1312,4679,4680,104,79.0,1.0,walk,road,1
,1312,4680,4770,237,77.1,1.0,walk,road,1
,1312,4679,4689,30,73.0,1.0,walk,road,1
,1312,4677,4688,31,69.4,1.0,walk,road,1
,1312,4751,4763,20,64.2,1.0,walk,road,1
,1312,4750,4757,19,62.5,1.0,walk,road,1
,1312,4751,4750,67,77.0,1.0,walk,road,1
,1312,4750,4748,62,72.3,1.0,walk,road,1
,1312,4883,4794,213,85.4,1.0,walk,road,1
,1312,4794,4792,12,67.2,1.0,walk,road,1
,1312,4792,4756,58,68.4,1.0,walk,road,1
,1312,4730,4728,31,72.6,1.0,walk,road,1
,1312,4728,4726,26,67.0,1.0,walk,road,1
,1312,4726,4724,52,67.4,1.0,walk,road,1
,1312,4712,4710,25,72.3,1.0,walk,road,1
,1312,4710,4713,25,67.0,1.0,walk,road,1
,1312,4713,4711,53,71.1,1.0,walk,road,1
,1312,4914,4915,9,60.4,1.0,walk,road,1
,1312,4915,4916,11,67.5,1.0,walk,road,1
,1312,4916,4917,22,70.5,1.0,walk,road,1
,1312,4917,4918,57,68.8,1.0,walk,road,1
,1312,4918,4965,44,68.2,1.0,walk,road,1
,1312,4965,4964,57,70.9,1.0,walk,road,1
,1312,4964,4917,45,71.6,1.0,walk,road,1
,1312,4972,4971,27,71.5,1.0,walk,road,1
,1312,4964,4967,7,61.9,1.0,walk,road,1
,1312,4969,4988,22,73.9,1.0,walk,road,1
,1312,4918,4911,33,66.5,1.0,walk,road,1
,1312,4889,4916,38,72.2,1.0,walk,road,1
,1312,4972,4984,16,68.0,1.0,walk,road,1
,1312,4984,4985,27,72.5,1.0,walk,road,1
,1312,4796,4797,52,73.5,1.0,walk,road,1
,1312,4797,4798,6,64.5,1.0,walk,road,1
,1312,4798,4879,209,85.5,1.0,walk,road,1
,1312,4771,4797,51,68.0,1.0,walk,road,1
,1312,4722,4706,51,66.9,1.0,walk,road,1
,1312,4887,4871,32,67.1,1.0,walk,road,1
,1312,4871,4867,10,64.6,1.0,walk,road,1
,1312,4867,4865,11,66.3,1.0,walk,road,1
,1312,4865,4853,29,67.0,1.0,walk,road,1
,1312,4853,4851,14,64.5,1.0,walk,road,1
,1312,4851,4844,14,60.9,1.0,walk,road,1
,1312,4844,4843,15,61.6,1.0,walk,road,1
,1312,4843,4833,28,69.4,1.0,walk,road,1
,1312,4851,4850,10,64.1,1.0,walk,road,1
,1312,4850,4849,20,66.6,1.0,walk,road,1
,1312,4857,4856,69,76.3,1.0,walk,road,1
,1312,4856,4854,33,70.8,1.0,walk,road,1
,1312,4854,4855,9,67.3,1.0,walk,road,1
,1312,4855,4852,12,62.1,1.0,walk,road,1
,1312,4856,4837,36,71.5,1.0,walk,road,1
,1312,4837,4836,28,68.8,1.0,walk,road,1
,1312,4836,4835,8,66.2,1.0,walk,road,1
,1312,4835,4834,15,63.9,1.0,walk,road,1
,1312,4836,4854,39,69.0,1.0,walk,road,1
,1312,4835,4838,9,62.1,1.0,walk,road,1
,1312,4840,4855,28,70.0,1.0,walk,road,1
,1312,4854,4861,14,62.3,1.0,walk,road,1
,1312,4861,4869,26,70.6,1.0,walk,road,1
,1312,4872,4870,48,72.7,1.0,walk,road,1
,1312,4870,4869,8,61.4,1.0,walk,road,1
,1312,4869,4868,19,62.4,1.0,walk,road,1
,1312,4870,4875,10,62.4,1.0,walk,road,1
,1312,4873,4876,19,62.0,1.0,walk,road,1
,1312,4906,4982,76,77.0,1.0,walk,road,1
,1312,4908,4940,38,70.9,1.0,walk,road,1
,1312,4951,4979,40,71.7,1.0,walk,road,1
,1312,4951,4950,6,62.3,1.0,walk,road,1
,1312,4950,4939,7,65.5,1.0,walk,road,1
,1312,4934,4940,9,60.5,1.0,walk,road,1
,1312,4948,4950,7,61.7,1.0,walk,road,1
,1312,4950,4953,6,61.8,1.0,walk,road,1
,1312,4954,4951,6,65.6,1.0,walk,road,1
,1312,4733,4734,31,66.9,1.0,walk,road,1
,1312,4734,4722,16,63.4,1.0,walk,road,1
,1312,4722,4723,127,72.7,1.0,walk,road,1
,1312,4682,4686,5,60.6,1.0,walk,road,1
,1312,4686,4685,30,72.9,1.0,walk,road,1
,1312,4685,4683,48,66.5,1.0,walk,road,1
,1312,4686,4692,16,60.8,1.0,walk,road,1
,1312,4692,4696,15,61.3,1.0,walk,road,1
,1312,4698,4710,36,73.8,1.0,walk,road,1
,1312,4692,4693,12,62.2,1.0,walk,road,1
,1312,4693,4695,10,67.9,1.0,walk,road,1
,1312,4697,4713,41,67.6,1.0,walk,road,1
,1312,4710,4728,34,72.4,1.0,walk,road,1
,1312,4713,4726,30,70.6,1.0,walk,road,1
,1312,4721,4762,116,77.6,1.0,walk,road,1
,1312,5052,5063,19,66.3,1.0,walk,road,1
,1312,4788,4787,18,62.3,1.0,walk,road,1
,1312,4760,4759,17,62.8,1.0,walk,road,1
,1312,4759,4774,12,65.5,1.0,walk,road,1
,1312,4774,4777,12,63.9,1.0,walk,road,1
,1312,4777,4787,23,73.3,1.0,walk,road,1
,1312,4759,4743,53,67.5,1.0,walk,road,1
,1312,4743,4746,25,66.1,1.0,walk,road,1
,1312,4735,4736,104,77.6,1.0,walk,road,1
,1312,4736,4742,25,71.9,1.0,walk,road,1
,1312,4742,4741,57,67.8,1.0,walk,road,1
,1312,4749,4747,14,64.3,1.0,walk,road,1
,1312,4745,4744,64,73.4,1.0,walk,road,1
,1312,4808,4812,9,61.8,1.0,walk,road,1
,1312,4988,4970,31,67.3,1.0,walk,road,1
,1312,4970,4968,14,62.8,1.0,walk,road,1
,1312,4970,4962,9,67.0,1.0,walk,road,1
,1312,4962,4956,7,61.4,1.0,walk,road,1
,1312,4956,4942,12,63.8,1.0,walk,road,1
,1312,4942,4930,7,60.3,1.0,walk,road,1
,1312,4930,4927,6,65.2,1.0,walk,road,1
,1312,4926,4915,9,66.9,1.0,walk,road,1
,1312,4984,4996,6,65.6,1.0,walk,road,1
,1312,5004,5013,8,65.6,1.0,walk,road,1
,1312,5013,5010,82,79.7,1.0,walk,road,1
,1312,5010,5007,26,66.2,1.0,walk,road,1
,1312,5011,5009,19,67.5,1.0,walk,road,1
,1312,5009,5008,12,60.1,1.0,walk,road,1
,1312,5008,5006,23,68.8,1.0,walk,road,1
,1312,5006,5005,25,73.2,1.0,walk,road,1
,1312,5005,5003,12,65.4,1.0,walk,road,1
,1312,5003,5002,18,66.2,1.0,walk,road,1
,1312,5002,5004,5,61.9,1.0,walk,road,1
,1312,5058,5015,68,71.5,1.0,walk,road,1
,1312,5015,5011,10,66.2,1.0,walk,road,1
,1312,4828,4833,29,69.3,1.0,walk,road,1
,1312,4833,4842,35,69.9,1.0,walk,road,1
,1312,4845,4839,37,68.0,1.0,walk,road,1
,1312,4839,4841,36,67.2,1.0,walk,road,1
,1312,4841,4831,25,70.7,1.0,walk,road,1
,1312,4830,4817,47,71.4,1.0,walk,road,1
,1312,4817,4815,51,70.6,1.0,walk,road,1
,1312,4815,4807,14,64.2,1.0,walk,road,1
,1312,4807,4802,14,66.6,1.0,walk,road,1
,1312,4802,4809,26,68.2,1.0,walk,road,1
,1312,4809,4806,38,66.9,1.0,walk,road,1
,1312,4866,4864,105,73.2,1.0,walk,road,1
,1312,4909,4934,38,72.8,1.0,walk,road,1
,1312,4953,4980,39,70.4,1.0,walk,road,1
,1312,4949,4932,8,61.0,1.0,walk,road,1
,1312,4932,4937,8,62.1,1.0,walk,road,1
,1312,4937,4947,7,63.0,1.0,walk,road,1
,1312,4952,4949,11,67.1,1.0,walk,road,1
,1312,4952,4981,35,66.4,1.0,walk,road,1
,1312,4907,4937,31,72.1,1.0,walk,road,1
,1312,4842,4848,10,66.9,1.0,walk,road,1
,1312,4848,4853,11,64.7,1.0,walk,road,1
,1312,4843,4850,13,65.3,1.0,walk,road,1
,1312,4865,4888,48,70.5,1.0,walk,road,1
,1312,4861,4860,19,60.3,1.0,walk,road,1
,1312,4944,4935,5,63.7,1.0,walk,road,1
,1312,4929,4928,7,62.1,1.0,walk,road,1
,1312,4928,4933,7,62.6,1.0,walk,road,1
,1312,4941,4946,6,65.7,1.0,walk,road,1
,1312,4957,4958,40,72.1,1.0,walk,road,1
,1312,4958,4959,19,61.9,1.0,walk,road,1
,1312,4959,4960,20,64.2,1.0,walk,road,1
,1312,4960,4938,16,65.6,1.0,walk,road,1
,1312,4938,4922,16,65.8,1.0,walk,road,1
,1312,4922,4920,24,72.2,1.0,walk,road,1
,1312,4920,4921,23,72.2,1.0,walk,road,1
,1312,4922,4923,21,66.8,1.0,walk,road,1
,1312,4923,4924,19,61.6,1.0,walk,road,1
,1312,4924,4936,16,61.1,1.0,walk,road,1
,1312,4936,4958,16,62.7,1.0,walk,road,1
,1312,4923,4928,10,61.0,1.0,walk,road,1
,1312,4946,4959,11,64.0,1.0,walk,road,1
,1312,4935,4938,14,64.5,1.0,walk,road,1
,1312,4933,4936,12,61.4,1.0,walk,road,1
,1312,4991,4920,70,72.9,1.0,walk,road,1
,1312,4920,4884,43,73.5,1.0,walk,road,1
,1312,4892,4898,13,61.7,1.0,walk,road,1
,1312,4898,4894,66,76.3,1.0,walk,road,1
,1312,4897,4902,14,61.3,1.0,walk,road,1
,1312,4902,4901,37,72.9,1.0,walk,road,1
,1312,4901,4891,25,69.6,1.0,walk,road,1
,1312,4891,4892,112,72.6,1.0,walk,road,1
,1312,4862,4867,19,60.5,1.0,walk,road,1
,1312,4867,4863,34,72.3,1.0,walk,road,1
,1312,4863,4859,10,66.9,1.0,walk,road,1
,1312,4859,4846,25,67.8,1.0,walk,road,1
,1312,4846,4839,15,65.3,1.0,walk,road,1
,1312,4871,4886,38,69.9,1.0,walk,road,1
,1312,4809,4801,18,60.9,1.0,walk,road,1
,1312,4801,4799,22,71.3,1.0,walk,road,1
,1312,4799,4800,10,62.6,1.0,walk,road,1
,1312,4800,4807,20,62.4,1.0,walk,road,1
,1312,4720,4717,96,79.1,1.0,walk,road,1
,1312,5015,5016,10,65.0,1.0,walk,road,1
,1312,5016,5017,6,62.3,1.0,walk,road,1
,1312,5026,5028,8,66.6,1.0,walk,road,1
,1312,4758,4783,45,72.8,1.0,walk,road,1
,1312,4685,4693,28,68.1,1.0,walk,road,1
,1312,4699,4698,28,66.5,1.0,walk,road,1
,1312,4753,4754,11,62.9,1.0,walk,road,1
,1312,4739,4738,62,73.6,1.0,walk,road,1
,1312,4737,4727,31,72.1,1.0,walk,road,1
,1312,5012,5062,85,73.4,1.0,walk,road,1
,1312,4804,4810,98,79.2,1.0,walk,road,1
,1312,4810,4814,82,79.6,1.0,walk,road,1
,1312,4814,4816,99,74.9,1.0,walk,road,1
,1312,4786,4789,47,69.5,1.0,walk,road,1
,1312,4789,4790,51,71.4,1.0,walk,road,1
,1312,4789,4781,52,66.3,1.0,walk,road,1
,1312,4767,4779,23,69.6,1.0,walk,road,1
,1312,4779,4778,16,65.0,1.0,walk,road,1
,1312,4718,4719,28,70.4,1.0,walk,road,1
,1312,4708,4709,24,73.4,1.0,walk,road,1
,1312,4701,4703,24,68.9,1.0,walk,road,1
,1312,4694,4697,57,72.0,1.0,walk,road,1
,1312,4899,4903,20,61.6,1.0,walk,road,1
,1312,4903,4910,12,61.6,1.0,walk,road,1
,1312,4910,4913,7,64.4,1.0,walk,road,1
,1312,4913,4925,8,61.8,1.0,walk,road,1
,1312,4931,4963,30,66.4,1.0,walk,road,1
,1312,4896,4895,62,78.2,1.0,walk,road,1
,1312,4895,4893,18,61.4,1.0,walk,road,1
,1312,4893,4961,70,71.2,1.0,walk,road,1
,1312,4961,4963,18,65.1,1.0,walk,road,1
,1312,4963,4966,60,70.7,1.0,walk,road,1
,1312,4895,4900,17,66.4,1.0,walk,road,1
,1312,4904,4912,11,62.3,1.0,walk,road,1
,1312,4912,4913,12,61.9,1.0,walk,road,1
,1312,4912,4919,6,65.1,1.0,walk,road,1
,1312,4925,4955,36,73.0,1.0,walk,road,1
,1312,4859,4858,8,63.6,1.0,walk,road,1
,1312,4847,4846,7,61.7,1.0,walk,road,1
,1312,4844,4848,15,62.5,1.0,walk,road,1
,1312,4827,5066,14,61.3,1.0,walk,road,1
,1312,5062,5067,36,68.7,1.0,walk,road,1
,1312,4852,5068,56,68.8,1.0,walk,road,1
,1312,4899,5069,51,73.3,1.0,walk,road,1
,1312,4963,5070,25,73.2,1.0,walk,road,1
,1312,4895,5071,26,66.9,1.0,walk,road,1
,1312,4837,5072,6,63.7,1.0,walk,road,1
,1312,4856,5073,24,73.3,1.0,walk,road,1
,1312,4908,5074,19,67.2,1.0,walk,road,1
,1312,4947,5075,27,71.8,1.0,walk,road,1
,1312,4980,5076,20,62.0,1.0,walk,road,1
,1312,4766,5077,47,67.2,1.0,walk,road,1
,1312,4725,5078,26,70.4,1.0,walk,road,1
,1312,4744,5079,19,66.3,1.0,walk,road,1
,1312,4737,5080,26,71.3,1.0,walk,road,1
,1312,4902,5081,33,71.4,1.0,walk,road,1
,1312,4830,5082,64,73.5,1.0,walk,road,1
,1312,4785,5083,93,74.9,1.0,walk,road,1
,1312,4782,5084,17,65.5,1.0,walk,road,1
,1312,4785,5085,37,67.1,1.0,walk,road,1
,1312,4741,5086,19,61.5,1.0,walk,road,1
,1312,4750,5087,39,70.1,1.0,walk,road,1
,1312,4750,5088,45,73.3,1.0,walk,road,1
,1312,4815,5089,33,70.1,1.0,walk,road,1
,1312,4865,5090,19,61.8,1.0,walk,road,1
,1312,4872,5091,27,73.1,1.0,walk,road,1
,1312,4821,5092,77,78.2,1.0,walk,road,1
,1312,4835,5093,9,63.5,1.0,walk,road,1
,1312,4980,5094,17,63.9,1.0,walk,road,1
,1312,4981,5095,16,66.8,1.0,walk,road,1
,1312,5022,5096,23,73.8,1.0,walk,road,1
,1312,5040,5097,14,64.0,1.0,walk,road,1
,1312,5018,5098,34,69.1,1.0,walk,road,1
,1312,5024,5099,20,65.1,1.0,walk,road,1
,1312,4864,5100,58,69.1,1.0,walk,road,1
,1312,4745,5101,29,67.6,1.0,walk,road,1
,1312,4744,5102,36,70.7,1.0,walk,road,1
,1312,4784,5103,22,67.1,1.0,walk,road,1
,1312,4796,5104,42,73.0,1.0,walk,road,1
,1312,4880,5105,63,78.0,1.0,walk,road,1
,1312,4959,5106,19,67.5,1.0,walk,road,1
,1312,5051,5107,22,67.0,1.0,walk,road,1
,1312,4786,5108,16,63.9,1.0,walk,road,1
,1312,4814,5109,29,67.8,1.0,walk,road,1
,1312,4784,5110,50,68.5,1.0,walk,road,1
,1312,5028,5111,12,62.9,1.0,walk,road,1
,1312,4840,5112,9,61.1,1.0,walk,road,1
,1312,5014,5113,8,63.8,1.0,walk,road,1
,1313,5190,5189,70,80.3,1.0,walk,road,1
,1313,5189,5188,80,80.4,1.0,walk,road,1
,1313,5188,5187,54,73.1,1.0,walk,road,1
,1313,5187,5186,20,60.4,1.0,walk,road,1
,1313,5186,5184,54,69.4,1.0,walk,road,1
,1313,5184,5182,144,74.5,1.0,walk,road,1
,1313,5182,5181,43,73.3,1.0,walk,road,1
,1313,5222,5220,34,73.2,1.0,walk,road,1
,1313,5143,5142,74,74.6,1.0,walk,road,1
,1313,5173,5172,144,78.5,1.0,walk,road,1
,1313,5172,5182,68,79.2,1.0,walk,road,1
,1313,5127,5126,62,72.0,1.0,walk,road,1
,1313,5135,5150,46,73.2,1.0,walk,road,1
,1313,5150,5152,11,61.3,1.0,walk,road,1
,1313,5150,5146,36,72.5,1.0,walk,road,1
,1313,5147,5148,42,66.2,1.0,walk,road,1
,1313,5152,5189,156,77.5,1.0,walk,road,1
,1313,5131,5132,45,68.9,1.0,walk,road,1
,1313,5132,5133,19,62.7,1.0,walk,road,1
,1313,5133,5130,64,74.4,1.0,walk,road,1
,1313,5236,5235,145,76.5,1.0,walk,road,1
,1313,5235,5234,117,73.3,1.0,walk,road,1
,1313,5234,5233,58,72.8,1.0,walk,road,1
,1313,5236,5232,21,71.3,1.0,walk,road,1
,1313,5232,5231,7,62.5,1.0,walk,road,1
,1313,5231,5230,34,70.9,1.0,walk,road,1
,1313,5230,5220,57,67.3,1.0,walk,road,1
,1313,5220,5202,56,69.7,1.0,walk,road,1
,1313,5202,5190,64,75.2,1.0,walk,road,1
,1313,5190,5157,156,81.8,1.0,walk,road,1
,1313,5157,5141,26,72.2,1.0,walk,road,1
,1313,5230,5229,68,75.1,1.0,walk,road,1
,1313,5228,5227,76,79.7,1.0,walk,road,1
,1313,5227,5226,121,80.8,1.0,walk,road,1
,1313,5226,5225,55,68.7,1.0,walk,road,1
,1313,5205,5204,64,80.8,1.0,walk,road,1
,1313,5204,5207,73,78.8,1.0,walk,road,1
,1313,5226,5234,57,69.2,1.0,walk,road,1
,1313,5202,5200,70,77.9,1.0,walk,road,1
,1313,5200,5197,78,74.0,1.0,walk,road,1
,1313,5197,5196,126,73.0,1.0,walk,road,1
,1313,5117,5129,51,72.2,1.0,walk,road,1
,1313,5129,5131,6,60.7,1.0,walk,road,1
,1313,5131,5142,60,67.9,1.0,walk,road,1
,1313,5142,5156,20,62.9,1.0,walk,road,1
,1313,5156,5163,36,72.4,1.0,walk,road,1
,1313,5168,5173,34,66.9,1.0,walk,road,1
,1313,5173,5176,40,70.1,1.0,walk,road,1
,1313,5176,5184,32,67.9,1.0,walk,road,1
,1313,5184,5196,66,79.6,1.0,walk,road,1
,1313,5125,5124,28,69.7,1.0,walk,road,1
,1313,5124,5123,48,70.3,1.0,walk,road,1
,1313,5123,5122,43,72.6,1.0,walk,road,1
,1313,5125,5115,48,70.6,1.0,walk,road,1
,1313,5115,5114,119,72.2,1.0,walk,road,1
,1313,5114,5122,49,72.4,1.0,walk,road,1
,1313,5122,5136,44,72.0,1.0,walk,road,1
,1313,5136,5161,74,80.7,1.0,walk,road,1
,1313,5161,5171,51,69.8,1.0,walk,road,1
,1313,5201,5226,108,75.2,1.0,walk,road,1
,1313,5118,5116,78,71.9,1.0,walk,road,1
,1313,5118,5120,23,72.6,1.0,walk,road,1
,1313,5126,5135,36,69.2,1.0,walk,road,1
,1313,5116,5130,58,67.4,1.0,walk,road,1
,1313,5130,5134,21,68.9,1.0,walk,road,1
,1313,5167,5178,76,78.1,1.0,walk,road,1
,1313,5179,5188,29,71.1,1.0,walk,road,1
,1313,5188,5197,64,72.5,1.0,walk,road,1
,1313,5211,5227,58,70.1,1.0,walk,road,1
,1313,5227,5235,60,70.4,1.0,walk,road,1
,1313,5235,5237,28,67.7,1.0,walk,road,1
,1313,5205,5218,49,68.0,1.0,walk,road,1
,1313,5218,5225,51,69.7,1.0,walk,road,1
,1313,5225,5233,57,68.0,1.0,walk,road,1
,1313,5124,5153,95,76.8,1.0,walk,road,1
,1313,5153,5170,64,77.6,1.0,walk,road,1
,1313,5123,5138,43,68.4,1.0,walk,road,1
,1313,5138,5162,73,80.2,1.0,walk,road,1
,1313,5162,5172,53,71.1,1.0,walk,road,1
,1313,5162,5161,40,72.2,1.0,walk,road,1
,1313,5172,5171,40,70.8,1.0,walk,road,1
,1313,5138,5136,42,66.0,1.0,walk,road,1
,1313,5137,5135,59,71.3,1.0,walk,road,1
,1313,5135,5134,79,73.8,1.0,walk,road,1
,1313,5145,5144,5,67.1,1.0,walk,road,1
,1313,5144,5159,26,70.1,1.0,walk,road,1
,1313,5159,5158,10,63.0,1.0,walk,road,1
,1313,5158,5164,31,71.1,1.0,walk,road,1
,1313,5164,5165,10,62.8,1.0,walk,road,1
,1313,5165,5160,28,67.8,1.0,walk,road,1
,1313,5160,5145,28,71.5,1.0,walk,road,1
,1313,5132,5139,28,68.7,1.0,walk,road,1
,1313,5133,5119,50,68.8,1.0,walk,road,1
,1313,5156,5155,18,60.1,1.0,walk,road,1
,1313,5154,5153,71,80.6,1.0,walk,road,1
,1313,5201,5203,48,66.0,1.0,walk,road,1
,1313,5167,5166,16,60.3,1.0,walk,road,1
,1313,5166,5165,10,60.9,1.0,walk,road,1
,1313,5164,5163,91,72.9,1.0,walk,road,1
,1313,5148,5167,54,71.1,1.0,walk,road,1
,1313,5210,5219,9,66.0,1.0,walk,road,1
,1313,5219,5221,51,67.2,1.0,walk,road,1
,1313,5223,5224,36,68.3,1.0,walk,road,1
,1313,5200,5209,46,68.3,1.0,walk,road,1
,1313,5209,5210,45,66.0,1.0,walk,road,1
,1313,5197,5211,55,71.2,1.0,walk,road,1
,1313,5204,5208,25,67.7,1.0,walk,road,1
,1313,5182,5183,5,67.8,1.0,walk,road,1
,1313,5192,5187,29,71.8,1.0,walk,road,1
,1313,5196,5198,6,64.9,1.0,walk,road,1
,1313,5219,5215,57,66.1,1.0,walk,road,1
,1313,5215,5214,35,71.6,1.0,walk,road,1
,1313,5214,5213,12,65.7,1.0,walk,road,1
,1313,5213,5212,12,61.4,1.0,walk,road,1
,1313,5157,5152,68,79.8,1.0,walk,road,1
,1313,5176,5177,6,64.7,1.0,walk,road,1
,1313,5177,5180,24,71.7,1.0,walk,road,1
,1313,5177,5175,38,72.9,1.0,walk,road,1
,1313,5174,5169,24,71.2,1.0,walk,road,1
,1313,5174,5173,9,63.1,1.0,walk,road,1
,1313,5133,5140,28,68.9,1.0,walk,road,1
,1313,5199,5194,38,68.2,1.0,walk,road,1
,1313,5194,5191,24,67.2,1.0,walk,road,1
,1313,5191,5185,101,74.8,1.0,walk,road,1
,1313,5201,5195,38,72.7,1.0,walk,road,1
,1313,5195,5194,27,66.5,1.0,walk,road,1
,1313,5186,5193,33,72.0,1.0,walk,road,1
,1313,5150,5149,9,61.4,1.0,walk,road,1
,1313,5200,5215,54,71.1,1.0,walk,road,1
,1313,5215,5224,47,67.7,1.0,walk,road,1
,1313,5202,5206,14,61.9,1.0,walk,road,1
,1313,5122,5121,26,67.2,1.0,walk,road,1
,1313,5217,5216,17,60.8,1.0,walk,road,1
,1313,5217,5218,6,67.1,1.0,walk,road,1
,1313,5129,5128,65,72.5,1.0,walk,road,1
,1313,5159,5165,28,69.3,1.0,walk,road,1
,1313,5160,5159,6,63.1,1.0,walk,road,1
,1313,5149,5151,52,69.1,1.0,walk,road,1
,1313,5116,5238,4,62.7,1.0,walk,road,1
,1313,5222,5239,15,63.9,1.0,walk,road,1
,1313,5237,5240,40,60.6,1.0,walk,road,1
,1313,5204,5241,38,61.4,1.0,walk,road,1
,1313,5225,5242,67,63.7,1.0,walk,road,1
,1313,5146,5243,20,64.2,1.0,walk,road,1
,1313,5163,5244,33,61.1,1.0,walk,road,1
,1313,5156,5245,19,64.4,1.0,walk,road,1
,1313,5134,5246,19,63.6,1.0,walk,road,1
,1313,5164,5247,22,60.5,1.0,walk,road,1
,1313,5140,5248,11,61.8,1.0,walk,road,1
,1313,5131,5249,39,62.3,1.0,walk,road,1
,1313,5198,5250,53,61.6,1.0,walk,road,1
,1313,5218,5251,33,61.2,1.0,walk,road,1
,1313,5192,5252,16,62.5,1.0,walk,road,1
,1313,5226,5253,63,64.1,1.0,walk,road,1
,1313,5228,5254,35,64.8,1.0,walk,road,1
,1313,5200,5255,28,62.6,1.0,walk,road,1
,1313,5169,5256,35,63.0,1.0,walk,road,1
,1313,5154,5257,40,62.9,1.0,walk,road,1
,1313,5158,5258,8,62.3,1.0,walk,road,1
,1313,5143,5259,14,64.9,1.0,walk,road,1
,1313,5116,5260,20,60.0,1.0,walk,road,1
,1313,5117,5261,18,62.1,1.0,walk,road,1
,1313,5117,5262,25,63.7,1.0,walk,road,1
,1313,5190,5263,37,60.0,1.0,walk,road,1
,1313,5157,5264,32,59.9,1.0,walk,road,1
,1313,5132,5265,35,59.5,1.0,walk,road,1
,1313,5127,5266,32,64.1,1.0,walk,road,1
,1314,5274,5273,211,80.2,1.0,walk,road,1
,1314,5273,5272,183,79.1,1.0,walk,road,1
,1314,5272,5271,31,69.9,1.0,walk,road,1
,1314,5268,5272,26,72.6,1.0,walk,road,1
,1314,5272,5339,325,79.2,1.0,walk,road,1
,1314,5339,5345,35,73.5,1.0,walk,road,1
,1314,5345,5350,99,75.6,1.0,walk,road,1
,1314,5267,5268,31,69.1,1.0,walk,road,1
,1314,5268,5269,393,87.3,1.0,walk,road,1
,1314,5304,5303,29,70.4,1.0,walk,road,1
,1314,5303,5313,33,72.1,1.0,walk,road,1
,1314,5313,5319,30,72.2,1.0,walk,road,1
,1314,5319,5320,19,60.7,1.0,walk,road,1
,1314,5320,5321,18,68.0,1.0,walk,road,1
,1314,5321,5314,30,70.9,1.0,walk,road,1
,1314,5314,5305,32,68.5,1.0,walk,road,1
,1314,5328,5331,14,61.9,1.0,walk,road,1
,1314,5331,5337,37,68.4,1.0,walk,road,1
,1314,5337,5338,15,62.0,1.0,walk,road,1
,1314,5338,5340,61,80.1,1.0,walk,road,1
,1314,5340,5341,18,65.0,1.0,walk,road,1
,1314,5341,5346,15,64.0,1.0,walk,road,1
,1314,5346,5347,58,73.1,1.0,walk,road,1
,1314,5347,5349,42,67.9,1.0,walk,road,1
,1314,5327,5316,42,66.6,1.0,walk,road,1
,1314,5316,5315,7,61.7,1.0,walk,road,1
,1314,5316,5317,56,73.0,1.0,walk,road,1
,1314,5317,5284,105,74.9,1.0,walk,road,1
,1314,5289,5288,44,69.1,1.0,walk,road,1
,1314,5288,5287,33,71.7,1.0,walk,road,1
,1314,5287,5286,28,72.3,1.0,walk,road,1
,1314,5286,5285,59,71.3,1.0,walk,road,1
,1314,5285,5284,52,68.8,1.0,walk,road,1
,1314,5287,5306,48,67.8,1.0,walk,road,1
,1314,5306,5307,22,71.2,1.0,walk,road,1
,1314,5307,5329,79,77.9,1.0,walk,road,1
,1314,5306,5302,87,78.5,1.0,walk,road,1
,1314,5285,5302,48,66.2,1.0,walk,road,1
,1314,5302,5318,57,68.6,1.0,walk,road,1
,1314,5311,5312,91,80.0,1.0,walk,road,1
,1314,5283,5282,12,65.6,1.0,walk,road,1
,1314,5282,5281,142,80.4,1.0,walk,road,1
,1314,5333,5322,41,72.9,1.0,walk,road,1
,1314,5322,5312,37,67.1,1.0,walk,road,1
,1314,5312,5294,45,67.5,1.0,walk,road,1
,1314,5294,5292,22,73.1,1.0,walk,road,1
,1314,5292,5281,40,73.9,1.0,walk,road,1
,1314,5281,5279,22,69.6,1.0,walk,road,1
,1314,5279,5278,92,73.6,1.0,walk,road,1
,1314,5322,5323,42,73.2,1.0,walk,road,1
,1314,5323,5324,23,67.1,1.0,walk,road,1
,1314,5324,5325,24,68.9,1.0,walk,road,1
,1314,5325,5326,51,73.4,1.0,walk,road,1
,1314,5326,5299,82,74.5,1.0,walk,road,1
,1314,5326,5334,41,70.7,1.0,walk,road,1
,1314,5335,5301,121,74.3,1.0,walk,road,1
,1314,5338,5344,68,72.7,1.0,walk,road,1
,1314,5344,5347,62,73.5,1.0,walk,road,1
,1314,5317,5318,51,68.8,1.0,walk,road,1
,1314,5284,5275,58,67.7,1.0,walk,road,1
,1314,5275,5273,17,63.3,1.0,walk,road,1
,1314,5294,5295,43,73.3,1.0,walk,road,1
,1314,5295,5296,8,63.1,1.0,walk,road,1
,1314,5296,5297,28,67.8,1.0,walk,road,1
,1314,5297,5298,10,67.6,1.0,walk,road,1
,1314,5298,5299,57,68.6,1.0,walk,road,1
,1314,5299,5300,7,67.8,1.0,walk,road,1
,1314,5300,5291,28,70.5,1.0,walk,road,1
,1314,5291,5283,35,66.7,1.0,walk,road,1
,1314,5293,5291,57,73.5,1.0,walk,road,1
,1314,5331,5332,17,67.4,1.0,walk,road,1
,1314,5332,5348,173,81.8,1.0,walk,road,1
,1314,5290,5292,90,74.4,1.0,walk,road,1
,1314,5310,5309,34,71.7,1.0,walk,road,1
,1314,5309,5308,10,61.6,1.0,walk,road,1
,1314,5337,5336,54,68.2,1.0,walk,road,1
,1314,5296,5303,13,60.9,1.0,walk,road,1
,1314,5297,5304,13,60.6,1.0,walk,road,1
,1314,5350,5351,12,65.9,1.0,walk,road,1
,1314,5269,5270,287,79.4,1.0,walk,road,1
,1314,5277,5274,296,77.5,1.0,walk,road,1
,1314,5300,5301,59,68.5,1.0,walk,road,1
,1314,5298,5314,45,73.7,1.0,walk,road,1
,1314,5314,5325,37,72.4,1.0,walk,road,1
,1314,5295,5313,45,72.4,1.0,walk,road,1
,1314,5313,5323,37,66.6,1.0,walk,road,1
,1314,5280,5279,143,75.4,1.0,walk,road,1
,1314,5280,5282,21,66.6,1.0,walk,road,1
,1314,5278,5276,104,72.1,1.0,walk,road,1
,1314,5276,5275,109,74.2,1.0,walk,road,1
,1314,5276,5286,59,66.4,1.0,walk,road,1
,1314,5288,5308,69,76.3,1.0,walk,road,1
,1314,5330,5309,80,71.9,1.0,walk,road,1
,1314,5308,5307,33,73.5,1.0,walk,road,1
,1314,5320,5324,7,67.6,1.0,walk,road,1
,1314,5339,5340,64,76.1,1.0,walk,road,1
,1314,5346,5345,64,71.1,1.0,walk,road,1
,1314,5343,5341,13,65.0,1.0,walk,road,1
,1314,5342,5343,8,64.7,1.0,walk,road,1
,1314,5344,5342,14,64.1,1.0,walk,road,1
,1314,5333,5352,125,79.8,1.0,walk,road,1
,1314,5273,5353,55,71.6,1.0,walk,road,1
,1314,5273,5354,54,71.8,1.0,walk,road,1
,1314,5318,5355,46,71.5,1.0,walk,road,1
,1314,5309,5356,27,73.2,1.0,walk,road,1
,1314,5334,5357,67,78.9,1.0,walk,road,1
,1314,5348,5358,93,78.4,1.0,walk,road,1
,1314,5348,5359,58,68.7,1.0,walk,road,1
,1314,5348,5360,70,74.8,1.0,walk,road,1
,1314,5329,5361,127,72.4,1.0,walk,road,1
,1314,5314,5362,30,73.4,1.0,walk,road,1
,1314,5292,5363,16,65.4,1.0,walk,road,1
,1314,5281,5364,30,71.2,1.0,walk,road,1
,1314,5299,5365,30,70.4,1.0,walk,road,1
,1314,5348,5366,37,68.9,1.0,walk,road,1
,1314,5347,5367,47,71.9,1.0,walk,road,1
,1314,5344,5368,24,68.0,1.0,walk,road,1
,1314,5336,5369,16,63.7,1.0,walk,road,1
,1314,5317,5370,19,63.5,1.0,walk,road,1
,1314,5308,5371,38,71.9,1.0,walk,road,1
,1314,5316,5372,68,75.8,1.0,walk,road,1
,1314,5326,5373,43,66.7,1.0,walk,road,1
,1314,5322,5374,45,66.4,1.0,walk,road,1
,1314,5313,5375,21,67.3,1.0,walk,road,1
,1314,5315,5376,21,68.9,1.0,walk,road,1
,1314,5306,5377,18,62.7,1.0,walk,road,1
,1314,5302,5378,31,67.4,1.0,walk,road,1
,1314,5286,5379,37,68.5,1.0,walk,road,1
,1314,5286,5380,27,72.5,1.0,walk,road,1
,1314,5290,5381,45,73.9,1.0,walk,road,1
,1314,5297,5382,33,72.7,1.0,walk,road,1
,1314,5283,5383,29,67.7,1.0,walk,road,1
,1314,5281,5384,46,70.8,1.0,walk,road,1
,1314,5284,5385,91,73.9,1.0,walk,road,1
,1314,5284,5386,43,70.6,1.0,walk,road,1
,1314,5288,5387,37,73.6,1.0,walk,road,1
,1314,5285,5388,37,71.4,1.0,walk,road,1
,1314,5317,5389,36,66.4,1.0,walk,road,1
,1314,5284,5390,63,73.1,1.0,walk,road,1
,1314,5333,5391,47,67.9,1.0,walk,road,1
,1316,5434,5449,231,85.9,1.0,walk,road,1
,1316,5402,5393,98,72.0,1.0,walk,road,1
,1316,5431,5446,143,75.5,1.0,walk,road,1
,1316,5446,5445,169,83.2,1.0,walk,road,1
,1316,5394,5395,15,66.7,1.0,walk,road,1
,1316,5395,5411,133,73.1,1.0,walk,road,1
,1316,5411,5423,75,79.5,1.0,walk,road,1
,1316,5419,5423,95,76.0,1.0,walk,road,1
,1316,5423,5427,62,80.7,1.0,walk,road,1
,1316,5427,5430,166,79.1,1.0,walk,road,1
,1316,5392,5395,91,73.3,1.0,walk,road,1
,1316,5395,5396,73,72.4,1.0,walk,road,1
,1316,5396,5397,25,67.5,1.0,walk,road,1
,1316,5407,5411,96,77.5,1.0,walk,road,1
,1316,5411,5412,74,72.5,1.0,walk,road,1
,1316,5412,5413,65,78.7,1.0,walk,road,1
,1316,5413,5416,85,80.3,1.0,walk,road,1
,1316,5427,5445,148,77.3,1.0,walk,road,1
,1316,5421,5424,74,79.1,1.0,walk,road,1
,1316,5424,5426,83,76.2,1.0,walk,road,1
,1316,5426,5428,85,77.5,1.0,walk,road,1
,1316,5397,5398,20,67.1,1.0,walk,road,1
,1316,5398,5399,63,76.7,1.0,walk,road,1
,1316,5399,5400,46,73.2,1.0,walk,road,1
,1316,5400,5402,81,80.2,1.0,walk,road,1
,1316,5402,5410,257,77.0,1.0,walk,road,1
,1316,5444,5442,86,73.2,1.0,walk,road,1
,1316,5429,5444,87,77.3,1.0,walk,road,1
,1316,5444,5452,212,76.3,1.0,walk,road,1
,1316,5400,5416,129,75.1,1.0,walk,road,1
,1316,5421,5433,103,72.0,1.0,walk,road,1
,1316,5430,5432,29,69.6,1.0,walk,road,1
,1316,5432,5433,69,79.9,1.0,walk,road,1
,1316,5433,5436,38,69.0,1.0,walk,road,1
,1316,5436,5438,37,72.8,1.0,walk,road,1
,1316,5438,5440,80,78.8,1.0,walk,road,1
,1316,5440,5443,84,79.3,1.0,walk,road,1
,1316,5443,5442,10,63.0,1.0,walk,road,1
,1316,5424,5438,103,71.6,1.0,walk,road,1
,1316,5440,5426,104,74.1,1.0,walk,road,1
,1316,5426,5417,48,71.2,1.0,walk,road,1
,1316,5414,5415,71,72.9,1.0,walk,road,1
,1316,5415,5424,39,72.2,1.0,walk,road,1
,1316,5428,5410,121,77.4,1.0,walk,road,1
,1316,5428,5429,82,72.5,1.0,walk,road,1
,1316,5429,5434,86,72.9,1.0,walk,road,1
,1316,5434,5439,120,73.8,1.0,walk,road,1
,1316,5439,5441,28,71.1,1.0,walk,road,1
,1316,5447,5450,91,74.3,1.0,walk,road,1
,1316,5450,5451,22,71.1,1.0,walk,road,1
,1316,5399,5404,48,67.6,1.0,walk,road,1
,1316,5404,5403,51,69.2,1.0,walk,road,1
,1316,5403,5398,47,70.7,1.0,walk,road,1
,1316,5413,5409,48,68.5,1.0,walk,road,1
,1316,5409,5408,12,61.7,1.0,walk,road,1
,1316,5408,5403,32,73.5,1.0,walk,road,1
,1316,5403,5401,41,68.2,1.0,walk,road,1
,1316,5401,5396,49,69.5,1.0,walk,road,1
,1316,5408,5406,57,68.8,1.0,walk,road,1
,1316,5406,5405,15,60.1,1.0,walk,road,1
,1316,5405,5401,39,70.8,1.0,walk,road,1
,1316,5406,5412,50,71.3,1.0,walk,road,1
,1316,5432,5425,58,68.6,1.0,walk,road,1
,1316,5425,5422,38,72.9,1.0,walk,road,1
,1316,5422,5418,17,63.7,1.0,walk,road,1
,1316,5448,5436,212,85.5,1.0,walk,road,1
,1316,5452,5450,121,78.5,1.0,walk,road,1
,1316,5450,5448,165,80.3,1.0,walk,road,1
,1316,5420,5414,31,73.7,1.0,walk,road,1
,1316,5416,5418,52,70.1,1.0,walk,road,1
,1316,5418,5420,41,71.1,1.0,walk,road,1
,1316,5420,5421,6,62.4,1.0,walk,road,1
,1316,5451,5453,9,65.4,1.0,walk,road,1
,1316,5437,5435,38,73.5,1.0,walk,road,1
,1316,5439,5437,19,65.6,1.0,walk,road,1
,1316,5433,5454,32,67.9,1.0,walk,road,1
,1316,5392,5455,60,67.4,1.0,walk,road,1
,1316,5425,5456,37,73.0,1.0,walk,road,1
,1316,5443,5457,50,69.4,1.0,walk,road,1
,1316,5447,5458,86,80.7,1.0,walk,road,1
,1316,5447,5459,31,71.1,1.0,walk,road,1
,1316,5447,5460,14,62.0,1.0,walk,road,1
,1316,5447,5461,84,80.9,1.0,walk,road,1
,1316,5442,5462,49,66.6,1.0,walk,road,1
,1316,5442,5463,45,69.1,1.0,walk,road,1
,1316,5438,5464,46,70.1,1.0,walk,road,1
,1316,5424,5465,60,68.2,1.0,walk,road,1
,1316,5424,5466,44,67.1,1.0,walk,road,1
,1316,5426,5467,45,72.8,1.0,walk,road,1
,1316,5443,5468,57,71.8,1.0,walk,road,1
,1316,5436,5469,42,70.8,1.0,walk,road,1
,1316,5438,5470,46,68.9,1.0,walk,road,1
,1316,5415,5471,31,73.7,1.0,walk,road,1
,1316,5448,5472,85,71.5,1.0,walk,road,1
,1316,5438,5473,85,79.0,1.0,walk,road,1
,1316,5431,5474,72,78.6,1.0,walk,road,1
,1316,5415,5475,53,68.0,1.0,walk,road,1
,1316,5445,5476,59,70.8,1.0,walk,road,1
,1316,5445,5477,71,79.7,1.0,walk,road,1
,1316,5446,5478,47,70.6,1.0,walk,road,1
,1316,5431,5479,73,74.8,1.0,walk,road,1
,1316,5429,5480,45,73.6,1.0,walk,road,1
,1316,5429,5481,45,66.9,1.0,walk,road,1
,1316,5434,5482,115,79.0,1.0,walk,road,1
,1316,5437,5483,48,66.3,1.0,walk,road,1
,1316,5410,5484,97,75.7,1.0,walk,road,1
,1316,5429,5485,44,69.4,1.0,walk,road,1
,1316,5429,5486,34,67.9,1.0,walk,road,1
,1316,5428,5487,43,73.5,1.0,walk,road,1
,1316,5413,5488,47,72.5,1.0,walk,road,1
,1316,5434,5489,100,75.1,1.0,walk,road,1
,1316,5414,5490,64,78.3,1.0,walk,road,1
,1316,5416,5491,58,66.9,1.0,walk,road,1
,1316,5434,5492,109,73.9,1.0,walk,road,1
,1316,5434,5493,112,71.3,1.0,walk,road,1
,1316,5446,5494,91,73.5,1.0,walk,road,1
,1316,5449,5495,108,75.0,1.0,walk,road,1
,1316,5411,5496,46,69.9,1.0,walk,road,1
,1316,5452,5497,46,67.5,1.0,walk,road,1
,1316,5449,5498,51,69.8,1.0,walk,road,1
,1316,5418,5499,29,67.2,1.0,walk,road,1
,1316,5400,5500,43,71.6,1.0,walk,road,1
,1316,5452,5501,50,68.9,1.0,walk,road,1
,1316,5449,5502,47,67.0,1.0,walk,road,1
,1317,5507,5515,44,69.2,1.0,walk,road,1
,1317,5516,5519,9,63.5,1.0,walk,road,1
,1317,5519,5541,94,80.1,1.0,walk,road,1
,1317,5541,5573,90,77.0,1.0,walk,road,1
,1317,5573,5593,104,76.7,1.0,walk,road,1
,1317,5593,5602,39,73.7,1.0,walk,road,1
,1317,5529,5541,127,78.3,1.0,walk,road,1
,1317,5582,5584,8,60.4,1.0,walk,road,1
,1317,5584,5591,44,69.8,1.0,walk,road,1
,1317,5591,5596,49,67.8,1.0,walk,road,1
,1317,5596,5607,93,72.5,1.0,walk,road,1
,1317,5607,5619,70,78.4,1.0,walk,road,1
,1317,5619,5638,210,80.6,1.0,walk,road,1
,1317,5638,5651,102,74.7,1.0,walk,road,1
,1317,5651,5650,118,77.1,1.0,walk,road,1
,1317,5650,5649,91,75.8,1.0,walk,road,1
,1317,5649,5648,13,64.3,1.0,walk,road,1
,1317,5648,5647,91,79.3,1.0,walk,road,1
,1317,5647,5646,121,71.9,1.0,walk,road,1
,1317,5646,5645,193,82.3,1.0,walk,road,1
,1317,5518,5514,64,73.6,1.0,walk,road,1
,1317,5514,5508,17,60.6,1.0,walk,road,1
,1317,5515,5535,231,83.0,1.0,walk,road,1
,1317,5535,5570,230,84.5,1.0,walk,road,1
,1317,5570,5575,35,66.4,1.0,walk,road,1
,1317,5575,5583,75,75.1,1.0,walk,road,1
,1317,5532,5530,12,60.1,1.0,walk,road,1
,1317,5530,5516,86,71.2,1.0,walk,road,1
,1317,5516,5511,75,72.0,1.0,walk,road,1
,1317,5511,5503,56,68.6,1.0,walk,road,1
,1317,5576,5578,25,69.3,1.0,walk,road,1
,1317,5579,5574,43,66.2,1.0,walk,road,1
,1317,5574,5547,84,77.8,1.0,walk,road,1
,1317,5547,5546,18,61.9,1.0,walk,road,1
,1317,5548,5551,6,64.0,1.0,walk,road,1
,1317,5508,5512,19,62.8,1.0,walk,road,1
,1317,5504,5509,25,68.3,1.0,walk,road,1
,1317,5514,5509,30,70.3,1.0,walk,road,1
,1317,5551,5550,13,66.9,1.0,walk,road,1
,1317,5555,5567,93,71.9,1.0,walk,road,1
,1317,5567,5575,26,70.8,1.0,walk,road,1
,1317,5533,5530,7,67.4,1.0,walk,road,1
,1317,5513,5511,7,65.1,1.0,walk,road,1
,1317,5503,5504,10,65.6,1.0,walk,road,1
,1317,5564,5566,27,72.6,1.0,walk,road,1
,1317,5566,5569,24,68.8,1.0,walk,road,1
,1317,5569,5576,39,72.5,1.0,walk,road,1
,1317,5577,5581,53,69.0,1.0,walk,road,1
,1317,5581,5584,26,71.6,1.0,walk,road,1
,1317,5584,5590,91,78.9,1.0,walk,road,1
,1317,5590,5595,98,77.7,1.0,walk,road,1
,1317,5574,5571,22,72.1,1.0,walk,road,1
,1317,5505,5513,30,69.2,1.0,walk,road,1
,1317,5513,5517,63,80.8,1.0,walk,road,1
,1317,5518,5519,12,61.8,1.0,walk,road,1
,1317,5519,5533,86,75.1,1.0,walk,road,1
,1317,5533,5559,193,78.8,1.0,walk,road,1
,1317,5561,5564,35,67.1,1.0,walk,road,1
,1317,5565,5566,7,64.7,1.0,walk,road,1
,1317,5566,5568,6,60.7,1.0,walk,road,1
,1317,5580,5581,9,66.9,1.0,walk,road,1
,1317,5581,5587,32,66.6,1.0,walk,road,1
,1317,5587,5585,26,69.5,1.0,walk,road,1
,1317,5588,5590,7,61.9,1.0,walk,road,1
,1317,5590,5598,66,76.1,1.0,walk,road,1
,1317,5598,5597,65,80.2,1.0,walk,road,1
,1317,5597,5596,10,66.8,1.0,walk,road,1
,1317,5589,5588,7,63.4,1.0,walk,road,1
,1317,5588,5582,91,80.3,1.0,walk,road,1
,1317,5582,5580,27,69.7,1.0,walk,road,1
,1317,5580,5565,115,80.8,1.0,walk,road,1
,1317,5565,5532,247,83.6,1.0,walk,road,1
,1317,5640,5636,106,72.1,1.0,walk,road,1
,1317,5632,5633,97,80.7,1.0,walk,road,1
,1317,5632,5636,104,76.4,1.0,walk,road,1
,1317,5506,5535,129,80.7,1.0,walk,road,1
,1317,5650,5630,228,83.6,1.0,walk,road,1
,1317,5630,5629,97,80.0,1.0,walk,road,1
,1317,5607,5610,108,79.3,1.0,walk,road,1
,1317,5610,5627,98,78.6,1.0,walk,road,1
,1317,5627,5630,53,66.8,1.0,walk,road,1
,1317,5591,5592,12,62.3,1.0,walk,road,1
,1317,5592,5603,141,75.1,1.0,walk,road,1
,1317,5603,5608,84,76.7,1.0,walk,road,1
,1317,5608,5609,71,75.0,1.0,walk,road,1
,1317,5609,5607,75,78.4,1.0,walk,road,1
,1317,5598,5609,90,76.0,1.0,walk,road,1
,1317,5592,5597,45,68.8,1.0,walk,road,1
,1317,5534,5526,36,73.0,1.0,walk,road,1
,1317,5520,5521,42,71.8,1.0,walk,road,1
,1317,5526,5520,14,62.4,1.0,walk,road,1
,1317,5526,5528,23,72.4,1.0,walk,road,1
,1317,5527,5524,18,67.1,1.0,walk,road,1
,1317,5534,5536,74,79.2,1.0,walk,road,1
,1317,5536,5570,89,73.7,1.0,walk,road,1
,1317,5521,5522,34,66.5,1.0,walk,road,1
,1317,5523,5525,17,65.3,1.0,walk,road,1
,1317,5534,5537,16,64.1,1.0,walk,road,1
,1317,5537,5544,39,71.7,1.0,walk,road,1
,1317,5544,5554,22,67.5,1.0,walk,road,1
,1317,5554,5562,18,63.0,1.0,walk,road,1
,1317,5563,5560,21,67.5,1.0,walk,road,1
,1317,5560,5557,17,64.3,1.0,walk,road,1
,1317,5557,5556,5,61.4,1.0,walk,road,1
,1317,5556,5552,10,67.3,1.0,walk,road,1
,1317,5552,5549,5,66.0,1.0,walk,road,1
,1317,5545,5542,7,62.1,1.0,walk,road,1
,1317,5556,5558,26,66.8,1.0,walk,road,1
,1317,5558,5560,6,66.4,1.0,walk,road,1
,1317,5539,5537,6,67.6,1.0,walk,road,1
,1317,5539,5540,5,63.8,1.0,walk,road,1
,1317,5540,5543,7,63.7,1.0,walk,road,1
,1317,5543,5553,16,65.9,1.0,walk,road,1
,1317,5553,5556,11,61.2,1.0,walk,road,1
,1317,5572,5567,51,69.9,1.0,walk,road,1
,1317,5628,5627,61,77.4,1.0,walk,road,1
,1317,5627,5626,96,71.7,1.0,walk,road,1
,1317,5626,5622,99,73.9,1.0,walk,road,1
,1317,5622,5623,84,74.5,1.0,walk,road,1
,1317,5623,5624,34,66.1,1.0,walk,road,1
,1317,5624,5625,62,80.3,1.0,walk,road,1
,1317,5625,5621,99,74.3,1.0,walk,road,1
,1317,5621,5617,68,74.9,1.0,walk,road,1
,1317,5649,5643,60,69.3,1.0,walk,road,1
,1317,5643,5642,9,67.6,1.0,walk,road,1
,1317,5642,5629,167,77.7,1.0,walk,road,1
,1317,5629,5626,55,69.2,1.0,walk,road,1
,1317,5624,5633,89,79.3,1.0,walk,road,1
,1317,5633,5640,105,71.4,1.0,walk,road,1
,1317,5640,5646,86,76.2,1.0,walk,road,1
,1317,5646,5657,90,78.5,1.0,walk,road,1
,1317,5644,5645,25,72.5,1.0,walk,road,1
,1317,5645,5655,72,79.6,1.0,walk,road,1
,1317,5642,5641,94,80.9,1.0,walk,road,1
,1317,5641,5647,58,66.4,1.0,walk,road,1
,1317,5504,5510,13,62.8,1.0,walk,road,1
,1317,5652,5651,44,72.2,1.0,walk,road,1
,1317,5656,5654,294,79.3,1.0,walk,road,1
,1317,5654,5653,102,77.8,1.0,walk,road,1
,1317,5653,5648,59,73.3,1.0,walk,road,1
,1317,5638,5637,160,81.9,1.0,walk,road,1
,1317,5637,5639,29,69.2,1.0,walk,road,1
,1317,5635,5634,56,67.2,1.0,walk,road,1
,1317,5637,5635,16,63.8,1.0,walk,road,1
,1317,5635,5620,196,84.8,1.0,walk,road,1
,1317,5618,5616,45,69.2,1.0,walk,road,1
,1317,5620,5619,194,76.5,1.0,walk,road,1
,1317,5610,5606,9,62.7,1.0,walk,road,1
,1317,5606,5604,67,78.6,1.0,walk,road,1
,1317,5604,5601,22,70.6,1.0,walk,road,1
,1317,5601,5599,55,68.5,1.0,walk,road,1
,1317,5600,5612,90,78.9,1.0,walk,road,1
,1317,5586,5611,174,81.7,1.0,walk,road,1
,1317,5611,5623,90,73.9,1.0,walk,road,1
,1317,5615,5614,152,84.5,1.0,walk,road,1
,1317,5614,5611,99,80.4,1.0,walk,road,1
,1317,5611,5613,79,71.0,1.0,walk,road,1
,1317,5613,5622,88,75.6,1.0,walk,road,1
,1317,5622,5631,61,71.3,1.0,walk,road,1
,1317,5605,5614,33,66.7,1.0,walk,road,1
,1317,5614,5625,89,72.7,1.0,walk,road,1
,1317,5594,5593,77,74.6,1.0,walk,road,1
,1317,5654,5650,59,67.0,1.0,walk,road,1
,1317,5525,5531,63,75.2,1.0,walk,road,1
,1317,5531,5538,43,73.3,1.0,walk,road,1
,1317,5538,5536,82,71.2,1.0,walk,road,1
,1317,5656,5639,160,81.2,1.0,walk,road,1
,1317,5578,5579,3,66.3,1.0,walk,road,1
,1317,5546,5548,3,63.7,1.0,walk,road,1
,1317,5599,5600,4,65.6,1.0,walk,road,1
,1317,5608,5616,13,61.2,1.0,walk,road,1
,1317,5547,5543,35,70.6,1.0,walk,road,1
,1317,5549,5545,4,61.8,1.0,walk,road,1
,1317,5522,5527,5,60.1,1.0,walk,road,1
,1317,5640,5658,62,76.7,1.0,walk,road,1
,1317,5621,5659,59,73.2,1.0,walk,road,1
,1317,5641,5660,89,74.6,1.0,walk,road,1
,1317,5633,5661,82,73.3,1.0,walk,road,1
,1317,5636,5662,71,76.6,1.0,walk,road,1
,1317,5621,5663,49,69.9,1.0,walk,road,1
,1317,5644,5664,41,66.2,1.0,walk,road,1
,1317,5527,5665,22,72.3,1.0,walk,road,1
,1317,5640,5666,61,74.6,1.0,walk,road,1
,1317,5646,5667,68,77.3,1.0,walk,road,1
,1317,5655,5668,63,79.3,1.0,walk,road,1
,1317,5624,5669,20,62.5,1.0,walk,road,1
,1317,5592,5670,36,73.3,1.0,walk,road,1
,1317,5510,5671,19,66.9,1.0,walk,road,1
,1317,5510,5672,36,73.4,1.0,walk,road,1
,1317,5541,5673,72,73.4,1.0,walk,road,1
,1317,5594,5674,45,72.5,1.0,walk,road,1
,1317,5615,5675,56,69.0,1.0,walk,road,1
,1317,5650,5676,72,78.6,1.0,walk,road,1
,1317,5643,5677,87,76.0,1.0,walk,road,1
,1317,5654,5678,50,71.8,1.0,walk,road,1
,1317,5638,5679,74,76.1,1.0,walk,road,1
,1317,5642,5680,48,67.8,1.0,walk,road,1
,1317,5651,5681,51,72.9,1.0,walk,road,1
,1317,5647,5682,61,80.9,1.0,walk,road,1
,1317,5652,5683,65,72.0,1.0,walk,road,1
,1317,5652,5684,36,68.2,1.0,walk,road,1
,1317,5637,5685,67,73.0,1.0,walk,road,1
,1317,5652,5686,82,74.3,1.0,walk,road,1
,1317,5653,5687,37,73.2,1.0,walk,road,1
,1317,5654,5688,51,66.0,1.0,walk,road,1
,1317,5627,5689,21,72.4,1.0,walk,road,1
,1317,5626,5690,30,68.0,1.0,walk,road,1
,1317,5626,5691,27,68.4,1.0,walk,road,1
,1317,5626,5692,46,69.9,1.0,walk,road,1
,1317,5622,5693,41,71.7,1.0,walk,road,1
,1317,5619,5694,97,77.9,1.0,walk,road,1
,1317,5651,5695,12,64.4,1.0,walk,road,1
,1319,5726,5725,11,67.6,1.0,walk,road,1
,1319,5734,5733,10,67.3,1.0,walk,road,1
,1319,5720,5719,92,78.0,1.0,walk,road,1
,1319,5719,5718,111,78.4,1.0,walk,road,1
,1319,5718,5717,11,67.3,1.0,walk,road,1
,1319,5717,5716,96,79.8,1.0,walk,road,1
,1319,5716,5715,157,81.7,1.0,walk,road,1
,1319,5715,5713,30,73.8,1.0,walk,road,1
,1319,5713,5712,53,68.0,1.0,walk,road,1
,1319,5712,5711,5,61.7,1.0,walk,road,1
,1319,5711,5714,6,64.0,1.0,walk,road,1
,1319,5714,5726,101,78.4,1.0,walk,road,1
,1319,5726,5727,18,60.7,1.0,walk,road,1
,1319,5727,5728,25,71.4,1.0,walk,road,1
,1319,5729,5731,80,78.0,1.0,walk,road,1
,1319,5731,5734,45,71.4,1.0,walk,road,1
,1319,5739,5740,61,76.6,1.0,walk,road,1
,1319,5730,5722,151,78.2,1.0,walk,road,1
,1319,5732,5724,174,84.8,1.0,walk,road,1
,1319,5724,5723,12,67.0,1.0,walk,road,1
,1319,5723,5722,97,73.3,1.0,walk,road,1
,1319,5722,5721,147,72.5,1.0,walk,road,1
,1319,5721,5735,241,84.5,1.0,walk,road,1
,1319,5735,5736,5,67.3,1.0,walk,road,1
,1319,5736,5737,5,64.1,1.0,walk,road,1
,1319,5737,5738,6,64.7,1.0,walk,road,1
,1319,5723,5718,49,68.5,1.0,walk,road,1
,1319,5717,5703,134,73.3,1.0,walk,road,1
,1319,5703,5701,92,75.4,1.0,walk,road,1
,1319,5701,5700,6,66.7,1.0,walk,road,1
,1319,5700,5698,153,82.3,1.0,walk,road,1
,1319,5698,5697,11,64.0,1.0,walk,road,1
,1319,5699,5705,20,65.7,1.0,walk,road,1
,1319,5706,5707,7,63.4,1.0,walk,road,1
,1319,5707,5708,5,67.3,1.0,walk,road,1
,1319,5709,5710,4,67.1,1.0,walk,road,1
,1319,5710,5715,79,78.2,1.0,walk,road,1
,1319,5716,5700,132,73.0,1.0,walk,road,1
,1319,5719,5704,141,71.9,1.0,walk,road,1
,1319,5704,5696,48,72.4,1.0,walk,road,1
,1319,5702,5704,120,77.4,1.0,walk,road,1
,1319,5738,5739,6,61.2,1.0,walk,road,1
,1319,5728,5729,4,60.1,1.0,walk,road,1
,1319,5709,5708,8,66.8,1.0,walk,road,1
,1319,5706,5705,4,62.2,1.0,walk,road,1
,1319,5716,5741,72,75.6,1.0,walk,road,1
,1319,5720,5742,24,71.5,1.0,walk,road,1
,1319,5726,5743,22,70.1,1.0,walk,road,1
,1319,5701,5744,16,60.9,1.0,walk,road,1
,1319,5703,5745,44,66.0,1.0,walk,road,1
,1319,5698,5746,37,70.4,1.0,walk,road,1
,1319,5702,5747,30,67.4,1.0,walk,road,1
,1319,5700,5748,20,65.2,1.0,walk,road,1
,1319,5723,5749,83,76.1,1.0,walk,road,1
,1319,5730,5750,64,73.1,1.0,walk,road,1
,1319,5713,5751,38,70.2,1.0,walk,road,1
,1319,5714,5752,46,71.8,1.0,walk,road,1
,1319,5696,5753,96,74.7,1.0,walk,road,1
,1319,5704,5754,64,79.9,1.0,walk,road,1
,1319,5716,5755,72,74.0,1.0,walk,road,1
,1319,5701,5756,59,71.8,1.0,walk,road,1
,1319,5735,5757,84,76.9,1.0,walk,road,1
,1319,5721,5758,26,71.5,1.0,walk,road,1
,1319,5722,5759,50,71.8,1.0,walk,road,1
,1319,5730,5760,63,74.3,1.0,walk,road,1
,1319,5734,5735,121,76.6,1.0,walk,road,1
,1320,5762,5761,9,61.0,1.0,walk,road,1
,1320,5762,5764,41,67.5,1.0,walk,road,1
,1320,5763,5762,24,69.0,1.0,walk,road,1
,1320,5763,5767,42,73.7,1.0,walk,road,1
,1320,5764,5784,31,66.7,1.0,walk,road,1
,1320,5765,5763,22,69.8,1.0,walk,road,1
,1320,5765,5769,49,71.7,1.0,walk,road,1
,1320,5766,5768,13,63.9,1.0,walk,road,1
,1320,5768,5765,27,70.4,1.0,walk,road,1
,1320,5768,5771,81,74.4,1.0,walk,road,1
,1320,5771,5770,26,72.7,1.0,walk,road,1
,1320,5771,5773,36,66.6,1.0,walk,road,1
,1320,5772,5766,89,78.6,1.0,walk,road,1
,1320,5773,5774,4,67.9,1.0,walk,road,1
,1320,5774,5775,26,72.1,1.0,walk,road,1
,1320,5776,5772,47,68.2,1.0,walk,road,1
,1320,5777,5775,50,71.8,1.0,walk,road,1
,1320,5778,5777,26,72.0,1.0,walk,road,1
,1320,5779,5778,57,72.0,1.0,walk,road,1
,1320,5780,5779,36,70.9,1.0,walk,road,1
,1320,5780,5781,138,76.8,1.0,walk,road,1
,1320,5782,5780,92,75.6,1.0,walk,road,1
,1320,5783,5782,37,72.6,1.0,walk,road,1
,1320,5784,5785,36,66.3,1.0,walk,road,1
,1320,5785,5786,49,67.1,1.0,walk,road,1
,1320,5786,5787,44,67.3,1.0,walk,road,1
,1320,5775,5788,37,66.8,1.0,walk,road,1
,1320,5768,5789,38,66.5,1.0,walk,road,1
,1320,5775,5790,32,72.2,1.0,walk,road,1
,1320,5785,5791,8,66.7,1.0,walk,road,1
,1320,5782,5792,65,77.1,1.0,walk,road,1
,1320,5776,5793,80,74.7,1.0,walk,road,1
,1320,5782,5794,11,62.4,1.0,walk,road,1
,1320,5765,5795,19,64.2,1.0,walk,road,1
,1320,5783,5796,6,62.0,1.0,walk,road,1
,1320,5782,5797,28,68.6,1.0,walk,road,1
,1320,5777,5798,10,61.6,1.0,walk,road,1
,1320,5775,5799,43,68.3,1.0,walk,road,1
,1320,5781,5800,68,76.4,1.0,walk,road,1
,1320,5787,5801,6,65.2,1.0,walk,road,1
,1321,5802,5804,29,73.3,1.0,walk,road,1
,1321,5805,5804,29,68.2,1.0,walk,road,1
,1321,5803,5804,29,66.4,1.0,walk,road,1
,1321,5805,5806,29,70.2,1.0,walk,road,1
,1321,5806,5929,29,67.5,1.0,walk,road,1
,1321,5928,5929,29,68.5,1.0,walk,road,1
,1321,5928,5930,29,71.8,1.0,walk,road,1
,1321,5931,5930,29,67.8,1.0,walk,road,1
,1321,5931,5932,29,68.9,1.0,walk,road,1
,1321,5931,5935,30,73.7,1.0,walk,road,1
,1321,5932,5926,29,66.5,1.0,walk,road,1
,1321,5933,5926,29,69.9,1.0,walk,road,1
,1321,5933,5934,29,73.4,1.0,walk,road,1
,1321,5896,5934,29,70.0,1.0,walk,road,1
,1321,5896,5939,29,72.9,1.0,walk,road,1
,1321,5935,5925,29,68.5,1.0,walk,road,1
,1321,5934,5925,29,67.5,1.0,walk,road,1
,1321,5924,5896,29,69.0,1.0,walk,road,1
,1321,5895,5896,29,70.6,1.0,walk,road,1
,1321,5935,5936,29,73.4,1.0,walk,road,1
,1321,5937,5936,29,71.3,1.0,walk,road,1
,1321,5937,5923,29,73.8,1.0,walk,road,1
,1321,5939,5923,29,73.9,1.0,walk,road,1
,1321,5936,5938,29,66.0,1.0,walk,road,1
,1321,5936,5940,29,69.8,1.0,walk,road,1
,1321,5939,5948,29,67.4,1.0,walk,road,1
,1321,5916,5948,29,66.1,1.0,walk,road,1
,1321,5916,5914,29,69.0,1.0,walk,road,1
,1321,5913,5914,29,68.8,1.0,walk,road,1
,1321,5913,5912,29,70.1,1.0,walk,road,1
,1321,5915,5912,29,70.3,1.0,walk,road,1
,1321,5915,5917,29,72.7,1.0,walk,road,1
,1321,5918,5917,29,73.9,1.0,walk,road,1
,1321,5918,5947,29,69.6,1.0,walk,road,1
,1321,5919,5947,29,69.2,1.0,walk,road,1
,1321,5919,5916,29,71.1,1.0,walk,road,1
,1321,5919,5922,29,71.1,1.0,walk,road,1
,1321,5941,5922,29,72.6,1.0,walk,road,1
,1321,5941,5944,29,67.8,1.0,walk,road,1
,1321,5948,5944,29,70.9,1.0,walk,road,1
,1321,5941,5940,29,71.0,1.0,walk,road,1
,1321,5912,5911,29,72.7,1.0,walk,road,1
,1321,5941,5921,29,70.7,1.0,walk,road,1
,1321,5920,5921,29,72.3,1.0,walk,road,1
,1321,5920,5945,29,66.3,1.0,walk,road,1
,1321,5920,5947,29,69.7,1.0,walk,road,1
,1321,5945,5946,29,73.5,1.0,walk,road,1
,1321,5940,5946,29,72.2,1.0,walk,road,1
,1321,5821,5927,29,68.5,1.0,walk,road,1
,1321,5821,5834,29,68.0,1.0,walk,road,1
,1321,5833,5834,29,69.5,1.0,walk,road,1
,1321,5833,5829,29,66.2,1.0,walk,road,1
,1321,5821,5829,29,72.5,1.0,walk,road,1
,1321,5821,5806,29,66.3,1.0,walk,road,1
,1321,5807,5806,29,70.4,1.0,walk,road,1
,1321,5807,5808,29,70.0,1.0,walk,road,1
,1321,5811,5808,29,70.8,1.0,walk,road,1
,1321,5811,5812,29,70.3,1.0,walk,road,1
,1321,5808,5809,29,70.2,1.0,walk,road,1
,1321,5810,5809,29,67.2,1.0,walk,road,1
,1321,5807,5813,29,73.9,1.0,walk,road,1
,1321,5814,5813,29,66.9,1.0,walk,road,1
,1321,5814,5815,29,71.5,1.0,walk,road,1
,1321,5814,5826,29,69.8,1.0,walk,road,1
,1321,5818,5826,29,72.9,1.0,walk,road,1
,1321,5818,5822,29,67.4,1.0,walk,road,1
,1321,5824,5822,29,69.9,1.0,walk,road,1
,1321,5824,5817,29,69.6,1.0,walk,road,1
,1321,5807,5817,29,73.8,1.0,walk,road,1
,1321,5822,5823,29,71.9,1.0,walk,road,1
,1321,5825,5823,29,73.1,1.0,walk,road,1
,1321,5819,5823,29,68.2,1.0,walk,road,1
,1321,5819,5832,29,71.4,1.0,walk,road,1
,1321,5828,5832,29,68.9,1.0,walk,road,1
,1321,5828,5829,29,67.8,1.0,walk,road,1
,1321,5828,5846,29,73.9,1.0,walk,road,1
,1321,5828,5858,29,69.6,1.0,walk,road,1
,1321,5860,5846,29,66.7,1.0,walk,road,1
,1321,5949,5846,29,69.2,1.0,walk,road,1
,1321,5949,5847,29,66.9,1.0,walk,road,1
,1321,5949,5835,29,68.0,1.0,walk,road,1
,1321,5820,5835,29,70.3,1.0,walk,road,1
,1321,5820,5827,29,68.7,1.0,walk,road,1
,1321,5826,5827,29,72.5,1.0,walk,road,1
,1321,5831,5827,29,72.1,1.0,walk,road,1
,1321,5831,5830,29,66.4,1.0,walk,road,1
,1321,5866,5830,29,68.7,1.0,walk,road,1
,1321,5866,5865,29,67.9,1.0,walk,road,1
,1321,5866,5867,29,69.8,1.0,walk,road,1
,1321,5868,5867,29,73.1,1.0,walk,road,1
,1321,5868,5950,29,73.6,1.0,walk,road,1
,1321,5816,5950,29,68.7,1.0,walk,road,1
,1321,5814,5950,29,67.9,1.0,walk,road,1
,1321,5864,5865,29,68.7,1.0,walk,road,1
,1321,5864,5835,29,69.4,1.0,walk,road,1
,1321,5864,5861,29,70.0,1.0,walk,road,1
,1321,5862,5861,29,73.2,1.0,walk,road,1
,1321,5851,5861,29,69.8,1.0,walk,road,1
,1321,5851,5853,29,70.4,1.0,walk,road,1
,1321,5852,5853,29,67.8,1.0,walk,road,1
,1321,5837,5853,29,68.2,1.0,walk,road,1
,1321,5849,5840,29,73.5,1.0,walk,road,1
,1321,5849,5848,29,72.0,1.0,walk,road,1
,1321,5850,5848,29,66.1,1.0,walk,road,1
,1321,5835,5850,29,72.1,1.0,walk,road,1
,1321,5840,5841,29,66.7,1.0,walk,road,1
,1321,5850,5836,29,69.0,1.0,walk,road,1
,1321,5835,5836,29,72.7,1.0,walk,road,1
,1321,5839,5850,29,72.1,1.0,walk,road,1
,1321,5839,5836,29,69.1,1.0,walk,road,1
,1321,5850,5853,29,73.4,1.0,walk,road,1
,1321,5840,5869,29,70.0,1.0,walk,road,1
,1321,5841,5842,29,67.4,1.0,walk,road,1
,1321,5838,5842,29,66.7,1.0,walk,road,1
,1321,5843,5842,29,71.6,1.0,walk,road,1
,1321,5844,5842,29,68.5,1.0,walk,road,1
,1321,5853,5842,29,73.8,1.0,walk,road,1
,1321,5837,5845,29,68.5,1.0,walk,road,1
,1321,5837,5842,29,71.7,1.0,walk,road,1
,1321,5853,5854,29,66.9,1.0,walk,road,1
,1321,5853,5845,29,68.2,1.0,walk,road,1
,1321,5842,5845,29,72.9,1.0,walk,road,1
,1321,5842,5858,29,73.2,1.0,walk,road,1
,1321,5859,5858,29,71.6,1.0,walk,road,1
,1321,5859,5857,29,66.2,1.0,walk,road,1
,1321,5854,5856,29,69.7,1.0,walk,road,1
,1321,5854,5855,29,66.9,1.0,walk,road,1
,1321,5854,5869,29,68.3,1.0,walk,road,1
,1321,5863,5869,29,69.9,1.0,walk,road,1
,1321,5863,5861,29,68.2,1.0,walk,road,1
,1321,5869,5951,29,72.7,1.0,walk,road,1
,1321,5871,5951,29,70.5,1.0,walk,road,1
,1321,5872,5951,29,73.0,1.0,walk,road,1
,1321,5873,5951,29,72.2,1.0,walk,road,1
,1321,5869,5870,29,69.2,1.0,walk,road,1
,1321,5859,5870,29,70.0,1.0,walk,road,1
,1321,5885,5870,29,70.2,1.0,walk,road,1
,1321,5874,5870,29,69.6,1.0,walk,road,1
,1321,5875,5885,29,72.3,1.0,walk,road,1
,1321,5876,5885,29,66.2,1.0,walk,road,1
,1321,5877,5886,29,69.8,1.0,walk,road,1
,1321,5870,5886,29,68.0,1.0,walk,road,1
,1321,5886,5887,29,67.7,1.0,walk,road,1
,1321,5879,5887,29,68.0,1.0,walk,road,1
,1321,5888,5887,29,69.0,1.0,walk,road,1
,1321,5888,5889,29,69.5,1.0,walk,road,1
,1321,5895,5889,29,73.6,1.0,walk,road,1
,1321,5888,5881,29,69.2,1.0,walk,road,1
,1321,5889,5880,29,67.4,1.0,walk,road,1
,1321,5885,5943,29,66.4,1.0,walk,road,1
,1321,5891,5943,29,70.9,1.0,walk,road,1
,1321,5891,5900,29,69.0,1.0,walk,road,1
,1321,5899,5900,29,68.2,1.0,walk,road,1
,1321,5899,5897,29,73.0,1.0,walk,road,1
,1321,5863,5897,29,66.5,1.0,walk,road,1
,1321,5898,5897,29,67.7,1.0,walk,road,1
,1321,5898,5943,29,70.4,1.0,walk,road,1
,1321,5898,5871,29,67.4,1.0,walk,road,1
,1321,5891,5902,29,67.9,1.0,walk,road,1
,1321,5892,5903,29,69.0,1.0,walk,road,1
,1321,5892,5943,29,70.8,1.0,walk,road,1
,1321,5892,5878,29,70.6,1.0,walk,road,1
,1321,5884,5878,29,69.0,1.0,walk,road,1
,1321,5884,5892,29,67.9,1.0,walk,road,1
,1321,5879,5952,29,66.8,1.0,walk,road,1
,1321,5881,5952,29,73.3,1.0,walk,road,1
,1321,5953,5952,29,68.7,1.0,walk,road,1
,1321,5953,5892,29,73.8,1.0,walk,road,1
,1321,5953,5890,29,72.8,1.0,walk,road,1
,1321,5953,5905,29,71.3,1.0,walk,road,1
,1321,5883,5890,29,69.8,1.0,walk,road,1
,1321,5883,5882,29,71.2,1.0,walk,road,1
,1321,5890,5882,29,69.5,1.0,walk,road,1
,1321,5890,5904,29,68.1,1.0,walk,road,1
,1321,5878,5943,29,69.9,1.0,walk,road,1
,1321,5884,5952,29,71.8,1.0,walk,road,1
,1321,5883,5952,29,66.7,1.0,walk,road,1
,1321,5894,5895,29,73.0,1.0,walk,road,1
,1321,5894,5890,29,73.6,1.0,walk,road,1
,1321,5894,5893,29,67.5,1.0,walk,road,1
,1321,5906,5893,29,69.3,1.0,walk,road,1
,1321,5907,5893,29,67.6,1.0,walk,road,1
,1321,5907,5910,29,73.6,1.0,walk,road,1
,1321,5908,5910,29,66.8,1.0,walk,road,1
,1321,5909,5910,29,72.2,1.0,walk,road,1
,1321,5900,5901,29,72.6,1.0,walk,road,1
,1321,5907,5911,29,69.6,1.0,walk,road,1
,1321,5895,5911,29,67.5,1.0,walk,road,1
,1321,5942,5911,29,72.7,1.0,walk,road,1
,1321,5848,5835,29,69.2,1.0,walk,road,1
,1321,5933,5846,29,68.0,1.0,walk,road,1
,1321,5825,5835,29,67.3,1.0,walk,road,1
,1321,5843,5844,29,73.8,1.0,walk,road,1
,1321,5900,5908,29,66.8,1.0,walk,road,1
,1322,6010,6009,43,71.4,1.0,walk,road,1
,1322,6009,6016,39,72.6,1.0,walk,road,1
,1322,6016,6017,9,60.5,1.0,walk,road,1
,1322,6017,6027,117,75.0,1.0,walk,road,1
,1322,6027,6038,87,73.5,1.0,walk,road,1
,1322,6039,6043,24,68.0,1.0,walk,road,1
,1322,6043,6045,39,67.8,1.0,walk,road,1
,1322,6045,6046,17,66.1,1.0,walk,road,1
,1322,6046,6041,25,69.1,1.0,walk,road,1
,1322,6041,6031,88,77.6,1.0,walk,road,1
,1322,6031,6011,176,83.0,1.0,walk,road,1
,1322,6024,6001,191,82.4,1.0,walk,road,1
,1322,6001,5990,80,71.1,1.0,walk,road,1
,1322,5999,6001,27,70.6,1.0,walk,road,1
,1322,6001,5997,49,68.5,1.0,walk,road,1
,1322,5957,5970,114,78.1,1.0,walk,road,1
,1322,5970,5975,39,71.1,1.0,walk,road,1
,1322,5975,5985,93,79.1,1.0,walk,road,1
,1322,5986,5987,8,64.9,1.0,walk,road,1
,1322,5994,6000,35,69.5,1.0,walk,road,1
,1322,5984,5994,83,80.2,1.0,walk,road,1
,1322,6002,5996,97,76.3,1.0,walk,road,1
,1322,6002,6004,106,78.0,1.0,walk,road,1
,1322,6004,5989,125,72.2,1.0,walk,road,1
,1322,5964,5965,14,64.0,1.0,walk,road,1
,1322,5963,5964,11,62.0,1.0,walk,road,1
,1322,5974,5971,59,68.1,1.0,walk,road,1
,1322,5971,5963,53,72.4,1.0,walk,road,1
,1322,5965,5966,29,70.8,1.0,walk,road,1
,1322,5966,5974,55,71.7,1.0,walk,road,1
,1322,5974,5979,45,68.3,1.0,walk,road,1
,1322,5980,5991,91,77.4,1.0,walk,road,1
,1322,5991,5998,203,77.9,1.0,walk,road,1
,1322,5983,5969,104,71.3,1.0,walk,road,1
,1322,5958,5962,44,73.3,1.0,walk,road,1
,1322,5962,5973,73,77.6,1.0,walk,road,1
,1322,6006,6008,11,62.3,1.0,walk,road,1
,1322,6008,6023,125,71.8,1.0,walk,road,1
,1322,6014,6008,111,79.7,1.0,walk,road,1
,1322,6008,6007,24,71.6,1.0,walk,road,1
,1322,6012,6006,116,76.4,1.0,walk,road,1
,1322,6006,6007,26,72.4,1.0,walk,road,1
,1322,6007,6020,105,72.1,1.0,walk,road,1
,1322,5955,5969,154,79.0,1.0,walk,road,1
,1322,6047,6044,22,68.6,1.0,walk,road,1
,1322,6044,6036,147,73.3,1.0,walk,road,1
,1322,6034,6048,88,72.7,1.0,walk,road,1
,1322,6048,6041,120,71.9,1.0,walk,road,1
,1322,6041,6040,42,66.4,1.0,walk,road,1
,1322,6040,6039,9,67.0,1.0,walk,road,1
,1322,6039,6033,170,84.8,1.0,walk,road,1
,1322,6005,6025,158,78.5,1.0,walk,road,1
,1322,6025,6037,98,72.3,1.0,walk,road,1
,1322,5976,5992,153,76.4,1.0,walk,road,1
,1322,6025,6021,99,80.8,1.0,walk,road,1
,1322,6021,6003,160,76.4,1.0,walk,road,1
,1322,6003,5996,40,68.3,1.0,walk,road,1
,1322,5996,5981,123,76.2,1.0,walk,road,1
,1322,5970,5973,58,72.7,1.0,walk,road,1
,1322,5973,5976,88,75.0,1.0,walk,road,1
,1322,5976,5981,145,74.2,1.0,walk,road,1
,1322,5981,5984,97,72.9,1.0,walk,road,1
,1322,5984,5989,106,80.9,1.0,walk,road,1
,1322,5989,5988,15,62.1,1.0,walk,road,1
,1322,5975,5969,118,79.8,1.0,walk,road,1
,1322,5969,5966,90,80.5,1.0,walk,road,1
,1322,5966,5954,155,79.3,1.0,walk,road,1
,1322,5954,5955,86,79.9,1.0,walk,road,1
,1322,5955,5957,121,78.9,1.0,walk,road,1
,1322,5957,5958,54,68.5,1.0,walk,road,1
,1322,5958,5961,178,84.3,1.0,walk,road,1
,1322,5961,5967,133,79.0,1.0,walk,road,1
,1322,5967,5972,55,69.1,1.0,walk,road,1
,1322,5972,5988,144,76.2,1.0,walk,road,1
,1322,5988,6013,183,80.2,1.0,walk,road,1
,1322,6013,6028,145,72.6,1.0,walk,road,1
,1322,6028,6035,112,71.9,1.0,walk,road,1
,1322,6036,6037,51,67.6,1.0,walk,road,1
,1322,6037,6034,34,70.2,1.0,walk,road,1
,1322,6034,6031,111,75.3,1.0,walk,road,1
,1322,6031,6030,15,66.2,1.0,walk,road,1
,1322,6030,6029,36,68.2,1.0,walk,road,1
,1322,6027,6024,134,77.6,1.0,walk,road,1
,1322,6024,6022,50,73.3,1.0,walk,road,1
,1322,5959,5960,9,61.4,1.0,walk,road,1
,1322,5960,5967,56,71.9,1.0,walk,road,1
,1322,6019,6013,158,77.4,1.0,walk,road,1
,1322,6013,6005,142,79.3,1.0,walk,road,1
,1322,6005,6003,97,74.9,1.0,walk,road,1
,1322,6003,5992,149,74.4,1.0,walk,road,1
,1322,5992,5990,93,80.9,1.0,walk,road,1
,1322,5990,5987,55,69.1,1.0,walk,road,1
,1322,5995,5997,18,67.0,1.0,walk,road,1
,1322,5997,5998,8,60.2,1.0,walk,road,1
,1322,5998,6012,101,80.6,1.0,walk,road,1
,1322,6012,6015,13,67.5,1.0,walk,road,1
,1322,6015,6018,20,64.4,1.0,walk,road,1
,1322,6018,6022,48,69.9,1.0,walk,road,1
,1322,6022,6026,32,68.2,1.0,walk,road,1
,1322,6026,6032,59,72.3,1.0,walk,road,1
,1322,6032,6042,78,79.6,1.0,walk,road,1
,1322,5987,5993,59,67.6,1.0,walk,road,1
,1322,5987,5983,110,72.0,1.0,walk,road,1
,1322,5983,5979,92,75.3,1.0,walk,road,1
,1322,5979,5978,58,72.5,1.0,walk,road,1
,1322,6049,6043,43,72.6,1.0,walk,road,1
,1322,6043,6040,22,70.0,1.0,walk,road,1
,1322,6040,6029,89,71.1,1.0,walk,road,1
,1322,6030,6041,88,75.7,1.0,walk,road,1
,1322,6041,6045,22,68.2,1.0,walk,road,1
,1322,6045,6050,43,73.8,1.0,walk,road,1
,1322,5972,5977,40,67.8,1.0,walk,road,1
,1322,5977,5962,336,85.7,1.0,walk,road,1
,1322,5960,5968,184,80.8,1.0,walk,road,1
,1322,5956,5968,126,73.8,1.0,walk,road,1
,1322,5968,5982,117,73.5,1.0,walk,road,1
,1322,5990,6051,72,62.7,1.0,walk,road,1
,1322,5964,6052,35,60.0,1.0,walk,road,1
,1322,5968,6053,73,64.7,1.0,walk,road,1
,1322,5959,6054,53,59.1,1.0,walk,road,1
,1322,5971,6055,28,60.6,1.0,walk,road,1
,1322,6018,6056,67,64.9,1.0,walk,road,1
,1322,6023,6057,45,64.6,1.0,walk,road,1
,1322,5960,6058,59,61.3,1.0,walk,road,1
,1322,6007,6059,75,64.1,1.0,walk,road,1
,1322,6036,6060,76,64.4,1.0,walk,road,1
,1322,5968,6061,54,61.3,1.0,walk,road,1
,1322,5968,6062,160,62.7,1.0,walk,road,1
,1322,5978,6063,77,63.1,1.0,walk,road,1
,1322,5956,6064,111,60.2,1.0,walk,road,1
,1322,5970,6065,84,61.1,1.0,walk,road,1
,1322,6028,6066,80,63.4,1.0,walk,road,1
,1322,6006,6067,62,62.8,1.0,walk,road,1
,1322,5991,6068,37,63.2,1.0,walk,road,1
