name,detail_url,desc,address,tags,image
北京环球度假区,https://s.visitbeijing.com.cn/attraction/120985,北京环球度假区是一个广受欢迎的主题公园旅游目的地，以全新精选景区为主打，网罗全世界环球主题公园人气最高的娱乐设施和景点。,北京市通州区梨园镇东六环与G1京哈告诉交叉口西北角,特色游,https://r1.visitbeijing.com.cn/vbj-s/2023/1214/3360bad8f05d14b393ffe512f4eb994f.jpg
齐白石旧居纪念馆,https://s.visitbeijing.com.cn/attraction/120983,齐白石旧居纪念馆位于北京市东城区雨儿胡同13号院，是一座建于清代中期的四合院建筑，为北京市东城区文物保护单位。,北京市东城区雨儿胡同13号院,特色游,https://r1.visitbeijing.com.cn/vbj-s/2020/0509/20200509031009711.jpg
北京天桥艺术中心,https://s.visitbeijing.com.cn/attraction/120982,天桥艺术中心是一个现代化的剧场群，包括一个1600座的综合性大剧场，一个1000座的中剧场，一个400座的小剧场和一个300座的多功能剧场。,北京市西城区天桥南大街9号楼（100050）,特色游,https://r1.visitbeijing.com.cn/vbj-s/2020/0507/20200507031717658.jpg
北京世园公园,https://s.visitbeijing.com.cn/attraction/120984,北京世园公园以“永不落幕的世园会”为目标，重点打造国家级生态文明示范基地、生态旅游和休闲度假目的地、冬奥服务保障基地和园艺产业创新展示基地，开展研学、文化、教育、音乐等一系列活动。,北京市延庆区世园公园,休闲娱乐 | 特色游 | 赏花 | 红叶 | 银杏,https://r1.visitbeijing.com.cn/vbj-s/2020/0617/20200617022958628.jpg
奥林匹克森林公园,https://s.visitbeijing.com.cn/attraction/117725,奥林匹克森林公园正在以浓浓的绿意和醉人的花香向社会各界人士展露“芳容”。,北京市朝阳区北辰东路15号,特色游 | 踏青 | 赏花 | 漂流 | 避暑,https://r1.visitbeijing.com.cn/vbj-s/2020/0508/20200508041700898.jpg
富国海底世界,https://s.visitbeijing.com.cn/attraction/101915,富国海底世界是寓教于乐的海底主题乐园。这里有8000吨水体，6000多尾珍奇海洋生物，10几种体型巨大而凶猛的鲨鱼，120米的超长全景观海底隧道，带您展开一场非凡的海底之旅！,北京市朝阳区工人体育场南门,休闲娱乐 | 特色游,https://r1.visitbeijing.com.cn/vbj-s/2017/1117/20171117112744413.jpg
古北水镇,https://s.visitbeijing.com.cn/attraction/120979,古北水镇位于北京市密云区古北口镇，背靠中国最美、最险的司马台长城，坐拥鸳鸯湖水库，是京郊罕见的山水城结合的自然古村落。,北京市密云区古北口镇司马台村,特色游 | 温泉,https://r1.visitbeijing.com.cn/vbj-s/2018/0710/20180710103648310.jpg
西白莲峪段长城,https://s.visitbeijing.com.cn/attraction/120642,西白莲峪村位于冯家峪境内，紧邻独秀峰，风光秀丽，生态使然。,北京市密云区冯家峪镇西白莲峪民俗村,特色游,https://r1.visitbeijing.com.cn/vbj-s/2017/0605/20170605032556473.jpg
挂甲峪旅游度假村,https://s.visitbeijing.com.cn/attraction/120649,挂甲峪旅游度假村被评为”北京市最美丽的乡村”。,北京市平谷区大华山镇挂甲峪村,休闲娱乐 | 温泉,https://r1.visitbeijing.com.cn/vbj-s/2017/0606/20170606034604326.jpg
法国邮政局旧址,https://s.visitbeijing.com.cn/attraction/120959,法国邮政局旧址，北京市级文物保护单位。位于东城区东交民巷路北侧。,北京市东城区东交民巷路19号,休闲娱乐 | 特色游,https://r1.visitbeijing.com.cn/vbj-s/2018/0108/20180108054204462.jpg
皇极殿,https://s.visitbeijing.com.cn/attraction/120920,皇极殿是宁寿宫区的主体建筑，始建于清康熙二十八年(1689年)，初名宁寿宫。,北京市东城区景山前街4号,遗产古迹 | 特色游,https://r1.visitbeijing.com.cn/vbj-s/2017/0921/20170921044411869.jpg
神武门,https://s.visitbeijing.com.cn/attraction/120919,神武门是紫禁城的北门，也是故宫的出口。,北京市东城区景山前街4号,特色游,https://r1.visitbeijing.com.cn/vbj-s/2017/0921/20170921043039917.jpg
乾清门,https://s.visitbeijing.com.cn/attraction/120917,乾清门为紫禁城内廷的正宫门。建于明永乐十八年（1420年），清顺治十二年（1655年）重修。,北京市东城区景山前街4号,特色游,https://r1.visitbeijing.com.cn/vbj-s/2017/0920/20170920065234465.jpg
午门,https://s.visitbeijing.com.cn/attraction/120916,午门是紫禁城的正门，位于紫禁城南北轴线。,北京市东城区景山前街4号,特色游,https://r1.visitbeijing.com.cn/vbj-s/2017/0920/20170920043920593.jpg
西打磨厂街,https://s.visitbeijing.com.cn/attraction/120914,西打磨厂街是一条坐落于前门东区的老街，全长1145米，宽5到8米。,北京市东城区前门街道西打磨厂街,特色游,https://r1.visitbeijing.com.cn/vbj-s/2017/0919/20170919041557646.jpg
正阳美术馆,https://s.visitbeijing.com.cn/attraction/120850,正阳美术馆位于北京市正阳门外的前门大街上。,北京市正阳门外前门大街,休闲娱乐,https://r1.visitbeijing.com.cn/vbj-s/2017/0825/20170825052237710.jpg
红星源升号博物馆,https://s.visitbeijing.com.cn/attraction/120840,红星源升号博物馆坐落于北京市前门大街99号（原粮食店街40号）。,北京市前门大街99号（原粮食店街40号）,博物馆 | 特色游,https://r1.visitbeijing.com.cn/vbj-s/2017/0824/20170824032746374.jpg
御花园,https://s.visitbeijing.com.cn/attraction/120832,御花园位于北京紫禁城中轴线上，坤宁宫后方，明代称为宫后苑，清代称御花园。,北京市东城区景山前街4号,遗产古迹 | 特色游 | 踏青 | 赏花,https://r1.visitbeijing.com.cn/vbj-s/2017/0821/20170821042151859.jpg
坤宁宫,https://s.visitbeijing.com.cn/attraction/120831,坤宁宫为中国古代宫殿建筑之精华。属于北京故宫内廷后三宫之一，位于交泰殿后面。,北京市东城区景山前街4号,遗产古迹 | 特色游,https://r1.visitbeijing.com.cn/vbj-s/2017/0821/20170821035417422.jpg
保和殿,https://s.visitbeijing.com.cn/attraction/120830,保和殿是中国传统宫殿建筑之精华，属于北京故宫中的一座殿宇式建筑。,北京市东城区景山前街4号,遗产古迹 | 特色游,https://r1.visitbeijing.com.cn/vbj-s/2017/0821/20170821033109142.jpg
中和殿,https://s.visitbeijing.com.cn/attraction/120829,中和殿是北京故宫外朝三大殿之一，属于中国传统宫殿建筑之精华。,北京市东城区景山前街4号,遗产古迹 | 特色游,https://r1.visitbeijing.com.cn/vbj-s/2017/0821/20170821031350544.jpg
交泰殿,https://s.visitbeijing.com.cn/attraction/120828,交泰殿是一处历史悠久的汉族宫殿建筑，属于北京故宫内廷后三宫之一，位于乾清宫和坤宁宫之间。,北京市东城区景山前街4号,遗产古迹 | 特色游,https://r1.visitbeijing.com.cn/vbj-s/2017/0818/20170818053628779.jpg
养心殿,https://s.visitbeijing.com.cn/attraction/120827,养心殿是历史悠久的汉族宫殿建筑，始建于明代嘉靖年间，位于内廷乾清宫西侧。清代有八位皇帝先后居住在养心殿。,北京市东城区景山前街4号,遗产古迹 | 特色游,https://r1.visitbeijing.com.cn/vbj-s/2017/0818/20170818045621545.jpg
太和殿,https://s.visitbeijing.com.cn/attraction/120826,太和殿俗称金銮殿，为中国古代宫殿建筑之精华，东方三大殿之一。,北京市东城区景山前街4号,遗产古迹 | 特色游,https://r1.visitbeijing.com.cn/vbj-s/2017/0818/20170818041313207.jpg
乾清宫,https://s.visitbeijing.com.cn/attraction/120825,乾清宫是内廷正殿，即民间所谓“后三宫（乾清宫、交泰殿、坤宁宫）中的第一座宫殿。,北京市东城区景山前街4号,遗产古迹 | 特色游,https://r1.visitbeijing.com.cn/vbj-s/2017/0818/20170818035252160.jpg
明皇城东安门遗址,https://s.visitbeijing.com.cn/attraction/120820,东皇城墙始建于明永乐十八年（1420年）墙为南北走向，正对紫禁城东华门设东安门。,北京市东城区东华门大街,特色游,https://r1.visitbeijing.com.cn/vbj-s/2017/0817/20170817061246535.jpg
袁崇焕祠墓,https://s.visitbeijing.com.cn/attraction/120813,袁崇焕祠墓是为纪念明末清初抗清将领袁崇焕所修建，包括墓碑、祠堂、庙宇等一系列纪念建筑。,北京市东城区东花市斜街（原是广东义园旧址）,休闲娱乐 | 特色游,https://r1.visitbeijing.com.cn/vbj-s/2017/0816/20170816054948910.jpg
北锣鼓巷,https://s.visitbeijing.com.cn/attraction/120810,北锣鼓巷，安定门内大街西侧，呈南北走向。北起安定门西大街，南止鼓楼。,北京市东城区安定门内大街西侧,遗产古迹 | 休闲娱乐 | 特色游,https://r1.visitbeijing.com.cn/vbj-s/2017/0816/20170816051223201.jpg
齐白石故居,https://s.visitbeijing.com.cn/attraction/120921,齐白石故居位于辟才胡同内跨车胡同13号。,北京市西城区辟才胡同内跨车胡同13号,遗产古迹 | 休闲娱乐 | 特色游,https://r1.visitbeijing.com.cn/vbj-s/2017/0922/20170922032128388.jpg
漪澜堂,https://s.visitbeijing.com.cn/attraction/120907,漪澜堂位于北海公园内，在碧照楼之南，为该处建筑群中的主殿，其西侧为“道宁斋”这组建筑，是乾隆三十六年(1771)，仿照镇江金山寺建造的。,北京市西城区文津街1号,遗产古迹 | 休闲娱乐 | 避暑,https://r1.visitbeijing.com.cn/vbj-s/2017/0914/20170914051555796.jpg
北海白塔,https://s.visitbeijing.com.cn/attraction/120900,北海白塔，位于北京北海公园的琼华岛上，始建于清初顺治八年，属于藏式喇嘛塔。,北京市西城区文津街1号,遗产古迹 | 特色游 | 踏青 | 赏花 | 避暑,https://r1.visitbeijing.com.cn/vbj-s/2017/0912/20170912050022416.jpg
西单商业文化博物馆,https://s.visitbeijing.com.cn/attraction/120896,西单商业文化博物馆位于西单商场南五层，建筑面积500余平方米。,北京市西城区西单北大街132号,博物馆 | 休闲娱乐 | 特色游,https://r1.visitbeijing.com.cn/vbj-s/2017/0911/20170911044606762.jpg
北京京报馆旧址,https://s.visitbeijing.com.cn/attraction/120849,北京京报馆位于西城区骡马市大街魏染胡同30号，是邵飘萍1916年后在北京的住所。,北京市西城区骡马市大街魏染胡同30号,遗产古迹,https://r1.visitbeijing.com.cn/vbj-s/2017/0825/20170825044612462.jpg
林白水故居,https://s.visitbeijing.com.cn/attraction/120847,林白水故居为北京原宣武区区级文物保护单位。位于原宣武区棉花头条（见棉花胡同）。,北京市西城区骡马市大街9号,遗产古迹,https://r1.visitbeijing.com.cn/vbj-s/2017/0825/20170825034315564.jpg
谭嗣同故居,https://s.visitbeijing.com.cn/attraction/120846,原湖南浏阳会馆，是谭嗣同1898年在京时的住所。,北京市西城区北半截胡同41号,遗产古迹,https://r1.visitbeijing.com.cn/vbj-s/2017/0825/20170825033154709.jpg
绮望楼,https://s.visitbeijing.com.cn/attraction/120845,绮望楼位于景山公园南门内，原址明代时称“山前殿”。,北京市西城区景山西街44号,特色游,https://r1.visitbeijing.com.cn/vbj-s/2017/0824/20170824052224619.jpg
火德真君庙,https://s.visitbeijing.com.cn/attraction/120835,火德真君庙，在北京市西城区地安门外大街77号。,北京市北京市西城区地安门外大街77号,特色游,https://r1.visitbeijing.com.cn/vbj-s/2017/0823/20170823044156807.jpg
潭西胜境景区,https://s.visitbeijing.com.cn/attraction/120796,潭西胜境景区位于北京市西城区德胜门西侧的积水潭。,,休闲娱乐 | 赏花,https://r1.visitbeijing.com.cn/vbj-s/2017/0815/20170815095330403.jpg
克勤郡王府,https://s.visitbeijing.com.cn/attraction/120794,克勤郡王府国家重点文物保护单位，为清代现存规模较好的一座王府，此府是顺治年间所建。,北京市西城区新文化街西口路北,遗产古迹,https://r1.visitbeijing.com.cn/vbj-s/2017/0814/20170814022855869.jpg
礼王府,https://s.visitbeijing.com.cn/attraction/120793,礼王府位于西黄城根南街7号、9号。明代是崇祯皇帝的外戚周奎的私宅。,北京市西城区西黄城根南街7号、9号,遗产古迹,https://r1.visitbeijing.com.cn/vbj-s/2017/0814/20170814025128598.jpg
北京庆王府,https://s.visitbeijing.com.cn/attraction/120792,庆王府西城区定阜街3号。为清末再封庆亲王奕劻的王邸，庆王府当是在光绪十年(1884)晋封庆郡王后按王府规制改建，始称王府。,北京市西城区定阜街3号,遗产古迹,https://r1.visitbeijing.com.cn/vbj-s/2017/0814/20170814041530146.jpg
郑王府,https://s.visitbeijing.com.cn/attraction/120791,郑王府是北京市重点保护文物，为清代规模较大的一座王府，曾作为钟郡王奕诒的宅邸。,北京市西城区大木仓胡同,遗产古迹,https://r1.visitbeijing.com.cn/vbj-s/2017/0814/20170814044722547.jpg
大观楼影城,https://s.visitbeijing.com.cn/attraction/120217,大观楼影城，1905年，原“大亨轩茶楼”改名为“大观楼影戏园”，是南城最早的固定放映电影场所之一。,北京市宣武区大栅栏街36号,休闲娱乐,https://r1.visitbeijing.com.cn/vbj-s/2017/0412/20170412070735857.jpg
恩佑寺,https://s.visitbeijing.com.cn/attraction/120954,恩佑寺与恩慕寺毗邻而建，位于清代三山五园之一的畅春园内，是畅春园尚存的遗迹之一，现在位于北京大学西门颐和园路西边。,北京市海淀区北京大学西门颐和园路西边,特色游,https://r1.visitbeijing.com.cn/vbj-s/2017/1222/20171222032517527.jpg
孙中山纪念堂,https://s.visitbeijing.com.cn/attraction/120953,北京孙中山纪念堂位于香山公园碧云寺第五进院落内，原为普明妙觉殿。,北京市海淀区买卖街40号香山公园碧云寺内,休闲娱乐 | 特色游,https://r1.visitbeijing.com.cn/vbj-s/2017/1222/20171222030903824.jpg
中国农业大学昆虫标本馆,https://s.visitbeijing.com.cn/attraction/120952,中国农业大学昆虫标本馆位于中国农业大学档案史馆二层内，是一家小型昆虫标本展览馆。,中国农业大学档案史馆二层,博物馆 | 休闲娱乐 | 特色游,https://r1.visitbeijing.com.cn/vbj-s/2017/1221/20171221053728920.jpg
中国饲料博物馆,https://s.visitbeijing.com.cn/attraction/120951,中国饲料博物馆总占地面积3280平方，是由政府倡导、中国农业大学批准成立、农业部饲料工业中心负责筹建的永久性公益博物馆。,北京市海淀区圆明园西路2号中国农业大学西校区中国饲料博物馆（农业部饲料工业中心院内）,博物馆 | 休闲娱乐 | 特色游,https://r1.visitbeijing.com.cn/vbj-s/2017/1222/20171222032658267.jpg
首都滑冰馆,https://s.visitbeijing.com.cn/attraction/120938,首都滑冰馆位于中关村南大街54号维也纳酒店东，是中国冰上运动场地之一。,北京市海淀区中关村南大街54号维也纳酒店东,休闲娱乐 | 特色游,https://r1.visitbeijing.com.cn/vbj-s/2017/1017/20171017032840372.jpg
齐物潭公园,https://s.visitbeijing.com.cn/attraction/120937,齐物潭公园地址位于海淀区地锦路15号。,北京市海淀区地锦路15号,休闲娱乐 | 特色游 | 踏青 | 赏花 | 避暑,https://r1.visitbeijing.com.cn/vbj-s/2017/1012/20171012044104333.jpeg
五棵松奥林匹克文化公园,https://s.visitbeijing.com.cn/attraction/120936,五棵松奥林匹克文化公园位于西四环五棵松桥东北角。,北京市海淀区五棵松桥东北角,休闲娱乐 | 特色游 | 踏青 | 赏花 | 避暑,https://r1.visitbeijing.com.cn/vbj-s/2017/1011/20171011053331640.jpg
佛香阁,https://s.visitbeijing.com.cn/attraction/120932,佛香阁是北京市颐和园的主体建筑，建筑在万寿山前山高20米的方形台基上。,北京市海淀区新建宫门路19号,特色游 | 登山 | 避暑,https://r1.visitbeijing.com.cn/vbj-s/2017/0928/20170928052507590.jpg
中关村森林公园,https://s.visitbeijing.com.cn/attraction/120931,中关村森林公园位于北京市海淀区唐家岭，总体规划面积为5100，相当于圆明园大小。,北京市海淀区唐家岭,休闲娱乐 | 烧烤 | 踏青 | 赏花,https://r1.visitbeijing.com.cn/vbj-s/2017/0927/20170927071706764.jpg
梁启超墓,https://s.visitbeijing.com.cn/attraction/120913,梁启超墓其实是梁启超家族墓园，梁启超、他的两位夫人、弟弟梁启雄还有三位儿子均葬于此地。,北京市海淀区香山卧佛寺路,休闲娱乐 | 特色游,https://r1.visitbeijing.com.cn/vbj-s/2017/0918/20170918051422653.jpg
苏州街,https://s.visitbeijing.com.cn/attraction/120905,苏州街位于北京的西北郊，是后湖两岸仿江南水镇而建的买卖街，乾隆时仿江南水乡的风貌而建，是专供清代帝后逛市游览的的一条水街。,北京市海淀区新建宫门路19号,休闲娱乐 | 踏青 | 赏花,https://r1.visitbeijing.com.cn/vbj-s/2017/0913/20170913044519531.jpg
东岳娘娘庙,https://s.visitbeijing.com.cn/attraction/120903,城子山娘娘庙，也称东岳娘娘庙，建于明代，清朝重修。,北京市海淀区苏家坨镇,登山,https://r1.visitbeijing.com.cn/vbj-s/2017/0913/20170913034834553.jpg
北京植物园樱桃沟,https://s.visitbeijing.com.cn/attraction/120899,樱桃沟位于卧佛寺西北，又名“退谷”“周家花园”，因富于野趣而著称。,北京海淀区卧佛寺路,特色游 | 踏青 | 赏花 | 避暑,https://r1.visitbeijing.com.cn/vbj-s/2017/0912/20170912043958940.jpg
清华学堂,https://s.visitbeijing.com.cn/attraction/120897,德国古典风格的清华学堂青砖红瓦、坡顶陡起，是清华大学标志性建筑之一。,北京市海淀区清华大学内,休闲娱乐 | 特色游,https://r1.visitbeijing.com.cn/vbj-s/2017/0911/20170911050817153.jpg
慈寿寺塔,https://s.visitbeijing.com.cn/attraction/120859,慈寿寺塔坐落在北京海淀区八里庄慈寿寺内，原名永安万寿塔，又名永安万寿塔、八里庄塔、玲珑宝塔，仿天宁寺塔而建。,北京市海淀区玲珑公园内,特色游,https://r1.visitbeijing.com.cn/vbj-s/2017/0829/20170829043537520.jpg
昆明湖,https://s.visitbeijing.com.cn/attraction/120843,昆明湖位于北京的颐和园内，颐和园景区门票30元起，昆明湖是其中著名的景点之一，不另收费，面积约为颐和园总体面积的四分之三。,北京市海淀区新建宫门路19号,特色游 | 踏青 | 赏花,https://r1.visitbeijing.com.cn/vbj-s/2017/0824/20170824043424404.jpg
十七孔桥,https://s.visitbeijing.com.cn/attraction/120842,十七孔桥是古代桥梁建筑的杰作。位于北京市西郊颐和园内，颐和园门票30元起，十七孔桥不另收费，是连接昆明湖东岸与南湖岛的一座长桥。,北京市海淀区新建宫门路19号,特色游 | 踏青 | 赏花,https://r1.visitbeijing.com.cn/vbj-s/2017/0824/20170824041040983.jpg
鉴园遗址,https://s.visitbeijing.com.cn/attraction/120841,鉴园遗址，位于圆明园长春园东南部，如园东北，长春园东门（也叫大东门）以南，西临长湖，东倚园墙。占地6000平方米，建筑面积1900平方米。,北京市海淀区清华西路28号,遗产古迹 | 休闲娱乐,https://r1.visitbeijing.com.cn/vbj-s/2017/0824/20170824035222733.jpg
元土城遗址公园,https://s.visitbeijing.com.cn/attraction/120800,元世祖在元四年（1267年）至十三年（1276年）建。现存遗迹为当时之北城墙东段。,北京市海淀区北土城西路,休闲娱乐 | 特色游 | 踏青 | 赏花,https://r1.visitbeijing.com.cn/vbj-s/2017/0815/20170815044725839.jpg
九眼楼长城,https://s.visitbeijing.com.cn/attraction/120904,九眼楼长城位于北京市延庆县四海镇。,北京市延庆区四海镇,特色游 | 登山 | 踏青 | 赏花 | 避暑 | 红叶 | 银杏,https://r1.visitbeijing.com.cn/vbj-s/2017/0913/20170913041816103.jpg
白河堡水库,https://s.visitbeijing.com.cn/attraction/120797,白河堡水库位于延庆县香营乡北部，得名于明代要塞靖安堡，因靖安堡扼守白河峡谷，俗名白河堡。,北京市延庆县香营乡北部,特色游 | 踏青 | 赏花,https://r1.visitbeijing.com.cn/vbj-s/2017/0815/20170815031131989.jpg
北京莲花山森林公园,https://s.visitbeijing.com.cn/attraction/117888,它不仅因传说“莲花”美女及汉钟离、吕洞宾曾在此山修炼成仙而闻名，更因山奇、水美、林茂、谷幽而引来八方游客。,北京市延庆区大科庄乡政府,特色游 | 登山 | 采摘 | 烧烤 | 踏青 | 赏花 | 避暑,https://r1.visitbeijing.com.cn/vbj-s/2015/0721/20150721105133401.jpg
十三陵·定陵,https://s.visitbeijing.com.cn/attraction/120910,定陵地下宫殿是中国著名地下建筑之一，明代神宗皇帝朱翊钧（1573～1620年）的陵墓。,北京市昌平区天寿山南麓,遗产古迹 | 特色游,https://r1.visitbeijing.com.cn/vbj-s/2017/0915/20170915035621169.jpg
英雄大道,https://s.visitbeijing.com.cn/attraction/120844,"英雄大道雕塑区是连接空军英雄历史与胜利未来的精神主线，全长180米、宽24米，中间是以""中国航空之父""冯如为开端的11组铸铜雕塑。",北京市昌平区小汤山镇航空博物馆内,特色游,https://r1.visitbeijing.com.cn/vbj-s/2017/0824/20170824045325204.jpg
顶秀美泉小镇,https://s.visitbeijing.com.cn/attraction/120834,顶秀美泉小镇位于，紧临美丽的雁栖河畔。,北京市怀柔区雁栖地区范各庄村,特色游,https://r1.visitbeijing.com.cn/vbj-s/2017/0823/20170823042328356.jpg
北京塞隆国际文化创意园,https://s.visitbeijing.com.cn/attraction/120949,北京塞隆国际文化创意园，由首农集团与中国电力传媒集团共同出资打造，东临双桥东路，南抵即将开通的广渠路延长线，园区交通位置优越，占地面积72亩，建筑面积2.4万平方米。,北京市朝阳区双桥东路9号楼1层101号,休闲娱乐 | 特色游,https://r1.visitbeijing.com.cn/vbj-s/2017/1204/20171204045803606.jpg
奥林匹克森林公园四季滑雪场,https://s.visitbeijing.com.cn/attraction/120906,奥森四季滑雪场位于北京市标杆性全民健身场所奥林匹克森林公园南园内。,北京市朝阳区奥林匹克森林公园南园国奥村门内,休闲娱乐 | 特色游 | 温泉 | 滑雪,https://r1.visitbeijing.com.cn/vbj-s/2017/0914/20170914050323511.jpg
中国国学中心,https://s.visitbeijing.com.cn/attraction/120902,中国国学中心系奥林匹克公园内首个国家级博物馆，外形似”鼎“设16个展厅。,北京市朝阳区北辰东路9号,博物馆 | 休闲娱乐 | 特色游,https://r1.visitbeijing.com.cn/vbj-s/2017/0913/20170913032315614.jpg
廉洁奥运主题文化园,https://s.visitbeijing.com.cn/attraction/120895,廉洁奥运主题文化园位于北京市奥林匹克森林公园南园。,北京市朝阳区北辰东路15号,休闲娱乐 | 踏青 | 赏花 | 避暑,https://r1.visitbeijing.com.cn/vbj-s/2017/0911/20170911042821232.jpg
北京奥林匹克公园观光塔,https://s.visitbeijing.com.cn/attraction/120819,北京观光塔最高处为246.8米，为国内第6高。该观光塔位于奥林匹克森林公园南门外，被网友称为”大钉子”。,北京市朝阳区北辰东路15号,休闲娱乐 | 特色游 | 赏花,https://r1.visitbeijing.com.cn/vbj-s/2017/0817/20170817050724758.jpg
常营天街购物中心,https://s.visitbeijing.com.cn/attraction/120812,北京龙湖长楹天街购物中心，坐落于朝阳区朝阳北路常营段，无缝连接地铁六号线常营站。,北京市朝阳区朝阳北路,休闲娱乐,https://r1.visitbeijing.com.cn/vbj-s/2017/0816/20170816053056159.jpg
北京国香馆,https://s.visitbeijing.com.cn/attraction/120809,北京国香馆，是一个陈年名酒珍藏馆。,北京南三环路方庄桥西芳星园3区20号楼底商,休闲娱乐,https://r1.visitbeijing.com.cn/vbj-s/2017/0816/20170816045246471.jpg
北京提香高尔夫俱乐部,https://s.visitbeijing.com.cn/attraction/119902,北京提香高尔夫俱乐部位于北京市房山区，是一所球道全长3550码，标准杆36杆的俱乐部，由球场刘军设计。,北京市房山区窦店锦绣路18号,休闲娱乐,https://r1.visitbeijing.com.cn/vbj-s/2016/1116/20161116035846189.jpg
墙子路长城,https://s.visitbeijing.com.cn/attraction/120912,墙子路长城位于北京密云县城东约40公里。周围群山环绕，地势险峻，是明朝长城上的一座重要城池，是北京东部的要隘之一，为兵家必争之地。,北京市密云县大城子镇墙子路村东南方向,特色游 | 登山 | 踏青 | 赏花 | 避暑,https://r1.visitbeijing.com.cn/vbj-s/2017/0918/20170918040616950.jpg
独秀峰,https://s.visitbeijing.com.cn/attraction/120839,位于冯家峪村北两公里的白马关河畔，占地3000亩，景色秀美。,北京市密云区冯家峪村北两公里的白马关河畔,特色游 | 登山 | 踏青 | 赏花 | 避暑,https://r1.visitbeijing.com.cn/vbj-s/2017/0823/20170823054159617.jpg
将军石,https://s.visitbeijing.com.cn/attraction/120838,将军石位于冯家峪镇番子牌村大平台村的南山。,北京市密云区冯家峪镇番字牌村,登山 | 踏青 | 赏花,https://r1.visitbeijing.com.cn/vbj-s/2017/0823/20170823052843743.jpg
番字石刻,https://s.visitbeijing.com.cn/attraction/120837,番字石刻，位于北京市密云县番字牌乡番字牌村北小孤山上，为北京市文物保护单位。,北京市密云县冯家峪镇番字牌村,特色游,https://r1.visitbeijing.com.cn/vbj-s/2017/0823/20170823051102589.jpg
古北口保卫战纪念碑,https://s.visitbeijing.com.cn/attraction/120806,古北口保卫战纪念碑位于密云县古北口镇东山坡上，于1986年落成。,北京市密云区古北口镇北头村的东山坡,特色游,https://r1.visitbeijing.com.cn/vbj-s/2017/0816/20170816034116228.jpg
卢沟桥历史博物馆,https://s.visitbeijing.com.cn/attraction/120799,卢沟桥历史博物馆位于永定河河畔的卢沟桥东的桥头广场，是一座全面展示卢沟桥历史文化的专题性博物馆。博物馆经过全面提升改造、重新布展，以全新的面貌展示卢沟桥800多年的历史。2023年9月15日对游客开放。,北京市丰台区卢沟桥城南街77号卢沟桥景区,休闲娱乐 | 特色游,https://r1.visitbeijing.com.cn/vbj-s/2024/0614/c98a909c678da2af53be9f6f797de2ea.png
石景山古建筑群,https://s.visitbeijing.com.cn/attraction/120911,石景山主要古建群有：石景山唐代金阁寺遗址碧霞元君庙、元君殿、天空寺、古井等。,北京市石景山区首钢厂区内近永定河,登山 | 踏青 | 赏花 | 避暑,https://r1.visitbeijing.com.cn/vbj-s/2017/0915/20170915042201469.jpg
狼窝港密檐塔,https://s.visitbeijing.com.cn/attraction/120908,狼窝港密檐塔位于斋堂镇西斋堂村，原有三座，呈品字形排列，建于明代顺年间（1459）五月。,北京市门头沟区斋堂镇西斋堂村,特色游,https://r1.visitbeijing.com.cn/vbj-s/2017/0914/20170914053526902.jpg
北京七彩蝶园,https://s.visitbeijing.com.cn/attraction/118106,在这里，您可以与蝴蝶共舞；轻松玩转蝴蝶科普世界；亲手制作蝶翅画，体验无限乐趣；领略千年蝴蝶文化，感受蝴蝶历史魅力。,北京市顺义区高丽营镇南朗中村白马路北侧,特色游 | 踏青 | 赏花,https://r1.visitbeijing.com.cn/vbj-s/2013/0308/20130308035215922.jpg
北京乡村高尔夫俱乐部,https://s.visitbeijing.com.cn/attraction/117934,这里的高大树木和茵茵绿草会带给你不一样的心情和愉悦。当然了，还有这里的纯朴的乡村风情会让你找到回家的感觉。,北京市顺义区马坡向阳闸南潮白河西侧,特色游,https://r1.visitbeijing.com.cn/vbj-s/2015/0513/20150513050422847.jpg
什院木艺工坊,https://s.visitbeijing.com.cn/attraction/120973,“什院”坐落于北京宋庄镇丁各庄村丁个庄路37号，是由几名志同道合的朋友共同打造的木作空间，希望通过自己的努力让木作这件事变得简单、有趣，让更多的人可以参与进来，以木会友，感受木作的快乐。线下活动包括初级和中级的系统培训、定期的主题木作同城旅游活动，包括承接团建活动等；线上有淘宝、微店两个木工艺术品牌“什良”网店，做工精良、简约。,北京宋庄镇丁各庄村丁个庄路37号,休闲娱乐 | 特色游,https://r1.visitbeijing.com.cn/vbj-s/2018/0606/20180606040949866.jpg
通州东关大桥,https://s.visitbeijing.com.cn/attraction/120915,东关大桥地处北京长安街延长线，跨越北运河（京杭大运河起点）。,北京市通州区新华东街辅路,特色游 | 温泉 | 滑雪,https://r1.visitbeijing.com.cn/vbj-s/2017/0919/20170919042805386.jpg
通州运河文化广场,https://s.visitbeijing.com.cn/attraction/120807,通州运河文化广场位于通州区东关大桥北侧，南临通胡路，西倚运河东岸，为百里长安街东起点、京杭大运河北起点。,北京市通州区芙蓉西路9号,休闲娱乐 | 踏青 | 赏花,https://r1.visitbeijing.com.cn/vbj-s/2017/0816/20170816042744743.jpg
验粮楼,https://s.visitbeijing.com.cn/attraction/120805,验粮楼原名大光楼，又称坝楼，始建于明嘉靖七年（1528），同治十一年（1872）重修，南北添建平台各三间。,北京市通州区北大街,特色游,https://r1.visitbeijing.com.cn/vbj-s/2017/0816/20170816032330708.jpg
高君宇烈士墓,https://s.visitbeijing.com.cn/attraction/120693,高君宇墓位于宣武区陶然亭公园石桥南锦秋墩的北坡前，其身旁还有一位他生前的女友石评梅女士之墓。,北京市宣武区陶然亭公园石桥南锦秋墩的北坡前,特色游,https://r1.visitbeijing.com.cn/vbj-s/2017/0719/20170719062656366.jpg
国子监街,https://s.visitbeijing.com.cn/attraction/120690,国子监街，在北京市东城区安定门内，是一条东西向的胡同。,北京市东城区安定门内,遗产古迹 | 休闲娱乐 | 特色游,https://r1.visitbeijing.com.cn/vbj-s/2017/0719/20170719042705486.jpg
长城大庄科段,https://s.visitbeijing.com.cn/attraction/120685,大庄科段长城，与八达岭段长城同属“内长城”，其起点位于大庄科乡龙泉峪村东1.4公里处，同怀柔的水峪村长城相接,起点位于北京市延庆区大庄科乡龙泉峪村东1.4公里处,遗产古迹 | 特色游 | 登山,https://r1.visitbeijing.com.cn/vbj-s/2017/0717/20170717051157467.jpg
喇叭沟原始森林,https://s.visitbeijing.com.cn/attraction/120696,喇叭沟门原始次生林生态景区，在怀柔区最北端的喇叭沟门满族乡孙栅子村，距北京市区约160公里，有原始次生林7万亩，海拔1700多米高的南猴岭是怀柔区的最高峰。,北京市怀柔区喇叭沟门满族乡孙栅子村,特色游 | 登山 | 采摘 | 烧烤 | 踏青 | 赏花 | 红叶 | 银杏,https://r1.visitbeijing.com.cn/vbj-s/2017/0720/20170720051835990.jpg
北京马骏烈士墓,https://s.visitbeijing.com.cn/attraction/120691,马骏烈士墓于1984和1987年分别被朝阳区和北京市政府列为重点烈士名墓及文物保护单位。,日坛北路6号日坛公园内,休闲娱乐 | 特色游,https://r1.visitbeijing.com.cn/vbj-s/2017/0719/20170719052123496.jpg
常营清真寺,https://s.visitbeijing.com.cn/attraction/120684,常营清真寺位于北京市朝阳区常营地区常营民族新村。1986年，朝阳区人民政府将“常营清真寺”公布为“北京市朝阳区文物保护单位”。,北京市朝阳区常营地区常营民族新村,特色游,https://r1.visitbeijing.com.cn/vbj-s/2017/0717/20170717043811440.jpg
棺材山,https://s.visitbeijing.com.cn/attraction/120689,顾名思义，棺材山外形怪异，远观真如一口巨棺横卧于群峰之间。,北京市房山区以西30公里黄山店村,特色游 | 登山 | 踏青 | 赏花 | 避暑,https://r1.visitbeijing.com.cn/vbj-s/2017/0719/20170719034705588.jpg
望京亭,https://s.visitbeijing.com.cn/attraction/120692,据说可以看见整个北京城的亭子。,北京市颐和园北3公里处,特色游 | 登山 | 踏青 | 赏花,https://r1.visitbeijing.com.cn/vbj-s/2017/0719/20170719061412408.jpg
斋堂城遗址,https://s.visitbeijing.com.cn/attraction/120687,斋堂城遗址 位于北京市门头沟区斋堂镇斋堂村，是东通京师、西达河北省至蒙古高原的大道，明代建城于此，扼守古道通途。,北京市门头沟区斋堂镇斋堂村,遗产古迹 | 特色游 | 踏青,https://r1.visitbeijing.com.cn/vbj-s/2017/0718/20170718053636853.jpg
北京静逸清采摘园,https://s.visitbeijing.com.cn/attraction/120655,静逸清采摘园，是祥居集团的主要成员和对外宣传的重要窗口。她坐落在“中国西瓜之乡”、美丽富饶的京南重镇-庞各庄。,北京市大兴区庞各庄,采摘,https://r1.visitbeijing.com.cn/vbj-s/2017/0615/20170615014028832.jpg
东华门大街,https://s.visitbeijing.com.cn/attraction/120695,东华门大街西起故宫东华门，东至王府井大街，路面宽敞，长不过一站路。,北京东城区东华门大街,特色游,https://r1.visitbeijing.com.cn/vbj-s/2017/0720/20170720045734526.jpg
老北京风情街,https://s.visitbeijing.com.cn/attraction/120694,老北京风情街位于中国北京市东城区王府井地区，是集中展示老北京民俗文化的商业中心。,中国北京市东城区王府井地区,休闲娱乐,https://r1.visitbeijing.com.cn/vbj-s/2017/0720/20170720043447317.jpg
慈禧水道,https://s.visitbeijing.com.cn/attraction/120686,"""慈禧水道""具有悠久的历史和丰富的文化内涵，始于乾隆，盛于光绪。",西城区西直门外大街135号（慈溪河道起点）,特色游,https://r1.visitbeijing.com.cn/vbj-s/2017/0718/20170718050842540.jpg
艺术8,https://s.visitbeijing.com.cn/attraction/120958,艺术8坐落于北京东城区皇城根北街甲20号，建于1920年的原中法大学。,北京市东城区东皇城根北街甲20号（原中法大学）,休闲娱乐 | 特色游,https://r1.visitbeijing.com.cn/vbj-s/2018/0105/20180105032711962.jpg
静心斋,https://s.visitbeijing.com.cn/attraction/120861,静心斋原名镜清斋。在北海北岸，西邻天王殿。,北京市西城区文津街1号,遗产古迹 | 特色游 | 踏青 | 赏花 | 避暑,https://r1.visitbeijing.com.cn/vbj-s/2017/0829/20170829051302418.jpg
京师女子师范学堂旧址,https://s.visitbeijing.com.cn/attraction/120857,京师女子师范学堂旧址位于西城区新文化街45号，现为北京市鲁迅中学。,北京市西城区新文化街45号,休闲娱乐 | 特色游,https://r1.visitbeijing.com.cn/vbj-s/2017/0829/20170829033908964.jpg
快雪堂,https://s.visitbeijing.com.cn/attraction/120853,快雪堂位于北海公园波光潋滟的太液池北岸，紧邻九龙壁，规制宏敞的阐福寺东侧。,北京市西城区文津街1号(故宫北),特色游 | 避暑,https://r1.visitbeijing.com.cn/vbj-s/2017/0828/20170828041206267.jpg
荀慧生故居,https://s.visitbeijing.com.cn/attraction/120851,荀慧生故居为区级文物保护单位。位于北京市宣武区山西街。故居坐西朝东，四合院格局。,北京市宣武区山西街,遗产古迹,https://r1.visitbeijing.com.cn/vbj-s/2017/0828/20170828093524353.jpg
西苑美食街,https://s.visitbeijing.com.cn/attraction/120677,西苑美食街地处北京西苑地铁站，是海淀区小有名气的集购物与美食于一体的景区,北京地铁西苑站,休闲娱乐,https://r1.visitbeijing.com.cn/vbj-s/2017/0712/20170712052629376.jpg
祾恩殿,https://s.visitbeijing.com.cn/attraction/120860,站在祾恩门内向北望，一座气势非凡的大殿矗立在庭院的中央，它就是十三陵中唯一保存下来的祾恩殿。,北京昌平县天寿山南麓,特色游,https://r1.visitbeijing.com.cn/vbj-s/2017/0829/20170829045629835.jpg
汤河口白河湾湿地公园,https://s.visitbeijing.com.cn/attraction/120682,怀柔白河湾湿地公园位于怀柔区汤河口镇和琉璃庙镇境内，沿汤河而下，北至汤河口镇政府、沿后安岭村向南至琉璃庙镇政府附近。,怀柔区汤河口镇和琉璃庙镇境内，沿汤河而下，北至汤河口镇政府、沿后安岭村向南至琉璃庙镇政府附近,休闲娱乐 | 特色游 | 烧烤 | 踏青 | 赏花 | 漂流,https://r1.visitbeijing.com.cn/vbj-s/2017/0714/20170714033138619.jpg
北京大柳树鬼市,https://s.visitbeijing.com.cn/attraction/120681,北京只在周三晚上凌晨三点开始的杂货市场，是京城探险寻球刺激的好去处,北京东五环大柳树市场,休闲娱乐,https://r1.visitbeijing.com.cn/vbj-s/2017/0714/20170714030231546.jpg
罗红摄影艺术馆,https://s.visitbeijing.com.cn/attraction/120977,罗红摄影艺术馆展出的是从罗红先生20年拍摄的几十万张作品中精选出来的第一批150张照片，含自然风光、野生动物、神秘的纳纯湖三大部分，每一部分都让人身临其境地感受大自然磅礴的力量和罕见的美，激发人对自然最本能的渴望与向往。,北京顺义天竺杨林出口路（机场高速杨林大道出口200米路南）,博物馆 | 休闲娱乐 | 特色游 | 踏青 | 赏花,https://r1.visitbeijing.com.cn/vbj-s/2018/0702/20180702024050187.jpg
松美术馆,https://s.visitbeijing.com.cn/attraction/120975,松美术馆是一座具有国际视角、国际标准的艺术空间，坐落于北京市顺义区温榆河畔。由华谊兄弟创始人、董事长，当代艺术家，收藏家王中军先生创办，于2017年9月正式开馆。,北京市顺义区天竺镇格拉斯路,休闲娱乐,https://r1.visitbeijing.com.cn/vbj-s/2018/0626/20180626072609857.png
北务香逸葡萄大观园,https://s.visitbeijing.com.cn/attraction/120678,北务香逸葡萄大观园坐落于京郊瓜菜名镇——北务，几年来在北京市园林绿化局、北京市农林科学院、顺义区人民政府的鼎力支持，北务香逸葡萄大观园选用香味浓郁，色泽鲜艳，按早、中、晚熟搭配的60余个鲜食香味葡萄。,北京顺义区北务镇北务村东,特色游 | 采摘,https://r1.visitbeijing.com.cn/vbj-s/2017/0713/20170713033811486.jpg
国礼大桃采摘园,https://s.visitbeijing.com.cn/attraction/120688,桃养人”，并将其唤作“寿桃”，是因为桃的益处众人皆知：桃具有补中益气、养阴生津、润肠通便的功效，尤其适用于气血两亏、面黄肌瘦、心悸气短、便秘、闭经、淤血肿痛等症状的人多食。,北京市平谷区夏各庄镇陈太务村 金海湖镇胡庄村 大华山镇华山村,采摘,https://r1.visitbeijing.com.cn/vbj-s/2017/0718/20170718062154407.jpg
宋庆龄青少年科技文化交流中心,https://s.visitbeijing.com.cn/attraction/120978,宋庆龄青少年科技文化交流中心面向青少年、儿童，构建科技、艺术、文化、运动、自然教育、社会交往等六大体系的体验教育平台。,北京市海淀区玉渊潭南路11号中国宋庆龄青少年科技文化交流中心,特色游,https://r1.visitbeijing.com.cn/vbj-s/2018/0703/20180703103239598.jpg
行舟紫竹院，看竹赏花,https://s.visitbeijing.com.cn/attraction/120970,紫竹院公园位于北京西三环内，海淀区白石桥附近，北京首都体育馆西侧。紫竹院公园始建于  1953年，因园内西北部有明清时期庙宇，“福荫紫竹院”而得名，有蜀南竹海的竹园别致，又有兔耳岭的灵石草甸景观。,北京市海淀区中关村南大街35号,休闲娱乐 | 特色游 | 采摘 | 垂钓 | 踏青 | 赏花 | 漂流 | 避暑 | 红叶 | 银杏 | 温泉 | 滑雪,https://r1.visitbeijing.com.cn/vbj-s/2018/0605/20180605030158763.jpg
模式口古街,https://s.visitbeijing.com.cn/attraction/120670,,北京市石景山区中部,休闲娱乐 | 踏青,https://r1.visitbeijing.com.cn/vbj-s/2017/0629/20170629095548243.jpg
龙潭公园龙吟阁,https://s.visitbeijing.com.cn/attraction/120814,龙潭公园的龙吟阁景区，位于公园西南部。,北京市东城区龙潭路18号,休闲娱乐,https://r1.visitbeijing.com.cn/vbj-s/2017/0816/20170816060045235.jpg
玉峰塔,https://s.visitbeijing.com.cn/attraction/120867,玉峰塔也称“大塔”或“定光塔”，位于北京西北的玉泉山主峰上香积寺内。,北京海淀区玉泉山主峰香积寺内,登山 | 踏青 | 赏花,https://r1.visitbeijing.com.cn/vbj-s/2017/0831/20170831043846363.jpg
岔道口村,https://s.visitbeijing.com.cn/attraction/120767,延庆八达岭镇的“岔道口”村。“岔道口”村建于明代，已有450年历史，历经沧桑，古城处处可见明、清遗迹，并且已于2000年被市文物部门列为市级文物保护单位。今天的岔道口村，已经发展成为旅游民俗村。,,特色游 | 踏青 | 赏花,https://r1.visitbeijing.com.cn/vbj-s/2017/0809/20170809052654959.jpg
王承恩墓,https://s.visitbeijing.com.cn/attraction/120855,北京昌平区明十三陵陵区内、思陵前方有一座陪葬墓，普遍认为该墓是明朝末年明崇祯皇帝朱由检的心腹太监王承恩的墓葬，通常称为王承恩墓。,北京市昌平区十三陵镇悼陵监村东南方向,特色游,https://r1.visitbeijing.com.cn/vbj-s/2017/0828/20170828045001918.jpg
十三陵·昭陵,https://s.visitbeijing.com.cn/attraction/120773,明昭陵位于北京市昌平区，是明十三陵中的一座陵墓，在大峪山东麓，是明朝第十二位皇帝穆宗朱载垕及其三位皇后的合葬陵寝。,北京昌平区大峪山东麓,遗产古迹 | 特色游,https://r1.visitbeijing.com.cn/vbj-s/2017/0810/20170810041028635.jpg
十三陵·康陵,https://s.visitbeijing.com.cn/attraction/120772,明十三陵的康陵，是明朝第十位皇帝武宗朱厚照和皇后夏氏的合葬陵墓。,昌平天寿山陵区莲花山东麓,遗产古迹 | 特色游,https://r1.visitbeijing.com.cn/vbj-s/2017/0810/20170810034829625.jpg
十三陵·裕陵,https://s.visitbeijing.com.cn/attraction/120771,明裕陵，位于明十三陵天寿山西峰石门山南麓，是明朝第六位皇帝明英宗朱祁镇和皇后钱氏、周氏的合葬陵寝。裕陵经多年风雨已残破不全，于2001年进行了彻底的修缮。,北京市昌平区十三陵地区,遗产古迹 | 特色游,https://r1.visitbeijing.com.cn/vbj-s/2017/0811/20170811100747438.jpg
十三陵·泰陵,https://s.visitbeijing.com.cn/attraction/120703,明泰陵，位于笔架山东南麓，这里又称“施家台”，或“史家山”，是明朝第九帝孝宗敬皇帝朱祐樘（年号弘治）及皇后张氏的合葬陵寝。,北京昌平区笔架山东南麓,遗产古迹 | 特色游,https://r1.visitbeijing.com.cn/vbj-s/2017/0726/20170726052647522.jpg
十三陵·庆陵,https://s.visitbeijing.com.cn/attraction/120702,庆陵，位于十三陵中的长陵西北1.5公里，献陵西北约0.5公里，北京昌平天寿山陵内黄山寺二岭南麓，是明朝第十四位皇帝——明光宗朱常洛和皇后郭氏、王氏、刘氏的合葬陵寝。,北京市昌平区天寿山,遗产古迹 | 特色游,https://r1.visitbeijing.com.cn/vbj-s/2017/0726/20170726050930174.jpg
十三陵·景陵,https://s.visitbeijing.com.cn/attraction/120701,明景陵是指明朝第五位皇帝宣宗朱瞻基与皇后孙氏的合葬陵寝，位于天寿山东峰（又名黑山）之下，建造动用10万余人，在1463年3月19日完工。,北京市昌平区天寿山东峰,遗产古迹 | 特色游,https://r1.visitbeijing.com.cn/vbj-s/2017/0726/20170726043521238.jpg
十三陵·永陵,https://s.visitbeijing.com.cn/attraction/120700,明永陵位于北京市昌平区天寿山阳翠岭南麓，是明朝第十一位皇帝世宗朱厚熜及陈氏、方氏、杜氏三位皇后的合葬陵寝。,北京市昌平区天寿山阳翠岭南麓,遗产古迹 | 特色游,https://r1.visitbeijing.com.cn/vbj-s/2017/0726/20170726040703681.jpg
十三陵·茂陵,https://s.visitbeijing.com.cn/attraction/120699,明茂陵，位于明十三陵明裕陵右侧的聚宝山下，是明朝第八位皇帝明宪宗朱见深和王氏、纪氏、邵氏三位皇后的合葬陵寝。,位于明十三陵明裕陵右侧的聚宝山,遗产古迹,https://r1.visitbeijing.com.cn/vbj-s/2017/0721/20170721032036474.jpg
十三陵·石牌坊,https://s.visitbeijing.com.cn/attraction/120698,立在北京市昌平区天寿山明十三陵前的陵门是全国现存最大的石牌坊，这是一座六柱五间十一楼的彩绘超大石坊，高五十尺（合16米），宽一百零四尺（合35米），其上巨大的汉白玉石构件和精美的石雕工艺堪称一绝。,北京市昌平区天寿山明十三陵,遗产古迹,https://r1.visitbeijing.com.cn/vbj-s/2017/0721/20170721014733310.jpg
十三陵·献陵,https://s.visitbeijing.com.cn/attraction/120697,明献陵是中国明朝第四位皇帝明仁宗朱高炽和皇后张氏的陵墓，坐落在北京西北郊昌平区境内的燕山山麓的天寿山，是明十三陵之一。,北京西北郊昌平区境内的燕山山麓的天寿山,遗产古迹,https://r1.visitbeijing.com.cn/vbj-s/2017/0721/20170721012958505.jpg
白河湾薰衣草庄园,https://s.visitbeijing.com.cn/attraction/120976,怀柔白河湾薰衣草庄园，体验欧式风情，好山好水醉风景。,北京怀柔北京怀柔区琉璃庙镇白河湾自然风景区内,特色游 | 登山 | 踏青 | 赏花 | 漂流 | 避暑,https://r1.visitbeijing.com.cn/vbj-s/2018/0627/20180627025857776.jpg
冯玉祥将军陈列室,https://s.visitbeijing.com.cn/attraction/120854,慈善寺院后面名为“灵境”的东跨院就是冯玉祥将军故居，北房5间和厢房已修缮一新，现被辟为爱国主义教育基地“冯玉祥将军事迹陈列室”。,石景山区五里坨天泰山慈善寺内,遗产古迹 | 休闲娱乐 | 特色游,https://r1.visitbeijing.com.cn/vbj-s/2017/0828/20170828043509509.jpg
芦潭古道,https://s.visitbeijing.com.cn/attraction/120865,芦潭古道是京易御道的支线，当时也得到了整修，拓宽展平，部分路段铺砌了条石或石块。,北京市门头沟区永定地区石佛村,特色游 | 登山 | 踏青 | 赏花,https://r1.visitbeijing.com.cn/vbj-s/2017/0830/20170830050906310.jpg
亮马河国际风情水岸,https://s.visitbeijing.com.cn/attraction/120992,亮马河国际风情水岸，可一站式打卡游船、光影码头、文化空间、商业矩阵、户外休闲运动等综合文商旅+科技项目。既是Citywalk的首选地，也是放松身心的新选择。,北京市朝阳区东三环北路亮马河国际风情水岸,,https://r1.visitbeijing.com.cn/vbj-s/2023/1212/9967be3b17a2112fe03d7030bb041b29.jpg
北京丫髻山道教文化名胜区,https://s.visitbeijing.com.cn/attraction/120473,"丫髻山风景区位于北京市平谷区刘店乡(距北京91公里)，因山巅两块巨石状若古代女孩头上的丫髻，因此得名丫髻山。四方百姓又称丫髻山为""东大山""。距东直门70公里，距金海湖45公里。",北京市刘家店镇北吉山村北吉山大街39号,特色游 | 登山 | 踏青 | 赏花,https://r1.visitbeijing.com.cn/vbj-s/2017/0522/20170522035757891.jpg
故宫九龙壁,https://s.visitbeijing.com.cn/attraction/120869,九龙壁位于紫禁城宁寿宫区皇极门外。,北京市东城区景山前街4号,特色游,https://r1.visitbeijing.com.cn/vbj-s/2017/0831/20170831051550261.jpg
北京松堂斋民间雕刻博物,https://s.visitbeijing.com.cn/attraction/120500,北京松堂斋民间雕刻博物馆坐落于国子监街3号，是全国首家以民间雕刻为主题的民办博物馆。,北京市东城区国子监3号院,博物馆 | 特色游,https://r1.visitbeijing.com.cn/vbj-s/2017/0522/20170522034429703.jpg
北京睦明唐古瓷标本博物馆,https://s.visitbeijing.com.cn/attraction/120499,北京睦明唐古瓷标本博物馆是一座集中国传统茶艺表演、欣赏，中国古代陶瓷标本研习、触摸为一体的，参观与休闲相结合的民间性质的特色博物馆。,北京市东城区东花市北里东区1号北京市房地产交易中心一层,博物馆 | 特色游,https://r1.visitbeijing.com.cn/vbj-s/2017/0522/20170522034943710.jpg
北京规划展览馆,https://s.visitbeijing.com.cn/attraction/120309,北京市规划展览馆，位于北京东城区前门东大街(老北京火车站东侧)，是在原有建筑基础上改造而成。,北京市东城区前门东大街20号,博物馆 | 休闲娱乐 | 特色游,https://r1.visitbeijing.com.cn/vbj-s/2017/0417/20170417033935166.jpg
北京人文艺术中心,https://s.visitbeijing.com.cn/attraction/120303,北京人文艺术中心（BCAC) 位于五道营胡同3号院，由日本建筑师藤本壮介主持改造。以国际创新视野的艺术展览、公众项目、文化体验为起点，分享创意带来的美好生活，同时推进中国经典传统文化的研究与推广。,北京市东城区五道营胡同3号,休闲娱乐 | 特色游,https://r1.visitbeijing.com.cn/vbj-s/2017/0413/20170413083923713.jpg
东宫影剧场,https://s.visitbeijing.com.cn/attraction/120286,东宫影剧院(东四工人文化宫)位于东城区隆福寺大街47号，始建于1954年，隶属东城区工会，毗邻中国美术馆、北京人民艺术剧院、三联书店、中国书店，是隆福寺街区标志性建筑之一。,"北京市隆福寺街47号(长虹影院,东四影院)",休闲娱乐,https://r1.visitbeijing.com.cn/vbj-s/2017/0413/20170413075407234.jpg
史家胡同博物馆,https://s.visitbeijing.com.cn/attraction/120280,史家胡同博物馆位于北京市东城区，是北京首家胡同博物馆。这是一个精致的院子，为两进院落，占地面积一千余平方米。院内参天的老柿子树荫遮蔽着灰砖落地的瓦房，小连廊上挂着两个鸟笼，让人仿佛进入了电视剧里清末民初某个大户人家。,北京市东城区史家胡同24号,休闲娱乐,https://r1.visitbeijing.com.cn/vbj-s/2017/0413/20170413072400352.jpg
北京中山公园音乐堂,https://s.visitbeijing.com.cn/attraction/120245,"中山公园音乐堂东临故宫、南接天安门广场。音乐堂所在的中山公园原名社稷坛，是世界上最大、最完整的古代宫殿建筑群——紫禁城的一部分，因此音乐堂被海内外音乐人士誉为""中国皇家园林中的音乐明珠""。优越的地理位置与人文环境赋予这座音乐殿堂独一无二的韵味与魅力。",北京西长安街中山公园内,休闲娱乐,https://r1.visitbeijing.com.cn/vbj-s/2017/0413/20170413070612722.jpg
正乙祠戏楼,https://s.visitbeijing.com.cn/attraction/120228,正乙祠戏楼属于北京金钊钰辰文化传播有限公司旗下线上平台。正乙祠戏楼建于清康熙二十七年（1688年）。戏楼建于佛教寺庙的原址上。戏楼具有悠久的历史，京剧大师梅兰芳曾在这里演出。,北京东城区新中街乙12号3号楼412室,休闲娱乐,https://r1.visitbeijing.com.cn/vbj-s/2017/0413/20170413024708403.jpg
中国儿童艺术剧院,https://s.visitbeijing.com.cn/attraction/120224,中国儿童艺术剧院位于东城区东安门大街64号，地处王府井商业街繁华地带，是唯一的文化部直属国家级儿童剧场。,北京市东城区东安门大街64号,休闲娱乐 | 特色游,https://r1.visitbeijing.com.cn/vbj-s/2017/0412/20170412084856441.jpg
蓬蒿剧场,https://s.visitbeijing.com.cn/attraction/120223,蓬蒿剧场咖啡馆是北京第一个四合院小剧场，地处北京城市中心，位于东城区交道口南大街东棉花胡同。,北京东城区交道口南大街东棉花胡同35号（中央戏剧学院正门向东100米）,休闲娱乐,https://r1.visitbeijing.com.cn/vbj-s/2017/0412/20170412081548595.jpg
雷剧场,https://s.visitbeijing.com.cn/attraction/120221,“雷剧场”是京城著名喜剧团队“雷子乐笑工厂”2009年12月成立两周年时提出的在全国发展自有连锁剧场的战略步骤，目标城市初期定在北京、上海、广州。所有剧场全部以“地域名+雷剧场”命名，全年上演“雷子乐笑工厂”出品的“原创减压百姓喜剧”。,东城区工体北路66号瑞士公寓一层,休闲娱乐,https://r1.visitbeijing.com.cn/vbj-s/2017/0412/20170412074853561.jpg
北京人民艺术剧院,https://s.visitbeijing.com.cn/attraction/120210,北京人民艺术剧院是一个具有独特表演风格的中外闻名的专业话剧院。,北京市东城区王府井大街22号,休闲娱乐,https://r1.visitbeijing.com.cn/vbj-s/2017/0412/20170412043558241.jpg
蜂巢剧场,https://s.visitbeijing.com.cn/attraction/120194,蜂巢剧场为2008年孟京辉为《恋爱的犀牛》开辟的新剧场，之所以叫做“蜂巢”，暗喻像蜜蜂一样辛勤的工作。,东直门外大街十字坡西里甲3号3楼(近东二环),休闲娱乐,https://r1.visitbeijing.com.cn/vbj-s/2017/0412/20170412021536562.jpg
国话先锋剧院,https://s.visitbeijing.com.cn/attraction/120192,国话先锋剧院位于东方广场东侧，隶属于中国国家话剧院。,北京市东城区东单三条8-2号国话大厦3层,休闲娱乐,https://r1.visitbeijing.com.cn/vbj-s/2017/0411/20170411050030311.jpg
北京金龙建国温泉,https://s.visitbeijing.com.cn/attraction/120043,,北京东城区建国门南大街5号（建国门地铁站南）,温泉 | 滑雪,https://r1.visitbeijing.com.cn/vbj-s/2016/1220/20161220035208502.jpg
燕墩公园,https://s.visitbeijing.com.cn/attraction/119973,,永定门西翅膀南侧,休闲娱乐,https://r1.visitbeijing.com.cn/vbj-s/2016/1205/20161205105359411.jpg
太庙,https://s.visitbeijing.com.cn/attraction/119894,太庙是中国古代皇帝的宗庙。太庙在夏朝时称为“世室”，殷商时称为“重屋”，周称为“明堂”，秦汉时起称为“太庙”。,北京市东城区东长安街东长安街天安门东侧,遗产古迹 | 特色游,https://r1.visitbeijing.com.cn/vbj-s/2019/0712/20190712014001951.jpg
紫光阁,https://s.visitbeijing.com.cn/attraction/119794,紫光阁是国务院领导同志接见外宾的重要场所。,中海西侧,特色游,https://r1.visitbeijing.com.cn/vbj-s/2016/1027/20161027042536868.jpg
北京孔庙,https://s.visitbeijing.com.cn/attraction/119788,北京孔庙位于北京东城区国子监街，为中国元、明、清三朝祭祀孔子的场所，与南京夫子庙、吉林孔庙和曲阜文庙并称为中国四大文庙，是仅次于曲阜的全国第二大孔庙。,北京东城区国子监街13号/15号,特色游,https://r1.visitbeijing.com.cn/vbj-s/2019/0807/20190807045523707.jpg
人口文化园,https://s.visitbeijing.com.cn/attraction/119670,近年来，东城区人口计生委积极实施以“倡导婚育文明、构建和谐家庭”为主题的人口文化体系建设,北京市东城区人口文化园,休闲娱乐,https://r1.visitbeijing.com.cn/vbj-s/2016/0928/20160928032731739.png
护城河休闲公园,https://s.visitbeijing.com.cn/attraction/119631,又称东南二环护城河城市休闲公园，东起东便门桥，西至玉蜓桥，紧邻龙潭体育产业园，位于京津城际铁路可视范围内。,东起东便门桥，西至玉蜓桥,休闲娱乐,https://r1.visitbeijing.com.cn/vbj-s/2016/0919/20160919032149213.png
广安门外城市休闲公园,https://s.visitbeijing.com.cn/attraction/119627,广安门外城市休闲森林公园位于宣武区广外大街北侧，总面积2.8公顷，建设内容包括新植乔灌木，花卉，地被。,广源小区西区南门附近,休闲娱乐,https://r1.visitbeijing.com.cn/vbj-s/2016/0918/20160918090723498.jpg
王府井百货,https://s.visitbeijing.com.cn/attraction/119567,北京王府井百货(集团)股份有限公司前身是享誉中外的新中国第一店——北京市百货大楼，创立于1955年。,王府井,休闲娱乐,https://r1.visitbeijing.com.cn/vbj-s/2016/0901/20160901034348716.jpg
王府井小吃街,https://s.visitbeijing.com.cn/attraction/119558,王府井小吃街是北京及各地名优风味小吃的荟萃之苑，位于王府井大街好友世界商场的南侧，街内有店铺、摊位百余个，是一家专门经营北京及各地风味小吃、旅游纪念品、民间工艺品的市场。,王府井好友世界商场南,遗产古迹 | 休闲娱乐 | 特色游 | 烧烤,https://r1.visitbeijing.com.cn/vbj-s/2016/0831/20160831040805956.jpg
北京国际友谊博物馆,https://s.visitbeijing.com.cn/attraction/119553,北京国际友谊博物馆，专门收藏、保护、研究、展示和宣传新中国对外交往中党和国家领导人受赠的外交礼品的专题博物馆。,北京东城区雍和宫大街戏楼胡同1号,博物馆 | 特色游,https://r1.visitbeijing.com.cn/vbj-s/2016/0831/20160831115219975.jpg
中国海关博物馆,https://s.visitbeijing.com.cn/attraction/119552,中国海关博物馆是中华人民共和国海关总署直属的国家级行业博物馆，位于北京市东城区建国门内大街六号，东接古观象台、西依海关总署机关大楼、北邻东长安街、南近柳罐胡同，为古典园林式建筑。,北京市长安街东起点路南,博物馆 | 特色游,https://r1.visitbeijing.com.cn/vbj-s/2016/0831/20160831114251866.jpg
皮影▪剪纸馆,https://s.visitbeijing.com.cn/attraction/119335,看皮影，学剪纸，后台体验皮影戏，看皮影戏获赠剪纸精美小礼品，许多家长带孩子来到店里动手DIY。,北京市前门杨梅竹斜街6号。,特色游,https://r1.visitbeijing.com.cn/vbj-s/2016/0804/20160804123517556.jpg
北京天坛温泉康乐城,https://s.visitbeijing.com.cn/attraction/119320,天坛温泉水含有近40种对人体有益的化学物质，特别是水中氟元素含量较高于其它元素，故可命名为“氟化泉”。,北京市东城区永定门东街中里3号,特色游 | 温泉 | 滑雪,https://r1.visitbeijing.com.cn/vbj-s/2016/0803/20160803114714235.jpg
吴东魁艺术馆,https://s.visitbeijing.com.cn/attraction/119044,吴东魁艺术馆坐落于北京崇文区花市大街，总面积6000多平方米，艺术共三层，每层为一个展区。艺术馆总投资上亿元。,北京东城区花市大街,博物馆 | 休闲娱乐 | 特色游,https://r1.visitbeijing.com.cn/vbj-s/2016/0707/20160707054319782.jpg
奇思妙想魔相馆3D,https://s.visitbeijing.com.cn/attraction/118455,由极具创造性和互动性的3D立体墙画和地画组成，利用错视技术，让看似平面的绘画完美呈现三维效果。,北京市东城区前门大街127号,休闲娱乐 | 特色游,https://r1.visitbeijing.com.cn/vbj-s/2015/1130/20151130022744288.jpg
北京柏林寺,https://s.visitbeijing.com.cn/attraction/118453,明清之际，寺为北京八大寺庙之一，建于元至正七年(公元1347年)，寺内保存的《龙藏》经版，是中国释藏中现存的唯一木刻经版。,北京东城区雍和宫大街戏楼胡同1号,遗产古迹 | 特色游,https://r1.visitbeijing.com.cn/vbj-s/2015/1120/20151120043549106.jpg
Art Once自助画室,https://s.visitbeijing.com.cn/attraction/118434,Art Once是一个画室，也是一个聚会场所，来画室的顾客不需要绘画技巧，只要带着你愿意尝试的心就能绘画出属于自己的作品。,北京市东直门外奥加美术馆B座3层,休闲娱乐,https://r1.visitbeijing.com.cn/vbj-s/2015/0911/20150911015343955.jpg
红剧场,https://s.visitbeijing.com.cn/attraction/118375,《功夫传奇》专为旅游者量身定制，爱尔兰副大使曾赞叹：“这是一出比大河之舞更振奋人心的演出”。,北京市东城区幸福大街44号,休闲娱乐,https://r1.visitbeijing.com.cn/vbj-s/2015/0824/20150824040902684.jpg
长安大戏院,https://s.visitbeijing.com.cn/attraction/118360,长安大戏院承载着弘扬民族传统文化的责任，牵动着中外新老戏迷的心。,北京建国门内大街7号,休闲娱乐,https://r1.visitbeijing.com.cn/vbj-s/2015/0820/20150820034034827.jpg
天地剧场,https://s.visitbeijing.com.cn/attraction/118359,天地剧场被市文化局定为旅游杂技剧场，每晚7:10-8:30对外接待中外旅游团观看演出杂技。,北京市东城区东直门南大街10号保利大厦旁,休闲娱乐,https://r1.visitbeijing.com.cn/vbj-s/2015/0820/20150820024451431.jpg
北京杜莎夫人蜡像馆,https://s.visitbeijing.com.cn/attraction/118336,杜莎夫人蜡像馆是全世界水平最高的蜡像馆之一，有众多世界名人的蜡像，其中恐怖屋最为出名。,北京市东城区前门大街18号,博物馆 | 特色游,https://r1.visitbeijing.com.cn/vbj-s/2015/0722/20150722101001290.jpg
北京乾鼎老酒博物馆,https://s.visitbeijing.com.cn/attraction/118291,北京乾鼎老酒博物馆是以历史与收藏并重，展览、挖掘、传承、文化交流于一体的综合性老酒博物馆。,北京东城区鼓楼赵府街69号,博物馆 | 特色游,https://r1.visitbeijing.com.cn/vbj-s/2013/1126/20131126022122498.jpg
天安门城楼,https://s.visitbeijing.com.cn/attraction/118289,天安门城楼是中国古代最壮丽的城楼之一，以杰出的建筑艺术和特殊的政治地位为世人所瞩目。,北京市东城区西长安街,特色游,https://r1.visitbeijing.com.cn/vbj-s/2013/0922/20130922050219630.jpg
永定门公园,https://s.visitbeijing.com.cn/attraction/118245,永定门公园是北京“十字景观轴”重要组成部分，被尊称为“龙脉”“天街”。北起南纬路，南至永定门，东至天坛坛墙，西与永定门公园相接。,东城区永定门东滨河路18号,休闲娱乐 | 踏青 | 赏花,https://r1.visitbeijing.com.cn/vbj-s/2013/0503/20130503095951614.jpg
龙潭西湖公园,https://s.visitbeijing.com.cn/attraction/118240,公园三季有花，四季常青的园林景观，环境幽雅，景色宜人，绿柳成荫，为当地百姓创造了一处温馨舒适的休闲娱乐环境。,东城区龙潭路甲1号(龙潭公园西侧),休闲娱乐 | 踏青 | 赏花,https://r1.visitbeijing.com.cn/vbj-s/2013/0428/20130428051729493.jpg
玉蜓公园,https://s.visitbeijing.com.cn/attraction/118239,公园建设成了一个集休闲、娱乐、健身于一体的大型文化活动广场及绿地公园，营造了良好的“进京第一印象”。,东城区永定门东滨河路17号,休闲娱乐 | 踏青 | 赏花,https://r1.visitbeijing.com.cn/vbj-s/2013/0428/20130428033731190.jpg
北二环城市公园,https://s.visitbeijing.com.cn/attraction/118234,北二环城市公园在设计建设中最大限度地突出了绿色生态和植物造景，减少了人工雕琢的痕迹，尽力追求自然和谐的效果。,南起旧鼓楼大街东至雍和宫大街北至安定门东西大街,休闲娱乐 | 踏青 | 赏花,https://r1.visitbeijing.com.cn/vbj-s/2013/0426/20130426055313636.jpg
奥林匹克社区花园,https://s.visitbeijing.com.cn/attraction/118233,公园里大规格的乔灌木和富于季相变化的植物搭配来营造自然、生动的绿色空间，一系列以奥运为主题的雕塑，使人处处感受朝气蓬勃的奥运精神。,豆瓣胡同2号楼东南侧,休闲娱乐 | 特色游 | 踏青 | 赏花,https://r1.visitbeijing.com.cn/vbj-s/2013/0426/20130426011136139.jpg
北京皇城艺术馆,https://s.visitbeijing.com.cn/attraction/118184,北京市政府的重点项目和明清北京皇城保护工作的重要组成部,北京市东城区菖蒲河沿9号,博物馆 | 特色游,https://r1.visitbeijing.com.cn/vbj-s/2013/0407/20130407053724374.jpg
北京新文化运动纪念馆,https://s.visitbeijing.com.cn/attraction/118180,全面展示五四新文化运动历史的综合性博物馆,北京市东城区五四大街29号,博物馆 | 特色游,https://r1.visitbeijing.com.cn/vbj-s/2013/0407/20130407021239603.jpg
中国铁道博物馆正阳门展馆,https://s.visitbeijing.com.cn/attraction/118177,主要任务是负责铁路文物、科研成果等展品的收藏、保管、陈列、展示及编辑研究工作。同时作为进行爱国主义宣传教育和科学普及教育的基地。,北京市东城区前门大街甲2号(正阳门东南角对面),博物馆 | 特色游,https://r1.visitbeijing.com.cn/vbj-s/2015/0803/20150803041232878.jpg
北京王府井古人类文化遗址博物馆,https://s.visitbeijing.com.cn/attraction/118168,返朴归真的陈列气氛，古人类生活、狩猎的大型图画，将观众带到2万年前祖先的家园，体会祖先的生活环境、生活方式。,北京市东城区东长安街1号，东方广场1P3。,博物馆 | 特色游,https://r1.visitbeijing.com.cn/vbj-s/2013/0401/20130401112130167.jpg
保利艺术博物馆,https://s.visitbeijing.com.cn/attraction/118166,馆藏以100余件青铜器为主另有石刻、书画等不乏有举世罕见的艺术珍品。以弘扬中华民族优秀传统文化艺术，抢救保护流散在海外的中国珍贵文物,北京市东城区东直门南大街14号保利大厦9楼(近地铁东四十条站),博物馆 | 特色游,https://r1.visitbeijing.com.cn/vbj-s/2015/1120/20151120040601817.jpg
中国医史博物馆,https://s.visitbeijing.com.cn/attraction/118158,中国医史博物馆展出有丰富的祖国医药文物珍品：著名的医学图书、御制稿本、书画拓片、陶瓷玉器等藏品3000多件。,北京市东城区北新仓胡同中医研究院内,博物馆 | 特色游,https://r1.visitbeijing.com.cn/vbj-s/2013/0328/20130328033528812.jpg
北京市钟鼓楼文物保管所,https://s.visitbeijing.com.cn/attraction/118156,北京城内的钟楼和鼓楼位于京城中轴线北部终点，由于其类似城楼的建筑形式，飞檐翼角的独特形态，因此具有很高的艺术价值和审美情趣。,北京市东城区钟楼湾临字9号,博物馆 | 特色游,https://r1.visitbeijing.com.cn/vbj-s/2013/0328/20130328111304451.jpg
文天祥祠,https://s.visitbeijing.com.cn/attraction/118155,文天祥祠坐北朝南，由大门，过厅，正堂组成。在过厅和正堂内设有文天祥生平事迹展及塑像。院内一棵歪脖枣树相传为文天祥亲手所植。,北京市东城区府学胡同63号,博物馆 | 遗产古迹 | 特色游,https://r1.visitbeijing.com.cn/vbj-s/2013/0328/20130328101932311.jpg
北京市东南城角角楼文物保管所,https://s.visitbeijing.com.cn/attraction/118153,矗立着一座雄伟的建筑物，俯视着乘火车进出北京的旅客，形成象征北京的明显标志，它即是建在北京明、清城垣东南角上的角楼。,北京市东城区（崇文区）东大街东便门外东南城角楼,博物馆 | 特色游,https://r1.visitbeijing.com.cn/vbj-s/2013/0327/20130327044023781.jpg
北京正阳门,https://s.visitbeijing.com.cn/attraction/118152,前门大街是北京著名的商业街之一，位于北京的中轴线上，北起正阳门箭楼，南至天桥路口，当年曾是皇帝出城去往天坛、山川坛的御路。,北京市前门大街北端,特色游,https://r1.visitbeijing.com.cn/vbj-s/2013/0327/20130327033630569.jpg
北京文博交流馆,https://s.visitbeijing.com.cn/attraction/118151,以明代建筑、非物质文化遗产—京音乐而著称，举办文化交流活动、文博信息交流的综合性博物馆,东城区禄米仓5号的智化寺内,博物馆 | 特色游,https://r1.visitbeijing.com.cn/vbj-s/2013/0327/20130327024059254.jpg
北京警察博物馆,https://s.visitbeijing.com.cn/attraction/118129,博物馆采取编年史与重大专题相结合的展陈方式，向社会全方位、多角度的公开展示首都公安所走过的艰辛历程,北京市东城区东交民巷36号。,博物馆 | 特色游,https://r1.visitbeijing.com.cn/vbj-s/2013/0322/20130322014502715.jpg
盛锡福中国帽文化博物馆,https://s.visitbeijing.com.cn/attraction/118105,盛锡福传承发展了独特精湛的中华制帽技艺，积淀形成了盛锡福的传奇帽业历史文化特色。,北京市东城区东四北大街368号,博物馆 | 特色游,https://r1.visitbeijing.com.cn/vbj-s/2013/0307/20130307050623417.jpg
北京古观象台,https://s.visitbeijing.com.cn/attraction/118101,古观象台，亦称明清观象台，它是一座展示我国古代天文仪器以及古代天文学的自然科学类专题遗址博物馆。,东城区建国门东裱褙胡同2号(近建国门立交桥),博物馆 | 特色游,https://r1.visitbeijing.com.cn/vbj-s/2013/0305/20130305054038757.jpg
国家自然博物馆,https://s.visitbeijing.com.cn/attraction/118099,是新中国依靠自己的力量筹建的第一座大型自然历史博物馆，主要从事古生物、动物、植物和人类学等领域的标本收藏、科学研究和科学普及工作。,北京市东城区天桥南大街126号,博物馆 | 特色游,https://r1.visitbeijing.com.cn/vbj-s/2025/1107/9809911d58b2ecb6825a2829e87dde83.jpg
北京自来水博物馆,https://s.visitbeijing.com.cn/attraction/118098,一代代供水人不畏艰辛，无私奉献。多少年来，水给京城人带来幸福和欢乐，也给京城建设带来勃勃生机。,北京市东城区东直门北大街甲6号院（清水苑社区）内,博物馆 | 特色游,https://r1.visitbeijing.com.cn/vbj-s/2013/0301/20130301042854693.jpg
龙潭庙会,https://s.visitbeijing.com.cn/attraction/118082,春节龙潭庙会，自1984年开始举办，成为北京市春节期间一项传统性的大型群众文化活动，也是东城区引以为荣的文化品牌。,北京市东城区龙潭路8号龙潭公园,特色游,https://r1.visitbeijing.com.cn/vbj-s/2013/0116/20130116055638324.jpg
地坛庙会,https://s.visitbeijing.com.cn/attraction/118079,地坛春节文化庙会是京城恢复最早的庙会，以地道民俗、传统民间、多彩民族特色闻名于京城。,北京东城区安定门外大街2号,特色游,https://r1.visitbeijing.com.cn/vbj-s/2013/0116/20130116103236100.jpg
北京珠市口教堂,https://s.visitbeijing.com.cn/attraction/118064,珠市口教堂是美以美会（卫理公会）在北京创设的一座基督教堂，也是北京目前仍在使用中的几座基督教堂之一,崇文区前门大街129号,博物馆 | 特色游,https://r1.visitbeijing.com.cn/vbj-s/2013/0107/20130107053158369.jpg
松堂斋民间雕刻博物馆,https://s.visitbeijing.com.cn/attraction/118063,北京松堂斋民间雕刻博物馆是全国第一家以民间雕刻为主题的民办博物馆，是全世界唯一一家捡来的价值连城的博物馆。,东城区国子监3号院,博物馆 | 特色游,https://r1.visitbeijing.com.cn/vbj-s/2013/0106/20130106043419123.jpg
中国妇女儿童博物馆,https://s.visitbeijing.com.cn/attraction/118061,以妇女儿童为主题 促妇女儿童事业发展 为妇女儿童服务,东城区建国门内大街23号,博物馆 | 特色游,https://r1.visitbeijing.com.cn/vbj-s/2013/0106/20130106045619411.jpg
明瑞府（寿恩固伦公主府）（六公主府）,https://s.visitbeijing.com.cn/attraction/118054,带你走进被遗忘的时间与空间 品味历史遗留给北京的四合院落,东城内务部街11号,遗产古迹,https://r1.visitbeijing.com.cn/vbj-s/2013/0106/20130106110125738.jpg
台湾会馆,https://s.visitbeijing.com.cn/attraction/118049,了解台湾文化 品味台湾之情 从这里开始,崇文区大江胡同114号,博物馆 | 特色游,https://r1.visitbeijing.com.cn/vbj-s/2013/0105/20130105011806579.jpg
北京成贤街,https://s.visitbeijing.com.cn/attraction/118048,寻觅繁华都市那一抹淡淡的“返古幽香”,东城区国子监街,遗产古迹 | 特色游,https://r1.visitbeijing.com.cn/vbj-s/2013/0105/20130105111714579.jpg
北京人民艺术剧院戏剧博物馆,https://s.visitbeijing.com.cn/attraction/118039,中国舞台戏剧先锋 引领戏剧文化风潮,北京王府井大街22号,博物馆 | 特色游,https://r1.visitbeijing.com.cn/vbj-s/2013/0104/20130104014933929.jpg
正乙祠,https://s.visitbeijing.com.cn/attraction/118031,坐落在北京市宣武区前门西河沿220号，它东与天安门广场相邻，南与琉璃厂文化街相连，是一座具有三百多年历史的纯木质结构的古戏楼。,东城区前门西河沿220号（近琉璃厂路）,特色游,https://r1.visitbeijing.com.cn/vbj-s/2012/1229/20121229034531353.jpg
中国国家博物馆,https://s.visitbeijing.com.cn/attraction/118030,中国国家博物馆是代表国家收藏、研究、展示、阐释中华文化代表性物证的最高历史文化艺术殿堂，负有留存民族集体记忆、传承国家文化基因、促进文明交流互鉴的重要使命，也是国家文化客厅。,北京市东城区东长安街16号天安门广场东侧,博物馆 | 特色游,https://r1.visitbeijing.com.cn/vbj-s/2023/1213/306951f1a9590f79e531fcde8387de62.jpg
北京市规划展览馆,https://s.visitbeijing.com.cn/attraction/117982,北京市规划展览馆是北京市爱国主义教育基地。展示北京城的悠久历史、奥运场馆规划、以及未来北京在绿化美化、改善交通状况等方面的规划蓝图。,北京市东城区前门内大街20号,博物馆 | 特色游,https://r1.visitbeijing.com.cn/vbj-s/2012/1204/20121204032624337.jpg
花市清真寺,https://s.visitbeijing.com.cn/attraction/117906,“宏敞壮丽，极一时之盛”， 重修后藻井虽不金碧辉粕，却益显古色古香，朴实雅致，美观不减当初。,北京市东城区西花市大街80号,特色游,https://r1.visitbeijing.com.cn/vbj-s/2012/1206/20121206011243799.jpg
法华寺,https://s.visitbeijing.com.cn/attraction/117894,这座曾为京师第一大寺，如今破败没落倒有些“旧时王谢堂前燕，飞入寻常百姓家”的感慨了。,北京市东城报房胡同103号,特色游,https://r1.visitbeijing.com.cn/vbj-s/2012/1205/20121205090602873.jpg
阳平会馆戏楼,https://s.visitbeijing.com.cn/attraction/117871,现在的我们几乎要遗忘了，老北京曾是一座戏剧之城。清乾隆帝六下江南促成了徽班进京，看戏成了当时最时尚的娱乐方式。,北京市崇文区小江胡同36号,特色游,https://r1.visitbeijing.com.cn/vbj-s/2012/1208/20121208035001289.jpg
菊儿胡同,https://s.visitbeijing.com.cn/attraction/117299,与繁华相邻有着浓重的历史书似的味道。,北京市东城区菊儿胡同,遗产古迹 | 休闲娱乐 | 特色游,https://r1.visitbeijing.com.cn/vbj-s/2012/1208/20121208121613296.jpg
簋街,https://s.visitbeijing.com.cn/attraction/117279,簋街——夜食者的天堂。以吃闻名天下，以“麻小儿”红遍京城。,北京市东城区东直门内大街,休闲娱乐,https://r1.visitbeijing.com.cn/vbj-s/2012/1207/20121207015313334.jpg
东单公园,https://s.visitbeijing.com.cn/attraction/101943,东单公园是以山石、荷池、花木、亭台为主要造景结构的街头公园。,崇文区崇文门内大街108号东单体育馆前,休闲娱乐 | 特色游 | 踏青 | 赏花,https://r1.visitbeijing.com.cn/vbj-s/2012/1207/20121207025732853.jpg
人民大会堂,https://s.visitbeijing.com.cn/attraction/101940,走进人民大会堂，感受这里的庄重，感受这里的历史，感受这里的文化气息。,北京市东城区天安门广场西侧,特色游,https://r1.visitbeijing.com.cn/vbj-s/2012/1207/20121207024350228.jpg
皇城根遗址公园,https://s.visitbeijing.com.cn/attraction/101932,不论是春夏秋冬，这里总会有老年人锻炼身体、夏季这里的小广场上还有舞会、秋天这里别有秋韵、春天这里百花齐放。,北京市东城区南河沿大街19号（王府井步行街西侧）,遗产古迹 | 休闲娱乐 | 特色游 | 赏花,https://r1.visitbeijing.com.cn/vbj-s/2012/1207/20121207022524820.jpg
菖蒲河公园,https://s.visitbeijing.com.cn/attraction/101923,菖蒲河，又名外金水河，因河中生长菖蒲而得名。菖蒲如画 古韵新风。,北京市东城区天安门东侧劳动人民文化宫东侧,休闲娱乐 | 垂钓 | 踏青 | 赏花 | 避暑,https://r1.visitbeijing.com.cn/vbj-s/2012/1207/20121207104052534.jpg
中国邮政邮票博物馆,https://s.visitbeijing.com.cn/attraction/101862,行业龙头博物馆，藏有近万件邮政文物和数亿枚中外邮资票品。,北京市东城区贡院西街6号D座,博物馆 | 特色游,https://r1.visitbeijing.com.cn/vbj-s/2012/1206/20121206053828783.jpg
文昌帝君庙,https://s.visitbeijing.com.cn/attraction/101754,文昌帝君庙又称梓橦庙，即祭祀梓橦帝君或文昌司禄宏仁帝君之庙，旧时士人多祀之，以求保佑功名,位于文昌帝君庙景观(20张)帽儿胡同21号,特色游,https://r1.visitbeijing.com.cn/vbj-s/2012/1209/20121209101512838.jpg
北京文博交流馆（北京市智化寺管理处）,https://s.visitbeijing.com.cn/attraction/101751,明初司礼监太监王振于正统八年仿唐宋“伽蓝七堂”规制而建，初为家庙，后赐名“报恩智化寺”。,北京市东城区禄米仓胡同5号,博物馆 | 特色游,https://r1.visitbeijing.com.cn/vbj-s/2012/1227/20121227110006910.jpg
总理衙门,https://s.visitbeijing.com.cn/attraction/101749,总理各国事务衙门简称“总理衙门”、“总署”、“译署”，为清政府为办洋务及外交事务而特设的中央机构。,其旧址位于北京市东堂子胡同49号,特色游,https://r1.visitbeijing.com.cn/vbj-s/2012/1227/20121227110428398.jpg
紫禁城角楼,https://s.visitbeijing.com.cn/attraction/101748,檐角秀丽，造型玲珑别致，成为紫禁城的标志，使人惊奇，赞叹与敬仰。,北京市东城区,博物馆 | 特色游,https://r1.visitbeijing.com.cn/vbj-s/2012/1227/20121227101202237.jpg
中国美术馆,https://s.visitbeijing.com.cn/attraction/101747,中国美术馆是以收藏、研究、展示中国近现代艺术家作品为重点的国家造型艺术博物馆。,北京市东城区五四大街一号,博物馆 | 特色游,https://r1.visitbeijing.com.cn/vbj-s/2012/1208/20121208060240604.jpg
循郡王府,https://s.visitbeijing.com.cn/attraction/101742,循郡王名永璋，是乾隆皇帝第三子，死后追封循郡王爵，府邸十分别致。,东城区安定门内大街方家胡同13-15号,遗产古迹,https://r1.visitbeijing.com.cn/vbj-s/2012/1227/20121227110710510.jpg
王府井大街,https://s.visitbeijing.com.cn/attraction/101739,是北京最有名的商业区，吸引人的是它经久不息的文化气息。,北京市东城区,休闲娱乐,https://r1.visitbeijing.com.cn/vbj-s/2012/1208/20121208054810311.jpg
南馆公园,https://s.visitbeijing.com.cn/attraction/101729,明代这里是一座铜厂，如今这是一座现代园林。,东城区西羊管胡同甲1号,特色游 | 踏青 | 赏花 | 红叶 | 银杏,https://r1.visitbeijing.com.cn/vbj-s/2015/0812/20150812044242693.jpg
毛主席纪念堂,https://s.visitbeijing.com.cn/attraction/101728,是为纪念领袖毛泽东而建造的是天安门广场中最受重视的建筑物之一，那里躺着一位老人。,位于天安门广场， 人民英雄纪念碑南面。,博物馆 | 特色游,https://r1.visitbeijing.com.cn/vbj-s/2015/0814/20150814045710543.jpg
柳荫公园,https://s.visitbeijing.com.cn/attraction/101725,是北京市内唯一具有田园风光的山村野趣公园。,北京市东城区安外黄寺大街8号,特色游 | 踏青 | 赏花,https://r1.visitbeijing.com.cn/vbj-s/2012/1208/20121208024306972.jpg
李鸿章祠堂,https://s.visitbeijing.com.cn/attraction/101724,李鸿章一代总督，一代大臣，好坏各有其说，祠堂的点滴揭示给我们的事毋庸置疑的威严和缜密。,东城区西总布胡同27号,遗产古迹,https://r1.visitbeijing.com.cn/vbj-s/2012/1208/20121208023410795.jpg
老舍纪念馆,https://s.visitbeijing.com.cn/attraction/101721,原为老舍故居，即我们儿时熟知的“丹柿小院”。,北京市东城区灯市口西街丰富胡同19号,遗产古迹,https://r1.visitbeijing.com.cn/vbj-s/2012/1208/20121208022456691.jpg
黄寺,https://s.visitbeijing.com.cn/attraction/101717,清高宗指定把五世达赖曾经住过的西黄寺作为他的安禅之所。,安定门外黄寺大街,特色游,https://r1.visitbeijing.com.cn/vbj-s/2012/1208/20121208021602942.jpg
皇史宬,https://s.visitbeijing.com.cn/attraction/101716,是我国明清两代的皇家档案馆，又称表章库。森严的气氛让你看到了多年之前的辉煌。,北京天安门东边的南池子大街南口,博物馆 | 特色游,https://r1.visitbeijing.com.cn/vbj-s/2012/1208/20121208020642124.jpg
和敬公主府,https://s.visitbeijing.com.cn/attraction/101713,是清乾隆皇帝第三女固伦和敬公主下嫁后的赐第，古代高位之上的公主也有不为人知的秘密。,东城区张自忠路7号(原铁狮子胡同),博物馆 | 特色游,https://r1.visitbeijing.com.cn/vbj-s/2012/1208/20121208015412134.jpg
翰林院遗址,https://s.visitbeijing.com.cn/attraction/101712,翰林院遗为明初鸿胪寺旧址。如今这里还弥漫着阵阵墨香，仿佛诉说着一段故事。,北京东长安街路南今天的公安部内。,特色游,https://r1.visitbeijing.com.cn/vbj-s/2012/1208/20121208014226429.jpg
贡院,https://s.visitbeijing.com.cn/attraction/101709,贡院，是古代乡试、会试的考场，即开科取士的地方。,北京市东城区,特色游,https://r1.visitbeijing.com.cn/vbj-s/2012/1210/20121210044025875.jpg
孚郡王府,https://s.visitbeijing.com.cn/attraction/101708,"孚郡王府孚王府,也被称为孚郡王府，该府是世袭递降郡王府。",东城区朝阳门内大街137号,遗产古迹,https://r1.visitbeijing.com.cn/vbj-s/2012/1210/20121210035935826.jpg
段祺瑞执政府旧址,https://s.visitbeijing.com.cn/attraction/101707,民国初期，这里先后为总统府、国务院、总理府，以及段祺瑞执政府所在地。,东城区张自忠路3号,博物馆 | 遗产古迹 | 特色游,https://r1.visitbeijing.com.cn/vbj-s/2012/1210/20121210032016971.jpg
段祺瑞宅,https://s.visitbeijing.com.cn/attraction/101706,段祺瑞宅原为清代康熙皇帝第二十二子允祜府，北洋政府时期，该府被段祺瑞所得。,仓储胡同5号,遗产古迹,https://r1.visitbeijing.com.cn/vbj-s/2012/1210/20121210030129965.jpg
东交民巷,https://s.visitbeijing.com.cn/attraction/101703,老北京使馆区，颇有历史遗存。,北京市东城区,遗产古迹 | 特色游,https://r1.visitbeijing.com.cn/vbj-s/2012/1210/20121210105352607.jpg
东方广场,https://s.visitbeijing.com.cn/attraction/101702,东方广场是目前亚洲最大的商业建筑群之一，时尚感、包容性、多样化是它能带个人的最大体验。,东城区东长安街1号,休闲娱乐,https://r1.visitbeijing.com.cn/vbj-s/2015/0813/20150813014055391.jpg
大公主府,https://s.visitbeijing.com.cn/attraction/101699,同治年间为荣安固伦公主府，俗称“大公主府”。,北京市密云区溪翁庄镇白河郊野公园内,遗产古迹,https://r1.visitbeijing.com.cn/vbj-s/2012/1210/20121210093900931.jpg
鼓楼,https://s.visitbeijing.com.cn/attraction/101466,鼓楼位于鼓楼东大街与地安门外大街交会处。与钟楼一起，元、明、清时为北京全城报时中心。,北京鼓楼东大街与地安门外大街交会处,特色游,https://r1.visitbeijing.com.cn/vbj-s/2016/1123/20161123040837425.jpg
北京钟楼,https://s.visitbeijing.com.cn/attraction/101465,在北京钟楼顶上，悬挂着一口巨大的铜钟。钟声浑厚有力，方圆数里都能听到，堪称“古钟之王”。,北京市东城区钟楼湾胡同41号,特色游,https://r1.visitbeijing.com.cn/vbj-s/2012/1207/20121207022031552.jpg
天安门广场,https://s.visitbeijing.com.cn/attraction/101404,这里曾是明清封建帝王统治时代东、西、南三面用围墙围成的一片普通百姓的禁地。在近现代史上成为了无数历史事件的见证。,北京市东城区西长安街,特色游,https://r1.visitbeijing.com.cn/vbj-s/2023/0331/fefbd719e6fb76b91c9be1363febd63d.jpg
纪晓岚故居,https://s.visitbeijing.com.cn/attraction/101363,因为一部铁齿铜牙纪晓岚而爆红的阅微草堂，相比和珅的恭王府虽然很小，但是确多了一份文人的风雅。,北京市东城区珠市口西大街241号,遗产古迹 | 特色游,https://r1.visitbeijing.com.cn/vbj-s/2012/1206/20121206105451916.jpg
文丞相祠,https://s.visitbeijing.com.cn/attraction/101350,“人生自古谁无死，留取丹心照汗青”这首脍炙人口的古诗作者正是在此处被囚禁并慷慨就义的。,北京市东城区府学胡同63号,特色游,https://r1.visitbeijing.com.cn/vbj-s/2015/0812/20150812012938623.jpg
南锣鼓巷,https://s.visitbeijing.com.cn/attraction/101328,近几年红得发紫的胡同，文艺青年的聚集地，特色店铺也很多，只是因为商业气息越来越浓可能已经失去了最初的韵味。,北京市东城区南锣鼓巷胡同(近地安门东大街),遗产古迹 | 休闲娱乐 | 特色游,https://r1.visitbeijing.com.cn/vbj-s/2020/0509/20200509042230914.jpg
东南角楼,https://s.visitbeijing.com.cn/attraction/101324,见证了500年来京城的变迁，城楼上留下了八国联军侵略者刻下的名字也因为近代的修复而焕然一新。,北京市东城区崇文门东大街9号,特色游,https://r1.visitbeijing.com.cn/vbj-s/2015/0811/20150811044207732.jpg
烟袋斜街,https://s.visitbeijing.com.cn/attraction/101270,其由来正是因为这条斜街曾经都是烟袋铺而得名，而它现在的兴起完全是因为后海与鼓楼地区的繁华有极大关系。,北京市地安门外大街鼓楼前,遗产古迹 | 特色游,https://r1.visitbeijing.com.cn/vbj-s/2020/0616/20200616022205213.jpg
东棉花胡同,https://s.visitbeijing.com.cn/attraction/101266,胡同名称的由来已经无从考证，这里最吸引人的可能就是中国戏剧的最高学府之一中戏的所在地，今日在这里与你擦肩而过的有可能就是明日之星。,北京市东城区安定门内大街,遗产古迹 | 特色游,https://r1.visitbeijing.com.cn/vbj-s/2015/0811/20150811031719814.jpg
帽儿胡同,https://s.visitbeijing.com.cn/attraction/101259,帽儿胡同是当今北京城十大胡同之一，排行第四。虽然排名这个事儿比较玄乎，但是确实值得一看。,北京市东城区交道口街道帽儿胡同,遗产古迹 | 特色游,https://r1.visitbeijing.com.cn/vbj-s/2015/0811/20150811025735759.jpg
圣米厄尔教堂,https://s.visitbeijing.com.cn/attraction/101220,北京最小的一个天主教堂也是北京修建的最后一个天主教堂，这两个之最一定就足够吸引您去一探究竟。,北京市东城区台基厂大街14号,特色游,https://r1.visitbeijing.com.cn/vbj-s/2012/1207/20121207095708552.jpg
荣禄故宅,https://s.visitbeijing.com.cn/attraction/101217,荣禄故居的主人是清朝大臣荣禄，慈禧的宠臣，这年头但凡和清宫沾边的事儿都会很有市场，他的故居也不例外。,北京东城区交道口菊儿胡同3号、5号和寿 比胡同6号,遗产古迹,https://r1.visitbeijing.com.cn/vbj-s/2012/1206/20121206040821245.jpg
人民英雄纪念碑,https://s.visitbeijing.com.cn/attraction/101216,人民英雄纪念碑是为了纪念在人民解放战争和革命中牺牲的人民英雄而建立的，这里充满了肃穆与对人民英雄的崇敬。,北京市东城区东长安街,特色游,https://r1.visitbeijing.com.cn/vbj-s/2015/0810/20150810032655397.jpg
茅盾故居,https://s.visitbeijing.com.cn/attraction/101202,茅盾故居共有两处，其文学上极高的造诣为这一座故居添加了不可磨灭的意义。,北京市东城区后圆恩寺胡同13号,博物馆 | 遗产古迹 | 特色游,https://r1.visitbeijing.com.cn/vbj-s/2015/0810/20150810023801816.jpg
北京烤鸭博物馆,https://s.visitbeijing.com.cn/attraction/120572,北京烤鸭博物馆主要展示北京烤鸭的历史。,北京市西城区前门西大街14号,博物馆 | 休闲娱乐 | 特色游,https://r1.visitbeijing.com.cn/vbj-s/2017/0522/20170522024317374.jpg
北京市古代钱币展览馆,https://s.visitbeijing.com.cn/attraction/120561,北京市古代钱币展览馆的前身是德胜门箭楼文物保管所。,北京市西城区德胜门东大街9号（德胜门箭楼下）,博物馆 | 休闲娱乐 | 特色游,https://r1.visitbeijing.com.cn/vbj-s/2021/0719/20210719142933593.jpg
93号院博物馆,https://s.visitbeijing.com.cn/attraction/120434,93号院博物馆（No.93 Courtyard Museum）处于北京市文化气息最浓厚的西城区琉璃厂大栅栏区域，是进行非遗和民间艺术传播和体验的基地，博物馆借助大栅栏-琉璃厂历史文化街区的传统民居为受众打造了一个中国传统文化艺术体验、展示和交流的场所。,北京市西城区琉璃厂铁树斜街93号,博物馆 | 休闲娱乐 | 特色游,https://r1.visitbeijing.com.cn/vbj-s/2017/0523/20170523101804758.jpg
大千画廊美术馆,https://s.visitbeijing.com.cn/attraction/120399,始于1988年，由北京市大千画廊创立，既是画廊，也是收藏机构。由中国知名收藏家、鉴定专家高洪地创办。,北京市宣武区南新华街11号,休闲娱乐,https://r1.visitbeijing.com.cn/vbj-s/2017/0523/20170523014144921.jpg
北京鲁迅博物馆,https://s.visitbeijing.com.cn/attraction/120369,北京鲁迅博物馆（北京新文化运动纪念馆）是由原北京鲁迅博物馆和北京新文化运动纪念馆合并组建而成，现包括鲁迅博物馆馆区和新文化运动纪念馆馆区。,北京市西城区宫门口二条19号,休闲娱乐 | 特色游,https://r1.visitbeijing.com.cn/vbj-s/2017/0421/20170421051904262.jpg
中国儿童中心老牛儿童探索馆,https://s.visitbeijing.com.cn/attraction/120320,中国儿童中心老牛儿童探索馆（简称探索馆）坐落在中国儿童中心园内，是中国儿童中心、老牛基金会、北京师范大学中国公益研究院三方合作在中国建立的第一家融合国际先进儿童博物馆教育理念和运作模式的公益性儿童探索馆。,北京市西城区平安里西大街43号中国儿童中心老牛儿童探索馆,特色游,https://r1.visitbeijing.com.cn/vbj-s/2017/0525/20170525062949162.jpg
砖塔胡同,https://s.visitbeijing.com.cn/attraction/120316,砖塔胡同因胡同东口（通西四南大街）的砖塔而得名。是北京市历史最悠久的胡同之一，也是目前北京遭到破坏较少，风貌保存较好的胡同之一（它非常的古老），元朝就有了。,北京市西城区西四砖塔胡同,遗产古迹 | 特色游,https://r1.visitbeijing.com.cn/vbj-s/2017/0417/20170417061300730.jpg
民族文化宫博物馆,https://s.visitbeijing.com.cn/attraction/120314,"北京民族文化宫地处北京西长安街北侧，东临西单繁华商业区，北靠北京金融街，是新中国成立十周年首都十大建筑之一。曾被英国出版的《世界建筑史》列为新中国一宫，1999年被国际建筑师协会第二届大会选为""当代中国建筑艺术精品之一""。",北京市西城区复兴门内大街49号,休闲娱乐,https://r1.visitbeijing.com.cn/vbj-s/2017/0417/20170417043807125.jpg
北京国际展览中心,https://s.visitbeijing.com.cn/attraction/120310,"北京国际展览中心隶属于中国国际贸易促进委员会北京市分会(中国国际商会北京商会)(简称""北京市贸促会"")，原机构名称为北京市贸促会展览部。为便于开展对外交流，1985年起在保留北京市贸促会展览部名称和职能的基础上，对外称为北京国际展览中心。",北京市西城区月坛北街26号恒华国际商务中心6层601,休闲娱乐,https://r1.visitbeijing.com.cn/vbj-s/2017/0417/20170417035923987.jpg
北京地质礼堂,https://s.visitbeijing.com.cn/attraction/120299,北京地质礼堂，位于北京市西城区，总建筑面积为5000平方米，是一座多功能、综合性的文化娱乐场所。礼堂观众坐席达1280位，平均每天放映场次为24场以上。,北京市西城区西四羊肉胡同三十号,休闲娱乐,https://r1.visitbeijing.com.cn/vbj-s/2017/0413/20170413082206320.jpg
星夜相声会馆,https://s.visitbeijing.com.cn/attraction/120282,北京“星夜相声会馆”成立于2010年10月，是一个专业的相声艺术团体。会馆以“发展中国传统艺术、发扬中国曲艺文化”为主旨，以“继承传统精髓、弘扬传统经典”为原则，其运营的理念和艺术造诣深受业界和大众的认可与肯定。由李菁领衔主演并率领：崔琦、王文林、康松广、靳佩良、王玥波、徐德亮、应宁、王磊、郭天翼、张天雷、张硕、郭阳、郭亮、刘星等老中青实力派相声演员。,车公庄大街21号新大都饭店(近首创国际会议中心),休闲娱乐,https://r1.visitbeijing.com.cn/vbj-s/2017/0413/20170413073505460.jpg
中国国家话剧院小剧场,https://s.visitbeijing.com.cn/attraction/120277,国话小剧场(中国国家话剧院小剧场)是中国国家话剧院直属剧场。,地安门外大街帽儿胡同甲45号(近锣鼓巷),休闲娱乐 | 特色游,https://r1.visitbeijing.com.cn/vbj-s/2017/0413/20170413071942388.jpg
北京梅兰芳大剧院,https://s.visitbeijing.com.cn/attraction/120266,北京梅兰芳大剧院 坐落在北京西城官园桥东南角的黄金地段，这是一座以中国京剧艺术大师梅兰芳先生命名，集传统与现代艺术完美结合的现代化表演场所。大剧院隶属于中国国家京剧院，面积13000余平米，地上五层，地下两层，有观众席位980座，具有演出、展览、会议、声像录制等多种功能，也是品味高雅、陶冶情趣、聚会社交的首选之地。,北京市西城区平安里西大街32号,休闲娱乐,https://r1.visitbeijing.com.cn/vbj-s/2017/0413/20170413071359276.jpg
旧鼓楼社区公益小剧场,https://s.visitbeijing.com.cn/attraction/120241,推广宣传社区文化活动理念，旧鼓楼社区公益小剧场为更多民间独立艺术创造者提供展示平台，促进中国民间独立艺术者更好的完善、精进和创造作品。,北京西城区旧鼓楼大街145号,休闲娱乐 | 特色游,https://r1.visitbeijing.com.cn/vbj-s/2017/0413/20170413070605788.jpg
民族文化宫大剧院,https://s.visitbeijing.com.cn/attraction/120232,民族文化宫大剧院地处北京西长安街北侧，东临西单繁华商业区，北靠北京金融街，是新中国成立十周年首都十大建筑之一，曾被英国出版的《世界建筑史》列为新中国一宫。,北京市西城区复兴门内大街49号,休闲娱乐,https://r1.visitbeijing.com.cn/vbj-s/2017/0413/20170413065022856.jpg
西区小剧场,https://s.visitbeijing.com.cn/attraction/120231,北京西区剧场位于二环里熙熙攘攘的旅游景区，是一个多元艺术的开放空间，曾在2014、2015年蝉联 “全国音乐剧小型场馆最具活力排行榜前三甲”。,北京市西城区护国寺街85号护国新天地4层,休闲娱乐,https://r1.visitbeijing.com.cn/vbj-s/2017/0413/20170413061637406.jpg
中国国家话剧院,https://s.visitbeijing.com.cn/attraction/120229,中国国家话剧院(NTCC)，位于北京市西城区广安门外大街277号，是中华人民共和国的国家表演最高级艺术团体，是由两个久负盛名的原国家剧院(中国青年艺术剧院和中央实验话剧院)于2001年12月25日合并组建的国家话剧艺术演出团体。,北京市西城区广安门外大街277号,休闲娱乐,https://r1.visitbeijing.com.cn/vbj-s/2017/0413/20170413055056557.jpg
鼓楼西剧场,https://s.visitbeijing.com.cn/attraction/120219,鼓楼西剧场因坐落于北京文艺气息浓重的鼓楼地区而得名。,北京市西城区小八道湾6号(中华全国总工会文工团内),休闲娱乐,https://r1.visitbeijing.com.cn/vbj-s/2017/0412/20170412072209933.jpg
繁星戏剧村,https://s.visitbeijing.com.cn/attraction/120216,繁星戏剧村传递人文关怀，繁星剧场引领艺术生活。——樊星（繁星戏剧村董事长）,北京市西城区宣武门内大街抄手胡同64号,休闲娱乐,https://r1.visitbeijing.com.cn/vbj-s/2017/0412/20170412063530345.jpg
广茗阁茶楼,https://s.visitbeijing.com.cn/attraction/120212,2004年深秋，恰逢太平盛事、国安民乐。京城有喜好传统老北京民俗民间艺术者数人，以什刹海旅游资源为经营依托，以宏扬老北京传统民间文化为目的，自筹资金经社会各界帮助，于什刹海北，鼓楼西大街61号院内兴建京味茶馆取名：“广茗阁”。,北京市西城区鼓楼西大街61号(近旧鼓楼大街),休闲娱乐,https://r1.visitbeijing.com.cn/vbj-s/2017/0413/20170413083253853.jpg
张一元天桥茶馆,https://s.visitbeijing.com.cn/attraction/120209,张一元天桥茶馆坐落于老北京新世界游乐园原址、现东方饭店对面（现西城区万明路18号），地理位置优越，交通便利。整体风格为仿古建筑，占地面积约500平方米，可容纳200余人。内部装潢古香古色，颇具传统文化气息。,老北京新世界游乐园原址、现东方饭店对面（现西城区万明路18号）,休闲娱乐,https://r1.visitbeijing.com.cn/vbj-s/2017/0412/20170412044827526.jpg
三庆园剧场,https://s.visitbeijing.com.cn/attraction/120201,"北京三庆园，又名“三庆戏院”，位于前门外大栅栏街18号，据1842年版《梦华琐簿》记述“今日三庆园,乾隆年间宴乐居也。”四大徽班之一的三庆班将此作为首选的主要场所，（1796）更名为三庆园。 距今已有220年历史。",北京西城区大栅栏街18号,休闲娱乐,https://r1.visitbeijing.com.cn/vbj-s/2017/0412/20170412031921539.jpg
广德楼戏园,https://s.visitbeijing.com.cn/attraction/120200,“广德楼戏园”坐落在“中华第一街”——前门大栅栏西口。京城最著名、最古老的戏园老字号“广德楼戏园”，拥有200多个软椅，楼上楼下共有10个豪华包厢，场馆设施高雅气派。它大约兴建于清代（清嘉庆元年），是北京现存最古老的戏园之一。,北京市西城区前门大栅栏大街39号,休闲娱乐,https://r1.visitbeijing.com.cn/vbj-s/2017/0412/20170412021309562.jpg
北京德云社剧场,https://s.visitbeijing.com.cn/attraction/120198,德云社是中国北京的一个相声社团，全称北京德云社文化传播有限公司，成立于1995年，曾经名为北京相声大会。,北京市宣武区北纬路甲1号（北纬路东口、天桥剧场斜对面）,休闲娱乐,https://r1.visitbeijing.com.cn/vbj-s/2017/0412/20170412011600674.jpg
长椿苑,https://s.visitbeijing.com.cn/attraction/119978,长椿苑公园位于北京市宣武区广安门内大街以北，占地面积1.4公顷。用地北部为明代古刹—长椿寺，是北京市重点文物保护单位。,长椿街,休闲娱乐,https://r1.visitbeijing.com.cn/vbj-s/2016/1206/20161206095942936.jpg
西便门城墙遗址公园,https://s.visitbeijing.com.cn/attraction/119977,西便门城墙遗址公园位于北京市西城区西便门桥区的三角地，是围绕明北京城城墙遗存而设立的公园，为西城区的区属公园。,西城区西便门桥区,休闲娱乐,https://r1.visitbeijing.com.cn/vbj-s/2016/1205/20161205015809600.jpg
翠芳园,https://s.visitbeijing.com.cn/attraction/119976,翠芳园位于宣武门西大街南侧，为开放式公园，为附近居民提供了景色优美、环境舒适的健身、休闲场所。,沿二环路到西二环天宁寺桥东南方向,休闲娱乐,https://r1.visitbeijing.com.cn/vbj-s/2016/1205/20161205120331875.jpg
顺成公园,https://s.visitbeijing.com.cn/attraction/119975,绿地以金融为主题，采用现代的设计手法，广场与绿地相结合，以中心广场为景观高潮，利用喷泉、雕塑、坐凳、灯饰及小型水景反映金融的历史，畅想未来金融的发展方向。,西二环东侧百盛大厦至官园桥,休闲娱乐,https://r1.visitbeijing.com.cn/vbj-s/2016/1205/20161205112701274.jpg
白云公园,https://s.visitbeijing.com.cn/attraction/119974,白云公园依永定河引水渠而建，东起西便门闸口，西至木樨地桥，两岸道路最宽处6米，最窄处仅为4米，原貌交通拥堵,西城区北滨河路到木樨园桥,休闲娱乐,https://r1.visitbeijing.com.cn/vbj-s/2016/1205/20161205110932465.jpg
北京古代建筑博物馆,https://s.visitbeijing.com.cn/attraction/119967,,东经路21号先农坛内,博物馆 | 特色游,https://r1.visitbeijing.com.cn/vbj-s/2016/1202/20161202105104900.jpg
钓鱼台银杏大道,https://s.visitbeijing.com.cn/attraction/119890,,西城区三里河路钓鱼台国宾馆东墙外,其他,https://r1.visitbeijing.com.cn/vbj-s/2016/1123/20161123035732101.jpg
国家京剧院,https://s.visitbeijing.com.cn/attraction/119792,中国国家京剧院成立于1955年1月，是中华人民共和国文化部直属的国家级剧院。,北京市西城区平安里西大街22号,特色游,https://r1.visitbeijing.com.cn/vbj-s/2016/1027/20161027035501324.jpg
北京关岳庙,https://s.visitbeijing.com.cn/attraction/119789,全国重点文物保护单位，清代寺庙古建筑。位于北京市西城区鼓楼西大街北侧。,北京市西城区鼓楼西大街北侧,特色游,https://r1.visitbeijing.com.cn/vbj-s/2016/1027/20161027024552703.jpg
会城门公园,https://s.visitbeijing.com.cn/attraction/119630,会城门公园位于北蜂窝中路东段尽头约，始建于五六十年代，经过多次改造，现公园有健身广场、科普廊、竹节亭、观水亭、曹振贤广场等景点。公园内绿树成荫，空气清新，为会城门地区居民提供了一个优雅恬适的休闲空间。,北峰窝中路东端尽头（双贝子坟路）,休闲娱乐,https://r1.visitbeijing.com.cn/vbj-s/2016/0918/20160918094336742.jpg
德胜公园,https://s.visitbeijing.com.cn/attraction/119618,德胜公园是西城区在北二环沿线“城中村”改造完成的基础上，新建成的一个公园绿地。,北二环从西直门至旧鼓楼大街南侧一段,休闲娱乐,https://r1.visitbeijing.com.cn/vbj-s/2016/0912/20160912031759905.jpg
杨梅竹斜街,https://s.visitbeijing.com.cn/attraction/119565,杨梅竹斜街长496米，东起煤市街，西到延寿街。明代称“斜街”，因为该街的走向自东北向西南倾斜，故得名。,前门外西南，在大栅栏街西口往西大约半公里处。,遗产古迹 | 休闲娱乐 | 特色游,https://r1.visitbeijing.com.cn/vbj-s/2016/0901/20160901032150528.jpg
万寿西宫公园,https://s.visitbeijing.com.cn/attraction/119297,万寿公园位于北京市西城区白纸坊东街路北，是北京市第一座老年人公园，也是北京市防灾避险设施最为完善的公园之一。,西城区白纸坊东街甲29号,休闲娱乐,https://r1.visitbeijing.com.cn/vbj-s/2016/0801/20160801051646758.jpg
广福观,https://s.visitbeijing.com.cn/attraction/119043,广福观是位于北京市西城区什刹海附近的烟袋斜街内的一座道教宫观。,北京市西城区烟袋斜街37号,特色游,https://r1.visitbeijing.com.cn/vbj-s/2016/0707/20160707050139601.jpg
万松老人塔,https://s.visitbeijing.com.cn/attraction/119042,万松老人塔的全称为“元万松老人塔”，始建于元代，是北京作为文化古城的早期标志之一，也是北京城区现存唯一一座密檐式砖塔。,北京市西城区西四南大街43号,特色游,https://r1.visitbeijing.com.cn/vbj-s/2016/0707/20160707042740530.jpg
北京展览馆,https://s.visitbeijing.com.cn/attraction/119018,北京展览馆建成于1954年，是毛泽东主席亲笔题字、周恩来总理主持剪彩的新中国第一家专业展览馆。,北京市西城区西直门外大街135号,休闲娱乐 | 特色游,https://r1.visitbeijing.com.cn/vbj-s/2016/0704/20160704013924341.png
官园公园,https://s.visitbeijing.com.cn/attraction/118416,官园公园开设科普画廊、雕塑和健身园，是人们休闲娱乐的好去处，更是一处普及科技知识的窗口。,北京市西城区后广平胡同36号,休闲娱乐,https://r1.visitbeijing.com.cn/vbj-s/2015/0908/20150908054446724.jpg
玫瑰园,https://s.visitbeijing.com.cn/attraction/118415,以“国槐侧柏兄弟树，月季菊花姐妹花”为主题的街心公园，种植大量国槐、侧柏及月季、菊花等市树市花，习惯上称为“马甸片林”。,北三环马甸桥东北角,休闲娱乐,https://r1.visitbeijing.com.cn/vbj-s/2015/0908/20150908053121173.jpg
梨园剧场,https://s.visitbeijing.com.cn/attraction/118358,京剧本来是一种地方性的戏剧表演形式，传遍大江南北，深受群众欢迎，慢慢演变成了代表中国艺术特色的全国性戏剧。,北京市西城区永安路175号（前门建国饭店一层）,休闲娱乐,https://r1.visitbeijing.com.cn/vbj-s/2015/0820/20150820022144355.jpg
丰宣公园,https://s.visitbeijing.com.cn/attraction/118248,丰宣公园位于宣武区西南二环路夹角处南滨河侧，为小河边的一片绿地，为附近居民的一处活动休闲空间。,菜户营桥东北角,休闲娱乐 | 踏青 | 赏花,https://r1.visitbeijing.com.cn/vbj-s/2013/0503/20130503113124331.jpg
万寿公园,https://s.visitbeijing.com.cn/attraction/118246,万寿公园位于北京市宣武区白纸坊东街路北，是北京市第一座老年人公园，也是北京市防灾避险设施最为完善的公园之一。,西城区白纸坊东街甲29号,休闲娱乐 | 踏青 | 赏花,https://r1.visitbeijing.com.cn/vbj-s/2013/0503/20130503104643215.jpg
南礼士路公园,https://s.visitbeijing.com.cn/attraction/118237,公园新栽植树木及应时花卉，增设景观石，进一步提高其景观效果，使“二环”绿色项链上这颗明珠更加璀璨。,西城区南礼士路58号,休闲娱乐 | 踏青 | 赏花,https://r1.visitbeijing.com.cn/vbj-s/2013/0428/20130428093702459.jpg
北滨河公园,https://s.visitbeijing.com.cn/attraction/118236,景区休闲、绿化为主适当配置群众性健身器材，以方便群众娱乐。,西城区安德路102号,休闲娱乐 | 踏青 | 赏花,https://r1.visitbeijing.com.cn/vbj-s/2013/0427/20130427044658398.jpg
顺城公园,https://s.visitbeijing.com.cn/attraction/118235,顺成公园从南至北主题分别反映了金融的历史、现代、未来。,西城区西二环东侧(复兴门立交桥至管园路口),休闲娱乐 | 踏青 | 赏花,https://r1.visitbeijing.com.cn/vbj-s/2013/0427/20130427025159374.jpg
北京通信电信博物馆,https://s.visitbeijing.com.cn/attraction/118178,丰富的展陈内容，多样的展示手段，为社会各界了解电信事业的发展历程提供了一个形象化的窗口。,骡马市大街9号中国联通北京分公司总部大楼,博物馆 | 特色游,https://r1.visitbeijing.com.cn/vbj-s/2013/0407/20130407105145692.jpg
北京百年世界老电话博物馆,https://s.visitbeijing.com.cn/attraction/118176,北京百年世界老电话博物馆于2006年投资成立的北京百年世界老电话博物馆是中国唯一的一家电话机专业博物馆。,北京市西城区德外大街乙10号泰富大厦3A室,博物馆 | 特色游,https://r1.visitbeijing.com.cn/vbj-s/2013/0409/20130409023112303.jpg
北京戏曲博物馆,https://s.visitbeijing.com.cn/attraction/118165,京剧大师谭鑫培、余叔岩、梅兰芳等京剧名家都曾在此舞台演出,北京市西城区虎坊路3号,博物馆 | 特色游,https://r1.visitbeijing.com.cn/vbj-s/2015/1119/20151119055853316.jpg
慈悲庵,https://s.visitbeijing.com.cn/attraction/118161,历史上这里是文人墨客荟集赋咏之地，曾留下许多传诵一时的诗篇。庵内的陶然亭又是近代革命志士的秘密集合场所。,北京市 西城区太平街19号陶然亭公园内,博物馆 | 特色游 | 踏青,https://r1.visitbeijing.com.cn/vbj-s/2013/0329/20130329104430896.jpg
中国佛教图书文物馆,https://s.visitbeijing.com.cn/attraction/118154,历代佛造像陈列、清代佛龛艺术展、法源寺古代石刻展。,北京市西城区（宣武区）法源寺前街7号,博物馆 | 特色游,https://r1.visitbeijing.com.cn/vbj-s/2013/0328/20130328093052937.jpg
北京红楼文化艺术博物馆,https://s.visitbeijing.com.cn/attraction/118150,北京红楼文化艺术博物馆是一座具有古典园林外观、红楼文化内涵、博物馆功能的旅游场所，也是集红学、古建、园林、清史、民俗、文博等各方面专家集体智慧的结晶。,北京西城区南菜园街12号大观园公园内,博物馆 | 特色游,https://r1.visitbeijing.com.cn/vbj-s/2013/0327/20130327012432265.jpg
北京郭守敬纪念馆,https://s.visitbeijing.com.cn/attraction/118149,游人至此，既可漫步于曲折小径之上，尽享园林美景，又可睹物思人，追念这位古代伟大的科学家。,北京市西城区德胜门西大街甲60号汇通祠内,博物馆 | 遗产古迹 | 特色游,https://r1.visitbeijing.com.cn/vbj-s/2019/1112/20191112030508926.jpg
中国民族博物馆,https://s.visitbeijing.com.cn/attraction/118126,以全面展示中国民族服饰文化为内容的“多彩中华”项目，被誉为中国民族文化的一支奇葩，在国际社会产生了广泛影响。,北京市西城区北长街20号旁门,博物馆 | 特色游,https://r1.visitbeijing.com.cn/vbj-s/2013/0322/20130322100327378.jpg
北京空竹博物馆,https://s.visitbeijing.com.cn/attraction/118110,是北京首家以空竹为主题的专题博物馆，包括空竹相关的文字介绍、实物陈列、图片和多媒体展示等内容，传承保护空竹文化、普及空竹知识。,北京市西城区报国寺小星胡同9号,博物馆 | 特色游,https://r1.visitbeijing.com.cn/vbj-s/2013/0313/20130313040156863.jpg
郭沫若纪念馆,https://s.visitbeijing.com.cn/attraction/118107,全国重点文物保护单位、北京市爱国主义教育基地，是一处具有深刻文化内涵的纪念性旅游景点。,西城区前海西街18号(什刹海西南岸),博物馆 | 特色游,https://r1.visitbeijing.com.cn/vbj-s/2013/0308/20130308025859973.jpg
中国消防博物馆,https://s.visitbeijing.com.cn/attraction/118100,中国消防博物馆建筑面积为20422.5平方米，展陈面积9500平方米，共四层，由序厅、古代消防厅、近现代消防厅、防火防灾体验馆和临时展厅组成。,北京市西城区广安门南街70号,博物馆 | 特色游,https://r1.visitbeijing.com.cn/vbj-s/2013/0304/20130304032000757.jpg
中国古动物馆,https://s.visitbeijing.com.cn/attraction/118089,它是一座系统介绍脊椎动物起源和系统发育的国家级博物馆，也是目前亚洲最大的古动物博物馆。,西城区西直门外大街142号(北京动物园向西300米路南；北京天文馆西50米),博物馆 | 特色游,https://r1.visitbeijing.com.cn/vbj-s/2013/0219/20130219030859130.jpg
厂甸庙会,https://s.visitbeijing.com.cn/attraction/118081,在旧京城的众多庙会中，惟有厂甸的庙会，不以庙为名，每年只在春节才有一次，却是规模最大、京味最浓、最闻名遐迩和脍炙人口的。,北京市西城区太平街19号,特色游,https://r1.visitbeijing.com.cn/vbj-s/2013/0116/20130116014239617.jpg
大观园红楼庙会,https://s.visitbeijing.com.cn/attraction/118078,红楼庙会用各种创新的形式，让每一个到这里的游人感受红楼文化的魅力。,北京市西城区南菜园街12号,特色游,https://r1.visitbeijing.com.cn/vbj-s/2013/0115/20130115110010591.jpg
北京报国寺,https://s.visitbeijing.com.cn/attraction/118074,报国寺位于北京市西城区报国寺前街1号，处于北京明城墙遗址公园位于市中心地域。,西城区广安门内大街路北(白广路北口),博物馆 | 特色游,https://r1.visitbeijing.com.cn/vbj-s/2013/0108/20130108044413989.jpg
广济寺,https://s.visitbeijing.com.cn/attraction/118073,"北京市文物保护单位。北京著名的""内八刹""之一。位于北京城内西城区阜成门内大街25号。",西城区阜成门内大街25号广济寺内,特色游,https://r1.visitbeijing.com.cn/vbj-s/2013/0108/20130108032307156.jpg
北京醇亲王府,https://s.visitbeijing.com.cn/attraction/118071,醇亲王府位于后海北沿。前身是清初大学士明珠的宅第。,西城区后海北沿44号(近后海北沿西段),遗产古迹 | 特色游,https://r1.visitbeijing.com.cn/vbj-s/2013/0108/20130108010010508.jpg
北京鸦儿胡同,https://s.visitbeijing.com.cn/attraction/118070,鸦儿胡同属西城区什刹海街道。东南起小石碑胡同，与烟袋斜街相连；西北至甘露胡同。,北京市西城区,遗产古迹 | 特色游,https://r1.visitbeijing.com.cn/vbj-s/2013/0108/20130108022629697.jpg
北京陕西巷,https://s.visitbeijing.com.cn/attraction/118059,陕西巷位于北京市宣武区大栅栏街道社区的南北向胡同。南起珠市口西大街，北至铁树斜街，全长约500米。,北京市宣武区大栅栏街道社区,遗产古迹 | 特色游,https://r1.visitbeijing.com.cn/vbj-s/2013/0106/20130106023608242.jpg
校场口胡同,https://s.visitbeijing.com.cn/attraction/118057,校场口胡同位于宣武区西北部。东起宣武门外大街，西至老墙根街。因军队演武、操练得名。,西城区西北部。东起宣武门外大街，西至老墙根街的一条胡同。,遗产古迹 | 特色游,https://r1.visitbeijing.com.cn/vbj-s/2013/0106/20130106112900932.jpg
北京鲁迅故居,https://s.visitbeijing.com.cn/attraction/118052,北京市西城区阜成门内宫门口二条19号 ，是鲁迅1924 年至1926年在北京的住所。,西城区阜城门内宫门口二条19号,博物馆 | 遗产古迹 | 特色游,https://r1.visitbeijing.com.cn/vbj-s/2013/0105/20130105030051138.jpg
北京市少年宫,https://s.visitbeijing.com.cn/attraction/118051,育人的苗圃，孩子成长的摇篮,西城区景山后街11号（近景山公园）,特色游,https://r1.visitbeijing.com.cn/vbj-s/2013/0114/20130114023638269.jpg
广化寺,https://s.visitbeijing.com.cn/attraction/118046,北京广化寺位于北京市西城区什刹海北边，是一座北京著名的大型佛教寺院，也是北京市佛教协会所在地。,西城区后海鸦儿胡同31号,特色游,https://r1.visitbeijing.com.cn/vbj-s/2013/0104/20130104052927599.jpg
北京护国寺,https://s.visitbeijing.com.cn/attraction/118044,北京护国寺位于西城西四牌楼之北，护国寺街西口内路北，农历每月逢七、八有庙会。,西城区护国寺大街,遗产古迹 | 休闲娱乐 | 特色游,https://r1.visitbeijing.com.cn/vbj-s/2013/0104/20130104050358415.jpg
北京辅仁大学,https://s.visitbeijing.com.cn/attraction/118040,辅仁大学简称辅大。旧称：辅仁社、北京公教大学、私立北京辅仁大学、私立北平辅仁大学、国立辅仁大学。,西城区定阜街1号(近松树街),特色游,https://r1.visitbeijing.com.cn/vbj-s/2013/0104/20130104025029838.jpg
西直门天主堂,https://s.visitbeijing.com.cn/attraction/118036,西直门天主堂又名圣母圣衣堂，俗称西堂，名列北京四大天主堂之一，位于北京市西城区西直门内大街130号。,北京西城区西直门内大街130号,特色游,https://r1.visitbeijing.com.cn/vbj-s/2013/0104/20130104111300829.jpg
北京市大栅栏商业街区,https://s.visitbeijing.com.cn/attraction/118009,曾经老字号聚集的一条商业街，现已进行了现代化的改造，用全新的面貌迎来八方四海的宾朋。,北京市西城区廊坊二条44号,休闲娱乐 | 特色游,https://r1.visitbeijing.com.cn/vbj-s/2015/0512/20150512012647289.jpg
文津街,https://s.visitbeijing.com.cn/attraction/117968,绿树成荫的街道，古香古色的建筑，很难想象在北京的市中心，隐藏着这样一个幽静雅致的地方。,西城区府右街(近西安门大街),博物馆 | 特色游,https://r1.visitbeijing.com.cn/vbj-s/2012/1207/20121207125827545.jpg
北京古代钱币博物馆,https://s.visitbeijing.com.cn/attraction/117964,除了了解钱币历史，这里还可以购买、交换钱币，请专家鉴定真伪、品相等。,西城区德胜门东大街9号(近德胜门箭楼),博物馆 | 特色游,https://r1.visitbeijing.com.cn/vbj-s/2015/0508/20150508035555843.jpg
牛街礼拜寺,https://s.visitbeijing.com.cn/attraction/117912,独特的风俗的确别有一番风味。特别是赶上有礼拜活动的时候，里面放着乐曲，感觉很圣洁。,西城区牛街中路88号(近广安门内),特色游,https://r1.visitbeijing.com.cn/vbj-s/2012/1206/20121206022943279.jpg
白云观,https://s.visitbeijing.com.cn/attraction/117904,白云观是了解中国道教文化与传统习俗的重要窗口，每年春节民俗庙会游人如织，以独特的魅力吸引着香客游人。,北京市西城区白云路白云观街9号,特色游,https://r1.visitbeijing.com.cn/vbj-s/2012/1206/20121206111545483.jpg
三圣庵,https://s.visitbeijing.com.cn/attraction/117898,闹市中的一抹清静，颇有心灵涤荡的感觉。这里有一棵姻缘树，很多人到这里都是来求姻缘的。,西城区陶然亭北里黑窑厂街14号,特色游,https://r1.visitbeijing.com.cn/vbj-s/2012/1205/20121205100827401.jpg
徐悲鸿纪念馆,https://s.visitbeijing.com.cn/attraction/117897,这里主要展览徐悲鸿先生的油画、国画、素描以及书法等真迹，绝对是感受艺术、缅怀大师的好去处。,北京市西城区新街口北大街53号,博物馆 | 特色游,https://r1.visitbeijing.com.cn/vbj-s/2012/1205/20121205095829717.jpg
清真女寺,https://s.visitbeijing.com.cn/attraction/117896,一种特有的宗教建筑，这里要求做到男女隔绝，是专为女性提供礼拜的场所。,西城区寿刘胡同39号,特色游,https://r1.visitbeijing.com.cn/vbj-s/2012/1205/20121205095139626.jpg
德胜门箭楼,https://s.visitbeijing.com.cn/attraction/117863,高大宏伟的德胜门箭楼是目前北京城仅存的两处古箭楼之一，它和前门箭楼几百年来一直见证着北京城的沧桑变迁。,北京市北京城北垣西侧,博物馆 | 特色游,https://r1.visitbeijing.com.cn/vbj-s/2012/1208/20121208034616947.jpg
大观楼影城,https://s.visitbeijing.com.cn/attraction/117846,中国最早的影楼之一，中国电影的起点。对于电影爱好者绝对不可以错过的景点。,北京市西城区前门大栅栏街36号,休闲娱乐 | 特色游,https://r1.visitbeijing.com.cn/vbj-s/2015/0512/20150512112049835.jpg
什刹海风景区（后海）,https://s.visitbeijing.com.cn/attraction/117800,到北京游玩，什刹海是最不可错过的一站，这里，尤其是更受老外们的青睐。游王府，观故居;乘三轮车，坐摇橹船;逛古街，聚酒吧;住四合院，品私家菜……可谓美哉,北京市西城区羊房胡同甲23号,特色游,https://r1.visitbeijing.com.cn/vbj-s/2015/1126/20151126054621251.jpg
九门小吃,https://s.visitbeijing.com.cn/attraction/117280,北京原汁原味老字号，老北京的吆喝，糖葫芦、爆肚冯、年糕钱、月盛斋、羊头马、炸糕辛、奶酪魏、豆腐脑白等一溜排开。,北京市西城区孝友胡同1号后海北沿,休闲娱乐,https://r1.visitbeijing.com.cn/vbj-s/2012/1208/20121208115808668.jpg
中国古代建筑博物馆,https://s.visitbeijing.com.cn/attraction/101867,建筑作为人类文明的载体，犹如座座里程碑，镌刻着人类社会在各个领域的发展成就，被视为一个民族对人类文明贡献的标志。,北京市宣武区东经路21号（先农坛北门）,博物馆 | 特色游,https://r1.visitbeijing.com.cn/vbj-s/2015/0722/20150722113831280.jpg
古陶文明博物馆,https://s.visitbeijing.com.cn/attraction/101843,古陶文明博物馆，见证古老艺术，领略中国古陶文明精华。,北京市西城区南菜园西街12号(大观园北门，大观园酒店后100米）),博物馆 | 特色游,https://r1.visitbeijing.com.cn/vbj-s/2015/0722/20150722021009170.jpg
中国钱币博物馆,https://s.visitbeijing.com.cn/attraction/101823,中国钱币博物馆是国内最大的集钱币收藏、研究、陈列、宣教于一体的专题性博物馆。,北京市西城区西交民巷17号,博物馆 | 特色游,https://r1.visitbeijing.com.cn/vbj-s/2012/1206/20121206012401245.jpg
银锭桥,https://s.visitbeijing.com.cn/attraction/101816,银锭桥是古时“燕京八景”之一的“银锭观山”所在。从前站桥上，可以远望西山落日，现在只见高楼不见山。,什刹前海与后海连接处,休闲娱乐 | 特色游 | 踏青 | 赏花,https://r1.visitbeijing.com.cn/vbj-s/2012/1206/20121206114431510.jpg
仪亲王府,https://s.visitbeijing.com.cn/attraction/101815,仪亲王府全貌已不可见，仅存东部二进四合院、一段府邸隔墙和阁楼。,北京市西城区二龙路27号,特色游,https://r1.visitbeijing.com.cn/vbj-s/2012/1206/20121206113737234.jpg
洵贝勒府,https://s.visitbeijing.com.cn/attraction/101814,"洵贝勒府，宅第坐北朝南，府西至今西单北大街,北邻今灵境胡同,东在今府墙。",北京市西城区西单北大街110号,遗产古迹 | 特色游,https://r1.visitbeijing.com.cn/vbj-s/2012/1206/20121206113049820.jpg
西单商业街,https://s.visitbeijing.com.cn/attraction/101808,这是北京最热闹、最时尚、最繁华、最适合年轻人逛街休闲的一条街道，在这里你恐怕能看到北京城最活力的一面。,西单商业街南起宣武门，北至新街口豁口,休闲娱乐,https://r1.visitbeijing.com.cn/vbj-s/2012/1206/20121206110746546.jpg
民国国会议场,https://s.visitbeijing.com.cn/attraction/101792,建于民国初年，时为国会开会和办公的场所。,西城区宣武门西大街,遗产古迹 | 特色游,https://r1.visitbeijing.com.cn/vbj-s/2012/1208/20121208032234819.jpg
民族文化宫,https://s.visitbeijing.com.cn/attraction/101791,是一座具有博物馆性质的民族风情展览馆，民族文化宫建筑独特，极具民族情调。,西城区复兴门内大街49号,博物馆 | 休闲娱乐 | 特色游,https://r1.visitbeijing.com.cn/vbj-s/2012/1208/20121208033834374.jpg
梅兰芳纪念馆,https://s.visitbeijing.com.cn/attraction/101789,1961年梅兰芳逝世前，曾在这幽静、安适的四合院内，度过了他人生的最后10年。,北京市西城区护国寺街9号,博物馆 | 遗产古迹 | 特色游,https://r1.visitbeijing.com.cn/vbj-s/2012/1208/20121208021554393.jpg
吕祖宫,https://s.visitbeijing.com.cn/attraction/101788,吕祖宫建于清代，坐西朝东，山门的石门额上书“古刹火神庙”。,北京复兴门内北顺城街13、15号,特色游,https://r1.visitbeijing.com.cn/vbj-s/2012/1208/20121208015232365.jpg
北京李大钊故居,https://s.visitbeijing.com.cn/attraction/101784,李大钊早年去日留学，1916年回国后，6月迁居北京后曾在此居住较长的一段岁月。,文华胡同24号(中央音乐学院附近),博物馆 | 遗产古迹 | 特色游,https://r1.visitbeijing.com.cn/vbj-s/2012/1208/20121208011655278.jpg
金融街,https://s.visitbeijing.com.cn/attraction/101780,金融街是北京市第一个大规模整体定向开发的金融产业功能区,位于西二环路东侧，南起长安街的复兴门内大街，北至阜成门内大街；西自二环路，东临太平桥大街,休闲娱乐 | 特色游,https://r1.visitbeijing.com.cn/vbj-s/2012/1208/20121208120720666.jpg
会贤堂旧址,https://s.visitbeijing.com.cn/attraction/101777,是北京八大堂之一原是清光绪时礼部侍郎斌儒的私第。,在西城区什刹海前海北沿19号,遗产古迹 | 特色游,https://r1.visitbeijing.com.cn/vbj-s/2012/1208/20121208115141436.jpg
龚自珍故居,https://s.visitbeijing.com.cn/attraction/101771,晚清思想家、史学家龚自珍在此住过5年，离开时将这座宅院卖给广东番禺人潘仕成，潘将其赠给番禺在京同乡会，院子被改为广东番禺会馆。,位于宣武门外上斜街50号,遗产古迹,https://r1.visitbeijing.com.cn/vbj-s/2016/0613/20160613050840311.jpg
定亲王府,https://s.visitbeijing.com.cn/attraction/101767,是世袭递降亲王府，该府原为巽亲王府。,西城区西四定亲王府本数据来源于百度地图，最终结果以百度地图数据为准。南大街缸瓦市,遗产古迹 | 特色游,https://r1.visitbeijing.com.cn/vbj-s/2012/1209/20121209104153287.jpg
北京图书大厦,https://s.visitbeijing.com.cn/attraction/101759,北京图书大厦是全国大型国有零售书店之一。号称“北京最大的书店”。,西城区西长安街17号(西单路口东,休闲娱乐 | 特色游,https://r1.visitbeijing.com.cn/vbj-s/2012/1209/20121209103157485.jpg
鲁迅博物馆,https://s.visitbeijing.com.cn/attraction/101756,鲁迅博物馆是中国人民为了纪念和学习中华民族的思想文化巨人鲁迅先生而建立的社会科学类人物博物馆。,阜城门内大街宫门口二条19号,博物馆 | 遗产古迹 | 特色游,https://r1.visitbeijing.com.cn/vbj-s/2012/1209/20121209102646879.jpg
团城,https://s.visitbeijing.com.cn/attraction/101755,这里原是太液池中的一个小屿，历史的潮流将它幻作了今天的团城。,西城区北海南门外西侧,博物馆 | 特色游,https://r1.visitbeijing.com.cn/vbj-s/2012/1209/20121209102148845.jpg
白塔寺,https://s.visitbeijing.com.cn/attraction/101452,因寺内有一座白色古塔而名。是元大都保留下来的重要建筑之一，属社科类专题遗址博物馆，1980年正式对外开放。,北京市西城区阜内大街272号,博物馆 | 特色游,https://r1.visitbeijing.com.cn/vbj-s/2012/1207/20121207020919532.jpg
湖南会馆旧址,https://s.visitbeijing.com.cn/attraction/101388,这座坐落于烂缦的胡同的会馆历史可能并不烂漫，毛泽东1920年曾住在会馆里，并在此召开了千人参加的“湖南各界驱逐军阀张敬尧大会”。,北京市西城区烂缦胡同101号,特色游,https://r1.visitbeijing.com.cn/vbj-s/2012/1206/20121206041131520.jpg
北京湖广会馆,https://s.visitbeijing.com.cn/attraction/101387,湖广会馆有着太多太多的历史，无数历史名人都在这里留下了自己的足迹，绝对值得您一来。,北京市西城区虎坊路3号,休闲娱乐 | 特色游,https://r1.visitbeijing.com.cn/vbj-s/2012/1206/20121206043041914.jpg
虹光阁,https://s.visitbeijing.com.cn/attraction/101386,"该店现以经营金石陶瓷、字画碑贴为主，是北京市旅游发展委员会选定的""定点商店""。",西城区琉璃厂东街61号(近东北园胡同),休闲娱乐,https://r1.visitbeijing.com.cn/vbj-s/2012/1227/20121227102019802.jpg
观音院过街楼,https://s.visitbeijing.com.cn/attraction/101385,北京唯一残存的过街楼实物，具有很高的历史价值。,北京市西城区官菜园上街,特色游,https://r1.visitbeijing.com.cn/vbj-s/2012/1206/20121206045017710.jpg
安徽会馆旧址,https://s.visitbeijing.com.cn/attraction/101378,几经风雨几经重建的安徽会馆依旧矗立在北京城市一隅，默默的记录着那些属于他的历史。,北京市西城区后孙公园胡同,特色游,https://r1.visitbeijing.com.cn/vbj-s/2012/1206/20121206050500284.jpg
中国书店,https://s.visitbeijing.com.cn/attraction/101377,中国书店所经营的古籍善本、碑帖拓片因其货色齐全，独一无二而吸引着每一位前来的顾客。,北京市西城区琉璃厂西街57号,休闲娱乐,https://r1.visitbeijing.com.cn/vbj-s/2012/1206/20121206051541924.jpg
荣宝斋,https://s.visitbeijing.com.cn/attraction/101373,以文房四宝闻名天下的古玩字画店，曾用精湛的仿制技术让齐白石本人都真假莫辨。,北京市西城区琉璃厂西街19号,休闲娱乐 | 特色游,https://r1.visitbeijing.com.cn/vbj-s/2012/1206/20121206053029408.jpg
钱市胡同,https://s.visitbeijing.com.cn/attraction/101371,北京最窄的胡同，也是中国现存最早、最完整的金融交易所。,北京市西城区珠宝市街西侧,遗产古迹 | 特色游,https://r1.visitbeijing.com.cn/vbj-s/2012/1206/20121206054259478.jpg
南海会馆旧址,https://s.visitbeijing.com.cn/attraction/101368,南海会馆即为康有为故居，清朝维新派的重镇，如此历史的积淀使此处变得别具风味。,北京市西城区米市胡同43号,特色游,https://r1.visitbeijing.com.cn/vbj-s/2012/1206/20121206055803730.jpg
泾县会馆旧址,https://s.visitbeijing.com.cn/attraction/101367,曾经作为李大钊等人创办杂志创办政治周刊《每周评论》的编辑部所在地，为其添加了历史的厚重感。,北京市西城区米市胡同64号,特色游,https://r1.visitbeijing.com.cn/vbj-s/2012/1206/20121206060752272.jpg
国家大剧院,https://s.visitbeijing.com.cn/attraction/101362,奇妙的建筑设计，美妙的艺术熏陶，无一不让人流连忘返。,北京市西城区西长安街2号,休闲娱乐 | 特色游,https://r1.visitbeijing.com.cn/vbj-s/2016/1123/20161123041016351.jpg
人定湖公园,https://s.visitbeijing.com.cn/attraction/101321,据说名字来源于“人定胜天”这一个具有气魄的词，但是里面的建筑风格确实优美的欧式风格，是拍艺术照和婚纱照的好去处。,北京市西城区安德路六铺炕15号(黄寺大街南侧),休闲娱乐 | 特色游,https://r1.visitbeijing.com.cn/vbj-s/2012/1207/20121207040810509.jpg
庄亲王府,https://s.visitbeijing.com.cn/attraction/101317,清初八大“铁帽子王”承泽亲王的王府所在，如果您对清宫剧情有独钟，那这里将是您探寻清宫秘史的一个好去处。,北京市西城区西四北太平仓胡同路北,遗产古迹 | 特色游,https://r1.visitbeijing.com.cn/vbj-s/2012/1207/20121207041635963.jpg
琉璃厂,https://s.visitbeijing.com.cn/attraction/101294,琉璃厂经过几百年的发展，人文积淀深厚，如果您要买文房四宝或者古书古籍这里一定是一个好去处。,北京是西城区和平门外,遗产古迹 | 休闲娱乐 | 特色游,https://r1.visitbeijing.com.cn/vbj-s/2012/1207/20121207100741593.jpg
北京植物园展览温室,https://s.visitbeijing.com.cn/attraction/120955,北京植物园展览温室位于香山脚下，建筑面积9800平方米，占地5.5公顷。展览温室在北京植物园内，植物园门票平日5元，展览温室门票50元，套票50元。,北京市海淀区卧佛寺路,休闲娱乐 | 特色游 | 踏青 | 赏花 | 避暑,https://r1.visitbeijing.com.cn/vbj-s/2017/1226/20171226044850342.jpg
明慧茶院,https://s.visitbeijing.com.cn/attraction/120504,明慧茶院位居京西大觉寺内。明慧者，明达，智慧之意也。 创建于1997年的明慧茶院，既有茶之王者、水之极品，又有大觉寺之静谧佳境，无论是端坐于茶室，还是驻足于庭院，都能感受到历史之深邃，文化之幽远，文人学者、高僧硕儒们无不沉醉于山寺的绮丽之景，留连于此，品味清泉香茗。,北京市海淀区北安河大觉寺内,休闲娱乐,https://r1.visitbeijing.com.cn/vbj-s/2017/0522/20170522030020782.jpg
中央广播电视塔,https://s.visitbeijing.com.cn/attraction/120474,中央广播电视塔，现为国家级的4A景点，坐落于北京市海淀区西三环中路西侧，航天桥附近，东临秀美的玉渊潭和著名的钓鱼台，南望公主坟，北瞰阜成路。,北京市海淀区西三环中路11号,休闲娱乐 | 特色游 | 赏花,https://r1.visitbeijing.com.cn/vbj-s/2017/0522/20170522050306655.jpg
清华大学艺术博物馆,https://s.visitbeijing.com.cn/attraction/120342,清华大学艺术博物馆凝聚着几代清华人的心愿，承载着清华人传承中华文化艺术使命的梦想。,北京市海淀区清华园1号 清华大学校内,博物馆 | 特色游,https://r1.visitbeijing.com.cn/vbj-s/2017/0420/20170420033609799.jpg
宽和相声茶园,https://s.visitbeijing.com.cn/attraction/120323,宽和相声茶园汇集中国各类传统艺术，打造京城专业的表演团队，与多家正宗相声团队交流，战略合作，让您在京城欣赏到原汁原味儿的剧场相声，为广大观众朋友提供一处能令您捧腹大笑的消遣场所。,北京市海淀区西直门北大街文慧桥东北角天方饭店3层,休闲娱乐,https://r1.visitbeijing.com.cn/vbj-s/2017/0419/20170419105201930.jpg
中国数字图书馆,https://s.visitbeijing.com.cn/attraction/120321,中国数字图书馆隶属于中国国家图书馆，服务于中国国家图书馆二期工程暨国家数字图书馆工程。,北京市海淀区中关村南大街33号国家图书馆二期506-509/北京市海淀区北四环中路229号海泰大厦2层,特色游,https://r1.visitbeijing.com.cn/vbj-s/2017/0525/20170525063108469.jpg
王老吉凉茶博物馆（北京馆）,https://s.visitbeijing.com.cn/attraction/120319,王老吉凉茶博物馆（北京馆）在未来完全有可能成为代表中国传统中医药养生文化的一张“中国名片”，助力提升民族品牌在国际竞争中的软实力。同时，也必将进一步增添首都的中华文化内涵。,北京市海淀区花园东路36号,博物馆 | 特色游,https://r1.visitbeijing.com.cn/vbj-s/2017/0525/20170525062835121.jpg
海淀展览馆,https://s.visitbeijing.com.cn/attraction/120313,海淀展览馆是北京唯一的绿色园林式会展中心，坐落在公园北部。展览馆按国际标准展馆设计配置，面积为7900平方米。,北京市海淀新建宫门路2号,休闲娱乐,https://r1.visitbeijing.com.cn/vbj-s/2017/0417/20170417042613740.jpg
枫蓝国际小剧场,https://s.visitbeijing.com.cn/attraction/120284,枫蓝国际小剧场是枫蓝国际购物中心新开设的一个小剧场，地处海淀区西直门，是购物者的集中消费中心。,海淀区西直门北大街32号（文慧桥东侧）,休闲娱乐,https://r1.visitbeijing.com.cn/vbj-s/2017/0413/20170413074130723.jpg
北京袖珍人皮影剧团,https://s.visitbeijing.com.cn/attraction/120230,北京葫芦娃儿童皮影剧场是北京龙在天文化演艺集团旗下重点演出场地。剧场立足于传承非遗——皮影，以全新的形式，将世界级非物质文化遗产的传承、普及工作与少儿素质培养紧密结合，力求以全新的角度，为孩子打造一个民族文化教育的童话课堂。,北京远大路1号金源世纪购物中心B1层优街区内,休闲娱乐 | 特色游,https://r1.visitbeijing.com.cn/vbj-s/2017/0413/20170413060835997.jpg
海淀区文化小剧场,https://s.visitbeijing.com.cn/attraction/120220,海淀区文化馆始建于1951年。现新馆位于海淀区的中心地带，黄庄十字路口的东北角，中关村大街28-1号的海淀文化艺术大厦内的一层、四层、五层、七层和八层。,北京市中关村大街28-1号海淀文化艺术大厦A座,休闲娱乐,https://r1.visitbeijing.com.cn/vbj-s/2017/0412/20170412072643519.jpg
开心麻花剧场,https://s.visitbeijing.com.cn/attraction/120193,作为国内极具舞台剧商业竞争力的民营机构，开心麻花已成功推出《小丑爱美丽》、《须摩提世界》、《夏洛特烦恼》、《乌龙山伯爵》、《那年的梦想》等多部票房、口碑双赢的经典作品。,西城区西四羊肉胡同30号(中国地质博物馆南侧)/ 北京市海淀区中关村大街28号/北京市朝阳区亮马桥路40号,休闲娱乐,https://r1.visitbeijing.com.cn/vbj-s/2017/0411/20170411051917440.jpg
温泉村果品观光采摘园,https://s.visitbeijing.com.cn/attraction/120045,温泉村观光采摘园位于海淀区温泉镇温泉村村南，具有观光、采摘、休闲、娱乐、健身、教育等功能，并能提供观光服务,温泉村南,休闲娱乐 | 采摘,https://r1.visitbeijing.com.cn/vbj-s/2016/1221/20161221100725212.jpg
白家疃村果品观光采摘园,https://s.visitbeijing.com.cn/attraction/120042,说起温泉白家疃，可是个文化气息浓厚的地方,白家疃村西,采摘,https://r1.visitbeijing.com.cn/vbj-s/2016/1220/20161220025114219.jpg
科烨隆农业观光度假村,https://s.visitbeijing.com.cn/attraction/120041,,苏家坨镇台头村,采摘,https://r1.visitbeijing.com.cn/vbj-s/2016/1220/20161220020558148.jpg
西山凤凰岭果树种植园,https://s.visitbeijing.com.cn/attraction/120040,北京市海淀区西山凤凰岭果树种植场位于北京市海淀区苏家坨镇，西边依傍凤凰岭自然风景区,西山农场敬老院西侧,采摘,https://r1.visitbeijing.com.cn/vbj-s/2016/1220/20161220015231614.jpg
御香观光采摘园,https://s.visitbeijing.com.cn/attraction/120039,御香观光采摘园内种植有樱桃、草莓、大桃等果树和一些时令的蔬菜,万安公墓、旱河路东,采摘,https://r1.visitbeijing.com.cn/vbj-s/2016/1220/20161220104129570.jpg
香山绿色果品观光采摘园,https://s.visitbeijing.com.cn/attraction/120038,香山绿色果品观光园位于北京市海淀区四季青镇旱河路西侧，占地广阔，环境优美，空气清新,香山鲍家窑旱河路西,休闲娱乐 | 采摘,https://r1.visitbeijing.com.cn/vbj-s/2016/1219/20161219043254283.jpg
京香绿谷观光采摘园,https://s.visitbeijing.com.cn/attraction/120037,京香绿谷观光采摘园地处北京西山风景区香山脚下，位于玉泉山西侧，紧邻五环路，不仅交通便利，气候适宜,空军部队南边-香山南路西,休闲娱乐 | 采摘,https://r1.visitbeijing.com.cn/vbj-s/2016/1219/20161219042800131.jpg
上庄翠湖农业观光园景区,https://s.visitbeijing.com.cn/attraction/120036,,北京市海淀区上庄镇李家坟村北,休闲娱乐 | 采摘,https://r1.visitbeijing.com.cn/vbj-s/2016/1219/20161219020116872.jpg
玉泉观光采摘园,https://s.visitbeijing.com.cn/attraction/120035,玉泉观光采摘园占有得天独厚的地理位置，东距颐和园西门不足千米;北邻玉泉山天下第一泉;,玉泉茶棚村,休闲娱乐 | 采摘,https://r1.visitbeijing.com.cn/vbj-s/2016/1219/20161219015515382.jpg
四季青果林所观光园,https://s.visitbeijing.com.cn/attraction/120034,四季青果林所观光园位于北京西郊风景区香山脚下，北望玉泉山，东邻四环路，西邻五环路，是北京距市中心最近的一个观光采摘果园。,海淀区闵庄路68号,休闲娱乐 | 采摘,https://r1.visitbeijing.com.cn/vbj-s/2016/1219/20161219014944370.jpg
北京都市农夫樱桃采摘园,https://s.visitbeijing.com.cn/attraction/120033,毗邻翠湖湿地和上庄水库,海淀区上庄镇八家村北,采摘,https://r1.visitbeijing.com.cn/vbj-s/2016/1219/20161219103556520.jpg
周家巷樱桃采摘园,https://s.visitbeijing.com.cn/attraction/120032,,苏家坨镇周家巷村北,采摘,https://r1.visitbeijing.com.cn/vbj-s/2016/1216/20161216041059998.jpg
苏家坨镇管家岭村采摘园,https://s.visitbeijing.com.cn/attraction/120031,,苏家坨镇管家岭村北,采摘,https://r1.visitbeijing.com.cn/vbj-s/2016/1216/20161216024820929.jpg
苏家坨镇台头村采摘园,https://s.visitbeijing.com.cn/attraction/120030,,苏家坨镇台头村东,采摘,https://r1.visitbeijing.com.cn/vbj-s/2016/1216/20161216014846912.jpg
梁家园村采摘园,https://s.visitbeijing.com.cn/attraction/120029,,苏家坨镇梁家园村东,采摘,https://r1.visitbeijing.com.cn/vbj-s/2016/1216/20161216014339446.jpg
狂飙乐园樱桃采摘园,https://s.visitbeijing.com.cn/attraction/120028,"狂飚乐园位于海淀区苏家坨风景旅游区,景色优美,交通便利,依附于大西山旅游带,誉有“南山第五景区”之美名",苏家坨镇南安河村东,采摘,https://r1.visitbeijing.com.cn/vbj-s/2016/1216/20161216114139483.jpg
北京宫岭艺苑种植园,https://s.visitbeijing.com.cn/attraction/120027,樱桃“先百果而熟”，自古以来“人多贵之”，有着“春果第一支”的美赞。,徐各庄村南,采摘,https://r1.visitbeijing.com.cn/vbj-s/2016/1216/20161216105744589.jpg
京艳庆丰果树种植场,https://s.visitbeijing.com.cn/attraction/120022,"京艳庆丰百亩果园又名北京京艳庆丰百亩果园，京艳庆丰百亩果园所在地址：北京海淀区苏家坨镇抬头村，消费特色：百亩果园,种类繁多。",台头村东,采摘,https://r1.visitbeijing.com.cn/vbj-s/2016/1215/20161215023011599.jpg
北京庄户人家种植园,https://s.visitbeijing.com.cn/attraction/120021,北京庄户人家种植园位于北京市海淀区北部苏家坨镇周家乡村东，具有得天独厚的地理位置以及四通八达的便捷交通，不仅观光旅游、度假采摘，而且还有餐饮、休闲娱乐等一系列丰富的绿色、生态、休闲场所。,周家巷村东,采摘,https://r1.visitbeijing.com.cn/vbj-s/2016/1215/20161215105044659.jpg
北京丰盛浩林采摘园,https://s.visitbeijing.com.cn/attraction/120020,,海淀区苏家坨镇周家巷村东,休闲娱乐 | 采摘,https://r1.visitbeijing.com.cn/vbj-s/2016/1214/20161214031049612.jpg
八家地郊野公园,https://s.visitbeijing.com.cn/attraction/119980,八家地郊野公园位于海淀区东升乡，东至双清路，西至轻轨铁路，南至八家林姓住户，北至北五环路，建设面积1521亩。,北京市海淀区双清路,休闲娱乐,https://r1.visitbeijing.com.cn/vbj-s/2016/1206/20161206105057136.jpg
长春健身园,https://s.visitbeijing.com.cn/attraction/119979,,北京市海淀区昆玉河东岸长春桥北至万泉庄路,休闲娱乐,https://r1.visitbeijing.com.cn/vbj-s/2016/1206/20161206103153693.jpg
铁道兵纪念馆,https://s.visitbeijing.com.cn/attraction/119951,,北京市中国铁建大厦B座5、6层,博物馆 | 特色游,https://r1.visitbeijing.com.cn/vbj-s/2016/1128/20161128105644403.jpg
北京中鸿绿洲观光采摘园,https://s.visitbeijing.com.cn/attraction/119941,,海淀区苏家坨镇凤凰岭自然风景区,采摘,https://r1.visitbeijing.com.cn/vbj-s/2016/1124/20161124015235557.jpg
树村郊野公园,https://s.visitbeijing.com.cn/attraction/119681,树村郊野公园位于海淀乡，其东起北大未名生物工程集团、南起农大南路、西至树村路、北至农大北路，建设面积37.25公顷。,海淀区海淀乡树村,休闲娱乐,https://r1.visitbeijing.com.cn/vbj-s/2016/0929/20160929025507888.png
曙光防灾教育公园,https://s.visitbeijing.com.cn/attraction/119676,曙光防灾教育公园位于海淀区曙光街道辖区内四季青桥东北角,海淀区正福寺76号（四季青桥东）,休闲娱乐,https://r1.visitbeijing.com.cn/vbj-s/2016/0929/20160929014258933.png
上地公园,https://s.visitbeijing.com.cn/attraction/119675,地公园是位于海淀区信息路上地3街环岛西南角的一个公园,海淀区信息路上地3街环岛西南角(近上地环岛),休闲娱乐,https://r1.visitbeijing.com.cn/vbj-s/2016/0928/20160928043251566.png
平庄郊野公园,https://s.visitbeijing.com.cn/attraction/119664,平庄郊野公园建设结合本区域的历史地位、自然风貌等现状特征，形成中国古典园林山环水抱的意境。,四季青镇,休闲娱乐,https://r1.visitbeijing.com.cn/vbj-s/2016/0927/20160927023148438.png
鸣鹤园,https://s.visitbeijing.com.cn/attraction/119660,鸣鹤园位于北大西门内北侧，这里就是当年被誉为京西五大邸园之一的鸣鹤园的遗址,北大西门内北侧,休闲娱乐,https://r1.visitbeijing.com.cn/vbj-s/2016/0926/20160926035404581.png
酷酷兔少儿拓展天地,https://s.visitbeijing.com.cn/attraction/119649,酷酷兔少儿拓展天地，于2010年5月开园，是以拓展式游乐设施为主，北京最大的拥有全新游乐理念的儿童拓展式主题乐园。,海淀区昆玉河西岸,休闲娱乐 | 特色游,https://r1.visitbeijing.com.cn/vbj-s/2016/0922/20160922014512209.png
金源娱乐园,https://s.visitbeijing.com.cn/attraction/119645,金源娱乐园位于昆玉河西岸，东临蓝靛厂北路，西至火器营路，南起老营房路，北至蓝靛厂路，总面积为5.6公顷，是昆玉河水景观走廊五个主题公园之一。,昆玉河西岸，东临蓝靛厂北路，西至火器营路，南起老营房路，北至蓝靛厂路,休闲娱乐,https://r1.visitbeijing.com.cn/vbj-s/2016/0921/20160921031628382.png
黑塔公园,https://s.visitbeijing.com.cn/attraction/119636,这是一个微型公园，似乎是村级的，却连社区级的都够不上，面积比西城的很小的万寿公园小一倍还多，如果只是走路，我估计快走3~5分钟都用不了便可绕园一周，我慢慢走慢慢拍才共用了10分钟就绕园一周后离开。,海淀杏石口路,休闲娱乐,https://r1.visitbeijing.com.cn/vbj-s/2016/0919/20160919035631677.png
高里掌文化休闲园,https://s.visitbeijing.com.cn/attraction/119628,高里掌文化休闲园利用田园景观、自然生态及环境、农村风貌等农业资源，结合农林牧渔生产、农业经营活动、农村农业文化及农家生活，提供人们休闲、观光、体验、传承文化的农业经营形态。,北京市海淀区温泉镇西北角,休闲娱乐,https://r1.visitbeijing.com.cn/vbj-s/2016/0918/20160918091751444.jpg
丹青圃公园,https://s.visitbeijing.com.cn/attraction/119614,位于玉泉山西南部，面积69.8公顷，绿化覆盖率92.04%,玉泉山西南部,休闲娱乐,https://r1.visitbeijing.com.cn/vbj-s/2016/0912/20160912021828253.jpg
稻香湖公园,https://s.visitbeijing.com.cn/attraction/119613,稻香湖自然湿地公园位于北京市海淀区西北部，面积11.8平方公里，以自然秀丽的滨水景观、绿色生态的翠湖湿地、清新明快的田园风光和舒适宜人的整体环境为主要资源特色。,北京市海淀区海淀区苏家坨镇稻香湖路28号,休闲娱乐,https://r1.visitbeijing.com.cn/vbj-s/2016/0912/20160912020536632.jpg
翠湖湿地公园,https://s.visitbeijing.com.cn/attraction/119609,翠湖国家城市湿地公园，位于北京市海淀区上庄镇，是国务院批准的第二批国家级城市湿地公园。,北京市海淀区上庄镇,休闲娱乐,https://r1.visitbeijing.com.cn/vbj-s/2016/0909/20160909035237817.jpg
稻香湖景温泉会馆,https://s.visitbeijing.com.cn/attraction/119444,北京稻香湖景酒店位于景色优美的海淀区苏家坨稻香湖路28号，清澈的稻香湖水环绕酒店全境，自然景观与人文建筑完美统一。,北京市海淀区苏家坨稻香湖路28号,休闲娱乐 | 特色游 | 踏青 | 赏花 | 温泉 | 滑雪,https://r1.visitbeijing.com.cn/vbj-s/2016/0816/20160816035551483.png
御丰观光采摘园,https://s.visitbeijing.com.cn/attraction/119299,园区占地54亩，自然环境得天独厚，植被丰富、空气纯净，玉泉山的泉水成为园区灌溉的主要用水。,北京市海淀区香山路北侧御丰园,特色游 | 采摘,https://r1.visitbeijing.com.cn/vbj-s/2016/0801/20160801053913967.jpg
金辉滑雪场,https://s.visitbeijing.com.cn/attraction/119281,"一座现代规模戏雪乐园的运营，会拉动其他产业形成一个相应独立的经济生活""戏雪实体区域""。",北京市海淀区温泉镇双坡路,特色游 | 温泉 | 滑雪,https://r1.visitbeijing.com.cn/vbj-s/2016/0729/20160729030919564.jpg
北京双塔农业采摘园,https://s.visitbeijing.com.cn/attraction/119147,双塔果园双塔果园地处中关村科技园区，总面积700多亩。,海淀区上庄镇双塔村北,采摘,https://r1.visitbeijing.com.cn/vbj-s/2016/0721/20160721100048888.png
中关村图书大厦,https://s.visitbeijing.com.cn/attraction/119144,"北京中关村图书大厦于2003年10月开业,是由北京市新华书店全额投资购置的大型综合性书城。",北四环西路68号新华书店中关村图书大厦,特色游,https://r1.visitbeijing.com.cn/vbj-s/2016/0721/20160721092714413.png
海淀区图书馆,https://s.visitbeijing.com.cn/attraction/119132,海淀区图书馆具有八十八年的发展历程，是区内唯一的一所区级综合性公共图书馆。,海淀区丹棱街16号海兴大厦C座1楼北门(近海淀中路),特色游,https://r1.visitbeijing.com.cn/vbj-s/2016/0720/20160720015715715.png
海淀图书城,https://s.visitbeijing.com.cn/attraction/119130,走进这条220米长、10米宽的街道，立即使人感受到一种朴素幽雅和浓重的文化气息。,海淀街道西大街23号1号楼,特色游,https://r1.visitbeijing.com.cn/vbj-s/2016/0720/20160720014823561.png
国家图书馆,https://s.visitbeijing.com.cn/attraction/119129,中国国家图书馆位于北京市中关村南大街33号，与海淀区白石桥高粱河、紫竹院公园相邻。,北京市海淀区中关村南大街33号,休闲娱乐 | 特色游,https://r1.visitbeijing.com.cn/vbj-s/2016/0720/20160720013922464.png
艺海博通高尔夫练习场,https://s.visitbeijing.com.cn/attraction/119125,北京艺海博通高尔夫俱乐部位于海淀区圆明园花园别墅东侧，紧临五环路肖家河大桥东北角，交通便利,圆明园花园别墅东侧,休闲娱乐,https://r1.visitbeijing.com.cn/vbj-s/2016/0720/20160720124559808.png
颐泉高尔夫练习场,https://s.visitbeijing.com.cn/attraction/119123,北京颐泉高尔夫练习场俱乐部坐北朝南、扇形打位的设计，有效的回避了太阳光、西北风对球手打球造成的干扰;夜间，根据球场的特点而设计的灯光照明，甚至比白天更清晰地看到球的飞行方向、准确落点。,北京市海淀区青龙桥玉泉山中学南侧,休闲娱乐,https://r1.visitbeijing.com.cn/vbj-s/2016/0720/20160720123226887.png
海鹏高尔夫练习场,https://s.visitbeijing.com.cn/attraction/119122,海鹏高尔夫练习场位于北五环上地的海鹏高尔夫练习场,北京 海淀区 上地高科技开发区南口,休闲娱乐,https://r1.visitbeijing.com.cn/vbj-s/2016/0720/20160720122000225.png
直隶会馆,https://s.visitbeijing.com.cn/attraction/119119,直隶会馆的前身为保定会馆，始建于1987年，经过20年的发展，成为遍布保定、石家庄六家大型高端餐饮店的企业集团。,"北京市海淀区中关村北大街127-1号,清华西门对面南行60米",休闲娱乐,https://r1.visitbeijing.com.cn/vbj-s/2016/0720/20160720115324860.png
七叶香山,https://s.visitbeijing.com.cn/attraction/119117,七叶香山位于玉泉山和香山之间，毗邻颐和园，由德国享有盛誉的设计师Jens Weber先生依照典型的传统欧式建筑园林风格主持设计而成,海淀区万安东路普安店266号(近香山),休闲娱乐,https://r1.visitbeijing.com.cn/vbj-s/2016/0719/20160719041613562.png
汉王科技,https://s.visitbeijing.com.cn/attraction/119112,汉王科技股份有限公司成立于1998年，以多年的科研成就为底蕴，在国家“八五”、“九五”、“863”、自然科学基金等重点项目的支持下,东北旺西路8号中关村软件园5号楼汉王大厦3层,特色游,https://r1.visitbeijing.com.cn/vbj-s/2016/0719/20160719030939810.png
中科院植物研究所,https://s.visitbeijing.com.cn/attraction/119108,中国科学院植物研究所地处美丽的香山脚下，占地74公顷，是中国植物基础科学的综合研究中心之一,北京市海淀区四环到五环之间香山南辛村20号,特色游 | 踏青 | 赏花,https://r1.visitbeijing.com.cn/vbj-s/2016/0719/20160719024232419.png
中科院计算机网络信息中心,https://s.visitbeijing.com.cn/attraction/119104,中国科学院计算机网络信息中心，主要从事中国科学院信息化建设、运行与支撑服务，以及计算机网络技术、数据库技术和科学工程计算的研究与开发。,中关村南四街4号中国科学院软件园区2号楼,特色游,https://r1.visitbeijing.com.cn/vbj-s/2016/0719/20160719123147709.png
北京三元农业科技园,https://s.visitbeijing.com.cn/attraction/119103,北京三元农业有限公司系隶属北京首农集团旗下的现代都市型农业专业公司，位于北京市海淀区西北部上庄镇境内,北京市海淀区上庄路119号,休闲娱乐 | 采摘,https://r1.visitbeijing.com.cn/vbj-s/2016/0719/20160719121738913.png
王致和腐乳科普馆,https://s.visitbeijing.com.cn/attraction/119102,对老北京平民百姓来说，一个馒头一块酱豆腐，可能就是一餐美味。,海淀区阜石路41号的北京二商王致和食品有限公司院内(近苹果园地铁站),休闲娱乐,https://r1.visitbeijing.com.cn/vbj-s/2016/0719/20160719120854103.png
中关村国家自主创新示范区展示中心,https://s.visitbeijing.com.cn/attraction/119101,中关村国家自主创新示范区是中国高科技产业中心，是中国第一个国家级高新技术产业开发区,海淀区新建宫门路2号,休闲娱乐 | 特色游,https://r1.visitbeijing.com.cn/vbj-s/2016/0719/20160719115623792.png
辛亥滦州革命先烈纪念园,https://s.visitbeijing.com.cn/attraction/119096,辛亥滦州起义纪念园位于海淀区温泉乡，为国家级文物保护单位。,北京市海淀区温泉镇显龙山,特色游,https://r1.visitbeijing.com.cn/vbj-s/2016/0718/20160718023228689.png
佟麟阁将军纪念馆,https://s.visitbeijing.com.cn/attraction/119095,风景如画、驰名中外的香山脚下，曾是我国著名抗日将领佟麟阁将军生活的地方，为国捐躯以后墓地安葬于此,海淀区香山北正黄旗十八号香麓园,博物馆 | 特色游,https://r1.visitbeijing.com.cn/vbj-s/2016/0718/20160718022227133.png
温泉村樱桃观光采摘园,https://s.visitbeijing.com.cn/attraction/119093,温泉村樱桃观光采摘园位于温泉村南部，建于1996年。园区占地250亩。,北京市海淀区温泉镇温泉村村南,采摘,https://r1.visitbeijing.com.cn/vbj-s/2016/0718/20160718015031983.png
徐各庄民俗旅游村,https://s.visitbeijing.com.cn/attraction/119090,徐各庄民俗旅游村坐落于大西山脚下，紧邻大觉寺，是前往大觉寺旅游的必经之路。,北京市海淀区大觉寺路,烧烤,https://r1.visitbeijing.com.cn/vbj-s/2016/0718/20160718120712318.png
七王坟民俗旅游村,https://s.visitbeijing.com.cn/attraction/119089,七王坟村位于海淀区西北部，苏家坨镇西侧的妙高峰古香道旁,北安河西北侧(妙高峰古香道旁),特色游,https://r1.visitbeijing.com.cn/vbj-s/2016/0718/20160718113651409.png
乐视体育生态中心,https://s.visitbeijing.com.cn/attraction/119076,北京五棵松体育馆即将更名。昨天，乐视体育与该体育馆物业方——华熙国际签署协议，自2016年1月1日起，未来5年乐视体育将冠名五棵松体育馆为“乐视体育生态中心”(简称“乐视体育中心”)。,北京市海淀区复兴路69号,休闲娱乐,https://r1.visitbeijing.com.cn/vbj-s/2016/0714/20160714071455824.jpg
中国地质大学博物馆,https://s.visitbeijing.com.cn/attraction/119074,中国地质大学博物馆是一所以地球起源与演化、生命起源与进化为主要内容的自然科学博物馆。,海淀区学院路29号中国地质大学逸夫楼10-12楼,博物馆 | 特色游,https://r1.visitbeijing.com.cn/vbj-s/2016/0714/20160714044720200.png
海淀公共安全馆,https://s.visitbeijing.com.cn/attraction/119073,海淀公共安全馆位于海淀公园北门，建筑面积达 8000 平方米，于2005 年6 月16 日正式对外开放。整个展馆分为交通、治安、消防、地震、水灾害、安全生产、人防、医疗卫生8 个展区。,北京市海淀区新建宫门路2号,博物馆 | 特色游,https://r1.visitbeijing.com.cn/vbj-s/2016/0714/20160714043625334.png
中国印钞造币博物馆,https://s.visitbeijing.com.cn/attraction/119071,中国印钞造币博物馆在造币厂一幢大楼的底层，这幢修建于上世纪20年代的大楼本身就被列为优秀近代保护建筑。馆藏有历史上各个时期的钱币。,西直门外大街甲143号凯旋大厦(近动物园),博物馆 | 特色游,https://r1.visitbeijing.com.cn/vbj-s/2016/0714/20160714035610291.png
北京航空馆,https://s.visitbeijing.com.cn/attraction/119069,北京航空航天博物馆的前身是北京航空馆，是我国首个航空航天科学技术的综合科技馆。位于北京航空航天大学学院路校区内。,海淀区学院路北京航空航天大学校内,博物馆 | 特色游,https://r1.visitbeijing.com.cn/vbj-s/2021/1124/20211124142722835.jpg
中国人民革命军事博物馆,https://s.visitbeijing.com.cn/attraction/119065,中国人民革命军事博物馆位于北京天安门西面的长安街延长线上，筹建于1959年，是向国庆10周年献礼的首都十大建筑之一。1959年3月12日，经中共中央军事委员会批准，正式定名为中国人民革命军事博物馆。,北京市海淀区复兴路9号,博物馆 | 特色游,https://r1.visitbeijing.com.cn/vbj-s/2021/1124/20211124143134721.jpg
北京药用植物园,https://s.visitbeijing.com.cn/attraction/119064,北京药用植物园隶属于中国医学科学院药用植物研究所。地处北京市西北郊，距市区10公里。,北京市海淀区马连洼北路151号,采摘,https://r1.visitbeijing.com.cn/vbj-s/2016/0713/20160713024651598.png
静明园,https://s.visitbeijing.com.cn/attraction/119057,"静明园位于北京市海淀区玉泉山小东门外,颐和园昆明湖西。占地75公顷，其中水面13公顷。为""三山五园""之一。",北京市海淀区玉泉山小东门外，颐和园昆明湖西,遗产古迹,https://r1.visitbeijing.com.cn/vbj-s/2016/0712/20160712031955451.jpg
畅春园,https://s.visitbeijing.com.cn/attraction/119055,畅春园，位于北京海淀区，圆明园南，北京大学西。原址是明朝明神宗的外祖父李伟修建的“清华园”。,海淀芙蓉北路北大西门南侧200米,踏青 | 赏花,https://r1.visitbeijing.com.cn/vbj-s/2016/0711/20160711054817573.jpg
北京紫云台香草园,https://s.visitbeijing.com.cn/attraction/119053,紫云台香草园位于苏家坨镇浅山区，属于海淀区大西山旅游带。,北京海淀区苏家坨镇七王坟村,踏青 | 赏花,https://r1.visitbeijing.com.cn/vbj-s/2016/0711/20160711051001603.jpg
中央民族大学民族博物馆,https://s.visitbeijing.com.cn/attraction/119051,位于海淀区白石桥路27号的中央民族大学校内，是一座以校内教学为主民族博物馆的综合性民族学博物馆，1952年成立。中央民族大学是我国优秀少数民族青年学习的圣殿,海淀区 中关村南大街27号,博物馆 | 特色游,https://r1.visitbeijing.com.cn/vbj-s/2016/0711/20160711025900524.jpg
北大地质博物馆,https://s.visitbeijing.com.cn/attraction/119050,北京大学地质陈列馆是中国建立最早、历史最长的地质科学博物馆。,海淀区颐和园路5号北京大学燕园内(近中关村),博物馆 | 特色游,https://r1.visitbeijing.com.cn/vbj-s/2016/0708/20160708053411728.jpg
北大赛克勒考古与艺术博物馆,https://s.visitbeijing.com.cn/attraction/119049,北京大学赛克勒考古与艺术博物馆坐落在北京大学校内的鸣鹤园中，是中国高等院校中第一所考古专题博物馆。,北京大学西校区,博物馆 | 特色游,https://r1.visitbeijing.com.cn/vbj-s/2021/1124/20211124141201413.jpg
中关村创业大街,https://s.visitbeijing.com.cn/attraction/119048,中关村创业大街是海淀置业集团按市场化运营管理的创业街区，为打造这一海淀创业地标，海淀置业集团投入超过2亿元，将海淀图书城成功转型升级为时尚创业街区。,海淀区中关村创业大街,特色游,https://r1.visitbeijing.com.cn/vbj-s/2016/0708/20160708043434354.jpg
北京石刻艺术博物馆,https://s.visitbeijing.com.cn/attraction/119047,北京石刻艺术博物馆 位于海淀区西直门外白石桥五塔寺村24号，是一座陈列北京地区石刻文物的专题性博物馆。,北京海淀五塔寺村24号五塔寺,博物馆 | 特色游,https://r1.visitbeijing.com.cn/vbj-s/2016/0708/20160708042047542.jpg
海淀博物馆,https://s.visitbeijing.com.cn/attraction/119046,这里所有的事情都是在海淀发生的，古代的、当代的、政治的、经济的、文化的、艺术的、科学的等不同领域和不同方面的,北京市海淀区中关村大街28-1号,博物馆 | 特色游,https://r1.visitbeijing.com.cn/vbj-s/2016/0708/20160708040854806.jpg
昌华森林公园,https://s.visitbeijing.com.cn/attraction/118779,昌华森林公园森林景观秀美，历史古迹亦分布广泛。蜿蜒数千米的古香道，满清健锐营操练的碉楼，顺治帝题字的北法海寺，福慧寺、地藏殿、邀月洞、念佛桥、方昭、圆昭等历史遗迹，构成了独特的西山人文景观。,北京市海淀区闵庄路与香山南路交叉口，西行100米,休闲娱乐 | 登山 | 踏青 | 赏花,https://r1.visitbeijing.com.cn/vbj-s/2016/0517/20160517113550815.jpg
五棵松冰世界体育乐园（亚洲最大冰上乐园）,https://s.visitbeijing.com.cn/attraction/118457,独具风格的五棵松冰场，不仅为顾客提供滑冰项目，更有各类文化商演、冰上嘉年华、冰上芭蕾表演,北京海淀区五棵松体育文化广场,休闲娱乐 | 特色游 | 温泉 | 滑雪,https://r1.visitbeijing.com.cn/vbj-s/2015/1215/20151215030605160.jpg
东升八家郊野公园,https://s.visitbeijing.com.cn/attraction/118425,"八家郊野公园主题应“八、家”二字谐音，取“八方安和”、“佳(家)木更新”之意。八方安和""取自圆明园""万方安和""，景观创意中隐含有""八家（佳）""之意",北京市海淀区双清路,休闲娱乐 | 特色游,https://r1.visitbeijing.com.cn/vbj-s/2015/0909/20150909050847755.jpg
黑龙潭龙王庙,https://s.visitbeijing.com.cn/attraction/118424,黑龙潭及龙王庙，属市级文保单位，龙王庙坐西朝东，依山势层层向上，黑龙潭在明清两代都是皇帝祈雨的地方。,北京市海淀区寿安山北麓,遗产古迹,https://r1.visitbeijing.com.cn/vbj-s/2015/0909/20150909043920486.jpg
白家疃怡贤王祠,https://s.visitbeijing.com.cn/attraction/118423,1985年，白家疃怡贤王祠被北京市政府确定为市级文物保护单位。大戏台于2004年由区政府出资进行修葺，彩画一新。,北京市海淀区西北部,遗产古迹 | 特色游,https://r1.visitbeijing.com.cn/vbj-s/2015/0909/20150909041901370.jpg
温泉镇太舟坞都市菜园,https://s.visitbeijing.com.cn/attraction/118422,拥有日光温室80栋的观光旅游农业基地，该园区所产农产品，均做了无公害认证，达到了无公害标准。,北京市海淀区温泉镇太舟坞村东,特色游 | 采摘,https://r1.visitbeijing.com.cn/vbj-s/2015/0909/20150909040239246.jpg
东埠头休闲园,https://s.visitbeijing.com.cn/attraction/118421,以小西红柿、水果黄瓜、草莓、小西瓜、蓝莓、苤蓝等营养丰富的水果蔬菜为主打品牌，不存在农残超标等问题，绝对的健康绿色。,海淀区温泉镇东埠头村,特色游 | 采摘,https://r1.visitbeijing.com.cn/vbj-s/2015/0909/20150909034508387.jpg
北京温泉公园,https://s.visitbeijing.com.cn/attraction/118420,公园以自然和谐为基调，建有泉印、堂池、隐乐谷、藕香泊、草亭、活动广场等景点，是一座风景优美、环境宜人的休闲胜地。,北京市海淀区温泉镇政府东西两侧,休闲娱乐,https://r1.visitbeijing.com.cn/vbj-s/2015/0909/20150909033013502.jpg
碧水风荷公园,https://s.visitbeijing.com.cn/attraction/118418,碧水风荷公园是一个免费开放的社区公园。公园内树荫浓密，鸟语花香，有小型舞池一座，为周围居民提供了一个平时休闲娱乐的好去处。,北京市海淀区小营桥西北角,休闲娱乐,https://r1.visitbeijing.com.cn/vbj-s/2015/0909/20150909030441161.jpg
清河燕清体育文化公园,https://s.visitbeijing.com.cn/attraction/118417,公园内的“奥运大道”记录着现代奥林匹克运动会每一届的举办时间及地点，公园主要以体育活动为主题，建有篮球场、网球场、门球场、乒乓球场、中心广场等健身娱乐设施,北京市海淀区清河安宁庄中路路东,休闲娱乐,https://r1.visitbeijing.com.cn/vbj-s/2015/0909/20150909023818514.jpg
岱岳温泉商务会馆（已停业）,https://s.visitbeijing.com.cn/attraction/118382,是集温泉洗浴、SPA、自助餐、客房、美容美发、网球馆等于一体的高端商务休闲会馆,北京市海淀区西三旗安宁北里8号,温泉 | 滑雪,https://r1.visitbeijing.com.cn/vbj-s/2015/0825/20150825024611838.jpg
京城水系皇家御河游,https://s.visitbeijing.com.cn/attraction/118368,长河已有700余年的历史，史称皇河，它是京城水系中唯一一条印染皇家色彩的河道。,紫竹院公园北门入内直行50米见河右转“紫御湾”码头,休闲娱乐 | 特色游,https://r1.visitbeijing.com.cn/vbj-s/2015/0821/20150821051943921.jpg
北京卡雷拉赛车,https://s.visitbeijing.com.cn/attraction/118351,卡雷拉轨道赛车又名卡雷拉路轨赛车，是来自德国的一种遥控轨道赛车玩具，至今已有半个世纪的历史,北京市海淀区西三旗建材城中路6号新都购物广场哈皮儿童天地卡雷拉赛车等五个门店,特色游,https://r1.visitbeijing.com.cn/vbj-s/2015/0818/20150818032221936.jpg
中国科技农业展示园,https://s.visitbeijing.com.cn/attraction/118349,园区以展示中国农业科学院以及国内外最新农业科技成果为宗旨，实现农业科技成果的转化与普及推广,北京市海淀区北三环联想桥南中国农业科学院东门外国家农业科技展示园内,特色游,https://r1.visitbeijing.com.cn/vbj-s/2015/0818/20150818021316197.jpg
米蒂跳儿童主题乐园,https://s.visitbeijing.com.cn/attraction/118344,米蒂跳(Mitty Jump)是国内首家儿童主题乐园，新颖的室内主题、靓丽的色彩元素、贴心的现场服务,北京市海淀区复兴路51号凯德晶品购物中心,特色游,https://r1.visitbeijing.com.cn/vbj-s/2015/0817/20150817021826903.jpg
北京奇域梦相4D艺术馆,https://s.visitbeijing.com.cn/attraction/118339,国内首家以错视艺术为主题的体验型艺术馆，面积超1500平米，共有百余幅作。,北京市海淀区西三环中路11号(中央电视塔),博物馆 | 休闲娱乐 | 特色游,https://r1.visitbeijing.com.cn/vbj-s/2015/0723/20150723104746383.jpg
上庄动漫水上乐园,https://s.visitbeijing.com.cn/attraction/118333,在素有“京西水乡”美誉的海淀区上庄，背枕风光旖旎的翠湖(上庄水库)之滨，遥望西山，周围自然环境秀美怡人,北京市海淀区上庄镇上庄水库北岸东行2000米,休闲娱乐 | 特色游,https://r1.visitbeijing.com.cn/vbj-s/2015/0721/20150721021156180.jpg
国家典籍博物馆,https://s.visitbeijing.com.cn/attraction/118314,国家典籍博物馆是集典籍收藏、展示、研究、保护、公共教育、文化传承、文化休闲于一体的综合性博物馆,北京市海淀区中关村南大街33号,博物馆 | 特色游,https://r1.visitbeijing.com.cn/vbj-s/2015/0715/20150715114158325.jpg
翠湖国家城市湿地公园,https://s.visitbeijing.com.cn/attraction/118313,公园内动植物资源丰富，原生、栽植湿地高等植物371种，隶属于90科264属，野生鸟类16目38科178种。,北京市海淀区翠湖湿地位于京师西北郊的上庄地区,休闲娱乐 | 特色游,https://r1.visitbeijing.com.cn/vbj-s/2015/0715/20150715105429581.jpg
上庄翠湖农业观光园景区,https://s.visitbeijing.com.cn/attraction/118272,集农业科技示范、科普教育、果蔬生产、观光采摘、采购于一体的观光农业园,北京市海淀区上庄镇李家坟村北,特色游 | 采摘 | 踏青,https://r1.visitbeijing.com.cn/vbj-s/2013/0509/20130509030751727.jpg
上地樱桃观光园,https://s.visitbeijing.com.cn/attraction/118271,上地樱桃观光园占地面积150亩，樱桃有红灯、红艳、红蜜、拉宾斯等12个品种,北京市海淀区西北旺镇唐家岭村,特色游 | 采摘,https://r1.visitbeijing.com.cn/vbj-s/2013/0509/20130509013141123.jpg
北京双新观光采摘园,https://s.visitbeijing.com.cn/attraction/118269,坐落在风景优美、环境怡人的西山风景旅游区，西临八大处，北临香山，东临五环路，风光秀丽，交通便捷,北京市海淀区四季青北辛庄村北西侧平房,特色游 | 采摘,https://r1.visitbeijing.com.cn/vbj-s/2013/0508/20130508111735960.jpg
北京四季青果林所观光采摘园,https://s.visitbeijing.com.cn/attraction/118268,北望玉泉山，东邻四环路，西邻五环路，是北京距市中心最近的一个观光采摘果园,北京市海淀区闵庄路68号,特色游 | 采摘,https://r1.visitbeijing.com.cn/vbj-s/2013/0508/20130508100015347.jpg
北京海淀温泉村观光采摘园,https://s.visitbeijing.com.cn/attraction/118266,园内有红灯、红艳、巨红、红密、雷尼、拉宾斯、萨米托、大紫、那翁等10多个樱桃品种可供采摘,北京市海淀区温泉镇温泉村村南,特色游 | 采摘 | 温泉,https://r1.visitbeijing.com.cn/vbj-s/2013/0507/20130507032835663.jpg
阳光星期八公园,https://s.visitbeijing.com.cn/attraction/118253,休闲、娱乐、放松的空间在哪里呢?到“阳光星期八”来，良好的环境、优雅的景色、健全的设施，“星期八”为你提供了这一切。,海淀区金沟河路26号,休闲娱乐 | 踏青 | 赏花,https://r1.visitbeijing.com.cn/vbj-s/2013/0503/20130503053337183.jpg
玲珑公园,https://s.visitbeijing.com.cn/attraction/118252,公园南部设计为规则园林，北部则为自然山水，其间设置山亭湖榭、曲径小溪，使之成为京密引水渠畔一道靓丽的风景。,北京市海淀区西八里庄北里3号,休闲娱乐 | 踏青 | 赏花,https://r1.visitbeijing.com.cn/vbj-s/2013/0503/20130503042529508.jpg
马甸公园,https://s.visitbeijing.com.cn/attraction/118251,马甸公园设计力求以人为本、以绿为主，景观与活动空间结合，保留一处人与自然交融的场所，为周边居民提供运动、消闲、健身的绿色空间。,马甸桥西北侧,休闲娱乐 | 踏青 | 赏花,https://r1.visitbeijing.com.cn/vbj-s/2013/0503/20130503032232157.jpg
百旺公园,https://s.visitbeijing.com.cn/attraction/118250,百旺公园“望山、望水、望绿林”、“家旺、体旺、精神旺”，一步一望，步步有景，营造出闲适的郊野氛围。,西北旺镇,休闲娱乐 | 踏青 | 赏花,https://r1.visitbeijing.com.cn/vbj-s/2013/0503/20130503020848385.jpg
双秀公园,https://s.visitbeijing.com.cn/attraction/118238,公园由中国式园林和日本式园林两部分组成，是北京市里惟一一座有日本风格的园林建筑。造型古朴，别具韵味。,海淀区北三环中路20号,休闲娱乐 | 踏青 | 赏花,https://r1.visitbeijing.com.cn/vbj-s/2013/0428/20130428015828518.jpg
香山双清别墅,https://s.visitbeijing.com.cn/attraction/118188,这里曾是毛主席住过的地方，曾是中共中央的指挥中心，曾发生过扭转中国命运决定中国前途的大事。,北京市海淀区香山买卖街西头香山公园内,特色游 | 登山,https://r1.visitbeijing.com.cn/vbj-s/2013/0410/20130410052330819.jpg
北京市海淀区三山五园文化艺术中心（北京市海淀区博物馆）,https://s.visitbeijing.com.cn/attraction/118173,这里所有的事情都是在海淀发生的，古代的、当代的、政治的、经济的、文化的、艺术的、科学的等不同领域和不同方面的,北京市海淀区中关村大街28-1号,博物馆 | 特色游,https://r1.visitbeijing.com.cn/vbj-s/2013/0402/20130402095912488.jpg
北京上庄纳兰性德史迹陈列馆,https://s.visitbeijing.com.cn/attraction/118163,建筑风格为砖木结构仿清四合院格局，重檐彩绘，回廊琐窗，具有浓厚的传统园林风格。,北京市海淀区上庄乡上庄村翠湖水乡旅游度假区内,博物馆 | 遗产古迹 | 特色游,https://r1.visitbeijing.com.cn/vbj-s/2013/0329/20130329015307897.jpg
中国蜜蜂博物馆,https://s.visitbeijing.com.cn/attraction/118160,“蜜蜂是人类的朋友”科普展览、各种蜜蜂图片及标本、蜂产品生产及展示,北京市海淀区香山卧佛寺西侧中国农业科学院蜜蜂研究院院内,博物馆 | 特色游,https://r1.visitbeijing.com.cn/vbj-s/2013/0329/20130329095430311.jpg
中国国家画院美术馆,https://s.visitbeijing.com.cn/attraction/118157,中国国家画院美术馆将通过 “人材兴馆，学术强馆，服务立馆”的办馆方针，为中国画艺术发展起到一定的推动作用。,北京市海淀区西三环北路54号,博物馆 | 特色游,https://r1.visitbeijing.com.cn/vbj-s/2013/0328/20130328022600335.jpg
北京大学赛克勒考古与艺术博物馆,https://s.visitbeijing.com.cn/attraction/118127,弘扬中国传统文化，积极开展文物、考古学和博物馆学领域的国际学术交流，增进世界人民的相互理解和友谊。,海淀区颐和园路5号北京大学内(近中关村),博物馆 | 特色游,https://r1.visitbeijing.com.cn/vbj-s/2013/0322/20130322105443385.jpg
中国电信博物馆,https://s.visitbeijing.com.cn/attraction/118112,中国电信博物馆是中国信息通信产业综合性博物馆，是中国通信文物主要的收藏、宣传教育和科学研究的专门机构。,北京市海淀区学院路42号,博物馆 | 特色游,https://r1.visitbeijing.com.cn/vbj-s/2013/0314/20130314042221309.jpg
北京航空航天博物馆,https://s.visitbeijing.com.cn/attraction/118108,北京航空航天博物馆，反映学校学科优势与特色文化，融教学、科研和科普教育在三位一体的现代化、专业性展览场馆。,北京市海淀区学院路37号北京航空航天大学院内,博物馆 | 特色游,https://r1.visitbeijing.com.cn/vbj-s/2013/0312/20130312043056691.jpg
中国革命军事博物馆,https://s.visitbeijing.com.cn/attraction/118097,军事博物馆是中国唯一的大型综合性军事历史博物馆，是展示中华民族五千年军事历史的重要窗口。,北京市海淀区复兴路9号,博物馆 | 特色游 | 踏青,https://r1.visitbeijing.com.cn/vbj-s/2013/0228/20130228053536251.jpg
北京艺术博物馆,https://s.visitbeijing.com.cn/attraction/118096,北京艺术博物馆坐落于明清宝刹万寿寺内，全馆占地3万平方米，建筑面积1.4万平方米，为全国重点文物保护单位。,海淀区西三环北路苏州街万寿寺,博物馆 | 特色游,https://r1.visitbeijing.com.cn/vbj-s/2013/0301/20130301051642808.jpg
中国化工博物馆,https://s.visitbeijing.com.cn/attraction/118095,中国化工博物馆是一个展示中国化学工业发展历程和重要成果，是中国第一个化工专业博物馆。,北京市北四环西路62号中国化工集团大厦3层,博物馆 | 特色游,https://r1.visitbeijing.com.cn/vbj-s/2013/0226/20130226055225261.jpg
凤凰岭龙泉寺庙会,https://s.visitbeijing.com.cn/attraction/118085,凤凰岭龙泉寺庙会以凤凰岭龙泉寺新春吉祥祈福系列活动为主体，包括吉祥祈福、龙泉寺法会、素斋、平安面等。,北京市海淀区苏家坨镇凤凰岭路19号,特色游,https://r1.visitbeijing.com.cn/vbj-s/2013/0118/20130118052412831.jpg
圆明园庙会,https://s.visitbeijing.com.cn/attraction/118083,圆明园皇家庙会以“体验皇家生活”为主题，在传统新春庙会元素的基础上，融入了宫廷生活，打造京城独具一格的皇家风格庙会。,北京市海淀区清华西路28号圆明园,特色游,https://r1.visitbeijing.com.cn/vbj-s/2013/0116/20130116045802646.jpg
曹雪芹纪念馆,https://s.visitbeijing.com.cn/attraction/118056,曹雪芹纪念馆在海淀区四季青乡正白旗村。是我国清代伟大的现实主义作家曹雪芹晚年居住的地方。1983年4月22日开馆。傅杰题写匾额“曹雪芹纪念馆”。,北京市海淀区香山卧佛寺路正白旗村39号北京植物园内,遗产古迹,https://r1.visitbeijing.com.cn/vbj-s/2013/0106/20130106112039757.jpg
北京钓鱼台国宾馆,https://s.visitbeijing.com.cn/attraction/118053,自成流派的国宴餐饮、典雅细腻的接待服务、独领风骚的皇家园林和丰富的历史、文化内涵成就了钓鱼台品牌的一流品质。,北京市海淀区阜成路2号,特色游,https://r1.visitbeijing.com.cn/vbj-s/2013/0105/20130105022525470.jpg
大钟寺古钟博物馆,https://s.visitbeijing.com.cn/attraction/118041,在大钟寺古钟博物馆，您将走入一个钟的王国。,海淀区北三环西路甲31号(联想桥北侧),博物馆 | 特色游,https://r1.visitbeijing.com.cn/vbj-s/2013/0104/20130104033254833.jpg
北京海淀公园,https://s.visitbeijing.com.cn/attraction/118037,海淀公园就建于昔日皇家园林“三山五园”之一的畅春园遗址，她在风格上秉承了畅春园的自然雅淡。,北京市海淀区新建宫门路2号,休闲娱乐 | 特色游 | 踏青,https://r1.visitbeijing.com.cn/vbj-s/2013/0104/20130104014213678.jpg
北京首都体育馆,https://s.visitbeijing.com.cn/attraction/117978,北京最大的现代化体育馆，08奥运期间为排球比赛场所，现多用于举办演唱会。,北京市海淀区西直门外白石桥5号,休闲娱乐 | 特色游,https://r1.visitbeijing.com.cn/vbj-s/2012/1207/20121207032342546.jpg
北京电影旅游城,https://s.visitbeijing.com.cn/attraction/117923,院子不是很大，曾经的《宰相刘罗锅》等影视剧在此取景，整体设施陈旧，不建议特别前往。,北京市海淀区北三环中路77号,特色游,https://r1.visitbeijing.com.cn/vbj-s/2015/0513/20150513115236908.jpg
北京碧云寺,https://s.visitbeijing.com.cn/attraction/117909,碧云寺有中国目前保存最好的五百罗汉，个个有真人那样高，甚至其中有乾隆皇帝的自雕像，独一无二。,海淀区香山买卖街西头香山公园内,特色游 | 登山,https://r1.visitbeijing.com.cn/vbj-s/2012/1206/20121206021537881.jpg
真觉寺（五塔寺）,https://s.visitbeijing.com.cn/attraction/117908,“佛足”表示佛足遍天下，真觉寺中央小塔的塔座南面正中可以看到，这种“佛足”雕刻在国内已经不多见了。,北京市海淀区白石桥东侧的高梁河（长河）北岸,博物馆 | 特色游,https://r1.visitbeijing.com.cn/vbj-s/2012/1206/20121206014648154.jpg
北京卧佛寺,https://s.visitbeijing.com.cn/attraction/117907,卧佛寺是植物园中的一个景点，因为卧佛而出名，又因谐音是英语的offer而让学子们供奉。,北京市海淀区卧佛寺路北京植物园,特色游 | 踏青 | 赏花,https://r1.visitbeijing.com.cn/vbj-s/2012/1206/20121206013158718.jpg
北京龙徽葡萄酒博物馆,https://s.visitbeijing.com.cn/attraction/117874,龙徽葡萄酒博物馆，是对北京葡萄酒百年发展史的一个记录，是中国葡萄酒产业不断推陈出新精神的见证。,北京市海淀区玉泉路2号,博物馆 | 特色游,https://r1.visitbeijing.com.cn/vbj-s/2015/0513/20150513111854136.jpg
上庄水库,https://s.visitbeijing.com.cn/attraction/117699,"烧烤最佳地，因为上庄水库还不是景区,所以这里是免费开放的。",北京市海淀区上庄镇上庄乡上庄村,特色游 | 垂钓 | 烧烤 | 踏青 | 赏花 | 漂流 | 避暑,https://r1.visitbeijing.com.cn/vbj-s/2012/1208/20121208024247167.jpg
万寿寺,https://s.visitbeijing.com.cn/attraction/101926,万寿寺深庭广厦，琼楼玉宇，雕梁画栋，极其宏丽。其间曲栏回廊，御书碑亭，青石假山，苍松翠柏错落有致。,北京海淀区高梁河（长河）广源闸西侧万寿寺路121号,特色游,https://r1.visitbeijing.com.cn/vbj-s/2012/1207/20121207105034256.jpg
李大钊烈士陵园,https://s.visitbeijing.com.cn/attraction/101874,一座通体洁白的汉白玉塑像矗立在美人蕉的花圃中间，鲜花绽放，香气四溢，好像在向主人表达崇高的敬意。,北京市海淀区香山东万安里1号,特色游,https://r1.visitbeijing.com.cn/vbj-s/2012/1207/20121207085111275.jpg
中华世纪坛,https://s.visitbeijing.com.cn/attraction/101432,中华世纪坛，是中国人民迎接新千年、新世纪的标志性建筑。北倚风景秀丽的玉渊潭公园，南与西客站相望。,北京市海淀区复兴路甲9号中华世纪坛,博物馆 | 特色游,https://r1.visitbeijing.com.cn/vbj-s/2015/0729/20150729035549580.jpg
万事达中心（北京奥林匹克篮球馆）,https://s.visitbeijing.com.cn/attraction/101395,"北京奥林匹克篮球馆是北京市西部地区最大的奥运场馆,奥运会后可举办各种大型赛事和大型文化演出活动。",北京市海淀区复兴路69号,休闲娱乐 | 特色游,https://r1.visitbeijing.com.cn/vbj-s/2012/1207/20121207114921856.jpg
中国国家图书馆,https://s.visitbeijing.com.cn/attraction/101344,"八十年代北京十大建筑之首,全球最大图书馆之一，但是抛去这些光环之后它更重要的是无数人知识的源泉。",北京市海淀区中关村南大街甲33号,休闲娱乐 | 特色游,https://r1.visitbeijing.com.cn/vbj-s/2012/1207/20121207011333281.jpg
清华园,https://s.visitbeijing.com.cn/attraction/101329,"清华园曾是皇家园林, 至今仍保存着近春园谴址, 这里有水, 假山. 亭台, 是人们来这里休闲, 游玩的好地方",北京市海淀区双清路30号清华大学校内(近圆明园),遗产古迹 | 休闲娱乐 | 赏花,https://r1.visitbeijing.com.cn/vbj-s/2012/1207/20121207033949818.jpg
五棵松体育中心棒球场,https://s.visitbeijing.com.cn/attraction/101240,北京奥运会期间承担棒球比赛的场馆，现留出的空地不时招商开展大卖场活动。,北京市海淀区五棵松文化体育中心,休闲娱乐 | 特色游 | 踏青,https://r1.visitbeijing.com.cn/vbj-s/2012/1207/20121207083224112.jpg
长城铁花景区,https://s.visitbeijing.com.cn/attraction/120964,长城打铁花是孕育于北京古老长城脚下的特殊民俗文化，非遗文化，是烽火狼烟岁月兵戈之争，文化交融碰撞的产物。经过历史的演变，它已成为古老的祈福文化，也是旧时社会风水术中一种特殊的净场方式。,北京市延庆区大榆树镇长城铁花演艺区,特色游,https://r1.visitbeijing.com.cn/vbj-s/2018/0411/20180411053856894.jpg
百里山水画廊乌龙峡谷景区,https://s.visitbeijing.com.cn/attraction/120708,北京延庆乌龙峡谷景区——原名黑龙潭，是京津冀旅游年票景点。峡谷两侧绝壁陡直、怪石林立，水声轰鸣，浪花飞溅，以青山幽谷、碧水深潭远近闻名。,北京市延庆县千家店镇,特色游 | 登山 | 踏青 | 赏花,https://r1.visitbeijing.com.cn/vbj-s/2017/0727/20170727050701137.jpg
上奶山,https://s.visitbeijing.com.cn/attraction/120614,上奶山是个风景秀丽的地方。,北京市延庆区三零九市道,特色游 | 漂流 | 避暑,https://r1.visitbeijing.com.cn/vbj-s/2017/0526/20170526033655750.jpg
神奇野山峡风景区,https://s.visitbeijing.com.cn/attraction/120600,延庆野山峡风景区地处于具有“塞外明珠”美称的延庆。由北京驱车只需90分钟，这里群峰竟举，重峦叠粹，植被丰茂，朝禽暮兽，景点众多，各个景点都有一段神奇的故事，所以人们称这里为–“神奇野山峡”。,北京市延庆区张山营镇丁家堡村,特色游 | 踏青 | 赏花,https://r1.visitbeijing.com.cn/vbj-s/2017/0524/20170524055435710.jpg
永宁古城,https://s.visitbeijing.com.cn/attraction/120380,永宁为五帝时缙云氏所都，战国为燕地，汉属夷舆县，唐归儒州，辽属缙山县，金为神峰乡。,北京市延庆区三里河路,特色游,https://r1.visitbeijing.com.cn/vbj-s/2017/0522/20170522114300238.jpg
原乡美利坚小镇,https://s.visitbeijing.com.cn/attraction/120307,原乡美利坚位于古崖居西侧，三面环山，处在山谷之中。,北京延庆县张山营镇,红叶 | 银杏,https://r1.visitbeijing.com.cn/vbj-s/2017/0417/20170417105704878.jpg
四季花海,https://s.visitbeijing.com.cn/attraction/119914,延庆的四季花海位于北京市延庆县的四海镇，青山绿水间，数千亩鲜花铺展开来，姹紫嫣红，农田变花园,北京延庆县四海镇,赏花,https://r1.visitbeijing.com.cn/vbj-s/2016/1118/20161118021246342.jpg
西沟里自然风景区,https://s.visitbeijing.com.cn/attraction/119913,西沟里村地处四海镇西沟流域上游，全村总面积9000亩，其中耕地300余亩，森林覆盖率95%以上,延庆县四海镇,登山,https://r1.visitbeijing.com.cn/vbj-s/2016/1118/20161118015207994.jpg
大古城沙漠奇景,https://s.visitbeijing.com.cn/attraction/119691,在八达岭高速公路的尽头，延庆八达岭长城北侧，北京与河北交界的官厅水库南岸，有离京城最近的一块沙漠,八达岭高速公路的尽头，延庆八达岭长城北侧,特色游,https://r1.visitbeijing.com.cn/vbj-s/2016/1009/20161009023146359.jpg
北京帐篷公园,https://s.visitbeijing.com.cn/attraction/119576,北京帐篷公园位于延庆区石京龙滑雪场内，是目前全球第一个帐篷主题公园。,延庆县旧县镇东龙湾村南200米,休闲娱乐 | 特色游 | 踏青 | 赏花,https://r1.visitbeijing.com.cn/vbj-s/2016/0902/20160902043444817.jpg
乌龙峡谷,https://s.visitbeijing.com.cn/attraction/119480,乌龙峡谷位于园区东北部黑河下游，与滴水壶景区相距2公里，属距今14亿年前的中生代火山熔岩区，全长2公里，是典型的山间河流深切河谷地貌景观。,北京市延庆县千家店镇沙梁子地区,特色游 | 登山 | 垂钓 | 踏青 | 赏花 | 漂流 | 避暑,https://r1.visitbeijing.com.cn/vbj-s/2016/0819/20160819063159368.png
仓米古道旅游区,https://s.visitbeijing.com.cn/attraction/119477,延庆县东部山区旅游景区总称。包括燕山天池景区、白河河谷景区、齐仙岭景区、珍珠泉景区、四海景区等。,延庆东部山区白河峡谷附近,休闲娱乐 | 特色游 | 登山 | 踏青 | 赏花,https://r1.visitbeijing.com.cn/vbj-s/2016/0819/20160819054319530.png
松山森林公园,https://s.visitbeijing.com.cn/attraction/119385,北京市松山自然保护区始建于1985年，并于1986年晋升为国家级森林和野生动物类型自然保护区，从而成为北京市首个国家级自然保护区。,北京延庆县张山营镇,休闲娱乐 | 踏青 | 赏花 | 漂流 | 避暑,https://r1.visitbeijing.com.cn/vbj-s/2016/0810/20160810015351270.jpg
留香谷香草园,https://s.visitbeijing.com.cn/attraction/118392,走进紫色的花海，扑鼻的清香、茵茵的绿草、耳边蜜蜂嗡嗡的采蜜声，将你置身于京北山区普罗旺斯的美景中感受浪漫。,北京延庆区珍珠泉乡,特色游 | 踏青 | 赏花,https://r1.visitbeijing.com.cn/vbj-s/2015/0906/20150906031257333.jpg
金隅八达岭温泉度假村,https://s.visitbeijing.com.cn/attraction/118380,这里的温泉水源自地下2000米深处，出水温度54摄氏度，水质优良，富含人体所需的氟、硫、铁、硅等多种矿物质,北京市延庆区妫水北街1号,温泉 | 滑雪,https://r1.visitbeijing.com.cn/vbj-s/2015/0825/20150825020515478.jpg
北京元代谷风景区,https://s.visitbeijing.com.cn/attraction/118361,代谷地貌形成于第四 纪冰川时期，经过万年的风雨冲刷形成了现在的特殊地质地貌，保存着原始的自然生态植被。,北京市延庆大榆树镇新宝庄村,特色游 | 登山,https://r1.visitbeijing.com.cn/vbj-s/2015/0820/20150820040409490.jpg
北京龙湾国际露营公园,https://s.visitbeijing.com.cn/attraction/118300,龙湾国际露营公园为第80届世界汽车房车露营大会的举办地，公园内坐落着充满异域风情的童话小屋，是全家出游的最佳选择。,北京市延庆区旧县镇金牛湖北京龙湾国际露营公园,特色游 | 烧烤 | 踏青,https://r1.visitbeijing.com.cn/vbj-s/2014/0519/20140519043712312.jpg
妫水公园,https://s.visitbeijing.com.cn/attraction/118205,整个公园是以植物、水体为主造景的园林景观，具有丰富的艺术文化内涵。,位于延庆区,休闲娱乐 | 踏青 | 赏花,https://r1.visitbeijing.com.cn/vbj-s/2013/0418/20130418113303872.jpg
妫川广场,https://s.visitbeijing.com.cn/attraction/118197,一座名为“妫川情”的大型现代雕塑作为延庆的标志矗立在广场中心，挺拔壮观，气势恢宏。,延庆区中心大型绿地广场,休闲娱乐 | 踏青 | 赏花,https://r1.visitbeijing.com.cn/vbj-s/2013/0416/20130416114440933.jpg
百泉公园,https://s.visitbeijing.com.cn/attraction/118196,公园以体现自然生态为理念，合理设置生态景观，配置植物群落。,北京市延庆区南菜园南二区西侧,休闲娱乐 | 踏青 | 赏花,https://r1.visitbeijing.com.cn/vbj-s/2013/0416/20130416103711764.jpg
延庆迎宾公园,https://s.visitbeijing.com.cn/attraction/118195,公园整体布局均采用自然式，为人们提供可观、可游、可赏、环境幽雅、景色秀丽的场所。,北京市延庆区,休闲娱乐 | 踏青 | 赏花,https://r1.visitbeijing.com.cn/vbj-s/2013/0416/20130416093412559.jpg
江水泉公园,https://s.visitbeijing.com.cn/attraction/118194,"江水泉公园是人与自然情景交融的最佳场所,是现今游人旅游、观光的又一休闲佳处。",江水泉公园地处延庆区北部,休闲娱乐 | 踏青 | 赏花,https://r1.visitbeijing.com.cn/vbj-s/2013/0415/20130415045149151.jpg
香水苑公园,https://s.visitbeijing.com.cn/attraction/118193,香水苑公园成为一处集游乐、休闲、健身于一体的综合性公园。,延庆区高塔路,休闲娱乐 | 踏青 | 赏花,https://r1.visitbeijing.com.cn/vbj-s/2013/0415/20130415051609191.jpg
三里河湿地公园,https://s.visitbeijing.com.cn/attraction/118190,三里河湿地公园以自然质朴为根本，保持了湿地的原生形态，是游人接近自然、回归自然的好去处。,,休闲娱乐 | 踏青 | 赏花,https://r1.visitbeijing.com.cn/vbj-s/2013/0415/20130415124815263.jpg
中国马文化博物馆,https://s.visitbeijing.com.cn/attraction/118183,在所有的动物中，与人最密切最亲近最能沟通交流的是马。 人开始是利用马的速度和力量来弥补自身能力的不足。,延庆区八达岭镇阳光路8号,博物馆 | 特色游,https://r1.visitbeijing.com.cn/vbj-s/2013/0407/20130407044619756.jpg
延庆博物馆,https://s.visitbeijing.com.cn/attraction/118179,延庆博物馆是目前北京郊区规模最大、功能最全的现代化综合性博物馆，2004年开始筹备，2008年9月30日正式对外开放。,延庆区妫水北街24号,博物馆 | 特色游,https://r1.visitbeijing.com.cn/vbj-s/2013/0407/20130407114923425.jpg
山戎文化陈列馆,https://s.visitbeijing.com.cn/attraction/118146,它以丰富的考古发掘成就，向世人展示了春秋战国时期活跃于燕山地区的强大民族——山戎族的古老文化遗存。,延庆区靳家堡乡玉皇庙,特色游,https://r1.visitbeijing.com.cn/vbj-s/2013/0326/20130326041610422.jpg
辉煌国际会议度假区,https://s.visitbeijing.com.cn/attraction/118000,半山缓坡地势，原始自然植被，景观资源优势明显，交通便利。,张山营镇胡家营村东,休闲娱乐 | 特色游 | 温泉 | 滑雪,https://r1.visitbeijing.com.cn/vbj-s/2015/0512/20150512045327984.jpg
长城阳光山谷马术俱乐部,https://s.visitbeijing.com.cn/attraction/117999,它背依燕山余脉，雄伟的万里长城蜿蜒其间，林木繁茂，空气清新，视野辽阔。,延庆区八达岭镇阳光路8号,特色游,https://r1.visitbeijing.com.cn/vbj-s/2012/1206/20121206024940901.jpg
妫海远航景区,https://s.visitbeijing.com.cn/attraction/117984,乘龙舟远航，赏湖光山色。游客乘坐仿古画舫欣赏两岸秀美风光，看水鸟集翔。,北京市延庆区延庆镇妫水公园,休闲娱乐 | 特色游 | 踏青 | 赏花,https://r1.visitbeijing.com.cn/vbj-s/2015/0513/20150513033936572.jpg
绿富隆观光园,https://s.visitbeijing.com.cn/attraction/117967,距市区很近的农业采摘观光园，优质纯绿色水果、蔬菜，亲手采摘、无限乐趣！,北京市延庆区延庆镇东外大街,特色游 | 赏花 | 避暑,https://r1.visitbeijing.com.cn/vbj-s/2015/0512/20150512052004424.jpg
八达岭残长城,https://s.visitbeijing.com.cn/attraction/117948,这里崇山峻岭、深沟险隘，长城城关相连，墩堡相望，由于保存原始，虽然残缺，雄峰犹存，那断壁残垣，定位在一个“残”字上。,八达岭镇东沟村,特色游 | 登山 | 烧烤 | 赏花,https://r1.visitbeijing.com.cn/vbj-s/2021/0928/20210928170359193.jpg
岔道古城民俗旅游度假区,https://s.visitbeijing.com.cn/attraction/117893,城内原铺户、客栈等老式建筑已被部分现代民房所替代，只留下驿站等遗址以及散落在街道 两旁的石碾等。,北京市延庆区八达岭镇岔道村,特色游 | 登山,https://r1.visitbeijing.com.cn/vbj-s/2015/1208/20151208042200464.jpg
里炮红苹果度假区,https://s.visitbeijing.com.cn/attraction/117891,以种植苹果而闻名的度假区，不断学习进步，现已成为京郊有名的绿色果品科普示范基地。,北京市延庆区八达岭镇里炮村,休闲娱乐 | 特色游 | 采摘,https://r1.visitbeijing.com.cn/vbj-s/2015/0513/20150513032753550.jpg
柳沟民俗旅游度假区,https://s.visitbeijing.com.cn/attraction/117890,火盆锅、豆腐宴，农家菜体验当地的民俗风情。,井庄镇柳沟村,休闲娱乐 | 特色游 | 采摘 | 垂钓 | 烧烤,https://r1.visitbeijing.com.cn/vbj-s/2015/0512/20150512052939930.jpg
松山森林旅游区,https://s.visitbeijing.com.cn/attraction/117867,松山自然保护区内群山叠翠，古松千姿百态，山涧溪水淙淙，谷中山石嶙峋，生物多样性丰富。,北京市延庆区张山营镇松山自然保护区,特色游 | 登山 | 踏青 | 赏花,https://r1.visitbeijing.com.cn/vbj-s/2016/0320/20160320042920886.jpg
海坨山,https://s.visitbeijing.com.cn/attraction/117690,这里有高山草甸，花花草草们种类繁杂，美不胜收；这里还有湖水青碧的峡谷风情，水上雾霭沉沉，气候凉爽宜人。,北京市延庆区张山营镇北部与河北省赤城县交界处,特色游 | 登山 | 踏青 | 赏花 | 避暑,https://r1.visitbeijing.com.cn/vbj-s/2012/1208/20121208023108183.jpg
白河湾自然风景区（白河峡谷）,https://s.visitbeijing.com.cn/attraction/101652,这一段是北京最美的河谷风光，山水环绕，间或有亭台楼榭，既有壮阔的自然风貌，也有锦绣江南的点滴风韵。,北京市延庆区东北旧县境内的白河堡水库,特色游 | 登山 | 垂钓 | 烧烤 | 踏青 | 赏花 | 漂流 | 避暑,https://r1.visitbeijing.com.cn/vbj-s/2016/0622/20160622100903282.jpg
延庆鸟类湿地自然保护区,https://s.visitbeijing.com.cn/attraction/101641,沿着湿地堤坝走去，可以看到两岸宽阔的水面上栖息着无数的飞鸟，各种鸟叫声不绝于耳，令人赏心悦目。,北京延庆区康庄镇刘浩营村北,特色游 | 登山 | 踏青 | 赏花,https://r1.visitbeijing.com.cn/vbj-s/2012/1218/20121218015133904.jpg
中国长城博物馆,https://s.visitbeijing.com.cn/attraction/101639,其参观线路在设计的宛如长城起伏，处处可见“雄关”、“隘口”，仿佛置身万里长城之上。,北京市延庆区八达岭景区内,博物馆 | 遗产古迹 | 特色游 | 登山,https://r1.visitbeijing.com.cn/vbj-s/2021/0928/20210928174513702.jpg
詹天佑纪念馆,https://s.visitbeijing.com.cn/attraction/101638,纪念馆由瞻仰厅、序幕厅及3处陈列厅，展现了詹天佑从求学、投身铁路建设到抗清护路、拥护辛亥革命所走过的历程。,北京市延庆区八达岭旅游风景区内。,博物馆 | 特色游 | 登山 | 赏花 | 避暑,https://r1.visitbeijing.com.cn/vbj-s/2013/1119/20131119105241596.jpg
古木化石群,https://s.visitbeijing.com.cn/attraction/101635,据科学家考证，当地木化石产生于中侏罗纪晚期，距今已经历一亿三千万年的沧桑岁月。,北京市千家店镇下德龙湾村境内,博物馆 | 特色游 | 登山 | 踏青 | 赏花,https://r1.visitbeijing.com.cn/vbj-s/2012/1207/20121207034032406.jpg
妫河森林公园,https://s.visitbeijing.com.cn/attraction/101504,乘一叶小舟顺流而下，漂进如诗如画的艺术境界。8公里水路，犹如一条迂回宛约的绿色长廊，4道叠水激流白浪翻滚。,北京市延庆区妫河漂流总站,特色游 | 登山 | 垂钓 | 烧烤 | 踏青 | 赏花 | 漂流 | 避暑,https://r1.visitbeijing.com.cn/vbj-s/2016/0622/20160622094330539.jpg
康西草原,https://s.visitbeijing.com.cn/attraction/101423,每到夏季，绿草如茵，红花点点，有蒙古包，有牛、马、羊群，山、水、林、草融为一体，风景秀美，令人心旷神怡，是京郊难得的避暑胜地。,北京市延庆区康庄镇西侧,特色游 | 烧烤 | 踏青 | 赏花,https://r1.visitbeijing.com.cn/vbj-s/2015/0512/20150512050707800.jpg
夏都公园,https://s.visitbeijing.com.cn/attraction/101269,夏都公园是延庆县城综合生态保护区的核心，同时也是全国最大的主题雕塑公园，如果您热爱艺术这里值得您到此一游。,北京市延庆区湖北西路2号,休闲娱乐 | 特色游,https://r1.visitbeijing.com.cn/vbj-s/2012/1208/20121208032852815.jpg
榆林堡,https://s.visitbeijing.com.cn/attraction/101254,榆林堡是北京周边现存规模最大的古驿站遗址，要想体会古代那种关外的感觉可以来这里一试。,北京市延庆区西南部,特色游 | 登山,https://r1.visitbeijing.com.cn/vbj-s/2012/1208/20121208014805944.jpg
阳坊白虎涧,https://s.visitbeijing.com.cn/attraction/120972,白虎涧自然风景区位于昌平区阳坊镇境内，属太行山余脉。总面积460万平方米，最高峰850米，景区山峰错落林立，山体绵延宏伟，有“神岭千峰”之称，为著名的“燕平八景”之一。山峦无际，云海无边，石奇谷幽，万木峥嵘，是景区的奇异景色。,昌平区阳坊镇境内,休闲娱乐 | 登山 | 踏青 | 赏花 | 漂流 | 避暑 | 红叶 | 银杏,https://r1.visitbeijing.com.cn/vbj-s/2018/0605/20180605061034164.jpg
百川山庄,https://s.visitbeijing.com.cn/attraction/120758,百川山庄坐落于燕山山脉南山脚下，掩映于群山怀抱的浩瀚林海之中，占地500亩。林间长满各种野菜牧草。山庄以天然山林为依托，主要致力于畜禽峰养殖工作。,北京市昌平区流村镇上店村南侧,特色游 | 踏青 | 赏花,https://r1.visitbeijing.com.cn/vbj-s/2017/0808/20170808050743105.jpg
南环路大桥,https://s.visitbeijing.com.cn/attraction/120651,昌平南环路大桥位于南环路东段，跨越东沙河的滞洪区，其中主桥为双塔双索面自锚式悬索桥。,北京市昌平区南环路东段，跨越东沙河的滞洪区,特色游,https://r1.visitbeijing.com.cn/vbj-s/2017/0606/20170606035229509.jpg
云中阁景区,https://s.visitbeijing.com.cn/attraction/120599,云中阁景区位于北京市昌平区西部山区，属流村镇辖域。南距老峪沟1.9公里，东南距禾子涧3公里，与门头沟区、河北怀来县相毗邻，素有京师“西北门户”之称。,北京市昌平区流村镇老峪沟云中阁景区,特色游,https://r1.visitbeijing.com.cn/vbj-s/2017/0524/20170524054759238.jpg
昌平区流村镇北流果园,https://s.visitbeijing.com.cn/attraction/120110,地处太行山脉西段，位于昌平区西20公里处。果园始建于1964年,北京市昌平区流村镇北流村,休闲娱乐 | 采摘,https://r1.visitbeijing.com.cn/vbj-s/2017/0109/20170109021053279.jpg
崔村镇真顺果园,https://s.visitbeijing.com.cn/attraction/120109,,昌平区崔村镇真顺村,休闲娱乐 | 采摘,https://r1.visitbeijing.com.cn/vbj-s/2017/0109/20170109111854924.jpg
崔村镇大辛峰果园,https://s.visitbeijing.com.cn/attraction/120108,位于昌平卫星城东10公里，燕山山脉山前暖带的开阔地中，地下水资源丰富，土壤气候特别适宜果品生产,北京市昌平区崔村镇大辛峰村西,休闲娱乐 | 采摘,https://r1.visitbeijing.com.cn/vbj-s/2017/0105/20170105032546381.jpg
蟒山红苹果种植中心,https://s.visitbeijing.com.cn/attraction/120107,昌平蟒山红苹果采摘园 位于北京昌平十三陵风景区内,北京市昌平区南邵镇三合庄村,休闲娱乐 | 采摘,https://r1.visitbeijing.com.cn/vbj-s/2017/0105/20170105020818343.jpg
真顺红苹果乐园,https://s.visitbeijing.com.cn/attraction/120106,"北京真顺红苹果乐园位于北京市昌平区崔村镇真顺村,北依绵绵群山",北京市昌平区崔村镇真顺村,休闲娱乐 | 采摘,https://r1.visitbeijing.com.cn/vbj-s/2017/0105/20170105113244861.jpg
绿岛观光采摘园,https://s.visitbeijing.com.cn/attraction/120105,北京南口昌盛绿岛观光采摘园，位于昌平区西北部，距昌平城区5公里，紧靠八达岭高速公路，交通便利。,北京市昌平区南口镇陈庄村,休闲娱乐 | 采摘,https://r1.visitbeijing.com.cn/vbj-s/2017/0105/20170105112858168.jpg
兴寿镇桃林村果园,https://s.visitbeijing.com.cn/attraction/120104,"桃林村果园地处京密引水渠以北,燕山脚下",北京市昌平区桃林村北,休闲娱乐 | 采摘,https://r1.visitbeijing.com.cn/vbj-s/2017/0105/20170105112411519.jpg
绿园生态种植基地,https://s.visitbeijing.com.cn/attraction/120103,,昌平区十三陵神路东侧,休闲娱乐 | 采摘,https://r1.visitbeijing.com.cn/vbj-s/2017/0104/20170104030149792.jpg
御馨园种植中心,https://s.visitbeijing.com.cn/attraction/120102,,昌平区长陵镇献陵村村南,休闲娱乐 | 采摘,https://r1.visitbeijing.com.cn/vbj-s/2017/0104/20170104025716645.jpg
北京昌平香味葡萄园,https://s.visitbeijing.com.cn/attraction/120101,,昌平区马池口镇乃干屯村,休闲娱乐 | 采摘,https://r1.visitbeijing.com.cn/vbj-s/2017/0104/20170104025301370.jpg
昌平龙泽园种植园,https://s.visitbeijing.com.cn/attraction/120100,北京龙泽园种植园位于北京市昌平十三陵康陵园本园占地面积100余亩，是纯天然绿色食品，种植水果品种有樱桃,北京市昌平区十三陵康陵园,休闲娱乐 | 采摘,https://r1.visitbeijing.com.cn/vbj-s/2017/0104/20170104024301858.jpg
昌平区南邵镇何营果园,https://s.visitbeijing.com.cn/attraction/120099,,昌平区南邵镇何营村,休闲娱乐 | 采摘,https://r1.visitbeijing.com.cn/vbj-s/2017/0104/20170104105535514.jpg
十三陵·神路葡萄庄园,https://s.visitbeijing.com.cn/attraction/120097,,昌平区十三陵镇神路西,休闲娱乐 | 采摘,https://r1.visitbeijing.com.cn/vbj-s/2017/0103/20170103045359364.jpg
半塔郊野公园,https://s.visitbeijing.com.cn/attraction/120013,,昌平区东小口镇半截塔村,休闲娱乐,https://r1.visitbeijing.com.cn/vbj-s/2016/1213/20161213024550574.jpg
龙门店森林公园,https://s.visitbeijing.com.cn/attraction/120008,,怀柔区宝山镇,休闲娱乐 | 登山,https://r1.visitbeijing.com.cn/vbj-s/2016/1213/20161213112759379.jpg
北京华彬高尔夫俱乐部,https://s.visitbeijing.com.cn/attraction/119875,华彬庄园位于北京市昌平区，占地6400亩，踞长城、临燕山，为京城上风上水之贵地。,北京北京昌平区南口华彬庄园,休闲娱乐,https://r1.visitbeijing.com.cn/vbj-s/2016/1111/20161111034023592.jpg
关沟风景区,https://s.visitbeijing.com.cn/attraction/119770,关沟风景区是南口到八达岭之间的20公里长的峡谷。,南口镇与八达岭领口之间。,特色游,https://r1.visitbeijing.com.cn/vbj-s/2016/1025/20161025111914192.jpg
太平野郊公园,https://s.visitbeijing.com.cn/attraction/119758,太平郊野公园，占地1085亩，位于规划中轴路延长线以东，兰太路南侧，单村东侧。周边有太平家园、天通苑等大型社区。,昌平区东小口镇兰太路南侧,休闲娱乐,https://r1.visitbeijing.com.cn/vbj-s/2016/1020/20161020041020571.jpg
童话山庄,https://s.visitbeijing.com.cn/attraction/119749,童话山庄，位于昌平区南口镇大石坡旅游度假区内，在华彬庄园的西侧，或八达岭高速第17出口左转过桥右转至第一个红绿灯即到南口。,昌平南口镇大石坡旅游度假区内,特色游 | 踏青 | 赏花,https://r1.visitbeijing.com.cn/vbj-s/2016/1019/20161019043034963.jpg
桃峪口风景区,https://s.visitbeijing.com.cn/attraction/119747,桃峪口水库位于昌平东部与顺义交界的上苑乡，距北京市区40公里。,北京昌平上苑乡桃峪口村,休闲娱乐 | 特色游 | 红叶 | 银杏,https://r1.visitbeijing.com.cn/vbj-s/2016/1019/20161019042113182.jpg
静之湖森林公园,https://s.visitbeijing.com.cn/attraction/119737,北京静之湖度假酒店位于昌平区兴寿镇桃峪口市级度假区内，距市区仅28公里，沿京承高速路、京昌高速路、立汤快速路均可到达，交通便利。,北京市昌平区兴寿镇桃峪口,特色游 | 登山,https://r1.visitbeijing.com.cn/vbj-s/2016/1018/20161018114616639.jpg
长陵神功圣德碑,https://s.visitbeijing.com.cn/attraction/119734,长陵的神功圣德碑，规制为重檐歇山顶。“神功圣德”指的就是对帝王历史地位的评价。,明十三陵,特色游,https://r1.visitbeijing.com.cn/vbj-s/2016/1017/20161017052724286.jpg
大杨山国家森林公园,https://s.visitbeijing.com.cn/attraction/119732,北京大杨山国家森林公园位于昌平区东北部延寿镇境内，属燕山山脉，总面积达2106.5公顷，景区森林覆盖率90%以上，属北温带季风气候，距安定门40公里，是距市区最近的旅游风景区之一。,北京市昌平区东北部延寿镇境,踏青,https://r1.visitbeijing.com.cn/vbj-s/2016/1017/20161017034529132.jpg
拉斐特城堡公园,https://s.visitbeijing.com.cn/attraction/119694,北京拉斐特城堡公园坐落在昌平区北七家镇，位于北京的母亲河--温榆河上游。,昌平区北七家镇政府南侧,休闲娱乐,https://r1.visitbeijing.com.cn/vbj-s/2016/1009/20161009040624833.jpg
赛场公园,https://s.visitbeijing.com.cn/attraction/119680,赛场公园是进入昌平卫星城的第一个大型绿地。,综合体育馆西侧,休闲娱乐,https://r1.visitbeijing.com.cn/vbj-s/2016/0929/20160929023237255.png
宏福公园,https://s.visitbeijing.com.cn/attraction/119634,宏福公园位于温都水城东北方向一公里的地方，中心湖水面60余亩，水深1.8米，与7公里长的东、西护城河贯通。,王府街51号温都水城内,休闲娱乐,https://r1.visitbeijing.com.cn/vbj-s/2016/0919/20160919034429561.png
回龙园公园,https://s.visitbeijing.com.cn/attraction/119633,回龙园公园是回龙观文化居住区的一座配套公园，总面积有9.7万多平方米，是附近丽龙园、云趣园、风雅园等几个小区居民的健身休闲场所。,北京市昌平区回龙观镇风雅园二区1号,休闲娱乐,https://r1.visitbeijing.com.cn/vbj-s/2016/0919/20160919033555346.png
朝宗桥公园,https://s.visitbeijing.com.cn/attraction/119611,朝宗桥又名沙河北大桥。位于昌平县城南10公里、沙河镇北0.5公里。朝宗桥为七孔石桥。,位于昌平县城南10公里,休闲娱乐,https://r1.visitbeijing.com.cn/vbj-s/2016/0909/20160909041158282.jpg
沙河闸湿地公园,https://s.visitbeijing.com.cn/attraction/119608,昌平温榆河与沙河水库交汇湿地公园------沙河闸湿地公园位于昌平区温榆河与沙河水库交汇处，以展示湿地水质净化能力和旅游休闲功能为主。,昌平区温榆河与沙河水库交汇处,休闲娱乐,https://r1.visitbeijing.com.cn/vbj-s/2016/0909/20160909032626381.jpg
白浮泉湿地公园,https://s.visitbeijing.com.cn/attraction/119602,白浮泉湿地公园占地398公顷，几乎是朝阳公园、颐和园的1.5倍，是京北最大的城市公园。,南丰路(近南环路),休闲娱乐,https://r1.visitbeijing.com.cn/vbj-s/2016/0908/20160908030824732.jpg
东小口森林公园,https://s.visitbeijing.com.cn/attraction/119568,东小口森林公园位于北京市昌平区，紧挨着清河湾高尔夫练习场和东升文体公园，其南边就是奥林匹克森林公园。,北京市昌平区立军路西口,休闲娱乐,https://r1.visitbeijing.com.cn/vbj-s/2016/0901/20160901035049972.jpg
太平郊野公园,https://s.visitbeijing.com.cn/attraction/119562,太平郊野公园，占地1085亩，位于规划中轴路延长线以东，兰太路南侧，单村东侧。周边有太平家园、天通苑等大型社区。,北京市昌平区太平庄中街路南,休闲娱乐 | 特色游 | 踏青 | 赏花,https://r1.visitbeijing.com.cn/vbj-s/2016/0831/20160831053725810.jpg
昌平新城滨河森林公园,https://s.visitbeijing.com.cn/attraction/119561,万亩滨河森林公园，北起十三陵水库，南至京密引水渠，占地398公顷。,北京市昌平区,休闲娱乐 | 特色游 | 踏青 | 赏花,https://r1.visitbeijing.com.cn/vbj-s/2016/0831/20160831052610764.jpg
昌平印象山庄,https://s.visitbeijing.com.cn/attraction/119560,昌平印象山庄(阿尔卑斯小镇)青山绿野，曲径通幽，在蓝天白云的衬托和群山的环绕下，让人仿佛走入了图画中隐蔽的桃花源。,北京市昌平区长陵镇燕子口村26号,特色游 | 避暑,https://r1.visitbeijing.com.cn/vbj-s/2016/0831/20160831051228315.jpg
北京东方硕果采摘园,https://s.visitbeijing.com.cn/attraction/119310,定期大量向固定企业提供新鲜蔬菜、为百姓提供田园乐——开心农场出租（代理）、新鲜蔬果采摘、休闲垂钓等等。,北京市昌平区兴寿镇东庄村东,特色游 | 采摘 | 垂钓,https://r1.visitbeijing.com.cn/vbj-s/2016/0802/20160802025926610.jpg
亲农耕农业体验园,https://s.visitbeijing.com.cn/attraction/119109,北农-亲农耕农业体验园创建于2008年，位于北京市昌平区马池口镇亭自庄村西，南接百葛路，西靠温南路，距北京市北六环西端1公里,北京市昌平区马池口镇亭子庄北农科技园,特色游 | 采摘 | 踏青 | 赏花 | 避暑,https://r1.visitbeijing.com.cn/vbj-s/2016/0719/20160719025634568.jpg
凤山温泉度假村,https://s.visitbeijing.com.cn/attraction/119067,凤山温泉24小时全天开放。其中21000平米温泉乐园拥有72种独具特色的温泉浴池，储存于3800米深的侏罗纪白云岩温泉水，富含对人体有益的钙、镁、铁、钾、钠、氟等各种微量元素及矿物质，具有良好的保健功效。,北京市昌平区蟒山路10号,特色游 | 温泉 | 滑雪,https://r1.visitbeijing.com.cn/vbj-s/2016/0714/20160714024954260.jpg
北京奥林狩猎俱乐部,https://s.visitbeijing.com.cn/attraction/119024,奥林狩猎庄园场引进意大利贝雷塔、德国西格绍尔p226、瑞士哈默利手枪;德国瓦尔特、美国鲁格、英国三枪步枪;您可以充分体验速射手枪与超精准步枪给您带来的暴爽感觉。,昌平区十三陵镇西山口村东,踏青 | 赏花,https://r1.visitbeijing.com.cn/vbj-s/2016/0705/20160705015043926.jpg
香堂文化新村,https://s.visitbeijing.com.cn/attraction/119006,香堂文化新村位于正北方向与天安门、故宫在同一轴线上。 距市中心约50公里。在建设社会主义新农村的历程中， 香堂村经过十几年的艰苦奋斗，发展创新。,,特色游 | 踏青 | 赏花 | 漂流 | 避暑,https://r1.visitbeijing.com.cn/vbj-s/2016/0620/20160620114845254.png
奥林射击场,https://s.visitbeijing.com.cn/attraction/118563,奥林狩猎俱乐部射击庄园，简称奥林射击庄园，归属于北京奥林狩猎俱乐部有限公司射击场，是北京市面积最大、设施最完善、生态保留最为完整的狩猎场。,北京市昌平区北十三陵镇西山口村东奥林射击场,特色游,https://r1.visitbeijing.com.cn/vbj-s/2016/0331/20160331120628421.jpg
桃花仙谷,https://s.visitbeijing.com.cn/attraction/118552,在地处燕山腹地的昌平区北部山区延寿镇，一条蜿蜒曲折的盘山公路串起沿途古朴宁静的村落，也是著名的桃花一条沟。,昌平区北部山区延寿镇,登山 | 踏青 | 赏花,https://r1.visitbeijing.com.cn/vbj-s/2016/0320/20160320031154633.jpg
亢山公园,https://s.visitbeijing.com.cn/attraction/118442,布局为开阔铺装、大体量的草坪和色带曲线及大规格的树木种植，有音乐旱喷、浮雕、下陷舞池、健身广场等多个景观景点。,北京市昌平区亢山路东侧,休闲娱乐,https://r1.visitbeijing.com.cn/vbj-s/2015/0911/20150911044701314.jpg
北京红栌温泉山庄,https://s.visitbeijing.com.cn/attraction/118383,,北京昌平区小汤山镇讲礼村西16号 ，近秦上路讲礼桥,温泉 | 滑雪,https://r1.visitbeijing.com.cn/vbj-s/2015/0825/20150825040244432.jpg
十三陵·神路,https://s.visitbeijing.com.cn/attraction/118373,十三陵神道，即长陵神道，是长陵陵寝建筑的前导部分，依次建有石牌坊、三空桥、大红门等等。,十三陵特区办事处,遗产古迹,https://r1.visitbeijing.com.cn/vbj-s/2016/1122/20161122043547853.jpg
北京军都旅游度假村,https://s.visitbeijing.com.cn/attraction/118367,军都旅游度假村为三星级度假酒店，青山环抱，绿水相依，风景秀丽，空气清新。,北京昌平区水库路12号,温泉 | 滑雪,https://r1.visitbeijing.com.cn/vbj-s/2015/0821/20150821043246955.jpg
天翼桃花草莓采摘园,https://s.visitbeijing.com.cn/attraction/118354,天翼桃花草莓采摘园园区拥有1600栋日光温室，已经获得绿色认证。,北京市昌平区兴寿镇兴寿村南 昌金路与旧安四路交叉口往北200米,特色游 | 采摘,https://r1.visitbeijing.com.cn/vbj-s/2015/0819/20150819031555159.jpg
华彬庄园,https://s.visitbeijing.com.cn/attraction/118329,华彬庄园毗邻长城，占地面积约为4.5平方公里，拥有“世纪球王”杰克•尼克劳斯设计的54洞高尔夫球场,中国北京市昌平区南口镇华彬庄园,休闲娱乐 | 特色游,https://r1.visitbeijing.com.cn/vbj-s/2016/1123/20161123041724212.jpg
静之湖滑雪场,https://s.visitbeijing.com.cn/attraction/118293,北京静之湖度假酒店滑雪场坐落于昌平区兴寿镇桃峪口，毗邻桃峪口水库的静之湖度假酒店滑雪场，三面环山。,北京市昌平区兴寿镇,特色游 | 温泉 | 滑雪,https://r1.visitbeijing.com.cn/vbj-s/2016/1118/20161118044507710.jpg
苹果主题公园,https://s.visitbeijing.com.cn/attraction/118276,公园因地制宜，充分发挥现状优势，通过园林、园艺手段，创造以苹果为主题的，新颖、具有时代感的园林景观。,北京市昌平区十三陵镇七孔桥东,休闲娱乐 | 特色游 | 采摘,https://r1.visitbeijing.com.cn/vbj-s/2013/0510/20130510022121320.jpg
天星种植园草莓采摘园,https://s.visitbeijing.com.cn/attraction/118270,离亚运村20公里交通方便，北侧是巍巍的燕山支脉，边上京密引水渠流水潺潺，风景秀美，是您周末郊区旅游度假的好去处,北京北京市昌平区兴寿镇辛庄村,特色游 | 采摘,https://r1.visitbeijing.com.cn/vbj-s/2013/0508/20130508031115777.jpg
昌居园度假村,https://s.visitbeijing.com.cn/attraction/118263,京北40公里著名景区居庸关长城脚下，枕居庸叠翠，踏第一雄关，揽碧绿青山，擎蓝天白云,北京市昌平区平区南口镇居庸关九仙庙村(近居庸关长城),特色游 | 采摘 | 垂钓 | 烧烤,https://r1.visitbeijing.com.cn/vbj-s/2013/0507/20130507110804750.jpg
北京昌平香味葡萄园,https://s.visitbeijing.com.cn/attraction/118260,葡萄颜色有红色、白色(黄白色)、紫黑色、粉红色等多种颜色,北京市昌平区马池口镇乃干屯村,特色游 | 采摘,https://r1.visitbeijing.com.cn/vbj-s/2016/1123/20161123034808691.jpg
老张头葡萄园,https://s.visitbeijing.com.cn/attraction/118247,老张头葡萄园已初具规模，成为以葡萄为主，兼营各类果品与菜蔬的果蔬基地,北京市昌平区兴寿镇兴寿村南100米,特色游 | 采摘 | 烧烤,https://r1.visitbeijing.com.cn/vbj-s/2013/0503/20130503103809614.jpg
南口观光采摘果园,https://s.visitbeijing.com.cn/attraction/118241,在北方竟然也能采摘到南方的热带水果，喜悦之情只能用欣喜来形容了。,北京市昌平区南口镇南部,采摘 | 踏青,https://r1.visitbeijing.com.cn/vbj-s/2013/0503/20130503091149954.jpg
昌平公园,https://s.visitbeijing.com.cn/attraction/118209,园西茂林覆丘，以树取胜，四时成荫，湖东繁卉为圃，以(谷)添美，三季飘香。,昌平区鼓楼南街28号,休闲娱乐 | 特色游 | 踏青 | 赏花,https://r1.visitbeijing.com.cn/vbj-s/2013/0418/20130418052546141.jpg
南口公园,https://s.visitbeijing.com.cn/attraction/118208,该公园从1989年开始规划，主要景点于1992年开始建设，经过不断的建设和完善，已初具规模，供游人游览欣赏，丰富了广大人民群众的业余生活。,昌平区南口西大桥西侧,休闲娱乐 | 踏青 | 赏花,https://r1.visitbeijing.com.cn/vbj-s/2013/0418/20130418042802721.jpg
居庸关长城博物馆,https://s.visitbeijing.com.cn/attraction/118174,该博物馆是展示长城文化、宗教文化、军事文化和山水文化的一个绝佳窗口,昌平西北太行山脉军都山地，距北京市区50公里,博物馆 | 特色游,https://r1.visitbeijing.com.cn/vbj-s/2021/0924/20210924175324642.jpg
北京御生堂中医药博物馆,https://s.visitbeijing.com.cn/attraction/118171,是一个集中国老药铺历史文物、药械药具、医案医书和中药标本收集整理为一体的中医药博物馆。,北京市昌平区北七家镇王府公寓2-35号,博物馆 | 特色游,https://r1.visitbeijing.com.cn/vbj-s/2013/0410/20130410092236592.jpg
老甲艺术馆,https://s.visitbeijing.com.cn/attraction/118164,"走进老甲艺术馆,一片宽阔的草地天然的怪石伴着鸟语花香先向人昭示了这是一片艺术的净土,馆外以及展厅前的大型浮雕更透着浓浓的大写意的味道",北京昌平霍营,博物馆 | 特色游,https://r1.visitbeijing.com.cn/vbj-s/2015/1119/20151119050556481.jpg
永安公园,https://s.visitbeijing.com.cn/attraction/118027,"昌平区永安公园位于昌平城北街道办事处西关城角村，南至南环路,北至昌平区体育局,东至西环路,西至八达岭高速路东辅路。",北京市昌平区南环路北侧,休闲娱乐 | 特色游 | 踏青,https://r1.visitbeijing.com.cn/vbj-s/2012/1228/20121228023545353.jpg
北京昭陵博物馆,https://s.visitbeijing.com.cn/attraction/117970,和定陵和长陵相比，昭陵看起来并没有太多的特色，这里最大的特点就是幽静。,昌平区长陵镇昭陵村,博物馆 | 特色游,https://r1.visitbeijing.com.cn/vbj-s/2012/1207/20121207013304448.jpg
定陵博物馆,https://s.visitbeijing.com.cn/attraction/117966,作为王陵他气势恢宏，入口神兽两排一一站立，东西虽多，但很多都是仿制品，反而外面的庭院更有观赏性。,北京市昌平区境内天寿山南麓,博物馆 | 特色游,https://r1.visitbeijing.com.cn/vbj-s/2012/1206/20121206055239731.jpg
十三陵·长陵,https://s.visitbeijing.com.cn/attraction/117963,长陵为明十三陵之首，风水宝地，修建的也大气，工艺考究、是原建筑保护最完整的一处墓园。,北京市昌平区天寿山麓,博物馆 | 遗产古迹 | 特色游 | 踏青,https://r1.visitbeijing.com.cn/vbj-s/2019/0815/20190815040448638.jpg
双龙山森林公园,https://s.visitbeijing.com.cn/attraction/117880,自然生态环境优越，森林繁茂，瓜果飘香，奇花异草，腾萝伞盖，百米荫棚，峻峰、怪石，又有古边墙遗迹尚存，有着浓郁的“野趣”。,北京市昌平区十三陵镇锥臼峪村双龙山风景区,休闲娱乐 | 特色游 | 登山 | 烧烤 | 踏青 | 赏花 | 避暑,https://r1.visitbeijing.com.cn/vbj-s/2012/1208/20121208111118466.jpg
十三陵·碓臼峪自然风景区,https://s.visitbeijing.com.cn/attraction/117732,遍布奇花、异草、峻峰、怪石，有着浓郁的“野趣”，保持着众多的自然景观。,北京市昌平区长陵镇境内,特色游 | 登山 | 垂钓 | 烧烤 | 踏青 | 赏花 | 避暑,https://r1.visitbeijing.com.cn/vbj-s/2012/1208/20121208033602525.jpg
北京拉斐特城堡酒店,https://s.visitbeijing.com.cn/attraction/117711,原生态浪漫，巴洛克风情，超五星享受！巴菲特、比尔盖茨的共同选择！世界五十大私人城堡之一，最浪漫家外之家！,北京市昌平区北七家镇,特色游 | 温泉 | 滑雪,https://r1.visitbeijing.com.cn/vbj-s/2012/1208/20121208030446823.jpg
英达生态园温泉度假村,https://s.visitbeijing.com.cn/attraction/117333,室内外温泉区共60多个风格各异、功能不同的温泉池。,北京市昌平区小汤山镇阿苏卫村,特色游 | 温泉,https://r1.visitbeijing.com.cn/vbj-s/2012/1208/20121208022059884.jpg
温都水城,https://s.visitbeijing.com.cn/attraction/117332,这里有一个关于水的故事，这里有一个关于水的文化，这里是关于水的一个度假胜地！,北京市昌平区北七家镇王府街55号,特色游 | 温泉 | 滑雪,https://r1.visitbeijing.com.cn/vbj-s/2015/1224/20151224052845868.jpg
九华山庄温泉度假村,https://s.visitbeijing.com.cn/attraction/117321,神仙池水，帝王享受！,北京市昌平区小汤山镇,特色游 | 红叶 | 银杏 | 温泉 | 滑雪,https://r1.visitbeijing.com.cn/vbj-s/2012/1208/20121208021117142.jpg
北京雪世界滑雪场,https://s.visitbeijing.com.cn/attraction/117310,刺激的雪地摩托车道，老少皆宜的雪上飞碟道，风情浪漫的狗、马拉雪撬道，儿童游乐天地戏冰园，戏雪园。,北京市昌平区十三陵镇小宫门,特色游 | 温泉 | 滑雪,https://r1.visitbeijing.com.cn/vbj-s/2012/1208/20121208014850689.jpg
北京军都山滑雪场,https://s.visitbeijing.com.cn/attraction/117306,优越的地理位置，使自驾车者仅40分钟后，就能转换角色，游走于白天与夜晚的浪漫交替中。,北京市昌平区崔村镇真顺村588号,特色游 | 温泉 | 滑雪,https://r1.visitbeijing.com.cn/vbj-s/2016/1118/20161118042631553.jpg
菩萨山风景区,https://s.visitbeijing.com.cn/attraction/101297,古木参天，奇花异草遍野，果树珍品漫山，环境清幽静谧所以人称“北方小桂林”。,北京昌平区流村镇菩萨鹿,特色游 | 登山 | 踏青,https://r1.visitbeijing.com.cn/vbj-s/2012/1207/20121207095242530.jpg
沟崖自然风景区,https://s.visitbeijing.com.cn/attraction/101283,沟中有崖、崖下有沟、沟沟相通、崖崖相望，以山高、景美、路险、庙多为特色，同时也是著名的道教圣地。,北京市昌平区十三陵德胜口水库旁,登山 | 踏青 | 赏花,https://r1.visitbeijing.com.cn/vbj-s/2012/1207/20121207103121105.jpg
十三陵水库,https://s.visitbeijing.com.cn/attraction/101277,毛主席号召建设的水库并由毛主席亲自提词，可以从这个建筑上看出属于那个年代的特色，现在则是郊游的好去处。,北京市昌平区境内十三陵东南方,特色游 | 登山 | 垂钓 | 踏青,https://r1.visitbeijing.com.cn/vbj-s/2016/1123/20161123051022899.jpg
长峪城,https://s.visitbeijing.com.cn/attraction/101255,长峪城麻雀虽小五脏俱全，各色庙宇一应俱全，旧城内有佛殿及娘娘庙，庙内有钟、鼓楼。新城内有关帝庙、菩萨庙各一座。,北京市昌平区流村镇长峪城(近禾子涧路),遗产古迹 | 登山,https://r1.visitbeijing.com.cn/vbj-s/2012/1208/20121208020124699.jpg
居庸关关城云台,https://s.visitbeijing.com.cn/attraction/101252,居庸关关城云台原是居庸关城的一座过街塔的座子，位于关城中心，因其地势险要，位列三关之首，为历代兵家必争之地。,北京市昌平区南口镇居庸关,遗产古迹 | 登山,https://r1.visitbeijing.com.cn/vbj-s/2012/1208/20121208013248528.jpg
篱苑书屋,https://s.visitbeijing.com.cn/attraction/120496,“篱苑书屋”位于位于北京郊区的怀柔小镇接近群山的地方，提供舒适静谧的阅读空间,北京市怀柔区雁栖镇智慧谷,休闲娱乐 | 特色游 | 踏青 | 避暑,https://r1.visitbeijing.com.cn/vbj-s/2017/0518/20170518095051525.jpg
琦峰山国家森林公园,https://s.visitbeijing.com.cn/attraction/120004,,北京崎峰山国家森林公园,休闲娱乐 | 登山,https://r1.visitbeijing.com.cn/vbj-s/2016/1212/20161212023431296.jpg
八旗文化广场,https://s.visitbeijing.com.cn/attraction/120000,,喇叭沟门村中心,休闲娱乐,https://r1.visitbeijing.com.cn/vbj-s/2016/1209/20161209035541991.jpg
板栗公园,https://s.visitbeijing.com.cn/attraction/119998,,九渡河镇二道关村,休闲娱乐,https://r1.visitbeijing.com.cn/vbj-s/2016/1209/20161209030703194.jpg
小龙山公园,https://s.visitbeijing.com.cn/attraction/119997,公园是借助村西小龙山为依托。铺草坪2000平方米。中间有步道、座椅、用石子水泥修300米长的上山下山走道,北京市怀柔区桥梓镇北宅村西,休闲娱乐,https://r1.visitbeijing.com.cn/vbj-s/2016/1209/20161209023617619.jpg
梧桐岭风景区,https://s.visitbeijing.com.cn/attraction/119963,梧桐岭风景区坐落于京郊怀柔境内，距北京仅70公里。景区内山明水秀，南倚“北京小黄山”云蒙山，斜靠幽谷神潭，北衔龙潭涧、京北第一瀑，在这自成一线的旅行群体中,北京市怀柔县琉璃庙乡柏查子村,登山,https://r1.visitbeijing.com.cn/vbj-s/2016/1130/20161130113430563.jpg
银河谷市级森林公园,https://s.visitbeijing.com.cn/attraction/119916,北京市银河谷市级森林公园位于北京市怀柔区汤河口镇庄户沟流域内,北京市怀柔区汤河口镇西一公里,休闲娱乐,https://r1.visitbeijing.com.cn/vbj-s/2016/1118/20161118024134447.jpg
琉璃庙湿地公园,https://s.visitbeijing.com.cn/attraction/119696,琉璃庙镇成功打造了白河湾沟域经济产业带，并凭借白河、琉璃河沿线丰富的湿地水资源..,怀柔区北部深山区，距城区45公里,休闲娱乐 | 特色游 | 踏青 | 赏花 | 避暑,https://r1.visitbeijing.com.cn/vbj-s/2016/1010/20161010112225271.jpg
鹿世界主题园景区,https://s.visitbeijing.com.cn/attraction/119652,主题园的规划设计以“注重自然、突出鹿文化、引导参与、科普教育、养鹿富民”为理念。,北京市怀柔区杨宋镇北晨路9号,休闲娱乐,https://r1.visitbeijing.com.cn/vbj-s/2016/0922/20160922021911194.png
愉然原始部落游乐园,https://s.visitbeijing.com.cn/attraction/119586,愉然原始部落游乐园位于北京怀柔区三渡河村，距县城12公里。园区占地千余亩，依山傍水，气候宜人。,北京怀柔区三渡河村,休闲娱乐 | 特色游 | 踏青 | 赏花,https://r1.visitbeijing.com.cn/vbj-s/2016/0906/20160906113744254.jpg
北京乡间情趣园,https://s.visitbeijing.com.cn/attraction/119584,乡间情趣园怀柔位于县城北六千米的雁栖镇范各庄村，占地75公顷。,雁栖镇范各庄村,休闲娱乐 | 特色游 | 登山 | 采摘 | 踏青 | 赏花,https://r1.visitbeijing.com.cn/vbj-s/2016/0905/20160905041628954.jpg
大榛峪长城,https://s.visitbeijing.com.cn/attraction/119518,大榛峪位于怀柔渤海镇的北面、响水湖风景区的门口，总面积18平方公里，其中山林面积11500亩，是集长城、古洞、山川、泉潭、飞瀑于一体的天然锦秀谷。,北京市怀柔区渤海镇的北面、响水湖风景区的门口,遗产古迹 | 特色游 | 踏青 | 赏花,https://r1.visitbeijing.com.cn/vbj-s/2021/0924/20210924170610181.jpg
东方普罗旺斯薰衣草庄园,https://s.visitbeijing.com.cn/attraction/119456,东方普罗旺斯薰衣草庄园种植大面积薰衣草，再现大片浪漫花海，以达到情感上的共鸣，给游客带来愉悦放松、释放自我、寻找浪漫的感受。,北京市怀柔区青春路北环岛向西500米。,休闲娱乐 | 特色游 | 踏青 | 赏花,https://r1.visitbeijing.com.cn/vbj-s/2016/0818/20160818103230778.png
中影基地,https://s.visitbeijing.com.cn/attraction/119443,中国电影集团公司(简称“中影集团”)是经国务院批准，于1999年由原中国电影公司、北京电影制片厂、中国儿童电影制片厂、中国电影合作制片公司、中国电影器材公司、电影卫星频道节目中心、北京电影洗印录像技术厂、华韵影视光盘有限责任公司等8家单位组成，是以影视产业为依托，多种产业综合发展的国内一流的大型电影集团。,北京市怀柔区杨宋镇凤和一园8号,休闲娱乐 | 特色游 | 踏青 | 赏花,https://r1.visitbeijing.com.cn/vbj-s/2016/0816/20160816034304702.png
京螺山庄,https://s.visitbeijing.com.cn/attraction/119442,红螺基地京螺山庄山清水秀，坏境优美，是一家集餐饮住宿，娱乐会议，真人CS野战对抗，拓展培训为一体的大型度假村，还有好玩的篝火晚会。,北京市怀柔区怀柔镇红螺路,休闲娱乐 | 特色游 | 采摘 | 烧烤 | 踏青 | 赏花 | 漂流 | 避暑,https://r1.visitbeijing.com.cn/vbj-s/2016/0816/20160816032417268.png
北京摩崖石刻自然风景区,https://s.visitbeijing.com.cn/attraction/119298,是集历史仿古、摩崖石刻、山水生态 酒店服务为一体的自然风景区。,北京市怀柔区渤海镇龙泉庄118号,登山,https://r1.visitbeijing.com.cn/vbj-s/2016/0801/20160801052907793.jpg
凯创牡丹园,https://s.visitbeijing.com.cn/attraction/119196,凯创牡丹园是北方最大的集牡丹、芍药于一体的观赏园区。,北京市怀柔区怀柔镇卢庄村北红螺东路2号红螺寺内,踏青 | 赏花,https://r1.visitbeijing.com.cn/vbj-s/2016/0725/20160725113445411.png
皇后镇休闲度假区,https://s.visitbeijing.com.cn/attraction/119017,皇后镇休闲度假社区位于怀柔区雁栖镇北湾村，距下庄路口往北40公里处;社区规划总用地18.42公顷，总建筑面积约为10万㎡。,北京市怀柔区雁栖镇北湾村西100米,特色游 | 烧烤 | 踏青 | 赏花 | 漂流 | 避暑,https://r1.visitbeijing.com.cn/vbj-s/2016/0704/20160704102917358.jpg
北京雁栖湖国际会展中心,https://s.visitbeijing.com.cn/attraction/118633,北京雁栖湖国际会展中心是集会议、展览、餐饮、酒店、综合配套服务于一体的综合型会展场馆。,北京市怀柔区雁栖湖西路16号院,休闲娱乐 | 特色游,https://r1.visitbeijing.com.cn/vbj-s/2016/0418/20160418022002760.jpg
城南公园,https://s.visitbeijing.com.cn/attraction/118441,绿化以中国古典园林与欧式造园艺术相结合，铺种大面积草坪和植物色块，配植各种宿根花卉造型，草坪上点缀雕塑小品。,怀柔区迎宾路南延线,休闲娱乐,https://r1.visitbeijing.com.cn/vbj-s/2015/0911/20150911043326944.jpg
迎宾环岛公园,https://s.visitbeijing.com.cn/attraction/118440,绿化以中国古典园林与欧式造园艺术相结合，铺种大面积草坪和植物色块，配植各种宿根花卉造型，草坪上点缀雕塑小品。,怀柔区迎宾南环岛东南角,休闲娱乐,https://r1.visitbeijing.com.cn/vbj-s/2015/0911/20150911041931667.jpg
蓝天牧场,https://s.visitbeijing.com.cn/attraction/118391,蓝天牧场富有趣味性、互动性、竞技性和实效性，挑战心灵、回归自然，是团队建设、亲友聚会、家庭周游的好去处。,北京市怀柔区雁栖镇北台上村西,特色游,https://r1.visitbeijing.com.cn/vbj-s/2015/0906/20150906024347123.jpg
京北第一漂,https://s.visitbeijing.com.cn/attraction/118377,漂流最有名的地段是北京的“雅鲁藏布大峡谷”，这里漂流的感觉，如是著名的三峡之行。,北京市怀柔区琉璃庙镇东峪村云梦仙境自然风景区龙潭涧景区。,登山 | 漂流 | 避暑,https://r1.visitbeijing.com.cn/vbj-s/2015/0824/20150824045328184.jpg
灵慧山旅游风景区,https://s.visitbeijing.com.cn/attraction/118304,灵慧山旅游风景区，有“寂静山乡、佛门净土，世外仙境、梦幻天堂”之美誉。是您远离城市喧嚣，回归山野田园，寻幽览胜探古，怡情益智，参禅礼佛的首选之地,北京市怀柔区怀柔镇甘涧峪村,登山,https://r1.visitbeijing.com.cn/vbj-s/2016/0320/20160320054503194.jpg
凤山百果园,https://s.visitbeijing.com.cn/attraction/118258,既有特色名果尜尜枣，又有受人喜爱的树莓、草莓、北山大扁杏仁和纸皮核桃等干鲜果品,北京市怀柔区桥梓镇,休闲娱乐 | 特色游 | 采摘 | 踏青,https://r1.visitbeijing.com.cn/vbj-s/2013/0506/20130506110646690.jpg
第四次世界妇女大会纪念公园,https://s.visitbeijing.com.cn/attraction/118207,公园设计坚持“以人为本，以绿为主，以水为线，以史为魂”的指导思想。,怀柔区城南石厂环岛处(近916在国际会议中心站),休闲娱乐 | 踏青 | 赏花,https://r1.visitbeijing.com.cn/vbj-s/2013/0418/20130418033002701.jpg
五龙潭原始森林景区,https://s.visitbeijing.com.cn/attraction/118124,因受高海拔和森林气候的影响，夏季气候清凉，北京周边自驾游，逃离了城市的喧嚣和烦躁，充分享受夏季“拥被而眠”的惬意,北京市怀柔区喇叭沟门满族乡孙栅子村西,特色游 | 登山 | 踏青 | 赏花,https://r1.visitbeijing.com.cn/vbj-s/2013/0321/20130321030722598.jpg
北京鳞龙山自然风景区,https://s.visitbeijing.com.cn/attraction/118123,鳞龙山峰崖高耸，花岗岩石林挺拔壮观，堪称华北一绝。也是攀岩活动的最佳场所。,九渡河镇二道关村二一三市道,特色游 | 登山 | 踏青 | 赏花,https://r1.visitbeijing.com.cn/vbj-s/2013/0321/20130321020058302.jpg
国家中影数字制作基地,https://s.visitbeijing.com.cn/attraction/118122,一个以影视前后期制作为核心，将影视拍摄、声音录制、数字制作、动漫、设备租赁、光盘生产等众多种功能融为一体的电影生产工厂。,北京市怀柔区杨宋镇凤和一园8号,特色游,https://r1.visitbeijing.com.cn/vbj-s/2013/0321/20130321113710665.jpg
星美今晟影视城景区,https://s.visitbeijing.com.cn/attraction/118121,星美今晟影视城紧邻中影基地，据介绍是我国北方最大的影视制作基地，近千余部影视剧曾在这里拍摄,北京市怀柔区杨宋镇凤祥二园一号,休闲娱乐 | 特色游,https://r1.visitbeijing.com.cn/vbj-s/2013/0321/20130321102454388.jpg
北京红螺湖鸟岛,https://s.visitbeijing.com.cn/attraction/118120,以各种珍惜鸟类观赏为主要内容；以休闲、环保、科普、康体为主题；以参与、趣味、吃、住、玩为特色的旅游度假休闲场所。,北京市怀柔区红螺路红螺湖鸟岛,特色游 | 登山 | 垂钓 | 踏青 | 赏花,https://r1.visitbeijing.com.cn/vbj-s/2013/0320/20130320054718518.jpg
北京老爷车博物馆,https://s.visitbeijing.com.cn/attraction/118118,北京老爷车博物馆位于扬宋镇的北京老爷车博物馆是一家私人独资汽车博物馆，也是迄今为止全球唯一一家以中国国产品牌汽车为主要藏品的博物馆。,北京市怀柔区杨宋镇凤翔一园19号,博物馆 | 特色游,https://r1.visitbeijing.com.cn/vbj-s/2013/0320/20130320040706747.jpg
湖景水上乐园,https://s.visitbeijing.com.cn/attraction/118117,湖景水上乐园的建筑设计及装修全部以加勒比风格为主线，匠心独具，使整个乐园充满了热带风情。水质优良是乐园的一大特征。,北京市 怀柔区雁栖镇泉水头118号,休闲娱乐 | 特色游 | 漂流 | 避暑,https://r1.visitbeijing.com.cn/vbj-s/2013/0320/20130320032022868.jpg
北京紫云山,https://s.visitbeijing.com.cn/attraction/118116,泥土与绿草的芬芳带你走进春天的世界，沿途各种各样叫不出名字的野花扑面而来，在雾气蒙蒙的林间隐隐显露出的是一座座秀美的山峰。,近郊怀柔城北20公里处怀北镇椴树岭村,特色游 | 登山 | 踏青 | 赏花,https://r1.visitbeijing.com.cn/vbj-s/2013/0320/20130320023202439.jpg
北京怀柔水库,https://s.visitbeijing.com.cn/attraction/118066,山清水秀的怀柔水库于1958年建成。坐落在怀柔城西侧，群山环抱，拥有万亩水面，库容9670万立方米。,北京市怀柔城西侧,垂钓 | 踏青 | 赏花,https://r1.visitbeijing.com.cn/vbj-s/2013/0107/20130107092949372.jpg
北京鹅和鸭农庄风景区,https://s.visitbeijing.com.cn/attraction/118006,与大自然的零距离接触，呼吸清新的空气，树荫下的康体活动，夜间的篝火、卡拉OK、现场乐队……。,北京市怀柔区桥梓镇北宅村南,休闲娱乐 | 特色游 | 采摘 | 烧烤,https://r1.visitbeijing.com.cn/vbj-s/2015/0730/20150730031324124.jpg
崎峰山国家森林公园,https://s.visitbeijing.com.cn/attraction/117981,巍巍山川延续着千年的山是灵气，梦幻般掩映着这多变山川的秀、丽、奇、险，如重彩泼墨，云蒸霞绕。,北京市怀柔区琉璃庙镇,休闲娱乐 | 特色游 | 登山 | 踏青 | 赏花,https://r1.visitbeijing.com.cn/vbj-s/2012/1207/20121207035241736.jpg
飞腾影视城,https://s.visitbeijing.com.cn/attraction/117960,《大宅门》、《铁齿铜牙纪晓岚》等100多部影视剧曾在这里拍摄，影视界明星是这里的常客。,怀柔区杨宋镇怀杨路凤和一园9号(雁栖河桥),特色游,https://r1.visitbeijing.com.cn/vbj-s/2012/1207/20121207055556660.jpg
红螺慧缘谷,https://s.visitbeijing.com.cn/attraction/117959,景区适合休闲游，台阶路居多，大人小孩都可以游玩，景区主要以庵和寺为主，是静修的地方，很安静。,怀柔区甘涧峪村(近圣泉寺风景区),特色游 | 登山 | 踏青 | 赏花 | 避暑,https://r1.visitbeijing.com.cn/vbj-s/2012/1207/20121207054336779.jpg
天池峡谷风景区,https://s.visitbeijing.com.cn/attraction/117958,天池峡谷三季有花，四季有景。春赏山花浪漫，夏观飞瀑流泉，秋采果实累累，冬觅冰瀑神奇。,北京市怀柔区怀北镇上黄土梁48号,特色游 | 登山 | 踏青 | 赏花 | 避暑,https://r1.visitbeijing.com.cn/vbj-s/2016/0526/20160526115137652.jpg
九眼楼自然风景区,https://s.visitbeijing.com.cn/attraction/117884,为万里长城之上建筑规模最大、规格最高的敌楼。现已开发为“九眼楼长城自然风景区”对游人开放。,四海镇四海村,特色游 | 登山 | 踏青 | 赏花 | 避暑 | 红叶 | 银杏,https://r1.visitbeijing.com.cn/vbj-s/2015/0512/20150512052326601.jpg
怀北国际汽车营地,https://s.visitbeijing.com.cn/attraction/117721,"“汽车+帐篷”更便捷更时尚的度假方式,音乐、啤酒、阳光、美味一个都不能少，让我们的露营更自由、更奔放！",北京市怀柔区怀北镇河防口村 （九谷口自然风景区）,特色游 | 烧烤 | 漂流 | 避暑 | 滑雪,https://r1.visitbeijing.com.cn/vbj-s/2012/1208/20121208014342195.jpg
北京香草世界薰衣草庄园,https://s.visitbeijing.com.cn/attraction/117709,和亲人、朋友一起走过薰衣草田，同坐花海秋千，或在此与心仪之人邂逅，别有一番浪漫！,北京怀柔区北房镇新房子村北房城市农业公园,特色游 | 踏青 | 赏花 | 漂流 | 避暑,https://r1.visitbeijing.com.cn/vbj-s/2012/1208/20121208025634613.jpg
虹鳟鱼一条沟,https://s.visitbeijing.com.cn/attraction/117703,既能玩得很high又可以吃得很爽。,北京市怀柔县雁栖镇,休闲娱乐 | 特色游 | 垂钓 | 烧烤 | 踏青 | 赏花 | 避暑,https://r1.visitbeijing.com.cn/vbj-s/2012/1208/20121208024920760.jpg
龙潭涧,https://s.visitbeijing.com.cn/attraction/117695,"水美、山美、林美,可与三峡之游相媲美。",北京市怀柔区琉璃庙镇东峪村,特色游 | 登山 | 烧烤 | 踏青 | 赏花 | 漂流 | 避暑,https://r1.visitbeijing.com.cn/vbj-s/2012/1208/20121208023744266.jpg
北京怀北国际滑雪场,https://s.visitbeijing.com.cn/attraction/117309,独具现代建筑风格的综合楼、雪具店与长城遥遥相对；餐厅、咖啡厅、芬兰木屋别墅、更添欧洲滑雪小镇风情。,北京市怀柔区怀北镇河防口村548号,特色游 | 温泉 | 滑雪,https://r1.visitbeijing.com.cn/vbj-s/2016/1118/20161118041150397.jpg
箭扣长城,https://s.visitbeijing.com.cn/attraction/101906,这里长城多修于险峰断崖之上，雄奇峻峭，气势恢宏，走势极富变化和韵律，是长城摄影的热点,北京市怀柔县西北八道河乡境内,遗产古迹 | 特色游 | 登山,https://r1.visitbeijing.com.cn/vbj-s/2021/0928/20210928172424815.jpg
濂泉响谷自然风景区,https://s.visitbeijing.com.cn/attraction/101511,景区以谷取景，以山造势，以水得趣，以人生情。谷中流水飞泻，瀑布从天而降，四季泉水潺潺，回声不绝，故名濂泉响谷。,<P>北京市怀柔区西北部的长城脚下，黑坨山前。</P>,特色游 | 登山 | 烧烤 | 踏青 | 赏花 | 漂流 | 避暑,https://r1.visitbeijing.com.cn/vbj-s/2012/1211/20121211094701979.jpg
乐翻了运动生态园,https://s.visitbeijing.com.cn/attraction/120960,乐翻了运动生态园坐落在北京市朝阳区孙河乡顺黄路77号，离望京中心地带不过二十分钟的车程，拥有充裕的空间资源、便捷的交通条件的双重优势。,北京市朝阳区孙河乡顺黄路77号,休闲娱乐 | 特色游,https://r1.visitbeijing.com.cn/vbj-s/2018/0110/20180110043222431.png
世纪喷泉广场,https://s.visitbeijing.com.cn/attraction/120864,世纪喷泉广场位于礼花广场东北侧，南北长200米，东西宽80米，占地2万平方米，吸收了法国、意大利和美国等国的艺术构思和技术建造而成。,北京市朝阳区朝阳公园南路1号,休闲娱乐 | 特色游 | 踏青 | 赏花 | 避暑,https://r1.visitbeijing.com.cn/vbj-s/2017/0830/20170830045011586.jpg
北京金台艺术馆,https://s.visitbeijing.com.cn/attraction/120539,金台艺术馆是由全国政协委员、著名艺术家袁熙坤先生集资创建的，1997年6月30日正式开馆，是创建最早也是迄今国内最大的民间艺术博物馆。金台艺术馆坐落于北京市朝阳公园水碓湖畔，外型呈典雅之五台状，又邻八景之一“金台夕照”，遂定名为“金台”。,北京市朝阳公园1号西门内金台艺术馆,休闲娱乐,https://r1.visitbeijing.com.cn/vbj-s/2017/0516/20170516061751345.jpg
妙有艺术,https://s.visitbeijing.com.cn/attraction/120538,妙有艺术MOUart由习却女士创建于2010年，位于北京798创意广场（近歌德学院）。,北京巿朝阳区酒仙桥路2号798创意广场B区,休闲娱乐,https://r1.visitbeijing.com.cn/vbj-s/2017/0516/20170516060942898.jpg
口述历史博物馆,https://s.visitbeijing.com.cn/attraction/120537,口述历史博物馆，是经过历史老人口述的历史所整理修建的博物馆。,北京市朝阳区定福庄东街1号中国传媒大学,休闲娱乐,https://r1.visitbeijing.com.cn/vbj-s/2017/0516/20170516060324279.jpg
觉得佛教文化艺术馆,https://s.visitbeijing.com.cn/attraction/120536,觉得佛教文化艺术馆2011年在北京国贸郎园Vintage创意文化园区成立，隶属于视袭国际文化投资集团，集团旗下包括视袭影视、视袭国际传播机构、视袭音乐、觉得佛教文化艺术中心四家子公司。,,休闲娱乐,https://r1.visitbeijing.com.cn/vbj-s/2017/0516/20170516055831143.jpg
福海文博园,https://s.visitbeijing.com.cn/attraction/120535,福海文博园，2012年5月竣工。建筑面积12000平米，由企业家曹俭斥资兴建，国际化艺术交流平台，传播先进文化，是一个集展示、研讨、交流和教育的综合型文化产业基地。,北京市朝阳区来广营新北路甲一号,休闲娱乐,https://r1.visitbeijing.com.cn/vbj-s/2017/0516/20170516055158580.jpg
大韵堂美术馆,https://s.visitbeijing.com.cn/attraction/120534,大韵堂美术馆是大韵堂艺术机构重要的学术平台，具有强大的艺术专业力量和学术研究基础，主要关注于国画、油画、版画、雕塑、陶瓷等专业方向,北京市朝阳区广顺北大街33号福码大厦A座二层,休闲娱乐,https://r1.visitbeijing.com.cn/vbj-s/2017/0516/20170516053658586.jpg
元典美术馆,https://s.visitbeijing.com.cn/attraction/120533,北京“元典美术馆”的前身是2008年8月由谷燕女士创办的“元艺术中心”。2010年3月取得北京市民营非企业机构法人资格后正式更名为元典美术馆。开馆至今已成功举办了《文化之后的文化》、《春分》、《伟大的天上的抽象》、《反刍》等二十余个极具影响力的展览以及各类文化活动。,北京市朝阳区望京广顺北大街利泽西园112号,休闲娱乐,https://r1.visitbeijing.com.cn/vbj-s/2017/0516/20170516051433424.jpg
艺·凯旋艺术空间,https://s.visitbeijing.com.cn/attraction/120522,凯旋艺术机构位于北京798艺术区内，以收藏和展示当代艺术品为主，通过展览、展示，链接当代杰出的艺术家及喜爱当代艺术收藏的海内外藏家及爱好者，致力于系统的收藏、整理、规范当代艺术家的作品，经纪推广优秀的中青年艺术家。,北京市朝阳区酒仙桥路2号798艺术区2号院A-05,休闲娱乐,https://r1.visitbeijing.com.cn/vbj-s/2017/0515/20170515065256316.jpg
方圆美术馆,https://s.visitbeijing.com.cn/attraction/120521,方圆美术馆成立于2007年，系一家秉承传承高雅艺术，凝聚精华，传递正能量，推广国内外艺术为宗旨及创想理念的专业文化传媒机构。 2014年方圆美术馆入驻北京着名的798艺术区，位于中二街D06区域，占地618平方米，环境优美，格调高雅。,北京市朝阳区酒仙桥路2号798艺术区中二街D06-3,休闲娱乐 | 特色游,https://r1.visitbeijing.com.cn/vbj-s/2017/0515/20170515064645850.jpg
杨国际艺术中心,https://s.visitbeijing.com.cn/attraction/120520,杨国际艺术中心是新加坡和北京两地最具影响力的国际画廊之一，致力于发展最具收藏和投资价值的中国当代艺术。,北京市朝阳区酒仙桥路4号798艺术区陶瓷三街,休闲娱乐,https://r1.visitbeijing.com.cn/vbj-s/2017/0515/20170515063641705.jpg
壹梵画廊,https://s.visitbeijing.com.cn/attraction/120519,壹梵画廊位于北京798艺术区，以国际标准的专业化画廊管理体系为运作基础，致力于原创版画在中国的传播与普及。我们代理世界上最优秀的艺术家和他们的原创版画作品，几年来已成功地举办了多个个展与联展。,北京朝阳区大山子798艺术区中一街,休闲娱乐 | 特色游,https://r1.visitbeijing.com.cn/vbj-s/2017/0515/20170515062804883.jpg
北京空间画廊,https://s.visitbeijing.com.cn/attraction/120518,北京空间画廊成立于2005年8月，空间位于北京草场地艺术区红一号院C4 座，以及北京798艺术区内。画廊的宗旨是经营和推广中国当代艺术，为合作艺术家进行艺术市场的统筹规划。,北京市朝阳区草场地红一号院C4座,休闲娱乐,https://r1.visitbeijing.com.cn/vbj-s/2017/0515/20170515062149435.jpg
兴伟石文化艺术中心,https://s.visitbeijing.com.cn/attraction/120517,如果你是收藏发烧友，是艺术珍品的忠实信徒，欢迎你来北京兴伟京都石博园，这里有你想象不到却又梦寐以求的珍奇；如果你厌倦了摩天大楼和汽车尾气，在光电和噪音的夹缝中无法畅快呼吸，你应该来北京兴伟京都石博园，感受这里山的骨骼和水的韵律；如果你在终日的忙碌中日渐盲目与茫然，你一定要来兴伟石博园，在这里，静静的面对石头，或许你可以重新找回自己。,北京市朝阳区王四营甲6号观117号高碑店北路,休闲娱乐 | 特色游,https://r1.visitbeijing.com.cn/vbj-s/2017/0515/20170515061439854.jpg
打工文化艺术博物馆,https://s.visitbeijing.com.cn/attraction/120514,打工文化艺术博物馆是由打工青年艺术团发起，于2007年在中国北京市朝阳区金盏乡皮村创办的一家民间公益性博物馆，以能够真实纪录、反映打工生活的物品，共同纪录打工者自己的文化和历史。,北京市朝阳区金盏乡皮村,博物馆 | 休闲娱乐 | 特色游,https://r1.visitbeijing.com.cn/vbj-s/2017/0515/20170515060434788.jpg
朝鲜万寿台创作社,https://s.visitbeijing.com.cn/attraction/120513,朝鲜万寿台艺术团是朝鲜全国著名的音乐舞蹈演出团体，其前身是1946年成立的平壤歌舞团，1969年改为现名。,北京市朝阳区酒仙桥路2号北京798艺术区B区内,休闲娱乐 | 特色游,https://r1.visitbeijing.com.cn/vbj-s/2017/0515/20170515055834985.jpg
中国农业博物馆,https://s.visitbeijing.com.cn/attraction/120510,中国农业博物馆位于北京市朝阳区东三环北路，1983年7月经国务院批准筹建，1986年9月13日正式对外开放，接待国内外宾客。中国农业博物馆的馆舍是于1959年建成的全国农业展览馆建筑群的一部分。,北京市朝阳区东三环北路16号,休闲娱乐 | 特色游,https://r1.visitbeijing.com.cn/vbj-s/2017/0515/20170515055332454.jpg
长征空间,https://s.visitbeijing.com.cn/attraction/120508,"位于北京798厂大山子艺术区的“长征空间”, 是一个视觉艺术中心，一个综合基地。",北京市朝阳区酒仙桥路4号798艺术区798中一街,休闲娱乐 | 特色游,https://r1.visitbeijing.com.cn/vbj-s/2017/0515/20170515054535974.jpg
碧露轩茶艺馆,https://s.visitbeijing.com.cn/attraction/120503,碧露轩茶艺坐落于亚运村汇园公园R座首层，营业面积500多平米，经过数年的精心经营，如今已是响誉京城、雅士云集的品茗住处。,北京市朝阳区亚运村汇园公寓R座一层,休闲娱乐,https://r1.visitbeijing.com.cn/vbj-s/2017/0522/20170522031817243.jpg
草场地艺术区,https://s.visitbeijing.com.cn/attraction/120502,草场地艺术区位于中国首都北京市区的东北方向，首都机场辅路与五环路交界处。属北京市朝阳区草场地区域。目前艺术区的规模已达 80，000平方米的建筑面积，占地约199，800平方米。,北京市朝阳区崔各庄乡草场地村艺术区319号,休闲娱乐 | 特色游,https://r1.visitbeijing.com.cn/vbj-s/2017/0522/20170522032834402.jpg
何扬·吴茜现代绘画馆,https://s.visitbeijing.com.cn/attraction/120501,何扬·吴茜现代绘画馆是中国政府批准的首批私人博物馆，是中国第一家私人现代绘画馆，填补了中国美术史和文物史的空白。以国际文化艺术交流为主要贡献而著称。展品有何扬的新主题主义绘画作品，吴茜的新水墨画作品以及他们的传统中国画作品。,北京朝阳区金盏乡长店村1128号,休闲娱乐,https://r1.visitbeijing.com.cn/vbj-s/2017/0522/20170522033306490.jpg
中国传媒博物馆,https://s.visitbeijing.com.cn/attraction/120453,中国传媒博物馆现有馆藏15000余件，是一座以广播电视为主体，涵盖印刷、广告、动漫、新媒体以及其它文化产业元素为核心的特色博物馆。,北京市朝阳区定福庄东街一号,休闲娱乐,https://r1.visitbeijing.com.cn/vbj-s/2017/0522/20170522054959180.jpg
独角兽艺术空间,https://s.visitbeijing.com.cn/attraction/120452,“UNICORN Art”是一座服务于公众的非盈利性艺术机构，位于北京草场地艺术区，于2015年1月正式开馆。,北京市朝阳区草场地红一号A座,休闲娱乐,https://r1.visitbeijing.com.cn/vbj-s/2017/0522/20170522055334324.jpg
北京市方志馆,https://s.visitbeijing.com.cn/attraction/120451,北京市方志馆位于北京市朝阳区东三环南路88号，作为填补本市文化基础工程空白的重要项目，是集收集、保管、阅览、编纂、研究、咨询、展示、交流于一体，具有开放式、服务性、公众化特征的标志性文化基础设施,北京市朝阳区东三环南路88号,休闲娱乐,https://r1.visitbeijing.com.cn/vbj-s/2017/0522/20170522060024329.jpg
北京常青画廊,https://s.visitbeijing.com.cn/attraction/120450,"北京常青画廊于1990年由 Mario Cristiani, Lorenzo Fiaschi 和 Maurizio Rigillo 创办。",北京市朝阳区酒仙桥路2号大山子798艺术区中二街,休闲娱乐,https://r1.visitbeijing.com.cn/vbj-s/2017/0523/20170523093741370.jpg
北京服装学院民族服饰博物馆,https://s.visitbeijing.com.cn/attraction/120442,北京服装学院民族服饰博物馆成立于2000年，是中国第一家服饰类专业博物馆，也是集收藏 、展示、科研、教学为一体的文化研究机构。,北京市朝阳区樱花东路甲2号北京服装学院综合楼3层,博物馆 | 休闲娱乐 | 特色游,https://r1.visitbeijing.com.cn/vbj-s/2017/0523/20170523094142181.jpg
国际金融博物馆,https://s.visitbeijing.com.cn/attraction/120440,国际金融博物馆位于朝阳区朝阳公园东五门内。国际金融博物馆是由朝阳区委区政府发起成立的公益性金融博物馆，是国内首家以国际金融命名的专业博物馆。,北京市朝阳区朝阳公园东五门内国际金融博物馆,博物馆 | 休闲娱乐 | 特色游,https://r1.visitbeijing.com.cn/vbj-s/2017/0523/20170523094537682.jpg
北京工艺美术博物馆,https://s.visitbeijing.com.cn/attraction/120438,北京工艺美术博物馆创建于1987年，是北京第一家由企业创建的专业性工艺美术博物馆。,朝阳区天辰东路8-10-12号,博物馆 | 休闲娱乐 | 特色游,https://r1.visitbeijing.com.cn/vbj-s/2017/0523/20170523094950642.jpg
北京税务博物馆,https://s.visitbeijing.com.cn/attraction/120436,北京税务博物馆始建于2005年，是全国第一家省级税务部门筹建的专业性博物馆，2009年，因原址普度寺文物保护需要暂停展览。2013年，经市地税局倡议，市国税局、朝阳区政府和中央财经大学响应，四家单位历时两年完成复建。,北京市朝阳区北四环东路临1号（西坝河太阳宫体育休闲公园北门对面）,博物馆 | 休闲娱乐 | 特色游,https://r1.visitbeijing.com.cn/vbj-s/2017/0523/20170523095607964.jpg
北京晋商博物馆,https://s.visitbeijing.com.cn/attraction/120433,北京晋商博物馆位于朝阳区四惠桥东侧。南临通惠河，西面近邻CBD国际商务区及国贸中心。,北京市朝阳区四惠桥东侧,博物馆 | 休闲娱乐 | 特色游,https://r1.visitbeijing.com.cn/vbj-s/2017/0523/20170523102316308.jpg
朝阳文化馆,https://s.visitbeijing.com.cn/attraction/120420,朝阳区文化馆1996年新馆落成。馆舍现有面积11000㎡，包括主、配楼及附属设施，主楼以演艺活动为主，共6个剧场、3个影厅、3个展室；配楼以培训为主，共30余个教室，附属设施有非遗展厅、会议室等。,北京市朝阳区朝外小庄金台里17号,休闲娱乐,https://r1.visitbeijing.com.cn/vbj-s/2017/0523/20170523110411528.jpg
西五艺术中心,https://s.visitbeijing.com.cn/attraction/120412,西五艺术中心成立于2005 年，位于北京市三里屯使馆区内，是一家主要致力于年轻艺术家推介的当代艺术画廊。,北京市朝阳区三里屯西五街5号F座,休闲娱乐,https://r1.visitbeijing.com.cn/vbj-s/2017/0523/20170523111241844.jpg
铸造美术馆,https://s.visitbeijing.com.cn/attraction/120409,铸造美术馆成立于2008年，位于亚洲当前最大的综合艺术产业园——北京市一号地国际艺术区。,北京市朝阳区崔各庄乡何各庄村一号地国际艺术区D区,休闲娱乐,https://r1.visitbeijing.com.cn/vbj-s/2017/0523/20170523111840706.jpg
白盒子艺术馆,https://s.visitbeijing.com.cn/attraction/120405,白盒子艺术馆位于北京798艺术中心区，是1952年由前民主德国建筑机构负责建筑设计、施工的包豪斯建筑风格的工厂区。,中国北京市朝阳区酒仙桥路2号798艺术区797路B07号,休闲娱乐,https://r1.visitbeijing.com.cn/vbj-s/2017/0523/20170523112646633.jpg
悦美术馆,https://s.visitbeijing.com.cn/attraction/120404,悦·美术馆位于798 艺术区核心位置797路B06。总面积2600平方米，是798艺术区内最大的艺术空间之一，也是地理位置最佳，配套及设施最全的艺术空间。,北京市朝阳区酒仙桥2号路798艺术区797路B06,休闲娱乐,https://r1.visitbeijing.com.cn/vbj-s/2017/0523/20170523112944154.jpg
佩斯画廊,https://s.visitbeijing.com.cn/attraction/120403,"798佩斯北京画廊纽约的Gluckman Mayne建筑事务所正在为曼哈顿的""佩斯威登斯坦画廊""（PaceWildenstein）设计它在中国的一个重要基地--""佩斯北京画廊""（Pace Beijing）。",北京市朝阳区酒仙桥路2号798艺术区 8502,休闲娱乐,https://r1.visitbeijing.com.cn/vbj-s/2017/0523/20170523012718951.jpg
北京中医药大学中医药博物馆,https://s.visitbeijing.com.cn/attraction/120402,北京中医药大学中医药博物馆于1990年9月建成，坐落于中医药大学校内的逸夫科学馆中。它是一座收藏丰富、内容系统的专业性博物馆，馆内分为“医史部”和“中药部”两部分，展出面积共约1500平方米。,北京市朝阳区北三环东路11号,博物馆 | 休闲娱乐 | 特色游,https://r1.visitbeijing.com.cn/vbj-s/2017/0523/20170523013401525.jpg
鸿坤美术馆,https://s.visitbeijing.com.cn/attraction/120401,鸿坤美术馆是由鸿坤集团投资建立的私人美术馆，位于北京朝阳区西大望路42号院，面积800平方米，专门从事现当代艺术展览、收藏研究、推广交流，是鸿坤集团在文化艺术领域的战略延伸项目。,北京市朝阳区西大望路42号院,休闲娱乐,https://r1.visitbeijing.com.cn/vbj-s/2017/0523/20170523013546258.jpg
梵谷艺术中心,https://s.visitbeijing.com.cn/attraction/120400,梵谷艺术中心是梵谷艺象文化艺术发展有限公司旗下运营的，798艺术区，是一个中国语境下的艺术特区，同时也是当代中国贡献给全球社会的一个崭新的国际艺术中心。,北京市朝阳区酒仙桥路4号798艺术区陶瓷三街,休闲娱乐,https://r1.visitbeijing.com.cn/vbj-s/2017/0523/20170523013843201.jpg
侨福当代美术馆,https://s.visitbeijing.com.cn/attraction/120398,侨福当代美术馆建于2012年8月，坐落于北京市朝阳区东大桥路9号Parkview Green芳草地D座10楼，紧邻北京CBD核心地带。是一家由侨福集团黄建华主席创办的私立非营利性展览馆。,北京市朝阳区东大桥路9号侨福芳草地D座10楼,休闲娱乐,https://r1.visitbeijing.com.cn/vbj-s/2017/0523/20170523020513154.jpg
芳草地画廊,https://s.visitbeijing.com.cn/attraction/120397,芳草地画廊隶属于侨福集团艺术文化部，位于北京侨福芳草地D座三层。画廊成立于2013年，是一家致力于展示与推广中国当代艺术，发掘新锐艺术家的综合性连锁画廊。,北京市朝阳区东大桥路9号D座3层08,休闲娱乐,https://r1.visitbeijing.com.cn/vbj-s/2017/0523/20170523021502947.jpg
芳草地画廊798,https://s.visitbeijing.com.cn/attraction/120396,成立于2013年初，由侨福芳草地与原北京新时代画廊吕恒顺先生合作成立，正式改名为“芳草地画廊798”。,北京市朝阳区酒仙桥路4号798中二街D09区,休闲娱乐,https://r1.visitbeijing.com.cn/vbj-s/2017/0523/20170523021544115.jpg
桥舍画廊,https://s.visitbeijing.com.cn/attraction/120394,"桥舍画廊创立于2006年6月,是经营和推广中国当代艺术的专业画廊。",中国北京朝阳区酒仙桥路4号大山子798艺术区七星中街F03.4库,休闲娱乐,https://r1.visitbeijing.com.cn/vbj-s/2017/0523/20170523022638843.jpg
竞园艺术中心,https://s.visitbeijing.com.cn/attraction/120368,竞园艺术中心是个以摄影为主题的艺术园区，也是政府扶持的重点文化创意产业聚集区。,北京市朝阳区广渠路3号,休闲娱乐,https://r1.visitbeijing.com.cn/vbj-s/2017/0421/20170421050743320.jpg
民生现代美术馆,https://s.visitbeijing.com.cn/attraction/120367,北京民生现代美术馆是中国民生银行全额捐资建立的民营专业美术馆。,朝阳区酒仙桥北路9号恒通国际创新园,休闲娱乐,https://r1.visitbeijing.com.cn/vbj-s/2017/0421/20170421045812680.png
中央美术学院美术馆,https://s.visitbeijing.com.cn/attraction/120366,中央美术学院美术馆位于北京市朝阳区花家地南街八号的中央美术学院院内，由中央美术学院美术馆新馆、石膏陈列馆和教学展厅三部分组成。,北京市朝阳区花家地南街8号 中央美术学院美术馆,休闲娱乐,https://r1.visitbeijing.com.cn/vbj-s/2017/0421/20170421044902720.jpg
央美术馆,https://s.visitbeijing.com.cn/attraction/120365,央美术馆是一家非盈利、综合型当代艺术机构。,北京市朝阳区朝阳公园路6号蓝色港湾国际商区14号楼3层,休闲娱乐,https://r1.visitbeijing.com.cn/vbj-s/2017/0421/20170421043534147.png
UCCA尤伦斯当代艺术中心,https://s.visitbeijing.com.cn/attraction/120349,尤伦斯当代艺术中心（UCCA）是一家位于北京798艺术区核心地带的国际化艺术机构，每年为观众呈现丰富的展览和教育项目，推介国内外的艺术家，从而促进公众对当代艺术与文化的关注与理解。,北京市朝阳区酒仙桥路4号798艺术区4号路,博物馆 | 特色游,https://r1.visitbeijing.com.cn/vbj-s/2017/0420/20170420043543242.jpg
观复博物馆,https://s.visitbeijing.com.cn/attraction/120347,观复博物馆是新中国第一家私立博物馆。1996年10月30日获政府批准成立，马未都先生为创办人。,北京市朝阳区大山子张万坟金南路18号,博物馆 | 特色游,https://r1.visitbeijing.com.cn/vbj-s/2017/0420/20170420042810207.jpg
中国民航博物馆,https://s.visitbeijing.com.cn/attraction/120344,民航博物馆是中国民用航空局主办的民用航空专题博物馆。,北京市朝阳区首都机场辅路民航200号地区,博物馆 | 特色游,https://r1.visitbeijing.com.cn/vbj-s/2017/0420/20170420035347807.jpg
木木美术馆（M WOODS）,https://s.visitbeijing.com.cn/attraction/120343,木木美术馆（M WOODS）是由收藏家林瀚、雷宛萤（晚晚）夫妇和黄勖夫共同创立的民营非营利艺术机构。,朝阳区酒仙桥路2号798艺术区中二街D-06号,博物馆 | 特色游,https://r1.visitbeijing.com.cn/vbj-s/2017/0420/20170420034404731.jpg
中国铁道博物馆（东郊展馆）,https://s.visitbeijing.com.cn/attraction/120341,中国铁道博物馆是中国铁路系统的专业科技类博物馆，前身是1978年成立的铁道部科学技术馆，由中华人民共和国铁道部主办。  门票价格：20,北京市朝阳区酒仙桥北路1号院北侧,博物馆 | 特色游,https://r1.visitbeijing.com.cn/vbj-s/2017/0420/20170420032447511.jpg
798艺术区,https://s.visitbeijing.com.cn/attraction/120339,798艺术区（ArtDist）位于北京朝阳区酒仙桥街道大山子地区，故又称大山子艺术区（英文简称DAD－Dashanzi Art District），原为原国营798厂等电子工业的老厂区所在地。,北京朝阳区酒仙桥街道大山子地区,休闲娱乐,https://r1.visitbeijing.com.cn/vbj-s/2017/0419/20170419054119434.jpg
红砖美术馆,https://s.visitbeijing.com.cn/attraction/120338,红砖美术馆地处北京市朝阳区东北部一号地国际艺术区，园区占地面积约二万平方米，展馆面积近一万平方米，由收藏家闫士杰和曹梅夫妇创立，于2014年5月23日正式开馆。,北京市朝阳区崔各庄乡何各庄村顺白路马泉营西路路口西100米路北,博物馆 | 休闲娱乐 | 特色游,https://r1.visitbeijing.com.cn/vbj-s/2017/0419/20170419053817825.jpg
山水艺术大道,https://s.visitbeijing.com.cn/attraction/120333,山水艺术大道，为全球资源整合平台公司——山水文园集团倾力打造的世界级文化艺术长廊。大道地处国家级文化产业创新区，占据潘家园与十里河艺术带艺术商圈核心位置。,北京市朝阳区十里河弘燕路,休闲娱乐,https://r1.visitbeijing.com.cn/vbj-s/2017/0419/20170419031829968.jpg
李可染艺术基金会,https://s.visitbeijing.com.cn/attraction/120325,李可染艺术基金会于1998年11月18日正式成立，由中国文化部申报，国务院批准，民政部正式注册，是国内为数不多的国家级艺术基金会。,北京市朝阳区十里河弘燕路,休闲娱乐,https://r1.visitbeijing.com.cn/vbj-s/2017/0419/20170419013514611.jpg
中国童书博览会,https://s.visitbeijing.com.cn/attraction/120322,,北京市朝阳区酒仙桥路2号798艺术区友谊大厦3层/地铁14号线望京南或者14号线将台站附近798艺术区,特色游,https://r1.visitbeijing.com.cn/vbj-s/2017/0525/20170525062731630.jpg
北京市城市街区24小时自助图书馆,https://s.visitbeijing.com.cn/attraction/120318,北京市城市街区24小时自助图书馆建设项目，是在北京市文化局的指导下，由首都图书馆牵头各区县图书馆共同实施建设，是北京市文化系统的子工程。,北京市各区,休闲娱乐 | 特色游,https://r1.visitbeijing.com.cn/vbj-s/2017/0519/20170519112407353.jpg
中国国际展览中心（静安庄馆）,https://s.visitbeijing.com.cn/attraction/120315,中国国际展览中心（静安庄馆）位于北京市朝阳区北三环东路静安庄 。北京市建筑设计院设计。占地面积15万平方米，有6万平方米室内展览面积，0.7万平方米室外展览面积。结构体系分别有网架结构、钢筋混凝土结构及钢结构。拥有中国国内面积最大的7个展览馆，其中1号展览馆(主体馆)，建筑总面积达5万平方米以上。,北京市朝阳区北三环东路静安庄,休闲娱乐,https://r1.visitbeijing.com.cn/vbj-s/2017/0417/20170417044503101.jpg
北京时代美术馆,https://s.visitbeijing.com.cn/attraction/120311,"北京时代美术馆一家民间非营利性美术馆，自2008年5月成立以来，一直密切关注当代中国艺术的发展，努力以立足中国、面向世界的开放态度和独到的艺术视野、独特的艺术发现、独立的艺术支持, 参与建构当代中国艺术的发展实践。",北京市朝阳区建国门外大街甲6号中环世贸中心D座35~37层,休闲娱乐,https://r1.visitbeijing.com.cn/vbj-s/2017/0417/20170417040634629.jpg
柏拉图实验剧场,https://s.visitbeijing.com.cn/attraction/120305,柏拉图实验剧场是戏逍堂是戏逍堂戏剧工坊国内小剧场戏剧连锁院线的首座剧场，位于CBD核心区东方梅地亚三层。,朝阳区东方梅地亚B座3层,休闲娱乐,https://r1.visitbeijing.com.cn/vbj-s/2017/0413/20170413085416214.jpg
东方梅地亚中心M剧场,https://s.visitbeijing.com.cn/attraction/120298,东方梅地亚中心M剧场位于梅地亚中心B座三层，每年演出众多儿童剧演出如:《安德鲁奇遇记》《交响爱丽丝梦游仙境》等。,北京市朝阳区光华路4号东方梅地亚中心B座三层,休闲娱乐 | 特色游,https://r1.visitbeijing.com.cn/vbj-s/2017/0413/20170413081108188.jpg
传奇小剧场,https://s.visitbeijing.com.cn/attraction/120215,传奇小剧场是北京大陆桥文化传媒公司于2011年初建成的专业化民营小剧场。,北京市朝阳区北四环安定路1号国家奥体中心综合训练馆三层,休闲娱乐,https://r1.visitbeijing.com.cn/vbj-s/2017/0412/20170412061542169.jpg
朝阳1919小剧场,https://s.visitbeijing.com.cn/attraction/120213,朝阳1919小剧场坐落的朝阳1919影视传媒创业产业园，被誉为定福庄传媒走廊“最富文化底蕴，最具文化崇拜的大院”，其前身是始建于1919年的北京生物制品研究所－－中国近代生物制品事业的功勋元老。,北京市朝阳区定福庄朝阳1919影视传媒创意产业园区内(第二外国语学院东侧),休闲娱乐,https://r1.visitbeijing.com.cn/vbj-s/2017/0412/20170412051533168.jpg
朝阳9剧场,https://s.visitbeijing.com.cn/attraction/120211,“9个剧场”即在一个设施内开设九个可供演出的剧场，也创造了在同一地点举办戏剧节的可能。,北京朝外小庄朝阳区文化馆，东三环,休闲娱乐,https://r1.visitbeijing.com.cn/vbj-s/2017/0412/20170412045237895.jpg
北京木马剧场,https://s.visitbeijing.com.cn/attraction/120208,特洛伊木马是希腊神话的重要象征物，而希腊则是戏剧的发源地，木马剧场选择木马作为象征作为Logo恰好可以表达对戏剧艺术传承与发展的渴求与愿景。,百子湾路苹果社区北区22院街艺术区B座31号,休闲娱乐,https://r1.visitbeijing.com.cn/vbj-s/2017/0413/20170413093543128.jpg
北京剧院,https://s.visitbeijing.com.cn/attraction/120202,京剧院隶属于北京北辰实业集团有限责任公司，始建于1990年，坐落于亚运村安慧桥东北角，毗邻四环路，属于亚奥商圈核心地带。,北京市朝阳区安慧里三区10号（北辰时代对面，北辰购物中心斜对面）,休闲娱乐,https://r1.visitbeijing.com.cn/vbj-s/2017/0413/20170413093648152.jpg
德云社三里屯剧场,https://s.visitbeijing.com.cn/attraction/120199,梦回天桥文化广场立足于弘扬民族文化的基石上，以广场为媒介向大众传播传统文化、民间艺术、让老北京文化回归剧场，它不是一个广场这么简单，而将成为老北京文化的品牌，这足以让“梦回天桥文化场”成为京味文化的聚集地。,北京市朝阳区工体东路4号（雅秀服装市场对面）,休闲娱乐,https://r1.visitbeijing.com.cn/vbj-s/2017/0412/20170412021402777.jpg
瀚金佰九号温泉,https://s.visitbeijing.com.cn/attraction/120044,北京瀚金佰国际酒店· 九号温泉公馆位于北京市朝阳区高碑店通惠河畔惠河南街9号，地处繁华地段，交通便利。,河西区中环线新围堤道1-3号,温泉 | 滑雪,https://r1.visitbeijing.com.cn/vbj-s/2016/1220/20161220044444126.jpg
中农春雨果品采摘园,https://s.visitbeijing.com.cn/attraction/120019,,朝阳区金盏乡皮村,采摘,https://r1.visitbeijing.com.cn/vbj-s/2016/1214/20161214025005642.jpg
朝阳区王四营枣种质资源观光园,https://s.visitbeijing.com.cn/attraction/120018,,朝阳区王四营道口村,采摘,https://r1.visitbeijing.com.cn/vbj-s/2016/1214/20161214020907808.jpg
朝阳区东坝观光果园,https://s.visitbeijing.com.cn/attraction/120017,东坝观光果园位于朝阳区东部，南同平房乡千亩梨园相接壤，北部紧靠乡域内的东都乐园，交通便利，自然环境好。,朝阳区东坝乡驹子房村,采摘,https://r1.visitbeijing.com.cn/vbj-s/2016/1214/20161214113235774.jpg
朝阳区绿风碧野农庄,https://s.visitbeijing.com.cn/attraction/120016,,朝阳区金盏乡东窑村,采摘,https://r1.visitbeijing.com.cn/vbj-s/2016/1214/20161214110800310.jpg
北京朝阳区美全美樱桃观光园,https://s.visitbeijing.com.cn/attraction/120015,全美樱桃生态园将建设成为以“农业科技与休闲体验”为中心,朝阳区崔各庄乡,采摘,https://r1.visitbeijing.com.cn/vbj-s/2016/1214/20161214103545861.jpg
北京朝阳区孙河乡郎家园枣观光园,https://s.visitbeijing.com.cn/attraction/120014,郎家园枣是赫赫有名的北京特产水果。,朝阳区孙河乡上辛堡村,休闲娱乐,https://r1.visitbeijing.com.cn/vbj-s/2016/1213/20161213030556446.jpg
中国广告博物馆,https://s.visitbeijing.com.cn/attraction/119953,中国广告博物馆由国家广告研究院、中国传媒大学等共同发起，筹建过程历时十年，在数字资源库建设、藏品体系建设、重点学术研究等方面，已经取得一系列成果,北京市朝阳区定福庄东街1号中国传媒大学45号楼,博物馆 | 特色游,https://r1.visitbeijing.com.cn/vbj-s/2016/1128/20161128012433454.jpg
乐成中心,https://s.visitbeijing.com.cn/attraction/119952,,北京市朝阳区东三环中路24号,休闲娱乐,https://r1.visitbeijing.com.cn/vbj-s/2016/1128/20161128111739674.jpg
北京国贸大厦,https://s.visitbeijing.com.cn/attraction/119896,北京国贸大厦(China World Towers)位于北京商务中心区最核心地段，由中国大饭店、国贸大厦西楼、国贸商城、中国国际贸易中心第三期组成，总建筑面积十七万六千平方米，可出租面积从64平方米到整层1727平方米。,北京市朝阳区建国门外大街1号,休闲娱乐,https://r1.visitbeijing.com.cn/vbj-s/2016/1123/20161123041124307.jpg
望湖公园,https://s.visitbeijing.com.cn/attraction/119756,望湖公园，占地21.7公顷的健身休闲公园，位于朝阳区东湖地区，西临京承高速，北临北五环路，东临东湖西外环路，南临利泽西街，无论自驾车还是乘坐公交都非常便利。,朝阳区望京北路51号,休闲娱乐,https://r1.visitbeijing.com.cn/vbj-s/2016/1020/20161020023502666.jpg
黄草湾野郊公园,https://s.visitbeijing.com.cn/attraction/119755,黄草湾郊野公园占地面积585亩，位于北四环与北五环路之间，京承高速路以西，距离2环路中心城区6.5KM。,朝阳区大屯街道,休闲娱乐,https://r1.visitbeijing.com.cn/vbj-s/2016/1020/20161020020007601.jpg
仰山公园,https://s.visitbeijing.com.cn/attraction/119754,仰山公园位于朝阳区北五环仰山桥的东南角，自驾车可以走西四环，在安慧桥往北拐进入安立路，直行约3.5公里路东即是。,朝阳区北五环仰山桥的东南角,休闲娱乐,https://r1.visitbeijing.com.cn/vbj-s/2016/1020/20161020014257260.jpg
丽都公园,https://s.visitbeijing.com.cn/attraction/119684,坐落在丽都商圈核心地段，由著名设计大师檀馨设计，具有典型欧式园林风格,朝阳区芳园西路6号,休闲娱乐,https://r1.visitbeijing.com.cn/vbj-s/2016/0930/20160930023544526.png
日坛博物馆,https://s.visitbeijing.com.cn/attraction/119672,日坛是北京著名文物古迹五坛之一，在五坛中面积最小，地处东二环外国贸CBD商圈、毗邻外国驻华使馆区。,东二环外国贸CBD商圈,博物馆 | 特色游,https://r1.visitbeijing.com.cn/vbj-s/2016/0928/20160928034914136.png
梦回天桥文化广场,https://s.visitbeijing.com.cn/attraction/119658,梦回天桥文化广场就是按旧时的老天桥打造，，使现代人能重新感受老天桥气息的公司，朝阳区工人体育场东路4号(三里屯SOHO西侧)，对，分上下两层，造型庄重典雅，内部装潢古典，舞台灯光先进，并设有中央空调。,三里屯,休闲娱乐,https://r1.visitbeijing.com.cn/vbj-s/2016/0923/20160923033404884.png
立水桥公园,https://s.visitbeijing.com.cn/attraction/119650,立水桥公园;位于北京市朝阳区来广营乡立水桥安立路两侧;立水桥地铁站南200米。,北京市朝阳区来广营乡立水桥安立路两侧,休闲娱乐,https://r1.visitbeijing.com.cn/vbj-s/2016/0922/20160922015452861.png
快乐猩猩树上探险主题公园（朝阳园区）,https://s.visitbeijing.com.cn/attraction/119648,继顺鑫园区落成后，第二个树上穿越主题公园也于朝阳公园开园。,北京市朝阳区农展南路1号,休闲娱乐,https://r1.visitbeijing.com.cn/vbj-s/2016/0922/20160922013730651.png
金港汽车公园,https://s.visitbeijing.com.cn/attraction/119644,金港汽车公园占地680亩，设施齐全，包括汽车赛车场服务中心、金港汽车俱乐部、汽车公寓、汽车酒店和汽车餐吧,朝阳区东北部的金盏乡,休闲娱乐,https://r1.visitbeijing.com.cn/vbj-s/2016/0921/20160921030937483.png
景藏健康公园,https://s.visitbeijing.com.cn/attraction/119642,北京景藏健康公园商业模式的创建，是根据市场需求和中国旅游产业、文化产业和教育产业的实际情况,朝阳区奥运村安立路81号(北五环仰山桥向北),休闲娱乐,https://r1.visitbeijing.com.cn/vbj-s/2016/0921/20160921024749795.png
北京南湖公园,https://s.visitbeijing.com.cn/attraction/119639,北京南湖公园位于北京市朝阳区望京地区，兴建时间1996年。南湖公园隶属北京金隅集团有限公司。,朝阳区望京地区,休闲娱乐,https://r1.visitbeijing.com.cn/vbj-s/2016/0920/20160920041839497.png
北京红军公园,https://s.visitbeijing.com.cn/attraction/119629,红军公园，为纪念中国工农红军长征胜利70周年，缅怀革命先烈的丰功伟绩，继承和发扬红军的革命传统，在有关部门和老红军的大力支持下，“红军公园”日前正式开工。,北京市朝阳区鲁店北路双桥农场和黑庄户乡森林公园内,休闲娱乐,https://r1.visitbeijing.com.cn/vbj-s/2016/0918/20160918093512104.jpg
垡头科普文化公园,https://s.visitbeijing.com.cn/attraction/119623,朝阳区垡头科普文化公园，以普及科学技术与利用知识为基础，多层次，多视角开发科普教育领域，建设成集科普教育、趣味休闲、文化娱乐为一体的展示基地。,北京市朝阳区,休闲娱乐,https://r1.visitbeijing.com.cn/vbj-s/2016/0913/20160913030228558.jpg
东郊森林公园,https://s.visitbeijing.com.cn/attraction/119615,东郊森林公园位于通州、顺义、朝阳三区交界地带，南部紧邻通州新城，北部与首都机场、空港产业基地和顺义现代制造业基地相接,北京市通州、顺义、朝阳三区交界,休闲娱乐,https://r1.visitbeijing.com.cn/vbj-s/2016/0912/20160912023114648.jpg
翠城公园,https://s.visitbeijing.com.cn/attraction/119610,翠城公园为开放式公园，现已成为周边居民休闲锻炼的重要场所，园区内林密树高，曲径徊转。,北京市朝阳区东垡头路临70号,休闲娱乐,https://r1.visitbeijing.com.cn/vbj-s/2016/0909/20160909035835193.jpg
北辰绿色中央公园,https://s.visitbeijing.com.cn/attraction/119603,北辰绿色家园是北京亚运村北大型的综合社区，中央公园位于该社区中部被东西向社区主干道分割成南北两块,亚运村北,休闲娱乐,https://r1.visitbeijing.com.cn/vbj-s/2016/0908/20160908035443322.jpg
北京八里桥音乐主题公园,https://s.visitbeijing.com.cn/attraction/119601,八里桥音乐主题公园自2006年开工建设，在市、区政府的高度重视和大力支持下，公园于2009年正式建成开园，总占地面积355亩(约23.6万平方米)，其中绿化面积18万平方米，水系面积4000平方米。,北京市朝阳区瑞祥北街,休闲娱乐,https://r1.visitbeijing.com.cn/vbj-s/2016/0908/20160908025739348.jpg
松榆里公园,https://s.visitbeijing.com.cn/attraction/119600,由于改造前公园景观性、功能性已不能满足不同人群多层次的需求,朝阳区垂杨柳,休闲娱乐,https://r1.visitbeijing.com.cn/vbj-s/2016/0907/20160907044012303.jpg
海棠公园,https://s.visitbeijing.com.cn/attraction/119596,海棠公园占地496亩，服务人口约20万左右。将于2009年5月建成对市民免费开放。公园用地分属于两个历史文化深厚的村庄，南侧为海户屯，北侧为老君堂村。,朝阳区十八里店乡,休闲娱乐,https://r1.visitbeijing.com.cn/vbj-s/2016/0907/20160907034120248.jpg
小红门镇海寺公园,https://s.visitbeijing.com.cn/attraction/119595,镇海寺郊野公园位于北京市朝阳区南四环十八里店南桥向南约1.5公里处，西邻镇海公园，东邻京津塘高速路，北依南四环路，南邻红纺路，交通十分便利。东南侧是2008年新建的郊野公园环项目--鸿博公园。,朝阳区小红门乡,休闲娱乐,https://r1.visitbeijing.com.cn/vbj-s/2016/0907/20160907033229900.jpg
来广营清河营公园,https://s.visitbeijing.com.cn/attraction/119592,清河营郊野公园位于北京市朝阳区来广营乡北部，占地面积约865亩。,朝阳区来广营乡北部,休闲娱乐,https://r1.visitbeijing.com.cn/vbj-s/2016/0906/20160906035429985.jpg
大屯黄草湾公园,https://s.visitbeijing.com.cn/attraction/119591,黄草湾郊野公园位于北京市朝阳区大屯地区东北部，新建成的鼎成路从公园东部穿过。,北四环与北五环路之间，京承高速路以西，距离2环路中心城区6.5公里。,休闲娱乐,https://r1.visitbeijing.com.cn/vbj-s/2016/0906/20160906034922907.jpg
百花公园,https://s.visitbeijing.com.cn/attraction/119590,百花郊野公园位于北京市朝阳区高碑店乡北花园村，周边的郊野公园有兴隆公园、杜仲公园、古塔公园和金田公园，项目总占地约21.53公顷 。,东至杜仲郊野公园，西至东五环，南至广渠路二期，北至北花园工业小区。,休闲娱乐,https://r1.visitbeijing.com.cn/vbj-s/2016/0906/20160906031835845.jpg
金田公园,https://s.visitbeijing.com.cn/attraction/119589,金田郊野公园2008年实施建设的一期工程占地1000亩，北至规划广渠东路南至劲松东延路，西至通惠灌渠，东至双桥东路。2009年5月对市民免费开放。,朝阳区豆各庄乡以北于家围村,休闲娱乐,https://r1.visitbeijing.com.cn/vbj-s/2016/0906/20160906031122245.jpg
北京银泰中心,https://s.visitbeijing.com.cn/attraction/119566,北京银泰中心(Beijing Yintai Centre)位于建国门外大街2号，地处北京中央商务区(CBD)核心地带，北临长安街，东接三环路，踞国贸桥“金十字”西南角。,建国门外大街2号,休闲娱乐,https://r1.visitbeijing.com.cn/vbj-s/2016/0901/20160901032825967.jpg
北京CBD国际高尔夫球会,https://s.visitbeijing.com.cn/attraction/119564,北京CBD国际高尔夫球会坐落于北京东部的黄金地段,北京市朝阳区高碑店路99号,休闲娱乐,https://r1.visitbeijing.com.cn/vbj-s/2016/0901/20160901030900609.jpg
北京二十二院街艺术区,https://s.visitbeijing.com.cn/attraction/119563,北京二十二院街艺术区，总建筑面积30万平方米，其中涵盖了21层的超五星级酒店式公寓,北京第一商务大道东三环CBD路段,特色游,https://r1.visitbeijing.com.cn/vbj-s/2016/0901/20160901023159192.jpg
北京卡通艺术博物馆,https://s.visitbeijing.com.cn/attraction/119559,北京卡通艺术博物馆原名北京卡通世界博物馆，现已更名并搬迁至北京市朝阳区北花园6号院12号楼，隶属于北京市文物局，是经北京市政府批准成立的全民所有制事业单位。,三间房乡北花园街6号院12号楼（近国际动漫产业园）,博物馆 | 特色游,https://r1.visitbeijing.com.cn/vbj-s/2016/0831/20160831045150618.jpg
望京SOHO,https://s.visitbeijing.com.cn/attraction/119557,望京SOHO位于北京市朝阳区望京街与阜安西路交叉路口，由世界著名建筑师扎哈 · 哈迪德(Zaha Hadid)担纲总设计师,中国北京市朝阳区望京街10号,休闲娱乐,https://r1.visitbeijing.com.cn/vbj-s/2016/0831/20160831033048739.jpg
中央电视台总部大楼,https://s.visitbeijing.com.cn/attraction/119556,中央电视台总部大楼，位于北京商务中心区，内含央视总部大楼、电视文化中心、服务楼、庆典广场。,北京市朝阳区东三环中路,休闲娱乐,https://r1.visitbeijing.com.cn/vbj-s/2016/0831/20160831031847795.jpg
银河soho,https://s.visitbeijing.com.cn/attraction/119555,SOHO中国旗下的银河SOHO位于北京内城罕有的大型地块。,东二环朝阳门桥西南角,休闲娱乐,https://r1.visitbeijing.com.cn/vbj-s/2016/0831/20160831030925452.jpg
今日美术馆,https://s.visitbeijing.com.cn/attraction/119551,今日美术馆位于北京市朝阳区，成立于2002年，于2006年7月，成功转型为真正意义上的非盈利机构。,北京市朝阳区CBD中心百子湾路,休闲娱乐,https://r1.visitbeijing.com.cn/vbj-s/2016/0830/20160830034514790.jpg
侨福芳草地,https://s.visitbeijing.com.cn/attraction/119548,侨福芳草地以领先绿色思维，打造汇聚「顶级办公，优雅购物，精品酒店与艺文荟萃」的北京新地标。,北京市朝阳区东大桥路9号,休闲娱乐,https://r1.visitbeijing.com.cn/vbj-s/2016/0830/20160830032421123.jpg
北京蟹岛水上乐园,https://s.visitbeijing.com.cn/attraction/119524,北京蟹岛水上乐园位于北京市朝阳区机场辅路蟹岛度假村内，是目前为止中国最大的人造海滨浴场。,北京市朝阳区蟹岛路1号,休闲娱乐 | 特色游 | 漂流 | 避暑,https://r1.visitbeijing.com.cn/vbj-s/2016/0826/20160826101706976.jpg
太阳宫卡酷科技水乐园,https://s.visitbeijing.com.cn/attraction/119445,“太阳宫卡酷科技水乐园”位于太阳宫公园西门草坪广场，占地面积近2万平方米。,北京市朝阳区太阳宫中路6号太阳公园西门,特色游 | 踏青 | 赏花 | 漂流 | 避暑,https://r1.visitbeijing.com.cn/vbj-s/2016/0816/20160816041329498.png
北京嘻哈包袱铺,https://s.visitbeijing.com.cn/attraction/119420,嘻哈包袱铺”是一个相声团体，由30多人组成，平均年龄24岁，几乎清一色是“80后”男生。,北京朝阳区安定路1号国家奥体中心综合训练馆3楼（近奥体中心）,休闲娱乐 | 特色游,https://r1.visitbeijing.com.cn/vbj-s/2016/0815/20160815093944147.bmp
团结湖海滨乐园,https://s.visitbeijing.com.cn/attraction/119393,团结湖公园内的仿真海滨乐园，环境优美，素有“京城小北戴河”之称，炎炎夏日，足不出城，便可让您享受到夏日海滨的乐趣。,北京市朝阳区团结湖南里16号,休闲娱乐 | 特色游,https://r1.visitbeijing.com.cn/vbj-s/2016/0810/20160810050627687.jpg
小蚂蚁儿童农庄,https://s.visitbeijing.com.cn/attraction/119336,这里是孩子动手，动脑，创意无限手工制作平台，小朋友们不但可以参加小蚂蚁俱乐部的户外活动，而且可以走进农庄。,北京市朝阳区金盏乡蓝调庄园内小蚂蚁儿童农庄,特色游,https://r1.visitbeijing.com.cn/vbj-s/2016/0804/20160804011756121.jpg
北京奥林匹克公园网球场,https://s.visitbeijing.com.cn/attraction/119334,奥林匹克网球中心总建筑面积26514平方米，按照比赛要求，网球中心包括6块练习场和10块比赛场，共设坐席1.74万个。,北京市朝阳区奥林匹克公园,特色游,https://r1.visitbeijing.com.cn/vbj-s/2016/0804/20160804115458349.jpg
北京雪乐山室内滑雪,https://s.visitbeijing.com.cn/attraction/119278,雪乐山室内滑雪在引进荷兰专业滑雪教学、培训、管理方法并加以改进的同时，还聘请了运动与脑发展领域专家协助开发个性化课程与评测体系。,北京市朝阳区高碑店北花园吉里国际艺术区W3-D,特色游 | 温泉 | 滑雪,https://r1.visitbeijing.com.cn/vbj-s/2016/0729/20160729023731330.jpg
朝阳规划艺术馆,https://s.visitbeijing.com.cn/attraction/119209,北京市朝阳区规划艺术馆(以下简称规划馆)位于朝阳公园东五门内，紧邻东四环，环境优美,朝阳区农展南路1号朝阳规划艺术馆2楼,休闲娱乐,https://r1.visitbeijing.com.cn/vbj-s/2016/0726/20160726100519886.png
摩力圣汇温泉会馆,https://s.visitbeijing.com.cn/attraction/119068,摩力圣汇温泉会馆中心结合温泉中各种有效成分发生不同作用的温度条件，根据不同的温度，让不同体质的宾客都能享受到温泉带来的理疗作用。,北京市朝阳区劲松路9号,特色游 | 温泉 | 滑雪,https://r1.visitbeijing.com.cn/vbj-s/2016/0714/20160714031412381.jpg
全国农业展览馆,https://s.visitbeijing.com.cn/attraction/119019,全国农业展览馆(以下简称“农展馆”)始建于1959年，是首都著名的十大建筑之一，地理位置、规模、布局和风格均由周恩来总理亲自审定。,北京市东三环北路16号农展桥东侧,休闲娱乐 | 特色游,https://r1.visitbeijing.com.cn/vbj-s/2016/0704/20160704032721393.png
蟹岛嘉年华,https://s.visitbeijing.com.cn/attraction/118800,蟹岛嘉年华是成年人合家欢乐的首选地，是孩子们的开心乐园，是年轻人的娱乐先锋地。,北京市朝阳区蟹岛路1号（首都机场辅路中段南侧）,休闲娱乐,https://r1.visitbeijing.com.cn/vbj-s/2016/0519/20160519053553507.jpg
蟹岛城市海景水上乐园,https://s.visitbeijing.com.cn/attraction/118798,城市海景(水上乐园)是中国最大的人造海滨浴场。,北京市朝阳区蟹岛路1号（首都机场辅路中段南侧）,休闲娱乐 | 特色游 | 烧烤,https://r1.visitbeijing.com.cn/vbj-s/2016/0622/20160622105921393.jpg
鸟巢CAIA会展中心,https://s.visitbeijing.com.cn/attraction/118702,鸟巢CAIA会展中心是在奥林匹克景区与鸟巢和水立方相并列的第三大旅游景区...,北京市朝阳区国家体育场南路一号CAIA北京会展中心,休闲娱乐 | 特色游,https://r1.visitbeijing.com.cn/vbj-s/2016/0422/20160422044045511.jpg
风度马会国际马术俱乐部,https://s.visitbeijing.com.cn/attraction/118604,俱乐部愿以真诚的热情、周到的服务让每位马术学员享受马术乐趣！,朝阳区孙河乡滨河路1号；丰台区王佐镇滨河路1号，世界地热博览园旁；,休闲娱乐,https://r1.visitbeijing.com.cn/vbj-s/2016/0408/20160408055823726.jpg
顺景温泉,https://s.visitbeijing.com.cn/attraction/118461,温泉池相互衔接，清池湖泊、小桥流水、亿年奇石、千年珍木、百年溶洞...充满着神秘色彩，给人以原始丛林的生态之美。,北京市朝阳区北四环东路2号顺景温泉酒店。,温泉 | 滑雪,https://r1.visitbeijing.com.cn/vbj-s/2016/0104/20160104024825207.jpg
梦想汽车公园,https://s.visitbeijing.com.cn/attraction/118456,通过真车实物将汽车历史、汽车文化相关的发展历程经典再现。,北京市朝阳区蟹岛路1号北京梦想汽车公园名车馆,休闲娱乐 | 特色游,https://r1.visitbeijing.com.cn/vbj-s/2015/1130/20151130034941369.jpg
康心体育乐园,https://s.visitbeijing.com.cn/attraction/118412,康新体育乐园属于乡办公园，分为南动、北净两园，一条小溪由北园穿过中心路流到南园。,朝阳区楼梓庄乡政府东,休闲娱乐,https://r1.visitbeijing.com.cn/vbj-s/2015/0908/20150908035101735.jpg
高碑店古家具街,https://s.visitbeijing.com.cn/attraction/118407,"在北京，南有古玩城，东有高碑店，是众所周知的古典家具的两大市场，经营具有明清特色的古旧家具及""老木新做""的新概念家具",北京市朝阳区城乡结合部高碑店村,休闲娱乐 | 特色游,https://r1.visitbeijing.com.cn/vbj-s/2015/0907/20150907050246301.jpg
老君堂公园,https://s.visitbeijing.com.cn/attraction/118405,公园建设主要是对原有林地进行改造和提升，增加园林树种和地被植物，建成自然野趣、景色优美的自然生态园林。,北京市朝阳区十八里店乡老君堂村武警部队以东,特色游 | 踏青 | 赏花,https://r1.visitbeijing.com.cn/vbj-s/2015/0907/20150907041109481.jpg
东风公园,https://s.visitbeijing.com.cn/attraction/118404,东风公园以植物景观为主题特色，新植近三万株常绿、落叶乔木，四万株花灌木，地被花卉二十余万平方米。,北京市朝阳区东风乡将台洼村,踏青 | 赏花,https://r1.visitbeijing.com.cn/vbj-s/2015/0907/20150907035157474.jpg
白鹿郊野公园,https://s.visitbeijing.com.cn/attraction/118402,白鹿郊野公园有浓厚白鹿文化，白鹿司地区在明朝时期为皇家饲养白鹿的地方，公园内用形似白鹿的自然山石、白鹿图案石雕、白鹿图案卵石铺装以及白鹿雕塑来体现公园白鹿文化。,北京市朝阳区王四营乡道口村,踏青 | 赏花,https://r1.visitbeijing.com.cn/vbj-s/2015/0907/20150907032052982.jpg
常营公园,https://s.visitbeijing.com.cn/attraction/118400,园内有大量的彩叶植物供游人欣赏，有红的枫树，绿的松柏和大片的金黄色的银杏，树林让游人感觉畅游在金色的海洋中。,北京市朝阳区常营乡幺家店路北侧,踏青 | 赏花,https://r1.visitbeijing.com.cn/vbj-s/2015/0907/20150907024502549.jpg
百花郊野公园,https://s.visitbeijing.com.cn/attraction/118399,公园大量使用花灌木、野生草本地被，以及观赏草，营造郊野特色显著，繁花似锦的时尚郊野公园。,北京市朝阳区高碑店乡北花园村,踏青 | 赏花,https://r1.visitbeijing.com.cn/vbj-s/2015/0907/20150907022029553.jpg
金田郊野公园,https://s.visitbeijing.com.cn/attraction/118395,月季园、海棠园、樱花园、静心园搭配亭廊组合形成多个小型游人休闲广场，是一处郊游观光、休闲健身的理想场所。,北京市朝阳区豆各庄乡于家围北村478号,特色游 | 踏青 | 赏花,https://r1.visitbeijing.com.cn/vbj-s/2015/0906/20150906044730747.jpg
潘晓婷台球俱乐部,https://s.visitbeijing.com.cn/attraction/118394,潘晓婷台球俱乐部已经是拥有超过13家单店面积超过1000平方米台球俱乐部连锁集团，员工人数也已近300人，网点遍布全国多个大中城市,北京市东三环华威桥南联合国际大厦地下一层,休闲娱乐,https://r1.visitbeijing.com.cn/vbj-s/2015/0906/20150906041233889.jpg
环铁轰趴馆,https://s.visitbeijing.com.cn/attraction/118388,摄影主题的轰趴馆，驻场专业摄影师针对于零基础的摄影爱好者进行免费指导,北京市朝阳区环铁艺术城C068,特色游,https://r1.visitbeijing.com.cn/vbj-s/2015/0826/20150826025142391.jpg
北京海德温泉酒店,https://s.visitbeijing.com.cn/attraction/118384,每一个项目都具有相当完备的硬件设施和久经历练的服务团队，保证顾客消费的每一个细节都舒心而顺畅。,北京市朝阳区青年路西里1号院,温泉 | 滑雪,https://r1.visitbeijing.com.cn/vbj-s/2015/0825/20150825044007248.jpg
活的3D博物馆,https://s.visitbeijing.com.cn/attraction/118378,探客360°3D艺术体验展是融合科技和文化的经典展览，在游玩中提高艺术修养领略艺术之美。,北京市朝阳区酒仙桥4号751D.PARK C12,休闲娱乐 | 特色游,https://r1.visitbeijing.com.cn/vbj-s/2015/0824/20150824051608491.jpg
北京朝阳剧场,https://s.visitbeijing.com.cn/attraction/118371,北京朝阳剧场是一家以杂技演出为主要经营的场所，经过二十余年的特色经营，已形成“看杂技到朝阳”的文化品牌。,北京市朝阳区东三环北路36号朝阳剧场,休闲娱乐,https://r1.visitbeijing.com.cn/vbj-s/2015/0824/20150824020940895.jpg
北京咏春拳学总会,https://s.visitbeijing.com.cn/attraction/118366,王志鹏师傅自幼习武，是国际影视功夫巨星李小龙的师兄咏春宗师叶问的大弟子黄淳梁师傅,北京朝阳区广渠门外大街8号优士阁写字楼C座4层402,休闲娱乐,https://r1.visitbeijing.com.cn/vbj-s/2015/0821/20150821040032499.jpg
蓝调庄园温泉,https://s.visitbeijing.com.cn/attraction/118365,繁忙的都市生活是不是已经感到倦怠?想不想让身心得到一次悠闲惬意的放松、回归自然的怀抱?,北京市朝阳区金盏乡楼梓庄蓝调庄园,温泉 | 滑雪,https://r1.visitbeijing.com.cn/vbj-s/2015/0821/20150821033430947.jpg
奇门密室逃脱,https://s.visitbeijing.com.cn/attraction/118364,,朝阳区 润枫水尚3号楼3单元1502(近朝阳大悦城),特色游,https://r1.visitbeijing.com.cn/vbj-s/2015/0821/20150821031459748.jpg
上绎锋巢射箭运动俱乐部,https://s.visitbeijing.com.cn/attraction/118362,以射箭运动为核心的休闲娱乐社交平台，提供尊贵的运动享受、释放生活的压力,北京朝阳区霄云路35号院内,休闲娱乐,https://r1.visitbeijing.com.cn/vbj-s/2015/0820/20150820042521267.jpg
泡泡秀体验馆,https://s.visitbeijing.com.cn/attraction/118357,集娱乐、健身、益智、交友 为一体的韩国魔幻泡泡秀体验馆 以达到趣味引导探索、自信 促添心智的启智教育目的。,北京朝阳广顺北大街33号凯德MALL望京4层04-06,休闲娱乐 | 特色游,https://r1.visitbeijing.com.cn/vbj-s/2015/0819/20150819042916216.jpg
哈比豆儿童乐园,https://s.visitbeijing.com.cn/attraction/118356,哈比豆儿童城专营室内大型儿童游乐场，以各种丰富多彩的主题活动将固定设施注入鲜活的生命力。,北京市朝阳酒仙桥久隆百货3层,休闲娱乐 | 特色游,https://r1.visitbeijing.com.cn/vbj-s/2015/0819/20150819041313343.jpg
小柯剧场,https://s.visitbeijing.com.cn/attraction/118355,小柯剧场是一个全新形式的剧场，致力于生产高品质的改变以往观演关系的具有强烈感官刺激的小柯形式剧。,朝阳区酒仙桥路4号751D·PARK北京时尚设计广场火车头广场对面,休闲娱乐,https://r1.visitbeijing.com.cn/vbj-s/2015/0819/20150819035235398.jpg
北京工体翻斗乐,https://s.visitbeijing.com.cn/attraction/118353,北京工体翻斗乐是一个集娱乐、教育、健康、休闲为一体的大型室内儿童教育娱乐中心。,北京市朝阳区朝阳门外工人体育场南路,休闲娱乐 | 特色游,https://r1.visitbeijing.com.cn/vbj-s/2015/0819/20150819023724675.jpg
郁金香儿童乐园,https://s.visitbeijing.com.cn/attraction/118343,郁金香儿童乐园坐落在美丽的郁金香花园人工湖畔，乐园环境优美、绿树茵茵,北京市朝阳区东苇路金盏郁金香花园,特色游,https://r1.visitbeijing.com.cn/vbj-s/2015/0817/20150817013406338.jpg
杜仲公园,https://s.visitbeijing.com.cn/attraction/118342,园内种有七年生名贵药材杜仲树两万八千余棵，通幽达静，非常适合休闲散步,北京市朝阳区三间房乡（北京市朝阳区金卫路）,特色游 | 踏青 | 赏花,https://r1.visitbeijing.com.cn/vbj-s/2015/0806/20150806030604871.jpg
北顶娘娘庙,https://s.visitbeijing.com.cn/attraction/118340,这是一座彰显着民族精神和人文奥运魅力的场所,北京市朝阳区国家体育场南路与天辰西路交汇,遗产古迹,https://r1.visitbeijing.com.cn/vbj-s/2015/0728/20150728020643792.jpg
北京励志堂科举匾额博物馆,https://s.visitbeijing.com.cn/attraction/118338,八百年间科举最高等级考试：会试、殿试，多数都在北京举行。此间在北京考出了约二百五十名状元,北京市朝阳区高碑店新文化街内1366号,博物馆 | 特色游,https://r1.visitbeijing.com.cn/vbj-s/2015/0722/20150722044124639.jpg
喜沙沙创意沙画,https://s.visitbeijing.com.cn/attraction/118334,沙画结合现代人的审美观，依托深厚的文化底蕴和文化内涵。采用产自神奇大自然的天然彩沙，经手工精致而成,北京市朝阳区太阳宫七圣中街12号3层,特色游,https://r1.visitbeijing.com.cn/vbj-s/2015/0721/20150721035122729.jpg
奇乐儿儿童主题公园,https://s.visitbeijing.com.cn/attraction/118328,“奇乐儿”软体游乐场为宝宝们准备了充满刺激、挑战、又让家长放心的健身环境,朝阳区姚家园路甲一号活力东方奥特莱斯三层,特色游,https://r1.visitbeijing.com.cn/vbj-s/2015/0720/20150720041310180.jpg
蓝天城少儿职业体验乐园,https://s.visitbeijing.com.cn/attraction/118326,中国最好的儿童职业体验中心，以工业制造、商业、传媒、美食、金融、军事、文化七大主题为中心,北京市朝阳区朝阳北路101号朝阳大悦城10层,特色游,https://r1.visitbeijing.com.cn/vbj-s/2015/0720/20150720030341499.jpg
比如世界儿童职业体验馆,https://s.visitbeijing.com.cn/attraction/118325,北京比如世界儿童职业体验馆，是专为3-12岁少年儿童设计的、由少年儿童自主管理的儿童城市,北京市朝阳区京顺路111号（三元桥北侧）比如世界购物中心二层,特色游,https://r1.visitbeijing.com.cn/vbj-s/2015/0720/20150720015930793.jpg
水晶树温泉,https://s.visitbeijing.com.cn/attraction/118324,水晶树温泉·SPA会所，没有钟鸣鼎食的歌舞升平，没有车水马龙的繁华闹市，有的只是宁静午后，从围墙中探出的一抹花木疏影,朝阳区朝阳路高井69号楼12号院(近财满街),休闲娱乐 | 特色游 | 温泉 | 滑雪,https://r1.visitbeijing.com.cn/vbj-s/2015/0720/20150720115437861.jpg
京城槐园,https://s.visitbeijing.com.cn/attraction/118309,京城槐园以北京市市树槐树和槐文化为特色，着重渲染“夏木荫荫，槐花飘香”的夏季植物景观,北京市朝阳区平房乡北小河路东,休闲娱乐,https://r1.visitbeijing.com.cn/vbj-s/2015/0714/20150714012646374.jpg
摩锐水世界,https://s.visitbeijing.com.cn/attraction/118307,摩锐水世界秉承“北方夏威夷”的伟大构思，是郁金香温泉度假村巨资兴建的北京最大、最丰富的室内水上乐园,北京市朝阳区东苇路金盏郁金香花园,休闲娱乐 | 特色游 | 避暑,https://r1.visitbeijing.com.cn/vbj-s/2015/0714/20150714105822195.jpg
鸟巢欢乐冰雪季,https://s.visitbeijing.com.cn/attraction/118298,打造北京城内最亮丽的雪上游乐中心，为全国游客和北京市民提供一个冬季参与冰雪活动的全民健身场所，为北京冬季体育文化生活增添亮点。,北京市朝阳区国家体育场南路1号,特色游,https://r1.visitbeijing.com.cn/vbj-s/2013/1231/20131231110306790.jpg
老北京动起来展馆,https://s.visitbeijing.com.cn/attraction/118286,近8000平方米的“看老北京，爱新北京”活动展分为三个部分：“老北京动起来”多媒体数字艺术展、老北京市井风情展、中国书画探索展。,北京市朝阳区天辰东路7号国家会议中心B4地下一层,博物馆 | 特色游,https://r1.visitbeijing.com.cn/vbj-s/2013/0802/20130802114929967.jpg
国家会议中心,https://s.visitbeijing.com.cn/attraction/118277,国家会议中心外形美观大方，总建筑面积53万平方米，会议中心主体建筑面积27万平方米，功能齐全，设施先进。,朝阳区天辰东路7号,特色游,https://r1.visitbeijing.com.cn/vbj-s/2015/0729/20150729024622244.jpg
北焦公园（停业整顿）,https://s.visitbeijing.com.cn/attraction/118232,北焦公园建于1984年，全员总面积28141平方米，花灌木4000多株，做到了三季有花，四季常青，水面积5000多平方米，游人夏可划船、冬可滑冰。,十八里店,休闲娱乐 | 踏青 | 赏花,https://r1.visitbeijing.com.cn/vbj-s/2013/0426/20130426110129899.jpg
丽都花园,https://s.visitbeijing.com.cn/attraction/118231,丽都公园具有典型欧式园林风格，公园小巧精致，景色优美，交通便利，地处闹市，却有远离城市喧嚣之感。,朝阳区将台路6号丽都广场内(近酒仙桥),休闲娱乐 | 踏青 | 赏花,https://r1.visitbeijing.com.cn/vbj-s/2015/0804/20150804030932435.jpg
黄渠公园,https://s.visitbeijing.com.cn/attraction/118230,黄渠公园是较早的村建公园， 各种花木已经成景，达到了三级有花、四季常绿，鸟语花香，游园、健身高峰时可达上千人次。,朝阳区平房乡黄渠村,休闲娱乐 | 踏青 | 赏花,https://r1.visitbeijing.com.cn/vbj-s/2013/0424/20130424054447810.jpg
镇海寺公园,https://s.visitbeijing.com.cn/attraction/118228,盛夏时节，园内绿树成荫、花香鸟鸣，夕阳西下，小桥流水，为居民避暑纳凉、休闲游憩提供了良好场所，镇海寺公园已成为附近居民的后花园。,北京市朝阳区小红门牌坊小店。,休闲娱乐 | 踏青 | 赏花,https://r1.visitbeijing.com.cn/vbj-s/2013/0424/20130424031432541.jpg
朝来农艺园,https://s.visitbeijing.com.cn/attraction/118227,朝来农艺园区可以进行观光、采摘、休闲、娱乐活动，园内空气新鲜、绿树成荫、鸟语花香，可以体验到乡情农趣。,朝阳区来广营乡新生村西侧,休闲娱乐 | 采摘,https://r1.visitbeijing.com.cn/vbj-s/2013/0424/20130424015724435.jpg
太阳宫公园,https://s.visitbeijing.com.cn/attraction/118226,太阳宫公园是一个免费游览的社区类小公园，位于北四环东路朝阳区太阳宫乡境内，是一区域性综合公园，主要服务于周围居民的日常休闲需要。,北京市朝阳区太阳宫中路6号,休闲娱乐 | 踏青 | 赏花,https://r1.visitbeijing.com.cn/vbj-s/2015/0804/20150804111649550.jpg
窑洼湖公园,https://s.visitbeijing.com.cn/attraction/118225,窑洼湖公园正在创造一个动静结合可持续发展的生态环境，集运动、娱乐、休闲于一体的综合性公园。,朝阳区北工大路南磨房乡(近化工路),休闲娱乐 | 踏青 | 赏花,https://r1.visitbeijing.com.cn/vbj-s/2013/0424/20130424093345197.jpg
姚家园公园,https://s.visitbeijing.com.cn/attraction/118224,"园内树木已经成景、设施比较完善、吸引了许多附近的居民，在炎热的夏天,村民有了休闲避暑的场所。",朝阳区姚家园北路姚家园村内,休闲娱乐 | 踏青 | 赏花,https://r1.visitbeijing.com.cn/vbj-s/2013/0423/20130423052627360.jpg
金盏郁金香花园,https://s.visitbeijing.com.cn/attraction/118223,金盏乡依傍在温榆河畔，空气清新，环境优美，是北京近郊的一处无污染的净地，在这里兴建的郁金香花园已成为城里市民假期郊游的理想之所。,金盏乡郁金香花园,休闲娱乐 | 赏花,https://r1.visitbeijing.com.cn/vbj-s/2013/0423/20130423040851139.jpg
北京朝来森林公园,https://s.visitbeijing.com.cn/attraction/118222,公园内植物配置使用苗木品种80种，其中乔灌共计36538株。充分体现了物种多样性的原则，形成一个较为生态合理植物群落。,北京市朝阳区来广营乡。,休闲娱乐 | 登山 | 踏青 | 赏花,https://r1.visitbeijing.com.cn/vbj-s/2013/0423/20130423023203987.jpg
北京服装学院服饰博物馆,https://s.visitbeijing.com.cn/attraction/118167,中国第一家服饰类博物馆，也是一个集收藏、教学、科研为一体的文化研究机构。,北京市朝阳区和平街北口北京服装学院综合大楼3层,博物馆 | 特色游,https://r1.visitbeijing.com.cn/vbj-s/2015/0803/20150803033322195.jpg
中国现代文学馆,https://s.visitbeijing.com.cn/attraction/118159,"中国现代文学馆是国家级重点文化单位,这里主要展示中国现当代文学发展史以及重要作家、文学流派的文学成就，是现当代文学研究的阵地。",北京市朝阳区芍药居文学馆路45号,博物馆 | 特色游,https://r1.visitbeijing.com.cn/vbj-s/2015/0803/20150803023939753.jpg
炎黄艺术馆,https://s.visitbeijing.com.cn/attraction/118144,旨在收藏和展览中华民族优秀文化艺术品，为海内外艺术家、收藏家提供艺术交流的场地。,北京市朝阳区亚运村慧忠路9号,博物馆 | 特色游,https://r1.visitbeijing.com.cn/vbj-s/2015/0731/20150731012747218.jpg
中国农业博物馆,https://s.visitbeijing.com.cn/attraction/118142,中国农业博物馆陈列内容丰富，生动形象，是了解中国悠久的农业历史和当代中国农业成就的窗口，也是交流农业科学技术、传播农业知识的场所。,北京市朝阳区东三环北路16号,博物馆 | 特色游,https://r1.visitbeijing.com.cn/vbj-s/2015/0803/20150803101816773.jpg
中国体育博物馆,https://s.visitbeijing.com.cn/attraction/118140,通过展品，可以比较全面地了解到具有悠久传统的中国体育历史的发展过程。,北京朝阳区安定路甲3号,博物馆 | 特色游,https://r1.visitbeijing.com.cn/vbj-s/2015/0803/20150803113710303.jpg
北京民俗博物馆,https://s.visitbeijing.com.cn/attraction/118111,北京民俗博物馆是京城唯一一座国办民俗类专题博物馆。馆内常年举办老北京民俗风物系列展。,北京市朝阳区朝外大街141号,博物馆 | 特色游,https://r1.visitbeijing.com.cn/vbj-s/2015/0803/20150803014716370.jpg
中国电影博物馆,https://s.visitbeijing.com.cn/attraction/118102,中国电影博物馆是目前世界上最大的国家级电影专业博物馆，是纪念中国电影诞生100周年的标志性建筑。,北京市朝阳区南影路九号,博物馆 | 特色游,https://r1.visitbeijing.com.cn/vbj-s/2013/0306/20130306042837942.jpg
西藏文化博物馆,https://s.visitbeijing.com.cn/attraction/118092,爱国主义教育和各民族文化交流活动的基地。,北京市朝阳区北四环东路131号,博物馆 | 特色游,https://r1.visitbeijing.com.cn/vbj-s/2013/0222/20130222045602825.jpg
民航博物馆,https://s.visitbeijing.com.cn/attraction/118091,中国民航博物馆是人们最快捷、最直接地进入民航的无障碍通道，也是最清晰、最深切地凝视民航的窗口。,北京市朝阳区首都机场辅路民航200号地区,博物馆 | 特色游,https://r1.visitbeijing.com.cn/vbj-s/2015/0731/20150731025434540.jpg
国家动物博物馆,https://s.visitbeijing.com.cn/attraction/118062,这里适合带孩子来，因为标本很多，有很多在动物园是看不到的，可以近距离观看。,北京市朝阳区北辰西路1号院5号大屯路中国科学院动物研究所,博物馆 | 特色游,https://r1.visitbeijing.com.cn/vbj-s/2015/0731/20150731020735876.jpg
中国铁道博物馆正阳门馆,https://s.visitbeijing.com.cn/attraction/118042,了解中国铁路历史 从这里开始,北京市东城区前门大街甲2号(正阳门东南角对面),博物馆 | 特色游,https://r1.visitbeijing.com.cn/vbj-s/2015/1221/20151221044918954.jpg
水立方（国家游泳中心）,https://s.visitbeijing.com.cn/attraction/118018,创意奇特的膜结构，五颜六色的肥皂泡组合，与国家体育场相望于中轴线两侧，成为北京永恒的经典。,北京市朝阳区天辰东路11号国家游泳中心（水立方）,特色游,https://r1.visitbeijing.com.cn/vbj-s/2015/1124/20151124053439506.jpg
鸟巢（国家体育场）,https://s.visitbeijing.com.cn/attraction/118017,08年北京奥运会主体育场，外形像个鸟巢，如果你晚上开着车在京城里兜风，可以到这儿来看看夜景。,北京市朝阳区国家体育场南路1号,休闲娱乐 | 特色游,https://r1.visitbeijing.com.cn/vbj-s/2015/1124/20151124052152566.jpg
北京奥林匹克公园射箭场,https://s.visitbeijing.com.cn/attraction/117973,“V”字形的场地、高高的看台，黄色的座椅，绿色的草地，令人产生百步穿杨的遐想。,北京市朝阳区北四环中路奥林匹克森林公园内,休闲娱乐 | 特色游,https://r1.visitbeijing.com.cn/vbj-s/2015/0730/20150730104333230.jpg
北京工人体育场,https://s.visitbeijing.com.cn/attraction/117961,北京国安联赛主场地，工体一直是国安的福地，当年的“工体不败”神话至今让人难忘。,北京市朝阳区工人体育场北路,特色游,https://r1.visitbeijing.com.cn/vbj-s/2016/1123/20161123040344723.jpg
水立方嬉水乐园,https://s.visitbeijing.com.cn/attraction/117955,水上亲子乐园的天堂，亚洲最大的室内嬉水乐园，全年智能温控系统，为游客提供了人体感觉最舒适的水温。,北京市朝阳区北辰路奥林匹克公园内,休闲娱乐 | 特色游 | 避暑,https://r1.visitbeijing.com.cn/vbj-s/2012/1207/20121207042717302.jpg
太古里（原三里屯Village）,https://s.visitbeijing.com.cn/attraction/117828,北京最潮，最in，最fashion的聚集地，身为潮人的人怎能错过。,北京市朝阳区工体北路甲6号,休闲娱乐,https://r1.visitbeijing.com.cn/vbj-s/2015/0727/20150727111247890.jpg
元大都城垣遗址公园,https://s.visitbeijing.com.cn/attraction/117825,海棠笑迎客 留步看花溪，海棠花节是元大都遗址公园每年一次的踏青赏花节，海棠花花期一般是4月中旬-4月下旬，公园中的七大景区无不体现出历史文化的神韵。,北京市朝阳区北土城东路利天弘市场西20米,休闲娱乐 | 特色游 | 踏青 | 赏花,https://r1.visitbeijing.com.cn/vbj-s/2015/1201/20151201042940580.jpg
北京中华民族博物院,https://s.visitbeijing.com.cn/attraction/117819,北京中华民族博物院是一座复原、收藏、陈列和研究中国56个民族文化、文物、社会生活的大型人类学博物院，按少数民族风格，真实再现出各个民族的文化遗存。,北京市朝阳区民族园路1号,博物馆 | 特色游,https://r1.visitbeijing.com.cn/vbj-s/2015/1201/20151201060630514.jpg
中国科学技术馆,https://s.visitbeijing.com.cn/attraction/117814,中国科技馆（新馆）是我国唯一的国家综合性科技馆，是周末家长带孩子去玩的好地方，可以让孩子动手动脑亲身体验，加深对科学的理解和感悟。,北京市朝阳区北辰东路5号,博物馆 | 特色游,https://r1.visitbeijing.com.cn/vbj-s/2015/1130/20151130052302860.jpg
世贸天阶,https://s.visitbeijing.com.cn/attraction/117301,美食、娱乐、空间艺术、时尚，以满足看、听、嗅、味、触的全感官之旅的休闲购物场所。,北京市朝阳区光华路甲9号,休闲娱乐 | 特色游,https://r1.visitbeijing.com.cn/vbj-s/2015/0730/20150730043127463.jpg
秀水街,https://s.visitbeijing.com.cn/attraction/117289,秀水街，来京必逛一景，看外国美女帅哥聚集地。,北京市朝阳区秀水东街8号,休闲娱乐,https://r1.visitbeijing.com.cn/vbj-s/2015/0730/20150730034826726.jpg
中央电视台,https://s.visitbeijing.com.cn/attraction/101931,中央电视台新楼被称“大裤衩”，虽非议重重，但它成为北京市重要的标志性建筑和重要的文化景观。,北京市朝阳区东三环中路(近光华路),特色游,https://r1.visitbeijing.com.cn/vbj-s/2015/0730/20150730030246651.jpg
蟹岛绿色生态农庄,https://s.visitbeijing.com.cn/attraction/101896,“前店后园”的布局别具一格，整个园区分四大块：种植园区、养殖园区、科技园区和旅游度假园区。,北京市朝阳区金盏乡蟹岛路1号,休闲娱乐 | 特色游 | 垂钓 | 踏青 | 赏花 | 避暑,https://r1.visitbeijing.com.cn/vbj-s/2015/1203/20151203041733215.jpg
观复古典艺术博物馆,https://s.visitbeijing.com.cn/attraction/101844,观复博物馆是新中国第一家私立博物馆。它被誉为民间的“聚宝盆”。,北京市朝阳区大山子张万坟金南路18号,博物馆 | 特色游,https://r1.visitbeijing.com.cn/vbj-s/2012/1206/20121206050905569.jpg
中国工艺美术馆,https://s.visitbeijing.com.cn/attraction/101821,中国工艺美术源远流长，在历史发展的长河里，放射出璀璨的光芒，是人类文化艺术宝库中的一枝瑰宝。,北京市朝阳区湖景东路16号,博物馆 | 特色游,https://r1.visitbeijing.com.cn/vbj-s/2025/1114/7dd1705664b729af406c9cce403f48a1.jpg
北京东岳庙,https://s.visitbeijing.com.cn/attraction/101445,东岳庙距今已有六百多年的历史，元末毁于战火，后经多次扩建，有华北第一道观之称。,北京市朝阳区朝外大街141号,博物馆 | 特色游,https://r1.visitbeijing.com.cn/vbj-s/2012/1207/20121207013925966.jpg
国家体育馆,https://s.visitbeijing.com.cn/attraction/101393,国家体育馆以中国“折扇”为设计灵感，采取由南向北的波浪式造型，屋面轻盈而富于动感。,北京市朝阳区天辰东路9号奥林匹克公园内,休闲娱乐 | 特色游,https://r1.visitbeijing.com.cn/vbj-s/2015/0729/20150729012324872.jpg
三里屯酒吧街,https://s.visitbeijing.com.cn/attraction/101361,北京最热闹的酒吧街，泡吧、喝酒看美女一个都不能少！,北京市朝阳区酒吧街,休闲娱乐,https://r1.visitbeijing.com.cn/vbj-s/2012/1206/20121206112135304.jpg
北京798艺术区,https://s.visitbeijing.com.cn/attraction/101342,曾经的工厂区，后来渐渐被一群艺术家租来做画室或展厅，因文化大革命时期的标语与现代艺术的碰撞使798在这个环境下涅槃重生。,北京市朝阳区酒仙桥路4号(近大山子桥),特色游,https://r1.visitbeijing.com.cn/vbj-s/2015/0729/20150729103120118.jpg
朝阳公园沙滩排球场,https://s.visitbeijing.com.cn/attraction/101241,北京奥运会期间承担沙滩排球比赛，现每年夏天会举行沙滩节，想体会性感火辣的沙滩排球？还等什么？,北京市朝阳区朝阳公园南路1号朝阳公园东门7号,休闲娱乐 | 特色游,https://r1.visitbeijing.com.cn/vbj-s/2015/0729/20150729093546563.jpg
奥林匹克公园曲棍球场,https://s.visitbeijing.com.cn/attraction/101238,北京奥运会期间承担曲棍球比赛的场馆。,北京市朝阳区奥林匹克公园南区,休闲娱乐 | 特色游,https://r1.visitbeijing.com.cn/vbj-s/2015/0728/20150728050449848.jpg
国家会议中心击剑馆,https://s.visitbeijing.com.cn/attraction/101237,国家会议中心击剑馆在奥运会期间承担击剑的全部赛事，现已改建成为大会堂。而国家会议中心也是场馆改造极其成功的典范。,北京市朝阳区奥林匹克公园（国家会议中心内）,休闲娱乐 | 特色游,https://r1.visitbeijing.com.cn/vbj-s/2015/0728/20150728043432913.jpg
英东游泳馆,https://s.visitbeijing.com.cn/attraction/101233,为亚运会兴建的场馆，08年奥运会期间水球和现代五项的场馆，现开放为广大民众服务。,北京市朝阳区亚运村安定路1号奥体中心,休闲娱乐 | 特色游,https://r1.visitbeijing.com.cn/vbj-s/2015/0728/20150728040116813.jpg
北京工人体育馆,https://s.visitbeijing.com.cn/attraction/101230,上世纪50年代的十大建筑之一，现更多的作为演唱会等演出的举办场所继续为大众服务。,北京市朝阳区东直门工人体育场北路,休闲娱乐,https://r1.visitbeijing.com.cn/vbj-s/2015/0728/20150728023706297.jpg
奥体中心体育场,https://s.visitbeijing.com.cn/attraction/101229,北京奥运会期间承担现代五项等项目比赛的场馆，现已成为广大人民群众强身健体的好去处。,北京市朝阳区安定路1号,休闲娱乐 | 特色游,https://r1.visitbeijing.com.cn/vbj-s/2015/0728/20150728014319954.jpg
奥林匹克公园网球中心,https://s.visitbeijing.com.cn/attraction/101228,北京奥运会期间网球项目的举办场地，显然这一个理由对于网球迷来说就足够了。,北京市朝阳区奥林匹克公园,休闲娱乐,https://r1.visitbeijing.com.cn/vbj-s/2015/0728/20150728114253352.jpg
潘家园旧货市场,https://s.visitbeijing.com.cn/attraction/101204,潘家园旧货市场是全国最大的旧货市场，充斥着真真假假的字画，又有着古玩圈的恩恩怨怨。,北京市朝阳区华威里18号,特色游,https://r1.visitbeijing.com.cn/vbj-s/2012/1206/20121206025732761.jpg
金祖山风景区,https://s.visitbeijing.com.cn/attraction/120950,金祖山风景区位于北京市房山区周口店镇车厂村，距北京西四环48公里，主峰海拔1080米。,北京房山周口店镇车厂村金祖山风景区,特色游 | 登山 | 踏青 | 赏花,https://r1.visitbeijing.com.cn/vbj-s/2017/1219/20171219050333877.jpg
张坊镇西白岱猕猴桃观光采摘园,https://s.visitbeijing.com.cn/attraction/120063,,张坊镇西白岱村,休闲娱乐 | 采摘,https://r1.visitbeijing.com.cn/vbj-s/2016/1226/20161226104247509.jpg
中国磨盘柿第一村,https://s.visitbeijing.com.cn/attraction/120062,,房山区张坊镇大峪沟村,休闲娱乐 | 采摘,https://r1.visitbeijing.com.cn/vbj-s/2016/1223/20161223023812781.jpg
夏场温室葡萄采摘园,https://s.visitbeijing.com.cn/attraction/120061,本地特产草莓，葡萄 采摘时间大致是一月至四月可以采摘草莓 五月至十月是葡萄采摘期,房山区长阳镇夏场村西,休闲娱乐 | 采摘,https://r1.visitbeijing.com.cn/vbj-s/2016/1223/20161223023236590.jpg
紫竹园薄壳香核桃观光园,https://s.visitbeijing.com.cn/attraction/120060,,房山区霞云岭乡上石堡村,休闲娱乐 | 采摘,https://r1.visitbeijing.com.cn/vbj-s/2016/1223/20161223021858304.jpg
南窖乡花港桃园,https://s.visitbeijing.com.cn/attraction/120059,南窖乡花港桃园位于房山区南窖乡花港村，花港村位于房山区北部深山区，距北京55公里、108国道1公里，距乡政府8公里，区级公路红南路贯穿全村。,房山区南窖乡花港村,休闲娱乐 | 采摘 | 踏青,https://r1.visitbeijing.com.cn/vbj-s/2016/1223/20161223110432358.jpg
大石窝镇三岔菱枣采摘园,https://s.visitbeijing.com.cn/attraction/120058,观光园受惠于大自然造化和历史传承，山川秀美，人文荟萃，旅游资源云居古刹、世所罕见。,云居寺小西天脚下,休闲娱乐 | 采摘,https://r1.visitbeijing.com.cn/vbj-s/2016/1223/20161223105956642.jpg
北京长阳云海采摘园,https://s.visitbeijing.com.cn/attraction/120057,,房山区长阳镇新瓜地村村北,休闲娱乐 | 采摘,https://r1.visitbeijing.com.cn/vbj-s/2016/1223/20161223105313923.jpg
天亦园民族旅游观光园,https://s.visitbeijing.com.cn/attraction/120056,,房山区窦店镇窦店村,休闲娱乐 | 采摘,https://r1.visitbeijing.com.cn/vbj-s/2016/1222/20161222022719415.jpg
龙山森林公园,https://s.visitbeijing.com.cn/attraction/120006,,涟源市西南边陲,休闲娱乐 | 登山,https://r1.visitbeijing.com.cn/vbj-s/2016/1212/20161212031708801.jpg
南洛村森林公园,https://s.visitbeijing.com.cn/attraction/119992,,琉璃河镇南洛村村北,休闲娱乐,https://r1.visitbeijing.com.cn/vbj-s/2016/1208/20161208021217127.jpg
双泉河公园,https://s.visitbeijing.com.cn/attraction/119991,,东风家属区东面的双泉河畔,休闲娱乐,https://r1.visitbeijing.com.cn/vbj-s/2016/1208/20161208020158573.jpg
中国版图教育公园,https://s.visitbeijing.com.cn/attraction/119990,中国版图教育公园位于北京市房山区窦店镇瓦窑头村，总面积25500平方米，其主体内容为中国地图面积为7031平方米，是目前中国最大的国土疆域版图。,北京市房山区窦店镇瓦窑头村,休闲娱乐,https://r1.visitbeijing.com.cn/vbj-s/2016/1208/20161208112038576.jpg
燕山宏塔公园,https://s.visitbeijing.com.cn/attraction/119989,,北京市房山区燕房路宏塔路口,休闲娱乐,https://r1.visitbeijing.com.cn/vbj-s/2016/1207/20161207043238562.jpg
府前广场,https://s.visitbeijing.com.cn/attraction/119988,,北京市房山区良乡镇行宫园小区旁,休闲娱乐,https://r1.visitbeijing.com.cn/vbj-s/2016/1207/20161207042548198.jpg
北潞园健身公园,https://s.visitbeijing.com.cn/attraction/119987,北潞园健身公园始建于2003年，位于北潞园小区西侧，占地64526平方米，绿化面积30526平方米，中心湖面积5000平方米。,北潞园小区西侧,休闲娱乐,https://r1.visitbeijing.com.cn/vbj-s/2016/1207/20161207042037565.jpg
兰花文化休闲公园,https://s.visitbeijing.com.cn/attraction/119956,,房山区长阳镇,休闲娱乐 | 赏花,https://r1.visitbeijing.com.cn/vbj-s/2016/1129/20161129020850425.jpg
长沟向日葵主题公园,https://s.visitbeijing.com.cn/attraction/119801,房山区长沟镇2010年种植了1000亩向日葵，紧邻房易路，成为郊区最大面积连片种植的向日葵花海。,房山区长沟镇,休闲娱乐,https://r1.visitbeijing.com.cn/vbj-s/2016/1123/20161123040157531.jpg
石花洞鸟语林,https://s.visitbeijing.com.cn/attraction/119745,鸟语林位于石花洞山体北侧，是国内最大的自然放养鸟林，三面环山，一面临水，植物茂密，木种繁多，果树满山，奇花异草让人目不暇接，空气清新，没有污染，素有“天然氧吧”之称。,北京西南五十公里处,踏青,https://r1.visitbeijing.com.cn/vbj-s/2016/1019/20161019111236401.jpg
房山长阳湿地公园,https://s.visitbeijing.com.cn/attraction/119730,长阳公园位于北京市房山区，也叫房山新城滨水森林公园。,北京市房山区长阳农场二号路,休闲娱乐 | 特色游,https://r1.visitbeijing.com.cn/vbj-s/2016/1017/20161017113648558.jpg
青龙湖水上公园,https://s.visitbeijing.com.cn/attraction/119666,青龙湖水上公园在北京市的房山，前身是崇青水库，有“北京的小海滨”的美称。,房山区,休闲娱乐,https://r1.visitbeijing.com.cn/vbj-s/2016/0927/20160927034205667.png
蒲洼乡旅游景区,https://s.visitbeijing.com.cn/attraction/119478,北京市房山区蒲洼乡位于北京西南方向，距市区120公里，东与霞云岭乡红色旅游基地堂山村相邻，南与素有小桂林之称的十渡风景区毗邻，西与国家级野三坡风景区的九龙景区接壤，北与河北省九龙镇南边桥村交界。,北京市房山区零一七县道,特色游 | 踏青 | 赏花,https://r1.visitbeijing.com.cn/vbj-s/2016/0819/20160819060321113.png
北京云泽山庄,https://s.visitbeijing.com.cn/attraction/119424,青山野渡，百里画廊”——云泽山庄依托十渡奇山秀水、苗侗笙歌，得享“京西南第一度假村”的美誉。,北京市房山区世界地质公园十渡（三渡）,特色游 | 踏青 | 赏花 | 避暑 | 温泉 | 滑雪,https://r1.visitbeijing.com.cn/vbj-s/2016/0815/20160815104542480.bmp
凯悦莱温泉,https://s.visitbeijing.com.cn/attraction/119422,"北京凯悦莱温泉会议中心隶属于北京房山区燃气开发中心,是一家集会议、客房、餐饮、休闲度假、健身娱乐、温泉泡池洗浴及商务社交于一体的四星级综合性温泉度 假酒店。",北京市房山区长阳镇阳城环路16号,特色游 | 温泉 | 滑雪,https://r1.visitbeijing.com.cn/vbj-s/2016/0815/20160815102008717.bmp
芦子水天璇景区,https://s.visitbeijing.com.cn/attraction/119072,“天旋”位于房山蒲洼乡芦子水村西南一条名叫“大游龙沟”的沟内，总深度30余米，上部直径南北40米，东西窄约16米，下部直径10米。,北京市房山区蒲洼乡芦子水村,特色游 | 踏青 | 赏花 | 避暑,https://r1.visitbeijing.com.cn/vbj-s/2016/0714/20160714043333381.jpg
北京天开寺景区,https://s.visitbeijing.com.cn/attraction/119066,"天开寺位於北京市房山区韩村河镇岳各庄龙门生态园内，它不仅是北京境内现存历史最悠久的古刹之一,距今己近2000年的历史，也是释迦牟尼佛舍利出 土的圣地。",北京市房山区韩村河镇龙门口村,遗产古迹,https://r1.visitbeijing.com.cn/vbj-s/2016/0714/20160714112942388.jpg
龙仙宫旅游景区,https://s.visitbeijing.com.cn/attraction/119020,龙仙宫旅游景区位于北京市房山区张坊镇东关村龙泉寺沟、与仙栖洞一岭之隔。洞口海拔高度510米。,北京市房山区张坊镇,特色游 | 踏青 | 赏花 | 漂流 | 避暑,https://r1.visitbeijing.com.cn/vbj-s/2016/0704/20160704060307238.png
八渡环山漂流,https://s.visitbeijing.com.cn/attraction/118921,八渡环山漂流位于北京房山区国家地质公园十渡园区核心位置——八渡麒麟山,房山区十渡镇八渡村麒麟山环山漂流,漂流 | 避暑,https://r1.visitbeijing.com.cn/vbj-s/2016/0602/20160602044722131.jpg
贾河京白梨大家族主题公园,https://s.visitbeijing.com.cn/attraction/118549,主题公园的北侧，树立着：“京白梨大家族主题公园”的大牌子，仿生态大门一年四季春意盎然的迎接着游客，走入梨园，枝头上一片银白，枝干苍郁，花朵莹润，素洁中别有一番清丽。,北京市房山区琉璃河镇贾河村,特色游 | 踏青 | 赏花,https://r1.visitbeijing.com.cn/vbj-s/2016/0316/20160316034224659.jpg
长阳公园,https://s.visitbeijing.com.cn/attraction/118547,长阳公园为市民休闲、游憩、健身提供了理想的场所，该园2013年被北京市园林绿化局评为市级 “精品公园”。,北京市房山区长阳镇,休闲娱乐 | 特色游 | 踏青 | 赏花,https://r1.visitbeijing.com.cn/vbj-s/2016/0316/20160316014224744.jpg
长沟湿地公园,https://s.visitbeijing.com.cn/attraction/118546,长沟湿地是由长沟地区众多泉水汇集而成，包含有南、北泉水河，龙泉湖，稻田等湿地类型。,北京市房山区长沟（近云居寺）,特色游 | 烧烤 | 踏青 | 赏花,https://r1.visitbeijing.com.cn/vbj-s/2016/0316/20160316010833965.jpg
长阳体育公园,https://s.visitbeijing.com.cn/attraction/118445,长阳体育公园坐落于文化古镇长阳镇军留庄村。这里空气清新，风景迷人，院内的民国雕刻石和唐朝石碾等体现了公园浓厚的历史气息。,北京市房山区长阳镇中心城镇范围内军留庄,休闲娱乐,https://r1.visitbeijing.com.cn/vbj-s/2015/0914/20150914030903760.jpg
房山燕怡园,https://s.visitbeijing.com.cn/attraction/118444,全园遵循“生态、景观、文化、运动”的规划原则，既秉承了中国传统园林的造园风格，又体现了燕山的城市现代气息，是一座景观优美、功能完备的开放式公园。,北京市房山区燕山燕东路北侧,休闲娱乐,https://r1.visitbeijing.com.cn/vbj-s/2015/0914/20150914025016255.jpg
燕华园,https://s.visitbeijing.com.cn/attraction/118431,燕华园是一座具有中国传统风格的古典园林建筑。其内为园中园——玉兰迎客院。,燕山工体街西侧,休闲娱乐,https://r1.visitbeijing.com.cn/vbj-s/2015/0910/20150910043041715.jpg
燕山公园,https://s.visitbeijing.com.cn/attraction/118430,燕山公园是燕山地区唯一的大型综合性区域公园，从凌空长廊和巍峨的燕龙亭上，可以鸟瞰燕山卫星城的全貌。,北京市房山区燕山公园,休闲娱乐,https://r1.visitbeijing.com.cn/vbj-s/2015/0910/20150910040518721.jpg
韩村河公园,https://s.visitbeijing.com.cn/attraction/118429,这里环境优美、景色宜人，大理石雕刻的水光桥、生辉桥如玉砌飞虹，横跨南北。沙滩湖、发水湖烟波浩淼、水域相连。,房山区韩村河镇,休闲娱乐,https://r1.visitbeijing.com.cn/vbj-s/2015/0910/20150910034939660.jpg
朝曦公园,https://s.visitbeijing.com.cn/attraction/118428,朝曦公园是房山区城关地区第一座公园，始建于1984年，地处房山区城关东沙河西岸,北京市房山区城关街道东大街,休闲娱乐,https://r1.visitbeijing.com.cn/vbj-s/2015/0910/20150910033850796.jpg
十渡天河谷高山滑水,https://s.visitbeijing.com.cn/attraction/118376,“天河谷”高山滑水，滑道全长2公里，落差178米，途中大型戏水池4个，急速弯道，激流叠差20余处,北京市房山区十渡镇西庄村“腾龙•仙苑”旅游度假风景区（原十渡民俗风情苑）内,登山 | 漂流 | 避暑,https://r1.visitbeijing.com.cn/vbj-s/2015/0824/20150824042804203.jpg
北京草根堂农场,https://s.visitbeijing.com.cn/attraction/118348,稻草人青少年户外科普基地隶属于草根堂农场， 在教室里为您和孩子准备了亲子创意手工烘焙课程,北京市房山区石楼镇大次洛村西园子,特色游,https://r1.visitbeijing.com.cn/vbj-s/2015/0818/20150818015201619.jpg
白水寺森林公园,https://s.visitbeijing.com.cn/attraction/118265,白水寺森林公园巍峨古寺掩映在苍松翠柏之间，蜿蜒曲径盘桓在花丛中，满山红叶与璀璨朝霞交织、鸟雀啼转与铁马长鸣协奏。,北京市房山区燕山燕中路西北侧,休闲娱乐 | 登山 | 踏青 | 赏花,https://r1.visitbeijing.com.cn/vbj-s/2013/0507/20130507014928267.jpg
圣泉公园,https://s.visitbeijing.com.cn/attraction/118264,四周被翠树环抱的圣泉公园，湖中碧波荡漾，水岸花草飘香，河豚、玉带桥、凉亭、四季花园设计精妙，独具匠心，充满着文化气息。,房山区长沟镇白云路南,休闲娱乐 | 踏青 | 赏花,https://r1.visitbeijing.com.cn/vbj-s/2013/0507/20130507102238750.jpg
贾公祠公园,https://s.visitbeijing.com.cn/attraction/118262,贾公祠公园祠内重塑了贾岛的塑像，精心创作了贾岛生平的壁画，再现了贾公祠的庄严，是传承中国历史文化的名园圣地。,房山区石楼镇二站村,休闲娱乐 | 踏青,https://r1.visitbeijing.com.cn/vbj-s/2013/0507/20130507094317342.jpg
房山区迎宾公园,https://s.visitbeijing.com.cn/attraction/118259,迎宾公园绿化率92.4%。共有树木3332株，乔灌草结合种植，并配植宿根花卉，形成公园三季有花、四季常绿的美好园林景观。,北京市房山区城关街道燕房路,休闲娱乐 | 踏青 | 赏花,https://r1.visitbeijing.com.cn/vbj-s/2013/0506/20130506112542108.jpg
昊天公园,https://s.visitbeijing.com.cn/attraction/118256,昊天公园是人们旅游的好去处，不论春夏秋冬来此，或登高怀古，或求运祈福，或休闲娱乐，或曲径寻幽，均可给人平添无穷的欢乐和幸福。,北京市房山区东关村,休闲娱乐 | 踏青,https://r1.visitbeijing.com.cn/vbj-s/2013/0506/20130506101824707.jpg
提香高尔夫俱乐部,https://s.visitbeijing.com.cn/attraction/118020,在高级楼盘和山水之间的中心绿地打高尔夫，给人无比舒服又畅快的感受,近郊房山区窦店锦绣路18号,特色游,https://r1.visitbeijing.com.cn/vbj-s/2015/0511/20150511051126923.jpg
北京鑫湖苑观光园,https://s.visitbeijing.com.cn/attraction/117985,生态美食、旅游观光、休闲娱乐样样全，一年四季都可以观赏到亚热带植物，休闲度假好去处。,北京市房山区窦店镇望楚村,特色游 | 采摘 | 垂钓,https://r1.visitbeijing.com.cn/vbj-s/2012/1205/20121205055359246.jpg
孤山寨自然风景区,https://s.visitbeijing.com.cn/attraction/117957,大瀑布、千年古河床、铁索桥、一线天，植被茂盛，绿荫葱葱，怪石嶙峋，是个不错的消暑散心之地。,房山区十渡风景名胜区七渡村南,特色游 | 登山 | 垂钓 | 烧烤 | 踏青 | 赏花 | 漂流 | 避暑,https://r1.visitbeijing.com.cn/vbj-s/2012/1207/20121207051425682.jpg
东湖港大峡谷风景区,https://s.visitbeijing.com.cn/attraction/117956,这里山美、林美、水更美。奇特的“三叠瀑布”自女儿泉急流直下，水雾随风飘落，如银河般挂在峭壁上。,房山世界地质公园十渡园区十五渡,特色游 | 登山 | 踏青 | 赏花 | 漂流 | 避暑,https://r1.visitbeijing.com.cn/vbj-s/2015/0804/20150804041845959.jpg
富恒农业观光园,https://s.visitbeijing.com.cn/attraction/117931,让我们远离城市的喧闹，到富恒农业观光园认养一份属于自己的土地吧！种出属于自己的真正绿色蔬菜，既锻炼了身体又找到了乐趣。,窦店镇交道一街富恒农业观光园,采摘 | 赏花,https://r1.visitbeijing.com.cn/vbj-s/2015/0511/20150511051415617.jpg
北京铁瓦寺,https://s.visitbeijing.com.cn/attraction/117917,铁瓦寺，顾名思义就是用铁制的瓦片覆盖房屋顶部的寺院建筑，房山这个铁瓦寺是最保护最完好的一个。,房山区河北镇政府院内,特色游 | 赏花,https://r1.visitbeijing.com.cn/vbj-s/2012/1206/20121206025451861.jpg
北京石经山,https://s.visitbeijing.com.cn/attraction/117916,这里不仅是房山石经刊刻起源之处，也是佛祖舍利出土之处，4196块隋唐石经为国之重宝。,房山区周张路云居寺东北15公里处,特色游 | 登山 | 踏青 | 赏花 | 避暑,https://r1.visitbeijing.com.cn/vbj-s/2012/1206/20121206024500138.jpg
北京京辉高尔夫俱乐部,https://s.visitbeijing.com.cn/attraction/117815,球场总体处于平缓的起伏中，在以平坦球场为主的北京独树一帜，让人尽享挥杆乐趣。,北京市房山青龙湖镇南四位村,特色游,https://r1.visitbeijing.com.cn/vbj-s/2015/0511/20150511043438385.jpg
北京云居滑雪场,https://s.visitbeijing.com.cn/attraction/117312,"雪场毗邻千年古刹——云居寺，有种依偎在太行怀抱的感觉,还有云中漫步般的舒适与惬意哟。",北京市房山张坊镇蔡家口村,特色游 | 温泉 | 滑雪,https://r1.visitbeijing.com.cn/vbj-s/2012/1208/20121208015349139.jpg
十渡金沙乐园,https://s.visitbeijing.com.cn/attraction/101885,"这里山奇水秀、峰林叠翠,河岸绿柳成荫,金沙漫漫,迷人的山野风光让人流连忘返，乐不思归。",北京房山区十渡镇金沙乐园八渡景区的拒马河畔,特色游 | 烧烤 | 漂流 | 避暑,https://r1.visitbeijing.com.cn/vbj-s/2016/0622/20160622112955415.jpg
将军坨风景区,https://s.visitbeijing.com.cn/attraction/101564,在河北镇檀木港村北有座山，它像一个将军帽子，故称将军坨。,北京市房山区河北镇檀木港村,特色游 | 登山 | 踏青 | 赏花 | 避暑,https://r1.visitbeijing.com.cn/vbj-s/2012/1218/20121218020441503.jpg
琉璃河商周遗址,https://s.visitbeijing.com.cn/attraction/101529,"遗址东西长3.5公里，南北宽1.5公里。20世纪40年代发现。1962年进一步调查并试掘,1972年开始发掘。",北京市房山区琉璃河董家林。,博物馆 | 特色游 | 登山 | 踏青 | 赏花 | 避暑,https://r1.visitbeijing.com.cn/vbj-s/2012/1210/20121210101604385.jpg
上方山云水洞,https://s.visitbeijing.com.cn/attraction/101483,上方山古称六聘山，是大房山的支脉，主峰海拔880米，山势陡峭，古柏苍郁。,北京市房山区韩村河镇圣水峪村(上方山森林公园内),特色游 | 登山 | 踏青 | 赏花 | 避暑 | 红叶 | 银杏,https://r1.visitbeijing.com.cn/vbj-s/2012/1208/20121208052732985.jpg
北京市西周燕都遗址博物馆,https://s.visitbeijing.com.cn/attraction/101439,楼阁式建筑，仿唐风格。馆内有展厅、文物库和二处墓葬处，二处车马坑。,琉璃河董家林村,博物馆 | 特色游,https://r1.visitbeijing.com.cn/vbj-s/2015/0511/20150511052122294.jpg
一瀑山庄,https://s.visitbeijing.com.cn/attraction/120751,北京一瀑山庄农家乐隶属于北京金瑞华茂商贸有限公司。北京一瀑山庄农家乐位于密云县著名的京都第一瀑自然风景区牌楼内是一家集住宿、餐饮、娱乐为一体综合休闲中心！,密云县石城乡京都第一瀑自然风景区牌楼内,休闲娱乐 | 采摘 | 垂钓 | 踏青 | 赏花,https://r1.visitbeijing.com.cn/vbj-s/2017/0808/20170808125042524.jpg
云景山庄,https://s.visitbeijing.com.cn/attraction/120750,北京云景山庄，依山傍水，环境优美，四十亩的水面，六十亩的种植园，瓜果蔬菜一应俱全。四和院式 餐厅格局与众不同，厅内宽敞，洁净，装修简约实用。,密云县穆家峪镇碱厂村,采摘 | 垂钓 | 踏青 | 赏花 | 避暑,https://r1.visitbeijing.com.cn/vbj-s/2017/0808/20170808010333760.jpg
黄梁根金鱼泉,https://s.visitbeijing.com.cn/attraction/120638,,北京市密云区冯家峪黄粱根村南面六、七十米的东山脚下,特色游,https://r1.visitbeijing.com.cn/vbj-s/2017/0605/20170605020227473.jpg
番字牌村,https://s.visitbeijing.com.cn/attraction/120637,番字牌村群山环绕、岩石突兀、岩壁陡峭，附近山上的峰火台，孤独耸立，别有古代边塞的风光。,北京市密云县冯家峪镇番字牌村村委会,特色游,https://r1.visitbeijing.com.cn/vbj-s/2017/0605/20170605014046553.jpg
白马关城堡,https://s.visitbeijing.com.cn/attraction/120636,白马关城堡是密云冯家峪八景之一。,北京密云境内石塘路长城段，属边城要塞。,特色游,https://r1.visitbeijing.com.cn/vbj-s/2017/0605/20170605113502655.jpg
白马关水关遗址,https://s.visitbeijing.com.cn/attraction/120617,白马关城堡坐落在密云北部山区的白马川之中。,北京市密云区冯家峪镇白马关村白马关,特色游,https://r1.visitbeijing.com.cn/vbj-s/2017/0526/20170526040402519.jpg
寿仙岛,https://s.visitbeijing.com.cn/attraction/120616,不老仙居寿仙岛。,北京市密云县冯家峪镇冯家峪村蚂螂峪,踏青 | 赏花 | 避暑,https://r1.visitbeijing.com.cn/vbj-s/2017/0526/20170526040130924.jpg
时光公园,https://s.visitbeijing.com.cn/attraction/120001,,密溪路东侧，鼓楼北大街西侧，城后街南。,休闲娱乐,https://r1.visitbeijing.com.cn/vbj-s/2016/1209/20161209041353103.jpg
白乙化烈士纪念馆,https://s.visitbeijing.com.cn/attraction/119964,,北京市密云县石城镇河北村,特色游,https://r1.visitbeijing.com.cn/vbj-s/2016/1130/20161130011908814.jpg
黍谷山风景区,https://s.visitbeijing.com.cn/attraction/119924,局部山坳及沟谷内因受山地小气候影响，气温相对偏高，节气略早，是山区较好的农耕区，山以此得名，取黍谷丰收之意。旧有“黍谷回春”之说，为“密云八景”之一。,密云县河南寨镇,特色游 | 登山,https://r1.visitbeijing.com.cn/vbj-s/2016/1122/20161122105839477.jpg
飞鸿世纪公园,https://s.visitbeijing.com.cn/attraction/119682,飞鸿世纪园以雕塑为主的广场公园，占地面积3.8公顷。公园整体错落有致，简洁明快，质朴庄重，挺拔坚毅，体现出力量之美、充分明确密云人民进入新世纪，人、自然、时间的主题观念。,"北京市密云县西大桥南,迎宾路西,白河东岸",休闲娱乐,https://r1.visitbeijing.com.cn/vbj-s/2016/0930/20160930015346195.png
密云奥林匹克公园,https://s.visitbeijing.com.cn/attraction/119659,密云奥林匹克公园是密云占地面积最大的公园，有城市内河--白河穿流其中，夜景照明很漂亮，河岸两边有各种健身器材。,密云果园小区,休闲娱乐,https://r1.visitbeijing.com.cn/vbj-s/2016/0926/20160926033847781.png
白河郊野公园,https://s.visitbeijing.com.cn/attraction/119604,白河郊野公园是集会议、旅游、度假、餐饮于一体的自然风景区。,密云区西滨河路,休闲娱乐,https://r1.visitbeijing.com.cn/vbj-s/2016/0908/20160908040102733.jpg
蟠龙山长城,https://s.visitbeijing.com.cn/attraction/119498,蟠龙山长城风景区蟠龙山长城风景区位于具有燕京门户之称的密云古北口镇，建于1680年的古御道镇域内长城由卧虎山长城、蟠龙山长城、司马台长城组成。,密云区古北口镇口北口村,遗产古迹 | 特色游 | 踏青 | 赏花,https://r1.visitbeijing.com.cn/vbj-s/2021/0924/20210924172128173.jpg
北京奥仪凯源蔬菜种植采摘园,https://s.visitbeijing.com.cn/attraction/119303,"北京奥仪凯源蔬菜种植采摘园这里的大棚草莓新鲜、香甜、艳丽,含糖量高,都能赶上沙糖桔的甜度了。",北京市密云区穆家峪镇前栗园村,特色游 | 采摘,https://r1.visitbeijing.com.cn/vbj-s/2016/0802/20160802013701608.jpg
北京首云铁矿公园,https://s.visitbeijing.com.cn/attraction/119201,首云国家矿山公园是国家矿山公园，距离北京市区67公里。首云国家矿山公园以矿业旅游为主轴,北京市密云区巨各庄镇豆各庄村,休闲娱乐 | 特色游,https://r1.visitbeijing.com.cn/vbj-s/2016/0725/20160725032115760.png
云蒙山森林公园,https://s.visitbeijing.com.cn/attraction/119200,云蒙山国家森林公园，位于北京市密云县西北部，总面积2208公顷，全部为天然次生林区，森林覆盖率95%。,北京市密云区琉璃庙镇后山堡村,休闲娱乐 | 登山,https://r1.visitbeijing.com.cn/vbj-s/2016/0725/20160725022108300.png
雾灵山龙潭景区,https://s.visitbeijing.com.cn/attraction/119198,雾灵山龙潭景区位于密云县东北部与河北省兴隆县交界处的雾灵山西麓，延龙潭景区前行可直达雾灵山主峰。,,登山,https://r1.visitbeijing.com.cn/vbj-s/2016/0725/20160725123741748.png
康顺达开心农场,https://s.visitbeijing.com.cn/attraction/119107,北京康顺达农业科技有限公司是一家民营高科技农业企业，公司成立于2009年7月22日，注册地北京密云县河南寨镇密顺路18号产业基地，规划占地面积2000亩，注册资本金2000万元，计划总投资1.2亿元。,北京市密云区河南寨镇平头村西,休闲娱乐 | 特色游 | 踏青 | 赏花 | 漂流 | 避暑,https://r1.visitbeijing.com.cn/vbj-s/2016/0719/20160719022442684.jpg
密虹公园,https://s.visitbeijing.com.cn/attraction/118439,公园新建鼓楼1座，双檐明清石亭一座，双檐木质亭一座，檀州石桥一座，云虹跨河钢桥一座，园内有石羊、石鹿、石虎、凤凰、母子读书、嫦娥奔月等12尊雕像。,位于白河西岸，新西路以东，南至西大桥，北至西门桥,休闲娱乐,https://r1.visitbeijing.com.cn/vbj-s/2015/0911/20150911040157449.jpg
奥林匹克健身公园,https://s.visitbeijing.com.cn/attraction/118438,公园以全民健身为主要内容，设有雕塑、广场、甬路，配备多种健身器材，建有老年门球场、篮球场、网球场等。,位于白河东岸，密溪路以西，南至西大桥，北至西门桥,休闲娱乐,https://r1.visitbeijing.com.cn/vbj-s/2015/0911/20150911035129732.jpg
法制公园（原宾阳公园）,https://s.visitbeijing.com.cn/attraction/118437,法制公园把一部纵观历史、横通中外的法制百科全书融于97蹲雕塑之中，是迄今为止全国唯一一座以法制建设为主题的公园。,位于行宫街以东，密云区第五中学以南,休闲娱乐,https://r1.visitbeijing.com.cn/vbj-s/2015/0911/20150911031647961.jpg
白河公园,https://s.visitbeijing.com.cn/attraction/118436,公园以碧波荡漾、亭台掩映、花木繁茂、环境清幽为特色。白河公园的主体建筑为望潮亭、留云亭、邀月亭。,位于密溪路以西，京承铁路沙河大桥以北,休闲娱乐,https://r1.visitbeijing.com.cn/vbj-s/2015/0911/20150911025213272.jpg
太扬公园,https://s.visitbeijing.com.cn/attraction/118435,太扬公园占地面积1.26公顷，绿化覆盖率为72%。公园以植物造景为主，春有花，夏有荫，秋有果，冬有绿;以建筑景观园林建筑,密云区城西南，太扬家园对面，中加桥以南，水源路以北。,休闲娱乐,https://r1.visitbeijing.com.cn/vbj-s/2015/0911/20150911023859877.jpg
吾优吾绿生态农庄,https://s.visitbeijing.com.cn/attraction/118352,生态农庄所有蔬菜均获绿色食品认证，风味好不好，舌尖自知道!,密云区东邵渠镇西邵渠村木邵路,特色游 | 采摘,https://r1.visitbeijing.com.cn/vbj-s/2015/0818/20150818034615685.jpg
密云古北水镇,https://s.visitbeijing.com.cn/attraction/118299,小桥流水、古镇风情，乍一看你一定会认为这里是杭州乌镇，其实这里是位于北京密云区的古北水镇。,北京市密云区古北口镇司马台村古北水镇,特色游 | 踏青 | 赏花 | 红叶 | 银杏 | 温泉,https://r1.visitbeijing.com.cn/vbj-s/2020/0526/20200526012511634.jpg
密云人间花海,https://s.visitbeijing.com.cn/attraction/118288,一花的海洋，四季薰衣草、马鞭草、香水草、硫华菊等20余种鲜花，构成不同颜色的方阵，争相怒放。,北京市密云区太师屯镇车道峪村(松曹路口往东3公里),特色游 | 采摘 | 踏青 | 赏花,https://r1.visitbeijing.com.cn/vbj-s/2016/0624/20160624105511734.jpg
北京金地庄园,https://s.visitbeijing.com.cn/attraction/118274,东临千年古迹冶仙塔，西临长城公园，北临云佛山，是三面环山，一面向水的绝佳休闲之地,北京市密云区密云镇李各庄村,特色游 | 采摘,https://r1.visitbeijing.com.cn/vbj-s/2013/0510/20130510100958189.jpg
奥擂国际野外运动俱乐部,https://s.visitbeijing.com.cn/attraction/118135,我们的宗旨是让您在回归自然中享受温情，释放工作中带来的压力，在硝烟对抗中塑造自信，寻找自我！,北京市密云区穆家峪镇前栗园北山,特色游 | 登山,https://r1.visitbeijing.com.cn/vbj-s/2013/0325/20130325014637519.jpg
九龙十八潭风景区,https://s.visitbeijing.com.cn/attraction/118134,分布着大量洞穴，有古洞悬阳、池泉洞、仙药洞、卧虎洞等。三个天然盆地，位于高山之颠，实为罕见。,密云区太师屯镇石岩村,特色游 | 登山 | 采摘 | 踏青 | 赏花 | 避暑,https://r1.visitbeijing.com.cn/vbj-s/2013/0325/20130325114041144.jpg
雾雨飞虹谷风景区,https://s.visitbeijing.com.cn/attraction/118133,景区以河涧、溪谷、彩虹、明长城为代表的旅游景区，以石林文化长廊、长城遗址、千亩采摘园为代表的生态文化旅游景区,密云区石城镇大关桥,特色游 | 采摘 | 踏青 | 赏花,https://r1.visitbeijing.com.cn/vbj-s/2013/0325/20130325104646223.jpg
龙云山风景区,https://s.visitbeijing.com.cn/attraction/118131,河千里蜿蜒，奔流直泻，似巨龙开山，蟠曲东飞。龙云山风景区即坐落在白河北岸，可谓山环水抱，钟灵敏秀。,密云区石城镇四合堂,特色游 | 登山 | 采摘 | 踏青 | 赏花,https://r1.visitbeijing.com.cn/vbj-s/2013/0322/20130322051546511.jpg
东极仙谷风景区,https://s.visitbeijing.com.cn/attraction/118130,东极仙谷自然风景区内景色优美，四季分明，春季红花满山，万物复苏，鸟语花香，花红柳绿，蜂蝶缠绕,密云区 新城子镇花园村,特色游 | 登山 | 踏青 | 赏花,https://r1.visitbeijing.com.cn/vbj-s/2013/0322/20130322031105949.jpg
白乙化烈士纪念馆,https://s.visitbeijing.com.cn/attraction/118104,瞻仰白乙化烈士陵园，游览黑龙潭风景区,北京市密云区石城乡鹿皮关东南河北村南,博物馆 | 特色游,https://r1.visitbeijing.com.cn/vbj-s/2013/0306/20130306050802311.jpg
司马台水库（鸳鸯湖）,https://s.visitbeijing.com.cn/attraction/118072,司马台水库是一座调洪灌溉的小II型水库，库区河道上游有温泉，北侧为金山岭长城。,北京密云区东北山区东庄禾乡司马台村北潮河支流小汤河上,特色游 | 登山 | 烧烤 | 踏青 | 赏花 | 避暑,https://r1.visitbeijing.com.cn/vbj-s/2013/0108/20130108021137652.jpg
北京金鼎湖（沙厂水库）,https://s.visitbeijing.com.cn/attraction/118069,金鼎湖在雾灵山南麓，依山而建，总面积达40多公顷。水源来自潮河支流红门川河，水面达151万平方米，是水上娱乐、休闲度假的理想场所,北京市密云区巨各庄镇沙厂村,垂钓 | 踏青 | 赏花 | 避暑,https://r1.visitbeijing.com.cn/vbj-s/2013/0107/20130107023308628.jpg
雾灵湖（遥桥峪水库）,https://s.visitbeijing.com.cn/attraction/118065,湖水很深，呈现出美丽的蓝绿色;由于周围都是群山湖面出奇的宁静，就如同镶嵌在群山之中的宝石,北京密云区安达木河上游遥桥峪村,特色游 | 登山 | 采摘 | 垂钓 | 烧烤 | 踏青 | 赏花 | 避暑,https://r1.visitbeijing.com.cn/vbj-s/2015/1103/20151103020716766.jpg
黄峪口风景区,https://s.visitbeijing.com.cn/attraction/118060,黄峪口风景区 位于密云县城以北石城乡，因森林葱郁、山谷奇峻、植物丰富、空气清新,北京市密云区北石城乡黄峪口村,特色游 | 登山 | 采摘 | 踏青 | 赏花 | 避暑,https://r1.visitbeijing.com.cn/vbj-s/2013/0106/20130106021219556.jpg
白河老岩场,https://s.visitbeijing.com.cn/attraction/118055,"密云白河峡谷是攀岩爱好者心中最向往的地方，它与昆明西山、桂林阳朔两处著名攀岩胜地被并称为""中国三大天然攀岩场""。",北京市密云区城至四合堂乡的公路旁,特色游 | 登山 | 烧烤,https://r1.visitbeijing.com.cn/vbj-s/2013/0106/20130106092835987.jpg
不老湖风景区（半城子水库）,https://s.visitbeijing.com.cn/attraction/118050,这里远离闹市，环境幽雅，山环水绕，水天一色，景色宜人，是度假休闲的好去处，而且整个景区没有丝毫人工雕刻的痕迹,北京市密云区不老屯镇半城子村,特色游 | 登山 | 采摘 | 垂钓 | 烧烤 | 踏青 | 赏花 | 避暑,https://r1.visitbeijing.com.cn/vbj-s/2013/0105/20130105020004442.jpg
九道湾大峡谷,https://s.visitbeijing.com.cn/attraction/118047,九道湾位于北京市密云县石城乡北石城村西的大峡谷中。风景区内，北有双石控山，南有斑马山，两山耸持九湾河蜿蜒其间。,北京市密云区石城乡北石城村西,特色游 | 登山 | 采摘 | 烧烤 | 踏青 | 赏花 | 避暑,https://r1.visitbeijing.com.cn/vbj-s/2013/0105/20130105104551985.jpg
精灵谷自然风景区,https://s.visitbeijing.com.cn/attraction/118043,精灵谷是大山深处的天然幽谷，众多的山泉流成溪，终年不断。谷壁悬崖耸立，谷底潺潺流水，“灵泉”，其水清凉甘甜，倍受青睐,北京市密云区琉辛路45号,特色游 | 烧烤 | 踏青 | 赏花 | 漂流 | 避暑,https://r1.visitbeijing.com.cn/vbj-s/2013/0104/20130104052831898.jpg
御龙东方红酒庄园,https://s.visitbeijing.com.cn/attraction/118038,出密云县城东去8公里，在一片连绵起伏的山坳中，浮现出一座童话般美丽的城堡——密云红酒庄园。,北京市密云区穆家峪镇羊山村,休闲娱乐 | 特色游 | 采摘 | 踏青 | 避暑,https://r1.visitbeijing.com.cn/vbj-s/2013/0104/20130104015209954.jpg
雾灵山风景区,https://s.visitbeijing.com.cn/attraction/118035,雾灵山国家级自然保护区地属燕山山脉，是燕山山脉的中段，其主峰歪桃峰即坐落在核心区的中央。被誉为“京东之首”。,北京市密云区曹家路村南,特色游 | 登山 | 烧烤 | 踏青 | 赏花 | 避暑,https://r1.visitbeijing.com.cn/vbj-s/2013/0104/20130104105647949.jpg
云蒙峡风景区,https://s.visitbeijing.com.cn/attraction/118032,云雾朦胧，变化莫测；花木芬芳，香溢百里  。游者处之，无不令人一饱眼福。,北京市密云区石城乡水堡子村二零五省道,特色游 | 登山 | 采摘 | 踏青 | 赏花 | 漂流 | 避暑,https://r1.visitbeijing.com.cn/vbj-s/2012/1229/20121229041248190.jpg
北京云佛山滑雪场,https://s.visitbeijing.com.cn/attraction/117950,多种滑雪项目应有尽有，畅快的驰骋在各个滑道，享受飞一样的感觉，让您找回最单纯的快乐！,近郊密云区溪翁庄镇(近云佛山度假村),特色游 | 温泉 | 滑雪,https://r1.visitbeijing.com.cn/vbj-s/2013/1202/20131202101059374.jpg
卧虎山长城景区,https://s.visitbeijing.com.cn/attraction/117946,没有被人工修过的野长城，非常具有沧桑感，而残破的城墙和弹眼更是让人仿佛处身在那战火纷飞的年代。,北京市密云区古北口镇境内,特色游 | 登山 | 踏青 | 赏花,https://r1.visitbeijing.com.cn/vbj-s/2021/0929/20210929163133788.png
捧河湾（白云峡）,https://s.visitbeijing.com.cn/attraction/117945,“水因山活，山因水动”， 捧河湾林幽水静，千尺白云瀑陡然跌落绝壁之中，构成了一幅灵动的山水景画。,北京市密云区石城镇捧河湾风景区,特色游 | 登山 | 垂钓 | 踏青 | 赏花 | 漂流 | 避暑,https://r1.visitbeijing.com.cn/vbj-s/2012/1206/20121206052536415.jpg
北京八达岭国家森林公园,https://s.visitbeijing.com.cn/attraction/117868,是首都春天离开最晚、夏日最清凉、秋彩来临最早且最艳、冬雪最富意境的地方。,北京市延庆区八达岭林场,特色游 | 登山 | 踏青 | 赏花 | 红叶 | 银杏,https://r1.visitbeijing.com.cn/vbj-s/2016/0320/20160320040230354.jpg
古北口文化文物旅游区,https://s.visitbeijing.com.cn/attraction/117738,镇域内长城由卧虎山长城、蟠龙山长城、司马台长城组成。其间的蟠龙山长城，尤以保持历史原貌而著称。,北京市密云区古北口镇古北口村,特色游 | 避暑,https://r1.visitbeijing.com.cn/vbj-s/2015/0511/20150511014707715.jpg
首云铁矿公园,https://s.visitbeijing.com.cn/attraction/117737,游客可体验空中翻书、幻影成像、磁悬浮地球模型、动感影院等高科技手段，学习铁矿与矿石的科普知识。,北京市密云区巨各庄镇豆各庄村,休闲娱乐 | 特色游 | 烧烤,https://r1.visitbeijing.com.cn/vbj-s/2012/1208/20121208042309402.jpg
青菁顶景区,https://s.visitbeijing.com.cn/attraction/117734,幽深的峡谷、高悬的瀑布、碧绿的深潭、繁茂的林木，直到顶峰，那是京郊绝无仅有的景观.，你会由衷的感叹青菁顶自然风景区—太美了!,北京市密云区石城镇硫辛路125号,登山 | 踏青 | 赏花 | 漂流 | 避暑,https://r1.visitbeijing.com.cn/vbj-s/2015/0511/20150511014508871.jpg
云蒙三峪自然风景区,https://s.visitbeijing.com.cn/attraction/117731,"北京密云县云蒙三峪，消费特色：阳光高山,溪水清潭,河石足道。",北京市密云区西田各庄镇牛盆峪村,特色游 | 登山 | 漂流 | 避暑,https://r1.visitbeijing.com.cn/vbj-s/2015/0724/20150724095148379.jpg
北京紫海香堤香草艺术庄园,https://s.visitbeijing.com.cn/attraction/117401,婚纱摄影、赏花、拍照香草体验之旅。,北京市密云区古北口镇汤河村（司马台长城路口往里２公里）,休闲娱乐 | 特色游 | 踏青 | 赏花,https://r1.visitbeijing.com.cn/vbj-s/2015/0511/20150511015734400.jpg
五座楼森林公园,https://s.visitbeijing.com.cn/attraction/101683,这里向来以山岳高峻，峡谷幽深，森林茂密，溪流飞潭，森林植物种类繁多而著称。,北京市密云区云蒙山系东端,特色游 | 登山 | 烧烤 | 踏青 | 赏花 | 避暑,https://r1.visitbeijing.com.cn/vbj-s/2012/1210/20121210105753616.jpg
天仙瀑（暂停营业）,https://s.visitbeijing.com.cn/attraction/101674,天仙瀑景区以沟谷为主，坡度起伏较为平缓。景区集中了云蒙山水、石、瀑、潭、林等自然景色。,北京市密云区西部四合堂乡,特色游 | 登山 | 采摘 | 烧烤 | 踏青 | 赏花 | 避暑,https://r1.visitbeijing.com.cn/vbj-s/2012/1217/20121217022138390.jpg
密云水库,https://s.visitbeijing.com.cn/attraction/101665,密云水库是亚洲最大的人工湖，有“燕山明珠”之称，是一处避暑胜地。,北京市密云水库在密云区城北13公里处,特色游 | 登山 | 垂钓 | 烧烤 | 赏花,https://r1.visitbeijing.com.cn/vbj-s/2015/0804/20150804051358168.jpg
古北口长城,https://s.visitbeijing.com.cn/attraction/101660,"古北口为历代兵家必争之地。从古至今就是内地通向松辽平原和内蒙古的咽喉要地，有""京师锁钥""之称。",北京密云区古北口镇,遗产古迹 | 特色游 | 登山 | 踏青 | 赏花,https://r1.visitbeijing.com.cn/vbj-s/2021/0928/20210928173738413.png
南山滑雪场,https://s.visitbeijing.com.cn/attraction/101496,南山滑雪率先在国内开辟了后山高级“猫跳”滑雪道又新增了前山中级“猫跳”练习区.,北京市密云区城南5公里,休闲娱乐 | 特色游 | 温泉 | 滑雪,https://r1.visitbeijing.com.cn/vbj-s/2016/1118/20161118041514517.jpg
云蒙山国家森林公园,https://s.visitbeijing.com.cn/attraction/101435,山势耸拔，沟谷切割幽深，奇峰异石多姿，飞瀑流泉遍布，云雾变幻莫测，林木花草馥郁。,北京-丰宁公路81公里处（走京密路过怀柔雁栖湖向北）,休闲娱乐 | 特色游 | 登山 | 烧烤 | 踏青 | 赏花 | 避暑 | 红叶 | 银杏,https://r1.visitbeijing.com.cn/vbj-s/2016/0418/20160418023207364.jpg
卢沟桥景区,https://s.visitbeijing.com.cn/attraction/120615,卢沟桥亦作芦沟桥，在北京市西南约15千米处丰台区永定河上，因横跨卢沟河即永定河而得名。,北京市丰台区卢沟桥城南街77号,特色游,https://r1.visitbeijing.com.cn/vbj-s/2017/0526/20170526041459555.jpg
马家堡街道西区文化中心,https://s.visitbeijing.com.cn/attraction/120222,马家堡街道西区文化中心是北京市第一家街道京剧团。,北京市丰台马家堡西里,休闲娱乐,https://r1.visitbeijing.com.cn/vbj-s/2017/0412/20170412075932384.jpg
洛平设施果品精品园,https://s.visitbeijing.com.cn/attraction/120050,,丰台区王佐魏各庄村,休闲娱乐 | 采摘,https://r1.visitbeijing.com.cn/vbj-s/2016/1221/20161221020207935.jpg
中华名枣博览园,https://s.visitbeijing.com.cn/attraction/120049,中华名枣博览园里面种植了来自北京、山东、河南、河北、山西等名优大枣多达上百个品种，占地面积500亩。,丰台区长辛店镇太子峪,休闲娱乐 | 采摘,https://r1.visitbeijing.com.cn/vbj-s/2016/1221/20161221014232703.jpg
南岗洼果园,https://s.visitbeijing.com.cn/attraction/120048,,丰台区王佐镇南岗洼村,采摘,https://r1.visitbeijing.com.cn/vbj-s/2016/1221/20161221013721877.jpg
张家坟村果园,https://s.visitbeijing.com.cn/attraction/120047,张家坟村果园位于丰台区张家坟。张家坟村位于北京市密云县石城镇西北部，距密云县城35公里，美丽的白河环村而过。,丰台区张家坟,休闲娱乐 | 采摘,https://r1.visitbeijing.com.cn/vbj-s/2016/1221/20161221114858364.jpg
太子峪果蔬园,https://s.visitbeijing.com.cn/attraction/120046,,丰台区太子峪,休闲娱乐 | 采摘,https://r1.visitbeijing.com.cn/vbj-s/2016/1221/20161221114207842.jpg
和义郊野公园,https://s.visitbeijing.com.cn/attraction/120009,总面积27公顷。公园依托现状自然林地景观，突出公园自身特色，满足周边功能需求，丰富植物景观层次，营造良好的四季景观。,丰台区南四环于南五环之间，中轴路西侧,休闲娱乐,https://r1.visitbeijing.com.cn/vbj-s/2016/1213/20161213020100956.jpg
御康公园,https://s.visitbeijing.com.cn/attraction/119983,,北京市丰台区花乡六圈村,休闲娱乐,https://r1.visitbeijing.com.cn/vbj-s/2016/1206/20161206031204364.jpg
万丰公园,https://s.visitbeijing.com.cn/attraction/119982,以乡村回忆为主题，延续历史文脉，打造乡土气息浓郁的休闲公园。,北京市丰台区卢沟桥乡万丰路西侧,休闲娱乐,https://r1.visitbeijing.com.cn/vbj-s/2016/1206/20161206022812198.jpg
丰台园区公园,https://s.visitbeijing.com.cn/attraction/119981,丰台园区公园建于1997年，位于总部基地旁科星路一号，总占地面积是71392.6平方米。,科星路一号,休闲娱乐,https://r1.visitbeijing.com.cn/vbj-s/2016/1206/20161206112434324.jpg
榆树庄公园,https://s.visitbeijing.com.cn/attraction/119972,,丰台区花乡榆树庄村内,休闲娱乐,https://r1.visitbeijing.com.cn/vbj-s/2016/1202/20161202020031444.jpg
晓月公园,https://s.visitbeijing.com.cn/attraction/119970,,丰台区卢沟桥乡卢沟桥村，东至永定河大堤，南至京广铁路，西至首钢货运线，北至乡边界。,休闲娱乐,https://r1.visitbeijing.com.cn/vbj-s/2016/1202/20161202013732105.jpg
桃苑郊野公园,https://s.visitbeijing.com.cn/attraction/119969,,北京丰台区南四环南侧,休闲娱乐,https://r1.visitbeijing.com.cn/vbj-s/2016/1202/20161202012144608.jpg
嘉河公园,https://s.visitbeijing.com.cn/attraction/119968,,南三环草桥辅路外,休闲娱乐,https://r1.visitbeijing.com.cn/vbj-s/2016/1202/20161202113956366.jpg
小屯公园,https://s.visitbeijing.com.cn/attraction/119949,小屯公园位于小屯西路和小屯路之间，南侧是假日风景小区，北侧是美域家园小区,小屯西路和小屯路之间,休闲娱乐,https://r1.visitbeijing.com.cn/vbj-s/2016/1128/20161128102212227.jpg
庄怡公园,https://s.visitbeijing.com.cn/attraction/119948,,北京市丰台区丰管路,休闲娱乐,https://r1.visitbeijing.com.cn/vbj-s/2016/1128/20161128095846730.jpg
北京考古遗址博物馆,https://s.visitbeijing.com.cn/attraction/119685,由原北京市西周燕都遗址博物馆、原北京市大葆台西汉墓博物馆和原北京辽金城垣博物馆三家遗址类博物馆组建而成,北京市丰台区郭公庄707号,博物馆 | 特色游,https://r1.visitbeijing.com.cn/vbj-s/2025/1113/2815c5e7ed8c41ca5defcea161142f91.jpg
法海寺森林公园,https://s.visitbeijing.com.cn/attraction/119683,位于石景山区模式口村北，翠微山南麓的法海寺，始建于明正统四年(1439年),石景山区模式口村北,休闲娱乐,https://r1.visitbeijing.com.cn/vbj-s/2016/0930/20160930020929694.png
石榴庄公园,https://s.visitbeijing.com.cn/attraction/119673,石榴庄公园占地19公顷，是南苑乡石榴庄村办公园，建于1993年,凉水河南岸，大红门东侧,休闲娱乐,https://r1.visitbeijing.com.cn/vbj-s/2016/0928/20160928040631273.png
南宫露营运动乐园,https://s.visitbeijing.com.cn/attraction/119663,南宫体育公园位于北京市丰台区王佐镇国家AAAA级南宫旅游景区内，占地面积500亩，毗邻京石高速王佐南宫出口，交通便利。是一处以体育健身为主的综合性、多功能大型主题公园。,北京市丰台区王佐镇,休闲娱乐,https://r1.visitbeijing.com.cn/vbj-s/2016/0926/20160926045252219.png
南苑公园,https://s.visitbeijing.com.cn/attraction/119662,南苑是南湖东面的一块小陆地，市民俗称为南湖公园，遥对飞鹅岭,南苑,休闲娱乐,https://r1.visitbeijing.com.cn/vbj-s/2016/0926/20160926044515851.png
老山城市休闲公园,https://s.visitbeijing.com.cn/attraction/119655,老山城市休闲公园又叫老山郊野公园，位于北京市石景山区老山南路与上庄大街交叉口西，这里最具特色的便是2008年奥运会后留下来的山地自行车比赛赛道。,北京市石景山区老山南路与上庄大街交叉口西,休闲娱乐,https://r1.visitbeijing.com.cn/vbj-s/2016/0923/20160923025350664.png
绿堤公园,https://s.visitbeijing.com.cn/attraction/119654,绿堤公园位于丰台区永定河畔，紧邻西五环，占地面积约105公顷，总投资6808万元，是目前北京市郊野公园中面积最大、投资最多的公园。,丰台区永定河畔,休闲娱乐,https://r1.visitbeijing.com.cn/vbj-s/2016/0923/20160923024620448.png
看丹公园,https://s.visitbeijing.com.cn/attraction/119646,看丹公园位于北京市的西南部，丰台区花乡看丹村内，位于西南四环和五环之间，距四环科丰桥1.5公里。,丰台区花乡看丹村内,休闲娱乐,https://r1.visitbeijing.com.cn/vbj-s/2016/0921/20160921032756625.png
经仪郊野公园,https://s.visitbeijing.com.cn/attraction/119640,经仪郊野公园占地32公顷，公园位于丰台区卢沟桥乡西部，地属张仪、大瓦窑两个行政村。,丰台区卢沟桥乡西部,休闲娱乐,https://r1.visitbeijing.com.cn/vbj-s/2016/0920/20160920042440903.png
和义公园,https://s.visitbeijing.com.cn/attraction/119638,和义郊野公园依托现状自然林地景观，突出公园自身特色，满足周边功能需求,丰台区南中轴路两侧,休闲娱乐,https://r1.visitbeijing.com.cn/vbj-s/2016/0920/20160920040910367.png
槐新公园,https://s.visitbeijing.com.cn/attraction/119632,位于北京丰台区南四环中路南侧的槐新郊野公园占地90公顷，对于附近城南嘉园、草桥小区、马家堡小区的20多万居民来说，这是他们身边的一个天然大氧吧。,南四环中路南侧,休闲娱乐,https://r1.visitbeijing.com.cn/vbj-s/2016/0919/20160919033019499.png
高鑫公园,https://s.visitbeijing.com.cn/attraction/119626,高鑫公园位于北京市的西南部，丰台区花乡高立庄村，介于西南四环和五环之间，北临京山铁路，东至老樊羊路，公园 面积36.9公顷 。,丰台区花乡高立庄村,休闲娱乐,https://r1.visitbeijing.com.cn/vbj-s/2016/0918/20160918085526755.jpg
丰台科技园生态主题公园,https://s.visitbeijing.com.cn/attraction/119624,春天来了，万物复苏，人们终于可以脱下厚重的棉服到户外走一走了，踏青就成为了我们跃跃欲试的活动了。,科兴路1号(科怡路口),休闲娱乐,https://r1.visitbeijing.com.cn/vbj-s/2016/0913/20160913031306611.jpg
福海公园,https://s.visitbeijing.com.cn/attraction/119622,在南三环木樨园的南面，有个面积不足3公顷的小公园，福海公园。开园十多年了，很少为人所知。,南三环木樨园的南面,休闲娱乐,https://r1.visitbeijing.com.cn/vbj-s/2016/0913/20160913024458876.jpg
方庄体育公园,https://s.visitbeijing.com.cn/attraction/119621,方庄体育公园位于方庄住宅中心地带，占地面积7.8公顷，其中绿地占3.7公顷。,北京丰台区方庄芳群园二区11号,休闲娱乐,https://r1.visitbeijing.com.cn/vbj-s/2016/0913/20160913023735391.jpg
北京国际露营公园,https://s.visitbeijing.com.cn/attraction/119599,北京国际汽车露营公园位于丰台区南苑村，团河路东侧，公园坐落在600亩的天然林地中，园区建成后将设有300辆可移动性露营房车，并可同时容纳150顶露营帐篷，提供1000人同时露营休闲。,丰台区南苑村，团河路东侧,休闲娱乐,https://r1.visitbeijing.com.cn/vbj-s/2016/0907/20160907042624493.jpg
天弓高尔夫俱乐部,https://s.visitbeijing.com.cn/attraction/119588,大井村的天弓高尔夫俱乐部位于西四环与京石高速交汇点，占地面积120亩，设有100多个打位，其中有38间豪华VIP包间，并配有两层一千多平方米的综合服务楼,西四环与京石高速交汇点,休闲娱乐,https://r1.visitbeijing.com.cn/vbj-s/2016/0906/20160906030246792.jpg
天元公园,https://s.visitbeijing.com.cn/attraction/119587,北京天元公园丰台区卢沟桥乡境内，公园北临梅市口路，东至青塔西路，南临双林南路，西至双林东路，为北京市城市绿化隔离地区“郊野公园环”建设项目之一。,丰台区卢沟桥乡境内,休闲娱乐,https://r1.visitbeijing.com.cn/vbj-s/2016/0906/20160906025349439.jpg
槐树岭公园,https://s.visitbeijing.com.cn/attraction/119488,北京槐树庄郊野公园一个目前还鲜为人知、2013年新建完工的村建公园，位于北京丰台区中心西两公里。,北京丰台区中心西两公里,休闲娱乐,https://r1.visitbeijing.com.cn/vbj-s/2016/0822/20160822041356816.jpg
金潍多草莓采摘基地,https://s.visitbeijing.com.cn/attraction/119441,北京金潍多科技有限公司所属的北京金潍多无公害草莓示范基地位于北京市丰台区长辛店镇李家峪，园区占地2万平米。,北京市丰台区长辛店乡李家峪村,特色游 | 采摘 | 踏青 | 赏花,https://r1.visitbeijing.com.cn/vbj-s/2016/0816/20160816030131769.png
大红门国际会展中心,https://s.visitbeijing.com.cn/attraction/119392,北京大红门国际会展中心位于北京市丰台区南中轴路东侧，居于北京市“八大商业圈之一”——木樨园及大红门商业圈之中，紧邻木樨园长途汽车东站，大红门商贸城，具有良好的商业位置和交通便利条件。,北京市南三环木樨园桥南800米，大红门服装商贸城马路对面。,休闲娱乐 | 特色游,https://r1.visitbeijing.com.cn/vbj-s/2016/0810/20160810035500166.jpg
北京欢乐水魔方水上乐园,https://s.visitbeijing.com.cn/attraction/119156,北京欢乐水魔方嬉水乐园位于北京市丰台区小屯路,北京市丰台区小屯路11号(近梅市口路),漂流 | 避暑,https://r1.visitbeijing.com.cn/vbj-s/2024/0819/e8a36d1f9e52458d052a34dc740b19c0.png
中华小吃博物馆,https://s.visitbeijing.com.cn/attraction/119154,中华小吃博物馆也叫万丰小吃城，全国56个民族各地3000多种小吃的万丰小吃城，位于丰台区万丰路306号。,北京市丰台区万丰路306号,休闲娱乐,https://r1.visitbeijing.com.cn/vbj-s/2016/0721/20160721114049387.png
北京国际汽车露营公园,https://s.visitbeijing.com.cn/attraction/119152,坐落在600 亩天然林内，分为房车停靠区、帐篷露营区、运动娱乐区和养生休闲区。,北京市丰台区南苑团河路369 号,踏青,https://r1.visitbeijing.com.cn/vbj-s/2016/0721/20160721103600271.png
北京迷你世界青少年职业体验馆,https://s.visitbeijing.com.cn/attraction/118454,迷你世界是完全按照真实社会建造的微缩版城市，专为青少年提供职业体验的素质教育基地。,北京市丰台区南三环西路78号（玉泉营桥西南侧万兴家居广场A座）,特色游,https://r1.visitbeijing.com.cn/vbj-s/2015/1126/20151126033536397.jpg
南宫世界地热博览园,https://s.visitbeijing.com.cn/attraction/118411,整个园区占地800亩，主要景点包括：地热科普展览中心、温泉特种水产养殖中心、温泉垂钓中心和温泉种植采摘基地。,北京西南部的丰台区王佐镇南宫村,休闲娱乐 | 温泉 | 滑雪,https://r1.visitbeijing.com.cn/vbj-s/2024/0822/d30f83d81388da05eb0c584ee2f50887.png
南宫温泉水世界,https://s.visitbeijing.com.cn/attraction/118386,素有“京西夏威夷”之称，是理想的室内温泉戏水乐园，动漫客房深受小朋友们的喜爱。,北京丰台区王佐镇福宫路39号,温泉 | 滑雪,https://r1.visitbeijing.com.cn/vbj-s/2024/0819/26929704b8c1704fefbc2a90b6edab3c.jpg
北京园博会,https://s.visitbeijing.com.cn/attraction/118283,中国园博园历史文化氛围浓郁，地形多变，山水相依，颇具特色。,北京市丰台区射击场路15号,休闲娱乐 | 特色游 | 踏青 | 赏花,https://r1.visitbeijing.com.cn/vbj-s/2013/0730/20130730021311343.jpg
紫谷伊甸园,https://s.visitbeijing.com.cn/attraction/118281,紫谷伊甸园以薰衣草观赏为主题和特色，每年的5月至10月，园内几十种花卉与薰衣草竞相开放、争奇斗艳。,北京市丰台区永定河堤农场路9号,特色游 | 踏青 | 赏花,https://r1.visitbeijing.com.cn/vbj-s/2015/0721/20150721051841831.jpg
洛平精品有机采摘,https://s.visitbeijing.com.cn/attraction/118244,"以进行樱桃采摘,梨采摘,柿子采摘,欢迎广大朋友前来采摘。",北京市丰台区王佐镇魏各庄中心村的一个农业中心,特色游 | 采摘,https://r1.visitbeijing.com.cn/vbj-s/2013/0502/20130502053301651.png
长辛店公园,https://s.visitbeijing.com.cn/attraction/118220,公园内各处绿树成荫繁花似锦，三季有花，四季常青，油松，白皮松高大挺拔，山杏，连翘喜迎春风。,北京市丰台区长辛店桥西花园南里甲一号,休闲娱乐 | 特色游 | 踏青 | 赏花,https://r1.visitbeijing.com.cn/vbj-s/2013/0423/20130423101235974.jpg
鹰山森林公园,https://s.visitbeijing.com.cn/attraction/118219,鹰山森林公园春天，满园苍翠欲滴，鲜花满目;炎夏，林中小风习习，清凉怡人，是极佳的避暑胜地;深秋，满坡红叶似火,北京市丰台区东河沿村卢井村北,休闲娱乐 | 登山 | 踏青,https://r1.visitbeijing.com.cn/vbj-s/2013/0422/20130422041739985.jpg
胡同张老北京民间艺术馆,https://s.visitbeijing.com.cn/attraction/118185,老北京吃、喝、玩、乐浓缩到一个馆中，全方位再现老北京生活的创意。,北京市丰台区卢沟桥宛平城内入西门30米路南,博物馆 | 特色游,https://r1.visitbeijing.com.cn/vbj-s/2013/0408/20130408101125171.jpg
北京长辛店二·七纪念馆,https://s.visitbeijing.com.cn/attraction/118147,整个建筑由四个四合院组成，四面各有一个中式门楼，均为钢盘水泥仿木结构，古脊明柱，水刷石镶衬，清晰别致，古朴典雅，落落大方。,北京市丰台区长辛店火车站西边的公园内,博物馆 | 特色游,https://r1.visitbeijing.com.cn/vbj-s/2013/0326/20130326050537996.jpg
中国航天博物馆,https://s.visitbeijing.com.cn/attraction/118090,中华航天博物馆是展示中国航天科技与成就的专业博物馆，是中国航天的对外宣传与展示窗口。,丰台区卢沟桥城内街101号,博物馆 | 特色游,https://r1.visitbeijing.com.cn/vbj-s/2013/0220/20130220030258636.jpg
莲花池庙会,https://s.visitbeijing.com.cn/attraction/118084,庙会努力挖掘传统民俗文化的魅力，点击现代前卫时尚的活力，文商并举、风雅荟萃、雅俗共赏，全园开花、满园绿意。,北京市丰台区广安门外莲花池48号,特色游,https://r1.visitbeijing.com.cn/vbj-s/2013/0117/20130117011603945.jpg
万芳亭公园,https://s.visitbeijing.com.cn/attraction/117997,公园不大，绿化还可以。每天早晨在这里边晨练的老人比较多，都是家住附近的人。,北京市丰台区南三环路3号,特色游 | 踏青 | 赏花,https://r1.visitbeijing.com.cn/vbj-s/2024/0823/63e5b7e10760c655a9714d64b4a9b596.png
大葆台西汉墓博物馆（暂停营业）,https://s.visitbeijing.com.cn/attraction/117996,除可供参观的汉王地宫外，参观者还可亲手参与模拟考古发掘工作、“投壶仪式”等活动。,北京市丰台区郭公庄南大葆台,博物馆 | 特色游,https://r1.visitbeijing.com.cn/vbj-s/2012/1205/20121205025421165.jpg
千灵山风景区,https://s.visitbeijing.com.cn/attraction/117974,这里佛教文化源远流长，有北京最大的石窟寺群，是北京近郊远眺视野最佳的山峰！,北京市丰台区王佐镇西庄店村北,特色游 | 登山 | 踏青 | 赏花 | 避暑,https://r1.visitbeijing.com.cn/vbj-s/2012/1207/20121207023042663.jpg
北京法海寺博物馆,https://s.visitbeijing.com.cn/attraction/117905,法海寺最大的看点就是壁画，在大雄宝殿的壁画，是元朝时的珍品，特别是“水月观音”最有名气。,北京市石景山区翠微山南麓模式口48号,特色游,https://r1.visitbeijing.com.cn/vbj-s/2012/1206/20121206010156276.jpg
南宫温泉旅游度假区,https://s.visitbeijing.com.cn/attraction/117341,"惊险的滑道、宽阔的水面、优雅的“夏威夷风光”,配套设施完备。",北京市丰台区王佐镇南宫村,特色游 | 温泉 | 滑雪,https://r1.visitbeijing.com.cn/vbj-s/2024/0822/2b2231fec77e61712129918cb823697c.png
北京万龙八易滑雪场,https://s.visitbeijing.com.cn/attraction/117314,"市内唯一的大型户外滑雪场,唯一真正实现夜场滑雪的滑雪场哟。",北京市丰台区射击场路12号八一军体大队内,特色游 | 温泉 | 滑雪,https://r1.visitbeijing.com.cn/vbj-s/2016/1118/20161118042941911.jpg
宛平城,https://s.visitbeijing.com.cn/attraction/101622,宛平，自古即为京南门户，城建于明末崇祯十年(1637年)，当时正是明朝的战乱时期，建此城以屯兵守卫京城。,北京市丰台区卢沟桥宛平城内街101号。,特色游,https://r1.visitbeijing.com.cn/vbj-s/2012/1207/20121207030438829.jpg
中国评剧大剧院,https://s.visitbeijing.com.cn/attraction/101612,中国评剧大剧院是一个以演出中国评剧为主及全国各个地方剧种为特色的戏曲演出阵地，在海内外都产生过重要的影响。,丰台区西罗园四区19号。,休闲娱乐 | 特色游,https://r1.visitbeijing.com.cn/vbj-s/2012/1207/20121207095957119.jpg
北京辽金城垣博物馆,https://s.visitbeijing.com.cn/attraction/101608,该馆建筑整体呈不规则多边形，青灰色的外墙，屋顶铺以灰瓦，城墙垛口式的檐下饰一兽头，远远望去仿佛金代北京城又重现眼前。,北京市丰台区右安门外玉林小区40号。,博物馆 | 特色游,https://r1.visitbeijing.com.cn/vbj-s/2012/1207/20121207045203228.jpg
卢沟桥,https://s.visitbeijing.com.cn/attraction/101415,卢沟桥卢沟桥始建于1189年，1444年曾重修。桥身左右两侧石雕护栏各有望柱140根，柱头上均雕卧伏的石狮约500个左右。,北京市丰台区永定河上,特色游,https://r1.visitbeijing.com.cn/vbj-s/2012/1207/20121207010200563.jpg
丰台体育中心垒球场,https://s.visitbeijing.com.cn/attraction/101232,08年北京奥运会时第一所建成并投入使用的奥运场馆，蕴含着众多环保科技于一身。,北京市丰台体育中心,休闲娱乐,https://r1.visitbeijing.com.cn/vbj-s/2012/1207/20121207024809559.jpg
老山郊野公园,https://s.visitbeijing.com.cn/attraction/120011,老山郊野公园突出“以林为体，郊野休闲”的理念，公园周边是着名的老山山地车赛道,北京市石景山区老山至八宝山地区,休闲娱乐,https://r1.visitbeijing.com.cn/vbj-s/2016/1213/20161213022528896.jpg
永定河休闲森林公园,https://s.visitbeijing.com.cn/attraction/119799,永定河休闲森林公园是北京市委、市政府关于永定河绿色生态发展带“五园一带”项目首个启动建设的公园，已于2013年4月28日向社会免费开放。,北京市石景山区京原路55号,休闲娱乐,https://r1.visitbeijing.com.cn/vbj-s/2016/1028/20161028025320286.jpg
石景山古城公园,https://s.visitbeijing.com.cn/attraction/119798,古城公园是1981年石景山区建设的第一座居住公园，被誉为“楼群之花”。公园占地2.33公顷，分儿童游戏区、中心雕塑区、揽霞滴翠广场和花卉盆景区。,北京市石景山区古城南路,休闲娱乐,https://r1.visitbeijing.com.cn/vbj-s/2016/1028/20161028024246283.jpg
首钢松林公园,https://s.visitbeijing.com.cn/attraction/119678,首钢松林公园位于石景山游乐园正南，是一座原生态未加人工修饰的郊野公园,石景山游乐园正南,休闲娱乐,https://r1.visitbeijing.com.cn/vbj-s/2016/0929/20160929021317109.png
青山公园,https://s.visitbeijing.com.cn/attraction/119667,青山公园位于石景山区西北部，五里坨村之东北，距石景山区政府所在地10公里。,石景山区西北部,休闲娱乐,https://r1.visitbeijing.com.cn/vbj-s/2016/0927/20160927035232994.png
永定河森林公园,https://s.visitbeijing.com.cn/attraction/119015,永定河森林公园位于门头沟区永定镇与石景山区、丰台区交界处，紧临108国道。这里经过几十年采挖砂石形成的深达42米的大砂坑曾是北京西部最大的沙尘污染源。,京原路55号,休闲娱乐 | 特色游 | 踏青 | 赏花 | 漂流 | 避暑,https://r1.visitbeijing.com.cn/vbj-s/2016/0622/20160622015824953.jpg
半月公园,https://s.visitbeijing.com.cn/attraction/118427,在辰光路和楼群广厦的环抱下，形如半弦明月，故名“半月园”。,北京市石景山区六合园,休闲娱乐,https://r1.visitbeijing.com.cn/vbj-s/2015/0910/20150910030645254.jpg
石景山雕塑公园,https://s.visitbeijing.com.cn/attraction/118410,石景山雕塑公园是一座以植物造园、雕塑造景的艺术园林，在中国园林界首开先例，评为“北京市优秀新园林”。,石景山区八角西街,休闲娱乐,https://r1.visitbeijing.com.cn/vbj-s/2015/0908/20150908025442672.jpg
希望公园,https://s.visitbeijing.com.cn/attraction/118409,该园是石景山区第一座方便于京西苹果园地区居民就近休息、娱乐的百亩公园。,石景山区西黄村,休闲娱乐,https://r1.visitbeijing.com.cn/vbj-s/2015/0908/20150908023552586.jpg
四海公园,https://s.visitbeijing.com.cn/attraction/118408,四海公园位于石景山区苹果园，共分7个戏水区，是北京消夏戏水乐园,石景山区苹果园,休闲娱乐,https://r1.visitbeijing.com.cn/vbj-s/2015/0908/20150908021053699.jpg
北京大公馆,https://s.visitbeijing.com.cn/attraction/118381,北京大公馆，建于京城西山山麓，皇家龙脉之地，亦是帝王级休闲养息之所。,北京市石景山区鲁谷东街甲26号,温泉 | 滑雪,https://r1.visitbeijing.com.cn/vbj-s/2015/0825/20150825022138414.jpg
家宝贝儿童成长俱乐部,https://s.visitbeijing.com.cn/attraction/118370,家宝贝多项大型游乐设备，内设宏大的攀爬架、分隔式游泳池、魔幻动力空间等15项儿童娱乐设施,北京市石景山区鲁谷路74号院39号清大世纪大厦,休闲娱乐 | 特色游,https://r1.visitbeijing.com.cn/vbj-s/2015/0824/20150824014420601.jpg
古城公园,https://s.visitbeijing.com.cn/attraction/118267,古城公园是1981年石景山区建设的第一座居住公园，被誉为“楼群之花”。,石景山区古城南路,休闲娱乐 | 踏青 | 赏花,https://r1.visitbeijing.com.cn/vbj-s/2013/0507/20130507042729993.jpg
石景山洋庙会,https://s.visitbeijing.com.cn/attraction/118088,石景山洋庙会使中国人不出国门即可领略异域风光、风情、风味；让外国人在北京过中国节，感受到本土的故乡之情。,北京市石景山区石景山路25号,特色游,https://r1.visitbeijing.com.cn/vbj-s/2013/0118/20130118014050271.jpg
北京宦官文化陈列馆,https://s.visitbeijing.com.cn/attraction/117979,全国唯一太监博物馆，了解历史十大太监。揭示了中国几千年封建帝制下形成的体系完整庞杂的宦官制度。,北京市石景山区模式口大街80号,博物馆 | 特色游,https://r1.visitbeijing.com.cn/vbj-s/2012/1207/20121207033124340.jpg
中国第四纪冰川遗迹陈列馆,https://s.visitbeijing.com.cn/attraction/101598,走进馆内，最具震撼的是先进的高科技手段和真实的场景复原将第四纪冰川时代逼真地展现在人们眼前。,北京市石景山区模式口28号,博物馆 | 特色游,https://r1.visitbeijing.com.cn/vbj-s/2012/1217/20121217013115582.jpg
老山自行车馆,https://s.visitbeijing.com.cn/attraction/101396,北京奥运会自行车馆约6.6公顷的用地内，总建筑面积32920平方米，赛道周长250米.,北京市石景山区老山西街,特色游,https://r1.visitbeijing.com.cn/vbj-s/2012/1207/20121207120952601.jpg
北京射击馆,https://s.visitbeijing.com.cn/attraction/101394,2008年，北京奥运会射击步枪、手枪共10个项目的全部资格赛和决赛将在这里举行。,北京市石景山区福田寺甲3号,休闲娱乐 | 特色游,https://r1.visitbeijing.com.cn/vbj-s/2012/1207/20121207113057747.jpg
北京国际雕塑公园,https://s.visitbeijing.com.cn/attraction/101356,北京最大的雕塑公园，现已有180余件来自40多个国家和地区的优秀雕塑、浮雕、壁画作品收藏于园中，喜欢艺术的朋友不可错过。,北京市石景山区石景山路2号,休闲娱乐 | 特色游,https://r1.visitbeijing.com.cn/vbj-s/2012/1206/20121206115837692.jpg
田义墓,https://s.visitbeijing.com.cn/attraction/101331,全国第一家以宦官为主题的博物馆，如果想理解这个神秘的职业，这里你不得不来。,北京市石景山区模式口大街80号(近法海寺公园早市),博物馆 | 特色游 | 登山,https://r1.visitbeijing.com.cn/vbj-s/2012/1207/20121207031244635.jpg
北京射击场飞碟靶场,https://s.visitbeijing.com.cn/attraction/101235,北京奥运会期间承担男女飞碟双向、多向及双多向等六个项目的比赛场馆，现作为训练场地。,北京市石景山区香山南路103号,休闲娱乐 | 特色游,https://r1.visitbeijing.com.cn/vbj-s/2012/1207/20121207091219857.jpg
老山山地自行车场,https://s.visitbeijing.com.cn/attraction/101234,老山山地自行车场承担了奥运会期间山地自行车比赛，作为一个在中国相对冷门的项目其场地现已难寻如鸟巢般的辉煌。,北京市石景山区老山西街5,休闲娱乐,https://r1.visitbeijing.com.cn/vbj-s/2012/1207/20121207030131903.jpg
马致远故居,https://s.visitbeijing.com.cn/attraction/120568,马致远故居位于京西门头沟区王平镇的“王平古道”的韭园村。,北京市门头沟区王平镇西落坡村内,遗产古迹,https://r1.visitbeijing.com.cn/vbj-s/2017/0609/20170609104128933.jpg
妙峰山娘娘庙会,https://s.visitbeijing.com.cn/attraction/120495,妙峰山娘娘庙会又称妙峰山娘娘庙香会，是一种古老的传统民俗及民间宗教文化活动。,北京市门头沟区妙峰山镇北部,特色游,https://r1.visitbeijing.com.cn/vbj-s/2017/0522/20170522041302541.jpg
雁翅村苹果园,https://s.visitbeijing.com.cn/attraction/120055,门头沟雁翅镇红富士苹果日前进入最佳成熟采摘期，供京城游客采摘。,门头沟雁翅镇雁翅村,休闲娱乐 | 采摘,https://r1.visitbeijing.com.cn/vbj-s/2016/1222/20161222021857325.jpg
担礼京白梨园,https://s.visitbeijing.com.cn/attraction/120054,北京门头沟妙峰山担礼村 龙凤岭观光园京白梨采摘基地 担礼村地处京西门头沟东部妙峰山镇。距城区10公里，东离六环军庄段5分钟车程。,北京门头沟妙峰山镇担礼村,休闲娱乐 | 采摘,https://r1.visitbeijing.com.cn/vbj-s/2016/1222/20161222020529199.jpg
上苇甸果园,https://s.visitbeijing.com.cn/attraction/120053,山泉汇成的张玉河从妙峰山向下流淌，4座小塘坝层层截水，蓄水近万立方米。度假村沿塘坝而建，一座座小木屋错落有致。,妙峰山镇上苇甸村,休闲娱乐 | 采摘,https://r1.visitbeijing.com.cn/vbj-s/2016/1222/20161222114523582.jpg
王平韭园农庄,https://s.visitbeijing.com.cn/attraction/120052,,王平镇韭园村,休闲娱乐 | 采摘,https://r1.visitbeijing.com.cn/vbj-s/2016/1222/20161222105300798.jpg
东山梨花园,https://s.visitbeijing.com.cn/attraction/120051,,北京市门头沟区军庄镇东山村,休闲娱乐 | 采摘,https://r1.visitbeijing.com.cn/vbj-s/2016/1222/20161222104333450.jpg
西峰寺森林公园,https://s.visitbeijing.com.cn/attraction/120007,,东西长安街延长线的西部端点上,休闲娱乐 | 登山,https://r1.visitbeijing.com.cn/vbj-s/2016/1212/20161212040407808.jpg
灵山风景区,https://s.visitbeijing.com.cn/attraction/120002,,北京市门头沟区清水镇,登山 | 赏花,https://r1.visitbeijing.com.cn/vbj-s/2016/1212/20161212104504948.jpg
东辛房公园,https://s.visitbeijing.com.cn/attraction/119986,东辛房公园建于1954年，位于北京市门头沟区东辛房大街南侧，总占地面积17000平方米。,北京市门头沟区东辛房大街南侧,休闲娱乐,https://r1.visitbeijing.com.cn/vbj-s/2016/1207/20161207041253891.jpg
在水一方,https://s.visitbeijing.com.cn/attraction/119984,在水一方是一处拆迁出来的绿地，位于永定河畔，由此命名。,永定河畔,休闲娱乐,https://r1.visitbeijing.com.cn/vbj-s/2016/1207/20161207104706361.jpg
窑神庙公园,https://s.visitbeijing.com.cn/attraction/119940,,门头沟圈门,休闲娱乐,https://r1.visitbeijing.com.cn/vbj-s/2016/1124/20161124013153926.jpg
中门寺生态园,https://s.visitbeijing.com.cn/attraction/119939,中门寺生态园是位于北京市门头沟区中门寺街71号的综合自然生态园区，区域面积 2.1 平方公里。,头沟区中门寺街71号的综合自然生态园区,休闲娱乐,https://r1.visitbeijing.com.cn/vbj-s/2016/1124/20161124113614734.jpg
忠良书院,https://s.visitbeijing.com.cn/attraction/119938,,北京生态涵养区,博物馆 | 特色游,https://r1.visitbeijing.com.cn/vbj-s/2016/1124/20161124112027142.jpg
南石洋大峡谷森林公园,https://s.visitbeijing.com.cn/attraction/119912,南石洋大峡谷森林公园，位于京西雁翅镇马套村西北，东至：马套村村口，南至：峰窝至马家套的乡间道北，西至：门头沟区与河北怀来县交界，北至：笔架山下门头沟区与河北怀来县交界。,京西雁翅镇马套村西北,登山,https://r1.visitbeijing.com.cn/vbj-s/2016/1118/20161118012540270.jpg
玫瑰谷自然风景区,https://s.visitbeijing.com.cn/attraction/119911,,大沟村1号,赏花,https://r1.visitbeijing.com.cn/vbj-s/2016/1118/20161118112705401.jpg
莲石湖湿地公园,https://s.visitbeijing.com.cn/attraction/119728,莲石湖位于北京石景山、门头沟和丰台河西交界之地，于原永定河河滩上修建而成。,北京市门头沟区永定河三家店莲石路段,休闲娱乐 | 特色游,https://r1.visitbeijing.com.cn/vbj-s/2016/1017/20161017110054380.jpg
三家店蒲草湿地公园,https://s.visitbeijing.com.cn/attraction/119726,三家店不仅是明清京西古道的起点，也是永定河流经官厅山峡的出山口。,三家店水库库区，桥下北侧生长有大片蒲草田，这即是三家店湿地。,休闲娱乐,https://r1.visitbeijing.com.cn/vbj-s/2016/1014/20161014042527366.jpg
永定楼,https://s.visitbeijing.com.cn/attraction/119725,永定楼位于北京市门头沟区永定河畔，永定楼的设计灵感来源于被誉为“江南三大名楼”的黄鹤楼，整体建筑设计的雄浑之中又不失精巧，同时秉持了我国独特的古建筑风格。,北京市门头沟区永定河门城湖公园,特色游,https://r1.visitbeijing.com.cn/vbj-s/2016/1014/20161014041450514.jpg
永定河公园,https://s.visitbeijing.com.cn/attraction/119724,永定河公园位于北京市门头沟区门城湖畔，西至滨河路，东临永定河，南至北京市永定河管理处，北至城子东街，总面积1.5万平方米，其中绿地面积0.96万平方米，总投资2180万元。,北京市门头沟区门城湖畔,休闲娱乐,https://r1.visitbeijing.com.cn/vbj-s/2016/1014/20161014040621313.jpg
门头沟历史文化长廊,https://s.visitbeijing.com.cn/attraction/119723,门头沟历史文化长廊位于北京市门头沟区永定河门城湖畔，永定河观景台南侧，由门头沟区人民政府兴建，2012年6月27日落成。,北京市门头沟区永定河门城湖畔,特色游,https://r1.visitbeijing.com.cn/vbj-s/2016/1014/20161014032847848.jpg
绿海森林公园,https://s.visitbeijing.com.cn/attraction/119722,绿海森林公园，是位于北京门头沟的一个森林公园。,北京门头沟,休闲娱乐,https://r1.visitbeijing.com.cn/vbj-s/2016/1014/20161014032032169.jpg
石门营文化公园,https://s.visitbeijing.com.cn/attraction/119679,石门营公园建于2008年7月，建设面积56000平方米，其中绿地面积51000平方米。,北京市门头沟区永定镇南部,休闲娱乐,https://r1.visitbeijing.com.cn/vbj-s/2016/0929/20160929022133302.png
门头沟京浪岛公园,https://s.visitbeijing.com.cn/attraction/119657,京浪岛公园，坐落在北京门头沟永定河三家店水库的北端，西临水担路，东邻109国道和北京六环路。京浪岛公园于2010年5月开始修建，8月竣工，总占地面积12.8万平方米，绿地面积占95%。,门头沟永定河三家店水库的北端,休闲娱乐,https://r1.visitbeijing.com.cn/vbj-s/2016/0923/20160923032725346.png
立思辰公园,https://s.visitbeijing.com.cn/attraction/119653,立思辰公园位于北京市门头沟区德露苑小区南侧，属社会性捐助公园，公园西至滨河路，南至规划中门寺沟，北临区法院,门头沟区德露苑小区南侧,休闲娱乐,https://r1.visitbeijing.com.cn/vbj-s/2016/0923/20160923023920727.png
京门铁路遗址公园,https://s.visitbeijing.com.cn/attraction/119641,京门铁路遗址公园位于北京市门头沟区城子大街北侧，北接京门铁路，南至排洪沟，东至城子大街，西至铁路挡墙，总面积1.2万平方米，其中绿地面积0.8万平方米。,北京市门头沟区城子大街北侧,休闲娱乐,https://r1.visitbeijing.com.cn/vbj-s/2016/0921/20160921024052615.png
晨曦公园,https://s.visitbeijing.com.cn/attraction/119607,晨曦公园位于北京市门头沟区黑河沟畔，为城子大街与河滩邮政局东侧的滨河带状绿地，总面积0.45万平方米，其中绿地面积0.35万平方米。,北京市门头沟区黑河沟畔,休闲娱乐,https://r1.visitbeijing.com.cn/vbj-s/2016/0909/20160909031442143.jpg
滨河世纪广场公园,https://s.visitbeijing.com.cn/attraction/119606,滨河世纪广场公园是挖沙形成的一处人工沙坑建设而成的，建设占地面积33万平方米,北京门头沟区,休闲娱乐,https://r1.visitbeijing.com.cn/vbj-s/2016/0908/20160908041638153.jpg
灵溪风景区,https://s.visitbeijing.com.cn/attraction/119575,灵溪峡谷位于北京门头沟区妙峰山风景区附近，距市区约35公里，是一片刚刚开发的自然风景区。,门头沟妙峰山镇岭角村,特色游 | 登山 | 踏青 | 赏花 | 避暑,https://r1.visitbeijing.com.cn/vbj-s/2016/0902/20160902035946681.jpg
龙泉宾馆云水间,https://s.visitbeijing.com.cn/attraction/119423,龙泉宾馆-云水间养生阁汤泉来龙泉吃滋补美食、泡个调节温泉浴正成为当下最流行的养生方式。,北京市门头沟区水闸北路21号,特色游 | 踏青 | 赏花 | 温泉 | 滑雪,https://r1.visitbeijing.com.cn/vbj-s/2016/0815/20160815103120382.bmp
北京国际核桃庄园,https://s.visitbeijing.com.cn/attraction/118602,北京国际核桃庄园是生态与科学、自然与人文相互融合的胜地。,北京市门头沟区清水镇小龙门村,休闲娱乐 | 特色游,https://r1.visitbeijing.com.cn/vbj-s/2016/0408/20160408024230835.jpg
定都峰景区,https://s.visitbeijing.com.cn/attraction/118347,定都峰景因其地处长安街西延线西端的定都峰上，故名定都阁。,北京市门头沟区潭柘寺镇桑峪村,特色游 | 登山 | 踏青,https://r1.visitbeijing.com.cn/vbj-s/2015/0817/20150817051028341.png
聚灵峡景区,https://s.visitbeijing.com.cn/attraction/118345,石沟内侧悬崖峭壁矗立着各式各样的山峰，山顶上端较缓坡平，高山草甸，山坡上松柏、桦、杨林木繁密。,北京门头沟区清水镇洪水口村1号,特色游 | 登山 | 踏青 | 赏花,https://r1.visitbeijing.com.cn/vbj-s/2015/0817/20150817030711389.jpg
永定河峡谷,https://s.visitbeijing.com.cn/attraction/118280,永定河两岸山色干枯，植被稀疏，但是风景一样壮丽,怀来县官厅镇永定河上游的官厅水库大坝下,特色游 | 登山 | 烧烤 | 踏青 | 漂流 | 避暑,https://r1.visitbeijing.com.cn/vbj-s/2013/0625/20130625034353287.jpg
黑山公园,https://s.visitbeijing.com.cn/attraction/118279,黑山公园内百年松柏苍劲，林木花疏扶摇，具备良好的园林基础。,北京市门头沟区黑山大街6号,休闲娱乐 | 特色游 | 踏青 | 赏花,https://r1.visitbeijing.com.cn/vbj-s/2013/0521/20130521045410552.jpg
葡山公园,https://s.visitbeijing.com.cn/attraction/118278,葡山公园周边绿山环绕，环境清幽，令人心旷神怡。,北京市门头沟区滨河路,休闲娱乐 | 踏青 | 赏花,https://r1.visitbeijing.com.cn/vbj-s/2013/0521/20130521041504359.jpg
妙峰山樱桃沟,https://s.visitbeijing.com.cn/attraction/118273,是一处集名人古迹，樱桃采摘，池塘垂钓，民俗观光，科普教育于一体的旅游观光农业园区。,北京市门头沟区妙峰山镇樱桃沟村,特色游 | 采摘,https://r1.visitbeijing.com.cn/vbj-s/2013/0509/20130509052448293.jpg
冀热察挺进军司令部旧址陈列馆,https://s.visitbeijing.com.cn/attraction/118162,北京市重点文物保护单位，是北京市百家博物馆和北京市青少年爱国主义教育基地，是红色旅游的好去处。,北京市门头沟斋堂镇马栏村,博物馆 | 特色游,https://r1.visitbeijing.com.cn/vbj-s/2013/0329/20130329112904354.jpg
小龙门国家森林公园,https://s.visitbeijing.com.cn/attraction/101592,小龙门森林公园丰富的植物资源，为开辟森林浴场提供了得天独厚的条件，游人来此可以进行“森林浴”,北京市门头沟区清水镇小龙门林场,特色游 | 登山 | 烧烤 | 踏青 | 赏花 | 红叶 | 银杏,https://r1.visitbeijing.com.cn/vbj-s/2015/0507/20150507055849792.jpg
珍珠湖景区,https://s.visitbeijing.com.cn/attraction/101588,湖上有一自然村落杏花村，每年春季杏花竞相开放。湖两岸势陡峭，峰峦叠嶂。夏秋时节两岸岩崖布满青苔，盛开着群芳争艳的鲜花，色彩美丽。,北京市门头沟区雁翅镇珠窝村西北1公里处,特色游 | 登山 | 垂钓 | 踏青 | 赏花 | 漂流 | 避暑,https://r1.visitbeijing.com.cn/vbj-s/2016/0622/20160622104946209.jpg
龙门涧风景区,https://s.visitbeijing.com.cn/attraction/101579,龙门涧风景区处于中心地带，属自然风光，做为北京市最大的嶂谷，地质构造丰富奇特，被学者誉为中国“北方的地质博物馆”。,清水镇燕家台村,特色游 | 登山 | 踏青 | 赏花 | 漂流 | 避暑,https://r1.visitbeijing.com.cn/vbj-s/2015/0508/20150508050504290.jpg
灵山风景区,https://s.visitbeijing.com.cn/attraction/101573,灵山是难得的高原、草原风光，所以这里是风光摄影、学生考察、生物采集、家庭摄像的好地方。,北京市门头沟区清水镇江水河村,特色游 | 登山 | 踏青 | 赏花 | 红叶 | 银杏,https://r1.visitbeijing.com.cn/vbj-s/2015/0508/20150508045645317.jpg
黄草梁自然风景区,https://s.visitbeijing.com.cn/attraction/101570,黄草梁风景优美、气候宜人，集自然景观与人文景观于一身，是旅游、观光、考古的理想去处。,北京市门头沟区斋堂镇北14公里处。,特色游 | 登山 | 采摘 | 踏青 | 赏花,https://r1.visitbeijing.com.cn/vbj-s/2012/1206/20121206041702354.jpg
爨底下村,https://s.visitbeijing.com.cn/attraction/101565,小村海拔650米，属清水河流域，周围苍松翠柏，绿树成荫，悦耳的鸟鸣，常打破山村的寂静，使人有“世外桃源”之感。,北京市门头沟区斋堂镇,特色游 | 登山 | 采摘 | 烧烤 | 踏青 | 赏花 | 避暑,https://r1.visitbeijing.com.cn/vbj-s/2023/0214/41ce922e334e120c43cea7a63ca40bc9.jpg
天门山自然风景区（门头沟）,https://s.visitbeijing.com.cn/attraction/101312,名不见经传的森林公园，可能除了爬山就没有什么别的可干的了。,北京市门头沟区潭柘寺镇南辛房村,休闲娱乐 | 特色游 | 登山 | 踏青 | 赏花,https://r1.visitbeijing.com.cn/vbj-s/2012/1207/20121207045838197.jpg
寺上美术馆,https://s.visitbeijing.com.cn/attraction/120395,寺上美术馆（Si Shang Art Museum）位于北京北六环，是一座占地4万平米的体验式美术馆，可以1个小时、一天、一周、一个月…不会厌烦的身心栖息的艺文休憩之地。,北京市顺义区张喜庄火寺路东,休闲娱乐,https://r1.visitbeijing.com.cn/vbj-s/2017/0523/20170523022114984.jpg
北京画家村,https://s.visitbeijing.com.cn/attraction/120317,"在北京天安门前的长安街东延长线咫尺之地，京杭大运河的北端有一座古城，这就是首都的""左辅雄藩""--通州。在通州城北，有两条不可多得的历史景观，造就了北京小平原的自然河流，这就是大运河的源流--温榆河与潮白河。在两条母亲河之间，有一片秀美繁荣的土地，这就是闻名遐迩的艺术群落--宋庄。",北京市通州区宋庄东街171号,休闲娱乐 | 特色游,https://r1.visitbeijing.com.cn/vbj-s/2017/0519/20170519111233734.jpg
中国花卉博览会主题公园,https://s.visitbeijing.com.cn/attraction/119994,本园区的造园手法是通过堆山理水，采用植物造景的手法，建设出一个自然宜人的环境，这是本公园与各公园相似之处,北京市顺义区后沙峪镇枯柳树村，花博会主展馆东北侧,休闲娱乐,https://r1.visitbeijing.com.cn/vbj-s/2016/1208/20161208024750294.jpg
北京丽宫体育公园,https://s.visitbeijing.com.cn/attraction/119934,北京丽宫体育公园高尔夫球场地处北京东北市郊，作为丽宫别墅业主的专用球场，是中国目前唯一的纯业主制球场。,北京顺义区天竺镇丽高王府花园,休闲娱乐,https://r1.visitbeijing.com.cn/vbj-s/2016/1123/20161123023320766.jpg
神笛陶艺村,https://s.visitbeijing.com.cn/attraction/119925,,北京市顺义区南彩镇白马路北侧三高农业示范区内,特色游,https://r1.visitbeijing.com.cn/vbj-s/2016/1122/20161122114435533.jpg
潮白河森林公园,https://s.visitbeijing.com.cn/attraction/119858,潮白河森林公园位于北京市顺义区境内，南起通州交界，北至怀柔密云交界，全长38公里，总面积6.3万亩。,北京市顺义区仁和镇,特色游 | 踏青 | 赏花,https://r1.visitbeijing.com.cn/vbj-s/2016/1109/20161109044045624.png
舞彩浅山滨水国家登山步道,https://s.visitbeijing.com.cn/attraction/119731,舞彩浅山滨水国家登山步道(龙湾屯段)东起山里辛庄村东侧，西至鞑子沟(与木林镇接壤)。,位于顺义区东北部五彩浅山带燕山山脉之上，东邻北京市平谷区，北接北京市密云县。,登山,https://r1.visitbeijing.com.cn/vbj-s/2016/1017/20161017025941593.jpg
森鑫森林公园,https://s.visitbeijing.com.cn/attraction/119689,位于顺义区潮白河衅李遂镇，建于1986年，距北京市区35公里，距首都机场13公里。,位于顺义区潮白河衅李遂镇,休闲娱乐 | 特色游 | 踏青 | 赏花 | 避暑,https://r1.visitbeijing.com.cn/vbj-s/2016/1009/20161009020914695.jpg
仁和公园,https://s.visitbeijing.com.cn/attraction/119671,2011年12月3日，顺义仁和公园开园迎客。副区长赵贵恒、区政协副主席田建国共同为仁和公园开园剪彩，标志着仁和公园正式对市民开放。,顺义城区南部,休闲娱乐,https://r1.visitbeijing.com.cn/vbj-s/2016/0928/20160928034153357.png
快乐猩猩树上探险主题公园(顺义园区）,https://s.visitbeijing.com.cn/attraction/119647,快乐猩猩树上穿越是一项健康而又时尚的绿色户外活动。,北京市顺义区李遂镇顺鑫绿色度假村内,休闲娱乐,https://r1.visitbeijing.com.cn/vbj-s/2016/0922/20160922012814365.png
减河公园,https://s.visitbeijing.com.cn/attraction/119643,顺义减河公园，东起减河与潮白河交汇处，西至南白路，全长3.8公里，南北两岸绿化带平均宽度各100米,东起减河与潮白河交汇处，西至南白路,休闲娱乐,https://r1.visitbeijing.com.cn/vbj-s/2016/0921/20160921025651529.png
和谐广场公园,https://s.visitbeijing.com.cn/attraction/119635,北京市顺义区和谐广场公园2009年7月31日建成后即免费对外开放，总面积77.4公顷，绿地面积65.9公顷。,潮白河与减河交汇处,休闲娱乐,https://r1.visitbeijing.com.cn/vbj-s/2016/0919/20160919034935819.png
北京京林温泉,https://s.visitbeijing.com.cn/attraction/119421,京林温泉酒店(京林大厦)是一家星级国际饭店，2003年3月开业，2012年进行了全面装修和扩建，酒店建筑面积五万余平方米，主楼高6层，客房总数318间套。,首都机场南平东里乙1号京林大厦C座B1层,特色游 | 温泉 | 滑雪,https://r1.visitbeijing.com.cn/vbj-s/2016/0815/20160815100646394.bmp
瑞麟湾温泉,https://s.visitbeijing.com.cn/attraction/119381,瑞麟湾温泉度假酒店是由北京市新天华业房地产开发有限责任公司投资5.5亿打造的绿色生态温泉度假酒店，酒店位于北京市顺义区南彩镇顺平辅路39号箭杆河东侧。,顺义区南彩镇顺平辅线39号,特色游 | 温泉 | 滑雪,https://r1.visitbeijing.com.cn/vbj-s/2016/0810/20160810101403579.jpg
中国国际展览中心(新馆),https://s.visitbeijing.com.cn/attraction/119163,中国国际展览中心(新馆)是目前北京市最大、功能最全、现代化程度最好的展览中心,北京市顺义区天竺裕翔路88号,休闲娱乐,https://r1.visitbeijing.com.cn/vbj-s/2016/0721/20160721025409725.png
和园景逸温泉,https://s.visitbeijing.com.cn/attraction/118462,山水相映，花木葱茏，景色宜人，座拥温榆河小清河，可谓林水相间，绿草如茵，空气清新，仿佛一座天然的“氧吧”。,北京顺义区后沙裕镇边河路57号院2区。,特色游 | 漂流 | 避暑 | 温泉,https://r1.visitbeijing.com.cn/vbj-s/2016/0105/20160105014102847.jpg
光明广场,https://s.visitbeijing.com.cn/attraction/118449,它以形象性的标志和开放性的建设格局，对外展现了顺义奋发向上的精神风貌，对内为全区群众提供了一处休闲、健身、娱乐的场所。,顺义府前东街南侧体育局东侧,休闲娱乐,https://r1.visitbeijing.com.cn/vbj-s/2015/0914/20150914051713207.jpg
顺义区和谐广场,https://s.visitbeijing.com.cn/attraction/118433,百米喷泉组合区域，由主喷、辅喷、跑泉、冷雾和叠水五种水型组成，是国内目前旱地最高的喷泉。,北京市顺义区仁和镇复兴村和北兴村，在潮白河与减河交汇处,休闲娱乐,https://r1.visitbeijing.com.cn/vbj-s/2015/0910/20150910051444350.jpg
卧龙公园,https://s.visitbeijing.com.cn/attraction/118432,卧龙公园改造中巧妙借鉴传统造园手法，大胆运用现代造园技术，坚持“文化建园”方针，围绕“龙文化”主题，植物造景，手法自然。,北京市顺义区西门外路北1号卧龙公园,休闲娱乐,https://r1.visitbeijing.com.cn/vbj-s/2015/0910/20150910044846182.jpg
北京欧菲堡酒庄,https://s.visitbeijing.com.cn/attraction/118335,品味红酒文化，相聚欧菲堡酒庄，酒庄酿造的干红葡萄酒、蓝莓葡萄酒、桃红葡萄酒、野生蓝莓酒等，每款都是经典。,北京市顺义区龙湾屯镇柳庄户村,特色游,https://r1.visitbeijing.com.cn/vbj-s/2015/0721/20150721042551180.jpg
双河果园,https://s.visitbeijing.com.cn/attraction/118261,集观光、品尝、体验、休闲、度假、教育等多种功能于一体的综合性生态观光果园,北京市顺义区南彩镇河北村,休闲娱乐 | 特色游 | 采摘 | 踏青,https://r1.visitbeijing.com.cn/vbj-s/2013/0506/20130506053942670.jpg
怡园公园,https://s.visitbeijing.com.cn/attraction/118216,改造后的怡园公园西侧完全开放，达到了与新顺南北大街景观融合渗透的设计构想，成为了顺义城区南部的一个亮点。,北京市近郊顺义区建新东街60号,休闲娱乐 | 踏青 | 赏花,https://r1.visitbeijing.com.cn/vbj-s/2013/0422/20130422015817551.jpg
顺义公园,https://s.visitbeijing.com.cn/attraction/118215,顺义公园活动空间丰富、活动内容众多、景观档次较高、文化主题突出，新增水幕电影项目为京郊首例。,北京市顺义区光明南街26号,休闲娱乐 | 踏青 | 赏花,https://r1.visitbeijing.com.cn/vbj-s/2013/0422/20130422114951605.jpg
减河五彩公园,https://s.visitbeijing.com.cn/attraction/118214,整个公园体现了北京新城—顺义的城市概念和地域特色，发挥滨河绿地的生态、娱乐、休闲、健身、防护、救灾、生产等功能，提升城市形象。,顺义区东大桥西北,休闲娱乐 | 踏青 | 赏花,https://r1.visitbeijing.com.cn/vbj-s/2013/0419/20130419050052688.jpg
春晖园温泉度假村,https://s.visitbeijing.com.cn/attraction/117995,艺术与自然，离心情很近，温泉邂逅泳池，演绎优雅,高丽营镇于庄,休闲娱乐 | 特色游 | 温泉 | 滑雪,https://r1.visitbeijing.com.cn/vbj-s/2015/0513/20150513050904128.jpg
北京顺鑫中盛会议中心,https://s.visitbeijing.com.cn/attraction/117845,田园风光被称为“京郊的维也纳森林”。,北京市顺义李遂镇西顺鑫绿色度假村,特色游 | 采摘 | 烧烤 | 踏青 | 赏花 | 避暑 | 温泉,https://r1.visitbeijing.com.cn/vbj-s/2015/0511/20150511053515370.jpg
北京莲花山滑雪场,https://s.visitbeijing.com.cn/attraction/117307,在这里，追求时尚创新意识和崇尚回归大自然的意识得到了完美和谐的统一,北京市顺义区张镇良山东路288号,特色游 | 温泉 | 滑雪,https://r1.visitbeijing.com.cn/vbj-s/2016/1118/20161118043134309.jpg
乔波室内滑雪馆,https://s.visitbeijing.com.cn/attraction/101916,在这里，运动的激情与全身心放松实现了完美的结合。无论春夏秋冬、无论风雨雷电、四季滑雪已不再是梦想！,北京市顺义区顺安路6号,休闲娱乐 | 特色游 | 温泉 | 滑雪,https://r1.visitbeijing.com.cn/vbj-s/2012/1207/20121207101955489.jpg
北臧村镇老胡繁荣观光果园,https://s.visitbeijing.com.cn/attraction/120096,,北臧村镇内兴良路南1公里,休闲娱乐 | 采摘,https://r1.visitbeijing.com.cn/vbj-s/2017/0103/20170103032135982.jpg
李家场观光果园,https://s.visitbeijing.com.cn/attraction/120095,,大兴区魏善庄镇李家场村,休闲娱乐 | 采摘,https://r1.visitbeijing.com.cn/vbj-s/2017/0103/20170103021017187.jpg
福源冬枣园,https://s.visitbeijing.com.cn/attraction/120094,,大兴区长子营镇车固营村,休闲娱乐 | 采摘,https://r1.visitbeijing.com.cn/vbj-s/2017/0103/20170103020645123.jpg
北京圣泽林生态果业有限公司,https://s.visitbeijing.com.cn/attraction/120093,,安定镇汤营村,休闲娱乐 | 采摘,https://r1.visitbeijing.com.cn/vbj-s/2017/0103/20170103105106445.jpg
梨花庄园,https://s.visitbeijing.com.cn/attraction/120092,,大兴区庞各庄镇梨花村,休闲娱乐 | 采摘,https://r1.visitbeijing.com.cn/vbj-s/2016/1230/20161230044518510.jpg
京南沙河梨园,https://s.visitbeijing.com.cn/attraction/120091,梨子具有养肺的作用：吃较多梨的人远比不吃或少吃梨的人感冒机率要低。,安定镇沙河村,休闲娱乐 | 采摘,https://r1.visitbeijing.com.cn/vbj-s/2016/1230/20161230042839600.jpg
贾尚精品种植园,https://s.visitbeijing.com.cn/attraction/120090,贾尚精品种植园是北京市林果乡土专家贾尚与我国知名梨树专家鲁韧强共建的梨有机栽培、节水栽培示范园。,安定镇后安定村,休闲娱乐 | 采摘,https://r1.visitbeijing.com.cn/vbj-s/2016/1230/20161230022249128.jpg
刘家铺村生态果品产业基地,https://s.visitbeijing.com.cn/attraction/120089,在北京市大兴区榆垡镇刘家铺村，游客不仅能呼吸新鲜的空气，感受大自然的情怀，还能流连于内涵丰厚的人文景观和文化底蕴深厚的有机梨园，让您论古博今，陶冶情操。,榆垡镇刘家铺村,休闲娱乐 | 采摘,https://r1.visitbeijing.com.cn/vbj-s/2016/1230/20161230021912664.jpg
北京御丰园生态果业有限公司,https://s.visitbeijing.com.cn/attraction/120088,御丰园观光采摘园位于大兴区榆垡镇南张华村南，面积300亩，以种植西洋梨为主,榆垡镇南张华村,休闲娱乐 | 采摘,https://r1.visitbeijing.com.cn/vbj-s/2016/1230/20161230113306864.jpg
亮民绿奥采摘园,https://s.visitbeijing.com.cn/attraction/120086,,安定镇西芦村,休闲娱乐 | 采摘,https://r1.visitbeijing.com.cn/vbj-s/2016/1229/20161229044837471.jpg
亦新郊野公园,https://s.visitbeijing.com.cn/attraction/120010,,大兴区亦庄镇西北部，靠近大羊坊路和南五环交汇处。,休闲娱乐,https://r1.visitbeijing.com.cn/vbj-s/2016/1213/20161213021856341.jpg
大兴古桑国家森林公园,https://s.visitbeijing.com.cn/attraction/120005,北京大兴古桑国家森林公园位于大兴区安定镇与长子营镇,位于大兴区安定镇和长子营镇域,休闲娱乐,https://r1.visitbeijing.com.cn/vbj-s/2016/1212/20161212030005316.jpg
旺兴湖郊野公园,https://s.visitbeijing.com.cn/attraction/119996,旺兴湖郊野公园是北京城的一处郊野公园。一进园区，果然名不虚传，小桥、流水、亭台、徽派楼阁，尽显江南水乡的小景。,北京市大兴区旧宫镇庑殿路,休闲娱乐,https://r1.visitbeijing.com.cn/vbj-s/2016/1209/20161209113757291.jpg
兴海休闲公园,https://s.visitbeijing.com.cn/attraction/119995,,大兴区瀛海镇104国道西侧,休闲娱乐,https://r1.visitbeijing.com.cn/vbj-s/2016/1208/20161208035526426.jpg
三海子郊野公园,https://s.visitbeijing.com.cn/attraction/119698,北京南部地区最大的郊野公园———大兴三海子郊野公园正式启动建设，三年内城南再现碧波荡漾、绿荫匝地、芳草萋萋,北京南部地区,休闲娱乐,https://r1.visitbeijing.com.cn/vbj-s/2016/1011/20161011111508538.jpg
凉水河公园,https://s.visitbeijing.com.cn/attraction/119656,凉水河河滨公园是一个全开放式的公共绿地，通过园林小品、景观园路、绿化造景等景观设计，展现全镇公共环境形象，满足居民健身休闲、娱乐交流、观赏游览等户外活动需要。,凉水河河道两侧、地铁亦庄线旧宫段轻轨高架桥下,休闲娱乐,https://r1.visitbeijing.com.cn/vbj-s/2016/0923/20160923031314585.png
念坛公园,https://s.visitbeijing.com.cn/attraction/119637,念坛公园占地2500亩，其中湿地面积为150亩，整个水域面积达到700亩。公园是免费入园，面积很大，有免费的沙滩,医药基地北侧，北起清源西路，南至黄良路,休闲娱乐,https://r1.visitbeijing.com.cn/vbj-s/2016/0920/20160920034913768.png
高米店公园,https://s.visitbeijing.com.cn/attraction/119625,高米店公园位于北京市大兴区新城北区境内，东临京开高速，南临金星路，西临辅高路，北临香园路。是一座风景优美的公园。,北京市大兴区新城北区,休闲娱乐,https://r1.visitbeijing.com.cn/vbj-s/2016/0918/20160918084356619.jpg
碧海公园,https://s.visitbeijing.com.cn/attraction/119605,碧海公园位于大兴区旧宫镇庑店路碧海公园。,北京市大兴区旧宫镇庑店路碧海公园,休闲娱乐,https://r1.visitbeijing.com.cn/vbj-s/2016/0908/20160908041021141.jpg
国际企业文化园,https://s.visitbeijing.com.cn/attraction/119598,亦庄国际企业文化园东起东环北路，西至成寿寺路，南起文化园东路，北至南五环路，总占地200公顷，以荣华路为中心将公园划分为东湖区和西湖区。,大兴区 亦庄经济技术开发区文化园路(近荣华桥),休闲娱乐,https://r1.visitbeijing.com.cn/vbj-s/2016/0907/20160907035807802.jpg
博大公园,https://s.visitbeijing.com.cn/attraction/119597,博大公园是北京亦庄经济技术开发区内中心的一个公园。位于开发区19号街区，于核心区公建区的核心地带，占地面积约18万平方米，被亦庄人形象地称为核心区的“绿色之肺”。,北京亦庄经济技术开发区内核心,休闲娱乐,https://r1.visitbeijing.com.cn/vbj-s/2016/0907/20160907034934716.jpg
北京爱情海玫瑰文化博览园,https://s.visitbeijing.com.cn/attraction/119356,月季文化园也称北京爱情海玫瑰文化博览园园内包含月季大道、游客服务中心、婚庆服务中心（集装箱）、水晶殿堂、房车露营基地、古森林博物馆。,北京大兴区魏善庄镇羊坊村东300米。,特色游 | 踏青 | 赏花,https://r1.visitbeijing.com.cn/vbj-s/2016/0805/20160805060229182.jpg
绿得金生态采摘园,https://s.visitbeijing.com.cn/attraction/119285,有草莓、桃、杏、李、梨、枣和樱桃等果品，以及各色圣女果、香椿、菠菜、茴香、穿心莲、尖椒等各种绿色蔬菜。,北京市大兴区南六环东向西内环辅路距南大红门桥500米处白色石桥内即到,特色游 | 采摘,https://r1.visitbeijing.com.cn/vbj-s/2016/0729/20160729043726777.jpg
中华耕织文化园,https://s.visitbeijing.com.cn/attraction/119195,中华耕织文化园位于北京市大兴区安定镇乡村游览观光大道(庞安路)南侧，是北京京安大宽农业科技发展有限公司历经5年精心设计建设的。,北京市大兴区安定镇佟家务村北侧1000米。,休闲娱乐,https://r1.visitbeijing.com.cn/vbj-s/2016/0725/20160725105033108.png
纳波湾月季园,https://s.visitbeijing.com.cn/attraction/119176,北京纳波湾园艺有限公司是以生产、销售各类月季种苗、月季工程苗、承接月季(玫瑰)主题公园,陈各庄村,踏青 | 赏花,https://r1.visitbeijing.com.cn/vbj-s/2016/0722/20160722113505925.png
西瓜小镇,https://s.visitbeijing.com.cn/attraction/119175,西瓜小镇建于2004年，原东方绿洲生态园，2013年更名为北京西瓜晓镇酒店管理有限公司。,北京市大兴区庞各庄镇南里渠村村委会北100米,休闲娱乐,https://r1.visitbeijing.com.cn/vbj-s/2016/0722/20160722112314428.png
梦幻紫海香草庄园,https://s.visitbeijing.com.cn/attraction/119173,梦幻紫海香草庄园位于大兴区榆垡镇工业园区西南，是北京最大的以香草为主题的公园。,北京市大兴区榆垡镇,踏青 | 赏花,https://r1.visitbeijing.com.cn/vbj-s/2016/0722/20160722110953974.png
北京南海子公园,https://s.visitbeijing.com.cn/attraction/119172,北京南海子郊野公园是北京四大郊野公园之一，也是北京市最大的湿地公园，全部建成后总面积超过11平方公里。,北京市大兴区亦庄镇,休闲娱乐,https://r1.visitbeijing.com.cn/vbj-s/2016/0722/20160722105227445.png
北京西瓜博物馆,https://s.visitbeijing.com.cn/attraction/119170,西瓜每个人都吃过，但你了解西瓜的文化吗，对西瓜种植和西瓜文化感兴趣的朋友建议一看。,北京市大兴区庞各庄镇,博物馆 | 特色游,https://r1.visitbeijing.com.cn/vbj-s/2016/0722/20160722103016949.png
北京航天科普拓展教育基地,https://s.visitbeijing.com.cn/attraction/119169,北京航天科普拓展教育基地是国内第一家以电影、图文展览、实物模型展示、电子触摸互动、航天农业观光采摘等形式全面介绍中国航天及世界航天发展历程的综合性教育基地。,北京市大兴区庞各庄镇,特色游,https://r1.visitbeijing.com.cn/vbj-s/2016/0722/20160722101353120.png
星光影视园,https://s.visitbeijing.com.cn/attraction/119168,星光影视园是国家科技部批准的“国家新媒体产业基地”,北京市大兴区西红门镇北兴路(东段)2号,休闲娱乐,https://r1.visitbeijing.com.cn/vbj-s/2016/0722/20160722095645961.png
奥肯尼克农场,https://s.visitbeijing.com.cn/attraction/119016,奥肯尼克农场，命名是由英文“Organic Farm”译音而来，中文是“有机农场”。喻意是生产有机果蔬的农场。,北京市大兴区黄鹅路附近,休闲娱乐 | 特色游 | 采摘,https://r1.visitbeijing.com.cn/vbj-s/2016/0622/20160622022554528.jpg
永定河自行车运动公园,https://s.visitbeijing.com.cn/attraction/118797,永定河自行车运动公园由著名自行车运动组织国际山地自行车联盟设计..,北京市大兴区106国道与永定河大桥交界处,踏青 | 赏花,https://r1.visitbeijing.com.cn/vbj-s/2016/0519/20160519050437739.jpg
龙熙温泉,https://s.visitbeijing.com.cn/attraction/118460,以龙熙顺景豪华别墅区为背景，怀抱加州阳光海岸风格的“水世界”景观，坐拥千亩高尔夫球场翠景，风光无限。,北京市大兴区庞各庄镇顺景路8号(近京开高速庞各庄出口),特色游 | 温泉 | 滑雪,https://r1.visitbeijing.com.cn/vbj-s/2016/0104/20160104105938784.jpg
团河行宫遗址公园（暂停营业）,https://s.visitbeijing.com.cn/attraction/118446,团河行宫建于乾隆四十二(公元1777)年，它曾是北京规模最大的行宫，也是乾隆年间建成的“江南园林”式行宫。,北京市大兴区团河路,休闲娱乐,https://r1.visitbeijing.com.cn/vbj-s/2015/0914/20150914040638143.jpg
留民营欣禾农业园,https://s.visitbeijing.com.cn/attraction/118374,北京首批农业观光游示范点，“中国生态农业第一村”。,北京市大兴区大兴区长子营镇留民营村,休闲娱乐 | 特色游 | 采摘,https://r1.visitbeijing.com.cn/vbj-s/2015/0824/20150824034131503.jpg
北京惠友农庄,https://s.visitbeijing.com.cn/attraction/118363,倡导安全、生态、循环的经营理念，致力于果蔬的有机种植和现代农业的示范与推广。,北京市大兴区天堂河农场,特色游 | 采摘,https://r1.visitbeijing.com.cn/vbj-s/2015/0821/20150821025527201.jpg
北京哈你小孩运动馆,https://s.visitbeijing.com.cn/attraction/118337,哈你拥有与欧美同步的各项运动娱乐设施，具备专业的资质认证并为中国市场独家认证经营。在专属教练指导下，享受专业、安全、时尚的各项运动娱乐体验。,北京大兴区欣宁街15号院荟聚西红门购物中心2层,特色游,https://r1.visitbeijing.com.cn/vbj-s/2015/0722/20150722025322981.jpg
大兴航天之光沙滩水上乐园,https://s.visitbeijing.com.cn/attraction/118332,为满足市民朋友的清凉夏日要求，特隆重推出“激情水上、亲子狂欢”手机摄影大赛活动,北京市大兴区庞各庄镇赵村村东口北侧梨花庄园内,休闲娱乐 | 特色游,https://r1.visitbeijing.com.cn/vbj-s/2015/0721/20150721011850304.jpg
中国影视大乐园,https://s.visitbeijing.com.cn/attraction/118301,中国影视大乐园，这是一个五光十色的光影世界!在这里，你可以拍摄一部属于自己的电影大片。,北京市大兴区南五环西红门北兴路东段2号星光影视园内,休闲娱乐 | 特色游,https://r1.visitbeijing.com.cn/vbj-s/2014/0819/20140819030734420.jpg
北京雪都滑雪场,https://s.visitbeijing.com.cn/attraction/118297,雪场内各类滑雪设施一应俱全，多种滑雪项目应有尽有！,北京市大兴区榆垡镇刘家铺,特色游 | 温泉 | 滑雪,https://r1.visitbeijing.com.cn/vbj-s/2013/1213/20131213023114857.jpg
大兴采育葡萄园,https://s.visitbeijing.com.cn/attraction/118275,土质肥沃，水源水质良好，种植葡萄历史悠久,大兴区采育镇大皮营二村,特色游 | 采摘,https://r1.visitbeijing.com.cn/vbj-s/2013/0510/20130510111429646.jpg
街心公园,https://s.visitbeijing.com.cn/attraction/118213,公园不仅给人们提供了一个舒适、清新、健康、休闲的多功能活动场所，也充分体现了新世纪新风采的都市花园。,北京市大兴区3段197号,休闲娱乐 | 踏青 | 赏花,https://r1.visitbeijing.com.cn/vbj-s/2013/0419/20130419040604523.jpg
康庄公园,https://s.visitbeijing.com.cn/attraction/118212,康庄公园为人们提供了一个舒适、清新、休闲、娱乐、健身为一体的多功能场所，同时，也充分地向人们展示着大兴的都市风采。,大兴区黄村镇滨河东里,休闲娱乐 | 特色游 | 采摘 | 踏青 | 赏花,https://r1.visitbeijing.com.cn/vbj-s/2013/0419/20130419030125264.jpg
黄村儿童乐园,https://s.visitbeijing.com.cn/attraction/118211,公园经过十几年的建设和不断完善已具规模。园内环境优雅，植物繁茂，三季有花，四季常青，给儿童提供了一个游艺、健康的活动场所。,北京市大兴区黄村镇兴丰北大街3号富强西里,休闲娱乐 | 特色游,https://r1.visitbeijing.com.cn/vbj-s/2013/0419/20130419012216762.jpg
老宋瓜园,https://s.visitbeijing.com.cn/attraction/118075,以“自然、艺术、文化、科技”四大理念，展示瓜文化、瓜的栽培科技，是国内目前“主题定位最明确，科技含量最高”的西瓜主题公园,北京市大兴区,休闲娱乐 | 特色游 | 采摘 | 踏青,https://r1.visitbeijing.com.cn/vbj-s/2013/0109/20130109030820430.jpg
御林古桑园,https://s.visitbeijing.com.cn/attraction/117940,御林古桑园，也许比不上名山大川的秀美，比不上江河湖泊的婀娜，但是，它的美丽让人流连忘返。,北京市大兴区安定镇高店村,特色游 | 采摘 | 踏青 | 赏花,https://r1.visitbeijing.com.cn/vbj-s/2015/0511/20150511110352303.jpg
采育葡萄大世界观光采摘园,https://s.visitbeijing.com.cn/attraction/117860,乱花渐欲迷人眼，众多葡萄中，找到了自己最爱！满载而归，幸福之情不能自说。,北京市大兴区采育镇,休闲娱乐 | 特色游 | 采摘,https://r1.visitbeijing.com.cn/vbj-s/2015/0511/20150511101954847.jpg
中华文化园,https://s.visitbeijing.com.cn/attraction/117859,感受中华民族五千年生生不息的精神，追寻到中华民族五千年立足于世界之林的根。,北京市大兴区长丰园一区对面（近公交驾校）,博物馆 | 特色游,https://r1.visitbeijing.com.cn/vbj-s/2015/0513/20150513054328400.jpg
半壁店森林公园,https://s.visitbeijing.com.cn/attraction/101513,森林茂密、空气清新，碑石为文，立于园中，小路幽静、凉爽怡人，环境舒适，醉人心脾。,北京市大兴区黄村南10公里半壁店地区。,特色游 | 登山 | 采摘 | 垂钓 | 踏青 | 赏花 | 漂流,https://r1.visitbeijing.com.cn/vbj-s/2012/1210/20121210112756854.jpg
北普陀影视城,https://s.visitbeijing.com.cn/attraction/101438,北普陀建园十年来先后拍摄了《还珠格格》、《雍正王朝》、《铁齿铜牙纪晓岚》等七百多部电影、电视剧。,北京市大兴区南宫村,特色游 | 踏青,https://r1.visitbeijing.com.cn/vbj-s/2012/1207/20121207012029590.jpg
十八弯景区,https://s.visitbeijing.com.cn/attraction/120654,十八弯景区是一个极度考验个人驾车技巧的景区，被网友戏称为“蜷缩的大肠”。,北京市平谷区玻璃台村九曲十八弯景区,特色游 | 采摘 | 赏花,https://r1.visitbeijing.com.cn/vbj-s/2017/0608/20170608054735536.jpg
北京丛海逸园休闲娱乐园,https://s.visitbeijing.com.cn/attraction/120647,春赏桃花一片红，夏观四野绿葱葱，秋品仙桃果味美，冬游雪景姿更容。,北京市平谷区大华山镇小峪子村裕华西路83号,休闲娱乐 | 特色游 | 采摘 | 赏花,https://r1.visitbeijing.com.cn/vbj-s/2017/0606/20170606060707122.jpg
北京老泉樱花园,https://s.visitbeijing.com.cn/attraction/120644,小慧大桃观光采摘园坐落于美丽的平谷地区，是全家放松休闲的好去处。,北京市平谷区熊儿寨乡老泉口村东,休闲娱乐 | 特色游 | 采摘,https://r1.visitbeijing.com.cn/vbj-s/2017/0605/20170605062320751.jpg
北京老泉山野公园,https://s.visitbeijing.com.cn/attraction/120619,老泉山野公园总占地面积约1000亩，森林植被覆盖达90%以上,北京市平谷区熊儿寨乡老泉口村127号,休闲娱乐 | 特色游 | 踏青 | 赏花,https://r1.visitbeijing.com.cn/vbj-s/2017/0607/20170607013239631.jpg
绿都林采摘园,https://s.visitbeijing.com.cn/attraction/120118,,山东庄镇李辛庄,休闲娱乐 | 采摘,https://r1.visitbeijing.com.cn/vbj-s/2017/0111/20170111112953411.jpg
老泉观光采摘园,https://s.visitbeijing.com.cn/attraction/120117,,熊尔寨乡老泉口,休闲娱乐 | 采摘,https://r1.visitbeijing.com.cn/vbj-s/2017/0110/20170110034337877.jpg
双营有机果品采摘园,https://s.visitbeijing.com.cn/attraction/120116,双营有机果园坐落在后花园平谷，这里有着独立的水系、光照充足、昼夜温差大，为优质大桃生产提供了极佳的地理和气候环境，大桃产量居全国之首，素有“中国桃都”之称。,马昌营镇前芮营,休闲娱乐 | 采摘,https://r1.visitbeijing.com.cn/vbj-s/2017/0110/20170110032037778.jpg
北寨红杏采摘园,https://s.visitbeijing.com.cn/attraction/120115,,南独河镇北寨村,休闲娱乐 | 采摘,https://r1.visitbeijing.com.cn/vbj-s/2017/0110/20170110104232713.jpg
泉水峪观光采摘园,https://s.visitbeijing.com.cn/attraction/120113,,大华山镇泉水峪,休闲娱乐 | 采摘,https://r1.visitbeijing.com.cn/vbj-s/2017/0109/20170109042333827.jpg
将军关樱桃休闲采摘园,https://s.visitbeijing.com.cn/attraction/120112,,将军关村南,休闲娱乐 | 采摘,https://r1.visitbeijing.com.cn/vbj-s/2017/0109/20170109041820469.jpg
熊儿寨村休闲观光果园,https://s.visitbeijing.com.cn/attraction/120111,,熊儿寨乡熊儿寨村,休闲娱乐 | 采摘,https://r1.visitbeijing.com.cn/vbj-s/2017/0109/20170109030344626.jpg
黄松峪国家森林公园,https://s.visitbeijing.com.cn/attraction/120003,,平谷区东北部,登山,https://r1.visitbeijing.com.cn/vbj-s/2016/1212/20161212110704826.jpg
平谷桃花海,https://s.visitbeijing.com.cn/attraction/119898,,平谷区峪口镇,赏花,https://r1.visitbeijing.com.cn/vbj-s/2016/1116/20161116021117761.jpg
平谷人民公园,https://s.visitbeijing.com.cn/attraction/119665,以前称为百亩公园，平谷最大，建成时间最长的公园，公园从南北两侧都可以进入，免费开放。公园面很大，是开放式的，北侧可以从平谷世纪广场直接进入。,平谷府前街。,休闲娱乐,https://r1.visitbeijing.com.cn/vbj-s/2016/0927/20160927030728501.png
玻璃台,https://s.visitbeijing.com.cn/attraction/119388,玻璃台的四季各有特色，但是夏秋两季的景色最佳。,北京市平谷区镇罗营镇,登山,https://r1.visitbeijing.com.cn/vbj-s/2023/0214/069ce160c9196f4443932cef497936c1.jpg
德双睿景区,https://s.visitbeijing.com.cn/attraction/119213,德双睿景区占地面积1000余亩，山水奇美，幽静深远，集众多自然、人文景观于一体，适宜登山健身,北京市平谷区峪口镇胡营村,特色游,https://r1.visitbeijing.com.cn/vbj-s/2016/0726/20160726104525727.png
北京渔阳国际度假村,https://s.visitbeijing.com.cn/attraction/119211,北京渔阳国际度假村坐落在风景秀美的绿都平谷区-国家4A级景区青龙山，距市区约60公里,平谷区 东高村镇大旺务村688号(近青龙山旅游区),温泉 | 滑雪,https://r1.visitbeijing.com.cn/vbj-s/2016/0726/20160726102836937.png
桃花深处汽车营地,https://s.visitbeijing.com.cn/attraction/118452,引入国际房车露营协会(CARSCAMPING)5星标准，在自然和谐的基础上，以绿色环保的原则，建设具有适合国人口味并且与国际接轨的露营地,北京市平谷区山东庄镇大北关村,特色游 | 烧烤,https://r1.visitbeijing.com.cn/vbj-s/2015/1008/20151008020308971.jpg
三羊古火山景区,https://s.visitbeijing.com.cn/attraction/118451,北京三羊古火山景区不仅分布有华北地区最大的古火山口群和褶皱、断裂带等内容丰富的地质遗迹，也是一个名副其实的绿色王国,北京市平谷区东北19公里的熊儿寨乡境内,特色游 | 登山,https://r1.visitbeijing.com.cn/vbj-s/2015/1008/20151008013826399.jpg
天云山,https://s.visitbeijing.com.cn/attraction/118389,神奇的天云山 北方的张家界 即使在炎热的三伏天，酷暑寒风的风寒谷（寒坡）只有2℃,北京市平谷区黄松峪乡飞龙谷境内,特色游 | 登山,https://r1.visitbeijing.com.cn/vbj-s/2015/0828/20150828033056785.jpg
千佛崖风景区,https://s.visitbeijing.com.cn/attraction/118206,这里风景如画，依山傍水，被称作“青衣绝佳处”。姿态各异，绚丽多彩，尤以“净土度”为佳；显示了中国古代高超的石刻艺术水平。,平谷区黄松峪乡黄土梁国家森林公园内千佛崖景区,特色游 | 登山 | 踏青 | 赏花 | 避暑,https://r1.visitbeijing.com.cn/vbj-s/2013/0418/20130418052013747.jpg
胜泉庵旅游风景区,https://s.visitbeijing.com.cn/attraction/118204,"在这里您可以尽情享受幽静美丽的环境和宜人的景色,还可以零距离观赏百亩野生映山红",平谷大华山镇泉水峪村,登山 | 踏青 | 漂流 | 避暑,https://r1.visitbeijing.com.cn/vbj-s/2013/0418/20130418101432905.jpg
盘龙瀑自然风景区,https://s.visitbeijing.com.cn/attraction/118203,盘龙瀑不但自然风景优美，且历来以庙多、石多、洞多而著称;盘龙瀑有九沟十八洞，曾有七十二寺。,平谷区南独乐河镇南山村,登山 | 踏青 | 赏花 | 漂流 | 避暑,https://r1.visitbeijing.com.cn/vbj-s/2013/0417/20130417093654661.png
黄松峪水库,https://s.visitbeijing.com.cn/attraction/118202,黄松峪水库是不为人所知的地方，夏天水库边成片的桑葚儿熟了没人吃，秋天熟透的山楂落满地成了条条红地毯。,北京市平谷区东北部长城脚下黄松峪村,烧烤 | 踏青,https://r1.visitbeijing.com.cn/vbj-s/2013/0416/20130416053628803.jpg
轩辕台,https://s.visitbeijing.com.cn/attraction/118201,轩辕台它北依群峰，南对盘岳，西邻西汉平谷故城，东望金海湖。,北京市平谷城东北7.5公里,特色游 | 登山 | 踏青,https://r1.visitbeijing.com.cn/vbj-s/2013/0416/20130416050243393.jpg
鱼子山抗日纪念馆,https://s.visitbeijing.com.cn/attraction/118200,鱼子山村原为抗战时期冀东军区18分军区军械修理所所在地。,北京市平谷区山东庄镇鱼子山村,博物馆 | 特色游,https://r1.visitbeijing.com.cn/vbj-s/2013/0418/20130418102408193.jpg
平谷飞龙谷,https://s.visitbeijing.com.cn/attraction/118199,平谷飞龙谷峰峦高耸，群峰叠翠，山泉处处，溪流飞瀑，隐隐青山望不断，悠悠绿水流不尽，可谓“无山不秀，无石不奇”。,位于北京市平谷区黄松峪乡,登山 | 踏青 | 赏花,https://r1.visitbeijing.com.cn/vbj-s/2013/0416/20130416023825120.jpg
上宅文化陈列馆,https://s.visitbeijing.com.cn/attraction/118148,在风景如画的金海湖畔，有一座造型奇特的建筑——上宅文化陈列馆。这是我国第一座以考古学文化命名的专题陈列馆。,北京市平谷区金海湖镇金海湖旅游区,博物馆 | 特色游,https://r1.visitbeijing.com.cn/vbj-s/2013/0327/20130327093652564.jpg
京东老泉山野公园,https://s.visitbeijing.com.cn/attraction/117993,园内的基础设施、配套设施齐备，6个核心景区及8个辅助景区形成得天独厚的自然景观与神秘传奇的人文色彩景观交相辉映。,北京市平谷区熊儿寨乡老泉口村127号,休闲娱乐 | 特色游 | 登山 | 踏青 | 赏花 | 避暑,https://r1.visitbeijing.com.cn/vbj-s/2015/0511/20150511113406304.jpg
湖洞水旅游区,https://s.visitbeijing.com.cn/attraction/117941,湖洞水是京郊理想的避暑郊游胜地，是中小学举办夏令营的好去处。,北京市平谷区黄松峪乡黑豆峪村,特色游 | 登山 | 烧烤 | 踏青 | 赏花,https://r1.visitbeijing.com.cn/vbj-s/2015/0511/20150511112824816.jpg
北京胜泉亲水湾旅游景区,https://s.visitbeijing.com.cn/attraction/117882,胜泉庵旅游风景区因景区内的千年胜泉而得名。不论春夏秋冬，不管天有多旱地有多干，这胜泉之水始终如一，滢滢烁烁、汩汩有声。,北京市平谷区大华山镇泉水峪村,特色游 | 登山 | 采摘 | 烧烤 | 踏青 | 赏花 | 避暑,https://r1.visitbeijing.com.cn/vbj-s/2012/1208/20121208095239776.jpg
北京渔阳国际滑雪场,https://s.visitbeijing.com.cn/attraction/117305,穿上厚厚的雪服，戴上防风镜，去体验冲下雪道的畅快。,北京市平谷区东高村镇大旺务村688号,特色游 | 温泉 | 滑雪,https://r1.visitbeijing.com.cn/vbj-s/2016/1118/20161118042051221.jpg
京东大溶洞,https://s.visitbeijing.com.cn/attraction/101900,大溶洞洞体岩石奇特，溶洞洞壁有的似片片浮云，有的如座座莲花，有的状如簇簇巨蘑，还有的似西风卷帘。,北京市平谷区黄松峪乡黑豆峪村东侧,特色游 | 登山 | 避暑,https://r1.visitbeijing.com.cn/vbj-s/2015/1224/20151224014944174.jpg
北京天地和农庄,https://s.visitbeijing.com.cn/attraction/120085,,张家湾镇垡头村,休闲娱乐 | 采摘,https://r1.visitbeijing.com.cn/vbj-s/2016/1229/20161229042425174.jpg
金玉达种植有限公司,https://s.visitbeijing.com.cn/attraction/120084,北京金玉达种植有限公司位于北京市通州区西集镇小辛庄村西,小辛庄村,休闲娱乐 | 采摘,https://r1.visitbeijing.com.cn/vbj-s/2016/1229/20161229035949284.jpg
北京市红樱桃园艺场,https://s.visitbeijing.com.cn/attraction/120083,北京市红樱桃园艺场位于通州区西集镇沙古堆村西，京杭大运河东岸。,西集镇沙古堆村,休闲娱乐 | 采摘,https://r1.visitbeijing.com.cn/vbj-s/2016/1229/20161229023823656.jpg
红樱旅游观光园,https://s.visitbeijing.com.cn/attraction/120082,,台湖镇朱家垡村,休闲娱乐 | 采摘,https://r1.visitbeijing.com.cn/vbj-s/2016/1229/20161229022010517.jpg
北京世纪环美绿化生态园,https://s.visitbeijing.com.cn/attraction/120081,草莓又叫红莓、洋莓、地莓等，是一种红色的花果。,张家湾镇北仪阁村,休闲娱乐 | 采摘,https://r1.visitbeijing.com.cn/vbj-s/2016/1229/20161229110053214.jpg
北京武窑松江果园,https://s.visitbeijing.com.cn/attraction/120080,,通州区潞城镇武窑村,休闲娱乐 | 采摘,https://r1.visitbeijing.com.cn/vbj-s/2016/1228/20161228022329190.jpg
漷县翟各庄精品枣园,https://s.visitbeijing.com.cn/attraction/120079,,漷县镇翟各庄村,休闲娱乐 | 采摘,https://r1.visitbeijing.com.cn/vbj-s/2016/1228/20161228021412899.jpg
京宝园艺场,https://s.visitbeijing.com.cn/attraction/120078,,潞城镇小营村,休闲娱乐 | 采摘,https://r1.visitbeijing.com.cn/vbj-s/2016/1228/20161228020015907.jpg
永乐光明合作社,https://s.visitbeijing.com.cn/attraction/120077,北京永乐光明果品专业合作社成立于2008年5月7日,永乐店镇胡村,休闲娱乐 | 采摘,https://r1.visitbeijing.com.cn/vbj-s/2016/1228/20161228014911537.jpg
熬硝营贡枣专业合作社,https://s.visitbeijing.com.cn/attraction/120076,,永乐店镇熬硝营,休闲娱乐 | 采摘,https://r1.visitbeijing.com.cn/vbj-s/2016/1228/20161228113612908.jpg
儒林大樱桃专业合作社,https://s.visitbeijing.com.cn/attraction/120075,儒林大樱桃专业合作社位于北京市通州区西集镇儒林村，与运河人家度假村毗邻。在北运河的东岸，属于古运河的冲积平原。,西集镇儒林村,休闲娱乐 | 采摘,https://r1.visitbeijing.com.cn/vbj-s/2016/1228/20161228100703113.jpg
沙古堆大樱桃专业合作社,https://s.visitbeijing.com.cn/attraction/120074,通州区西集镇沙古堆村具有悠久的历史，交通便利，远近闻名。,西集镇沙古堆村,休闲娱乐 | 采摘,https://r1.visitbeijing.com.cn/vbj-s/2016/1227/20161227030144179.jpg
北京玉宝果园,https://s.visitbeijing.com.cn/attraction/120073,玉宝果园位于顺义潞城镇岔道村，乘区内13路到岔道村或食品厂下车即到 。,潞城镇岔道村,休闲娱乐 | 采摘,https://r1.visitbeijing.com.cn/vbj-s/2016/1227/20161227023224425.jpg
王上村大樱桃专业合作社,https://s.visitbeijing.com.cn/attraction/120072,,西集镇王上村,休闲娱乐 | 采摘,https://r1.visitbeijing.com.cn/vbj-s/2016/1227/20161227015108297.jpg
和谐农庄,https://s.visitbeijing.com.cn/attraction/120071,,西集镇赵庄村,休闲娱乐 | 采摘,https://r1.visitbeijing.com.cn/vbj-s/2016/1227/20161227110931674.jpg
上林苑樱桃园,https://s.visitbeijing.com.cn/attraction/120070,上林苑樱桃园位于北京市通州区西集镇。西集镇儒林村位于北京市东南部，距通州区卫星城约21公里，距北京市区东四环约25公里。,西集镇儒林村,休闲娱乐 | 采摘,https://r1.visitbeijing.com.cn/vbj-s/2016/1227/20161227105423949.jpg
胡庄樱桃园,https://s.visitbeijing.com.cn/attraction/120069,采摘园交通方便，采摘品种多样，安全健康是这里果子最大的特色。,西集镇胡庄村,休闲娱乐 | 采摘,https://r1.visitbeijing.com.cn/vbj-s/2016/1227/20161227105020949.jpg
王庄果树专业合作社,https://s.visitbeijing.com.cn/attraction/120068,,西集镇王庄村,休闲娱乐 | 采摘,https://r1.visitbeijing.com.cn/vbj-s/2016/1226/20161226025450840.jpg
于辛庄村果园,https://s.visitbeijing.com.cn/attraction/120067,春暖花开，又是采摘的好时节。完全有机农家肥培育的新鲜樱桃，娇艳欲滴,西集镇于辛庄村,休闲娱乐 | 采摘,https://r1.visitbeijing.com.cn/vbj-s/2016/1226/20161226021748645.jpg
东润鑫艺园,https://s.visitbeijing.com.cn/attraction/120066,,西集镇安辛庄村,休闲娱乐 | 采摘,https://r1.visitbeijing.com.cn/vbj-s/2016/1226/20161226021343721.jpg
史东仪村,https://s.visitbeijing.com.cn/attraction/120065,,西集镇史东仪村,休闲娱乐 | 采摘,https://r1.visitbeijing.com.cn/vbj-s/2016/1226/20161226020932974.jpg
北京御富园种植园,https://s.visitbeijing.com.cn/attraction/120064,北京市大高力御富园葡萄采摘园位于通州区张家湾镇大高力村，御富园采摘园有果木园林200多亩,张家湾镇大高力村,休闲娱乐 | 采摘,https://r1.visitbeijing.com.cn/vbj-s/2016/1226/20161226014327193.jpg
萧太后河码头遗址公园,https://s.visitbeijing.com.cn/attraction/119993,萧太后河码头遗址公园，位于京城的东南部，因辽萧太后主持开挖而得名，始于统和六年(988年)。,通州区台湖镇口子村和朱垡村,休闲娱乐,https://r1.visitbeijing.com.cn/vbj-s/2016/1208/20161208023136680.jpg
台湖艺术公园,https://s.visitbeijing.com.cn/attraction/119985,,北京市通州区台湖镇台湖村,休闲娱乐,https://r1.visitbeijing.com.cn/vbj-s/2016/1207/20161207040309552.jpg
运河苑温泉度假村,https://s.visitbeijing.com.cn/attraction/119857,北京通州运河苑温泉度假村坐落于北京通州区宋庄镇白庙村，于2009年9月成为三河汇福粮油集团的下属公司。,北京通州区宋庄镇白庙村潮白河公园,温泉 | 滑雪,https://r1.visitbeijing.com.cn/vbj-s/2016/1109/20161109023521593.jpg
宋庄画家村,https://s.visitbeijing.com.cn/attraction/119677,宋庄画家村在北京市通州区北部，有一块温榆河与潮白河环绕的秀美土地，丰富的文化底蕴，淳朴的民风，造就了中国乃至世界规模最大的艺术大本营——宋庄小堡画家村。,通州区北部,特色游,https://r1.visitbeijing.com.cn/vbj-s/2016/0929/20160929015508858.png
梨园主题公园,https://s.visitbeijing.com.cn/attraction/119651,梨园主题公园坐落于八通轻轨临河里站南侧，公园油戏楼、书鼓场、中心广场、京剧标志物雕塑、云光湖等景区组成。,北京市通州区梨园镇临河里轻轨站南侧,休闲娱乐,https://r1.visitbeijing.com.cn/vbj-s/2016/0922/20160922020127287.png
东1时区公园,https://s.visitbeijing.com.cn/attraction/119616,京城东部地区首个10公顷的大型社区公园东一时区公园将正式免费对市民开放。,八里桥南里,休闲娱乐,https://r1.visitbeijing.com.cn/vbj-s/2016/0912/20160912023915283.jpg
大运河水梦园,https://s.visitbeijing.com.cn/attraction/119612,大运河水梦园始建于2000年，2004年正式对外营业。占地1100亩，其中水域面积达18万平方米,通州区潞城镇东南潮白河边,休闲娱乐,https://r1.visitbeijing.com.cn/vbj-s/2016/0909/20160909042700593.jpg
运河苑温泉水世界,https://s.visitbeijing.com.cn/attraction/118474,在通州宋庄的潮白河畔河有这样一个特色住宿、美味海鲜、温泉水世界和农场动物园一体的度假村，这就是运河苑渡假村.,北京通州区宋庄镇白庙村潮白河公园,温泉 | 滑雪,https://r1.visitbeijing.com.cn/vbj-s/2016/0114/20160114041112525.jpg
玉春园,https://s.visitbeijing.com.cn/attraction/118450,是通州百姓休闲、娱乐的一处好所公园，现园内文体活动内容丰富。,北京市通州区永顺镇乔庄村,休闲娱乐,https://r1.visitbeijing.com.cn/vbj-s/2015/0914/20150914053605584.jpg
漫春园,https://s.visitbeijing.com.cn/attraction/118448,利用乔木、灌木、地被花卉、水生植物等高中低不同层次的园林植物，形成四季不同的季相景观。,通州区运河西大街西端新城果园环岛南侧,休闲娱乐,https://r1.visitbeijing.com.cn/vbj-s/2015/0914/20150914045924652.jpg
萧太后河公园,https://s.visitbeijing.com.cn/attraction/118447,这条河是北京最早的人工运河，因辽萧太后主持开挖而得名，旁边有一座历史悠久的的古城墙。,北京市通州区张家湾镇张家湾村,休闲娱乐,https://r1.visitbeijing.com.cn/vbj-s/2015/0914/20150914043912676.jpg
运河苑温泉度假村,https://s.visitbeijing.com.cn/attraction/118379,深受大众欢迎的SPA养生水疗对多种疾病有不同的疗效，尽情的舒解会指引宾客找到属于自己的安宁。,北京通州区宋庄镇白庙村潮白河公园,温泉 | 滑雪,https://r1.visitbeijing.com.cn/vbj-s/2015/0825/20150825014240127.jpg
第五季龙水凤港生态农场,https://s.visitbeijing.com.cn/attraction/118369,第五季旅游度假、休闲养生、特色采摘、沙滩戏水、垂钓烧烤、野炊露营及百亩热带雨林观光采摘休闲体验。,北京市通州区于家务乡大耕垡村东100米,特色游 | 烧烤,https://r1.visitbeijing.com.cn/vbj-s/2015/0821/20150821053956723.jpg
海豚湾婴幼儿水育馆,https://s.visitbeijing.com.cn/attraction/118350,海豚湾婴幼儿水育馆旨在为0-5岁的宝宝提供科学的水中教育指导，普及婴儿游泳为发展使命,北京市通州区城铁九棵树站京通罗斯福购物中心三层附楼,特色游,https://r1.visitbeijing.com.cn/vbj-s/2015/0818/20150818023228695.jpg
大戚收音机电影机博物馆,https://s.visitbeijing.com.cn/attraction/118331,历时近十年时间，收藏不同类别、不同年代、不同国家生产的收音机和电影机及其相关藏品三千余部,北京市通州区宋庄镇小堡村环岛东500米赛格斯大厦,博物馆 | 特色游,https://r1.visitbeijing.com.cn/vbj-s/2015/0720/20150720052657201.jpg
北京观光南瓜园,https://s.visitbeijing.com.cn/attraction/118323,园区是集南瓜观光、休闲娱乐、科普文化、餐饮宴会于一身的综合生态观赏园。,通州区于家务乡西马房村北,特色游,https://r1.visitbeijing.com.cn/vbj-s/2015/0720/20150720101600339.jpg
莎日娜蒙古风情生态观光园,https://s.visitbeijing.com.cn/attraction/118322,这里有洁白传统的蒙古包群，纯正的蒙古美食，外脆内嫩的烤全羊、烤羊腿，飘香四溢的手把肉，奶茶、炒米及各种蒙古风味的奶食品,北京市通州区潞城镇小甘棠8号,特色游,https://r1.visitbeijing.com.cn/vbj-s/2015/0717/20150717045924716.jpg
融风寨天泉垂钓谷,https://s.visitbeijing.com.cn/attraction/118321,融风寨天泉垂钓谷是一所以绿色农艺为依托，以垂钓为主，集餐饮、会议、住宿、娱乐为一体的绿色休闲度假场所。,通州区于家务回族乡前伏村,特色游 | 采摘 | 垂钓 | 烧烤,https://r1.visitbeijing.com.cn/vbj-s/2015/0717/20150717040535375.jpg
通州博物馆,https://s.visitbeijing.com.cn/attraction/118320,通州博物馆馆址为通州区文物保护单位，该馆是一座保存完好的清代二进四合套院，典型的北京建筑风格，颇具地方特色,通州区西大街9号,博物馆 | 特色游,https://r1.visitbeijing.com.cn/vbj-s/2015/0717/20150717031915528.jpg
北京国际图书城,https://s.visitbeijing.com.cn/attraction/118318,北京国际图书城是全国规模最大、品种最全的出版物会展场所和全国第一大书城。,通州区台湖镇创业园路,休闲娱乐,https://r1.visitbeijing.com.cn/vbj-s/2015/0717/20150717012749670.jpg
CKC国际宠物公园,https://s.visitbeijing.com.cn/attraction/118317,CKC国际宠物公园是目前国内规模宏大、功能齐全的以纯种犬文化为主题的专业宠物公园。,北京市通州区宋庄镇大邓各庄村西南角,休闲娱乐 | 特色游 | 烧烤,https://r1.visitbeijing.com.cn/vbj-s/2015/0717/20150717112728434.jpg
牛仔汽车电影院,https://s.visitbeijing.com.cn/attraction/118296,通州牛仔汽车电影院！走进美国小镇·通州牛仔汽车电影院，漫步在星空下，感受美国小镇风情，感受牛仔文化,北京市通州区家乐福南2000米(通马路京沈高速入口处东转，台湖方向500米),博物馆 | 休闲娱乐 | 特色游,https://r1.visitbeijing.com.cn/vbj-s/2013/1209/20131209032231479.jpg
金福艺农番茄联合国,https://s.visitbeijing.com.cn/attraction/118295,一家集观光采摘、科普教育、科技示范、餐饮住宿、休闲会议、文化艺术与一体的大型都市休闲创意农业旅游景区。,北京市通州区台湖镇胡家垡村东100米,特色游 | 采摘,https://r1.visitbeijing.com.cn/vbj-s/2013/1209/20131209011013949.jpg
北京运河瓷画艺术馆,https://s.visitbeijing.com.cn/attraction/118294,2013年12月北京运河瓷画艺术馆与北京市通州区旅游行业协会联手派发免费参观电子券门票，数量500张。,通州大运河森林公园西门往南500米宋梁路南口,博物馆 | 特色游,https://r1.visitbeijing.com.cn/vbj-s/2013/1206/20131206041205494.jpg
北京葡萄大观园,https://s.visitbeijing.com.cn/attraction/118249,粉红亚都蜜、维多利亚、里扎马特3个品种还被评为“中华名果”,北京市通州区张家湾镇大北关村,特色游 | 采摘,https://r1.visitbeijing.com.cn/vbj-s/2013/0503/20130503013134818.jpg
北京崔永平皮影艺术博物馆,https://s.visitbeijing.com.cn/attraction/118172,由原北京皮影剧团团长崔永平出资主办，2004年对外开放。展馆面积约250平方米，展览分制作工序介绍、皮影艺术展示、皮影历史资料等内容。,北京通州马驹桥金桥花园16楼四单元,博物馆 | 特色游,https://r1.visitbeijing.com.cn/vbj-s/2013/0401/20130401045018178.jpg
通州区博物馆,https://s.visitbeijing.com.cn/attraction/118145,院内油漆彩画，古色古香，其中，通州八景彩绘图，更为绚丽夺目。院中置圆形花坛，青砂岩石围砌，浮雕独龙，内植古丁香一株。,北京市通州区西大街9号,博物馆 | 特色游,https://r1.visitbeijing.com.cn/vbj-s/2013/0326/20130326030555666.jpg
瑞正园农庄,https://s.visitbeijing.com.cn/attraction/118141,娱乐、休闲、美食、摄影、婚礼于一身的高级低碳环保的首选地方,北京市通州区小耕垡村,休闲娱乐 | 特色游 | 采摘 | 烧烤 | 踏青 | 赏花,https://r1.visitbeijing.com.cn/vbj-s/2015/0805/20150805051702434.jpg
花仙子万花园,https://s.visitbeijing.com.cn/attraction/118109,花仙子万花园为华北地区最大的花卉景点，是集家庭园艺花卉种子产品生产及品种展示；家庭园艺教育和休闲拍摄为一体的时尚园艺万花园。,北京市通州区于家务国际种业技术园区,特色游 | 踏青 | 赏花,https://r1.visitbeijing.com.cn/vbj-s/2013/0311/20130311042105595.jpg
西海子公园,https://s.visitbeijing.com.cn/attraction/117933,一条百米仿古建筑的彩色长廊横跨南北两湖之间，湖水碧波荡漾，游人可乘各种动物造型船在湖中游览观景。,通州区西海子西街12号(近老商业街),休闲娱乐 | 特色游 | 踏青 | 赏花,https://r1.visitbeijing.com.cn/vbj-s/2012/1206/20121206050212432.jpg
布拉格农场（暂停营业）,https://s.visitbeijing.com.cn/attraction/117712,布拉格农场赏花，摄影！还可自带装备进行烧烤、露营！向日葵和薰衣草交相辉映，相映成趣！魔幻神奇，犹如置身其妙的魔法世界！,北京市通州区漷县镇曹庄村新觅西路(运河桥南侧),特色游 | 烧烤 | 踏青 | 赏花 | 避暑,https://r1.visitbeijing.com.cn/vbj-s/2012/1208/20121208031119956.jpg
燃灯塔,https://s.visitbeijing.com.cn/attraction/101264,此燃灯塔已有1300多年历史，因供奉燃灯佛而得名。围绕在这个塔上最大的谜团就是供奉的舍利子到底在第几层？,北京通州区大成街一号 （要从三教庙进去 西海子公园无法近距离接触）,特色游,https://r1.visitbeijing.com.cn/vbj-s/2012/1208/20121208024901487.jpg
北京城市学院,https://s.visitbeijing.com.cn/attraction/117920,北京城市学院就是大家以前所熟知的海淀走读大学，俗称“海跑”， 每年输送了大批优秀人才到社会。,北京市海淀区北四环中路269号,特色游 | 踏青,https://r1.visitbeijing.com.cn/vbj-s/2012/1206/20121206043616149.jpg
中国人民大学,https://s.visitbeijing.com.cn/attraction/117921,人民大学校园内景色迷人。春天，近百朱玉兰花昂首怒放；秋天，500余棵银杏树满目金黄。,北京市海淀区中关村大街59号,特色游 | 踏青 | 赏花,https://r1.visitbeijing.com.cn/vbj-s/2012/1206/20121206045117713.jpg
清华大学,https://s.visitbeijing.com.cn/attraction/101938,清华大学是莘莘学子羡慕的学府，中西合璧的校园景观，散发着浓郁的人文气息。,北京市海淀区清华大学,特色游 | 踏青 | 赏花,https://r1.visitbeijing.com.cn/vbj-s/2016/1123/20161123050427543.jpg
北京大学,https://s.visitbeijing.com.cn/attraction/101305,全国的最高学府，其文化内涵自不用多言，同时北大内美丽的风景让又有一种想哭的冲动。,北京市海淀区颐和园路5号(海淀桥东北角),特色游 | 踏青,https://r1.visitbeijing.com.cn/vbj-s/2016/1123/20161123034231335.jpg
北京体育大学,https://s.visitbeijing.com.cn/attraction/118045,唯一拥有体育学一级学科国家重点学科的高等院校和唯一进入“111引智计划”的高等体育院校，在国内外享有盛誉。,北京市海淀区信息路48号,特色游,https://r1.visitbeijing.com.cn/vbj-s/2013/0104/20130104051647978.jpg
中国农业大学,https://s.visitbeijing.com.cn/attraction/119087,中国农业大学历史起自于1905年成立的京师大学堂农科大学,海淀区圆明园西路2号(近百望山),特色游,https://r1.visitbeijing.com.cn/vbj-s/2016/0715/20160715013330514.png
中央民族大学,https://s.visitbeijing.com.cn/attraction/119086,中央民族大学(Minzu University of China)坐落于北京学府林立的海淀区，南邻国家图书馆，北依中关村科技园，校园环境典雅，古朴幽美，人文氛围浓郁，具有鲜明的民族特色。,海淀区中关村南大街27号,特色游,https://r1.visitbeijing.com.cn/vbj-s/2016/0715/20160715012126957.png
北京师范大学,https://s.visitbeijing.com.cn/attraction/119085,北京师范大学(Beijing Normal University)简称“北师大”，由中华人民共和国教育部直属，中央直管副部级建制,北京市海淀区新街口外大街19号,特色游,https://r1.visitbeijing.com.cn/vbj-s/2016/0715/20160715011701720.png
北京体育大学,https://s.visitbeijing.com.cn/attraction/119084,北京体育大学是新中国成立后国务院确定的首批全国重点院校、国家“211工程”重点建设院校,北京市海淀区信息路48号,特色游,https://r1.visitbeijing.com.cn/vbj-s/2016/0715/20160715124940902.png
北京邮电大学,https://s.visitbeijing.com.cn/attraction/119083,北京邮电大学是教育部直属、工业和信息化部共建、首批进行“211工程”建设的全国重点大学、“985工程优势学科创新平台”,北京市海淀区西土城路10号,特色游,https://r1.visitbeijing.com.cn/vbj-s/2016/0715/20160715123004531.png
中国地质大学,https://s.visitbeijing.com.cn/attraction/119082,中国地质大学(China University of Geosciences)，简称地大,北京市海淀区学院路29号,特色游,https://r1.visitbeijing.com.cn/vbj-s/2016/0715/20160715115442583.png
北京航空航天大学,https://s.visitbeijing.com.cn/attraction/119081,北京航空航天大学(BEIHANG UNIVERSITY)，简称“北航”，是一所空天信融合特色的综合性全国重点大学。学校研究领域主要有航空航天、能源动力、信息科学、材料化学、生物医学、机械电子、交通工程、精密仪器、经济管理和社科法学。,北京市海淀区学院路37号,特色游,https://r1.visitbeijing.com.cn/vbj-s/2016/0715/20160715114534100.png
北京交通大学,https://s.visitbeijing.com.cn/attraction/119080,北京交通大学是教育部直属，教育部、中国铁路总公司、北京市人民政府共建的全国重点大学,北京市海淀区上园村3号,特色游,https://r1.visitbeijing.com.cn/vbj-s/2016/0715/20160715110540826.png
北京理工大学,https://s.visitbeijing.com.cn/attraction/119077,北京理工大学(Beijing Institute of Technology)是中华人民共和国工业和信息化部直属的一所以理工科为主干，工、理、管、文协调发展的全国重点大学,海淀区中关村南大街5号,特色游,https://r1.visitbeijing.com.cn/vbj-s/2016/0715/20160715115627755.jpg
北京理工大学体育馆,https://s.visitbeijing.com.cn/attraction/117977,该馆属于改扩建比赛场馆，08奥运会期间为排球比赛用场，残奥会期间为盲人门球用场。,海淀区中关村南大街5号理工大学内,特色游,https://r1.visitbeijing.com.cn/vbj-s/2012/1207/20121207031251839.jpg
中国传媒大学,https://s.visitbeijing.com.cn/attraction/117919,北京城东古运河畔，校园环境优美，这里培养出了大批信息传播领域高层次人才。,北京朝阳区定福庄东街一号,特色游 | 踏青,https://r1.visitbeijing.com.cn/vbj-s/2015/0730/20150730095817329.jpg
中央美术学院,https://s.visitbeijing.com.cn/attraction/118058,中央美术学院坐落在北京城幽静的东北角，是教育部直属的惟一一所高等美术学院。,北京朝阳区花家地南街8号,特色游,https://r1.visitbeijing.com.cn/vbj-s/2013/0106/20130106120424336.jpg
首都机场,https://s.visitbeijing.com.cn/attraction/120811,北京首都国际机场位于中国北京市顺义区。,北京市顺义区机场西路,休闲娱乐,https://r1.visitbeijing.com.cn/vbj-s/2017/0816/20170816051621285.jpg
北京站,https://s.visitbeijing.com.cn/attraction/101351,毛主席亲自提词，荣膺北京十大建筑之一，曾经全国最大最先进的火车站，现在依旧繁忙的服务于广大旅客。,北京市东城区毛家湾胡同甲13号,休闲娱乐,https://r1.visitbeijing.com.cn/vbj-s/2015/0811/20150811051949486.jpg
北京南站,https://s.visitbeijing.com.cn/attraction/119895,北京南站，隶属北京铁路局管辖，现为直属特等站，是一座高度现代化的中国铁路客运车站。就客运量而言，是北京继北京西站、北京站的第三大火车站。,北京市丰台区永外大街车站路12号,特色游,https://r1.visitbeijing.com.cn/vbj-s/2016/1123/20161123034350701.jpg
北京西站,https://s.visitbeijing.com.cn/attraction/101352,亚洲最大车站之一，中国客流量最大的客车站，来北京的人大多来过此处。,北京市丰台区莲花池东路118号,休闲娱乐 | 特色游,https://r1.visitbeijing.com.cn/vbj-s/2012/1207/20121207122425992.jpg
